Nome,Empresa,Numero,Email
"Sócio-Diretor Titular","Castelo Alimentos S/A","","sócio-diretor.titular@casteloalimentossa.com.br"
"Sócio-Diretor Titular","ISPL (Crivialli Brasil)","","sócio-diretor.titular@isplcriviallibrasil.com.br"
"Sócio-Diretor Titular","Bebidas Poty S.A.","","sócio-diretor.titular@bebidaspotysa.com.br"
"Sócio-Diretor Titular","Predilecta Alimentos Ltda.","","sócio-diretor.titular@predilectaalimentosltda.com.br"
"Sócio-Diretor Titular","Alimentos Zaeli Ltda.","","sócio-diretor.titular@alimentoszaeliltda.com.br"
"Sócio-Diretor Titular","Vilma Alimentos (Domingos Costa)","","sócio-diretor.titular@vilmaalimentosdomingoscosta.com.br"
"Sócio-Diretor Titular","Laticínios Porto Alegre S/A","","sócio-diretor.titular@laticniosportoalegresa.com.br"
"Sócio-Diretor Titular","Belagrícola Comércio S.A.","","sócio-diretor.titular@belagrcolacomrciosa.com.br"
"Sócio-Diretor Titular","Alimentos Dallas (Grupo Dallas)","","sócio-diretor.titular@alimentosdallasgrupodallas.com.br"
"Sócio-Diretor Titular","Special Dog (Manfrim Industrial)","","sócio-diretor.titular@specialdogmanfrimindustrial.com.br"
"Sócio-Diretor Titular","Plasútil Indústria de Plásticos","","sócio-diretor.titular@plastilindstriadeplsticos.com.br"
"Sócio-Diretor Titular","Cromex S/A","","sócio-diretor.titular@cromexsa.com.br"
"Sócio-Diretor Titular","Fertipar Fertilizantes do Paraná","","sócio-diretor.titular@fertiparfertilizantesdoparan.com.br"
"Sócio-Diretor Titular","Forno de Minas Alimentos S/A","","sócio-diretor.titular@fornodeminasalimentossa.com.br"
"Sócio-Diretor Titular","Fugini Alimentos Ltda.","","sócio-diretor.titular@fuginialimentosltda.com.br"
"Sócio-Diretor Titular","Sakura Nakaya Alimentos","","sócio-diretor.titular@sakuranakayaalimentos.com.br"
"Sócio-Diretor Titular","Alvoar Lácteos (Embaré)","","sócio-diretor.titular@alvoarlcteosembar.com.br"
"Sócio-Diretor Titular","Máquinas Agrícolas Jacto","","sócio-diretor.titular@mquinasagrcolasjacto.com.br"
"Sócio-Diretor Titular","Industrial Marvi Ltda.","","sócio-diretor.titular@industrialmarviltda.com.br"
"Sócio-Diretor Titular","Minasmáquinas S/A","","sócio-diretor.titular@minasmquinassa.com.br"
"Sócio-Diretor Titular","Pastifício Selmi (Renata / Galo)","","sócio-diretor.titular@pastifcioselmirenatagalo.com.br"
"Sócio-Diretor Titular","Frigorífico Astra (Astra Foods)","","sócio-diretor.titular@frigorficoastraastrafoods.com.br"
"Sócio-Diretor Titular","Laticínios Scala (Scalon & Cerchi)","","sócio-diretor.titular@laticniosscalascaloncerchi.com.br"
"Sócio-Diretor Titular","Cardioprime Diagnósticos Médicos S/S","","sócio-diretor.titular@cardioprimediagnsticosmdicosss.com.br"
"Sócio-Diretor Titular","Instituto de Ortopedia e Coluna (SP)","","sócio-diretor.titular@institutodeortopediaecolunasp.com.br"
"Sócio-Diretor Titular","Biscoitos & Doces Nobres Jaú","","sócio-diretor.titular@biscoitosdocesnobresja.com.br"
"Sócio-Diretor Titular","Eletromecânica Força Industrial Londrina","","sócio-diretor.titular@eletromecnicaforaindustriallondrina.com.br"
"Sócio-Diretor Titular","AgroGrãos Comercial e Armazenagem Campo Grande","","sócio-diretor.titular@agrogroscomercialearmazenagemcampogrande.com.br"
"Sócio-Diretor Titular","Agroexport Trading de Grãos e Café Varginha","","sócio-diretor.titular@agroexporttradingdegrosecafvarginha.com.br"
"Sócio-Diretor Titular","MegaLog Armazenagem e Distribuição Bauru","","sócio-diretor.titular@megalogarmazenagemedistribuiobauru.com.br"
"Sócio-Diretor Titular","Clínica de Especialidades Cardiovasculares Campinas","","sócio-diretor.titular@clnicadeespecialidadescardiovascularescampinas.com.br"
"Sócio-Diretor Titular","Indústria de Condimentos e Molhos Saborear Limeira","","sócio-diretor.titular@indstriadecondimentosemolhossaborearlimeira.com.br"
"Sócio-Diretor Titular","Fundição & Usinagem Paulista Sertãozinho","","sócio-diretor.titular@fundiousinagempaulistasertozinho.com.br"
"Sócio-Diretor Titular","Sementes Ouro Verde Londrina","","sócio-diretor.titular@sementesouroverdelondrina.com.br"
"Sócio-Diretor Titular","Brasil Nobre Carnes e Exportação Campo Grande","","sócio-diretor.titular@brasilnobrecarneseexportaocampogrande.com.br"
"Sócio-Diretor Titular","Atacado Central de Suprimentos Campinas","","sócio-diretor.titular@atacadocentraldesuprimentoscampinas.com.br"
"Sócio-Diretor Titular","FemmePrime Medicina Fetal e Ginecológica Sorocaba","","sócio-diretor.titular@femmeprimemedicinafetaleginecolgicasorocaba.com.br"
"Sócio-Diretor Titular","Moinho Central de Cereais e Farinhas Maringá","","sócio-diretor.titular@moinhocentraldecereaisefarinhasmaring.com.br"
"Sócio-Diretor Titular","Estruturas Metálicas Vanguarda Contagem","","sócio-diretor.titular@estruturasmetlicasvanguardacontagem.com.br"
"Sócio-Diretor Titular","Cerealista São Bento Grãos Maringá","","sócio-diretor.titular@cerealistasobentogrosmaring.com.br"
"Sócio-Diretor Titular","CerealExport Operações Internacionais Itajaí","","sócio-diretor.titular@cerealexportoperaesinternacionaisitaja.com.br"
"Sócio-Diretor Titular","Transpesados Concessionária e Frotas Bauru","","sócio-diretor.titular@transpesadosconcessionriaefrotasbauru.com.br"
"Sócio-Diretor Titular","NeuroCenter Diagnósticos Neurológicos São José dos Campos","","sócio-diretor.titular@neurocenterdiagnsticosneurolgicossojosdoscampos.com.br"
"Sócio-Diretor Titular","Laticínios Ouro Branco Contagem","","sócio-diretor.titular@laticniosourobrancocontagem.com.br"
"Sócio-Diretor Titular","Caldeiraria & Equipamentos Vale Bauru","","sócio-diretor.titular@caldeirariaequipamentosvalebauru.com.br"
"Sócio-Diretor Titular","Campo Forte Distribuidora de Insumos Barretos","","sócio-diretor.titular@campofortedistribuidoradeinsumosbarretos.com.br"
"Sócio-Diretor Titular","GlobalTrade Exportação de Alimentos Santos","","sócio-diretor.titular@globaltradeexportaodealimentossantos.com.br"
"Sócio-Diretor Titular","Comercial e Logística Express Campinas","","sócio-diretor.titular@comercialelogsticaexpresscampinas.com.br"
"Sócio-Diretor Titular","ClinGastro Cirurgia e Endoscopia Uberlândia","","sócio-diretor.titular@clingastrocirurgiaeendoscopiauberlndia.com.br"
"Sócio-Diretor Titular","Massas Tradicionais da Serra Matão","","sócio-diretor.titular@massastradicionaisdaserramato.com.br"
"Sócio-Diretor Titular","Metalúrgica União e Componentes Piracicaba","","sócio-diretor.titular@metalrgicaunioecomponentespiracicaba.com.br"
"Sócio-Diretor Titular","Fertilmax Adubos e Nutrição Vegetal Dourados","","sócio-diretor.titular@fertilmaxadubosenutriovegetaldourados.com.br"
"Sócio-Diretor Titular","Sul Export Madeiras e Derivados Paranaguá","","sócio-diretor.titular@sulexportmadeirasederivadosparanagu.com.br"
"Sócio-Diretor Titular","Distribuidora de Alimentos & Bebidas Planalto Bauru","","sócio-diretor.titular@distribuidoradealimentosbebidasplanaltobauru.com.br"
"Sócio-Diretor Titular","Instituto de Urologia e Litotripsia (PR)","","sócio-diretor.titular@institutodeurologiaelitotripsiapr.com.br"
"Sócio-Diretor Titular","Conservas & Alimentos do Interior Marília","","sócio-diretor.titular@conservasalimentosdointeriormarlia.com.br"
"Sócio-Diretor Titular","Implementos Agrícolas Progresso Cascavel","","sócio-diretor.titular@implementosagrcolasprogressocascavel.com.br"
"Sócio-Diretor Titular","Agropecuária & Barter Sul Rondonópolis","","sócio-diretor.titular@agropecuriabartersulrondonpolis.com.br"
"Sócio-Diretor Titular","Interquímica Exportação e Insumos São Paulo","","sócio-diretor.titular@interqumicaexportaoeinsumossopaulo.com.br"
"Sócio-Diretor Titular","MegaLog Armazenagem e Distribuição Campinas","","sócio-diretor.titular@megalogarmazenagemedistribuiocampinas.com.br"
"Sócio-Diretor Titular","Clínica Integrada de Oncologia e Infusão Santos","","sócio-diretor.titular@clnicaintegradadeoncologiaeinfusosantos.com.br"
"Sócio-Diretor Titular","Doces & Geleias Vale Verde Bauru","","sócio-diretor.titular@docesgeleiasvaleverdebauru.com.br"
"Sócio-Diretor Titular","Máquinas Industriais Líder Ribeirão Preto","","sócio-diretor.titular@mquinasindustriaislderribeiropreto.com.br"
"Sócio-Diretor Titular","Bioinsumos & Fertilizantes do Campo Rio Verde","","sócio-diretor.titular@bioinsumosfertilizantesdocamporioverde.com.br"
"Sócio-Diretor Titular","Porto Trade Logística de Comércio Exterior Patrocínio","","sócio-diretor.titular@portotradelogsticadecomrcioexteriorpatrocnio.com.br"
"Sócio-Diretor Titular","Atacado Central de Suprimentos Bauru","","sócio-diretor.titular@atacadocentraldesuprimentosbauru.com.br"
"Sócio-Diretor Titular","Centro Oftalmológico Integrado Ribeirão Preto","","sócio-diretor.titular@centrooftalmolgicointegradoribeiropreto.com.br"
"Sócio-Diretor Titular","Alimentos Selecionados Paulista Araraquara","","sócio-diretor.titular@alimentosselecionadospaulistaararaquara.com.br"
"Sócio-Diretor Titular","Eletromecânica Força Industrial Londrina","","sócio-diretor.titular@eletromecnicaforaindustriallondrina.com.br"
"Sócio-Diretor Titular","AgroGrãos Comercial e Armazenagem Uberaba","","sócio-diretor.titular@agrogroscomercialearmazenagemuberaba.com.br"
"Sócio-Diretor Titular","Agroexport Trading de Grãos e Café Varginha","","sócio-diretor.titular@agroexporttradingdegrosecafvarginha.com.br"
"Sócio-Diretor Titular","Transpesados Concessionária e Frotas Campinas","","sócio-diretor.titular@transpesadosconcessionriaefrotascampinas.com.br"
"Sócio-Diretor Titular","MedPrime Diagnósticos e Cirurgias Curitiba","","sócio-diretor.titular@medprimediagnsticosecirurgiascuritiba.com.br"
"Sócio-Diretor Titular","Bebidas & Refrigerantes Tropical Ponta Grossa","","sócio-diretor.titular@bebidasrefrigerantestropicalpontagrossa.com.br"
"Sócio-Diretor Titular","Fundição & Usinagem Paulista Sertãozinho","","sócio-diretor.titular@fundiousinagempaulistasertozinho.com.br"
"Sócio-Diretor Titular","Sementes Ouro Verde Campo Grande","","sócio-diretor.titular@sementesouroverdecampogrande.com.br"
"Sócio-Diretor Titular","Brasil Nobre Carnes e Exportação Campo Grande","","sócio-diretor.titular@brasilnobrecarneseexportaocampogrande.com.br"
"Sócio-Diretor Titular","Comercial e Logística Express Bauru","","sócio-diretor.titular@comercialelogsticaexpressbauru.com.br"
"Sócio-Diretor Titular","Centro de Medicina Diagnóstica Avançada Belo Horizonte","","sócio-diretor.titular@centrodemedicinadiagnsticaavanadabelohorizonte.com.br"
"Sócio-Diretor Titular","Frigorífico e Embutidos Real Pouso Alegre","","sócio-diretor.titular@frigorficoeembutidosrealpousoalegre.com.br"
"Sócio-Diretor Titular","Estruturas Metálicas Vanguarda Contagem","","sócio-diretor.titular@estruturasmetlicasvanguardacontagem.com.br"
"Sócio-Diretor Titular","Cerealista São Bento Grãos Londrina","","sócio-diretor.titular@cerealistasobentogroslondrina.com.br"
"Sócio-Diretor Titular","CerealExport Operações Internacionais Itajaí","","sócio-diretor.titular@cerealexportoperaesinternacionaisitaja.com.br"
"Sócio-Diretor Titular","Distribuidora de Alimentos & Bebidas Planalto Campinas","","sócio-diretor.titular@distribuidoradealimentosbebidasplanaltocampinas.com.br"
"Sócio-Diretor Titular","Instituto de Ortopedia e Coluna (SP)","","sócio-diretor.titular@institutodeortopediaecolunasp.com.br"
"Sócio-Diretor Titular","Biscoitos & Doces Nobres Jaú","","sócio-diretor.titular@biscoitosdocesnobresja.com.br"
"Sócio-Diretor Titular","Caldeiraria & Equipamentos Vale Bauru","","sócio-diretor.titular@caldeirariaequipamentosvalebauru.com.br"
"Sócio-Diretor Titular","Campo Forte Distribuidora de Insumos Maringá","","sócio-diretor.titular@campofortedistribuidoradeinsumosmaring.com.br"
"Sócio-Diretor Titular","GlobalTrade Exportação de Alimentos Santos","","sócio-diretor.titular@globaltradeexportaodealimentossantos.com.br"
"Sócio-Diretor Titular","MegaLog Armazenagem e Distribuição Bauru","","sócio-diretor.titular@megalogarmazenagemedistribuiobauru.com.br"
"Sócio-Diretor Titular","Clínica de Especialidades Cardiovasculares Campinas","","sócio-diretor.titular@clnicadeespecialidadescardiovascularescampinas.com.br"
"Sócio-Diretor Titular","Instituto de Cirurgia e Videolaparoscopia Paulista","","sócio-diretor.titular@institutodecirurgiaevideolaparoscopiapaulista.com.br"
"Sócio-Diretor Titular","Centro Oftalmológico de Alta Precisão","","sócio-diretor.titular@centrooftalmolgicodealtapreciso.com.br"
"Sócio-Diretor Titular","Orthoprime Instituto de Coluna e Articulações","","sócio-diretor.titular@orthoprimeinstitutodecolunaearticulaes.com.br"
"Sócio-Diretor Titular","Centro Oncológico e Hematologia Integrada","","sócio-diretor.titular@centrooncolgicoehematologiaintegrada.com.br"
"Sócio-Diretor Titular","Dermalaser Clínica Médica e Cirúrgica","","sócio-diretor.titular@dermalaserclnicamdicaecirrgica.com.br"
"Sócio-Diretor Titular","Instituto Urológico do Interior Paulista","","sócio-diretor.titular@institutourolgicodointeriorpaulista.com.br"
"Sócio-Diretor Titular","Neuroclin Centro Diagnóstico Neurológico","","sócio-diretor.titular@neuroclincentrodiagnsticoneurolgico.com.br"
"Sócio-Diretor Titular","Maternaprime Centro de Medicina Reprodutiva","","sócio-diretor.titular@maternaprimecentrodemedicinareprodutiva.com.br"
"Sócio-Diretor Titular","Agrometal Implementos Industriais e Agrícolas","","sócio-diretor.titular@agrometalimplementosindustriaiseagrcolas.com.br"
"Sócio-Diretor Titular","Caldeiraria Vanguarda Equipamentos Industriais","","sócio-diretor.titular@caldeirariavanguardaequipamentosindustriais.com.br"
"Sócio-Diretor Titular","Usinagem de Precisão Componentes Mecânicos e Estamparia","","sócio-diretor.titular@usinagemdeprecisocomponentesmecnicoseestamparia.com.br"
"Sócio-Diretor Titular","Fundição & Metalurgia Paulista","","sócio-diretor.titular@fundiometalurgiapaulista.com.br"
"Sócio-Diretor Titular","Aço Forte Engenharia e Estruturas Metálicas","","sócio-diretor.titular@aoforteengenhariaeestruturasmetlicas.com.br"
"Sócio-Diretor Titular","Hidropneumática Força Industrial","","sócio-diretor.titular@hidropneumticaforaindustrial.com.br"
"Sócio-Diretor Titular","Laticínios Vale Nobre & Derivados","","sócio-diretor.titular@laticniosvalenobrederivados.com.br"
"Sócio-Diretor Titular","Moinho Paulista de Cereais e Farinhas","","sócio-diretor.titular@moinhopaulistadecereaisefarinhas.com.br"
"Sócio-Diretor Titular","Massas Tradicionais da Serra","","sócio-diretor.titular@massastradicionaisdaserra.com.br"
"Sócio-Diretor Titular","Conservas & Alimentos do Interior","","sócio-diretor.titular@conservasalimentosdointerior.com.br"
"Sócio-Diretor Titular","Frigorífico & Charcutaria Vale Verde","","sócio-diretor.titular@frigorficocharcutariavaleverde.com.br"
"Sócio-Diretor Titular","Sucos & Bebidas Naturais da Terra","","sócio-diretor.titular@sucosbebidasnaturaisdaterra.com.br"
"Sócio-Diretor Titular","AgroGrãos Comercial e Armazenagem","","sócio-diretor.titular@agrogroscomercialearmazenagem.com.br"
"Sócio-Diretor Titular","Fertilmax Nutrição Vegetal e Fertilizantes","","sócio-diretor.titular@fertilmaxnutriovegetalefertilizantes.com.br"
"Sócio-Diretor Titular","Sementes Ouro Verde do Cerrado","","sócio-diretor.titular@sementesouroverdedocerrado.com.br"
"Sócio-Diretor Titular","Bioinsumos & Nutrição do Campo","","sócio-diretor.titular@bioinsumosnutriodocampo.com.br"
"Sócio-Diretor Titular","Cerealista São Bento Armazéns Gerais","","sócio-diretor.titular@cerealistasobentoarmaznsgerais.com.br"
"Sócio-Diretor Titular","Campo Forte Agropecuária e Distribuição","","sócio-diretor.titular@campoforteagropecuriaedistribuio.com.br"
"Sócio-Diretor Titular","Agroexport Trading de Café e Grãos","","sócio-diretor.titular@agroexporttradingdecafegros.com.br"
"Sócio-Diretor Titular","Porto Trade Logística de Comércio Exterior","","sócio-diretor.titular@portotradelogsticadecomrcioexterior.com.br"
"Sócio-Diretor Titular","Sul Export Madeiras e Derivados para Exportação","","sócio-diretor.titular@sulexportmadeirasederivadosparaexportao.com.br"
"Sócio-Diretor Titular","Brasil Nobre Carnes e Exportação Internacional","","sócio-diretor.titular@brasilnobrecarneseexportaointernacional.com.br"
"Sócio-Diretor Titular","Interquímica Operações Internacionais e Insumos","","sócio-diretor.titular@interqumicaoperaesinternacionaiseinsumos.com.br"
"Sócio-Diretor Titular","Distribuidora de Alimentos & Bebidas Planalto","","sócio-diretor.titular@distribuidoradealimentosbebidasplanalto.com.br"
"Sócio-Diretor Titular","Transpesados Concessionária e Frotas Comerciais","","sócio-diretor.titular@transpesadosconcessionriaefrotascomerciais.com.br"
"Sócio-Diretor Titular","Clínica Paulista de Cirurgia Bariátrica e Metabólica S/S","","sócio-diretor.titular@clnicapaulistadecirurgiabaritricaemetablicass.com.br"
"Sócio-Diretor Titular","Instituto Paranaense de Retina e Vítreo S/S","","sócio-diretor.titular@institutoparanaensederetinaevtreoss.com.br"
"Sócio-Diretor Titular","Sociedade de Advogados Associados Limeira","","sócio-diretor.titular@sociedadedeadvogadosassociadoslimeira.com.br"
"Sócio-Diretor Titular","Sociedade de Advogados Associados Passos","","sócio-diretor.titular@sociedadedeadvogadosassociadospassos.com.br"
"Sócio-Diretor Titular","Sociedade de Advogados Associados São José dos Pinhais","","sócio-diretor.titular@sociedadedeadvogadosassociadossojosdospinhais.com.br"
"Sócio-Diretor Titular","Sociedade de Advogados Associados Criciúma","","sócio-diretor.titular@sociedadedeadvogadosassociadoscricima.com.br"
"Sócio-Diretor Titular","Sociedade de Advogados Associados Três Lagoas","","sócio-diretor.titular@sociedadedeadvogadosassociadostrslagoas.com.br"
"Sócio-Diretor Titular","Sociedade de Advogados Associados Goiânia","","sócio-diretor.titular@sociedadedeadvogadosassociadosgoinia.com.br"
"Sócio-Diretor Titular","Sociedade de Advogados Associados Piracicaba","","sócio-diretor.titular@sociedadedeadvogadosassociadospiracicaba.com.br"
"Sócio-Diretor Titular","Sociedade de Advogados Associados Pouso Alegre","","sócio-diretor.titular@sociedadedeadvogadosassociadospousoalegre.com.br"
"Sócio-Diretor Titular","Sociedade de Advogados Associados Ponta Grossa","","sócio-diretor.titular@sociedadedeadvogadosassociadospontagrossa.com.br"
"Sócio-Diretor Titular","Sociedade de Advogados Associados Itajaí","","sócio-diretor.titular@sociedadedeadvogadosassociadositaja.com.br"
"Sócio-Diretor Titular","Sociedade de Advogados Associados Campo Grande","","sócio-diretor.titular@sociedadedeadvogadosassociadoscampogrande.com.br"
"Sócio-Diretor Titular","Sociedade de Advogados Associados Rio Verde","","sócio-diretor.titular@sociedadedeadvogadosassociadosrioverde.com.br"
"Sócio-Diretor Titular","Sociedade de Advogados Associados Ribeirão Preto","","sócio-diretor.titular@sociedadedeadvogadosassociadosribeiropreto.com.br"
"Sócio-Diretor Titular","Sociedade de Advogados Associados Uberlândia","","sócio-diretor.titular@sociedadedeadvogadosassociadosuberlndia.com.br"
"Sócio-Diretor Titular","Sociedade de Advogados Associados Maringá","","sócio-diretor.titular@sociedadedeadvogadosassociadosmaring.com.br"
"Sócio-Diretor Titular","Sociedade de Advogados Associados Chapecó","","sócio-diretor.titular@sociedadedeadvogadosassociadoschapec.com.br"
"Sócio-Diretor Titular","Sociedade de Advogados Associados Três Lagoas","","sócio-diretor.titular@sociedadedeadvogadosassociadostrslagoas.com.br"
"Sócio-Diretor Titular","Sociedade de Advogados Associados Anápolis","","sócio-diretor.titular@sociedadedeadvogadosassociadosanpolis.com.br"
"Sócio-Diretor Titular","Sociedade de Advogados Associados Limeira","","sócio-diretor.titular@sociedadedeadvogadosassociadoslimeira.com.br"
"Sócio-Diretor Titular","Sociedade de Advogados Associados Contagem","","sócio-diretor.titular@sociedadedeadvogadosassociadoscontagem.com.br"
"Sócio-Diretor Titular","Frigorífico e Cortes Especiais Boi Nobre Limeira","","sócio-diretor.titular@frigorficoecortesespeciaisboinobrelimeira.com.br"
"Sócio-Diretor Titular","Conservas e Vegetais Selecionados Passos","","sócio-diretor.titular@conservasevegetaisselecionadospassos.com.br"
"Sócio-Diretor Titular","Laticínios Ouro Branco São José dos Pinhais","","sócio-diretor.titular@laticniosourobrancosojosdospinhais.com.br"
"Sócio-Diretor Titular","Moinho de Trigo e Farinhas Nobres Criciúma","","sócio-diretor.titular@moinhodetrigoefarinhasnobrescricima.com.br"
"Sócio-Diretor Titular","Frigorífico e Cortes Especiais Boi Nobre Três Lagoas","","sócio-diretor.titular@frigorficoecortesespeciaisboinobretrslagoas.com.br"
"Sócio-Diretor Titular","Conservas e Vegetais Selecionados Goiânia","","sócio-diretor.titular@conservasevegetaisselecionadosgoinia.com.br"
"Sócio-Diretor Titular","Laticínios Ouro Branco Piracicaba","","sócio-diretor.titular@laticniosourobrancopiracicaba.com.br"
"Sócio-Diretor Titular","Moinho de Trigo e Farinhas Nobres Pouso Alegre","","sócio-diretor.titular@moinhodetrigoefarinhasnobrespousoalegre.com.br"
"Sócio-Diretor Titular","Frigorífico e Cortes Especiais Boi Nobre Ponta Grossa","","sócio-diretor.titular@frigorficoecortesespeciaisboinobrepontagrossa.com.br"
"Sócio-Diretor Titular","Conservas e Vegetais Selecionados Itajaí","","sócio-diretor.titular@conservasevegetaisselecionadositaja.com.br"
"Sócio-Diretor Titular","Agrogrãos Silos e Armazenagem Campo Grande","","sócio-diretor.titular@agrogrossilosearmazenagemcampogrande.com.br"
"Sócio-Diretor Titular","Fertilizantes e Nutrição Foliar do Campo Rio Verde","","sócio-diretor.titular@fertilizantesenutriofoliardocamporioverde.com.br"
"Sócio-Diretor Titular","Sementes Certificadas Soja e Milho Ribeirão Preto","","sócio-diretor.titular@sementescertificadassojaemilhoribeiropreto.com.br"
"Sócio-Diretor Titular","Bioinsumos e Controle Biológico Agrícola Uberlândia","","sócio-diretor.titular@bioinsumosecontrolebiolgicoagrcolauberlndia.com.br"
"Sócio-Diretor Titular","Agrogrãos Silos e Armazenagem Maringá","","sócio-diretor.titular@agrogrossilosearmazenagemmaring.com.br"
"Sócio-Diretor Titular","Fertilizantes e Nutrição Foliar do Campo Chapecó","","sócio-diretor.titular@fertilizantesenutriofoliardocampochapec.com.br"
"Sócio-Diretor Titular","Sementes Certificadas Soja e Milho Três Lagoas","","sócio-diretor.titular@sementescertificadassojaemilhotrslagoas.com.br"
"Sócio-Diretor Titular","Bioinsumos e Controle Biológico Agrícola Anápolis","","sócio-diretor.titular@bioinsumosecontrolebiolgicoagrcolaanpolis.com.br"
"Sócio-Diretor Titular","Agrogrãos Silos e Armazenagem Limeira","","sócio-diretor.titular@agrogrossilosearmazenagemlimeira.com.br"
"Sócio-Diretor Titular","Fertilizantes e Nutrição Foliar do Campo Contagem","","sócio-diretor.titular@fertilizantesenutriofoliardocampocontagem.com.br"
"Sócio-Diretor Titular","Exportação de Commodities e Grãos Londrina","","sócio-diretor.titular@exportaodecommoditiesegroslondrina.com.br"
"Sócio-Diretor Titular","Importação de Matérias-Primas Químicas Blumenau","","sócio-diretor.titular@importaodematriasprimasqumicasblumenau.com.br"
"Sócio-Diretor Titular","Comércio Exterior e Despacho Aduaneiro Campo Grande","","sócio-diretor.titular@comrcioexterioredespachoaduaneirocampogrande.com.br"
"Sócio-Diretor Titular","Trading de Importação e Distribuição Jataí","","sócio-diretor.titular@tradingdeimportaoedistribuiojata.com.br"
"Sócio-Diretor Titular","Exportação de Commodities e Grãos Piracicaba","","sócio-diretor.titular@exportaodecommoditiesegrospiracicaba.com.br"
"Sócio-Diretor Titular","Importação de Matérias-Primas Químicas Passos","","sócio-diretor.titular@importaodematriasprimasqumicaspassos.com.br"
"Sócio-Diretor Titular","Comércio Exterior e Despacho Aduaneiro Curitiba","","sócio-diretor.titular@comrcioexterioredespachoaduaneirocuritiba.com.br"
"Sócio-Diretor Titular","Trading de Importação e Distribuição Florianópolis","","sócio-diretor.titular@tradingdeimportaoedistribuioflorianpolis.com.br"
"Sócio-Diretor Titular","Instituto de Oncologia Integrada e Imunoterapia São Paulo","","sócio-diretor.titular@institutodeoncologiaintegradaeimunoterapiasopaulo.com.br"
"Sócio-Diretor Titular","Instituto de Cirurgia da Coluna Vertebral e Neurocirurgia Uberlândia","","sócio-diretor.titular@institutodecirurgiadacolunavertebraleneurocirurgiauberlndia.com.br"
"Sócio-Diretor Titular","Instituto de Cirurgia Plástica e Reconstrução Estética Maringá","","sócio-diretor.titular@institutodecirurgiaplsticaereconstruoestticamaring.com.br"
"Sócio-Diretor Titular","Instituto de Medicina Fetal e Genética Pré-Natal Chapecó","","sócio-diretor.titular@institutodemedicinafetalegenticaprnatalchapec.com.br"
"Sócio-Diretor Titular","Instituto de Oftalmologia a Laser e Retina Cirúrgica Campo Grande","","sócio-diretor.titular@institutodeoftalmologiaalasereretinacirrgicacampogrande.com.br"
"Sócio-Diretor Titular","Instituto de Urologia Robótica e Litotripsia a Laser Goiânia","","sócio-diretor.titular@institutodeurologiarobticaelitotripsiaalasergoinia.com.br"
"Sócio-Diretor Titular","Instituto de Otorrinolaringologia e Cirurgia de Ouvido Jundiaí","","sócio-diretor.titular@institutodeotorrinolaringologiaecirurgiadeouvidojundia.com.br"
"Sócio-Diretor Titular","Instituto de Cirurgia Bariátrica e Metabólica Avançada Passos","","sócio-diretor.titular@institutodecirurgiabaritricaemetablicaavanadapassos.com.br"
"Sócio-Diretor Titular","Instituto de Dermatologia Cirúrgica e Laser Fotona Londrina","","sócio-diretor.titular@institutodedermatologiacirrgicaelaserfotonalondrina.com.br"
"Sócio-Diretor Titular","Instituto de Angiologia e Cirurgia Endovascular Blumenau","","sócio-diretor.titular@institutodeangiologiaecirurgiaendovascularblumenau.com.br"
"Sócio-Diretor Titular","Instituto de Ortopedia e Cirurgia do Joelho e Artroscopia Três Lagoas","","sócio-diretor.titular@institutodeortopediaecirurgiadojoelhoeartroscopiatrslagoas.com.br"
"Sócio-Diretor Titular","Instituto de Reprodução Humana e Fertilização Assistida Rio Verde","","sócio-diretor.titular@institutodereproduohumanaefertilizaoassistidarioverde.com.br"
"Sócio-Diretor Titular","Indústria Plásticos Ribeirão Preto","","sócio-diretor.titular@indstriaplsticosribeiropreto.com.br"
"Sócio-Diretor Titular","Indústria Eletromotores Betim","","sócio-diretor.titular@indstriaeletromotoresbetim.com.br"
"Sócio-Diretor Titular","Indústria Fundição Maringá","","sócio-diretor.titular@indstriafundiomaring.com.br"
"Sócio-Diretor Titular","Indústria Metalúrgica Chapecó","","sócio-diretor.titular@indstriametalrgicachapec.com.br"
"Sócio-Diretor Titular","Indústria Caldeiraria Três Lagoas","","sócio-diretor.titular@indstriacaldeirariatrslagoas.com.br"
"Sócio-Diretor Titular","Indústria Plásticos Anápolis","","sócio-diretor.titular@indstriaplsticosanpolis.com.br"
"Sócio-Diretor Titular","Indústria Eletromotores São Paulo","","sócio-diretor.titular@indstriaeletromotoressopaulo.com.br"
"Sócio-Diretor Titular","Indústria Fundição Uberlândia","","sócio-diretor.titular@indstriafundiouberlndia.com.br"
"Sócio-Diretor Titular","Indústria Metalúrgica Londrina","","sócio-diretor.titular@indstriametalrgicalondrina.com.br"
"Sócio-Diretor Titular","Indústria Caldeiraria Blumenau","","sócio-diretor.titular@indstriacaldeirariablumenau.com.br"
"Sócio-Diretor Titular","Indústria Plásticos Campo Grande","","sócio-diretor.titular@indstriaplsticoscampogrande.com.br"
"Sócio-Diretor Titular","Indústria Eletromotores Jataí","","sócio-diretor.titular@indstriaeletromotoresjata.com.br"
"Sócio-Diretor Titular","Indústria Fundição Jundiaí","","sócio-diretor.titular@indstriafundiojundia.com.br"
"Sócio-Diretor Titular","Indústria Metalúrgica Passos","","sócio-diretor.titular@indstriametalrgicapassos.com.br"
"Sócio-Diretor Titular","Indústria Caldeiraria Curitiba","","sócio-diretor.titular@indstriacaldeirariacuritiba.com.br"
"Sócio-Diretor Titular","Indústria Plásticos Joinville","","sócio-diretor.titular@indstriaplsticosjoinville.com.br"
"Sócio-Diretor Titular","Indústria Eletromotores Três Lagoas","","sócio-diretor.titular@indstriaeletromotorestrslagoas.com.br"
"Sócio-Diretor Titular","Indústria Fundição Itumbiara","","sócio-diretor.titular@indstriafundioitumbiara.com.br"
"Sócio-Diretor Titular","Indústria Metalúrgica São José dos Campos","","sócio-diretor.titular@indstriametalrgicasojosdoscampos.com.br"
"Sócio-Diretor Titular","Indústria Caldeiraria Uberaba","","sócio-diretor.titular@indstriacaldeirariauberaba.com.br"
"Sócio-Diretor Titular","Indústria Plásticos Toledo","","sócio-diretor.titular@indstriaplsticostoledo.com.br"
"Sócio-Diretor Titular","Indústria Eletromotores Florianópolis","","sócio-diretor.titular@indstriaeletromotoresflorianpolis.com.br"
"Sócio-Diretor Titular","Indústria Fundição Campo Grande","","sócio-diretor.titular@indstriafundiocampogrande.com.br"
"Sócio-Diretor Titular","Indústria Metalúrgica Goiânia","","sócio-diretor.titular@indstriametalrgicagoinia.com.br"
"Sócio-Diretor Titular","Indústria Caldeiraria Ribeirão Preto","","sócio-diretor.titular@indstriacaldeirariaribeiropreto.com.br"
"Sócio-Diretor Titular","Indústria Plásticos Betim","","sócio-diretor.titular@indstriaplsticosbetim.com.br"
"Sócio-Diretor Titular","Indústria Eletromotores Ponta Grossa","","sócio-diretor.titular@indstriaeletromotorespontagrossa.com.br"
"Sócio-Diretor Titular","Indústria Fundição Jaraguá do Sul","","sócio-diretor.titular@indstriafundiojaragudosul.com.br"
"Sócio-Diretor Titular","Indústria Metalúrgica Três Lagoas","","sócio-diretor.titular@indstriametalrgicatrslagoas.com.br"
"Sócio-Diretor Titular","Indústria Caldeiraria Rio Verde","","sócio-diretor.titular@indstriacaldeirariarioverde.com.br"
"Sócio-Diretor Titular","Alimentos Laticínios São Paulo","","sócio-diretor.titular@alimentoslaticniossopaulo.com.br"
"Sócio-Diretor Titular","Alimentos Moinho Uberlândia","","sócio-diretor.titular@alimentosmoinhouberlndia.com.br"
"Sócio-Diretor Titular","Alimentos Frigorífico São José dos Pinhais","","sócio-diretor.titular@alimentosfrigorficosojosdospinhais.com.br"
"Sócio-Diretor Titular","Alimentos Conservas Criciúma","","sócio-diretor.titular@alimentosconservascricima.com.br"
"Sócio-Diretor Titular","Alimentos Laticínios Campo Grande","","sócio-diretor.titular@alimentoslaticnioscampogrande.com.br"
"Sócio-Diretor Titular","Alimentos Moinho Anápolis","","sócio-diretor.titular@alimentosmoinhoanpolis.com.br"
"Sócio-Diretor Titular","Alimentos Frigorífico Jundiaí","","sócio-diretor.titular@alimentosfrigorficojundia.com.br"
"Sócio-Diretor Titular","Alimentos Conservas Passos","","sócio-diretor.titular@alimentosconservaspassos.com.br"
"Sócio-Diretor Titular","Alimentos Laticínios Cascavel","","sócio-diretor.titular@alimentoslaticnioscascavel.com.br"
"Sócio-Diretor Titular","Alimentos Moinho Itajaí","","sócio-diretor.titular@alimentosmoinhoitaja.com.br"
"Sócio-Diretor Titular","Agro Sementes Três Lagoas","","sócio-diretor.titular@agrosementestrslagoas.com.br"
"Sócio-Diretor Titular","Agro Bioinsumos Jataí","","sócio-diretor.titular@agrobioinsumosjata.com.br"
"Sócio-Diretor Titular","Agro Silos, São José dos Campos","","sócio-diretor.titular@agrosilossojosdoscampos.com.br"
"Sócio-Diretor Titular","Agro Fertilizantes Uberaba","","sócio-diretor.titular@agrofertilizantesuberaba.com.br"
"Sócio-Diretor Titular","Agro Sementes Maringá","","sócio-diretor.titular@agrosementesmaring.com.br"
"Sócio-Diretor Titular","Agro Bioinsumos Chapecó","","sócio-diretor.titular@agrobioinsumoschapec.com.br"
"Sócio-Diretor Titular","Agro Silos, Campo Grande","","sócio-diretor.titular@agrosiloscampogrande.com.br"
"Sócio-Diretor Titular","Agro Fertilizantes Itumbiara","","sócio-diretor.titular@agrofertilizantesitumbiara.com.br"
"Sócio-Diretor Titular","Agro Sementes Ribeirão Preto","","sócio-diretor.titular@agrosementesribeiropreto.com.br"
"Sócio-Diretor Titular","Agro Bioinsumos Betim","","sócio-diretor.titular@agrobioinsumosbetim.com.br"
"Sócio-Diretor Titular","Comex Despacho Londrina","","sócio-diretor.titular@comexdespacholondrina.com.br"
"Sócio-Diretor Titular","Comex Trading Blumenau","","sócio-diretor.titular@comextradingblumenau.com.br"
"Sócio-Diretor Titular","Comex Exportação Três Lagoas","","sócio-diretor.titular@comexexportaotrslagoas.com.br"
"Sócio-Diretor Titular","Comex Importação Goiânia","","sócio-diretor.titular@comeximportaogoinia.com.br"
"Sócio-Diretor Titular","Comex Despacho São Paulo","","sócio-diretor.titular@comexdespachosopaulo.com.br"
"Sócio-Diretor Titular","Comex Trading Uberlândia","","sócio-diretor.titular@comextradinguberlndia.com.br"
"Sócio-Diretor Titular","Comex Exportação Curitiba","","sócio-diretor.titular@comexexportaocuritiba.com.br"
"Sócio-Diretor Titular","Comex Importação Joinville","","sócio-diretor.titular@comeximportaojoinville.com.br"
"Sócio-Diretor Titular","Trans Logística São Paulo","","sócio-diretor.titular@translogsticasopaulo.com.br"
"Sócio-Diretor Titular","Trans Operador Uberlândia","","sócio-diretor.titular@transoperadoruberlndia.com.br"
"Sócio-Diretor Titular","Trans Transportes Maringá","","sócio-diretor.titular@transtransportesmaring.com.br"
"Sócio-Diretor Titular","Trans Terminais Chapecó","","sócio-diretor.titular@transterminaischapec.com.br"
"Sócio-Diretor Titular","Trans Transporte Campo Grande","","sócio-diretor.titular@transtransportecampogrande.com.br"
"Sócio-Diretor Titular","Trans Operações Goiânia","","sócio-diretor.titular@transoperaesgoinia.com.br"
"Sócio-Diretor Titular","Trans Distribuição Jundiaí","","sócio-diretor.titular@transdistribuiojundia.com.br"
"Sócio-Diretor Titular","Trans Transporte Passos","","sócio-diretor.titular@transtransportepassos.com.br"
"Sócio-Diretor Titular","Trans Cross-Docking Londrina","","sócio-diretor.titular@transcrossdockinglondrina.com.br"
"Sócio-Diretor Titular","Trans Operações Blumenau","","sócio-diretor.titular@transoperaesblumenau.com.br"
"Sócio-Diretor Titular","Instituto de Cardiologia Intervencionista e Hemodinâmica Toledo","","sócio-diretor.titular@institutodecardiologiaintervencionistaehemodinmicatoledo.com.br"
"Sócio-Diretor Titular","Instituto de Neurologia Clínica e Tratamento da Dor Florianópolis","","sócio-diretor.titular@institutodeneurologiaclnicaetratamentodadorflorianpolis.com.br"
"Sócio-Diretor Titular","Instituto de Cirurgia do Aparelho Digestivo e Laparoscopia Três Lagoas","","sócio-diretor.titular@institutodecirurgiadoaparelhodigestivoelaparoscopiatrslagoas.com.br"
"Sócio-Diretor Titular","Instituto de Ginecologia e Cirurgia Íntima Avançada Jataí","","sócio-diretor.titular@institutodeginecologiaecirurgiantimaavanadajata.com.br"
"Sócio-Diretor Titular","Instituto de Oftalmologia Diagnóstica e Cirurgia de Glaucoma São Paulo","","sócio-diretor.titular@institutodeoftalmologiadiagnsticaecirurgiadeglaucomasopaulo.com.br"
"Sócio-Diretor Titular","Instituto de Ortopedia de Ombro e Cotovelo Artroscópica Uberlândia","","sócio-diretor.titular@institutodeortopediadeombroecotoveloartroscpicauberlndia.com.br"
"Sócio-Diretor Titular","Instituto de Pneumologia e Diagnóstico de Apneia do Sono Ponta Grossa","","sócio-diretor.titular@institutodepneumologiaediagnsticodeapneiadosonopontagrossa.com.br"
"Sócio-Diretor Titular","Instituto de Endocrinologia e Tratamento de Metabologia Avançada Jaraguá do Sul","","sócio-diretor.titular@institutodeendocrinologiaetratamentodemetabologiaavanadajaragudosul.com.br"
"Sócio-Diretor Titular","Instituto de Dermatologia Cosmiátrica e Procedimentos Injetáveis Campo Grande","","sócio-diretor.titular@institutodedermatologiacosmitricaeprocedimentosinjetveiscampogrande.com.br"
"Sócio-Diretor Titular","Instituto de Mastologia e Cirurgia Oncológica Mamária Itumbiara","","sócio-diretor.titular@institutodemastologiaecirurgiaoncolgicamamriaitumbiara.com.br"
"Sócio-Diretor Titular","Indústria Usinagem São José dos Campos","","sócio-diretor.titular@indstriausinagemsojosdoscampos.com.br"
"Sócio-Diretor Titular","Indústria Caldeiraria Uberaba","","sócio-diretor.titular@indstriacaldeirariauberaba.com.br"
"Sócio-Diretor Titular","Indústria Injeção Toledo","","sócio-diretor.titular@indstriainjeotoledo.com.br"
"Sócio-Diretor Titular","Indústria Fundição Florianópolis","","sócio-diretor.titular@indstriafundioflorianpolis.com.br"
"Sócio-Diretor Titular","Indústria Motores Campo Grande","","sócio-diretor.titular@indstriamotorescampogrande.com.br"
"Sócio-Diretor Titular","Indústria Usinagem Goiânia","","sócio-diretor.titular@indstriausinagemgoinia.com.br"
"Sócio-Diretor Titular","Indústria Caldeiraria Ribeirão Preto","","sócio-diretor.titular@indstriacaldeirariaribeiropreto.com.br"
"Sócio-Diretor Titular","Indústria Injeção Betim","","sócio-diretor.titular@indstriainjeobetim.com.br"
"Sócio-Diretor Titular","Indústria Fundição Ponta Grossa","","sócio-diretor.titular@indstriafundiopontagrossa.com.br"
"Sócio-Diretor Titular","Indústria Motores Jaraguá do Sul","","sócio-diretor.titular@indstriamotoresjaragudosul.com.br"
"Sócio-Diretor Titular","Indústria Usinagem Três Lagoas","","sócio-diretor.titular@indstriausinagemtrslagoas.com.br"
"Sócio-Diretor Titular","Indústria Caldeiraria Rio Verde","","sócio-diretor.titular@indstriacaldeirariarioverde.com.br"
"Sócio-Diretor Titular","Indústria Injeção São Paulo","","sócio-diretor.titular@indstriainjeosopaulo.com.br"
"Sócio-Diretor Titular","Indústria Fundição Uberlândia","","sócio-diretor.titular@indstriafundiouberlndia.com.br"
"Sócio-Diretor Titular","Indústria Motores São José dos Pinhais","","sócio-diretor.titular@indstriamotoressojosdospinhais.com.br"
"Sócio-Diretor Titular","Indústria Usinagem Criciúma","","sócio-diretor.titular@indstriausinagemcricima.com.br"
"Sócio-Diretor Titular","Indústria Caldeiraria Campo Grande","","sócio-diretor.titular@indstriacaldeirariacampogrande.com.br"
"Sócio-Diretor Titular","Indústria Injeção Anápolis","","sócio-diretor.titular@indstriainjeoanpolis.com.br"
"Sócio-Diretor Titular","Indústria Fundição Jundiaí","","sócio-diretor.titular@indstriafundiojundia.com.br"
"Sócio-Diretor Titular","Indústria Motores Passos","","sócio-diretor.titular@indstriamotorespassos.com.br"
"Sócio-Diretor Titular","Agro Silos Cascavel","","sócio-diretor.titular@agrosiloscascavel.com.br"
"Sócio-Diretor Titular","Agro Fertilizantes Itajaí","","sócio-diretor.titular@agrofertilizantesitaja.com.br"
"Sócio-Diretor Titular","Agro Produção Três Lagoas","","sócio-diretor.titular@agroproduotrslagoas.com.br"
"Sócio-Diretor Titular","Agro Bioinsumos Jataí","","sócio-diretor.titular@agrobioinsumosjata.com.br"
"Sócio-Diretor Titular","Agro Silos São José dos Campos","","sócio-diretor.titular@agrosilossojosdoscampos.com.br"
"Sócio-Diretor Titular","Agro Fertilizantes Uberaba","","sócio-diretor.titular@agrofertilizantesuberaba.com.br"
"Sócio-Diretor Titular","Agro Produção Maringá","","sócio-diretor.titular@agroproduomaring.com.br"
"Sócio-Diretor Titular","Agro Bioinsumos Chapecó","","sócio-diretor.titular@agrobioinsumoschapec.com.br"
"Sócio-Diretor Titular","Agro Silos Campo Grande","","sócio-diretor.titular@agrosiloscampogrande.com.br"
"Sócio-Diretor Titular","Agro Fertilizantes Itumbiara","","sócio-diretor.titular@agrofertilizantesitumbiara.com.br"
"Sócio-Diretor Titular","Comex Exportação Ribeirão Preto","","sócio-diretor.titular@comexexportaoribeiropreto.com.br"
"Sócio-Diretor Titular","Comex Importação Betim","","sócio-diretor.titular@comeximportaobetim.com.br"
"Sócio-Diretor Titular","Comex Despacho Londrina","","sócio-diretor.titular@comexdespacholondrina.com.br"
"Sócio-Diretor Titular","Comex Trading Blumenau","","sócio-diretor.titular@comextradingblumenau.com.br"
"Sócio-Diretor Titular","Comex Exportação Três Lagoas","","sócio-diretor.titular@comexexportaotrslagoas.com.br"
"Sócio-Diretor Titular","Comex Importação Goiânia","","sócio-diretor.titular@comeximportaogoinia.com.br"
"Sócio-Diretor Titular","Comex Despacho São Paulo","","sócio-diretor.titular@comexdespachosopaulo.com.br"
"Sócio-Diretor Titular","Comex Trading Uberlândia","","sócio-diretor.titular@comextradinguberlndia.com.br"
"Sócio-Diretor Titular","Comex Exportação Curitiba","","sócio-diretor.titular@comexexportaocuritiba.com.br"
"Sócio-Diretor Titular","Comex Importação Joinville","","sócio-diretor.titular@comeximportaojoinville.com.br"
"Sócio-Diretor Titular","Fábrica de Caldeiraria Pesada Campo Grande","","sócio-diretor.titular@fbricadecaldeirariapesadacampogrande.com.br"
"Sócio-Diretor Titular","Fábrica de Injeção Plástica Anápolis","","sócio-diretor.titular@fbricadeinjeoplsticaanpolis.com.br"
"Sócio-Diretor Titular","Fábrica de Fundição de Ligas Ribeirão Preto","","sócio-diretor.titular@fbricadefundiodeligasribeiropreto.com.br"
"Sócio-Diretor Titular","Fábrica de Estruturas Metálicas Betim","","sócio-diretor.titular@fbricadeestruturasmetlicasbetim.com.br"
"Sócio-Diretor Titular","Fábrica de Máquinas Especiais Toledo","","sócio-diretor.titular@fbricademquinasespeciaistoledo.com.br"
"Sócio-Diretor Titular","Fábrica de Automação Industrial Florianópolis","","sócio-diretor.titular@fbricadeautomaoindustrialflorianpolis.com.br"
"Sócio-Diretor Titular","Fábrica de Caldeiraria Pesada Três Lagoas","","sócio-diretor.titular@fbricadecaldeirariapesadatrslagoas.com.br"
"Sócio-Diretor Titular","Fábrica de Injeção Plástica Jataí","","sócio-diretor.titular@fbricadeinjeoplsticajata.com.br"
"Sócio-Diretor Titular","Fábrica de Fundição de Ligas São Paulo","","sócio-diretor.titular@fbricadefundiodeligassopaulo.com.br"
"Sócio-Diretor Titular","Fábrica de Estruturas Metálicas Uberlândia","","sócio-diretor.titular@fbricadeestruturasmetlicasuberlndia.com.br"
"Sócio-Diretor Titular","Fábrica de Máquinas Especiais Ponta Grossa","","sócio-diretor.titular@fbricademquinasespeciaispontagrossa.com.br"
"Sócio-Diretor Titular","Fábrica de Automação Industrial Jaraguá do Sul","","sócio-diretor.titular@fbricadeautomaoindustrialjaragudosul.com.br"
"Sócio-Diretor Titular","Instituto de Cirurgia Robótica e Urologia Betim","","sócio-diretor.titular@institutodecirurgiarobticaeurologiabetim.com.br"
"Sócio-Diretor Titular","Instituto de Oncologia Clínica e Terapia Alvo Ponta Grossa","","sócio-diretor.titular@institutodeoncologiaclnicaeterapiaalvopontagrossa.com.br"
"Sócio-Diretor Titular","Instituto de Cirurgia Plástica e Reconstrução Jaraguá do Sul","","sócio-diretor.titular@institutodecirurgiaplsticaereconstruojaragudosul.com.br"
"Sócio-Diretor Titular","Instituto de Oftalmologia Cirúrgica Três Lagoas","","sócio-diretor.titular@institutodeoftalmologiacirrgicatrslagoas.com.br"
"Sócio-Diretor Titular","Instituto de Cardiologia Intervencionista Rio Verde","","sócio-diretor.titular@institutodecardiologiaintervencionistarioverde.com.br"
"Sócio-Diretor Titular","Instituto de Cirurgia da Coluna e Dor São Paulo","","sócio-diretor.titular@institutodecirurgiadacolunaedorsopaulo.com.br"
"Sócio-Diretor Titular","Instituto de Cirurgia Robótica e Urologia Uberlândia","","sócio-diretor.titular@institutodecirurgiarobticaeurologiauberlndia.com.br"
"Sócio-Diretor Titular","Instituto de Oncologia Clínica e Terapia Alvo São José dos Pinhais","","sócio-diretor.titular@institutodeoncologiaclnicaeterapiaalvosojosdospinhais.com.br"
"Sócio-Diretor Titular","Trans Logística Campo Grande","","sócio-diretor.titular@translogsticacampogrande.com.br"
"Sócio-Diretor Titular","Trans Cargas Itumbiara","","sócio-diretor.titular@transcargasitumbiara.com.br"
"Sócio-Diretor Titular","Trans Transporte Ribeirão Preto","","sócio-diretor.titular@transtransporteribeiropreto.com.br"
"Sócio-Diretor Titular","Trans Terminais Betim","","sócio-diretor.titular@transterminaisbetim.com.br"
"Sócio-Diretor Titular","Trans Logística Londrina","","sócio-diretor.titular@translogsticalondrina.com.br"
"Sócio-Diretor Titular","Trans Cargas Blumenau","","sócio-diretor.titular@transcargasblumenau.com.br"
"Sócio-Diretor Titular","Agro Silos Três Lagoas","","sócio-diretor.titular@agrosilostrslagoas.com.br"
"Sócio-Diretor Titular","Agro Sementes Goiânia","","sócio-diretor.titular@agrosementesgoinia.com.br"
"Sócio-Diretor Titular","Agro Bioinsumos São Paulo","","sócio-diretor.titular@agrobioinsumossopaulo.com.br"
"Sócio-Diretor Titular","Agro Nutrição Uberlândia","","sócio-diretor.titular@agronutriouberlndia.com.br"
"Sócio-Diretor Titular","Agro Silos Curitiba","","sócio-diretor.titular@agrosiloscuritiba.com.br"
"Sócio-Diretor Titular","Agro Sementes Joinville","","sócio-diretor.titular@agrosementesjoinville.com.br"
"Sócio-Diretor Titular","Fábrica de Caldeiraria Industrial Campo Grande","","sócio-diretor.titular@fbricadecaldeirariaindustrialcampogrande.com.br"
"Sócio-Diretor Titular","Fábrica de Termoplásticos Técnicos Anápolis","","sócio-diretor.titular@fbricadetermoplsticostcnicosanpolis.com.br"
"Sócio-Diretor Titular","Fábrica de Fundição de Precisão Ribeirão Preto","","sócio-diretor.titular@fbricadefundiodeprecisoribeiropreto.com.br"
"Sócio-Diretor Titular","Fábrica de Estruturas de Aço Betim","","sócio-diretor.titular@fbricadeestruturasdeaobetim.com.br"
"Sócio-Diretor Titular","Fábrica de Equipamentos Industriais Toledo","","sócio-diretor.titular@fbricadeequipamentosindustriaistoledo.com.br"
"Sócio-Diretor Titular","Fábrica de Automação Mecânica Florianópolis","","sócio-diretor.titular@fbricadeautomaomecnicaflorianpolis.com.br"
"Sócio-Diretor Titular","Fábrica de Caldeiraria Industrial Três Lagoas","","sócio-diretor.titular@fbricadecaldeirariaindustrialtrslagoas.com.br"
"Sócio-Diretor Titular","Fábrica de Termoplásticos Técnicos Jataí","","sócio-diretor.titular@fbricadetermoplsticostcnicosjata.com.br"
"Sócio-Diretor Titular","Fábrica de Fundição de Precisão São Paulo","","sócio-diretor.titular@fbricadefundiodeprecisosopaulo.com.br"
"Sócio-Diretor Titular","Fábrica de Estruturas de Aço Uberlândia","","sócio-diretor.titular@fbricadeestruturasdeaouberlndia.com.br"
"Sócio-Diretor Titular","Fábrica de Equipamentos Industriais Ponta Grossa","","sócio-diretor.titular@fbricadeequipamentosindustriaispontagrossa.com.br"
"Sócio-Diretor Titular","Fábrica de Automação Mecânica Jaraguá do Sul","","sócio-diretor.titular@fbricadeautomaomecnicajaragudosul.com.br"
"Sócio-Diretor Titular","Instituto de Cirurgia Bariátrica e Metabólica Betim","","sócio-diretor.titular@institutodecirurgiabaritricaemetablicabetim.com.br"
"Sócio-Diretor Titular","Instituto de Oncologia e Imunoterapia Ponta Grossa","","sócio-diretor.titular@institutodeoncologiaeimunoterapiapontagrossa.com.br"
"Sócio-Diretor Titular","Instituto de Cirurgia Plástica Reparadora Jaraguá do Sul","","sócio-diretor.titular@institutodecirurgiaplsticareparadorajaragudosul.com.br"
"Sócio-Diretor Titular","Instituto de Oftalmologia a Laser Três Lagoas","","sócio-diretor.titular@institutodeoftalmologiaalasertrslagoas.com.br"
"Sócio-Diretor Titular","Instituto de Cardiologia Diagnóstica Rio Verde","","sócio-diretor.titular@institutodecardiologiadiagnsticarioverde.com.br"
"Sócio-Diretor Titular","Instituto de Neurocirurgia e Coluna São Paulo","","sócio-diretor.titular@institutodeneurocirurgiaecolunasopaulo.com.br"
"Sócio-Diretor Titular","Instituto de Cirurgia Bariátrica e Metabólica Uberlândia","","sócio-diretor.titular@institutodecirurgiabaritricaemetablicauberlndia.com.br"
"Sócio-Diretor Titular","Instituto de Oncologia e Imunoterapia São José dos Pinhais","","sócio-diretor.titular@institutodeoncologiaeimunoterapiasojosdospinhais.com.br"
"Sócio-Diretor Titular","Trans Armazenagem Campo Grande","","sócio-diretor.titular@transarmazenagemcampogrande.com.br"
"Sócio-Diretor Titular","Trans Cargas Itumbiara","","sócio-diretor.titular@transcargasitumbiara.com.br"
"Sócio-Diretor Titular","Trans Transporte Ribeirão Preto","","sócio-diretor.titular@transtransporteribeiropreto.com.br"
"Sócio-Diretor Titular","Trans Logística Betim","","sócio-diretor.titular@translogsticabetim.com.br"
"Sócio-Diretor Titular","Trans Armazenagem Londrina","","sócio-diretor.titular@transarmazenagemlondrina.com.br"
"Sócio-Diretor Titular","Trans Cargas Blumenau","","sócio-diretor.titular@transcargasblumenau.com.br"
"Sócio-Diretor Titular","Agro Armazéns Três Lagoas","","sócio-diretor.titular@agroarmaznstrslagoas.com.br"
"Sócio-Diretor Titular","Agro Sementes Goiânia","","sócio-diretor.titular@agrosementesgoinia.com.br"
"Sócio-Diretor Titular","Agro Insumos São Paulo","","sócio-diretor.titular@agroinsumossopaulo.com.br"
"Sócio-Diretor Titular","Agro Biotecnologia Uberlândia","","sócio-diretor.titular@agrobiotecnologiauberlndia.com.br"
"Sócio-Diretor Titular","Agro Armazéns Curitiba","","sócio-diretor.titular@agroarmaznscuritiba.com.br"
"Sócio-Diretor Titular","Agro Sementes Joinville","","sócio-diretor.titular@agrosementesjoinville.com.br"
"Sócio-Diretor Titular","Fábrica de Caldeiraria Pesada Campo Grande","","sócio-diretor.titular@fbricadecaldeirariapesadacampogrande.com.br"
"Sócio-Diretor Titular","Fábrica de Injeção Plástica de Alta Precisão Anápolis","","sócio-diretor.titular@fbricadeinjeoplsticadealtaprecisoanpolis.com.br"
"Sócio-Diretor Titular","Fábrica de Fundição de Ligas Especiais Ribeirão Preto","","sócio-diretor.titular@fbricadefundiodeligasespeciaisribeiropreto.com.br"
"Sócio-Diretor Titular","Fábrica de Estruturas Metálicas Modulares Betim","","sócio-diretor.titular@fbricadeestruturasmetlicasmodularesbetim.com.br"
"Sócio-Diretor Titular","Fábrica de Bens de Capital e Máquinas Toledo","","sócio-diretor.titular@fbricadebensdecapitalemquinastoledo.com.br"
"Sócio-Diretor Titular","Fábrica de Automação Eletromecânica Florianópolis","","sócio-diretor.titular@fbricadeautomaoeletromecnicaflorianpolis.com.br"
"Sócio-Diretor Titular","Fábrica de Caldeiraria Pesada Três Lagoas","","sócio-diretor.titular@fbricadecaldeirariapesadatrslagoas.com.br"
"Sócio-Diretor Titular","Fábrica de Injeção Plástica de Alta Precisão Jataí","","sócio-diretor.titular@fbricadeinjeoplsticadealtaprecisojata.com.br"
"Sócio-Diretor Titular","Fábrica de Fundição de Ligas Especiais São Paulo","","sócio-diretor.titular@fbricadefundiodeligasespeciaissopaulo.com.br"
"Sócio-Diretor Titular","Fábrica de Estruturas Metálicas Modulares Uberlândia","","sócio-diretor.titular@fbricadeestruturasmetlicasmodularesuberlndia.com.br"
"Sócio-Diretor Titular","Fábrica de Bens de Capital e Máquinas Ponta Grossa","","sócio-diretor.titular@fbricadebensdecapitalemquinaspontagrossa.com.br"
"Sócio-Diretor Titular","Fábrica de Automação Eletromecânica Jaraguá do Sul","","sócio-diretor.titular@fbricadeautomaoeletromecnicajaragudosul.com.br"
"Sócio-Diretor Titular","Instituto de Cirurgia Bariátrica e Laparoscópica Betim","","sócio-diretor.titular@institutodecirurgiabaritricaelaparoscpicabetim.com.br"
"Sócio-Diretor Titular","Instituto de Oncologia e Quimioterapia Ponta Grossa","","sócio-diretor.titular@institutodeoncologiaequimioterapiapontagrossa.com.br"
"Sócio-Diretor Titular","Instituto de Cirurgia Plástica Estética Jaraguá do Sul","","sócio-diretor.titular@institutodecirurgiaplsticaestticajaragudosul.com.br"
"Sócio-Diretor Titular","Instituto de Oftalmologia Cirúrgica a Laser Três Lagoas","","sócio-diretor.titular@institutodeoftalmologiacirrgicaalasertrslagoas.com.br"
"Sócio-Diretor Titular","Instituto de Cardiologia Intervencionista Rio Verde","","sócio-diretor.titular@institutodecardiologiaintervencionistarioverde.com.br"
"Sócio-Diretor Titular","Instituto de Ortopedia e Artroscopia São Paulo","","sócio-diretor.titular@institutodeortopediaeartroscopiasopaulo.com.br"
"Sócio-Diretor Titular","Instituto de Cirurgia Bariátrica e Laparoscópica Uberlândia","","sócio-diretor.titular@institutodecirurgiabaritricaelaparoscpicauberlndia.com.br"
"Sócio-Diretor Titular","Instituto de Oncologia e Quimioterapia São José dos Pinhais","","sócio-diretor.titular@institutodeoncologiaequimioterapiasojosdospinhais.com.br"
"Sócio-Diretor Titular","Trans Armazenagem Campo Grande","","sócio-diretor.titular@transarmazenagemcampogrande.com.br"
"Sócio-Diretor Titular","Trans Cargas Itumbiara","","sócio-diretor.titular@transcargasitumbiara.com.br"
"Sócio-Diretor Titular","Trans Transporte Ribeirão Preto","","sócio-diretor.titular@transtransporteribeiropreto.com.br"
"Sócio-Diretor Titular","Trans Logística Betim","","sócio-diretor.titular@translogsticabetim.com.br"
"Sócio-Diretor Titular","Trans Armazenagem Londrina","","sócio-diretor.titular@transarmazenagemlondrina.com.br"
"Sócio-Diretor Titular","Trans Cargas Blumenau","","sócio-diretor.titular@transcargasblumenau.com.br"
"Sócio-Diretor Titular","Agro Silos Três Lagoas","","sócio-diretor.titular@agrosilostrslagoas.com.br"
"Sócio-Diretor Titular","Agro Sementes Goiânia","","sócio-diretor.titular@agrosementesgoinia.com.br"
"Sócio-Diretor Titular","Agro Biofertilizantes São Paulo","","sócio-diretor.titular@agrobiofertilizantessopaulo.com.br"
"Sócio-Diretor Titular","Agro Defensivos Uberlândia","","sócio-diretor.titular@agrodefensivosuberlndia.com.br"
"Sócio-Diretor Titular","Agro Silos Curitiba","","sócio-diretor.titular@agrosiloscuritiba.com.br"
"Sócio-Diretor Titular","Agro Sementes Joinville","","sócio-diretor.titular@agrosementesjoinville.com.br"
"Sócio-Diretor Titular","Sociedade de Advogados Associados Três Lagoas","","sócio-diretor.titular@sociedadedeadvogadosassociadostrslagoas.com.br"
"Sócio-Diretor Titular","Sociedade de Advogados Associados Jataí","","sócio-diretor.titular@sociedadedeadvogadosassociadosjata.com.br"
"Sócio-Diretor Titular","Sociedade de Advogados Associados São Paulo","","sócio-diretor.titular@sociedadedeadvogadosassociadossopaulo.com.br"
"Sócio-Diretor Titular","Sociedade de Advogados Associados Uberlândia","","sócio-diretor.titular@sociedadedeadvogadosassociadosuberlndia.com.br"
"Sócio-Diretor Titular","Sociedade de Advogados Associados Ponta Grossa","","sócio-diretor.titular@sociedadedeadvogadosassociadospontagrossa.com.br"
"Sócio-Diretor Titular","Sociedade de Advogados Associados Jaraguá do Sul","","sócio-diretor.titular@sociedadedeadvogadosassociadosjaragudosul.com.br"
"Sócio-Diretor Titular","Instituto de Cirurgia Bariátrica e Laparoscópica Betim","","sócio-diretor.titular@institutodecirurgiabaritricaelaparoscpicabetim.com.br"
"Sócio-Diretor Titular","Instituto de Oncologia e Quimioterapia Ponta Grossa","","sócio-diretor.titular@institutodeoncologiaequimioterapiapontagrossa.com.br"
"Sócio-Diretor Titular","Instituto de Cirurgia Plástica Estética Jaraguá do Sul","","sócio-diretor.titular@institutodecirurgiaplsticaestticajaragudosul.com.br"
"Sócio-Diretor Titular","Instituto de Oftalmologia Cirúrgica a Laser Três Lagoas","","sócio-diretor.titular@institutodeoftalmologiacirrgicaalasertrslagoas.com.br"
"Sócio-Diretor Titular","Instituto de Cardiologia Intervencionista Rio Verde","","sócio-diretor.titular@institutodecardiologiaintervencionistarioverde.com.br"
"Sócio-Diretor Titular","Instituto de Ortopedia e Artroscopia São Paulo","","sócio-diretor.titular@institutodeortopediaeartroscopiasopaulo.com.br"
"Sócio-Diretor Titular","Instituto de Cirurgia Bariátrica e Laparoscópica Uberlândia","","sócio-diretor.titular@institutodecirurgiabaritricaelaparoscpicauberlndia.com.br"
"Sócio-Diretor Titular","Instituto de Oncologia e Quimioterapia São José dos Pinhais","","sócio-diretor.titular@institutodeoncologiaequimioterapiasojosdospinhais.com.br"
"Sócio-Diretor Titular","Trans Armazenagem Campo Grande","","sócio-diretor.titular@transarmazenagemcampogrande.com.br"
"Sócio-Diretor Titular","Trans Cargas Itumbiara","","sócio-diretor.titular@transcargasitumbiara.com.br"
"Sócio-Diretor Titular","Trans Transporte Ribeirão Preto","","sócio-diretor.titular@transtransporteribeiropreto.com.br"
"Sócio-Diretor Titular","Trans Logística Betim","","sócio-diretor.titular@translogsticabetim.com.br"
"Sócio-Diretor Titular","Trans Armazenagem Londrina","","sócio-diretor.titular@transarmazenagemlondrina.com.br"
"Sócio-Diretor Titular","Trans Cargas Blumenau","","sócio-diretor.titular@transcargasblumenau.com.br"
"Sócio-Diretor Titular","Agro Silos Três Lagoas","","sócio-diretor.titular@agrosilostrslagoas.com.br"
"Sócio-Diretor Titular","Agro Sementes Goiânia","","sócio-diretor.titular@agrosementesgoinia.com.br"
"Sócio-Diretor Titular","Agro Biofertilizantes São Paulo","","sócio-diretor.titular@agrobiofertilizantessopaulo.com.br"
"Sócio-Diretor Titular","Agro Defensivos Uberlândia","","sócio-diretor.titular@agrodefensivosuberlndia.com.br"
"Sócio-Diretor Titular","Agro Silos Curitiba","","sócio-diretor.titular@agrosiloscuritiba.com.br"
"Sócio-Diretor Titular","Agro Sementes Joinville","","sócio-diretor.titular@agrosementesjoinville.com.br"
"Sócio-Diretor Titular","Sociedade de Advogados Tributário Goiânia","","sócio-diretor.titular@sociedadedeadvogadostributriogoinia.com.br"
"Sócio-Diretor Titular","Sociedade de Advogados Societário Jundiaí","","sócio-diretor.titular@sociedadedeadvogadossocietriojundia.com.br"
"Sócio-Diretor Titular","Sociedade de Advogados e Passos","","sócio-diretor.titular@sociedadedeadvogadosepassos.com.br"
"Sócio-Diretor Titular","Sociedade de Advogados Judicial Londrina","","sócio-diretor.titular@sociedadedeadvogadosjudiciallondrina.com.br"
"Sócio-Diretor Titular","Sociedade de Advogados Cível Blumenau","","sócio-diretor.titular@sociedadedeadvogadoscvelblumenau.com.br"
"Sócio-Diretor Titular","Fábrica de Caldeiraria Pesada Jundiaí","","sócio-diretor.titular@fbricadecaldeirariapesadajundia.com.br"
"Sócio-Diretor Titular","Fábrica de Estruturas de Aço Passos","","sócio-diretor.titular@fbricadeestruturasdeaopassos.com.br"
"Sócio-Diretor Titular","Fábrica de Equipamentos Hidráulicos São José dos Pinhais","","sócio-diretor.titular@fbricadeequipamentoshidrulicossojosdospinhais.com.br"
"Sócio-Diretor Titular","Fábrica de Fundição de Precisão Criciúma","","sócio-diretor.titular@fbricadefundiodeprecisocricima.com.br"
"Sócio-Diretor Titular","Fábrica de Termoplásticos Técnicos Três Lagoas","","sócio-diretor.titular@fbricadetermoplsticostcnicostrslagoas.com.br"
"Sócio-Diretor Titular","Agro Silos Goiânia","","sócio-diretor.titular@agrosilosgoinia.com.br"
"Sócio-Diretor Titular","Agro Sementes São José dos Campos","","sócio-diretor.titular@agrosementessojosdoscampos.com.br"
"Sócio-Diretor Titular","Agro Insumos Uberaba","","sócio-diretor.titular@agroinsumosuberaba.com.br"
"Sócio-Diretor Titular","Agro Nutrição Cascavel","","sócio-diretor.titular@agronutriocascavel.com.br"
"Sócio-Diretor Titular","Agro Biofertilizantes Itajaí","","sócio-diretor.titular@agrobiofertilizantesitaja.com.br"
"Sócio-Diretor Titular","Instituto de Cirurgia Campo Grande","","sócio-diretor.titular@institutodecirurgiacampogrande.com.br"
"Sócio-Diretor Titular","Instituto de Oncologia Rio Verde","","sócio-diretor.titular@institutodeoncologiarioverde.com.br"
"Sócio-Diretor Titular","Instituto de Cirurgia Ribeirão Preto","","sócio-diretor.titular@institutodecirurgiaribeiropreto.com.br"
"Sócio-Diretor Titular","Instituto de Oftalmologia Betim","","sócio-diretor.titular@institutodeoftalmologiabetim.com.br"
"Sócio-Diretor Titular","Instituto de Ortopedia Maringá","","sócio-diretor.titular@institutodeortopediamaring.com.br"
"Sócio-Diretor Titular","Trans Armazenagem Ribeirão Preto","","sócio-diretor.titular@transarmazenagemribeiropreto.com.br"
"Sócio-Diretor Titular","Trans Cargas Betim","","sócio-diretor.titular@transcargasbetim.com.br"
"Sócio-Diretor Titular","Trans Transporte Londrina","","sócio-diretor.titular@transtransportelondrina.com.br"
"Sócio-Diretor Titular","Trans Logística Blumenau","","sócio-diretor.titular@translogsticablumenau.com.br"
"Sócio-Diretor Titular","Trans Distribuição Três Lagoas","","sócio-diretor.titular@transdistribuiotrslagoas.com.br"
"Sócio-Diretor Titular","Comex Trading Goiânia","","sócio-diretor.titular@comextradinggoinia.com.br"
"Sócio-Diretor Titular","Comex Exportadora São Paulo","","sócio-diretor.titular@comexexportadorasopaulo.com.br"
"Sócio-Diretor Titular","Comex Importadora Uberlândia","","sócio-diretor.titular@comeximportadorauberlndia.com.br"
"Sócio-Diretor Titular","Comex Exportadora Curitiba","","sócio-diretor.titular@comexexportadoracuritiba.com.br"
"Sócio-Diretor Titular","Comex Comex Joinville","","sócio-diretor.titular@comexcomexjoinville.com.br"
"Sócio-Diretor Titular","Sociedade de Advogados Tributário Goiânia","","sócio-diretor.titular@sociedadedeadvogadostributriogoinia.com.br"
"Sócio-Diretor Titular","Sociedade de Advogados Societário, Jundiaí","","sócio-diretor.titular@sociedadedeadvogadossocietriojundia.com.br"
"Sócio-Diretor Titular","Sociedade de Advogados do Passos","","sócio-diretor.titular@sociedadedeadvogadosdopassos.com.br"
"Sócio-Diretor Titular","Sociedade de Advogados Judicial Londrina","","sócio-diretor.titular@sociedadedeadvogadosjudiciallondrina.com.br"
"Sócio-Diretor Titular","Sociedade de Advogados Empresarial Blumenau","","sócio-diretor.titular@sociedadedeadvogadosempresarialblumenau.com.br"
"Sócio-Diretor Titular","Fábrica de Caldeiraria Pesada Jundiaí","","sócio-diretor.titular@fbricadecaldeirariapesadajundia.com.br"
"Sócio-Diretor Titular","Fábrica de Estruturas de Aço Passos","","sócio-diretor.titular@fbricadeestruturasdeaopassos.com.br"
"Sócio-Diretor Titular","Fábrica de Equipamentos Hidráulicos São José dos Pinhais","","sócio-diretor.titular@fbricadeequipamentoshidrulicossojosdospinhais.com.br"
"Sócio-Diretor Titular","Fábrica de Fundição de Ligas Criciúma","","sócio-diretor.titular@fbricadefundiodeligascricima.com.br"
"Sócio-Diretor Titular","Fábrica de Termoplásticos Técnicos Três Lagoas","","sócio-diretor.titular@fbricadetermoplsticostcnicostrslagoas.com.br"
"Sócio-Diretor Titular","Agro Silos Goiânia","","sócio-diretor.titular@agrosilosgoinia.com.br"
"Sócio-Diretor Titular","Agro Sementes São José dos Campos","","sócio-diretor.titular@agrosementessojosdoscampos.com.br"
"Sócio-Diretor Titular","Agro Insumos Uberaba","","sócio-diretor.titular@agroinsumosuberaba.com.br"
"Sócio-Diretor Titular","Agro Nutrição Cascavel","","sócio-diretor.titular@agronutriocascavel.com.br"
"Sócio-Diretor Titular","Agro Bioinsumos Itajaí","","sócio-diretor.titular@agrobioinsumositaja.com.br"
"Sócio-Diretor Titular","Instituto de Cirurgia Campo Grande","","sócio-diretor.titular@institutodecirurgiacampogrande.com.br"
"Sócio-Diretor Titular","Instituto de Oncologia Rio Verde","","sócio-diretor.titular@institutodeoncologiarioverde.com.br"
"Sócio-Diretor Titular","Instituto de Cirurgia Ribeirão Preto","","sócio-diretor.titular@institutodecirurgiaribeiropreto.com.br"
"Sócio-Diretor Titular","Instituto de Oftalmologia Betim","","sócio-diretor.titular@institutodeoftalmologiabetim.com.br"
"Sócio-Diretor Titular","Instituto de Ortopedia Maringá","","sócio-diretor.titular@institutodeortopediamaring.com.br"
"Sócio-Diretor Titular","Trans Armazenagem Ribeirão Preto","","sócio-diretor.titular@transarmazenagemribeiropreto.com.br"
"Sócio-Diretor Titular","Trans Cargas Betim","","sócio-diretor.titular@transcargasbetim.com.br"
"Sócio-Diretor Titular","Trans Transporte Londrina","","sócio-diretor.titular@transtransportelondrina.com.br"
"Sócio-Diretor Titular","Trans Logística Blumenau","","sócio-diretor.titular@translogsticablumenau.com.br"
"Sócio-Diretor Titular","Trans Distribuição Três Lagoas","","sócio-diretor.titular@transdistribuiotrslagoas.com.br"
"Sócio-Diretor Titular","Comex Trading Goiânia","","sócio-diretor.titular@comextradinggoinia.com.br"
"Sócio-Diretor Titular","Comex Exportadora São Paulo","","sócio-diretor.titular@comexexportadorasopaulo.com.br"
"Sócio-Diretor Titular","Comex Importadora Uberlândia","","sócio-diretor.titular@comeximportadorauberlndia.com.br"
"Sócio-Diretor Titular","Comex Exportadora Curitiba","","sócio-diretor.titular@comexexportadoracuritiba.com.br"
"Sócio-Diretor Titular","Comex Comex Joinville","","sócio-diretor.titular@comexcomexjoinville.com.br"
"Sócio-Diretor Titular","Sociedade de Advogados Tributário Goiânia","","sócio-diretor.titular@sociedadedeadvogadostributriogoinia.com.br"
"Sócio-Diretor Titular","Sociedade de Advogados Societário, Jundiaí","","sócio-diretor.titular@sociedadedeadvogadossocietriojundia.com.br"
"Sócio-Diretor Titular","Sociedade de Advogados do Passos","","sócio-diretor.titular@sociedadedeadvogadosdopassos.com.br"
"Sócio-Diretor Titular","Sociedade de Advogados Judicial Londrina","","sócio-diretor.titular@sociedadedeadvogadosjudiciallondrina.com.br"
"Sócio-Diretor Titular","Sociedade de Advogados Empresarial Blumenau","","sócio-diretor.titular@sociedadedeadvogadosempresarialblumenau.com.br"
"Sócio-Diretor Titular","Fábrica de Caldeiraria Pesada Jundiaí","","sócio-diretor.titular@fbricadecaldeirariapesadajundia.com.br"
"Sócio-Diretor Titular","Fábrica de Estruturas de Aço Passos","","sócio-diretor.titular@fbricadeestruturasdeaopassos.com.br"
"Sócio-Diretor Titular","Fábrica de Equipamentos Hidráulicos São José dos Pinhais","","sócio-diretor.titular@fbricadeequipamentoshidrulicossojosdospinhais.com.br"
"Sócio-Diretor Titular","Fábrica de Fundição de Ligas Especiais Criciúma","","sócio-diretor.titular@fbricadefundiodeligasespeciaiscricima.com.br"
"Sócio-Diretor Titular","Fábrica de Termoplásticos Técnicos Três Lagoas","","sócio-diretor.titular@fbricadetermoplsticostcnicostrslagoas.com.br"
"Sócio-Diretor Titular","Agro Silos Goiânia","","sócio-diretor.titular@agrosilosgoinia.com.br"
"Sócio-Diretor Titular","Agro Sementes São José dos Campos","","sócio-diretor.titular@agrosementessojosdoscampos.com.br"
"Sócio-Diretor Titular","Agro Insumos Uberaba","","sócio-diretor.titular@agroinsumosuberaba.com.br"
"Sócio-Diretor Titular","Agro Nutrição Cascavel","","sócio-diretor.titular@agronutriocascavel.com.br"
"Sócio-Diretor Titular","Agro Bioinsumos Itajaí","","sócio-diretor.titular@agrobioinsumositaja.com.br"
"Sócio-Diretor Titular","Instituto de Cirurgia Campo Grande","","sócio-diretor.titular@institutodecirurgiacampogrande.com.br"
"Sócio-Diretor Titular","Instituto de Oncologia Rio Verde","","sócio-diretor.titular@institutodeoncologiarioverde.com.br"
"Sócio-Diretor Titular","Instituto de Cirurgia Ribeirão Preto","","sócio-diretor.titular@institutodecirurgiaribeiropreto.com.br"
"Sócio-Diretor Titular","Instituto de Oftalmologia Betim","","sócio-diretor.titular@institutodeoftalmologiabetim.com.br"
"Sócio-Diretor Titular","Instituto de Ortopedia Maringá","","sócio-diretor.titular@institutodeortopediamaring.com.br"
"Sócio-Diretor Titular","Trans Armazenagem Ribeirão Preto","","sócio-diretor.titular@transarmazenagemribeiropreto.com.br"
"Sócio-Diretor Titular","Trans Cargas Betim","","sócio-diretor.titular@transcargasbetim.com.br"
"Sócio-Diretor Titular","Trans Transporte Londrina","","sócio-diretor.titular@transtransportelondrina.com.br"
"Sócio-Diretor Titular","Trans Logística Blumenau","","sócio-diretor.titular@translogsticablumenau.com.br"
"Sócio-Diretor Titular","Trans Distribuição Três Lagoas","","sócio-diretor.titular@transdistribuiotrslagoas.com.br"
"Sócio-Diretor Titular","Comex Trading Goiânia","","sócio-diretor.titular@comextradinggoinia.com.br"
"Sócio-Diretor Titular","Comex Exportadora São Paulo","","sócio-diretor.titular@comexexportadorasopaulo.com.br"
"Sócio-Diretor Titular","Comex Importadora Uberlândia","","sócio-diretor.titular@comeximportadorauberlndia.com.br"
"Sócio-Diretor Titular","Comex Exportadora Curitiba","","sócio-diretor.titular@comexexportadoracuritiba.com.br"
"Sócio-Diretor Titular","Comex Comex Joinville","","sócio-diretor.titular@comexcomexjoinville.com.br"
"Sócio-Diretor Titular","Sociedade de Advogados Tributário Goiânia","","sócio-diretor.titular@sociedadedeadvogadostributriogoinia.com.br"
"Sócio-Diretor Titular","Sociedade de Advogados Societário, Jundiaí","","sócio-diretor.titular@sociedadedeadvogadossocietriojundia.com.br"
"Sócio-Diretor Titular","Sociedade de Advogados do Passos","","sócio-diretor.titular@sociedadedeadvogadosdopassos.com.br"
"Sócio-Diretor Titular","Sociedade de Advogados Judicial Londrina","","sócio-diretor.titular@sociedadedeadvogadosjudiciallondrina.com.br"
"Sócio-Diretor Titular","Sociedade de Advogados Empresarial Blumenau","","sócio-diretor.titular@sociedadedeadvogadosempresarialblumenau.com.br"
"Sócio-Diretor Titular","Fábrica de Caldeiraria Pesada Jundiaí","","sócio-diretor.titular@fbricadecaldeirariapesadajundia.com.br"
"Sócio-Diretor Titular","Fábrica de Estruturas de Aço Passos","","sócio-diretor.titular@fbricadeestruturasdeaopassos.com.br"
"Sócio-Diretor Titular","Fábrica de Equipamentos Hidráulicos São José dos Pinhais","","sócio-diretor.titular@fbricadeequipamentoshidrulicossojosdospinhais.com.br"
"Sócio-Diretor Titular","Fábrica de Fundição de Ligas Especiais Criciúma","","sócio-diretor.titular@fbricadefundiodeligasespeciaiscricima.com.br"
"Sócio-Diretor Titular","Fábrica de Termoplásticos Técnicos Três Lagoas","","sócio-diretor.titular@fbricadetermoplsticostcnicostrslagoas.com.br"
"Sócio-Diretor Titular","Agro Silos Goiânia","","sócio-diretor.titular@agrosilosgoinia.com.br"
"Sócio-Diretor Titular","Agro Sementes São José dos Campos","","sócio-diretor.titular@agrosementessojosdoscampos.com.br"
"Sócio-Diretor Titular","Agro Insumos Uberaba","","sócio-diretor.titular@agroinsumosuberaba.com.br"
"Sócio-Diretor Titular","Agro Nutrição Cascavel","","sócio-diretor.titular@agronutriocascavel.com.br"
"Sócio-Diretor Titular","Agro Bioinsumos Itajaí","","sócio-diretor.titular@agrobioinsumositaja.com.br"
"Sócio-Diretor Titular","Instituto de Cirurgia Campo Grande","","sócio-diretor.titular@institutodecirurgiacampogrande.com.br"
"Sócio-Diretor Titular","Instituto de Oncologia Rio Verde","","sócio-diretor.titular@institutodeoncologiarioverde.com.br"
"Sócio-Diretor Titular","Instituto de Cirurgia Ribeirão Preto","","sócio-diretor.titular@institutodecirurgiaribeiropreto.com.br"
"Sócio-Diretor Titular","Instituto de Oftalmologia Betim","","sócio-diretor.titular@institutodeoftalmologiabetim.com.br"
"Sócio-Diretor Titular","Instituto de Ortopedia Maringá","","sócio-diretor.titular@institutodeortopediamaring.com.br"
"Sócio-Diretor Titular","Trans Armazenagem Ribeirão Preto","","sócio-diretor.titular@transarmazenagemribeiropreto.com.br"
"Sócio-Diretor Titular","Trans Cargas Betim","","sócio-diretor.titular@transcargasbetim.com.br"
"Sócio-Diretor Titular","Trans Transporte Londrina","","sócio-diretor.titular@transtransportelondrina.com.br"
"Sócio-Diretor Titular","Trans Logística Blumenau","","sócio-diretor.titular@translogsticablumenau.com.br"
"Sócio-Diretor Titular","Trans Distribuição Três Lagoas","","sócio-diretor.titular@transdistribuiotrslagoas.com.br"
"Sócio-Diretor Titular","Comex Trading Goiânia","","sócio-diretor.titular@comextradinggoinia.com.br"
"Sócio-Diretor Titular","Comex Exportadora São Paulo","","sócio-diretor.titular@comexexportadorasopaulo.com.br"
"Sócio-Diretor Titular","Comex Importadora Uberlândia","","sócio-diretor.titular@comeximportadorauberlndia.com.br"
"Sócio-Diretor Titular","Comex Exportadora Curitiba","","sócio-diretor.titular@comexexportadoracuritiba.com.br"
"Sócio-Diretor Titular","Comex Comex Joinville","","sócio-diretor.titular@comexcomexjoinville.com.br"
"Sócio-Diretor Titular","Sociedade de Advogados Tributário Goiânia","","sócio-diretor.titular@sociedadedeadvogadostributriogoinia.com.br"
"Sócio-Diretor Titular","Sociedade de Advogados Societário, Jundiaí","","sócio-diretor.titular@sociedadedeadvogadossocietriojundia.com.br"
"Sócio-Diretor Titular","Sociedade de Advogados do Passos","","sócio-diretor.titular@sociedadedeadvogadosdopassos.com.br"
"Sócio-Diretor Titular","Sociedade de Advogados Judicial Londrina","","sócio-diretor.titular@sociedadedeadvogadosjudiciallondrina.com.br"
"Sócio-Diretor Titular","Sociedade de Advogados Empresarial Blumenau","","sócio-diretor.titular@sociedadedeadvogadosempresarialblumenau.com.br"
"Sócio-Diretor Titular","Fábrica de Caldeiraria Pesada Jundiaí","","sócio-diretor.titular@fbricadecaldeirariapesadajundia.com.br"
"Sócio-Diretor Titular","Fábrica de Estruturas de Aço Passos","","sócio-diretor.titular@fbricadeestruturasdeaopassos.com.br"
"Sócio-Diretor Titular","Fábrica de Equipamentos Hidráulicos São José dos Pinhais","","sócio-diretor.titular@fbricadeequipamentoshidrulicossojosdospinhais.com.br"
"Sócio-Diretor Titular","Fábrica de Fundição de Ligas Especiais Criciúma","","sócio-diretor.titular@fbricadefundiodeligasespeciaiscricima.com.br"
"Sócio-Diretor Titular","Fábrica de Termoplásticos Técnicos Três Lagoas","","sócio-diretor.titular@fbricadetermoplsticostcnicostrslagoas.com.br"
"Sócio-Diretor Titular","Agro Silos Goiânia","","sócio-diretor.titular@agrosilosgoinia.com.br"
"Sócio-Diretor Titular","Agro Sementes São José dos Campos","","sócio-diretor.titular@agrosementessojosdoscampos.com.br"
"Sócio-Diretor Titular","Agro Insumos Uberaba","","sócio-diretor.titular@agroinsumosuberaba.com.br"
"Sócio-Diretor Titular","Agro Nutrição Cascavel","","sócio-diretor.titular@agronutriocascavel.com.br"
"Sócio-Diretor Titular","Agro Bioinsumos Itajaí","","sócio-diretor.titular@agrobioinsumositaja.com.br"
"Sócio-Diretor Titular","Instituto de Cirurgia Campo Grande","","sócio-diretor.titular@institutodecirurgiacampogrande.com.br"
"Sócio-Diretor Titular","Instituto de Oncologia Rio Verde","","sócio-diretor.titular@institutodeoncologiarioverde.com.br"
"Sócio-Diretor Titular","Instituto de Cirurgia Ribeirão Preto","","sócio-diretor.titular@institutodecirurgiaribeiropreto.com.br"
"Sócio-Diretor Titular","Instituto de Oftalmologia Betim","","sócio-diretor.titular@institutodeoftalmologiabetim.com.br"
"Sócio-Diretor Titular","Instituto de Ortopedia Maringá","","sócio-diretor.titular@institutodeortopediamaring.com.br"
"Sócio-Diretor Titular","Trans Armazenagem Ribeirão Preto","","sócio-diretor.titular@transarmazenagemribeiropreto.com.br"
"Sócio-Diretor Titular","Trans Cargas Betim","","sócio-diretor.titular@transcargasbetim.com.br"
"Sócio-Diretor Titular","Trans Transporte Londrina","","sócio-diretor.titular@transtransportelondrina.com.br"
"Sócio-Diretor Titular","Trans Logística Blumenau","","sócio-diretor.titular@translogsticablumenau.com.br"
"Sócio-Diretor Titular","Trans Distribuição Três Lagoas","","sócio-diretor.titular@transdistribuiotrslagoas.com.br"
"Sócio-Diretor Titular","Comex Trading Goiânia","","sócio-diretor.titular@comextradinggoinia.com.br"
"Sócio-Diretor Titular","Comex Exportadora São Paulo","","sócio-diretor.titular@comexexportadorasopaulo.com.br"
"Sócio-Diretor Titular","Comex Importadora Uberlândia","","sócio-diretor.titular@comeximportadorauberlndia.com.br"
"Sócio-Diretor Titular","Comex Exportadora Curitiba","","sócio-diretor.titular@comexexportadoracuritiba.com.br"
"Sócio-Diretor Titular","Comex Comex Joinville","","sócio-diretor.titular@comexcomexjoinville.com.br"
"Sócio-Diretor Titular","Sociedade de Advogados Tributário Três Lagoas","","sócio-diretor.titular@sociedadedeadvogadostributriotrslagoas.com.br"
"Sócio-Diretor Titular","Sociedade de Advogados Societário, Rio Verde","","sócio-diretor.titular@sociedadedeadvogadossocietriorioverde.com.br"
"Sócio-Diretor Titular","Sociedade de Advogados do São José dos Campos","","sócio-diretor.titular@sociedadedeadvogadosdosojosdoscampos.com.br"
"Sócio-Diretor Titular","Sociedade de Advogados Judicial Uberaba","","sócio-diretor.titular@sociedadedeadvogadosjudicialuberaba.com.br"
"Sócio-Diretor Titular","Sociedade de Advogados Empresarial Curitiba","","sócio-diretor.titular@sociedadedeadvogadosempresarialcuritiba.com.br"
"Sócio-Diretor Titular","Sociedade de Advogados Tributário Joinville","","sócio-diretor.titular@sociedadedeadvogadostributriojoinville.com.br"
"Sócio-Diretor Titular","Sociedade de Advogados Societário, Campo Grande","","sócio-diretor.titular@sociedadedeadvogadossocietriocampogrande.com.br"
"Sócio-Diretor Titular","Sociedade de Advogados do Anápolis","","sócio-diretor.titular@sociedadedeadvogadosdoanpolis.com.br"
"Sócio-Diretor Titular","Sociedade de Advogados Judicial Ribeirão Preto","","sócio-diretor.titular@sociedadedeadvogadosjudicialribeiropreto.com.br"
"Sócio-Diretor Titular","Sociedade de Advogados Empresarial Betim","","sócio-diretor.titular@sociedadedeadvogadosempresarialbetim.com.br"
"Sócio-Diretor Titular","Fábrica de Caldeiraria Pesada São José dos Campos","","sócio-diretor.titular@fbricadecaldeirariapesadasojosdoscampos.com.br"
"Sócio-Diretor Titular","Fábrica de Estruturas de Aço Uberaba","","sócio-diretor.titular@fbricadeestruturasdeaouberaba.com.br"
"Sócio-Diretor Titular","Fábrica de Equipamentos Hidráulicos Toledo","","sócio-diretor.titular@fbricadeequipamentoshidrulicostoledo.com.br"
"Sócio-Diretor Titular","Fábrica de Fundição de Ligas Especiais Florianópolis","","sócio-diretor.titular@fbricadefundiodeligasespeciaisflorianpolis.com.br"
"Sócio-Diretor Titular","Fábrica de Termoplásticos Técnicos Campo Grande","","sócio-diretor.titular@fbricadetermoplsticostcnicoscampogrande.com.br"
"Sócio-Diretor Titular","Fábrica de Caldeiraria Pesada Goiânia","","sócio-diretor.titular@fbricadecaldeirariapesadagoinia.com.br"
"Sócio-Diretor Titular","Fábrica de Estruturas de Aço Ribeirão Preto","","sócio-diretor.titular@fbricadeestruturasdeaoribeiropreto.com.br"
"Sócio-Diretor Titular","Fábrica de Equipamentos Hidráulicos Betim","","sócio-diretor.titular@fbricadeequipamentoshidrulicosbetim.com.br"
"Sócio-Diretor Titular","Fábrica de Fundição de Ligas Especiais Ponta Grossa","","sócio-diretor.titular@fbricadefundiodeligasespeciaispontagrossa.com.br"
"Sócio-Diretor Titular","Fábrica de Termoplásticos Técnicos Jaraguá do Sul","","sócio-diretor.titular@fbricadetermoplsticostcnicosjaragudosul.com.br"
"Sócio-Diretor Titular","Agro Silos Três Lagoas","","sócio-diretor.titular@agrosilostrslagoas.com.br"
"Sócio-Diretor Titular","Agro Sementes Rio Verde","","sócio-diretor.titular@agrosementesrioverde.com.br"
"Sócio-Diretor Titular","Agro Insumos São Paulo","","sócio-diretor.titular@agroinsumossopaulo.com.br"
"Sócio-Diretor Titular","Agro Nutrição Uberlândia","","sócio-diretor.titular@agronutriouberlndia.com.br"
"Sócio-Diretor Titular","Agro Bioinsumos São José dos Pinhais","","sócio-diretor.titular@agrobioinsumossojosdospinhais.com.br"
"Sócio-Diretor Titular","Agro Silos Criciúma","","sócio-diretor.titular@agrosiloscricima.com.br"
"Sócio-Diretor Titular","Agro Sementes Campo Grande","","sócio-diretor.titular@agrosementescampogrande.com.br"
"Sócio-Diretor Titular","Agro Insumos Anápolis","","sócio-diretor.titular@agroinsumosanpolis.com.br"
"Sócio-Diretor Titular","Agro Nutrição Jundiaí","","sócio-diretor.titular@agronutriojundia.com.br"
"Sócio-Diretor Titular","Agro Bioinsumos Passos","","sócio-diretor.titular@agrobioinsumospassos.com.br"
"Sócio-Diretor Titular","Instituto de Cirurgia Cascavel","","sócio-diretor.titular@institutodecirurgiacascavel.com.br"
"Sócio-Diretor Titular","Instituto de Oncologia Itajaí","","sócio-diretor.titular@institutodeoncologiaitaja.com.br"
"Sócio-Diretor Titular","Instituto de Cirurgia Três Lagoas","","sócio-diretor.titular@institutodecirurgiatrslagoas.com.br"
"Sócio-Diretor Titular","Instituto de Oftalmologia Jataí","","sócio-diretor.titular@institutodeoftalmologiajata.com.br"
"Sócio-Diretor Titular","Instituto de Ortopedia São José dos Campos","","sócio-diretor.titular@institutodeortopediasojosdoscampos.com.br"
"Sócio-Diretor Titular","Instituto de Cirurgia Uberaba","","sócio-diretor.titular@institutodecirurgiauberaba.com.br"
"Sócio-Diretor Titular","Instituto de Oncologia Maringá","","sócio-diretor.titular@institutodeoncologiamaring.com.br"
"Sócio-Diretor Titular","Instituto de Cirurgia Chapecó","","sócio-diretor.titular@institutodecirurgiachapec.com.br"
"Sócio-Diretor Titular","Instituto de Oftalmologia Campo Grande","","sócio-diretor.titular@institutodeoftalmologiacampogrande.com.br"
"Sócio-Diretor Titular","Instituto de Ortopedia Itumbiara","","sócio-diretor.titular@institutodeortopediaitumbiara.com.br"
"Sócio-Diretor Titular","Trans Armazenagem São José dos Campos","","sócio-diretor.titular@transarmazenagemsojosdoscampos.com.br"
"Sócio-Diretor Titular","Trans Cargas Uberaba","","sócio-diretor.titular@transcargasuberaba.com.br"
"Sócio-Diretor Titular","Trans Transporte Curitiba","","sócio-diretor.titular@transtransportecuritiba.com.br"
"Sócio-Diretor Titular","Trans Logística Joinville","","sócio-diretor.titular@translogsticajoinville.com.br"
"Sócio-Diretor Titular","Trans Distribuição Campo Grande","","sócio-diretor.titular@transdistribuiocampogrande.com.br"
"Sócio-Diretor Titular","Trans Armazenagem Goiânia","","sócio-diretor.titular@transarmazenagemgoinia.com.br"
"Sócio-Diretor Titular","Trans Cargas Ribeirão Preto","","sócio-diretor.titular@transcargasribeiropreto.com.br"
"Sócio-Diretor Titular","Trans Transporte Betim","","sócio-diretor.titular@transtransportebetim.com.br"
"Sócio-Diretor Titular","Trans Logística Toledo","","sócio-diretor.titular@translogsticatoledo.com.br"
"Sócio-Diretor Titular","Trans Distribuição Florianópolis","","sócio-diretor.titular@transdistribuioflorianpolis.com.br"
"Sócio-Diretor Titular","Comex Trading Três Lagoas","","sócio-diretor.titular@comextradingtrslagoas.com.br"
"Sócio-Diretor Titular","Comex Exportadora Rio Verde","","sócio-diretor.titular@comexexportadorarioverde.com.br"
"Sócio-Diretor Titular","Comex Importadora São Paulo","","sócio-diretor.titular@comeximportadorasopaulo.com.br"
"Sócio-Diretor Titular","Comex Exportadora Uberlândia","","sócio-diretor.titular@comexexportadorauberlndia.com.br"
"Sócio-Diretor Titular","Comex Comex Ponta Grossa","","sócio-diretor.titular@comexcomexpontagrossa.com.br"
"Sócio-Diretor Titular","Comex Trading Jaraguá do Sul","","sócio-diretor.titular@comextradingjaragudosul.com.br"
"Sócio-Diretor Titular","Comex Exportadora Campo Grande","","sócio-diretor.titular@comexexportadoracampogrande.com.br"
"Sócio-Diretor Titular","Comex Importadora Anápolis","","sócio-diretor.titular@comeximportadoraanpolis.com.br"
"Sócio-Diretor Titular","Comex Exportadora Jundiaí","","sócio-diretor.titular@comexexportadorajundia.com.br"
"Sócio-Diretor Titular","Comex Comex Passos","","sócio-diretor.titular@comexcomexpassos.com.br"
"Sócio-Diretor Titular","Trans Armazenagem Jataí","","sócio-diretor.titular@transarmazenagemjata.com.br"
"Sócio-Diretor Titular","Trans Cargas São Paulo","","sócio-diretor.titular@transcargassopaulo.com.br"
"Sócio-Diretor Titular","Trans Transporte Uberlândia","","sócio-diretor.titular@transtransporteuberlndia.com.br"
"Sócio-Diretor Titular","Trans Logística Ponta Grossa","","sócio-diretor.titular@translogsticapontagrossa.com.br"
"Sócio-Diretor Titular","Trans Distribuição Jaraguá do Sul","","sócio-diretor.titular@transdistribuiojaragudosul.com.br"
"Sócio-Diretor Titular","Trans Armazenagem Campo Grande","","sócio-diretor.titular@transarmazenagemcampogrande.com.br"
"Sócio-Diretor Titular","Trans Cargas Itumbiara","","sócio-diretor.titular@transcargasitumbiara.com.br"
"Sócio-Diretor Titular","Trans Transporte Jundiaí","","sócio-diretor.titular@transtransportejundia.com.br"
"Sócio-Diretor Titular","Trans Logística Passos","","sócio-diretor.titular@translogsticapassos.com.br"
"Sócio-Diretor Titular","Trans Distribuição São José dos Pinhais","","sócio-diretor.titular@transdistribuiosojosdospinhais.com.br"
"Sócio-Diretor Titular","Trans Armazenagem Criciúma","","sócio-diretor.titular@transarmazenagemcricima.com.br"
"Sócio-Diretor Titular","Trans Cargas Três Lagoas","","sócio-diretor.titular@transcargastrslagoas.com.br"
"Sócio-Diretor Titular","Trans Transporte Goiânia","","sócio-diretor.titular@transtransportegoinia.com.br"
"Sócio-Diretor Titular","Trans Logística São José dos Campos","","sócio-diretor.titular@translogsticasojosdoscampos.com.br"
"Sócio-Diretor Titular","Trans Distribuição Uberaba","","sócio-diretor.titular@transdistribuiouberaba.com.br"
"Sócio-Diretor Titular","Trans Armazenagem Cascavel","","sócio-diretor.titular@transarmazenagemcascavel.com.br"
"Sócio-Diretor Titular","Trans Cargas Itajaí","","sócio-diretor.titular@transcargasitaja.com.br"
"Sócio-Diretor Titular","Comex Trading Joinville","","sócio-diretor.titular@comextradingjoinville.com.br"
"Sócio-Diretor Titular","Comex Exportadora Três Lagoas","","sócio-diretor.titular@comexexportadoratrslagoas.com.br"
"Sócio-Diretor Titular","Comex Importadora Itumbiara","","sócio-diretor.titular@comeximportadoraitumbiara.com.br"
"Sócio-Diretor Titular","Comex Exportadora São José dos Campos","","sócio-diretor.titular@comexexportadorasojosdoscampos.com.br"
"Sócio-Diretor Titular","Comex Comex Uberaba","","sócio-diretor.titular@comexcomexuberaba.com.br"
"Sócio-Diretor Titular","Comex Trading Toledo","","sócio-diretor.titular@comextradingtoledo.com.br"
"Sócio-Diretor Titular","Comex Exportadora Florianópolis","","sócio-diretor.titular@comexexportadoraflorianpolis.com.br"
"Sócio-Diretor Titular","Comex Importadora Campo Grande","","sócio-diretor.titular@comeximportadoracampogrande.com.br"
"Sócio-Diretor Titular","Comex Exportadora Goiânia","","sócio-diretor.titular@comexexportadoragoinia.com.br"
"Sócio-Diretor Titular","Comex Comex Ribeirão Preto","","sócio-diretor.titular@comexcomexribeiropreto.com.br"
"Sócio-Diretor Titular","Comex Trading Betim","","sócio-diretor.titular@comextradingbetim.com.br"
"Sócio-Diretor Titular","Comex Exportadora Ponta Grossa","","sócio-diretor.titular@comexexportadorapontagrossa.com.br"
"Sócio-Diretor Titular","Comex Importadora Jaraguá do Sul","","sócio-diretor.titular@comeximportadorajaragudosul.com.br"
"Sócio-Diretor Titular","Comex Exportadora Três Lagoas","","sócio-diretor.titular@comexexportadoratrslagoas.com.br"
"Sócio-Diretor Titular","Comex Comex Rio Verde","","sócio-diretor.titular@comexcomexrioverde.com.br"
"Sócio-Diretor Titular","Comex Trading São Paulo","","sócio-diretor.titular@comextradingsopaulo.com.br"
"Sócio-Diretor Titular","Sociedade de Advogados Tributário Londrina","","sócio-diretor.titular@sociedadedeadvogadostributriolondrina.com.br"
"Sócio-Diretor Titular","Sociedade de Advogados Societário, Blumenau","","sócio-diretor.titular@sociedadedeadvogadossocietrioblumenau.com.br"
"Sócio-Diretor Titular","Sociedade de Advogados do Três Lagoas","","sócio-diretor.titular@sociedadedeadvogadosdotrslagoas.com.br"
"Sócio-Diretor Titular","Sociedade de Advogados Judicial Goiânia","","sócio-diretor.titular@sociedadedeadvogadosjudicialgoinia.com.br"
"Sócio-Diretor Titular","Sociedade de Advogados Empresarial São Paulo","","sócio-diretor.titular@sociedadedeadvogadosempresarialsopaulo.com.br"
"Sócio-Diretor Titular","Sociedade de Advogados Tributário Uberlândia","","sócio-diretor.titular@sociedadedeadvogadostributriouberlndia.com.br"
"Sócio-Diretor Titular","Sociedade de Advogados Societário, Curitiba","","sócio-diretor.titular@sociedadedeadvogadossocietriocuritiba.com.br"
"Sócio-Diretor Titular","Sociedade de Advogados do Joinville","","sócio-diretor.titular@sociedadedeadvogadosdojoinville.com.br"
"Sócio-Diretor Titular","Sociedade de Advogados Judicial Campo Grande","","sócio-diretor.titular@sociedadedeadvogadosjudicialcampogrande.com.br"
"Sócio-Diretor Titular","Sociedade de Advogados Empresarial Rio Verde","","sócio-diretor.titular@sociedadedeadvogadosempresarialrioverde.com.br"
"Sócio-Diretor Titular","Sociedade de Advogados Tributário Jundiaí","","sócio-diretor.titular@sociedadedeadvogadostributriojundia.com.br"
"Sócio-Diretor Titular","Sociedade de Advogados Societário, Passos","","sócio-diretor.titular@sociedadedeadvogadossocietriopassos.com.br"
"Sócio-Diretor Titular","Sociedade de Advogados do Toledo","","sócio-diretor.titular@sociedadedeadvogadosdotoledo.com.br"
"Sócio-Diretor Titular","Sociedade de Advogados Judicial Florianópolis","","sócio-diretor.titular@sociedadedeadvogadosjudicialflorianpolis.com.br"
"Sócio-Diretor Titular","Sociedade de Advogados Empresarial Três Lagoas","","sócio-diretor.titular@sociedadedeadvogadosempresarialtrslagoas.com.br"
"Sócio-Diretor Titular","Sociedade de Advogados Tributário Anápolis","","sócio-diretor.titular@sociedadedeadvogadostributrioanpolis.com.br"
"Sócio-Diretor Titular","Sociedade de Advogados Societário, São José dos Campos","","sócio-diretor.titular@sociedadedeadvogadossocietriosojosdoscampos.com.br"
"Sócio-Diretor Titular","Sociedade de Advogados do Uberaba","","sócio-diretor.titular@sociedadedeadvogadosdouberaba.com.br"
"Sócio-Diretor Titular","Sociedade de Advogados Judicial Ponta Grossa","","sócio-diretor.titular@sociedadedeadvogadosjudicialpontagrossa.com.br"
"Sócio-Diretor Titular","Sociedade de Advogados Tributário São Paulo","","sócio-diretor.titular@sociedadedeadvogadostributriosopaulo.com.br"
"Sócio-Diretor Titular","Sociedade de Advogados Societário, Uberlândia","","sócio-diretor.titular@sociedadedeadvogadossocietriouberlndia.com.br"
"Sócio-Diretor Titular","Sociedade de Advogados do São José dos Pinhais","","sócio-diretor.titular@sociedadedeadvogadosdosojosdospinhais.com.br"
"Sócio-Diretor Titular","Sociedade de Advogados Judicial Criciúma","","sócio-diretor.titular@sociedadedeadvogadosjudicialcricima.com.br"
"Sócio-Diretor Titular","Sociedade de Advogados Empresarial Campo Grande","","sócio-diretor.titular@sociedadedeadvogadosempresarialcampogrande.com.br"
"Sócio-Diretor Titular","Sociedade de Advogados Tributário Anápolis","","sócio-diretor.titular@sociedadedeadvogadostributrioanpolis.com.br"
"Sócio-Diretor Titular","Sociedade de Advogados Societário, Jundiaí","","sócio-diretor.titular@sociedadedeadvogadossocietriojundia.com.br"
"Sócio-Diretor Titular","Sociedade de Advogados do Passos","","sócio-diretor.titular@sociedadedeadvogadosdopassos.com.br"
"Sócio-Diretor Titular","Sociedade de Advogados Judicial Cascavel","","sócio-diretor.titular@sociedadedeadvogadosjudicialcascavel.com.br"
"Sócio-Diretor Titular","Sociedade de Advogados Empresarial Itajaí","","sócio-diretor.titular@sociedadedeadvogadosempresarialitaja.com.br"
"Sócio-Diretor Titular","Sociedade de Advogados Tributário Três Lagoas","","sócio-diretor.titular@sociedadedeadvogadostributriotrslagoas.com.br"
"Sócio-Diretor Titular","Sociedade de Advogados Societário, Jataí","","sócio-diretor.titular@sociedadedeadvogadossocietriojata.com.br"
"Sócio-Diretor Titular","Sociedade de Advogados do São José dos Campos","","sócio-diretor.titular@sociedadedeadvogadosdosojosdoscampos.com.br"
"Sócio-Diretor Titular","Sociedade de Advogados Judicial Uberaba","","sócio-diretor.titular@sociedadedeadvogadosjudicialuberaba.com.br"
"Sócio-Diretor Titular","Sociedade de Advogados Empresarial Maringá","","sócio-diretor.titular@sociedadedeadvogadosempresarialmaring.com.br"
"Sócio-Diretor Titular","Sociedade de Advogados Tributário Chapecó","","sócio-diretor.titular@sociedadedeadvogadostributriochapec.com.br"
"Sócio-Diretor Titular","Sociedade de Advogados Societário, Campo Grande","","sócio-diretor.titular@sociedadedeadvogadossocietriocampogrande.com.br"
"Sócio-Diretor Titular","Sociedade de Advogados do Itumbiara","","sócio-diretor.titular@sociedadedeadvogadosdoitumbiara.com.br"
"Sócio-Diretor Titular","Sociedade de Advogados Judicial Ribeirão Preto","","sócio-diretor.titular@sociedadedeadvogadosjudicialribeiropreto.com.br"
"Sócio-Diretor Titular","Sociedade de Advogados Empresarial Betim","","sócio-diretor.titular@sociedadedeadvogadosempresarialbetim.com.br"
"Sócio-Diretor Titular","Organização Contábil & Auditoria Auditoria Joinville","","sócio-diretor.titular@organizaocontbilauditoriaauditoriajoinville.com.br"
"Sócio-Diretor Titular","Organização Contábil & Auditoria BPO Campo Grande","","sócio-diretor.titular@organizaocontbilauditoriabpocampogrande.com.br"
"Sócio-Diretor Titular","Organização Contábil & Auditoria Perícia Goiânia","","sócio-diretor.titular@organizaocontbilauditoriaperciagoinia.com.br"
"Sócio-Diretor Titular","Organização Contábil & Auditoria Consultoria Ribeirão Preto","","sócio-diretor.titular@organizaocontbilauditoriaconsultoriaribeiropreto.com.br"
"Sócio-Diretor Titular","Organização Contábil & Auditoria Contabilidade Betim","","sócio-diretor.titular@organizaocontbilauditoriacontabilidadebetim.com.br"
"Sócio-Diretor Titular","Organização Contábil & Auditoria Auditoria Toledo","","sócio-diretor.titular@organizaocontbilauditoriaauditoriatoledo.com.br"
"Sócio-Diretor Titular","Organização Contábil & Auditoria BPO Florianópolis","","sócio-diretor.titular@organizaocontbilauditoriabpoflorianpolis.com.br"
"Sócio-Diretor Titular","Organização Contábil & Auditoria Perícia Três Lagoas","","sócio-diretor.titular@organizaocontbilauditoriaperciatrslagoas.com.br"
"Sócio-Diretor Titular","Organização Contábil & Auditoria Consultoria Rio Verde","","sócio-diretor.titular@organizaocontbilauditoriaconsultoriarioverde.com.br"
"Sócio-Diretor Titular","Organização Contábil & Auditoria Contabilidade São Paulo","","sócio-diretor.titular@organizaocontbilauditoriacontabilidadesopaulo.com.br"
"Sócio-Diretor Titular","Organização Contábil & Auditoria Auditoria Uberlândia","","sócio-diretor.titular@organizaocontbilauditoriaauditoriauberlndia.com.br"
"Sócio-Diretor Titular","Organização Contábil & Auditoria BPO Ponta Grossa","","sócio-diretor.titular@organizaocontbilauditoriabpopontagrossa.com.br"
"Sócio-Diretor Titular","Organização Contábil & Auditoria Perícia Jaraguá do Sul","","sócio-diretor.titular@organizaocontbilauditoriaperciajaragudosul.com.br"
"Sócio-Diretor Titular","Organização Contábil & Auditoria Consultoria Campo Grande","","sócio-diretor.titular@organizaocontbilauditoriaconsultoriacampogrande.com.br"
"Sócio-Diretor Titular","Organização Contábil & Auditoria Contabilidade Anápolis","","sócio-diretor.titular@organizaocontbilauditoriacontabilidadeanpolis.com.br"
"Sócio-Diretor Titular","Organização Contábil & Auditoria Auditoria Jundiaí","","sócio-diretor.titular@organizaocontbilauditoriaauditoriajundia.com.br"
"Sócio-Diretor Titular","Organização Contábil & Auditoria BPO Passos","","sócio-diretor.titular@organizaocontbilauditoriabpopassos.com.br"
"Sócio-Diretor Titular","Organização Contábil & Auditoria Auditoria São Paulo","","sócio-diretor.titular@organizaocontbilauditoriaauditoriasopaulo.com.br"
"Sócio-Diretor Titular","Organização Contábil & Auditoria BPO Uberlândia","","sócio-diretor.titular@organizaocontbilauditoriabpouberlndia.com.br"
"Sócio-Diretor Titular","Organização Contábil & Auditoria Perícia Maringá","","sócio-diretor.titular@organizaocontbilauditoriaperciamaring.com.br"
"Sócio-Diretor Titular","Organização Contábil & Auditoria Consultoria Chapecó","","sócio-diretor.titular@organizaocontbilauditoriaconsultoriachapec.com.br"
"Sócio-Diretor Titular","Organização Contábil & Auditoria Contabilidade Campo Grande","","sócio-diretor.titular@organizaocontbilauditoriacontabilidadecampogrande.com.br"
"Sócio-Diretor Titular","Organização Contábil & Auditoria Auditoria Goiânia","","sócio-diretor.titular@organizaocontbilauditoriaauditoriagoinia.com.br"
"Sócio-Diretor Titular","Organização Contábil & Auditoria BPO Jundiaí","","sócio-diretor.titular@organizaocontbilauditoriabpojundia.com.br"
"Sócio-Diretor Titular","Organização Contábil & Auditoria Perícia Passos","","sócio-diretor.titular@organizaocontbilauditoriaperciapassos.com.br"
"Sócio-Diretor Titular","Organização Contábil & Auditoria Consultoria Londrina","","sócio-diretor.titular@organizaocontbilauditoriaconsultorialondrina.com.br"
"Sócio-Diretor Titular","Organização Contábil & Auditoria Contabilidade Blumenau","","sócio-diretor.titular@organizaocontbilauditoriacontabilidadeblumenau.com.br"
"Sócio-Diretor Titular","Organização Contábil & Auditoria Auditoria Três Lagoas","","sócio-diretor.titular@organizaocontbilauditoriaauditoriatrslagoas.com.br"
"Sócio-Diretor Titular","Organização Contábil & Auditoria BPO Rio Verde","","sócio-diretor.titular@organizaocontbilauditoriabporioverde.com.br"
"Sócio-Diretor Titular","Organização Contábil & Auditoria Perícia São José dos Campos","","sócio-diretor.titular@organizaocontbilauditoriaperciasojosdoscampos.com.br"
"Sócio-Diretor Titular","Organização Contábil & Auditoria Consultoria Uberaba","","sócio-diretor.titular@organizaocontbilauditoriaconsultoriauberaba.com.br"
"Sócio-Diretor Titular","Organização Contábil & Auditoria Contabilidade Curitiba","","sócio-diretor.titular@organizaocontbilauditoriacontabilidadecuritiba.com.br"
"Sócio-Diretor Titular","Organização Contábil & Auditoria Auditoria Joinville","","sócio-diretor.titular@organizaocontbilauditoriaauditoriajoinville.com.br"
"Sócio-Diretor Titular","Organização Contábil & Auditoria BPO Campo Grande","","sócio-diretor.titular@organizaocontbilauditoriabpocampogrande.com.br"
"Sócio-Diretor Titular","Organização Contábil & Auditoria Perícia Anápolis","","sócio-diretor.titular@organizaocontbilauditoriaperciaanpolis.com.br"
"Sócio-Diretor Titular","Organização Contábil & Auditoria Consultoria Ribeirão Preto","","sócio-diretor.titular@organizaocontbilauditoriaconsultoriaribeiropreto.com.br"
"Sócio-Diretor Titular","Organização Contábil & Auditoria Contabilidade Betim","","sócio-diretor.titular@organizaocontbilauditoriacontabilidadebetim.com.br"
"Sócio-Diretor Titular","Organização Contábil & Auditoria Auditoria Toledo","","sócio-diretor.titular@organizaocontbilauditoriaauditoriatoledo.com.br"
"Sócio-Diretor Titular","Organização Contábil & Auditoria BPO Florianópolis","","sócio-diretor.titular@organizaocontbilauditoriabpoflorianpolis.com.br"
"Sócio-Diretor Titular","Organização Contábil & Auditoria Perícia Três Lagoas","","sócio-diretor.titular@organizaocontbilauditoriaperciatrslagoas.com.br"
"Sócio-Diretor Titular","Organização Contábil & Auditoria Consultoria Jataí","","sócio-diretor.titular@organizaocontbilauditoriaconsultoriajata.com.br"
"Sócio-Diretor Titular","Organização Contábil & Auditoria Contabilidade São Paulo","","sócio-diretor.titular@organizaocontbilauditoriacontabilidadesopaulo.com.br"
"Sócio-Diretor Titular","Organização Contábil & Auditoria Auditoria Uberlândia","","sócio-diretor.titular@organizaocontbilauditoriaauditoriauberlndia.com.br"
"Sócio-Diretor Titular","Organização Contábil & Auditoria BPO Ponta Grossa","","sócio-diretor.titular@organizaocontbilauditoriabpopontagrossa.com.br"
"Sócio-Diretor Titular","Organização Contábil & Auditoria Perícia Jaraguá do Sul","","sócio-diretor.titular@organizaocontbilauditoriaperciajaragudosul.com.br"
"Sócio-Diretor Titular","Organização Contábil & Auditoria Consultoria Campo Grande","","sócio-diretor.titular@organizaocontbilauditoriaconsultoriacampogrande.com.br"
"Sócio-Diretor Titular","Organização Contábil & Auditoria Contabilidade Itumbiara","","sócio-diretor.titular@organizaocontbilauditoriacontabilidadeitumbiara.com.br"
"Sócio-Diretor Titular","Organização Contábil & Auditoria Auditoria Jundiaí","","sócio-diretor.titular@organizaocontbilauditoriaauditoriajundia.com.br"
"Sócio-Diretor Titular","Organização Contábil & Auditoria BPO Passos","","sócio-diretor.titular@organizaocontbilauditoriabpopassos.com.br"
"Sócio-Diretor Titular","Organização Contábil & Auditoria Perícia São José dos Pinhais","","sócio-diretor.titular@organizaocontbilauditoriaperciasojosdospinhais.com.br"
"Sócio-Diretor Titular","Organização Contábil & Auditoria Consultoria Criciúma","","sócio-diretor.titular@organizaocontbilauditoriaconsultoriacricima.com.br"
"Sócio-Diretor Titular","Organização Contábil & Auditoria Contabilidade Três Lagoas","","sócio-diretor.titular@organizaocontbilauditoriacontabilidadetrslagoas.com.br"
"Sócio-Diretor Titular","Organização Contábil & Auditoria Auditoria Goiânia","","sócio-diretor.titular@organizaocontbilauditoriaauditoriagoinia.com.br"
"Sócio-Diretor Titular","Organização Contábil & Auditoria BPO São José dos Campos","","sócio-diretor.titular@organizaocontbilauditoriabposojosdoscampos.com.br"
"Sócio-Diretor Titular","Organização Contábil & Auditoria Perícia Uberaba","","sócio-diretor.titular@organizaocontbilauditoriaperciauberaba.com.br"
"Sócio-Diretor Titular","Organização Contábil & Auditoria Consultoria Cascavel","","sócio-diretor.titular@organizaocontbilauditoriaconsultoriacascavel.com.br"
"Sócio-Diretor Titular","Organização Contábil & Auditoria Contabilidade Itajaí","","sócio-diretor.titular@organizaocontbilauditoriacontabilidadeitaja.com.br"
"Sócio-Diretor Titular","Organização Contábil & Auditoria Auditoria Campo Grande","","sócio-diretor.titular@organizaocontbilauditoriaauditoriacampogrande.com.br"
"Sócio-Diretor Titular","Organização Contábil & Auditoria BPO Rio Verde","","sócio-diretor.titular@organizaocontbilauditoriabporioverde.com.br"
"Sócio-Diretor Titular","Organização Contábil & Auditoria Perícia Ribeirão Preto","","sócio-diretor.titular@organizaocontbilauditoriaperciaribeiropreto.com.br"
"Sócio-Diretor Titular","Organização Contábil & Auditoria Consultoria Betim","","sócio-diretor.titular@organizaocontbilauditoriaconsultoriabetim.com.br"
"Sócio-Diretor Titular","Organização Contábil & Auditoria Contabilidade Maringá","","sócio-diretor.titular@organizaocontbilauditoriacontabilidademaring.com.br"
"Sócio-Diretor Titular","Organização Contábil & Auditoria Auditoria Chapecó","","sócio-diretor.titular@organizaocontbilauditoriaauditoriachapec.com.br"
"Sócio-Diretor Titular","Organização Contábil & Auditoria BPO Três Lagoas","","sócio-diretor.titular@organizaocontbilauditoriabpotrslagoas.com.br"
"Sócio-Diretor Titular","Organização Contábil & Auditoria Perícia Anápolis","","sócio-diretor.titular@organizaocontbilauditoriaperciaanpolis.com.br"
"Sócio-Diretor Titular","Organização Contábil & Auditoria Consultoria São Paulo","","sócio-diretor.titular@organizaocontbilauditoriaconsultoriasopaulo.com.br"
"Sócio-Diretor Titular","Organização Contábil & Auditoria Contabilidade Uberlândia","","sócio-diretor.titular@organizaocontbilauditoriacontabilidadeuberlndia.com.br"
"Sócio-Diretor Titular","Organização Contábil & Auditoria Auditoria Londrina","","sócio-diretor.titular@organizaocontbilauditoriaauditorialondrina.com.br"
"Sócio-Diretor Titular","Organização Contábil & Auditoria BPO Blumenau","","sócio-diretor.titular@organizaocontbilauditoriabpoblumenau.com.br"
"Sócio-Diretor Titular","Organização Contábil & Auditoria Perícia Campo Grande","","sócio-diretor.titular@organizaocontbilauditoriaperciacampogrande.com.br"
"Sócio-Diretor Titular","Organização Contábil & Auditoria Consultoria Jataí","","sócio-diretor.titular@organizaocontbilauditoriaconsultoriajata.com.br"
"Sócio-Diretor Titular","Organização Contábil & Auditoria Contabilidade Jundiaí","","sócio-diretor.titular@organizaocontbilauditoriacontabilidadejundia.com.br"
"Sócio-Diretor Titular","Organização Contábil & Auditoria Auditoria Passos","","sócio-diretor.titular@organizaocontbilauditoriaauditoriapassos.com.br"
"Sócio-Diretor Titular","Organização Contábil & Auditoria BPO Curitiba","","sócio-diretor.titular@organizaocontbilauditoriabpocuritiba.com.br"
"Sócio-Diretor Titular","Organização Contábil & Auditoria Perícia Joinville","","sócio-diretor.titular@organizaocontbilauditoriaperciajoinville.com.br"
"Sócio-Diretor Titular","Organização Contábil & Auditoria Consultoria Três Lagoas","","sócio-diretor.titular@organizaocontbilauditoriaconsultoriatrslagoas.com.br"
"Sócio-Diretor Titular","Organização Contábil & Auditoria Contabilidade Itumbiara","","sócio-diretor.titular@organizaocontbilauditoriacontabilidadeitumbiara.com.br"
"Sócio-Diretor Titular","Organização Contábil & Auditoria Auditoria São José dos Campos","","sócio-diretor.titular@organizaocontbilauditoriaauditoriasojosdoscampos.com.br"
"Sócio-Diretor Titular","Organização Contábil & Auditoria BPO Uberaba","","sócio-diretor.titular@organizaocontbilauditoriabpouberaba.com.br"
"Sócio-Diretor Titular","Organização Contábil & Auditoria Perícia Toledo","","sócio-diretor.titular@organizaocontbilauditoriaperciatoledo.com.br"
"Sócio-Diretor Titular","Organização Contábil & Auditoria Consultoria Florianópolis","","sócio-diretor.titular@organizaocontbilauditoriaconsultoriaflorianpolis.com.br"
"Sócio-Diretor Titular","Organização Contábil & Auditoria Contabilidade Campo Grande","","sócio-diretor.titular@organizaocontbilauditoriacontabilidadecampogrande.com.br"
"Sócio-Diretor Titular","Organização Contábil & Auditoria Auditoria Goiânia","","sócio-diretor.titular@organizaocontbilauditoriaauditoriagoinia.com.br"
"Sócio-Diretor Titular","Organização Contábil & Auditoria BPO Ribeirão Preto","","sócio-diretor.titular@organizaocontbilauditoriabporibeiropreto.com.br"
"Sócio-Diretor Titular","Organização Contábil & Auditoria Perícia Betim","","sócio-diretor.titular@organizaocontbilauditoriaperciabetim.com.br"
"Sócio-Diretor Titular","Organização Contábil & Auditoria Consultoria Ponta Grossa","","sócio-diretor.titular@organizaocontbilauditoriaconsultoriapontagrossa.com.br"
"Sócio-Diretor Titular","Organização Contábil & Auditoria Contabilidade Jaraguá do Sul","","sócio-diretor.titular@organizaocontbilauditoriacontabilidadejaragudosul.com.br"
"Sócio-Diretor Titular","Organização Contábil & Auditoria Auditoria Três Lagoas","","sócio-diretor.titular@organizaocontbilauditoriaauditoriatrslagoas.com.br"
"Sócio-Diretor Titular","Organização Contábil & Auditoria BPO Rio Verde","","sócio-diretor.titular@organizaocontbilauditoriabporioverde.com.br"
"Sócio-Diretor Titular","Organização Contábil & Auditoria Perícia São Paulo","","sócio-diretor.titular@organizaocontbilauditoriaperciasopaulo.com.br"
"Sócio-Diretor Titular","Organização Contábil & Auditoria Consultoria Uberlândia","","sócio-diretor.titular@organizaocontbilauditoriaconsultoriauberlndia.com.br"
"Sócio-Diretor Titular","Organização Contábil & Auditoria Contabilidade São José dos Pinhais","","sócio-diretor.titular@organizaocontbilauditoriacontabilidadesojosdospinhais.com.br"
"Sócio-Diretor Titular","Organização Contábil & Auditoria Auditoria Criciúma","","sócio-diretor.titular@organizaocontbilauditoriaauditoriacricima.com.br"
"Sócio-Diretor Titular","Organização Contábil & Auditoria BPO Campo Grande","","sócio-diretor.titular@organizaocontbilauditoriabpocampogrande.com.br"
"Sócio-Diretor Titular","Organização Contábil & Auditoria Perícia Anápolis","","sócio-diretor.titular@organizaocontbilauditoriaperciaanpolis.com.br"
"Sócio-Diretor Titular","Organização Contábil & Auditoria Consultoria Jundiaí","","sócio-diretor.titular@organizaocontbilauditoriaconsultoriajundia.com.br"
"Sócio-Diretor Titular","Organização Contábil & Auditoria Contabilidade Passos","","sócio-diretor.titular@organizaocontbilauditoriacontabilidadepassos.com.br"
"Sócio-Diretor Titular","Organização Contábil & Auditoria Auditoria Cascavel","","sócio-diretor.titular@organizaocontbilauditoriaauditoriacascavel.com.br"
"Sócio-Diretor Titular","Organização Contábil & Auditoria BPO Itajaí","","sócio-diretor.titular@organizaocontbilauditoriabpoitaja.com.br"
"Sócio-Diretor Titular","Organização Contábil & Auditoria Perícia Três Lagoas","","sócio-diretor.titular@organizaocontbilauditoriaperciatrslagoas.com.br"
"Sócio-Diretor Titular","Fábrica de Caldeiraria Pesada Jataí","","sócio-diretor.titular@fbricadecaldeirariapesadajata.com.br"
"Sócio-Diretor Titular","Fábrica de Estruturas Metálicas São José dos Campos","","sócio-diretor.titular@fbricadeestruturasmetlicassojosdoscampos.com.br"
"Sócio-Diretor Titular","Fábrica de Equipamentos Hidráulicos Uberaba","","sócio-diretor.titular@fbricadeequipamentoshidrulicosuberaba.com.br"
"Sócio-Diretor Titular","Fábrica de Fundição de Precisão Maringá","","sócio-diretor.titular@fbricadefundiodeprecisomaring.com.br"
"Sócio-Diretor Titular","Fábrica de Termoplásticos Técnicos Chapecó","","sócio-diretor.titular@fbricadetermoplsticostcnicoschapec.com.br"
"Sócio-Diretor Titular","Fábrica de Caldeiraria Pesada Campo Grande","","sócio-diretor.titular@fbricadecaldeirariapesadacampogrande.com.br"
"Sócio-Diretor Titular","Fábrica de Estruturas Metálicas Itumbiara","","sócio-diretor.titular@fbricadeestruturasmetlicasitumbiara.com.br"
"Sócio-Diretor Titular","Fábrica de Equipamentos Hidráulicos Ribeirão Preto","","sócio-diretor.titular@fbricadeequipamentoshidrulicosribeiropreto.com.br"
"Sócio-Diretor Titular","Fábrica de Fundição de Precisão Betim","","sócio-diretor.titular@fbricadefundiodeprecisobetim.com.br"
"Sócio-Diretor Titular","Fábrica de Termoplásticos Técnicos Londrina","","sócio-diretor.titular@fbricadetermoplsticostcnicoslondrina.com.br"
"Sócio-Diretor Titular","Fábrica de Caldeiraria Pesada Blumenau","","sócio-diretor.titular@fbricadecaldeirariapesadablumenau.com.br"
"Sócio-Diretor Titular","Agro Silos Três Lagoas","","sócio-diretor.titular@agrosilostrslagoas.com.br"
"Sócio-Diretor Titular","Agro Sementes Goiânia","","sócio-diretor.titular@agrosementesgoinia.com.br"
"Sócio-Diretor Titular","Agro Insumos São Paulo","","sócio-diretor.titular@agroinsumossopaulo.com.br"
"Sócio-Diretor Titular","Agro Nutrição Uberlândia","","sócio-diretor.titular@agronutriouberlndia.com.br"
"Sócio-Diretor Titular","Agro Bioinsumos Curitiba","","sócio-diretor.titular@agrobioinsumoscuritiba.com.br"
"Sócio-Diretor Titular","Agro Silos Joinville","","sócio-diretor.titular@agrosilosjoinville.com.br"
"Sócio-Diretor Titular","Agro Sementes Campo Grande","","sócio-diretor.titular@agrosementescampogrande.com.br"
"Sócio-Diretor Titular","Agro Insumos Rio Verde","","sócio-diretor.titular@agroinsumosrioverde.com.br"
"Sócio-Diretor Titular","Agro Nutrição Jundiaí","","sócio-diretor.titular@agronutriojundia.com.br"
"Sócio-Diretor Titular","Agro Bioinsumos Passos","","sócio-diretor.titular@agrobioinsumospassos.com.br"
"Sócio-Diretor Titular","Agro Silos Toledo","","sócio-diretor.titular@agrosilostoledo.com.br"
"Sócio-Diretor Titular","Instituto de Cirurgia Florianópolis","","sócio-diretor.titular@institutodecirurgiaflorianpolis.com.br"
"Sócio-Diretor Titular","Instituto de Oncologia Três Lagoas","","sócio-diretor.titular@institutodeoncologiatrslagoas.com.br"
"Sócio-Diretor Titular","Instituto de Cirurgia Anápolis","","sócio-diretor.titular@institutodecirurgiaanpolis.com.br"
"Sócio-Diretor Titular","Instituto de Oftalmologia São José dos Campos","","sócio-diretor.titular@institutodeoftalmologiasojosdoscampos.com.br"
"Sócio-Diretor Titular","Instituto de Ortopedia Uberaba","","sócio-diretor.titular@institutodeortopediauberaba.com.br"
"Sócio-Diretor Titular","Instituto de Cirurgia Ponta Grossa","","sócio-diretor.titular@institutodecirurgiapontagrossa.com.br"
"Sócio-Diretor Titular","Instituto de Oncologia Jaraguá do Sul","","sócio-diretor.titular@institutodeoncologiajaragudosul.com.br"
"Sócio-Diretor Titular","Instituto de Cirurgia Campo Grande","","sócio-diretor.titular@institutodecirurgiacampogrande.com.br"
"Sócio-Diretor Titular","Instituto de Oftalmologia Jataí","","sócio-diretor.titular@institutodeoftalmologiajata.com.br"
"Sócio-Diretor Titular","Instituto de Ortopedia Ribeirão Preto","","sócio-diretor.titular@institutodeortopediaribeiropreto.com.br"
"Sócio-Diretor Titular","Instituto de Cirurgia Betim","","sócio-diretor.titular@institutodecirurgiabetim.com.br"
"Sócio-Diretor Titular","Trans Armazenagem Campo Grande","","sócio-diretor.titular@transarmazenagemcampogrande.com.br"
"Sócio-Diretor Titular","Trans Cargas Rio Verde","","sócio-diretor.titular@transcargasrioverde.com.br"
"Sócio-Diretor Titular","Trans Transporte Ribeirão Preto","","sócio-diretor.titular@transtransporteribeiropreto.com.br"
"Sócio-Diretor Titular","Trans Logística Betim","","sócio-diretor.titular@translogsticabetim.com.br"
"Sócio-Diretor Titular","Trans Distribuição Cascavel","","sócio-diretor.titular@transdistribuiocascavel.com.br"
"Sócio-Diretor Titular","Trans Armazenagem Itajaí","","sócio-diretor.titular@transarmazenagemitaja.com.br"
"Sócio-Diretor Titular","Trans Cargas Três Lagoas","","sócio-diretor.titular@transcargastrslagoas.com.br"
"Sócio-Diretor Titular","Trans Transporte Anápolis","","sócio-diretor.titular@transtransporteanpolis.com.br"
"Sócio-Diretor Titular","Trans Logística São Paulo","","sócio-diretor.titular@translogsticasopaulo.com.br"
"Sócio-Diretor Titular","Trans Distribuição Uberlândia","","sócio-diretor.titular@transdistribuiouberlndia.com.br"
"Sócio-Diretor Titular","Trans Armazenagem Maringá","","sócio-diretor.titular@transarmazenagemmaring.com.br"
"Sócio-Diretor Titular","Comex Trading Curitiba","","sócio-diretor.titular@comextradingcuritiba.com.br"
"Sócio-Diretor Titular","Comex Exportadora Joinville","","sócio-diretor.titular@comexexportadorajoinville.com.br"
"Sócio-Diretor Titular","Comex Importadora Campo Grande","","sócio-diretor.titular@comeximportadoracampogrande.com.br"
"Sócio-Diretor Titular","Comex Exportadora Goiânia","","sócio-diretor.titular@comexexportadoragoinia.com.br"
"Sócio-Diretor Titular","Comex Comex Ribeirão Preto","","sócio-diretor.titular@comexcomexribeiropreto.com.br"
"Sócio-Diretor Titular","Comex Trading Betim","","sócio-diretor.titular@comextradingbetim.com.br"
"Sócio-Diretor Titular","Comex Exportadora Toledo","","sócio-diretor.titular@comexexportadoratoledo.com.br"
"Sócio-Diretor Titular","Comex Importadora Florianópolis","","sócio-diretor.titular@comeximportadoraflorianpolis.com.br"
"Sócio-Diretor Titular","Comex Exportadora Três Lagoas","","sócio-diretor.titular@comexexportadoratrslagoas.com.br"
"Sócio-Diretor Titular","Comex Comex Rio Verde","","sócio-diretor.titular@comexcomexrioverde.com.br"
"Sócio-Diretor Titular","Comex Trading São Paulo","","sócio-diretor.titular@comextradingsopaulo.com.br"
"Sócio-Diretor Titular","Sociedade de Advogados Tributário Cascavel","","sócio-diretor.titular@sociedadedeadvogadostributriocascavel.com.br"
"Sócio-Diretor Titular","Sociedade de Advogados Societário, Itajaí","","sócio-diretor.titular@sociedadedeadvogadossocietrioitaja.com.br"
"Sócio-Diretor Titular","Sociedade de Advogados do Três Lagoas","","sócio-diretor.titular@sociedadedeadvogadosdotrslagoas.com.br"
"Sócio-Diretor Titular","Sociedade de Advogados Judicial Rio Verde","","sócio-diretor.titular@sociedadedeadvogadosjudicialrioverde.com.br"
"Sócio-Diretor Titular","Sociedade de Advogados Empresarial São José dos Campos","","sócio-diretor.titular@sociedadedeadvogadosempresarialsojosdoscampos.com.br"
"Sócio-Diretor Titular","Sociedade de Advogados Tributário Uberaba","","sócio-diretor.titular@sociedadedeadvogadostributriouberaba.com.br"
"Sócio-Diretor Titular","Sociedade de Advogados Societário, Maringá","","sócio-diretor.titular@sociedadedeadvogadossocietriomaring.com.br"
"Sócio-Diretor Titular","Sociedade de Advogados do Chapecó","","sócio-diretor.titular@sociedadedeadvogadosdochapec.com.br"
"Sócio-Diretor Titular","Sociedade de Advogados Judicial Campo Grande","","sócio-diretor.titular@sociedadedeadvogadosjudicialcampogrande.com.br"
"Sócio-Diretor Titular","Sociedade de Advogados Empresarial Anápolis","","sócio-diretor.titular@sociedadedeadvogadosempresarialanpolis.com.br"
"Sócio-Diretor Titular","Sociedade de Advogados Tributário Ribeirão Preto","","sócio-diretor.titular@sociedadedeadvogadostributrioribeiropreto.com.br"
"Sócio-Diretor Titular","Organização Contábil & Auditoria São Paulo","","sócio-diretor.titular@organizaocontbilauditoriasopaulo.com.br"
"Sócio-Diretor Titular","Organização Contábil & Auditoria Uberlândia","","sócio-diretor.titular@organizaocontbilauditoriauberlndia.com.br"
"Sócio-Diretor Titular","Organização Contábil & Auditoria Maringá","","sócio-diretor.titular@organizaocontbilauditoriamaring.com.br"
"Sócio-Diretor Titular","Organização Contábil & Auditoria Chapecó","","sócio-diretor.titular@organizaocontbilauditoriachapec.com.br"
"Sócio-Diretor Titular","Organização Contábil & Auditoria Campo Grande","","sócio-diretor.titular@organizaocontbilauditoriacampogrande.com.br"
"Sócio-Diretor Titular","Organização Contábil & Auditoria Goiânia","","sócio-diretor.titular@organizaocontbilauditoriagoinia.com.br"
"Sócio-Diretor Titular","Organização Contábil & Auditoria Jundiaí","","sócio-diretor.titular@organizaocontbilauditoriajundia.com.br"
"Sócio-Diretor Titular","Organização Contábil & Auditoria Passos","","sócio-diretor.titular@organizaocontbilauditoriapassos.com.br"
"Sócio-Diretor Titular","Organização Contábil & Auditoria Londrina","","sócio-diretor.titular@organizaocontbilauditorialondrina.com.br"
"Sócio-Diretor Titular","Organização Contábil & Auditoria Blumenau","","sócio-diretor.titular@organizaocontbilauditoriablumenau.com.br"
"Sócio-Diretor Titular","Organização Contábil & Auditoria Três Lagoas","","sócio-diretor.titular@organizaocontbilauditoriatrslagoas.com.br"
"Sócio-Diretor Titular","Organização Contábil & Auditoria Rio Verde","","sócio-diretor.titular@organizaocontbilauditoriarioverde.com.br"
"Sócio-Diretor Titular","Organização Contábil & Auditoria São José dos Campos","","sócio-diretor.titular@organizaocontbilauditoriasojosdoscampos.com.br"
"Sócio-Diretor Titular","Organização Contábil & Auditoria Uberaba","","sócio-diretor.titular@organizaocontbilauditoriauberaba.com.br"
"Sócio-Diretor Titular","Organização Contábil & Auditoria Curitiba","","sócio-diretor.titular@organizaocontbilauditoriacuritiba.com.br"
"Sócio-Diretor Titular","Organização Contábil & Auditoria Joinville","","sócio-diretor.titular@organizaocontbilauditoriajoinville.com.br"
"Sócio-Diretor Titular","Organização Contábil & Auditoria Campo Grande","","sócio-diretor.titular@organizaocontbilauditoriacampogrande.com.br"
"Sócio-Diretor Titular","Organização Contábil & Auditoria Anápolis","","sócio-diretor.titular@organizaocontbilauditoriaanpolis.com.br"
"Sócio-Diretor Titular","Organização Contábil & Auditoria Ribeirão Preto","","sócio-diretor.titular@organizaocontbilauditoriaribeiropreto.com.br"
"Sócio-Diretor Titular","Indústria Metalúrgica & Caldeiraria Betim","","sócio-diretor.titular@indstriametalrgicacaldeirariabetim.com.br"
"Sócio-Diretor Titular","Indústria Metalúrgica & Caldeiraria Toledo","","sócio-diretor.titular@indstriametalrgicacaldeirariatoledo.com.br"
"Sócio-Diretor Titular","Indústria Metalúrgica & Caldeiraria Florianópolis","","sócio-diretor.titular@indstriametalrgicacaldeirariaflorianpolis.com.br"
"Sócio-Diretor Titular","Indústria Metalúrgica & Caldeiraria Três Lagoas","","sócio-diretor.titular@indstriametalrgicacaldeirariatrslagoas.com.br"
"Sócio-Diretor Titular","Indústria Metalúrgica & Caldeiraria Jataí","","sócio-diretor.titular@indstriametalrgicacaldeirariajata.com.br"
"Sócio-Diretor Titular","Indústria Metalúrgica & Caldeiraria São Paulo","","sócio-diretor.titular@indstriametalrgicacaldeirariasopaulo.com.br"
"Sócio-Diretor Titular","Indústria Metalúrgica & Caldeiraria Uberlândia","","sócio-diretor.titular@indstriametalrgicacaldeirariauberlndia.com.br"
"Sócio-Diretor Titular","Indústria Metalúrgica & Caldeiraria Ponta Grossa","","sócio-diretor.titular@indstriametalrgicacaldeirariapontagrossa.com.br"
"Sócio-Diretor Titular","Indústria Metalúrgica & Caldeiraria Jaraguá do Sul","","sócio-diretor.titular@indstriametalrgicacaldeirariajaragudosul.com.br"
"Sócio-Diretor Titular","Indústria Metalúrgica & Caldeiraria Campo Grande","","sócio-diretor.titular@indstriametalrgicacaldeirariacampogrande.com.br"
"Sócio-Diretor Titular","Indústria Metalúrgica & Caldeiraria Itumbiara","","sócio-diretor.titular@indstriametalrgicacaldeirariaitumbiara.com.br"
"Sócio-Diretor Titular","Indústria Metalúrgica & Caldeiraria Jundiaí","","sócio-diretor.titular@indstriametalrgicacaldeirariajundia.com.br"
"Sócio-Diretor Titular","Indústria Metalúrgica & Caldeiraria Passos","","sócio-diretor.titular@indstriametalrgicacaldeirariapassos.com.br"
"Sócio-Diretor Titular","Indústria Metalúrgica & Caldeiraria São José dos Pinhais","","sócio-diretor.titular@indstriametalrgicacaldeirariasojosdospinhais.com.br"
"Sócio-Diretor Titular","Indústria Metalúrgica & Caldeiraria Criciúma","","sócio-diretor.titular@indstriametalrgicacaldeirariacricima.com.br"
"Sócio-Diretor Titular","Indústria Metalúrgica & Caldeiraria Três Lagoas","","sócio-diretor.titular@indstriametalrgicacaldeirariatrslagoas.com.br"
"Sócio-Diretor Titular","Indústria Metalúrgica & Caldeiraria Goiânia","","sócio-diretor.titular@indstriametalrgicacaldeirariagoinia.com.br"
"Sócio-Diretor Titular","Indústria Metalúrgica & Caldeiraria São José dos Campos","","sócio-diretor.titular@indstriametalrgicacaldeirariasojosdoscampos.com.br"
"Sócio-Diretor Titular","Indústria Metalúrgica & Caldeiraria Uberaba","","sócio-diretor.titular@indstriametalrgicacaldeirariauberaba.com.br"
"Sócio-Diretor Titular","Agro Grãos & Silos Cascavel","","sócio-diretor.titular@agrogrossiloscascavel.com.br"
"Sócio-Diretor Titular","Agro Grãos & Silos Itajaí","","sócio-diretor.titular@agrogrossilositaja.com.br"
"Sócio-Diretor Titular","Agro Grãos & Silos Campo Grande","","sócio-diretor.titular@agrogrossiloscampogrande.com.br"
"Sócio-Diretor Titular","Agro Grãos & Silos Rio Verde","","sócio-diretor.titular@agrogrossilosrioverde.com.br"
"Sócio-Diretor Titular","Agro Grãos & Silos Ribeirão Preto","","sócio-diretor.titular@agrogrossilosribeiropreto.com.br"
"Sócio-Diretor Titular","Agro Grãos & Silos Betim","","sócio-diretor.titular@agrogrossilosbetim.com.br"
"Sócio-Diretor Titular","Agro Grãos & Silos Maringá","","sócio-diretor.titular@agrogrossilosmaring.com.br"
"Sócio-Diretor Titular","Agro Grãos & Silos Chapecó","","sócio-diretor.titular@agrogrossiloschapec.com.br"
"Sócio-Diretor Titular","Agro Grãos & Silos Três Lagoas","","sócio-diretor.titular@agrogrossilostrslagoas.com.br"
"Sócio-Diretor Titular","Agro Grãos & Silos Anápolis","","sócio-diretor.titular@agrogrossilosanpolis.com.br"
"Sócio-Diretor Titular","Agro Grãos & Silos São Paulo","","sócio-diretor.titular@agrogrossilossopaulo.com.br"
"Sócio-Diretor Titular","Agro Grãos & Silos Uberlândia","","sócio-diretor.titular@agrogrossilosuberlndia.com.br"
"Sócio-Diretor Titular","Agro Grãos & Silos Londrina","","sócio-diretor.titular@agrogrossiloslondrina.com.br"
"Sócio-Diretor Titular","Agro Grãos & Silos Blumenau","","sócio-diretor.titular@agrogrossilosblumenau.com.br"
"Sócio-Diretor Titular","Agro Grãos & Silos Campo Grande","","sócio-diretor.titular@agrogrossiloscampogrande.com.br"
"Sócio-Diretor Titular","Agro Grãos & Silos Jataí","","sócio-diretor.titular@agrogrossilosjata.com.br"
"Sócio-Diretor Titular","Agro Grãos & Silos Jundiaí","","sócio-diretor.titular@agrogrossilosjundia.com.br"
"Sócio-Diretor Titular","Agro Grãos & Silos Passos","","sócio-diretor.titular@agrogrossilospassos.com.br"
"Sócio-Diretor Titular","Agro Grãos & Silos Curitiba","","sócio-diretor.titular@agrogrossiloscuritiba.com.br"
"Sócio-Diretor Titular","Instituto de Cirurgia Especializada Joinville","","sócio-diretor.titular@institutodecirurgiaespecializadajoinville.com.br"
"Sócio-Diretor Titular","Instituto de Cirurgia Especializada Três Lagoas","","sócio-diretor.titular@institutodecirurgiaespecializadatrslagoas.com.br"
"Sócio-Diretor Titular","Instituto de Cirurgia Especializada Itumbiara","","sócio-diretor.titular@institutodecirurgiaespecializadaitumbiara.com.br"
"Sócio-Diretor Titular","Instituto de Cirurgia Especializada São José dos Campos","","sócio-diretor.titular@institutodecirurgiaespecializadasojosdoscampos.com.br"
"Sócio-Diretor Titular","Instituto de Cirurgia Especializada Uberaba","","sócio-diretor.titular@institutodecirurgiaespecializadauberaba.com.br"
"Sócio-Diretor Titular","Instituto de Cirurgia Especializada Toledo","","sócio-diretor.titular@institutodecirurgiaespecializadatoledo.com.br"
"Sócio-Diretor Titular","Instituto de Cirurgia Especializada Florianópolis","","sócio-diretor.titular@institutodecirurgiaespecializadaflorianpolis.com.br"
"Sócio-Diretor Titular","Instituto de Cirurgia Especializada Campo Grande","","sócio-diretor.titular@institutodecirurgiaespecializadacampogrande.com.br"
"Sócio-Diretor Titular","Instituto de Cirurgia Especializada Goiânia","","sócio-diretor.titular@institutodecirurgiaespecializadagoinia.com.br"
"Sócio-Diretor Titular","Instituto de Cirurgia Especializada Ribeirão Preto","","sócio-diretor.titular@institutodecirurgiaespecializadaribeiropreto.com.br"
"Sócio-Diretor Titular","Instituto de Cirurgia Especializada Betim","","sócio-diretor.titular@institutodecirurgiaespecializadabetim.com.br"
"Sócio-Diretor Titular","Instituto de Cirurgia Especializada Ponta Grossa","","sócio-diretor.titular@institutodecirurgiaespecializadapontagrossa.com.br"
"Sócio-Diretor Titular","Instituto de Cirurgia Especializada Jaraguá do Sul","","sócio-diretor.titular@institutodecirurgiaespecializadajaragudosul.com.br"
"Sócio-Diretor Titular","Instituto de Cirurgia Especializada Três Lagoas","","sócio-diretor.titular@institutodecirurgiaespecializadatrslagoas.com.br"
"Sócio-Diretor Titular","Instituto de Cirurgia Especializada Rio Verde","","sócio-diretor.titular@institutodecirurgiaespecializadarioverde.com.br"
"Sócio-Diretor Titular","Instituto de Cirurgia Especializada São Paulo","","sócio-diretor.titular@institutodecirurgiaespecializadasopaulo.com.br"
"Sócio-Diretor Titular","Instituto de Cirurgia Especializada Uberlândia","","sócio-diretor.titular@institutodecirurgiaespecializadauberlndia.com.br"
"Sócio-Diretor Titular","Instituto de Cirurgia Especializada São José dos Pinhais","","sócio-diretor.titular@institutodecirurgiaespecializadasojosdospinhais.com.br"
"Sócio-Diretor Titular","Instituto de Cirurgia Especializada Criciúma","","sócio-diretor.titular@institutodecirurgiaespecializadacricima.com.br"
"Sócio-Diretor Titular","Trans Logística & Armazenagem Ponta Grossa","","sócio-diretor.titular@translogsticaarmazenagempontagrossa.com.br"
"Sócio-Diretor Titular","Trans Logística & Armazenagem Jaraguá do Sul","","sócio-diretor.titular@translogsticaarmazenagemjaragudosul.com.br"
"Sócio-Diretor Titular","Trans Logística & Armazenagem Três Lagoas","","sócio-diretor.titular@translogsticaarmazenagemtrslagoas.com.br"
"Sócio-Diretor Titular","Trans Logística & Armazenagem Goiânia","","sócio-diretor.titular@translogsticaarmazenagemgoinia.com.br"
"Sócio-Diretor Titular","Trans Logística & Armazenagem São José dos Campos","","sócio-diretor.titular@translogsticaarmazenagemsojosdoscampos.com.br"
"Sócio-Diretor Titular","Trans Logística & Armazenagem Uberaba","","sócio-diretor.titular@translogsticaarmazenagemuberaba.com.br"
"Sócio-Diretor Titular","Trans Logística & Armazenagem São José dos Pinhais","","sócio-diretor.titular@translogsticaarmazenagemsojosdospinhais.com.br"
"Sócio-Diretor Titular","Trans Logística & Armazenagem Criciúma","","sócio-diretor.titular@translogsticaarmazenagemcricima.com.br"
"Sócio-Diretor Titular","Trans Logística & Armazenagem Campo Grande","","sócio-diretor.titular@translogsticaarmazenagemcampogrande.com.br"
"Sócio-Diretor Titular","Trans Logística & Armazenagem Rio Verde","","sócio-diretor.titular@translogsticaarmazenagemrioverde.com.br"
"Sócio-Diretor Titular","Trans Logística & Armazenagem Ribeirão Preto","","sócio-diretor.titular@translogsticaarmazenagemribeiropreto.com.br"
"Sócio-Diretor Titular","Trans Logística & Armazenagem Betim","","sócio-diretor.titular@translogsticaarmazenagembetim.com.br"
"Sócio-Diretor Titular","Trans Logística & Armazenagem Cascavel","","sócio-diretor.titular@translogsticaarmazenagemcascavel.com.br"
"Sócio-Diretor Titular","Trans Logística & Armazenagem Itajaí","","sócio-diretor.titular@translogsticaarmazenagemitaja.com.br"
"Sócio-Diretor Titular","Trans Logística & Armazenagem Três Lagoas","","sócio-diretor.titular@translogsticaarmazenagemtrslagoas.com.br"
"Sócio-Diretor Titular","Trans Logística & Armazenagem Anápolis","","sócio-diretor.titular@translogsticaarmazenagemanpolis.com.br"
"Sócio-Diretor Titular","Trans Logística & Armazenagem São Paulo","","sócio-diretor.titular@translogsticaarmazenagemsopaulo.com.br"
"Sócio-Diretor Titular","Trans Logística & Armazenagem Uberlândia","","sócio-diretor.titular@translogsticaarmazenagemuberlndia.com.br"
"Sócio-Diretor Titular","Trans Logística & Armazenagem Maringá","","sócio-diretor.titular@translogsticaarmazenagemmaring.com.br"
"Sócio-Diretor Titular","Comex Trading & Exportação Três Lagoas","","sócio-diretor.titular@comextradingexportaotrslagoas.com.br"
"Sócio-Diretor Titular","Comex Trading & Exportação Rio Verde","","sócio-diretor.titular@comextradingexportaorioverde.com.br"
"Sócio-Diretor Titular","Comex Trading & Exportação São Paulo","","sócio-diretor.titular@comextradingexportaosopaulo.com.br"
"Sócio-Diretor Titular","Comex Trading & Exportação Uberlândia","","sócio-diretor.titular@comextradingexportaouberlndia.com.br"
"Sócio-Diretor Titular","Comex Trading & Exportação Ponta Grossa","","sócio-diretor.titular@comextradingexportaopontagrossa.com.br"
"Sócio-Diretor Titular","Comex Trading & Exportação Jaraguá do Sul","","sócio-diretor.titular@comextradingexportaojaragudosul.com.br"
"Sócio-Diretor Titular","Comex Trading & Exportação Campo Grande","","sócio-diretor.titular@comextradingexportaocampogrande.com.br"
"Sócio-Diretor Titular","Comex Trading & Exportação Anápolis","","sócio-diretor.titular@comextradingexportaoanpolis.com.br"
"Sócio-Diretor Titular","Comex Trading & Exportação Jundiaí","","sócio-diretor.titular@comextradingexportaojundia.com.br"
"Sócio-Diretor Titular","Comex Trading & Exportação Passos","","sócio-diretor.titular@comextradingexportaopassos.com.br"
"Sócio-Diretor Titular","Comex Trading & Exportação São José dos Pinhais","","sócio-diretor.titular@comextradingexportaosojosdospinhais.com.br"
"Sócio-Diretor Titular","Comex Trading & Exportação Criciúma","","sócio-diretor.titular@comextradingexportaocricima.com.br"
"Sócio-Diretor Titular","Comex Trading & Exportação Três Lagoas","","sócio-diretor.titular@comextradingexportaotrslagoas.com.br"
"Sócio-Diretor Titular","Comex Trading & Exportação Jataí","","sócio-diretor.titular@comextradingexportaojata.com.br"
"Sócio-Diretor Titular","Comex Trading & Exportação São José dos Campos","","sócio-diretor.titular@comextradingexportaosojosdoscampos.com.br"
"Sócio-Diretor Titular","Comex Trading & Exportação Uberaba","","sócio-diretor.titular@comextradingexportaouberaba.com.br"
"Sócio-Diretor Titular","Comex Trading & Exportação Cascavel","","sócio-diretor.titular@comextradingexportaocascavel.com.br"
"Sócio-Diretor Titular","Comex Trading & Exportação Itajaí","","sócio-diretor.titular@comextradingexportaoitaja.com.br"
"Sócio-Diretor Titular","Comex Trading & Exportação Campo Grande","","sócio-diretor.titular@comextradingexportaocampogrande.com.br"
"Sócio-Diretor Titular","Sociedade de Advogados Empresarial Campo Grande","","sócio-diretor.titular@sociedadedeadvogadosempresarialcampogrande.com.br"
"Sócio-Diretor Titular","Sociedade de Advogados Empresarial Goiânia","","sócio-diretor.titular@sociedadedeadvogadosempresarialgoinia.com.br"
"Sócio-Diretor Titular","Sociedade de Advogados Empresarial Ribeirão Preto","","sócio-diretor.titular@sociedadedeadvogadosempresarialribeiropreto.com.br"
"Sócio-Diretor Titular","Sociedade de Advogados Empresarial Betim","","sócio-diretor.titular@sociedadedeadvogadosempresarialbetim.com.br"
"Sócio-Diretor Titular","Sociedade de Advogados Empresarial Curitiba","","sócio-diretor.titular@sociedadedeadvogadosempresarialcuritiba.com.br"
"Sócio-Diretor Titular","Sociedade de Advogados Empresarial Joinville","","sócio-diretor.titular@sociedadedeadvogadosempresarialjoinville.com.br"
"Sócio-Diretor Titular","Sociedade de Advogados Empresarial Três Lagoas","","sócio-diretor.titular@sociedadedeadvogadosempresarialtrslagoas.com.br"
"Sócio-Diretor Titular","Sociedade de Advogados Empresarial Rio Verde","","sócio-diretor.titular@sociedadedeadvogadosempresarialrioverde.com.br"
"Sócio-Diretor Titular","Sociedade de Advogados Empresarial São Paulo","","sócio-diretor.titular@sociedadedeadvogadosempresarialsopaulo.com.br"
"Sócio-Diretor Titular","Sociedade de Advogados Empresarial Uberlândia","","sócio-diretor.titular@sociedadedeadvogadosempresarialuberlndia.com.br"
"Sócio-Diretor Titular","Sociedade de Advogados Empresarial Toledo","","sócio-diretor.titular@sociedadedeadvogadosempresarialtoledo.com.br"
"Sócio-Diretor Titular","Sociedade de Advogados Empresarial Florianópolis","","sócio-diretor.titular@sociedadedeadvogadosempresarialflorianpolis.com.br"
"Sócio-Diretor Titular","Sociedade de Advogados Empresarial Campo Grande","","sócio-diretor.titular@sociedadedeadvogadosempresarialcampogrande.com.br"
"Sócio-Diretor Titular","Sociedade de Advogados Empresarial Anápolis","","sócio-diretor.titular@sociedadedeadvogadosempresarialanpolis.com.br"
"Sócio-Diretor Titular","Sociedade de Advogados Empresarial Jundiaí","","sócio-diretor.titular@sociedadedeadvogadosempresarialjundia.com.br"
"Sócio-Diretor Titular","Sociedade de Advogados Empresarial Passos","","sócio-diretor.titular@sociedadedeadvogadosempresarialpassos.com.br"
"Sócio-Diretor Titular","Sociedade de Advogados Empresarial Ponta Grossa","","sócio-diretor.titular@sociedadedeadvogadosempresarialpontagrossa.com.br"
"Sócio-Diretor Titular","Sociedade de Advogados Empresarial Jaraguá do Sul","","sócio-diretor.titular@sociedadedeadvogadosempresarialjaragudosul.com.br"
"Sócio-Diretor Titular","Sociedade de Advogados Empresarial Três Lagoas","","sócio-diretor.titular@sociedadedeadvogadosempresarialtrslagoas.com.br"
"Sócio-Diretor Titular","Indústria & Metalúrgica Maringá","","sócio-diretor.titular@indstriametalrgicamaring.com.br"
"Sócio-Diretor Titular","Indústria & Metalúrgica Ponta Porã","","sócio-diretor.titular@indstriametalrgicapontapor.com.br"
"Sócio-Diretor Titular","Indústria & Metalúrgica São Paulo","","sócio-diretor.titular@indstriametalrgicasopaulo.com.br"
"Sócio-Diretor Titular","Indústria & Metalúrgica Guarapuava","","sócio-diretor.titular@indstriametalrgicaguarapuava.com.br"
"Sócio-Diretor Titular","Indústria & Metalúrgica Ponta Porã","","sócio-diretor.titular@indstriametalrgicapontapor.com.br"
"Sócio-Diretor Titular","Indústria & Metalúrgica Jundiaí","","sócio-diretor.titular@indstriametalrgicajundia.com.br"
"Sócio-Diretor Titular","Indústria & Metalúrgica Ponta Grossa","","sócio-diretor.titular@indstriametalrgicapontagrossa.com.br"
"Sócio-Diretor Titular","Indústria & Metalúrgica Ponta Porã","","sócio-diretor.titular@indstriametalrgicapontapor.com.br"
"Sócio-Diretor Titular","Indústria & Metalúrgica São Paulo","","sócio-diretor.titular@indstriametalrgicasopaulo.com.br"
"Sócio-Diretor Titular","Indústria & Metalúrgica Maringá","","sócio-diretor.titular@indstriametalrgicamaring.com.br"
"Sócio-Diretor Titular","Indústria & Metalúrgica Ponta Porã","","sócio-diretor.titular@indstriametalrgicapontapor.com.br"
"Sócio-Diretor Titular","Indústria & Metalúrgica Jundiaí","","sócio-diretor.titular@indstriametalrgicajundia.com.br"
"Sócio-Diretor Titular","Indústria & Metalúrgica Guarapuava","","sócio-diretor.titular@indstriametalrgicaguarapuava.com.br"
"Sócio-Diretor Titular","Indústria & Metalúrgica Ponta Porã","","sócio-diretor.titular@indstriametalrgicapontapor.com.br"
"Sócio-Diretor Titular","Indústria & Metalúrgica São Paulo","","sócio-diretor.titular@indstriametalrgicasopaulo.com.br"
"Sócio-Diretor Titular","Indústria & Metalúrgica Ponta Grossa","","sócio-diretor.titular@indstriametalrgicapontagrossa.com.br"
"Sócio-Diretor Titular","Indústria & Metalúrgica Ponta Porã Unidade 7","","sócio-diretor.titular@indstriametalrgicapontaporunidade7.com.br"
"Sócio-Diretor Titular","Indústria & Metalúrgica Jundiaí Unidade 8","","sócio-diretor.titular@indstriametalrgicajundiaunidade8.com.br"
"Sócio-Diretor Titular","Indústria & Metalúrgica Maringá Unidade 9","","sócio-diretor.titular@indstriametalrgicamaringunidade9.com.br"
"Sócio-Diretor Titular","Indústria & Metalúrgica Ponta Porã Unidade 10","","sócio-diretor.titular@indstriametalrgicapontaporunidade10.com.br"
"Sócio-Diretor Titular","Indústria & Metalúrgica São Paulo Unidade 1","","sócio-diretor.titular@indstriametalrgicasopaulounidade1.com.br"
"Sócio-Diretor Titular","Indústria & Metalúrgica Guarapuava Unidade 2","","sócio-diretor.titular@indstriametalrgicaguarapuavaunidade2.com.br"
"Sócio-Diretor Titular","Indústria & Metalúrgica Ponta Porã Unidade 3","","sócio-diretor.titular@indstriametalrgicapontaporunidade3.com.br"
"Sócio-Diretor Titular","Indústria & Metalúrgica Jundiaí Unidade 4","","sócio-diretor.titular@indstriametalrgicajundiaunidade4.com.br"
"Sócio-Diretor Titular","Indústria & Metalúrgica Ponta Grossa Unidade 5","","sócio-diretor.titular@indstriametalrgicapontagrossaunidade5.com.br"
"Sócio-Diretor Titular","Indústria & Metalúrgica Ponta Porã Unidade 6","","sócio-diretor.titular@indstriametalrgicapontaporunidade6.com.br"
"Sócio-Diretor Titular","Indústria & Metalúrgica São Paulo Unidade 7","","sócio-diretor.titular@indstriametalrgicasopaulounidade7.com.br"
"Sócio-Diretor Titular","Indústria & Metalúrgica Maringá Unidade 8","","sócio-diretor.titular@indstriametalrgicamaringunidade8.com.br"
"Sócio-Diretor Titular","Indústria & Metalúrgica Ponta Porã Unidade 9","","sócio-diretor.titular@indstriametalrgicapontaporunidade9.com.br"
"Sócio-Diretor Titular","Indústria & Metalúrgica Jundiaí Unidade 10","","sócio-diretor.titular@indstriametalrgicajundiaunidade10.com.br"
"Sócio-Diretor Titular","Indústria & Metalúrgica Guarapuava Unidade 1","","sócio-diretor.titular@indstriametalrgicaguarapuavaunidade1.com.br"
"Sócio-Diretor Titular","Indústria & Metalúrgica Ponta Porã Unidade 2","","sócio-diretor.titular@indstriametalrgicapontaporunidade2.com.br"
"Sócio-Diretor Titular","Indústria & Metalúrgica São Paulo Unidade 3","","sócio-diretor.titular@indstriametalrgicasopaulounidade3.com.br"
"Sócio-Diretor Titular","Indústria & Metalúrgica Ponta Grossa Unidade 4","","sócio-diretor.titular@indstriametalrgicapontagrossaunidade4.com.br"
"Sócio-Diretor Titular","Indústria & Metalúrgica Ponta Porã Unidade 5","","sócio-diretor.titular@indstriametalrgicapontaporunidade5.com.br"
"Sócio-Diretor Titular","Indústria & Metalúrgica Jundiaí Unidade 6","","sócio-diretor.titular@indstriametalrgicajundiaunidade6.com.br"
"Sócio-Diretor Titular","Indústria & Metalúrgica Maringá Unidade 7","","sócio-diretor.titular@indstriametalrgicamaringunidade7.com.br"
"Sócio-Diretor Titular","Indústria & Metalúrgica Ponta Porã Unidade 8","","sócio-diretor.titular@indstriametalrgicapontaporunidade8.com.br"
"Sócio-Diretor Titular","Indústria & Metalúrgica São Paulo Unidade 9","","sócio-diretor.titular@indstriametalrgicasopaulounidade9.com.br"
"Sócio-Diretor Titular","Indústria & Metalúrgica Guarapuava Unidade 10","","sócio-diretor.titular@indstriametalrgicaguarapuavaunidade10.com.br"
"Sócio-Diretor Titular","Indústria & Metalúrgica Ponta Porã Unidade 1","","sócio-diretor.titular@indstriametalrgicapontaporunidade1.com.br"
"Sócio-Diretor Titular","Indústria & Metalúrgica Jundiaí Unidade 2","","sócio-diretor.titular@indstriametalrgicajundiaunidade2.com.br"
"Sócio-Diretor Titular","Indústria & Metalúrgica Ponta Grossa Unidade 3","","sócio-diretor.titular@indstriametalrgicapontagrossaunidade3.com.br"
"Sócio-Diretor Titular","Indústria & Metalúrgica Ponta Porã Unidade 4","","sócio-diretor.titular@indstriametalrgicapontaporunidade4.com.br"
"Sócio-Diretor Titular","Indústria & Metalúrgica São Paulo Unidade 5","","sócio-diretor.titular@indstriametalrgicasopaulounidade5.com.br"
"Sócio-Diretor Titular","Indústria & Metalúrgica Maringá Unidade 6","","sócio-diretor.titular@indstriametalrgicamaringunidade6.com.br"
"Sócio-Diretor Titular","Indústria & Metalúrgica Ponta Porã Unidade 7","","sócio-diretor.titular@indstriametalrgicapontaporunidade7.com.br"
"Sócio-Diretor Titular","Indústria & Metalúrgica Jundiaí Unidade 8","","sócio-diretor.titular@indstriametalrgicajundiaunidade8.com.br"
"Sócio-Diretor Titular","Indústria & Metalúrgica Guarapuava Unidade 9","","sócio-diretor.titular@indstriametalrgicaguarapuavaunidade9.com.br"
"Sócio-Diretor Titular","Indústria & Metalúrgica Ponta Porã Unidade 10","","sócio-diretor.titular@indstriametalrgicapontaporunidade10.com.br"
"Sócio-Diretor Titular","Indústria & Metalúrgica São Paulo Unidade 1","","sócio-diretor.titular@indstriametalrgicasopaulounidade1.com.br"
"Sócio-Diretor Titular","Indústria & Metalúrgica Ponta Grossa Unidade 2","","sócio-diretor.titular@indstriametalrgicapontagrossaunidade2.com.br"
"Sócio-Diretor Titular","Indústria & Metalúrgica Ponta Porã Unidade 3","","sócio-diretor.titular@indstriametalrgicapontaporunidade3.com.br"
"Sócio-Diretor Titular","Indústria & Metalúrgica Jundiaí Unidade 4","","sócio-diretor.titular@indstriametalrgicajundiaunidade4.com.br"
"Sócio-Diretor Titular","Indústria & Metalúrgica Maringá Unidade 5","","sócio-diretor.titular@indstriametalrgicamaringunidade5.com.br"
"Sócio-Diretor Titular","Indústria & Metalúrgica Ponta Porã Unidade 6","","sócio-diretor.titular@indstriametalrgicapontaporunidade6.com.br"
"Sócio-Diretor Titular","Indústria & Metalúrgica São Paulo Unidade 7","","sócio-diretor.titular@indstriametalrgicasopaulounidade7.com.br"
"Sócio-Diretor Titular","Indústria & Metalúrgica Guarapuava Unidade 8","","sócio-diretor.titular@indstriametalrgicaguarapuavaunidade8.com.br"
"Sócio-Diretor Titular","Indústria & Metalúrgica Ponta Porã Unidade 9","","sócio-diretor.titular@indstriametalrgicapontaporunidade9.com.br"
"Sócio-Diretor Titular","Indústria & Metalúrgica Jundiaí Unidade 10","","sócio-diretor.titular@indstriametalrgicajundiaunidade10.com.br"
"Sócio-Diretor Titular","Indústria & Metalúrgica Ponta Grossa Unidade 1","","sócio-diretor.titular@indstriametalrgicapontagrossaunidade1.com.br"
"Sócio-Diretor Titular","Indústria & Metalúrgica Ponta Porã Unidade 2","","sócio-diretor.titular@indstriametalrgicapontaporunidade2.com.br"
"Sócio-Diretor Titular","Indústria & Metalúrgica São Paulo Unidade 3","","sócio-diretor.titular@indstriametalrgicasopaulounidade3.com.br"
"Sócio-Diretor Titular","Indústria & Metalúrgica Maringá Unidade 4","","sócio-diretor.titular@indstriametalrgicamaringunidade4.com.br"
"Sócio-Diretor Titular","Indústria & Metalúrgica Ponta Porã Unidade 5","","sócio-diretor.titular@indstriametalrgicapontaporunidade5.com.br"
"Sócio-Diretor Titular","Indústria & Metalúrgica Jundiaí Unidade 6","","sócio-diretor.titular@indstriametalrgicajundiaunidade6.com.br"
"Sócio-Diretor Titular","Indústria & Metalúrgica Guarapuava Unidade 7","","sócio-diretor.titular@indstriametalrgicaguarapuavaunidade7.com.br"
"Sócio-Diretor Titular","Indústria & Metalúrgica Ponta Porã Unidade 8","","sócio-diretor.titular@indstriametalrgicapontaporunidade8.com.br"
"Sócio-Diretor Titular","Indústria & Metalúrgica São Paulo Unidade 9","","sócio-diretor.titular@indstriametalrgicasopaulounidade9.com.br"
"Sócio-Diretor Titular","Indústria & Metalúrgica Ponta Grossa Unidade 10","","sócio-diretor.titular@indstriametalrgicapontagrossaunidade10.com.br"
"Sócio-Diretor Titular","Indústria & Metalúrgica Ponta Porã Unidade 1","","sócio-diretor.titular@indstriametalrgicapontaporunidade1.com.br"
"Sócio-Diretor Titular","Indústria & Metalúrgica Jundiaí Unidade 2","","sócio-diretor.titular@indstriametalrgicajundiaunidade2.com.br"
"Sócio-Diretor Titular","Indústria & Metalúrgica Maringá Unidade 3","","sócio-diretor.titular@indstriametalrgicamaringunidade3.com.br"
"Sócio-Diretor Titular","Indústria & Metalúrgica Ponta Porã Unidade 4","","sócio-diretor.titular@indstriametalrgicapontaporunidade4.com.br"
"Sócio-Diretor Titular","Indústria & Metalúrgica São Paulo Unidade 5","","sócio-diretor.titular@indstriametalrgicasopaulounidade5.com.br"
"Sócio-Diretor Titular","Indústria & Metalúrgica Guarapuava Unidade 6","","sócio-diretor.titular@indstriametalrgicaguarapuavaunidade6.com.br"
"Sócio-Diretor Titular","Indústria & Metalúrgica Ponta Porã Unidade 7","","sócio-diretor.titular@indstriametalrgicapontaporunidade7.com.br"
"Sócio-Diretor Titular","Indústria & Metalúrgica Jundiaí Unidade 8","","sócio-diretor.titular@indstriametalrgicajundiaunidade8.com.br"
"Sócio-Diretor Titular","Indústria & Metalúrgica Ponta Grossa Unidade 9","","sócio-diretor.titular@indstriametalrgicapontagrossaunidade9.com.br"
"Sócio-Diretor Titular","Indústria & Metalúrgica Ponta Porã Unidade 10","","sócio-diretor.titular@indstriametalrgicapontaporunidade10.com.br"
"Sócio-Diretor Titular","Indústria & Metalúrgica São Paulo Unidade 1","","sócio-diretor.titular@indstriametalrgicasopaulounidade1.com.br"
"Sócio-Diretor Titular","Indústria & Metalúrgica Maringá Unidade 2","","sócio-diretor.titular@indstriametalrgicamaringunidade2.com.br"
"Sócio-Diretor Titular","Instituto de Cirurgia & Saúde Jundiaí","","sócio-diretor.titular@institutodecirurgiasadejundia.com.br"
"Sócio-Diretor Titular","Instituto de Cirurgia & Saúde Ponta Grossa","","sócio-diretor.titular@institutodecirurgiasadepontagrossa.com.br"
"Sócio-Diretor Titular","Instituto de Cirurgia & Saúde Ponta Porã","","sócio-diretor.titular@institutodecirurgiasadepontapor.com.br"
"Sócio-Diretor Titular","Instituto de Cirurgia & Saúde São Paulo","","sócio-diretor.titular@institutodecirurgiasadesopaulo.com.br"
"Sócio-Diretor Titular","Instituto de Cirurgia & Saúde Maringá","","sócio-diretor.titular@institutodecirurgiasademaring.com.br"
"Sócio-Diretor Titular","Instituto de Cirurgia & Saúde Ponta Porã","","sócio-diretor.titular@institutodecirurgiasadepontapor.com.br"
"Sócio-Diretor Titular","Instituto de Cirurgia & Saúde Jundiaí","","sócio-diretor.titular@institutodecirurgiasadejundia.com.br"
"Sócio-Diretor Titular","Instituto de Cirurgia & Saúde Guarapuava","","sócio-diretor.titular@institutodecirurgiasadeguarapuava.com.br"
"Sócio-Diretor Titular","Instituto de Cirurgia & Saúde Ponta Porã","","sócio-diretor.titular@institutodecirurgiasadepontapor.com.br"
"Sócio-Diretor Titular","Instituto de Cirurgia & Saúde São Paulo","","sócio-diretor.titular@institutodecirurgiasadesopaulo.com.br"
"Sócio-Diretor Titular","Instituto de Cirurgia & Saúde Ponta Grossa","","sócio-diretor.titular@institutodecirurgiasadepontagrossa.com.br"
"Sócio-Diretor Titular","Instituto de Cirurgia & Saúde Ponta Porã","","sócio-diretor.titular@institutodecirurgiasadepontapor.com.br"
"Sócio-Diretor Titular","Instituto de Cirurgia & Saúde Jundiaí","","sócio-diretor.titular@institutodecirurgiasadejundia.com.br"
"Sócio-Diretor Titular","Instituto de Cirurgia & Saúde Maringá","","sócio-diretor.titular@institutodecirurgiasademaring.com.br"
"Sócio-Diretor Titular","Instituto de Cirurgia & Saúde Ponta Porã","","sócio-diretor.titular@institutodecirurgiasadepontapor.com.br"
"Sócio-Diretor Titular","Instituto de Cirurgia & Saúde São Paulo","","sócio-diretor.titular@institutodecirurgiasadesopaulo.com.br"
"Sócio-Diretor Titular","Instituto de Cirurgia & Saúde Guarapuava Unidade 7","","sócio-diretor.titular@institutodecirurgiasadeguarapuavaunidade7.com.br"
"Sócio-Diretor Titular","Instituto de Cirurgia & Saúde Ponta Porã Unidade 8","","sócio-diretor.titular@institutodecirurgiasadepontaporunidade8.com.br"
"Sócio-Diretor Titular","Instituto de Cirurgia & Saúde Jundiaí Unidade 9","","sócio-diretor.titular@institutodecirurgiasadejundiaunidade9.com.br"
"Sócio-Diretor Titular","Instituto de Cirurgia & Saúde Ponta Grossa Unidade 10","","sócio-diretor.titular@institutodecirurgiasadepontagrossaunidade10.com.br"
"Sócio-Diretor Titular","Instituto de Cirurgia & Saúde Ponta Porã Unidade 1","","sócio-diretor.titular@institutodecirurgiasadepontaporunidade1.com.br"
"Sócio-Diretor Titular","Instituto de Cirurgia & Saúde São Paulo Unidade 2","","sócio-diretor.titular@institutodecirurgiasadesopaulounidade2.com.br"
"Sócio-Diretor Titular","Instituto de Cirurgia & Saúde Maringá Unidade 3","","sócio-diretor.titular@institutodecirurgiasademaringunidade3.com.br"
"Sócio-Diretor Titular","Instituto de Cirurgia & Saúde Ponta Porã Unidade 4","","sócio-diretor.titular@institutodecirurgiasadepontaporunidade4.com.br"
"Sócio-Diretor Titular","Instituto de Cirurgia & Saúde Jundiaí Unidade 5","","sócio-diretor.titular@institutodecirurgiasadejundiaunidade5.com.br"
"Sócio-Diretor Titular","Instituto de Cirurgia & Saúde Guarapuava Unidade 6","","sócio-diretor.titular@institutodecirurgiasadeguarapuavaunidade6.com.br"
"Sócio-Diretor Titular","Instituto de Cirurgia & Saúde Ponta Porã Unidade 7","","sócio-diretor.titular@institutodecirurgiasadepontaporunidade7.com.br"
"Sócio-Diretor Titular","Instituto de Cirurgia & Saúde São Paulo Unidade 8","","sócio-diretor.titular@institutodecirurgiasadesopaulounidade8.com.br"
"Sócio-Diretor Titular","Instituto de Cirurgia & Saúde Ponta Grossa Unidade 9","","sócio-diretor.titular@institutodecirurgiasadepontagrossaunidade9.com.br"
"Sócio-Diretor Titular","Instituto de Cirurgia & Saúde Ponta Porã Unidade 10","","sócio-diretor.titular@institutodecirurgiasadepontaporunidade10.com.br"
"Sócio-Diretor Titular","Instituto de Cirurgia & Saúde Jundiaí Unidade 1","","sócio-diretor.titular@institutodecirurgiasadejundiaunidade1.com.br"
"Sócio-Diretor Titular","Instituto de Cirurgia & Saúde Maringá Unidade 2","","sócio-diretor.titular@institutodecirurgiasademaringunidade2.com.br"
"Sócio-Diretor Titular","Instituto de Cirurgia & Saúde Ponta Porã Unidade 3","","sócio-diretor.titular@institutodecirurgiasadepontaporunidade3.com.br"
"Sócio-Diretor Titular","Instituto de Cirurgia & Saúde São Paulo Unidade 4","","sócio-diretor.titular@institutodecirurgiasadesopaulounidade4.com.br"
"Sócio-Diretor Titular","Instituto de Cirurgia & Saúde Guarapuava Unidade 5","","sócio-diretor.titular@institutodecirurgiasadeguarapuavaunidade5.com.br"
"Sócio-Diretor Titular","Instituto de Cirurgia & Saúde Ponta Porã Unidade 6","","sócio-diretor.titular@institutodecirurgiasadepontaporunidade6.com.br"
"Sócio-Diretor Titular","Instituto de Cirurgia & Saúde Jundiaí Unidade 7","","sócio-diretor.titular@institutodecirurgiasadejundiaunidade7.com.br"
"Sócio-Diretor Titular","Instituto de Cirurgia & Saúde Ponta Grossa Unidade 8","","sócio-diretor.titular@institutodecirurgiasadepontagrossaunidade8.com.br"
"Sócio-Diretor Titular","Instituto de Cirurgia & Saúde Ponta Porã Unidade 9","","sócio-diretor.titular@institutodecirurgiasadepontaporunidade9.com.br"
"Sócio-Diretor Titular","Instituto de Cirurgia & Saúde São Paulo Unidade 10","","sócio-diretor.titular@institutodecirurgiasadesopaulounidade10.com.br"
"Sócio-Diretor Titular","Instituto de Cirurgia & Saúde Maringá Unidade 1","","sócio-diretor.titular@institutodecirurgiasademaringunidade1.com.br"
"Sócio-Diretor Titular","Instituto de Cirurgia & Saúde Ponta Porã Unidade 2","","sócio-diretor.titular@institutodecirurgiasadepontaporunidade2.com.br"
"Sócio-Diretor Titular","Instituto de Cirurgia & Saúde Jundiaí Unidade 3","","sócio-diretor.titular@institutodecirurgiasadejundiaunidade3.com.br"
"Sócio-Diretor Titular","Instituto de Cirurgia & Saúde Guarapuava Unidade 4","","sócio-diretor.titular@institutodecirurgiasadeguarapuavaunidade4.com.br"
"Sócio-Diretor Titular","Instituto de Cirurgia & Saúde Ponta Porã Unidade 5","","sócio-diretor.titular@institutodecirurgiasadepontaporunidade5.com.br"
"Sócio-Diretor Titular","Instituto de Cirurgia & Saúde São Paulo Unidade 6","","sócio-diretor.titular@institutodecirurgiasadesopaulounidade6.com.br"
"Sócio-Diretor Titular","Instituto de Cirurgia & Saúde Ponta Grossa Unidade 7","","sócio-diretor.titular@institutodecirurgiasadepontagrossaunidade7.com.br"
"Sócio-Diretor Titular","Instituto de Cirurgia & Saúde Ponta Porã Unidade 8","","sócio-diretor.titular@institutodecirurgiasadepontaporunidade8.com.br"
"Sócio-Diretor Titular","Instituto de Cirurgia & Saúde Jundiaí Unidade 9","","sócio-diretor.titular@institutodecirurgiasadejundiaunidade9.com.br"
"Sócio-Diretor Titular","Instituto de Cirurgia & Saúde Maringá Unidade 10","","sócio-diretor.titular@institutodecirurgiasademaringunidade10.com.br"
"Sócio-Diretor Titular","Instituto de Cirurgia & Saúde Ponta Porã Unidade 1","","sócio-diretor.titular@institutodecirurgiasadepontaporunidade1.com.br"
"Sócio-Diretor Titular","Instituto de Cirurgia & Saúde São Paulo Unidade 2","","sócio-diretor.titular@institutodecirurgiasadesopaulounidade2.com.br"
"Sócio-Diretor Titular","Instituto de Cirurgia & Saúde Guarapuava Unidade 3","","sócio-diretor.titular@institutodecirurgiasadeguarapuavaunidade3.com.br"
"Sócio-Diretor Titular","Instituto de Cirurgia & Saúde Ponta Porã Unidade 4","","sócio-diretor.titular@institutodecirurgiasadepontaporunidade4.com.br"
"Sócio-Diretor Titular","Instituto de Cirurgia & Saúde Jundiaí Unidade 5","","sócio-diretor.titular@institutodecirurgiasadejundiaunidade5.com.br"
"Sócio-Diretor Titular","Instituto de Cirurgia & Saúde Ponta Grossa Unidade 6","","sócio-diretor.titular@institutodecirurgiasadepontagrossaunidade6.com.br"
"Sócio-Diretor Titular","Instituto de Cirurgia & Saúde Ponta Porã Unidade 7","","sócio-diretor.titular@institutodecirurgiasadepontaporunidade7.com.br"
"Sócio-Diretor Titular","Instituto de Cirurgia & Saúde São Paulo Unidade 8","","sócio-diretor.titular@institutodecirurgiasadesopaulounidade8.com.br"
"Sócio-Diretor Titular","Instituto de Cirurgia & Saúde Maringá Unidade 9","","sócio-diretor.titular@institutodecirurgiasademaringunidade9.com.br"
"Sócio-Diretor Titular","Instituto de Cirurgia & Saúde Ponta Porã Unidade 10","","sócio-diretor.titular@institutodecirurgiasadepontaporunidade10.com.br"
"Sócio-Diretor Titular","Instituto de Cirurgia & Saúde Jundiaí Unidade 1","","sócio-diretor.titular@institutodecirurgiasadejundiaunidade1.com.br"
"Sócio-Diretor Titular","Instituto de Cirurgia & Saúde Guarapuava Unidade 2","","sócio-diretor.titular@institutodecirurgiasadeguarapuavaunidade2.com.br"
"Sócio-Diretor Titular","Instituto de Cirurgia & Saúde Ponta Porã Unidade 3","","sócio-diretor.titular@institutodecirurgiasadepontaporunidade3.com.br"
"Sócio-Diretor Titular","Instituto de Cirurgia & Saúde São Paulo Unidade 4","","sócio-diretor.titular@institutodecirurgiasadesopaulounidade4.com.br"
"Sócio-Diretor Titular","Instituto de Cirurgia & Saúde Ponta Grossa Unidade 5","","sócio-diretor.titular@institutodecirurgiasadepontagrossaunidade5.com.br"
"Sócio-Diretor Titular","Instituto de Cirurgia & Saúde Ponta Porã Unidade 6","","sócio-diretor.titular@institutodecirurgiasadepontaporunidade6.com.br"
"Sócio-Diretor Titular","Instituto de Cirurgia & Saúde Jundiaí Unidade 7","","sócio-diretor.titular@institutodecirurgiasadejundiaunidade7.com.br"
"Sócio-Diretor Titular","Instituto de Cirurgia & Saúde Maringá Unidade 8","","sócio-diretor.titular@institutodecirurgiasademaringunidade8.com.br"
"Sócio-Diretor Titular","Instituto de Cirurgia & Saúde Ponta Porã Unidade 9","","sócio-diretor.titular@institutodecirurgiasadepontaporunidade9.com.br"
"Sócio-Diretor Titular","Instituto de Cirurgia & Saúde São Paulo Unidade 10","","sócio-diretor.titular@institutodecirurgiasadesopaulounidade10.com.br"
"Sócio-Diretor Titular","Instituto de Cirurgia & Saúde Guarapuava Unidade 1","","sócio-diretor.titular@institutodecirurgiasadeguarapuavaunidade1.com.br"
"Sócio-Diretor Titular","Instituto de Cirurgia & Saúde Ponta Porã Unidade 2","","sócio-diretor.titular@institutodecirurgiasadepontaporunidade2.com.br"
"Sócio-Diretor Titular","Instituto de Cirurgia & Saúde Jundiaí Unidade 3","","sócio-diretor.titular@institutodecirurgiasadejundiaunidade3.com.br"
"Sócio-Diretor Titular","Instituto de Cirurgia & Saúde Ponta Grossa Unidade 4","","sócio-diretor.titular@institutodecirurgiasadepontagrossaunidade4.com.br"
"Sócio-Diretor Titular","Instituto de Cirurgia & Saúde Ponta Porã Unidade 5","","sócio-diretor.titular@institutodecirurgiasadepontaporunidade5.com.br"
"Sócio-Diretor Titular","Instituto de Cirurgia & Saúde São Paulo Unidade 6","","sócio-diretor.titular@institutodecirurgiasadesopaulounidade6.com.br"
"Sócio-Diretor Titular","Instituto de Cirurgia & Saúde Maringá Unidade 7","","sócio-diretor.titular@institutodecirurgiasademaringunidade7.com.br"
"Sócio-Diretor Titular","Instituto de Cirurgia & Saúde Ponta Porã Unidade 8","","sócio-diretor.titular@institutodecirurgiasadepontaporunidade8.com.br"
"Sócio-Diretor Titular","Instituto de Cirurgia & Saúde Jundiaí Unidade 9","","sócio-diretor.titular@institutodecirurgiasadejundiaunidade9.com.br"
"Sócio-Diretor Titular","Instituto de Cirurgia & Saúde Guarapuava Unidade 10","","sócio-diretor.titular@institutodecirurgiasadeguarapuavaunidade10.com.br"
"Sócio-Diretor Titular","Instituto de Cirurgia & Saúde Ponta Porã Unidade 1","","sócio-diretor.titular@institutodecirurgiasadepontaporunidade1.com.br"
"Sócio-Diretor Titular","Instituto de Cirurgia & Saúde São Paulo Unidade 2","","sócio-diretor.titular@institutodecirurgiasadesopaulounidade2.com.br"
"Sócio-Diretor Titular","Instituto de Cirurgia & Saúde Ponta Grossa Unidade 3","","sócio-diretor.titular@institutodecirurgiasadepontagrossaunidade3.com.br"
"Sócio-Diretor Titular","Instituto de Cirurgia & Saúde Ponta Porã Unidade 4","","sócio-diretor.titular@institutodecirurgiasadepontaporunidade4.com.br"
"Sócio-Diretor Titular","Instituto de Cirurgia & Saúde Jundiaí Unidade 5","","sócio-diretor.titular@institutodecirurgiasadejundiaunidade5.com.br"
"Sócio-Diretor Titular","Instituto de Cirurgia & Saúde Maringá Unidade 6","","sócio-diretor.titular@institutodecirurgiasademaringunidade6.com.br"
"Sócio-Diretor Titular","Instituto de Cirurgia & Saúde Ponta Porã Unidade 7","","sócio-diretor.titular@institutodecirurgiasadepontaporunidade7.com.br"
"Sócio-Diretor Titular","Instituto de Cirurgia & Saúde São Paulo Unidade 8","","sócio-diretor.titular@institutodecirurgiasadesopaulounidade8.com.br"
"Sócio-Diretor Titular","Instituto de Cirurgia & Saúde Guarapuava Unidade 9","","sócio-diretor.titular@institutodecirurgiasadeguarapuavaunidade9.com.br"
"Sócio-Diretor Titular","Instituto de Cirurgia & Saúde Ponta Porã Unidade 10","","sócio-diretor.titular@institutodecirurgiasadepontaporunidade10.com.br"
"Sócio-Diretor Titular","Instituto de Cirurgia & Saúde Jundiaí Unidade 1","","sócio-diretor.titular@institutodecirurgiasadejundiaunidade1.com.br"
"Sócio-Diretor Titular","Instituto de Cirurgia & Saúde Ponta Grossa Unidade 2","","sócio-diretor.titular@institutodecirurgiasadepontagrossaunidade2.com.br"
"Sócio-Diretor Titular","Instituto de Cirurgia & Saúde Ponta Porã Unidade 3","","sócio-diretor.titular@institutodecirurgiasadepontaporunidade3.com.br"
"Sócio-Diretor Titular","Instituto de Cirurgia & Saúde São Paulo Unidade 4","","sócio-diretor.titular@institutodecirurgiasadesopaulounidade4.com.br"
"Sócio-Diretor Titular","Instituto de Cirurgia & Saúde Maringá Unidade 5","","sócio-diretor.titular@institutodecirurgiasademaringunidade5.com.br"
"Sócio-Diretor Titular","Instituto de Cirurgia & Saúde Ponta Porã Unidade 6","","sócio-diretor.titular@institutodecirurgiasadepontaporunidade6.com.br"
"Sócio-Diretor Titular","Instituto de Cirurgia & Saúde Jundiaí Unidade 7","","sócio-diretor.titular@institutodecirurgiasadejundiaunidade7.com.br"
"Sócio-Diretor Titular","Instituto de Cirurgia & Saúde Guarapuava Unidade 8","","sócio-diretor.titular@institutodecirurgiasadeguarapuavaunidade8.com.br"
"Sócio-Diretor Titular","Instituto de Cirurgia & Saúde Ponta Porã Unidade 9","","sócio-diretor.titular@institutodecirurgiasadepontaporunidade9.com.br"
"Sócio-Diretor Titular","Instituto de Cirurgia & Saúde São Paulo Unidade 10","","sócio-diretor.titular@institutodecirurgiasadesopaulounidade10.com.br"
"Sócio-Diretor Titular","Instituto de Cirurgia & Saúde Ponta Grossa Unidade 1","","sócio-diretor.titular@institutodecirurgiasadepontagrossaunidade1.com.br"
"Sócio-Diretor Titular","Instituto de Cirurgia & Saúde Ponta Porã Unidade 2","","sócio-diretor.titular@institutodecirurgiasadepontaporunidade2.com.br"
"Sócio-Diretor Titular","Instituto de Cirurgia & Saúde Jundiaí Unidade 3","","sócio-diretor.titular@institutodecirurgiasadejundiaunidade3.com.br"
"Sócio-Diretor Titular","Instituto de Cirurgia & Saúde Maringá Unidade 4","","sócio-diretor.titular@institutodecirurgiasademaringunidade4.com.br"
"Sócio-Diretor Titular","Instituto de Cirurgia & Saúde Ponta Porã Unidade 5","","sócio-diretor.titular@institutodecirurgiasadepontaporunidade5.com.br"
"Sócio-Diretor Titular","Instituto de Cirurgia & Saúde São Paulo Unidade 6","","sócio-diretor.titular@institutodecirurgiasadesopaulounidade6.com.br"
"Sócio-Diretor Titular","Instituto de Cirurgia & Saúde Guarapuava Unidade 7","","sócio-diretor.titular@institutodecirurgiasadeguarapuavaunidade7.com.br"
"Sócio-Diretor Titular","Instituto de Cirurgia & Saúde Ponta Porã Unidade 8","","sócio-diretor.titular@institutodecirurgiasadepontaporunidade8.com.br"
"Sócio-Diretor Titular","Instituto de Cirurgia & Saúde Jundiaí Unidade 9","","sócio-diretor.titular@institutodecirurgiasadejundiaunidade9.com.br"
"Sócio-Diretor Titular","Instituto de Cirurgia & Saúde Ponta Grossa Unidade 10","","sócio-diretor.titular@institutodecirurgiasadepontagrossaunidade10.com.br"
"Sócio-Diretor Titular","Instituto de Cirurgia & Saúde Ponta Porã Unidade 1","","sócio-diretor.titular@institutodecirurgiasadepontaporunidade1.com.br"
"Sócio-Diretor Titular","Instituto de Cirurgia & Saúde São Paulo Unidade 2","","sócio-diretor.titular@institutodecirurgiasadesopaulounidade2.com.br"
"Sócio-Diretor Titular","Instituto de Cirurgia & Saúde Maringá Unidade 3","","sócio-diretor.titular@institutodecirurgiasademaringunidade3.com.br"
"Sócio-Diretor Titular","Instituto de Cirurgia & Saúde Ponta Porã Unidade 4","","sócio-diretor.titular@institutodecirurgiasadepontaporunidade4.com.br"
"Sócio-Diretor Titular","Instituto de Cirurgia & Saúde Jundiaí Unidade 5","","sócio-diretor.titular@institutodecirurgiasadejundiaunidade5.com.br"
"Sócio-Diretor Titular","Instituto de Cirurgia & Saúde Guarapuava Unidade 6","","sócio-diretor.titular@institutodecirurgiasadeguarapuavaunidade6.com.br"
"Sócio-Diretor Titular","Instituto de Cirurgia & Saúde Ponta Porã Unidade 7","","sócio-diretor.titular@institutodecirurgiasadepontaporunidade7.com.br"
"Sócio-Diretor Titular","Instituto de Cirurgia & Saúde São Paulo Unidade 8","","sócio-diretor.titular@institutodecirurgiasadesopaulounidade8.com.br"
"Sócio-Diretor Titular","Instituto de Cirurgia & Saúde Ponta Grossa Unidade 9","","sócio-diretor.titular@institutodecirurgiasadepontagrossaunidade9.com.br"
"Sócio-Diretor Titular","Instituto de Cirurgia & Saúde Ponta Porã Unidade 10","","sócio-diretor.titular@institutodecirurgiasadepontaporunidade10.com.br"
"Sócio-Diretor Titular","Instituto de Cirurgia & Saúde Jundiaí Unidade 1","","sócio-diretor.titular@institutodecirurgiasadejundiaunidade1.com.br"
"Sócio-Diretor Titular","Instituto de Cirurgia & Saúde Maringá Unidade 2","","sócio-diretor.titular@institutodecirurgiasademaringunidade2.com.br"
"Sócio-Diretor Titular","Instituto de Cirurgia & Saúde Ponta Porã Unidade 3","","sócio-diretor.titular@institutodecirurgiasadepontaporunidade3.com.br"
"Sócio-Diretor Titular","Instituto de Cirurgia & Saúde São Paulo Unidade 4","","sócio-diretor.titular@institutodecirurgiasadesopaulounidade4.com.br"
"Sócio-Diretor Titular","Instituto de Cirurgia & Saúde Guarapuava Unidade 5","","sócio-diretor.titular@institutodecirurgiasadeguarapuavaunidade5.com.br"
"Sócio-Diretor Titular","Instituto de Cirurgia & Saúde Ponta Porã Unidade 6","","sócio-diretor.titular@institutodecirurgiasadepontaporunidade6.com.br"
"Sócio-Diretor Titular","Instituto de Cirurgia & Saúde Jundiaí Unidade 7","","sócio-diretor.titular@institutodecirurgiasadejundiaunidade7.com.br"
"Sócio-Diretor Titular","Instituto de Cirurgia & Saúde Ponta Grossa Unidade 8","","sócio-diretor.titular@institutodecirurgiasadepontagrossaunidade8.com.br"
"Sócio-Diretor Titular","Instituto de Cirurgia & Saúde Ponta Porã Unidade 9","","sócio-diretor.titular@institutodecirurgiasadepontaporunidade9.com.br"
"Sócio-Diretor Titular","Instituto de Cirurgia & Saúde São Paulo Unidade 10","","sócio-diretor.titular@institutodecirurgiasadesopaulounidade10.com.br"
"Sócio-Diretor Titular","Instituto de Cirurgia & Saúde Maringá Unidade 1","","sócio-diretor.titular@institutodecirurgiasademaringunidade1.com.br"
"Sócio-Diretor Titular","Instituto de Cirurgia & Saúde Ponta Porã Unidade 2","","sócio-diretor.titular@institutodecirurgiasadepontaporunidade2.com.br"
"Sócio-Diretor Titular","Instituto de Cirurgia & Saúde Jundiaí Unidade 3","","sócio-diretor.titular@institutodecirurgiasadejundiaunidade3.com.br"
"Sócio-Diretor Titular","Instituto de Cirurgia & Saúde Guarapuava Unidade 4","","sócio-diretor.titular@institutodecirurgiasadeguarapuavaunidade4.com.br"
"Sócio-Diretor Titular","Instituto de Cirurgia & Saúde Ponta Porã Unidade 5","","sócio-diretor.titular@institutodecirurgiasadepontaporunidade5.com.br"
"Sócio-Diretor Titular","Instituto de Cirurgia & Saúde São Paulo Unidade 6","","sócio-diretor.titular@institutodecirurgiasadesopaulounidade6.com.br"
"Sócio-Diretor Titular","Instituto de Cirurgia & Saúde Ponta Grossa Unidade 7","","sócio-diretor.titular@institutodecirurgiasadepontagrossaunidade7.com.br"
"Sócio-Diretor Titular","Instituto de Cirurgia & Saúde Ponta Porã Unidade 8","","sócio-diretor.titular@institutodecirurgiasadepontaporunidade8.com.br"
"Sócio-Diretor Titular","Instituto de Cirurgia & Saúde Jundiaí Unidade 9","","sócio-diretor.titular@institutodecirurgiasadejundiaunidade9.com.br"
"Sócio-Diretor Titular","Instituto de Cirurgia & Saúde Maringá Unidade 10","","sócio-diretor.titular@institutodecirurgiasademaringunidade10.com.br"
"Sócio-Diretor Titular","Instituto de Cirurgia & Saúde Ponta Porã Unidade 1","","sócio-diretor.titular@institutodecirurgiasadepontaporunidade1.com.br"
"Sócio-Diretor Titular","Instituto de Cirurgia & Saúde São Paulo Unidade 2","","sócio-diretor.titular@institutodecirurgiasadesopaulounidade2.com.br"
"Sócio-Diretor Titular","Instituto de Cirurgia & Saúde Guarapuava Unidade 3","","sócio-diretor.titular@institutodecirurgiasadeguarapuavaunidade3.com.br"
"Sócio-Diretor Titular","Instituto de Cirurgia & Saúde Ponta Porã Unidade 4","","sócio-diretor.titular@institutodecirurgiasadepontaporunidade4.com.br"
"Sócio-Diretor Titular","Instituto de Cirurgia & Saúde Jundiaí Unidade 5","","sócio-diretor.titular@institutodecirurgiasadejundiaunidade5.com.br"
"Sócio-Diretor Titular","Instituto de Cirurgia & Saúde Ponta Grossa Unidade 6","","sócio-diretor.titular@institutodecirurgiasadepontagrossaunidade6.com.br"
"Sócio-Diretor Titular","Instituto de Cirurgia & Saúde Ponta Porã Unidade 7","","sócio-diretor.titular@institutodecirurgiasadepontaporunidade7.com.br"
"Sócio-Diretor Titular","Instituto de Cirurgia & Saúde São Paulo Unidade 8","","sócio-diretor.titular@institutodecirurgiasadesopaulounidade8.com.br"
"Sócio-Diretor Titular","Instituto de Cirurgia & Saúde Maringá Unidade 9","","sócio-diretor.titular@institutodecirurgiasademaringunidade9.com.br"
"Sócio-Diretor Titular","Instituto de Cirurgia & Saúde Ponta Porã Unidade 10","","sócio-diretor.titular@institutodecirurgiasadepontaporunidade10.com.br"
"Sócio-Diretor Titular","Instituto de Cirurgia & Saúde Jundiaí Unidade 1","","sócio-diretor.titular@institutodecirurgiasadejundiaunidade1.com.br"
"Sócio-Diretor Titular","Instituto de Cirurgia & Saúde Guarapuava Unidade 2","","sócio-diretor.titular@institutodecirurgiasadeguarapuavaunidade2.com.br"
"Sócio-Diretor Titular","Instituto de Cirurgia & Saúde Ponta Porã Unidade 3","","sócio-diretor.titular@institutodecirurgiasadepontaporunidade3.com.br"
"Sócio-Diretor Titular","Instituto de Cirurgia & Saúde São Paulo Unidade 4","","sócio-diretor.titular@institutodecirurgiasadesopaulounidade4.com.br"
"Sócio-Diretor Titular","Instituto de Cirurgia & Saúde Ponta Grossa Unidade 5","","sócio-diretor.titular@institutodecirurgiasadepontagrossaunidade5.com.br"
"Sócio-Diretor Titular","Instituto de Cirurgia & Saúde Ponta Porã Unidade 6","","sócio-diretor.titular@institutodecirurgiasadepontaporunidade6.com.br"
"Sócio-Diretor Titular","Instituto de Cirurgia & Saúde Jundiaí Unidade 7","","sócio-diretor.titular@institutodecirurgiasadejundiaunidade7.com.br"
"Sócio-Diretor Titular","Instituto de Cirurgia & Saúde Maringá Unidade 8","","sócio-diretor.titular@institutodecirurgiasademaringunidade8.com.br"
"Sócio-Diretor Titular","Agro Grãos & Armazéns Guarapuava","","sócio-diretor.titular@agrogrosarmaznsguarapuava.com.br"
"Sócio-Diretor Titular","Agro Grãos & Armazéns Ponta Porã","","sócio-diretor.titular@agrogrosarmaznspontapor.com.br"
"Sócio-Diretor Titular","Agro Grãos & Armazéns São Paulo","","sócio-diretor.titular@agrogrosarmaznssopaulo.com.br"
"Sócio-Diretor Titular","Agro Grãos & Armazéns Ponta Grossa","","sócio-diretor.titular@agrogrosarmaznspontagrossa.com.br"
"Sócio-Diretor Titular","Agro Grãos & Armazéns Ponta Porã","","sócio-diretor.titular@agrogrosarmaznspontapor.com.br"
"Sócio-Diretor Titular","Agro Grãos & Armazéns Jundiaí","","sócio-diretor.titular@agrogrosarmaznsjundia.com.br"
"Sócio-Diretor Titular","Agro Grãos & Armazéns Maringá","","sócio-diretor.titular@agrogrosarmaznsmaring.com.br"
"Sócio-Diretor Titular","Agro Grãos & Armazéns Ponta Porã","","sócio-diretor.titular@agrogrosarmaznspontapor.com.br"
"Sócio-Diretor Titular","Agro Grãos & Armazéns São Paulo","","sócio-diretor.titular@agrogrosarmaznssopaulo.com.br"
"Sócio-Diretor Titular","Agro Grãos & Armazéns Guarapuava","","sócio-diretor.titular@agrogrosarmaznsguarapuava.com.br"
"Sócio-Diretor Titular","Agro Grãos & Armazéns Ponta Porã","","sócio-diretor.titular@agrogrosarmaznspontapor.com.br"
"Sócio-Diretor Titular","Agro Grãos & Armazéns Jundiaí","","sócio-diretor.titular@agrogrosarmaznsjundia.com.br"
"Sócio-Diretor Titular","Agro Grãos & Armazéns Ponta Grossa","","sócio-diretor.titular@agrogrosarmaznspontagrossa.com.br"
"Sócio-Diretor Titular","Agro Grãos & Armazéns Ponta Porã","","sócio-diretor.titular@agrogrosarmaznspontapor.com.br"
"Sócio-Diretor Titular","Agro Grãos & Armazéns São Paulo","","sócio-diretor.titular@agrogrosarmaznssopaulo.com.br"
"Sócio-Diretor Titular","Agro Grãos & Armazéns Maringá","","sócio-diretor.titular@agrogrosarmaznsmaring.com.br"
"Sócio-Diretor Titular","Agro Grãos & Armazéns Ponta Porã Unidade 7","","sócio-diretor.titular@agrogrosarmaznspontaporunidade7.com.br"
"Sócio-Diretor Titular","Agro Grãos & Armazéns Jundiaí Unidade 8","","sócio-diretor.titular@agrogrosarmaznsjundiaunidade8.com.br"
"Sócio-Diretor Titular","Agro Grãos & Armazéns Guarapuava Unidade 9","","sócio-diretor.titular@agrogrosarmaznsguarapuavaunidade9.com.br"
"Sócio-Diretor Titular","Agro Grãos & Armazéns Ponta Porã Unidade 10","","sócio-diretor.titular@agrogrosarmaznspontaporunidade10.com.br"
"Sócio-Diretor Titular","Agro Grãos & Armazéns São Paulo Unidade 1","","sócio-diretor.titular@agrogrosarmaznssopaulounidade1.com.br"
"Sócio-Diretor Titular","Agro Grãos & Armazéns Ponta Grossa Unidade 2","","sócio-diretor.titular@agrogrosarmaznspontagrossaunidade2.com.br"
"Sócio-Diretor Titular","Agro Grãos & Armazéns Ponta Porã Unidade 3","","sócio-diretor.titular@agrogrosarmaznspontaporunidade3.com.br"
"Sócio-Diretor Titular","Agro Grãos & Armazéns Jundiaí Unidade 4","","sócio-diretor.titular@agrogrosarmaznsjundiaunidade4.com.br"
"Sócio-Diretor Titular","Agro Grãos & Armazéns Maringá Unidade 5","","sócio-diretor.titular@agrogrosarmaznsmaringunidade5.com.br"
"Sócio-Diretor Titular","Agro Grãos & Armazéns Ponta Porã Unidade 6","","sócio-diretor.titular@agrogrosarmaznspontaporunidade6.com.br"
"Sócio-Diretor Titular","Agro Grãos & Armazéns São Paulo Unidade 7","","sócio-diretor.titular@agrogrosarmaznssopaulounidade7.com.br"
"Sócio-Diretor Titular","Agro Grãos & Armazéns Guarapuava Unidade 8","","sócio-diretor.titular@agrogrosarmaznsguarapuavaunidade8.com.br"
"Sócio-Diretor Titular","Agro Grãos & Armazéns Ponta Porã Unidade 9","","sócio-diretor.titular@agrogrosarmaznspontaporunidade9.com.br"
"Sócio-Diretor Titular","Agro Grãos & Armazéns Jundiaí Unidade 10","","sócio-diretor.titular@agrogrosarmaznsjundiaunidade10.com.br"
"Sócio-Diretor Titular","Agro Grãos & Armazéns Ponta Grossa Unidade 1","","sócio-diretor.titular@agrogrosarmaznspontagrossaunidade1.com.br"
"Sócio-Diretor Titular","Agro Grãos & Armazéns Ponta Porã Unidade 2","","sócio-diretor.titular@agrogrosarmaznspontaporunidade2.com.br"
"Sócio-Diretor Titular","Agro Grãos & Armazéns São Paulo Unidade 3","","sócio-diretor.titular@agrogrosarmaznssopaulounidade3.com.br"
"Sócio-Diretor Titular","Agro Grãos & Armazéns Maringá Unidade 4","","sócio-diretor.titular@agrogrosarmaznsmaringunidade4.com.br"
"Sócio-Diretor Titular","Agro Grãos & Armazéns Ponta Porã Unidade 5","","sócio-diretor.titular@agrogrosarmaznspontaporunidade5.com.br"
"Sócio-Diretor Titular","Agro Grãos & Armazéns Jundiaí Unidade 6","","sócio-diretor.titular@agrogrosarmaznsjundiaunidade6.com.br"
"Sócio-Diretor Titular","Agro Grãos & Armazéns Guarapuava Unidade 7","","sócio-diretor.titular@agrogrosarmaznsguarapuavaunidade7.com.br"
"Sócio-Diretor Titular","Agro Grãos & Armazéns Ponta Porã Unidade 8","","sócio-diretor.titular@agrogrosarmaznspontaporunidade8.com.br"
"Sócio-Diretor Titular","Agro Grãos & Armazéns São Paulo Unidade 9","","sócio-diretor.titular@agrogrosarmaznssopaulounidade9.com.br"
"Sócio-Diretor Titular","Agro Grãos & Armazéns Ponta Grossa Unidade 10","","sócio-diretor.titular@agrogrosarmaznspontagrossaunidade10.com.br"
"Sócio-Diretor Titular","Agro Grãos & Armazéns Ponta Porã Unidade 1","","sócio-diretor.titular@agrogrosarmaznspontaporunidade1.com.br"
"Sócio-Diretor Titular","Agro Grãos & Armazéns Jundiaí Unidade 2","","sócio-diretor.titular@agrogrosarmaznsjundiaunidade2.com.br"
"Sócio-Diretor Titular","Agro Grãos & Armazéns Maringá Unidade 3","","sócio-diretor.titular@agrogrosarmaznsmaringunidade3.com.br"
"Sócio-Diretor Titular","Agro Grãos & Armazéns Ponta Porã Unidade 4","","sócio-diretor.titular@agrogrosarmaznspontaporunidade4.com.br"
"Sócio-Diretor Titular","Agro Grãos & Armazéns São Paulo Unidade 5","","sócio-diretor.titular@agrogrosarmaznssopaulounidade5.com.br"
"Sócio-Diretor Titular","Agro Grãos & Armazéns Guarapuava Unidade 6","","sócio-diretor.titular@agrogrosarmaznsguarapuavaunidade6.com.br"
"Sócio-Diretor Titular","Agro Grãos & Armazéns Ponta Porã Unidade 7","","sócio-diretor.titular@agrogrosarmaznspontaporunidade7.com.br"
"Sócio-Diretor Titular","Agro Grãos & Armazéns Jundiaí Unidade 8","","sócio-diretor.titular@agrogrosarmaznsjundiaunidade8.com.br"
"Sócio-Diretor Titular","Agro Grãos & Armazéns Ponta Grossa Unidade 9","","sócio-diretor.titular@agrogrosarmaznspontagrossaunidade9.com.br"
"Sócio-Diretor Titular","Agro Grãos & Armazéns Ponta Porã Unidade 10","","sócio-diretor.titular@agrogrosarmaznspontaporunidade10.com.br"
"Sócio-Diretor Titular","Agro Grãos & Armazéns São Paulo Unidade 1","","sócio-diretor.titular@agrogrosarmaznssopaulounidade1.com.br"
"Sócio-Diretor Titular","Agro Grãos & Armazéns Maringá Unidade 2","","sócio-diretor.titular@agrogrosarmaznsmaringunidade2.com.br"
"Sócio-Diretor Titular","Agro Grãos & Armazéns Ponta Porã Unidade 3","","sócio-diretor.titular@agrogrosarmaznspontaporunidade3.com.br"
"Sócio-Diretor Titular","Agro Grãos & Armazéns Jundiaí Unidade 4","","sócio-diretor.titular@agrogrosarmaznsjundiaunidade4.com.br"
"Sócio-Diretor Titular","Agro Grãos & Armazéns Guarapuava Unidade 5","","sócio-diretor.titular@agrogrosarmaznsguarapuavaunidade5.com.br"
"Sócio-Diretor Titular","Agro Grãos & Armazéns Ponta Porã Unidade 6","","sócio-diretor.titular@agrogrosarmaznspontaporunidade6.com.br"
"Sócio-Diretor Titular","Agro Grãos & Armazéns São Paulo Unidade 7","","sócio-diretor.titular@agrogrosarmaznssopaulounidade7.com.br"
"Sócio-Diretor Titular","Agro Grãos & Armazéns Ponta Grossa Unidade 8","","sócio-diretor.titular@agrogrosarmaznspontagrossaunidade8.com.br"
"Sócio-Diretor Titular","Agro Grãos & Armazéns Ponta Porã Unidade 9","","sócio-diretor.titular@agrogrosarmaznspontaporunidade9.com.br"
"Sócio-Diretor Titular","Agro Grãos & Armazéns Jundiaí Unidade 10","","sócio-diretor.titular@agrogrosarmaznsjundiaunidade10.com.br"
"Sócio-Diretor Titular","Agro Grãos & Armazéns Maringá Unidade 1","","sócio-diretor.titular@agrogrosarmaznsmaringunidade1.com.br"
"Sócio-Diretor Titular","Agro Grãos & Armazéns Ponta Porã Unidade 2","","sócio-diretor.titular@agrogrosarmaznspontaporunidade2.com.br"
"Sócio-Diretor Titular","Agro Grãos & Armazéns São Paulo Unidade 3","","sócio-diretor.titular@agrogrosarmaznssopaulounidade3.com.br"
"Sócio-Diretor Titular","Agro Grãos & Armazéns Guarapuava Unidade 4","","sócio-diretor.titular@agrogrosarmaznsguarapuavaunidade4.com.br"
"Sócio-Diretor Titular","Agro Grãos & Armazéns Ponta Porã Unidade 5","","sócio-diretor.titular@agrogrosarmaznspontaporunidade5.com.br"
"Sócio-Diretor Titular","Agro Grãos & Armazéns Jundiaí Unidade 6","","sócio-diretor.titular@agrogrosarmaznsjundiaunidade6.com.br"
"Sócio-Diretor Titular","Agro Grãos & Armazéns Ponta Grossa Unidade 7","","sócio-diretor.titular@agrogrosarmaznspontagrossaunidade7.com.br"
"Sócio-Diretor Titular","Agro Grãos & Armazéns Ponta Porã Unidade 8","","sócio-diretor.titular@agrogrosarmaznspontaporunidade8.com.br"
"Sócio-Diretor Titular","Agro Grãos & Armazéns São Paulo Unidade 9","","sócio-diretor.titular@agrogrosarmaznssopaulounidade9.com.br"
"Sócio-Diretor Titular","Agro Grãos & Armazéns Maringá Unidade 10","","sócio-diretor.titular@agrogrosarmaznsmaringunidade10.com.br"
"Sócio-Diretor Titular","Agro Grãos & Armazéns Ponta Porã Unidade 1","","sócio-diretor.titular@agrogrosarmaznspontaporunidade1.com.br"
"Sócio-Diretor Titular","Agro Grãos & Armazéns Jundiaí Unidade 2","","sócio-diretor.titular@agrogrosarmaznsjundiaunidade2.com.br"
"Sócio-Diretor Titular","Agro Grãos & Armazéns Guarapuava Unidade 3","","sócio-diretor.titular@agrogrosarmaznsguarapuavaunidade3.com.br"
"Sócio-Diretor Titular","Agro Grãos & Armazéns Ponta Porã Unidade 4","","sócio-diretor.titular@agrogrosarmaznspontaporunidade4.com.br"
"Sócio-Diretor Titular","Agro Grãos & Armazéns São Paulo Unidade 5","","sócio-diretor.titular@agrogrosarmaznssopaulounidade5.com.br"
"Sócio-Diretor Titular","Agro Grãos & Armazéns Ponta Grossa Unidade 6","","sócio-diretor.titular@agrogrosarmaznspontagrossaunidade6.com.br"
"Sócio-Diretor Titular","Agro Grãos & Armazéns Ponta Porã Unidade 7","","sócio-diretor.titular@agrogrosarmaznspontaporunidade7.com.br"
"Sócio-Diretor Titular","Agro Grãos & Armazéns Jundiaí Unidade 8","","sócio-diretor.titular@agrogrosarmaznsjundiaunidade8.com.br"
"Sócio-Diretor Titular","Agro Grãos & Armazéns Maringá Unidade 9","","sócio-diretor.titular@agrogrosarmaznsmaringunidade9.com.br"
"Sócio-Diretor Titular","Agro Grãos & Armazéns Ponta Porã Unidade 10","","sócio-diretor.titular@agrogrosarmaznspontaporunidade10.com.br"
"Sócio-Diretor Titular","Agro Grãos & Armazéns São Paulo Unidade 1","","sócio-diretor.titular@agrogrosarmaznssopaulounidade1.com.br"
"Sócio-Diretor Titular","Agro Grãos & Armazéns Guarapuava Unidade 2","","sócio-diretor.titular@agrogrosarmaznsguarapuavaunidade2.com.br"
"Sócio-Diretor Titular","Agro Grãos & Armazéns Ponta Porã Unidade 3","","sócio-diretor.titular@agrogrosarmaznspontaporunidade3.com.br"
"Sócio-Diretor Titular","Agro Grãos & Armazéns Jundiaí Unidade 4","","sócio-diretor.titular@agrogrosarmaznsjundiaunidade4.com.br"
"Sócio-Diretor Titular","Agro Grãos & Armazéns Ponta Grossa Unidade 5","","sócio-diretor.titular@agrogrosarmaznspontagrossaunidade5.com.br"
"Sócio-Diretor Titular","Agro Grãos & Armazéns Ponta Porã Unidade 6","","sócio-diretor.titular@agrogrosarmaznspontaporunidade6.com.br"
"Sócio-Diretor Titular","Agro Grãos & Armazéns São Paulo Unidade 7","","sócio-diretor.titular@agrogrosarmaznssopaulounidade7.com.br"
"Sócio-Diretor Titular","Agro Grãos & Armazéns Maringá Unidade 8","","sócio-diretor.titular@agrogrosarmaznsmaringunidade8.com.br"
"Sócio-Diretor Titular","Agro Grãos & Armazéns Ponta Porã Unidade 9","","sócio-diretor.titular@agrogrosarmaznspontaporunidade9.com.br"
"Sócio-Diretor Titular","Agro Grãos & Armazéns Jundiaí Unidade 10","","sócio-diretor.titular@agrogrosarmaznsjundiaunidade10.com.br"
"Sócio-Diretor Titular","Agro Grãos & Armazéns Guarapuava Unidade 1","","sócio-diretor.titular@agrogrosarmaznsguarapuavaunidade1.com.br"
"Sócio-Diretor Titular","Agro Grãos & Armazéns Ponta Porã Unidade 2","","sócio-diretor.titular@agrogrosarmaznspontaporunidade2.com.br"
"Sócio-Diretor Titular","Agro Grãos & Armazéns São Paulo Unidade 3","","sócio-diretor.titular@agrogrosarmaznssopaulounidade3.com.br"
"Sócio-Diretor Titular","Agro Grãos & Armazéns Ponta Grossa Unidade 4","","sócio-diretor.titular@agrogrosarmaznspontagrossaunidade4.com.br"
"Sócio-Diretor Titular","Agro Grãos & Armazéns Ponta Porã Unidade 5","","sócio-diretor.titular@agrogrosarmaznspontaporunidade5.com.br"
"Sócio-Diretor Titular","Agro Grãos & Armazéns Jundiaí Unidade 6","","sócio-diretor.titular@agrogrosarmaznsjundiaunidade6.com.br"
"Sócio-Diretor Titular","Agro Grãos & Armazéns Maringá Unidade 7","","sócio-diretor.titular@agrogrosarmaznsmaringunidade7.com.br"
"Sócio-Diretor Titular","Agro Grãos & Armazéns Ponta Porã Unidade 8","","sócio-diretor.titular@agrogrosarmaznspontaporunidade8.com.br"
"Sócio-Diretor Titular","Agro Grãos & Armazéns São Paulo Unidade 9","","sócio-diretor.titular@agrogrosarmaznssopaulounidade9.com.br"
"Sócio-Diretor Titular","Agro Grãos & Armazéns Guarapuava Unidade 10","","sócio-diretor.titular@agrogrosarmaznsguarapuavaunidade10.com.br"
"Sócio-Diretor Titular","Agro Grãos & Armazéns Ponta Porã Unidade 1","","sócio-diretor.titular@agrogrosarmaznspontaporunidade1.com.br"
"Sócio-Diretor Titular","Agro Grãos & Armazéns Jundiaí Unidade 2","","sócio-diretor.titular@agrogrosarmaznsjundiaunidade2.com.br"
"Sócio-Diretor Titular","Agro Grãos & Armazéns Ponta Grossa Unidade 3","","sócio-diretor.titular@agrogrosarmaznspontagrossaunidade3.com.br"
"Sócio-Diretor Titular","Agro Grãos & Armazéns Ponta Porã Unidade 4","","sócio-diretor.titular@agrogrosarmaznspontaporunidade4.com.br"
"Sócio-Diretor Titular","Agro Grãos & Armazéns São Paulo Unidade 5","","sócio-diretor.titular@agrogrosarmaznssopaulounidade5.com.br"
"Sócio-Diretor Titular","Agro Grãos & Armazéns Maringá Unidade 6","","sócio-diretor.titular@agrogrosarmaznsmaringunidade6.com.br"
"Sócio-Diretor Titular","Agro Grãos & Armazéns Ponta Porã Unidade 7","","sócio-diretor.titular@agrogrosarmaznspontaporunidade7.com.br"
"Sócio-Diretor Titular","Agro Grãos & Armazéns Jundiaí Unidade 8","","sócio-diretor.titular@agrogrosarmaznsjundiaunidade8.com.br"
"Sócio-Diretor Titular","Agro Grãos & Armazéns Guarapuava Unidade 9","","sócio-diretor.titular@agrogrosarmaznsguarapuavaunidade9.com.br"
"Sócio-Diretor Titular","Agro Grãos & Armazéns Ponta Porã Unidade 10","","sócio-diretor.titular@agrogrosarmaznspontaporunidade10.com.br"
"Sócio-Diretor Titular","Agro Grãos & Armazéns São Paulo Unidade 1","","sócio-diretor.titular@agrogrosarmaznssopaulounidade1.com.br"
"Sócio-Diretor Titular","Agro Grãos & Armazéns Ponta Grossa Unidade 2","","sócio-diretor.titular@agrogrosarmaznspontagrossaunidade2.com.br"
"Sócio-Diretor Titular","Agro Grãos & Armazéns Ponta Porã Unidade 3","","sócio-diretor.titular@agrogrosarmaznspontaporunidade3.com.br"
"Sócio-Diretor Titular","Agro Grãos & Armazéns Jundiaí Unidade 4","","sócio-diretor.titular@agrogrosarmaznsjundiaunidade4.com.br"
"Sócio-Diretor Titular","Agro Grãos & Armazéns Maringá Unidade 5","","sócio-diretor.titular@agrogrosarmaznsmaringunidade5.com.br"
"Sócio-Diretor Titular","Agro Grãos & Armazéns Ponta Porã Unidade 6","","sócio-diretor.titular@agrogrosarmaznspontaporunidade6.com.br"
"Sócio-Diretor Titular","Agro Grãos & Armazéns São Paulo Unidade 7","","sócio-diretor.titular@agrogrosarmaznssopaulounidade7.com.br"
"Sócio-Diretor Titular","Agro Grãos & Armazéns Guarapuava Unidade 8","","sócio-diretor.titular@agrogrosarmaznsguarapuavaunidade8.com.br"
"Sócio-Diretor Titular","Agro Grãos & Armazéns Ponta Porã Unidade 9","","sócio-diretor.titular@agrogrosarmaznspontaporunidade9.com.br"
"Sócio-Diretor Titular","Agro Grãos & Armazéns Jundiaí Unidade 10","","sócio-diretor.titular@agrogrosarmaznsjundiaunidade10.com.br"
"Sócio-Diretor Titular","Agro Grãos & Armazéns Ponta Grossa Unidade 1","","sócio-diretor.titular@agrogrosarmaznspontagrossaunidade1.com.br"
"Sócio-Diretor Titular","Agro Grãos & Armazéns Ponta Porã Unidade 2","","sócio-diretor.titular@agrogrosarmaznspontaporunidade2.com.br"
"Sócio-Diretor Titular","Agro Grãos & Armazéns São Paulo Unidade 3","","sócio-diretor.titular@agrogrosarmaznssopaulounidade3.com.br"
"Sócio-Diretor Titular","Agro Grãos & Armazéns Maringá Unidade 4","","sócio-diretor.titular@agrogrosarmaznsmaringunidade4.com.br"
"Sócio-Diretor Titular","Agro Grãos & Armazéns Ponta Porã Unidade 5","","sócio-diretor.titular@agrogrosarmaznspontaporunidade5.com.br"
"Sócio-Diretor Titular","Agro Grãos & Armazéns Jundiaí Unidade 6","","sócio-diretor.titular@agrogrosarmaznsjundiaunidade6.com.br"
"Sócio-Diretor Titular","Agro Grãos & Armazéns Guarapuava Unidade 7","","sócio-diretor.titular@agrogrosarmaznsguarapuavaunidade7.com.br"
"Sócio-Diretor Titular","Agro Grãos & Armazéns Ponta Porã Unidade 8","","sócio-diretor.titular@agrogrosarmaznspontaporunidade8.com.br"
"Sócio-Diretor Titular","Agro Grãos & Armazéns São Paulo Unidade 9","","sócio-diretor.titular@agrogrosarmaznssopaulounidade9.com.br"
"Sócio-Diretor Titular","Agro Grãos & Armazéns Ponta Grossa Unidade 10","","sócio-diretor.titular@agrogrosarmaznspontagrossaunidade10.com.br"
"Sócio-Diretor Titular","Agro Grãos & Armazéns Ponta Porã Unidade 1","","sócio-diretor.titular@agrogrosarmaznspontaporunidade1.com.br"
"Sócio-Diretor Titular","Agro Grãos & Armazéns Jundiaí Unidade 2","","sócio-diretor.titular@agrogrosarmaznsjundiaunidade2.com.br"
"Sócio-Diretor Titular","Agro Grãos & Armazéns Maringá Unidade 3","","sócio-diretor.titular@agrogrosarmaznsmaringunidade3.com.br"
"Sócio-Diretor Titular","Agro Grãos & Armazéns Ponta Porã Unidade 4","","sócio-diretor.titular@agrogrosarmaznspontaporunidade4.com.br"
"Sócio-Diretor Titular","Agro Grãos & Armazéns São Paulo Unidade 5","","sócio-diretor.titular@agrogrosarmaznssopaulounidade5.com.br"
"Sócio-Diretor Titular","Agro Grãos & Armazéns Guarapuava Unidade 6","","sócio-diretor.titular@agrogrosarmaznsguarapuavaunidade6.com.br"
"Sócio-Diretor Titular","Agro Grãos & Armazéns Ponta Porã Unidade 7","","sócio-diretor.titular@agrogrosarmaznspontaporunidade7.com.br"
"Sócio-Diretor Titular","Agro Grãos & Armazéns Jundiaí Unidade 8","","sócio-diretor.titular@agrogrosarmaznsjundiaunidade8.com.br"
"Sócio-Diretor Titular","Agro Grãos & Armazéns Ponta Grossa Unidade 9","","sócio-diretor.titular@agrogrosarmaznspontagrossaunidade9.com.br"
"Sócio-Diretor Titular","Agro Grãos & Armazéns Ponta Porã Unidade 10","","sócio-diretor.titular@agrogrosarmaznspontaporunidade10.com.br"
"Sócio-Diretor Titular","Agro Grãos & Armazéns São Paulo Unidade 1","","sócio-diretor.titular@agrogrosarmaznssopaulounidade1.com.br"
"Sócio-Diretor Titular","Agro Grãos & Armazéns Maringá Unidade 2","","sócio-diretor.titular@agrogrosarmaznsmaringunidade2.com.br"
"Sócio-Diretor Titular","Agro Grãos & Armazéns Ponta Porã Unidade 3","","sócio-diretor.titular@agrogrosarmaznspontaporunidade3.com.br"
"Sócio-Diretor Titular","Agro Grãos & Armazéns Jundiaí Unidade 4","","sócio-diretor.titular@agrogrosarmaznsjundiaunidade4.com.br"
"Sócio-Diretor Titular","Agro Grãos & Armazéns Guarapuava Unidade 5","","sócio-diretor.titular@agrogrosarmaznsguarapuavaunidade5.com.br"
"Sócio-Diretor Titular","Agro Grãos & Armazéns Ponta Porã Unidade 6","","sócio-diretor.titular@agrogrosarmaznspontaporunidade6.com.br"
"Sócio-Diretor Titular","Agro Grãos & Armazéns São Paulo Unidade 7","","sócio-diretor.titular@agrogrosarmaznssopaulounidade7.com.br"
"Sócio-Diretor Titular","Agro Grãos & Armazéns Ponta Grossa Unidade 8","","sócio-diretor.titular@agrogrosarmaznspontagrossaunidade8.com.br"
"Sócio-Diretor Titular","Agro Grãos & Armazéns Ponta Porã Unidade 9","","sócio-diretor.titular@agrogrosarmaznspontaporunidade9.com.br"
"Sócio-Diretor Titular","Agro Grãos & Armazéns Jundiaí Unidade 10","","sócio-diretor.titular@agrogrosarmaznsjundiaunidade10.com.br"
"Sócio-Diretor Titular","Agro Grãos & Armazéns Maringá Unidade 1","","sócio-diretor.titular@agrogrosarmaznsmaringunidade1.com.br"
"Sócio-Diretor Titular","Agro Grãos & Armazéns Ponta Porã Unidade 2","","sócio-diretor.titular@agrogrosarmaznspontaporunidade2.com.br"
"Sócio-Diretor Titular","Agro Grãos & Armazéns São Paulo Unidade 3","","sócio-diretor.titular@agrogrosarmaznssopaulounidade3.com.br"
"Sócio-Diretor Titular","Agro Grãos & Armazéns Guarapuava Unidade 4","","sócio-diretor.titular@agrogrosarmaznsguarapuavaunidade4.com.br"
"Sócio-Diretor Titular","Agro Grãos & Armazéns Ponta Porã Unidade 5","","sócio-diretor.titular@agrogrosarmaznspontaporunidade5.com.br"
"Sócio-Diretor Titular","Agro Grãos & Armazéns Jundiaí Unidade 6","","sócio-diretor.titular@agrogrosarmaznsjundiaunidade6.com.br"
"Sócio-Diretor Titular","Agro Grãos & Armazéns Ponta Grossa Unidade 7","","sócio-diretor.titular@agrogrosarmaznspontagrossaunidade7.com.br"
"Sócio-Diretor Titular","Agro Grãos & Armazéns Ponta Porã Unidade 8","","sócio-diretor.titular@agrogrosarmaznspontaporunidade8.com.br"
"Sócio-Diretor Titular","Agro Grãos & Armazéns São Paulo Unidade 9","","sócio-diretor.titular@agrogrosarmaznssopaulounidade9.com.br"
"Sócio-Diretor Titular","Agro Grãos & Armazéns Maringá Unidade 10","","sócio-diretor.titular@agrogrosarmaznsmaringunidade10.com.br"
"Sócio-Diretor Titular","Agro Grãos & Armazéns Ponta Porã Unidade 1","","sócio-diretor.titular@agrogrosarmaznspontaporunidade1.com.br"
"Sócio-Diretor Titular","Agro Grãos & Armazéns Jundiaí Unidade 2","","sócio-diretor.titular@agrogrosarmaznsjundiaunidade2.com.br"
"Sócio-Diretor Titular","Trans Logística & Armazenagem Maringá","","sócio-diretor.titular@translogsticaarmazenagemmaring.com.br"
"Sócio-Diretor Titular","Trans Logística & Armazenagem Ponta Porã","","sócio-diretor.titular@translogsticaarmazenagempontapor.com.br"
"Sócio-Diretor Titular","Trans Logística & Armazenagem São Paulo","","sócio-diretor.titular@translogsticaarmazenagemsopaulo.com.br"
"Sócio-Diretor Titular","Trans Logística & Armazenagem Guarapuava","","sócio-diretor.titular@translogsticaarmazenagemguarapuava.com.br"
"Sócio-Diretor Titular","Trans Logística & Armazenagem Ponta Porã","","sócio-diretor.titular@translogsticaarmazenagempontapor.com.br"
"Sócio-Diretor Titular","Trans Logística & Armazenagem Jundiaí","","sócio-diretor.titular@translogsticaarmazenagemjundia.com.br"
"Sócio-Diretor Titular","Trans Logística & Armazenagem Ponta Grossa","","sócio-diretor.titular@translogsticaarmazenagempontagrossa.com.br"
"Sócio-Diretor Titular","Trans Logística & Armazenagem Ponta Porã","","sócio-diretor.titular@translogsticaarmazenagempontapor.com.br"
"Sócio-Diretor Titular","Trans Logística & Armazenagem São Paulo","","sócio-diretor.titular@translogsticaarmazenagemsopaulo.com.br"
"Sócio-Diretor Titular","Trans Logística & Armazenagem Maringá","","sócio-diretor.titular@translogsticaarmazenagemmaring.com.br"
"Sócio-Diretor Titular","Trans Logística & Armazenagem Ponta Porã","","sócio-diretor.titular@translogsticaarmazenagempontapor.com.br"
"Sócio-Diretor Titular","Trans Logística & Armazenagem Jundiaí","","sócio-diretor.titular@translogsticaarmazenagemjundia.com.br"
"Sócio-Diretor Titular","Trans Logística & Armazenagem Guarapuava","","sócio-diretor.titular@translogsticaarmazenagemguarapuava.com.br"
"Sócio-Diretor Titular","Trans Logística & Armazenagem Ponta Porã","","sócio-diretor.titular@translogsticaarmazenagempontapor.com.br"
"Sócio-Diretor Titular","Trans Logística & Armazenagem São Paulo","","sócio-diretor.titular@translogsticaarmazenagemsopaulo.com.br"
"Sócio-Diretor Titular","Trans Logística & Armazenagem Ponta Grossa","","sócio-diretor.titular@translogsticaarmazenagempontagrossa.com.br"
"Sócio-Diretor Titular","Trans Logística & Armazenagem Ponta Porã Unidade 7","","sócio-diretor.titular@translogsticaarmazenagempontaporunidade7.com.br"
"Sócio-Diretor Titular","Trans Logística & Armazenagem Jundiaí Unidade 8","","sócio-diretor.titular@translogsticaarmazenagemjundiaunidade8.com.br"
"Sócio-Diretor Titular","Trans Logística & Armazenagem Maringá Unidade 9","","sócio-diretor.titular@translogsticaarmazenagemmaringunidade9.com.br"
"Sócio-Diretor Titular","Trans Logística & Armazenagem Ponta Porã Unidade 10","","sócio-diretor.titular@translogsticaarmazenagempontaporunidade10.com.br"
"Sócio-Diretor Titular","Trans Logística & Armazenagem São Paulo Unidade 1","","sócio-diretor.titular@translogsticaarmazenagemsopaulounidade1.com.br"
"Sócio-Diretor Titular","Trans Logística & Armazenagem Guarapuava Unidade 2","","sócio-diretor.titular@translogsticaarmazenagemguarapuavaunidade2.com.br"
"Sócio-Diretor Titular","Trans Logística & Armazenagem Ponta Porã Unidade 3","","sócio-diretor.titular@translogsticaarmazenagempontaporunidade3.com.br"
"Sócio-Diretor Titular","Trans Logística & Armazenagem Jundiaí Unidade 4","","sócio-diretor.titular@translogsticaarmazenagemjundiaunidade4.com.br"
"Sócio-Diretor Titular","Trans Logística & Armazenagem Ponta Grossa Unidade 5","","sócio-diretor.titular@translogsticaarmazenagempontagrossaunidade5.com.br"
"Sócio-Diretor Titular","Trans Logística & Armazenagem Ponta Porã Unidade 6","","sócio-diretor.titular@translogsticaarmazenagempontaporunidade6.com.br"
"Sócio-Diretor Titular","Trans Logística & Armazenagem São Paulo Unidade 7","","sócio-diretor.titular@translogsticaarmazenagemsopaulounidade7.com.br"
"Sócio-Diretor Titular","Trans Logística & Armazenagem Maringá Unidade 8","","sócio-diretor.titular@translogsticaarmazenagemmaringunidade8.com.br"
"Sócio-Diretor Titular","Trans Logística & Armazenagem Ponta Porã Unidade 9","","sócio-diretor.titular@translogsticaarmazenagempontaporunidade9.com.br"
"Sócio-Diretor Titular","Trans Logística & Armazenagem Jundiaí Unidade 10","","sócio-diretor.titular@translogsticaarmazenagemjundiaunidade10.com.br"
"Sócio-Diretor Titular","Trans Logística & Armazenagem Guarapuava Unidade 1","","sócio-diretor.titular@translogsticaarmazenagemguarapuavaunidade1.com.br"
"Sócio-Diretor Titular","Trans Logística & Armazenagem Ponta Porã Unidade 2","","sócio-diretor.titular@translogsticaarmazenagempontaporunidade2.com.br"
"Sócio-Diretor Titular","Trans Logística & Armazenagem São Paulo Unidade 3","","sócio-diretor.titular@translogsticaarmazenagemsopaulounidade3.com.br"
"Sócio-Diretor Titular","Trans Logística & Armazenagem Ponta Grossa Unidade 4","","sócio-diretor.titular@translogsticaarmazenagempontagrossaunidade4.com.br"
"Sócio-Diretor Titular","Trans Logística & Armazenagem Ponta Porã Unidade 5","","sócio-diretor.titular@translogsticaarmazenagempontaporunidade5.com.br"
"Sócio-Diretor Titular","Trans Logística & Armazenagem Jundiaí Unidade 6","","sócio-diretor.titular@translogsticaarmazenagemjundiaunidade6.com.br"
"Sócio-Diretor Titular","Trans Logística & Armazenagem Maringá Unidade 7","","sócio-diretor.titular@translogsticaarmazenagemmaringunidade7.com.br"
"Sócio-Diretor Titular","Trans Logística & Armazenagem Ponta Porã Unidade 8","","sócio-diretor.titular@translogsticaarmazenagempontaporunidade8.com.br"
"Sócio-Diretor Titular","Trans Logística & Armazenagem São Paulo Unidade 9","","sócio-diretor.titular@translogsticaarmazenagemsopaulounidade9.com.br"
"Sócio-Diretor Titular","Trans Logística & Armazenagem Guarapuava Unidade 10","","sócio-diretor.titular@translogsticaarmazenagemguarapuavaunidade10.com.br"
"Sócio-Diretor Titular","Trans Logística & Armazenagem Ponta Porã Unidade 1","","sócio-diretor.titular@translogsticaarmazenagempontaporunidade1.com.br"
"Sócio-Diretor Titular","Trans Logística & Armazenagem Jundiaí Unidade 2","","sócio-diretor.titular@translogsticaarmazenagemjundiaunidade2.com.br"
"Sócio-Diretor Titular","Trans Logística & Armazenagem Ponta Grossa Unidade 3","","sócio-diretor.titular@translogsticaarmazenagempontagrossaunidade3.com.br"
"Sócio-Diretor Titular","Trans Logística & Armazenagem Ponta Porã Unidade 4","","sócio-diretor.titular@translogsticaarmazenagempontaporunidade4.com.br"
"Sócio-Diretor Titular","Trans Logística & Armazenagem São Paulo Unidade 5","","sócio-diretor.titular@translogsticaarmazenagemsopaulounidade5.com.br"
"Sócio-Diretor Titular","Trans Logística & Armazenagem Maringá Unidade 6","","sócio-diretor.titular@translogsticaarmazenagemmaringunidade6.com.br"
"Sócio-Diretor Titular","Trans Logística & Armazenagem Ponta Porã Unidade 7","","sócio-diretor.titular@translogsticaarmazenagempontaporunidade7.com.br"
"Sócio-Diretor Titular","Trans Logística & Armazenagem Jundiaí Unidade 8","","sócio-diretor.titular@translogsticaarmazenagemjundiaunidade8.com.br"
"Sócio-Diretor Titular","Trans Logística & Armazenagem Guarapuava Unidade 9","","sócio-diretor.titular@translogsticaarmazenagemguarapuavaunidade9.com.br"
"Sócio-Diretor Titular","Trans Logística & Armazenagem Ponta Porã Unidade 10","","sócio-diretor.titular@translogsticaarmazenagempontaporunidade10.com.br"
"Sócio-Diretor Titular","Trans Logística & Armazenagem São Paulo Unidade 1","","sócio-diretor.titular@translogsticaarmazenagemsopaulounidade1.com.br"
"Sócio-Diretor Titular","Trans Logística & Armazenagem Ponta Grossa Unidade 2","","sócio-diretor.titular@translogsticaarmazenagempontagrossaunidade2.com.br"
"Sócio-Diretor Titular","Trans Logística & Armazenagem Ponta Porã Unidade 3","","sócio-diretor.titular@translogsticaarmazenagempontaporunidade3.com.br"
"Sócio-Diretor Titular","Trans Logística & Armazenagem Jundiaí Unidade 4","","sócio-diretor.titular@translogsticaarmazenagemjundiaunidade4.com.br"
"Sócio-Diretor Titular","Trans Logística & Armazenagem Maringá Unidade 5","","sócio-diretor.titular@translogsticaarmazenagemmaringunidade5.com.br"
"Sócio-Diretor Titular","Trans Logística & Armazenagem Ponta Porã Unidade 6","","sócio-diretor.titular@translogsticaarmazenagempontaporunidade6.com.br"
"Sócio-Diretor Titular","Trans Logística & Armazenagem São Paulo Unidade 7","","sócio-diretor.titular@translogsticaarmazenagemsopaulounidade7.com.br"
"Sócio-Diretor Titular","Trans Logística & Armazenagem Guarapuava Unidade 8","","sócio-diretor.titular@translogsticaarmazenagemguarapuavaunidade8.com.br"
"Sócio-Diretor Titular","Trans Logística & Armazenagem Ponta Porã Unidade 9","","sócio-diretor.titular@translogsticaarmazenagempontaporunidade9.com.br"
"Sócio-Diretor Titular","Trans Logística & Armazenagem Jundiaí Unidade 10","","sócio-diretor.titular@translogsticaarmazenagemjundiaunidade10.com.br"
"Sócio-Diretor Titular","Trans Logística & Armazenagem Ponta Grossa Unidade 1","","sócio-diretor.titular@translogsticaarmazenagempontagrossaunidade1.com.br"
"Sócio-Diretor Titular","Trans Logística & Armazenagem Ponta Porã Unidade 2","","sócio-diretor.titular@translogsticaarmazenagempontaporunidade2.com.br"
"Sócio-Diretor Titular","Trans Logística & Armazenagem São Paulo Unidade 3","","sócio-diretor.titular@translogsticaarmazenagemsopaulounidade3.com.br"
"Sócio-Diretor Titular","Trans Logística & Armazenagem Maringá Unidade 4","","sócio-diretor.titular@translogsticaarmazenagemmaringunidade4.com.br"
"Sócio-Diretor Titular","Trans Logística & Armazenagem Ponta Porã Unidade 5","","sócio-diretor.titular@translogsticaarmazenagempontaporunidade5.com.br"
"Sócio-Diretor Titular","Trans Logística & Armazenagem Jundiaí Unidade 6","","sócio-diretor.titular@translogsticaarmazenagemjundiaunidade6.com.br"
"Sócio-Diretor Titular","Trans Logística & Armazenagem Guarapuava Unidade 7","","sócio-diretor.titular@translogsticaarmazenagemguarapuavaunidade7.com.br"
"Sócio-Diretor Titular","Trans Logística & Armazenagem Ponta Porã Unidade 8","","sócio-diretor.titular@translogsticaarmazenagempontaporunidade8.com.br"
"Sócio-Diretor Titular","Trans Logística & Armazenagem São Paulo Unidade 9","","sócio-diretor.titular@translogsticaarmazenagemsopaulounidade9.com.br"
"Sócio-Diretor Titular","Trans Logística & Armazenagem Ponta Grossa Unidade 10","","sócio-diretor.titular@translogsticaarmazenagempontagrossaunidade10.com.br"
"Sócio-Diretor Titular","Trans Logística & Armazenagem Ponta Porã Unidade 1","","sócio-diretor.titular@translogsticaarmazenagempontaporunidade1.com.br"
"Sócio-Diretor Titular","Trans Logística & Armazenagem Jundiaí Unidade 2","","sócio-diretor.titular@translogsticaarmazenagemjundiaunidade2.com.br"
"Sócio-Diretor Titular","Trans Logística & Armazenagem Maringá Unidade 3","","sócio-diretor.titular@translogsticaarmazenagemmaringunidade3.com.br"
"Sócio-Diretor Titular","Trans Logística & Armazenagem Ponta Porã Unidade 4","","sócio-diretor.titular@translogsticaarmazenagempontaporunidade4.com.br"
"Sócio-Diretor Titular","Trans Logística & Armazenagem São Paulo Unidade 5","","sócio-diretor.titular@translogsticaarmazenagemsopaulounidade5.com.br"
"Sócio-Diretor Titular","Trans Logística & Armazenagem Guarapuava Unidade 6","","sócio-diretor.titular@translogsticaarmazenagemguarapuavaunidade6.com.br"
"Sócio-Diretor Titular","Trans Logística & Armazenagem Ponta Porã Unidade 7","","sócio-diretor.titular@translogsticaarmazenagempontaporunidade7.com.br"
"Sócio-Diretor Titular","Trans Logística & Armazenagem Jundiaí Unidade 8","","sócio-diretor.titular@translogsticaarmazenagemjundiaunidade8.com.br"
"Sócio-Diretor Titular","Trans Logística & Armazenagem Ponta Grossa Unidade 9","","sócio-diretor.titular@translogsticaarmazenagempontagrossaunidade9.com.br"
"Sócio-Diretor Titular","Trans Logística & Armazenagem Ponta Porã Unidade 10","","sócio-diretor.titular@translogsticaarmazenagempontaporunidade10.com.br"
"Sócio-Diretor Titular","Trans Logística & Armazenagem São Paulo Unidade 1","","sócio-diretor.titular@translogsticaarmazenagemsopaulounidade1.com.br"
"Sócio-Diretor Titular","Trans Logística & Armazenagem Maringá Unidade 2","","sócio-diretor.titular@translogsticaarmazenagemmaringunidade2.com.br"
"Sócio-Diretor Titular","Trans Logística & Armazenagem Ponta Porã Unidade 3","","sócio-diretor.titular@translogsticaarmazenagempontaporunidade3.com.br"
"Sócio-Diretor Titular","Trans Logística & Armazenagem Jundiaí Unidade 4","","sócio-diretor.titular@translogsticaarmazenagemjundiaunidade4.com.br"
"Sócio-Diretor Titular","Trans Logística & Armazenagem Guarapuava Unidade 5","","sócio-diretor.titular@translogsticaarmazenagemguarapuavaunidade5.com.br"
"Sócio-Diretor Titular","Trans Logística & Armazenagem Ponta Porã Unidade 6","","sócio-diretor.titular@translogsticaarmazenagempontaporunidade6.com.br"
"Sócio-Diretor Titular","Trans Logística & Armazenagem São Paulo Unidade 7","","sócio-diretor.titular@translogsticaarmazenagemsopaulounidade7.com.br"
"Sócio-Diretor Titular","Trans Logística & Armazenagem Ponta Grossa Unidade 8","","sócio-diretor.titular@translogsticaarmazenagempontagrossaunidade8.com.br"
"Sócio-Diretor Titular","Trans Logística & Armazenagem Ponta Porã Unidade 9","","sócio-diretor.titular@translogsticaarmazenagempontaporunidade9.com.br"
"Sócio-Diretor Titular","Trans Logística & Armazenagem Jundiaí Unidade 10","","sócio-diretor.titular@translogsticaarmazenagemjundiaunidade10.com.br"
"Sócio-Diretor Titular","Trans Logística & Armazenagem Maringá Unidade 1","","sócio-diretor.titular@translogsticaarmazenagemmaringunidade1.com.br"
"Sócio-Diretor Titular","Trans Logística & Armazenagem Ponta Porã Unidade 2","","sócio-diretor.titular@translogsticaarmazenagempontaporunidade2.com.br"
"Sócio-Diretor Titular","Trans Logística & Armazenagem São Paulo Unidade 3","","sócio-diretor.titular@translogsticaarmazenagemsopaulounidade3.com.br"
"Sócio-Diretor Titular","Trans Logística & Armazenagem Guarapuava Unidade 4","","sócio-diretor.titular@translogsticaarmazenagemguarapuavaunidade4.com.br"
"Sócio-Diretor Titular","Trans Logística & Armazenagem Ponta Porã Unidade 5","","sócio-diretor.titular@translogsticaarmazenagempontaporunidade5.com.br"
"Sócio-Diretor Titular","Trans Logística & Armazenagem Jundiaí Unidade 6","","sócio-diretor.titular@translogsticaarmazenagemjundiaunidade6.com.br"
"Sócio-Diretor Titular","Trans Logística & Armazenagem Ponta Grossa Unidade 7","","sócio-diretor.titular@translogsticaarmazenagempontagrossaunidade7.com.br"
"Sócio-Diretor Titular","Trans Logística & Armazenagem Ponta Porã Unidade 8","","sócio-diretor.titular@translogsticaarmazenagempontaporunidade8.com.br"
"Sócio-Diretor Titular","Trans Logística & Armazenagem São Paulo Unidade 9","","sócio-diretor.titular@translogsticaarmazenagemsopaulounidade9.com.br"
"Sócio-Diretor Titular","Trans Logística & Armazenagem Maringá Unidade 10","","sócio-diretor.titular@translogsticaarmazenagemmaringunidade10.com.br"
"Sócio-Diretor Titular","Trans Logística & Armazenagem Ponta Porã Unidade 1","","sócio-diretor.titular@translogsticaarmazenagempontaporunidade1.com.br"
"Sócio-Diretor Titular","Trans Logística & Armazenagem Jundiaí Unidade 2","","sócio-diretor.titular@translogsticaarmazenagemjundiaunidade2.com.br"
"Sócio-Diretor Titular","Trans Logística & Armazenagem Guarapuava Unidade 3","","sócio-diretor.titular@translogsticaarmazenagemguarapuavaunidade3.com.br"
"Sócio-Diretor Titular","Trans Logística & Armazenagem Ponta Porã Unidade 4","","sócio-diretor.titular@translogsticaarmazenagempontaporunidade4.com.br"
"Sócio-Diretor Titular","Trans Logística & Armazenagem São Paulo Unidade 5","","sócio-diretor.titular@translogsticaarmazenagemsopaulounidade5.com.br"
"Sócio-Diretor Titular","Trans Logística & Armazenagem Ponta Grossa Unidade 6","","sócio-diretor.titular@translogsticaarmazenagempontagrossaunidade6.com.br"
"Sócio-Diretor Titular","Trans Logística & Armazenagem Ponta Porã Unidade 7","","sócio-diretor.titular@translogsticaarmazenagempontaporunidade7.com.br"
"Sócio-Diretor Titular","Trans Logística & Armazenagem Jundiaí Unidade 8","","sócio-diretor.titular@translogsticaarmazenagemjundiaunidade8.com.br"
"Sócio-Diretor Titular","Trans Logística & Armazenagem Maringá Unidade 9","","sócio-diretor.titular@translogsticaarmazenagemmaringunidade9.com.br"
"Sócio-Diretor Titular","Trans Logística & Armazenagem Ponta Porã Unidade 10","","sócio-diretor.titular@translogsticaarmazenagempontaporunidade10.com.br"
"Sócio-Diretor Titular","Trans Logística & Armazenagem São Paulo Unidade 1","","sócio-diretor.titular@translogsticaarmazenagemsopaulounidade1.com.br"
"Sócio-Diretor Titular","Trans Logística & Armazenagem Guarapuava Unidade 2","","sócio-diretor.titular@translogsticaarmazenagemguarapuavaunidade2.com.br"
"Sócio-Diretor Titular","Trans Logística & Armazenagem Ponta Porã Unidade 3","","sócio-diretor.titular@translogsticaarmazenagempontaporunidade3.com.br"
"Sócio-Diretor Titular","Trans Logística & Armazenagem Jundiaí Unidade 4","","sócio-diretor.titular@translogsticaarmazenagemjundiaunidade4.com.br"
"Sócio-Diretor Titular","Trans Logística & Armazenagem Ponta Grossa Unidade 5","","sócio-diretor.titular@translogsticaarmazenagempontagrossaunidade5.com.br"
"Sócio-Diretor Titular","Trans Logística & Armazenagem Ponta Porã Unidade 6","","sócio-diretor.titular@translogsticaarmazenagempontaporunidade6.com.br"
"Sócio-Diretor Titular","Trans Logística & Armazenagem São Paulo Unidade 7","","sócio-diretor.titular@translogsticaarmazenagemsopaulounidade7.com.br"
"Sócio-Diretor Titular","Trans Logística & Armazenagem Maringá Unidade 8","","sócio-diretor.titular@translogsticaarmazenagemmaringunidade8.com.br"
"Sócio-Diretor Titular","Trans Logística & Armazenagem Ponta Porã Unidade 9","","sócio-diretor.titular@translogsticaarmazenagempontaporunidade9.com.br"
"Sócio-Diretor Titular","Trans Logística & Armazenagem Jundiaí Unidade 10","","sócio-diretor.titular@translogsticaarmazenagemjundiaunidade10.com.br"
"Sócio-Diretor Titular","Trans Logística & Armazenagem Guarapuava Unidade 1","","sócio-diretor.titular@translogsticaarmazenagemguarapuavaunidade1.com.br"
"Sócio-Diretor Titular","Trans Logística & Armazenagem Ponta Porã Unidade 2","","sócio-diretor.titular@translogsticaarmazenagempontaporunidade2.com.br"
"Sócio-Diretor Titular","Trans Logística & Armazenagem São Paulo Unidade 3","","sócio-diretor.titular@translogsticaarmazenagemsopaulounidade3.com.br"
"Sócio-Diretor Titular","Trans Logística & Armazenagem Ponta Grossa Unidade 4","","sócio-diretor.titular@translogsticaarmazenagempontagrossaunidade4.com.br"
"Sócio-Diretor Titular","Trans Logística & Armazenagem Ponta Porã Unidade 5","","sócio-diretor.titular@translogsticaarmazenagempontaporunidade5.com.br"
"Sócio-Diretor Titular","Trans Logística & Armazenagem Jundiaí Unidade 6","","sócio-diretor.titular@translogsticaarmazenagemjundiaunidade6.com.br"
"Sócio-Diretor Titular","Trans Logística & Armazenagem Maringá Unidade 7","","sócio-diretor.titular@translogsticaarmazenagemmaringunidade7.com.br"
"Sócio-Diretor Titular","Trans Logística & Armazenagem Ponta Porã Unidade 8","","sócio-diretor.titular@translogsticaarmazenagempontaporunidade8.com.br"
"Sócio-Diretor Titular","Trans Logística & Armazenagem São Paulo Unidade 9","","sócio-diretor.titular@translogsticaarmazenagemsopaulounidade9.com.br"
"Sócio-Diretor Titular","Trans Logística & Armazenagem Guarapuava Unidade 10","","sócio-diretor.titular@translogsticaarmazenagemguarapuavaunidade10.com.br"
"Sócio-Diretor Titular","Trans Logística & Armazenagem Ponta Porã Unidade 1","","sócio-diretor.titular@translogsticaarmazenagempontaporunidade1.com.br"
"Sócio-Diretor Titular","Trans Logística & Armazenagem Jundiaí Unidade 2","","sócio-diretor.titular@translogsticaarmazenagemjundiaunidade2.com.br"
"Sócio-Diretor Titular","Trans Logística & Armazenagem Ponta Grossa Unidade 3","","sócio-diretor.titular@translogsticaarmazenagempontagrossaunidade3.com.br"
"Sócio-Diretor Titular","Trans Logística & Armazenagem Ponta Porã Unidade 4","","sócio-diretor.titular@translogsticaarmazenagempontaporunidade4.com.br"
"Sócio-Diretor Titular","Trans Logística & Armazenagem São Paulo Unidade 5","","sócio-diretor.titular@translogsticaarmazenagemsopaulounidade5.com.br"
"Sócio-Diretor Titular","Trans Logística & Armazenagem Maringá Unidade 6","","sócio-diretor.titular@translogsticaarmazenagemmaringunidade6.com.br"
"Sócio-Diretor Titular","Trans Logística & Armazenagem Ponta Porã Unidade 7","","sócio-diretor.titular@translogsticaarmazenagempontaporunidade7.com.br"
"Sócio-Diretor Titular","Trans Logística & Armazenagem Jundiaí Unidade 8","","sócio-diretor.titular@translogsticaarmazenagemjundiaunidade8.com.br"
"Sócio-Diretor Titular","Trans Logística & Armazenagem Guarapuava Unidade 9","","sócio-diretor.titular@translogsticaarmazenagemguarapuavaunidade9.com.br"
"Sócio-Diretor Titular","Trans Logística & Armazenagem Ponta Porã Unidade 10","","sócio-diretor.titular@translogsticaarmazenagempontaporunidade10.com.br"
"Sócio-Diretor Titular","Trans Logística & Armazenagem São Paulo Unidade 1","","sócio-diretor.titular@translogsticaarmazenagemsopaulounidade1.com.br"
"Sócio-Diretor Titular","Trans Logística & Armazenagem Ponta Grossa Unidade 2","","sócio-diretor.titular@translogsticaarmazenagempontagrossaunidade2.com.br"
"Sócio-Diretor Titular","Trans Logística & Armazenagem Ponta Porã Unidade 3","","sócio-diretor.titular@translogsticaarmazenagempontaporunidade3.com.br"
"Sócio-Diretor Titular","Trans Logística & Armazenagem Jundiaí Unidade 4","","sócio-diretor.titular@translogsticaarmazenagemjundiaunidade4.com.br"
"Sócio-Diretor Titular","Trans Logística & Armazenagem Maringá Unidade 5","","sócio-diretor.titular@translogsticaarmazenagemmaringunidade5.com.br"
"Sócio-Diretor Titular","Trans Logística & Armazenagem Ponta Porã Unidade 6","","sócio-diretor.titular@translogsticaarmazenagempontaporunidade6.com.br"
"Sócio-Diretor Titular","Trans Logística & Armazenagem São Paulo Unidade 7","","sócio-diretor.titular@translogsticaarmazenagemsopaulounidade7.com.br"
"Sócio-Diretor Titular","Trans Logística & Armazenagem Guarapuava Unidade 8","","sócio-diretor.titular@translogsticaarmazenagemguarapuavaunidade8.com.br"
"Sócio-Diretor Titular","Trans Logística & Armazenagem Ponta Porã Unidade 9","","sócio-diretor.titular@translogsticaarmazenagempontaporunidade9.com.br"
"Sócio-Diretor Titular","Trans Logística & Armazenagem Jundiaí Unidade 10","","sócio-diretor.titular@translogsticaarmazenagemjundiaunidade10.com.br"
"Sócio-Diretor Titular","Trans Logística & Armazenagem Ponta Grossa Unidade 1","","sócio-diretor.titular@translogsticaarmazenagempontagrossaunidade1.com.br"
"Sócio-Diretor Titular","Trans Logística & Armazenagem Ponta Porã Unidade 2","","sócio-diretor.titular@translogsticaarmazenagempontaporunidade2.com.br"
"Sócio-Diretor Titular","Trans Logística & Armazenagem São Paulo Unidade 3","","sócio-diretor.titular@translogsticaarmazenagemsopaulounidade3.com.br"
"Sócio-Diretor Titular","Trans Logística & Armazenagem Maringá Unidade 4","","sócio-diretor.titular@translogsticaarmazenagemmaringunidade4.com.br"
"Sócio-Diretor Titular","Trans Logística & Armazenagem Ponta Porã Unidade 5","","sócio-diretor.titular@translogsticaarmazenagempontaporunidade5.com.br"
"Sócio-Diretor Titular","Trans Logística & Armazenagem Jundiaí Unidade 6","","sócio-diretor.titular@translogsticaarmazenagemjundiaunidade6.com.br"
"Sócio-Diretor Titular","Trans Logística & Armazenagem Guarapuava Unidade 7","","sócio-diretor.titular@translogsticaarmazenagemguarapuavaunidade7.com.br"
"Sócio-Diretor Titular","Trans Logística & Armazenagem Ponta Porã Unidade 8","","sócio-diretor.titular@translogsticaarmazenagempontaporunidade8.com.br"
"Sócio-Diretor Titular","Trans Logística & Armazenagem São Paulo Unidade 9","","sócio-diretor.titular@translogsticaarmazenagemsopaulounidade9.com.br"
"Sócio-Diretor Titular","Trans Logística & Armazenagem Ponta Grossa Unidade 10","","sócio-diretor.titular@translogsticaarmazenagempontagrossaunidade10.com.br"
"Sócio-Diretor Titular","Trans Logística & Armazenagem Ponta Porã Unidade 1","","sócio-diretor.titular@translogsticaarmazenagempontaporunidade1.com.br"
"Sócio-Diretor Titular","Trans Logística & Armazenagem Jundiaí Unidade 2","","sócio-diretor.titular@translogsticaarmazenagemjundiaunidade2.com.br"
"Sócio-Diretor Titular","Trans Logística & Armazenagem Maringá Unidade 3","","sócio-diretor.titular@translogsticaarmazenagemmaringunidade3.com.br"
"Sócio-Diretor Titular","Trans Logística & Armazenagem Ponta Porã Unidade 4","","sócio-diretor.titular@translogsticaarmazenagempontaporunidade4.com.br"
"Sócio-Diretor Titular","Trans Logística & Armazenagem São Paulo Unidade 5","","sócio-diretor.titular@translogsticaarmazenagemsopaulounidade5.com.br"
"Sócio-Diretor Titular","Trans Logística & Armazenagem Guarapuava Unidade 6","","sócio-diretor.titular@translogsticaarmazenagemguarapuavaunidade6.com.br"
"Sócio-Diretor Titular","Trans Logística & Armazenagem Ponta Porã Unidade 7","","sócio-diretor.titular@translogsticaarmazenagempontaporunidade7.com.br"
"Sócio-Diretor Titular","Trans Logística & Armazenagem Jundiaí Unidade 8","","sócio-diretor.titular@translogsticaarmazenagemjundiaunidade8.com.br"
"Sócio-Diretor Titular","Trans Logística & Armazenagem Ponta Grossa Unidade 9","","sócio-diretor.titular@translogsticaarmazenagempontagrossaunidade9.com.br"
"Sócio-Diretor Titular","Trans Logística & Armazenagem Ponta Porã Unidade 10","","sócio-diretor.titular@translogsticaarmazenagempontaporunidade10.com.br"
"Sócio-Diretor Titular","Comex Trading & Exportação São Paulo","","sócio-diretor.titular@comextradingexportaosopaulo.com.br"
"Sócio-Diretor Titular","Comex Trading & Exportação Maringá","","sócio-diretor.titular@comextradingexportaomaring.com.br"
"Sócio-Diretor Titular","Comex Trading & Exportação Ponta Porã","","sócio-diretor.titular@comextradingexportaopontapor.com.br"
"Sócio-Diretor Titular","Comex Trading & Exportação Jundiaí","","sócio-diretor.titular@comextradingexportaojundia.com.br"
"Sócio-Diretor Titular","Comex Trading & Exportação Guarapuava","","sócio-diretor.titular@comextradingexportaoguarapuava.com.br"
"Sócio-Diretor Titular","Comex Trading & Exportação Ponta Porã","","sócio-diretor.titular@comextradingexportaopontapor.com.br"
"Sócio-Diretor Titular","Comex Trading & Exportação São Paulo","","sócio-diretor.titular@comextradingexportaosopaulo.com.br"
"Sócio-Diretor Titular","Comex Trading & Exportação Ponta Grossa","","sócio-diretor.titular@comextradingexportaopontagrossa.com.br"
"Sócio-Diretor Titular","Comex Trading & Exportação Ponta Porã","","sócio-diretor.titular@comextradingexportaopontapor.com.br"
"Sócio-Diretor Titular","Comex Trading & Exportação Jundiaí","","sócio-diretor.titular@comextradingexportaojundia.com.br"
"Sócio-Diretor Titular","Comex Trading & Exportação Maringá","","sócio-diretor.titular@comextradingexportaomaring.com.br"
"Sócio-Diretor Titular","Comex Trading & Exportação Ponta Porã","","sócio-diretor.titular@comextradingexportaopontapor.com.br"
"Sócio-Diretor Titular","Comex Trading & Exportação São Paulo","","sócio-diretor.titular@comextradingexportaosopaulo.com.br"
"Sócio-Diretor Titular","Comex Trading & Exportação Guarapuava","","sócio-diretor.titular@comextradingexportaoguarapuava.com.br"
"Sócio-Diretor Titular","Comex Trading & Exportação Ponta Porã","","sócio-diretor.titular@comextradingexportaopontapor.com.br"
"Sócio-Diretor Titular","Comex Trading & Exportação Jundiaí","","sócio-diretor.titular@comextradingexportaojundia.com.br"
"Sócio-Diretor Titular","Comex Trading & Exportação Ponta Grossa Unidade 7","","sócio-diretor.titular@comextradingexportaopontagrossaunidade7.com.br"
"Sócio-Diretor Titular","Comex Trading & Exportação Ponta Porã Unidade 8","","sócio-diretor.titular@comextradingexportaopontaporunidade8.com.br"
"Sócio-Diretor Titular","Comex Trading & Exportação São Paulo Unidade 9","","sócio-diretor.titular@comextradingexportaosopaulounidade9.com.br"
"Sócio-Diretor Titular","Comex Trading & Exportação Maringá Unidade 10","","sócio-diretor.titular@comextradingexportaomaringunidade10.com.br"
"Sócio-Diretor Titular","Comex Trading & Exportação Ponta Porã Unidade 1","","sócio-diretor.titular@comextradingexportaopontaporunidade1.com.br"
"Sócio-Diretor Titular","Comex Trading & Exportação Jundiaí Unidade 2","","sócio-diretor.titular@comextradingexportaojundiaunidade2.com.br"
"Sócio-Diretor Titular","Comex Trading & Exportação Guarapuava Unidade 3","","sócio-diretor.titular@comextradingexportaoguarapuavaunidade3.com.br"
"Sócio-Diretor Titular","Comex Trading & Exportação Ponta Porã Unidade 4","","sócio-diretor.titular@comextradingexportaopontaporunidade4.com.br"
"Sócio-Diretor Titular","Comex Trading & Exportação São Paulo Unidade 5","","sócio-diretor.titular@comextradingexportaosopaulounidade5.com.br"
"Sócio-Diretor Titular","Comex Trading & Exportação Ponta Grossa Unidade 6","","sócio-diretor.titular@comextradingexportaopontagrossaunidade6.com.br"
"Sócio-Diretor Titular","Comex Trading & Exportação Ponta Porã Unidade 7","","sócio-diretor.titular@comextradingexportaopontaporunidade7.com.br"
"Sócio-Diretor Titular","Comex Trading & Exportação Jundiaí Unidade 8","","sócio-diretor.titular@comextradingexportaojundiaunidade8.com.br"
"Sócio-Diretor Titular","Comex Trading & Exportação Maringá Unidade 9","","sócio-diretor.titular@comextradingexportaomaringunidade9.com.br"
"Sócio-Diretor Titular","Comex Trading & Exportação Ponta Porã Unidade 10","","sócio-diretor.titular@comextradingexportaopontaporunidade10.com.br"
"Sócio-Diretor Titular","Comex Trading & Exportação São Paulo Unidade 1","","sócio-diretor.titular@comextradingexportaosopaulounidade1.com.br"
"Sócio-Diretor Titular","Comex Trading & Exportação Guarapuava Unidade 2","","sócio-diretor.titular@comextradingexportaoguarapuavaunidade2.com.br"
"Sócio-Diretor Titular","Comex Trading & Exportação Ponta Porã Unidade 3","","sócio-diretor.titular@comextradingexportaopontaporunidade3.com.br"
"Sócio-Diretor Titular","Comex Trading & Exportação Jundiaí Unidade 4","","sócio-diretor.titular@comextradingexportaojundiaunidade4.com.br"
"Sócio-Diretor Titular","Comex Trading & Exportação Ponta Grossa Unidade 5","","sócio-diretor.titular@comextradingexportaopontagrossaunidade5.com.br"
"Sócio-Diretor Titular","Comex Trading & Exportação Ponta Porã Unidade 6","","sócio-diretor.titular@comextradingexportaopontaporunidade6.com.br"
"Sócio-Diretor Titular","Comex Trading & Exportação São Paulo Unidade 7","","sócio-diretor.titular@comextradingexportaosopaulounidade7.com.br"
"Sócio-Diretor Titular","Comex Trading & Exportação Maringá Unidade 8","","sócio-diretor.titular@comextradingexportaomaringunidade8.com.br"
"Sócio-Diretor Titular","Comex Trading & Exportação Ponta Porã Unidade 9","","sócio-diretor.titular@comextradingexportaopontaporunidade9.com.br"
"Sócio-Diretor Titular","Comex Trading & Exportação Jundiaí Unidade 10","","sócio-diretor.titular@comextradingexportaojundiaunidade10.com.br"
"Sócio-Diretor Titular","Comex Trading & Exportação Guarapuava Unidade 1","","sócio-diretor.titular@comextradingexportaoguarapuavaunidade1.com.br"
"Sócio-Diretor Titular","Comex Trading & Exportação Ponta Porã Unidade 2","","sócio-diretor.titular@comextradingexportaopontaporunidade2.com.br"
"Sócio-Diretor Titular","Comex Trading & Exportação São Paulo Unidade 3","","sócio-diretor.titular@comextradingexportaosopaulounidade3.com.br"
"Sócio-Diretor Titular","Comex Trading & Exportação Ponta Grossa Unidade 4","","sócio-diretor.titular@comextradingexportaopontagrossaunidade4.com.br"
"Sócio-Diretor Titular","Comex Trading & Exportação Ponta Porã Unidade 5","","sócio-diretor.titular@comextradingexportaopontaporunidade5.com.br"
"Sócio-Diretor Titular","Comex Trading & Exportação Jundiaí Unidade 6","","sócio-diretor.titular@comextradingexportaojundiaunidade6.com.br"
"Sócio-Diretor Titular","Comex Trading & Exportação Maringá Unidade 7","","sócio-diretor.titular@comextradingexportaomaringunidade7.com.br"
"Sócio-Diretor Titular","Comex Trading & Exportação Ponta Porã Unidade 8","","sócio-diretor.titular@comextradingexportaopontaporunidade8.com.br"
"Sócio-Diretor Titular","Comex Trading & Exportação São Paulo Unidade 9","","sócio-diretor.titular@comextradingexportaosopaulounidade9.com.br"
"Sócio-Diretor Titular","Comex Trading & Exportação Guarapuava Unidade 10","","sócio-diretor.titular@comextradingexportaoguarapuavaunidade10.com.br"
"Sócio-Diretor Titular","Comex Trading & Exportação Ponta Porã Unidade 1","","sócio-diretor.titular@comextradingexportaopontaporunidade1.com.br"
"Sócio-Diretor Titular","Comex Trading & Exportação Jundiaí Unidade 2","","sócio-diretor.titular@comextradingexportaojundiaunidade2.com.br"
"Sócio-Diretor Titular","Comex Trading & Exportação Ponta Grossa Unidade 3","","sócio-diretor.titular@comextradingexportaopontagrossaunidade3.com.br"
"Sócio-Diretor Titular","Comex Trading & Exportação Ponta Porã Unidade 4","","sócio-diretor.titular@comextradingexportaopontaporunidade4.com.br"
"Sócio-Diretor Titular","Comex Trading & Exportação São Paulo Unidade 5","","sócio-diretor.titular@comextradingexportaosopaulounidade5.com.br"
"Sócio-Diretor Titular","Comex Trading & Exportação Maringá Unidade 6","","sócio-diretor.titular@comextradingexportaomaringunidade6.com.br"
"Sócio-Diretor Titular","Comex Trading & Exportação Ponta Porã Unidade 7","","sócio-diretor.titular@comextradingexportaopontaporunidade7.com.br"
"Sócio-Diretor Titular","Comex Trading & Exportação Jundiaí Unidade 8","","sócio-diretor.titular@comextradingexportaojundiaunidade8.com.br"
"Sócio-Diretor Titular","Comex Trading & Exportação Guarapuava Unidade 9","","sócio-diretor.titular@comextradingexportaoguarapuavaunidade9.com.br"
"Sócio-Diretor Titular","Comex Trading & Exportação Ponta Porã Unidade 10","","sócio-diretor.titular@comextradingexportaopontaporunidade10.com.br"
"Sócio-Diretor Titular","Comex Trading & Exportação São Paulo Unidade 1","","sócio-diretor.titular@comextradingexportaosopaulounidade1.com.br"
"Sócio-Diretor Titular","Comex Trading & Exportação Ponta Grossa Unidade 2","","sócio-diretor.titular@comextradingexportaopontagrossaunidade2.com.br"
"Sócio-Diretor Titular","Comex Trading & Exportação Ponta Porã Unidade 3","","sócio-diretor.titular@comextradingexportaopontaporunidade3.com.br"
"Sócio-Diretor Titular","Comex Trading & Exportação Jundiaí Unidade 4","","sócio-diretor.titular@comextradingexportaojundiaunidade4.com.br"
"Sócio-Diretor Titular","Comex Trading & Exportação Maringá Unidade 5","","sócio-diretor.titular@comextradingexportaomaringunidade5.com.br"
"Sócio-Diretor Titular","Comex Trading & Exportação Ponta Porã Unidade 6","","sócio-diretor.titular@comextradingexportaopontaporunidade6.com.br"
"Sócio-Diretor Titular","Comex Trading & Exportação São Paulo Unidade 7","","sócio-diretor.titular@comextradingexportaosopaulounidade7.com.br"
"Sócio-Diretor Titular","Comex Trading & Exportação Guarapuava Unidade 8","","sócio-diretor.titular@comextradingexportaoguarapuavaunidade8.com.br"
"Sócio-Diretor Titular","Comex Trading & Exportação Ponta Porã Unidade 9","","sócio-diretor.titular@comextradingexportaopontaporunidade9.com.br"
"Sócio-Diretor Titular","Comex Trading & Exportação Jundiaí Unidade 10","","sócio-diretor.titular@comextradingexportaojundiaunidade10.com.br"
"Sócio-Diretor Titular","Comex Trading & Exportação Ponta Grossa Unidade 1","","sócio-diretor.titular@comextradingexportaopontagrossaunidade1.com.br"
"Sócio-Diretor Titular","Comex Trading & Exportação Ponta Porã Unidade 2","","sócio-diretor.titular@comextradingexportaopontaporunidade2.com.br"
"Sócio-Diretor Titular","Comex Trading & Exportação São Paulo Unidade 3","","sócio-diretor.titular@comextradingexportaosopaulounidade3.com.br"
"Sócio-Diretor Titular","Comex Trading & Exportação Maringá Unidade 4","","sócio-diretor.titular@comextradingexportaomaringunidade4.com.br"
"Sócio-Diretor Titular","Comex Trading & Exportação Ponta Porã Unidade 5","","sócio-diretor.titular@comextradingexportaopontaporunidade5.com.br"
"Sócio-Diretor Titular","Comex Trading & Exportação Jundiaí Unidade 6","","sócio-diretor.titular@comextradingexportaojundiaunidade6.com.br"
"Sócio-Diretor Titular","Comex Trading & Exportação Guarapuava Unidade 7","","sócio-diretor.titular@comextradingexportaoguarapuavaunidade7.com.br"
"Sócio-Diretor Titular","Comex Trading & Exportação Ponta Porã Unidade 8","","sócio-diretor.titular@comextradingexportaopontaporunidade8.com.br"
"Sócio-Diretor Titular","Comex Trading & Exportação São Paulo Unidade 9","","sócio-diretor.titular@comextradingexportaosopaulounidade9.com.br"
"Sócio-Diretor Titular","Comex Trading & Exportação Ponta Grossa Unidade 10","","sócio-diretor.titular@comextradingexportaopontagrossaunidade10.com.br"
"Sócio-Diretor Titular","Comex Trading & Exportação Ponta Porã Unidade 1","","sócio-diretor.titular@comextradingexportaopontaporunidade1.com.br"
"Sócio-Diretor Titular","Comex Trading & Exportação Jundiaí Unidade 2","","sócio-diretor.titular@comextradingexportaojundiaunidade2.com.br"
"Sócio-Diretor Titular","Comex Trading & Exportação Maringá Unidade 3","","sócio-diretor.titular@comextradingexportaomaringunidade3.com.br"
"Sócio-Diretor Titular","Comex Trading & Exportação Ponta Porã Unidade 4","","sócio-diretor.titular@comextradingexportaopontaporunidade4.com.br"
"Sócio-Diretor Titular","Comex Trading & Exportação São Paulo Unidade 5","","sócio-diretor.titular@comextradingexportaosopaulounidade5.com.br"
"Sócio-Diretor Titular","Comex Trading & Exportação Guarapuava Unidade 6","","sócio-diretor.titular@comextradingexportaoguarapuavaunidade6.com.br"
"Sócio-Diretor Titular","Comex Trading & Exportação Ponta Porã Unidade 7","","sócio-diretor.titular@comextradingexportaopontaporunidade7.com.br"
"Sócio-Diretor Titular","Comex Trading & Exportação Jundiaí Unidade 8","","sócio-diretor.titular@comextradingexportaojundiaunidade8.com.br"
"Sócio-Diretor Titular","Comex Trading & Exportação Ponta Grossa Unidade 9","","sócio-diretor.titular@comextradingexportaopontagrossaunidade9.com.br"
"Sócio-Diretor Titular","Comex Trading & Exportação Ponta Porã Unidade 10","","sócio-diretor.titular@comextradingexportaopontaporunidade10.com.br"
"Sócio-Diretor Titular","Comex Trading & Exportação São Paulo Unidade 1","","sócio-diretor.titular@comextradingexportaosopaulounidade1.com.br"
"Sócio-Diretor Titular","Comex Trading & Exportação Maringá Unidade 2","","sócio-diretor.titular@comextradingexportaomaringunidade2.com.br"
"Sócio-Diretor Titular","Comex Trading & Exportação Ponta Porã Unidade 3","","sócio-diretor.titular@comextradingexportaopontaporunidade3.com.br"
"Sócio-Diretor Titular","Comex Trading & Exportação Jundiaí Unidade 4","","sócio-diretor.titular@comextradingexportaojundiaunidade4.com.br"
"Sócio-Diretor Titular","Comex Trading & Exportação Guarapuava Unidade 5","","sócio-diretor.titular@comextradingexportaoguarapuavaunidade5.com.br"
"Sócio-Diretor Titular","Comex Trading & Exportação Ponta Porã Unidade 6","","sócio-diretor.titular@comextradingexportaopontaporunidade6.com.br"
"Sócio-Diretor Titular","Comex Trading & Exportação São Paulo Unidade 7","","sócio-diretor.titular@comextradingexportaosopaulounidade7.com.br"
"Sócio-Diretor Titular","Comex Trading & Exportação Ponta Grossa Unidade 8","","sócio-diretor.titular@comextradingexportaopontagrossaunidade8.com.br"
"Sócio-Diretor Titular","Comex Trading & Exportação Ponta Porã Unidade 9","","sócio-diretor.titular@comextradingexportaopontaporunidade9.com.br"
"Sócio-Diretor Titular","Comex Trading & Exportação Jundiaí Unidade 10","","sócio-diretor.titular@comextradingexportaojundiaunidade10.com.br"
"Sócio-Diretor Titular","Comex Trading & Exportação Maringá Unidade 1","","sócio-diretor.titular@comextradingexportaomaringunidade1.com.br"
"Sócio-Diretor Titular","Comex Trading & Exportação Ponta Porã Unidade 2","","sócio-diretor.titular@comextradingexportaopontaporunidade2.com.br"
"Sócio-Diretor Titular","Comex Trading & Exportação São Paulo Unidade 3","","sócio-diretor.titular@comextradingexportaosopaulounidade3.com.br"
"Sócio-Diretor Titular","Comex Trading & Exportação Guarapuava Unidade 4","","sócio-diretor.titular@comextradingexportaoguarapuavaunidade4.com.br"
"Sócio-Diretor Titular","Comex Trading & Exportação Ponta Porã Unidade 5","","sócio-diretor.titular@comextradingexportaopontaporunidade5.com.br"
"Sócio-Diretor Titular","Comex Trading & Exportação Jundiaí Unidade 6","","sócio-diretor.titular@comextradingexportaojundiaunidade6.com.br"
"Sócio-Diretor Titular","Comex Trading & Exportação Ponta Grossa Unidade 7","","sócio-diretor.titular@comextradingexportaopontagrossaunidade7.com.br"
"Sócio-Diretor Titular","Comex Trading & Exportação Ponta Porã Unidade 8","","sócio-diretor.titular@comextradingexportaopontaporunidade8.com.br"
"Sócio-Diretor Titular","Comex Trading & Exportação São Paulo Unidade 9","","sócio-diretor.titular@comextradingexportaosopaulounidade9.com.br"
"Sócio-Diretor Titular","Comex Trading & Exportação Maringá Unidade 10","","sócio-diretor.titular@comextradingexportaomaringunidade10.com.br"
"Sócio-Diretor Titular","Comex Trading & Exportação Ponta Porã Unidade 1","","sócio-diretor.titular@comextradingexportaopontaporunidade1.com.br"
"Sócio-Diretor Titular","Comex Trading & Exportação Jundiaí Unidade 2","","sócio-diretor.titular@comextradingexportaojundiaunidade2.com.br"
"Sócio-Diretor Titular","Comex Trading & Exportação Guarapuava Unidade 3","","sócio-diretor.titular@comextradingexportaoguarapuavaunidade3.com.br"
"Sócio-Diretor Titular","Comex Trading & Exportação Ponta Porã Unidade 4","","sócio-diretor.titular@comextradingexportaopontaporunidade4.com.br"
"Sócio-Diretor Titular","Comex Trading & Exportação São Paulo Unidade 5","","sócio-diretor.titular@comextradingexportaosopaulounidade5.com.br"
"Sócio-Diretor Titular","Comex Trading & Exportação Ponta Grossa Unidade 6","","sócio-diretor.titular@comextradingexportaopontagrossaunidade6.com.br"
"Sócio-Diretor Titular","Comex Trading & Exportação Ponta Porã Unidade 7","","sócio-diretor.titular@comextradingexportaopontaporunidade7.com.br"
"Sócio-Diretor Titular","Comex Trading & Exportação Jundiaí Unidade 8","","sócio-diretor.titular@comextradingexportaojundiaunidade8.com.br"
"Sócio-Diretor Titular","Comex Trading & Exportação Maringá Unidade 9","","sócio-diretor.titular@comextradingexportaomaringunidade9.com.br"
"Sócio-Diretor Titular","Comex Trading & Exportação Ponta Porã Unidade 10","","sócio-diretor.titular@comextradingexportaopontaporunidade10.com.br"
"Sócio-Diretor Titular","Comex Trading & Exportação São Paulo Unidade 1","","sócio-diretor.titular@comextradingexportaosopaulounidade1.com.br"
"Sócio-Diretor Titular","Comex Trading & Exportação Guarapuava Unidade 2","","sócio-diretor.titular@comextradingexportaoguarapuavaunidade2.com.br"
"Sócio-Diretor Titular","Comex Trading & Exportação Ponta Porã Unidade 3","","sócio-diretor.titular@comextradingexportaopontaporunidade3.com.br"
"Sócio-Diretor Titular","Comex Trading & Exportação Jundiaí Unidade 4","","sócio-diretor.titular@comextradingexportaojundiaunidade4.com.br"
"Sócio-Diretor Titular","Comex Trading & Exportação Ponta Grossa Unidade 5","","sócio-diretor.titular@comextradingexportaopontagrossaunidade5.com.br"
"Sócio-Diretor Titular","Comex Trading & Exportação Ponta Porã Unidade 6","","sócio-diretor.titular@comextradingexportaopontaporunidade6.com.br"
"Sócio-Diretor Titular","Comex Trading & Exportação São Paulo Unidade 7","","sócio-diretor.titular@comextradingexportaosopaulounidade7.com.br"
"Sócio-Diretor Titular","Comex Trading & Exportação Maringá Unidade 8","","sócio-diretor.titular@comextradingexportaomaringunidade8.com.br"
"Sócio-Diretor Titular","Comex Trading & Exportação Ponta Porã Unidade 9","","sócio-diretor.titular@comextradingexportaopontaporunidade9.com.br"
"Sócio-Diretor Titular","Comex Trading & Exportação Jundiaí Unidade 10","","sócio-diretor.titular@comextradingexportaojundiaunidade10.com.br"
"Sócio-Diretor Titular","Comex Trading & Exportação Guarapuava Unidade 1","","sócio-diretor.titular@comextradingexportaoguarapuavaunidade1.com.br"
"Sócio-Diretor Titular","Comex Trading & Exportação Ponta Porã Unidade 2","","sócio-diretor.titular@comextradingexportaopontaporunidade2.com.br"
"Sócio-Diretor Titular","Comex Trading & Exportação São Paulo Unidade 3","","sócio-diretor.titular@comextradingexportaosopaulounidade3.com.br"
"Sócio-Diretor Titular","Comex Trading & Exportação Ponta Grossa Unidade 4","","sócio-diretor.titular@comextradingexportaopontagrossaunidade4.com.br"
"Sócio-Diretor Titular","Comex Trading & Exportação Ponta Porã Unidade 5","","sócio-diretor.titular@comextradingexportaopontaporunidade5.com.br"
"Sócio-Diretor Titular","Comex Trading & Exportação Jundiaí Unidade 6","","sócio-diretor.titular@comextradingexportaojundiaunidade6.com.br"
"Sócio-Diretor Titular","Comex Trading & Exportação Maringá Unidade 7","","sócio-diretor.titular@comextradingexportaomaringunidade7.com.br"
"Sócio-Diretor Titular","Comex Trading & Exportação Ponta Porã Unidade 8","","sócio-diretor.titular@comextradingexportaopontaporunidade8.com.br"
"Sócio-Diretor Titular","Comex Trading & Exportação São Paulo Unidade 9","","sócio-diretor.titular@comextradingexportaosopaulounidade9.com.br"
"Sócio-Diretor Titular","Comex Trading & Exportação Guarapuava Unidade 10","","sócio-diretor.titular@comextradingexportaoguarapuavaunidade10.com.br"
"Sócio-Diretor Titular","Comex Trading & Exportação Ponta Porã Unidade 1","","sócio-diretor.titular@comextradingexportaopontaporunidade1.com.br"
"Sócio-Diretor Titular","Comex Trading & Exportação Jundiaí Unidade 2","","sócio-diretor.titular@comextradingexportaojundiaunidade2.com.br"
"Sócio-Diretor Titular","Comex Trading & Exportação Ponta Grossa Unidade 3","","sócio-diretor.titular@comextradingexportaopontagrossaunidade3.com.br"
"Sócio-Diretor Titular","Comex Trading & Exportação Ponta Porã Unidade 4","","sócio-diretor.titular@comextradingexportaopontaporunidade4.com.br"
"Sócio-Diretor Titular","Comex Trading & Exportação São Paulo Unidade 5","","sócio-diretor.titular@comextradingexportaosopaulounidade5.com.br"
"Sócio-Diretor Titular","Comex Trading & Exportação Maringá Unidade 6","","sócio-diretor.titular@comextradingexportaomaringunidade6.com.br"
"Sócio-Diretor Titular","Comex Trading & Exportação Ponta Porã Unidade 7","","sócio-diretor.titular@comextradingexportaopontaporunidade7.com.br"
"Sócio-Diretor Titular","Comex Trading & Exportação Jundiaí Unidade 8","","sócio-diretor.titular@comextradingexportaojundiaunidade8.com.br"
"Sócio-Diretor Titular","Comex Trading & Exportação Guarapuava Unidade 9","","sócio-diretor.titular@comextradingexportaoguarapuavaunidade9.com.br"
"Sócio-Diretor Titular","Comex Trading & Exportação Ponta Porã Unidade 10","","sócio-diretor.titular@comextradingexportaopontaporunidade10.com.br"
"Sócio-Diretor Titular","Comex Trading & Exportação São Paulo Unidade 1","","sócio-diretor.titular@comextradingexportaosopaulounidade1.com.br"
"Sócio-Diretor Titular","Comex Trading & Exportação Ponta Grossa Unidade 2","","sócio-diretor.titular@comextradingexportaopontagrossaunidade2.com.br"
"Sócio-Diretor Titular","Comex Trading & Exportação Ponta Porã Unidade 3","","sócio-diretor.titular@comextradingexportaopontaporunidade3.com.br"
"Sócio-Diretor Titular","Comex Trading & Exportação Jundiaí Unidade 4","","sócio-diretor.titular@comextradingexportaojundiaunidade4.com.br"
"Sócio-Diretor Titular","Comex Trading & Exportação Maringá Unidade 5","","sócio-diretor.titular@comextradingexportaomaringunidade5.com.br"
"Sócio-Diretor Titular","Comex Trading & Exportação Ponta Porã Unidade 6","","sócio-diretor.titular@comextradingexportaopontaporunidade6.com.br"
"Sócio-Diretor Titular","Comex Trading & Exportação São Paulo Unidade 7","","sócio-diretor.titular@comextradingexportaosopaulounidade7.com.br"
"Sócio-Diretor Titular","Comex Trading & Exportação Guarapuava Unidade 8","","sócio-diretor.titular@comextradingexportaoguarapuavaunidade8.com.br"
"Sócio-Diretor Titular","Comex Trading & Exportação Ponta Porã Unidade 9","","sócio-diretor.titular@comextradingexportaopontaporunidade9.com.br"
"Sócio-Diretor Titular","Comex Trading & Exportação Jundiaí Unidade 10","","sócio-diretor.titular@comextradingexportaojundiaunidade10.com.br"
"Sócio-Diretor Titular","Comex Trading & Exportação Ponta Grossa Unidade 1","","sócio-diretor.titular@comextradingexportaopontagrossaunidade1.com.br"
"Sócio-Diretor Titular","Comex Trading & Exportação Ponta Porã Unidade 2","","sócio-diretor.titular@comextradingexportaopontaporunidade2.com.br"
"Sócio-Diretor Titular","Comex Trading & Exportação São Paulo Unidade 3","","sócio-diretor.titular@comextradingexportaosopaulounidade3.com.br"
"Sócio-Diretor Titular","Comex Trading & Exportação Maringá Unidade 4","","sócio-diretor.titular@comextradingexportaomaringunidade4.com.br"
"Sócio-Diretor Titular","Comex Trading & Exportação Ponta Porã Unidade 5","","sócio-diretor.titular@comextradingexportaopontaporunidade5.com.br"
"Sócio-Diretor Titular","Comex Trading & Exportação Jundiaí Unidade 6","","sócio-diretor.titular@comextradingexportaojundiaunidade6.com.br"
"Sócio-Diretor Titular","Comex Trading & Exportação Guarapuava Unidade 7","","sócio-diretor.titular@comextradingexportaoguarapuavaunidade7.com.br"
"Sócio-Diretor Titular","Comex Trading & Exportação Ponta Porã Unidade 8","","sócio-diretor.titular@comextradingexportaopontaporunidade8.com.br"
"Sócio-Diretor Titular","Comex Trading & Exportação São Paulo Unidade 9","","sócio-diretor.titular@comextradingexportaosopaulounidade9.com.br"
"Sócio-Diretor Titular","Comex Trading & Exportação Ponta Grossa Unidade 10","","sócio-diretor.titular@comextradingexportaopontagrossaunidade10.com.br"
"Sócio-Diretor Titular","Sociedade de Advogados Empresarial São Paulo","","sócio-diretor.titular@sociedadedeadvogadosempresarialsopaulo.com.br"
"Sócio-Diretor Titular","Sociedade de Advogados Empresarial Ponta Grossa","","sócio-diretor.titular@sociedadedeadvogadosempresarialpontagrossa.com.br"
"Sócio-Diretor Titular","Sociedade de Advogados Empresarial Ponta Porã","","sócio-diretor.titular@sociedadedeadvogadosempresarialpontapor.com.br"
"Sócio-Diretor Titular","Sociedade de Advogados Empresarial Jundiaí","","sócio-diretor.titular@sociedadedeadvogadosempresarialjundia.com.br"
"Sócio-Diretor Titular","Sociedade de Advogados Empresarial Maringá","","sócio-diretor.titular@sociedadedeadvogadosempresarialmaring.com.br"
"Sócio-Diretor Titular","Sociedade de Advogados Empresarial Ponta Porã","","sócio-diretor.titular@sociedadedeadvogadosempresarialpontapor.com.br"
"Sócio-Diretor Titular","Sociedade de Advogados Empresarial São Paulo","","sócio-diretor.titular@sociedadedeadvogadosempresarialsopaulo.com.br"
"Sócio-Diretor Titular","Sociedade de Advogados Empresarial Guarapuava","","sócio-diretor.titular@sociedadedeadvogadosempresarialguarapuava.com.br"
"Sócio-Diretor Titular","Sociedade de Advogados Empresarial Ponta Porã","","sócio-diretor.titular@sociedadedeadvogadosempresarialpontapor.com.br"
"Sócio-Diretor Titular","Sociedade de Advogados Empresarial Jundiaí","","sócio-diretor.titular@sociedadedeadvogadosempresarialjundia.com.br"
"Sócio-Diretor Titular","Sociedade de Advogados Empresarial Ponta Grossa","","sócio-diretor.titular@sociedadedeadvogadosempresarialpontagrossa.com.br"
"Sócio-Diretor Titular","Sociedade de Advogados Empresarial Ponta Porã","","sócio-diretor.titular@sociedadedeadvogadosempresarialpontapor.com.br"
"Sócio-Diretor Titular","Sociedade de Advogados Empresarial São Paulo","","sócio-diretor.titular@sociedadedeadvogadosempresarialsopaulo.com.br"
"Sócio-Diretor Titular","Sociedade de Advogados Empresarial Maringá","","sócio-diretor.titular@sociedadedeadvogadosempresarialmaring.com.br"
"Sócio-Diretor Titular","Sociedade de Advogados Empresarial Ponta Porã","","sócio-diretor.titular@sociedadedeadvogadosempresarialpontapor.com.br"
"Sócio-Diretor Titular","Sociedade de Advogados Empresarial Jundiaí","","sócio-diretor.titular@sociedadedeadvogadosempresarialjundia.com.br"
"Sócio-Diretor Titular","Sociedade de Advogados Empresarial Guarapuava Unidade 7","","sócio-diretor.titular@sociedadedeadvogadosempresarialguarapuavaunidade7.com.br"
"Sócio-Diretor Titular","Sociedade de Advogados Empresarial Ponta Porã Unidade 8","","sócio-diretor.titular@sociedadedeadvogadosempresarialpontaporunidade8.com.br"
"Sócio-Diretor Titular","Sociedade de Advogados Empresarial São Paulo Unidade 9","","sócio-diretor.titular@sociedadedeadvogadosempresarialsopaulounidade9.com.br"
"Sócio-Diretor Titular","Sociedade de Advogados Empresarial Ponta Grossa Unidade 10","","sócio-diretor.titular@sociedadedeadvogadosempresarialpontagrossaunidade10.com.br"
"Sócio-Diretor Titular","Sociedade de Advogados Empresarial Ponta Porã Unidade 1","","sócio-diretor.titular@sociedadedeadvogadosempresarialpontaporunidade1.com.br"
"Sócio-Diretor Titular","Sociedade de Advogados Empresarial Jundiaí Unidade 2","","sócio-diretor.titular@sociedadedeadvogadosempresarialjundiaunidade2.com.br"
"Sócio-Diretor Titular","Sociedade de Advogados Empresarial Maringá Unidade 3","","sócio-diretor.titular@sociedadedeadvogadosempresarialmaringunidade3.com.br"
"Sócio-Diretor Titular","Sociedade de Advogados Empresarial Ponta Porã Unidade 4","","sócio-diretor.titular@sociedadedeadvogadosempresarialpontaporunidade4.com.br"
"Sócio-Diretor Titular","Sociedade de Advogados Empresarial São Paulo Unidade 5","","sócio-diretor.titular@sociedadedeadvogadosempresarialsopaulounidade5.com.br"
"Sócio-Diretor Titular","Sociedade de Advogados Empresarial Guarapuava Unidade 6","","sócio-diretor.titular@sociedadedeadvogadosempresarialguarapuavaunidade6.com.br"
"Sócio-Diretor Titular","Sociedade de Advogados Empresarial Ponta Porã Unidade 7","","sócio-diretor.titular@sociedadedeadvogadosempresarialpontaporunidade7.com.br"
"Sócio-Diretor Titular","Sociedade de Advogados Empresarial Jundiaí Unidade 8","","sócio-diretor.titular@sociedadedeadvogadosempresarialjundiaunidade8.com.br"
"Sócio-Diretor Titular","Sociedade de Advogados Empresarial Ponta Grossa Unidade 9","","sócio-diretor.titular@sociedadedeadvogadosempresarialpontagrossaunidade9.com.br"
"Sócio-Diretor Titular","Sociedade de Advogados Empresarial Ponta Porã Unidade 10","","sócio-diretor.titular@sociedadedeadvogadosempresarialpontaporunidade10.com.br"
"Sócio-Diretor Titular","Sociedade de Advogados Empresarial São Paulo Unidade 1","","sócio-diretor.titular@sociedadedeadvogadosempresarialsopaulounidade1.com.br"
"Sócio-Diretor Titular","Sociedade de Advogados Empresarial Maringá Unidade 2","","sócio-diretor.titular@sociedadedeadvogadosempresarialmaringunidade2.com.br"
"Sócio-Diretor Titular","Sociedade de Advogados Empresarial Ponta Porã Unidade 3","","sócio-diretor.titular@sociedadedeadvogadosempresarialpontaporunidade3.com.br"
"Sócio-Diretor Titular","Sociedade de Advogados Empresarial Jundiaí Unidade 4","","sócio-diretor.titular@sociedadedeadvogadosempresarialjundiaunidade4.com.br"
"Sócio-Diretor Titular","Sociedade de Advogados Empresarial Guarapuava Unidade 5","","sócio-diretor.titular@sociedadedeadvogadosempresarialguarapuavaunidade5.com.br"
"Sócio-Diretor Titular","Sociedade de Advogados Empresarial Ponta Porã Unidade 6","","sócio-diretor.titular@sociedadedeadvogadosempresarialpontaporunidade6.com.br"
"Sócio-Diretor Titular","Sociedade de Advogados Empresarial São Paulo Unidade 7","","sócio-diretor.titular@sociedadedeadvogadosempresarialsopaulounidade7.com.br"
"Sócio-Diretor Titular","Sociedade de Advogados Empresarial Ponta Grossa Unidade 8","","sócio-diretor.titular@sociedadedeadvogadosempresarialpontagrossaunidade8.com.br"
"Sócio-Diretor Titular","Sociedade de Advogados Empresarial Ponta Porã Unidade 9","","sócio-diretor.titular@sociedadedeadvogadosempresarialpontaporunidade9.com.br"
"Sócio-Diretor Titular","Sociedade de Advogados Empresarial Jundiaí Unidade 10","","sócio-diretor.titular@sociedadedeadvogadosempresarialjundiaunidade10.com.br"
"Sócio-Diretor Titular","Sociedade de Advogados Empresarial Maringá Unidade 1","","sócio-diretor.titular@sociedadedeadvogadosempresarialmaringunidade1.com.br"
"Sócio-Diretor Titular","Sociedade de Advogados Empresarial Ponta Porã Unidade 2","","sócio-diretor.titular@sociedadedeadvogadosempresarialpontaporunidade2.com.br"
"Sócio-Diretor Titular","Sociedade de Advogados Empresarial São Paulo Unidade 3","","sócio-diretor.titular@sociedadedeadvogadosempresarialsopaulounidade3.com.br"
"Sócio-Diretor Titular","Sociedade de Advogados Empresarial Guarapuava Unidade 4","","sócio-diretor.titular@sociedadedeadvogadosempresarialguarapuavaunidade4.com.br"
"Sócio-Diretor Titular","Sociedade de Advogados Empresarial Ponta Porã Unidade 5","","sócio-diretor.titular@sociedadedeadvogadosempresarialpontaporunidade5.com.br"
"Sócio-Diretor Titular","Sociedade de Advogados Empresarial Jundiaí Unidade 6","","sócio-diretor.titular@sociedadedeadvogadosempresarialjundiaunidade6.com.br"
"Sócio-Diretor Titular","Sociedade de Advogados Empresarial Ponta Grossa Unidade 7","","sócio-diretor.titular@sociedadedeadvogadosempresarialpontagrossaunidade7.com.br"
"Sócio-Diretor Titular","Sociedade de Advogados Empresarial Ponta Porã Unidade 8","","sócio-diretor.titular@sociedadedeadvogadosempresarialpontaporunidade8.com.br"
"Sócio-Diretor Titular","Sociedade de Advogados Empresarial São Paulo Unidade 9","","sócio-diretor.titular@sociedadedeadvogadosempresarialsopaulounidade9.com.br"
"Sócio-Diretor Titular","Sociedade de Advogados Empresarial Maringá Unidade 10","","sócio-diretor.titular@sociedadedeadvogadosempresarialmaringunidade10.com.br"
"Sócio-Diretor Titular","Sociedade de Advogados Empresarial Ponta Porã Unidade 1","","sócio-diretor.titular@sociedadedeadvogadosempresarialpontaporunidade1.com.br"
"Sócio-Diretor Titular","Sociedade de Advogados Empresarial Jundiaí Unidade 2","","sócio-diretor.titular@sociedadedeadvogadosempresarialjundiaunidade2.com.br"
"Sócio-Diretor Titular","Sociedade de Advogados Empresarial Guarapuava Unidade 3","","sócio-diretor.titular@sociedadedeadvogadosempresarialguarapuavaunidade3.com.br"
"Sócio-Diretor Titular","Sociedade de Advogados Empresarial Ponta Porã Unidade 4","","sócio-diretor.titular@sociedadedeadvogadosempresarialpontaporunidade4.com.br"
"Sócio-Diretor Titular","Sociedade de Advogados Empresarial São Paulo Unidade 5","","sócio-diretor.titular@sociedadedeadvogadosempresarialsopaulounidade5.com.br"
"Sócio-Diretor Titular","Sociedade de Advogados Empresarial Ponta Grossa Unidade 6","","sócio-diretor.titular@sociedadedeadvogadosempresarialpontagrossaunidade6.com.br"
"Sócio-Diretor Titular","Sociedade de Advogados Empresarial Ponta Porã Unidade 7","","sócio-diretor.titular@sociedadedeadvogadosempresarialpontaporunidade7.com.br"
"Sócio-Diretor Titular","Sociedade de Advogados Empresarial Jundiaí Unidade 8","","sócio-diretor.titular@sociedadedeadvogadosempresarialjundiaunidade8.com.br"
"Sócio-Diretor Titular","Sociedade de Advogados Empresarial Maringá Unidade 9","","sócio-diretor.titular@sociedadedeadvogadosempresarialmaringunidade9.com.br"
"Sócio-Diretor Titular","Sociedade de Advogados Empresarial Ponta Porã Unidade 10","","sócio-diretor.titular@sociedadedeadvogadosempresarialpontaporunidade10.com.br"
"Sócio-Diretor Titular","Sociedade de Advogados Empresarial São Paulo Unidade 1","","sócio-diretor.titular@sociedadedeadvogadosempresarialsopaulounidade1.com.br"
"Sócio-Diretor Titular","Sociedade de Advogados Empresarial Guarapuava Unidade 2","","sócio-diretor.titular@sociedadedeadvogadosempresarialguarapuavaunidade2.com.br"
"Sócio-Diretor Titular","Sociedade de Advogados Empresarial Ponta Porã Unidade 3","","sócio-diretor.titular@sociedadedeadvogadosempresarialpontaporunidade3.com.br"
"Sócio-Diretor Titular","Sociedade de Advogados Empresarial Jundiaí Unidade 4","","sócio-diretor.titular@sociedadedeadvogadosempresarialjundiaunidade4.com.br"
"Sócio-Diretor Titular","Sociedade de Advogados Empresarial Ponta Grossa Unidade 5","","sócio-diretor.titular@sociedadedeadvogadosempresarialpontagrossaunidade5.com.br"
"Sócio-Diretor Titular","Sociedade de Advogados Empresarial Ponta Porã Unidade 6","","sócio-diretor.titular@sociedadedeadvogadosempresarialpontaporunidade6.com.br"
"Sócio-Diretor Titular","Sociedade de Advogados Empresarial São Paulo Unidade 7","","sócio-diretor.titular@sociedadedeadvogadosempresarialsopaulounidade7.com.br"
"Sócio-Diretor Titular","Sociedade de Advogados Empresarial Maringá Unidade 8","","sócio-diretor.titular@sociedadedeadvogadosempresarialmaringunidade8.com.br"
"Sócio-Diretor Titular","Sociedade de Advogados Empresarial Ponta Porã Unidade 9","","sócio-diretor.titular@sociedadedeadvogadosempresarialpontaporunidade9.com.br"
"Sócio-Diretor Titular","Sociedade de Advogados Empresarial Jundiaí Unidade 10","","sócio-diretor.titular@sociedadedeadvogadosempresarialjundiaunidade10.com.br"
"Sócio-Diretor Titular","Sociedade de Advogados Empresarial Guarapuava Unidade 1","","sócio-diretor.titular@sociedadedeadvogadosempresarialguarapuavaunidade1.com.br"
"Sócio-Diretor Titular","Sociedade de Advogados Empresarial Ponta Porã Unidade 2","","sócio-diretor.titular@sociedadedeadvogadosempresarialpontaporunidade2.com.br"
"Sócio-Diretor Titular","Sociedade de Advogados Empresarial São Paulo Unidade 3","","sócio-diretor.titular@sociedadedeadvogadosempresarialsopaulounidade3.com.br"
"Sócio-Diretor Titular","Sociedade de Advogados Empresarial Ponta Grossa Unidade 4","","sócio-diretor.titular@sociedadedeadvogadosempresarialpontagrossaunidade4.com.br"
"Sócio-Diretor Titular","Sociedade de Advogados Empresarial Ponta Porã Unidade 5","","sócio-diretor.titular@sociedadedeadvogadosempresarialpontaporunidade5.com.br"
"Sócio-Diretor Titular","Sociedade de Advogados Empresarial Jundiaí Unidade 6","","sócio-diretor.titular@sociedadedeadvogadosempresarialjundiaunidade6.com.br"
"Sócio-Diretor Titular","Sociedade de Advogados Empresarial Maringá Unidade 7","","sócio-diretor.titular@sociedadedeadvogadosempresarialmaringunidade7.com.br"
"Sócio-Diretor Titular","Sociedade de Advogados Empresarial Ponta Porã Unidade 8","","sócio-diretor.titular@sociedadedeadvogadosempresarialpontaporunidade8.com.br"
"Sócio-Diretor Titular","Sociedade de Advogados Empresarial São Paulo Unidade 9","","sócio-diretor.titular@sociedadedeadvogadosempresarialsopaulounidade9.com.br"
"Sócio-Diretor Titular","Sociedade de Advogados Empresarial Guarapuava Unidade 10","","sócio-diretor.titular@sociedadedeadvogadosempresarialguarapuavaunidade10.com.br"
"Sócio-Diretor Titular","Sociedade de Advogados Empresarial Ponta Porã Unidade 1","","sócio-diretor.titular@sociedadedeadvogadosempresarialpontaporunidade1.com.br"
"Sócio-Diretor Titular","Sociedade de Advogados Empresarial Jundiaí Unidade 2","","sócio-diretor.titular@sociedadedeadvogadosempresarialjundiaunidade2.com.br"
"Sócio-Diretor Titular","Sociedade de Advogados Empresarial Ponta Grossa Unidade 3","","sócio-diretor.titular@sociedadedeadvogadosempresarialpontagrossaunidade3.com.br"
"Sócio-Diretor Titular","Sociedade de Advogados Empresarial Ponta Porã Unidade 4","","sócio-diretor.titular@sociedadedeadvogadosempresarialpontaporunidade4.com.br"
"Sócio-Diretor Titular","Sociedade de Advogados Empresarial São Paulo Unidade 5","","sócio-diretor.titular@sociedadedeadvogadosempresarialsopaulounidade5.com.br"
"Sócio-Diretor Titular","Sociedade de Advogados Empresarial Maringá Unidade 6","","sócio-diretor.titular@sociedadedeadvogadosempresarialmaringunidade6.com.br"
"Sócio-Diretor Titular","Sociedade de Advogados Empresarial Ponta Porã Unidade 7","","sócio-diretor.titular@sociedadedeadvogadosempresarialpontaporunidade7.com.br"
"Sócio-Diretor Titular","Sociedade de Advogados Empresarial Jundiaí Unidade 8","","sócio-diretor.titular@sociedadedeadvogadosempresarialjundiaunidade8.com.br"
"Sócio-Diretor Titular","Sociedade de Advogados Empresarial Guarapuava Unidade 9","","sócio-diretor.titular@sociedadedeadvogadosempresarialguarapuavaunidade9.com.br"
"Sócio-Diretor Titular","Sociedade de Advogados Empresarial Ponta Porã Unidade 10","","sócio-diretor.titular@sociedadedeadvogadosempresarialpontaporunidade10.com.br"
"Sócio-Diretor Titular","Sociedade de Advogados Empresarial São Paulo Unidade 1","","sócio-diretor.titular@sociedadedeadvogadosempresarialsopaulounidade1.com.br"
"Sócio-Diretor Titular","Sociedade de Advogados Empresarial Ponta Grossa Unidade 2","","sócio-diretor.titular@sociedadedeadvogadosempresarialpontagrossaunidade2.com.br"
"Sócio-Diretor Titular","Sociedade de Advogados Empresarial Ponta Porã Unidade 3","","sócio-diretor.titular@sociedadedeadvogadosempresarialpontaporunidade3.com.br"
"Sócio-Diretor Titular","Sociedade de Advogados Empresarial Jundiaí Unidade 4","","sócio-diretor.titular@sociedadedeadvogadosempresarialjundiaunidade4.com.br"
"Sócio-Diretor Titular","Sociedade de Advogados Empresarial Maringá Unidade 5","","sócio-diretor.titular@sociedadedeadvogadosempresarialmaringunidade5.com.br"
"Sócio-Diretor Titular","Sociedade de Advogados Empresarial Ponta Porã Unidade 6","","sócio-diretor.titular@sociedadedeadvogadosempresarialpontaporunidade6.com.br"
"Sócio-Diretor Titular","Sociedade de Advogados Empresarial São Paulo Unidade 7","","sócio-diretor.titular@sociedadedeadvogadosempresarialsopaulounidade7.com.br"
"Sócio-Diretor Titular","Sociedade de Advogados Empresarial Guarapuava Unidade 8","","sócio-diretor.titular@sociedadedeadvogadosempresarialguarapuavaunidade8.com.br"
"Sócio-Diretor Titular","Sociedade de Advogados Empresarial Ponta Porã Unidade 9","","sócio-diretor.titular@sociedadedeadvogadosempresarialpontaporunidade9.com.br"
"Sócio-Diretor Titular","Sociedade de Advogados Empresarial Jundiaí Unidade 10","","sócio-diretor.titular@sociedadedeadvogadosempresarialjundiaunidade10.com.br"
"Sócio-Diretor Titular","Sociedade de Advogados Empresarial Ponta Grossa Unidade 1","","sócio-diretor.titular@sociedadedeadvogadosempresarialpontagrossaunidade1.com.br"
"Sócio-Diretor Titular","Sociedade de Advogados Empresarial Ponta Porã Unidade 2","","sócio-diretor.titular@sociedadedeadvogadosempresarialpontaporunidade2.com.br"
"Sócio-Diretor Titular","Sociedade de Advogados Empresarial São Paulo Unidade 3","","sócio-diretor.titular@sociedadedeadvogadosempresarialsopaulounidade3.com.br"
"Sócio-Diretor Titular","Sociedade de Advogados Empresarial Maringá Unidade 4","","sócio-diretor.titular@sociedadedeadvogadosempresarialmaringunidade4.com.br"
"Sócio-Diretor Titular","Sociedade de Advogados Empresarial Ponta Porã Unidade 5","","sócio-diretor.titular@sociedadedeadvogadosempresarialpontaporunidade5.com.br"
"Sócio-Diretor Titular","Sociedade de Advogados Empresarial Jundiaí Unidade 6","","sócio-diretor.titular@sociedadedeadvogadosempresarialjundiaunidade6.com.br"
"Sócio-Diretor Titular","Sociedade de Advogados Empresarial Guarapuava Unidade 7","","sócio-diretor.titular@sociedadedeadvogadosempresarialguarapuavaunidade7.com.br"
"Sócio-Diretor Titular","Sociedade de Advogados Empresarial Ponta Porã Unidade 8","","sócio-diretor.titular@sociedadedeadvogadosempresarialpontaporunidade8.com.br"
"Sócio-Diretor Titular","Sociedade de Advogados Empresarial São Paulo Unidade 9","","sócio-diretor.titular@sociedadedeadvogadosempresarialsopaulounidade9.com.br"
"Sócio-Diretor Titular","Sociedade de Advogados Empresarial Ponta Grossa Unidade 10","","sócio-diretor.titular@sociedadedeadvogadosempresarialpontagrossaunidade10.com.br"
"Sócio-Diretor Titular","Sociedade de Advogados Empresarial Ponta Porã Unidade 1","","sócio-diretor.titular@sociedadedeadvogadosempresarialpontaporunidade1.com.br"
"Sócio-Diretor Titular","Sociedade de Advogados Empresarial Jundiaí Unidade 2","","sócio-diretor.titular@sociedadedeadvogadosempresarialjundiaunidade2.com.br"
"Sócio-Diretor Titular","Sociedade de Advogados Empresarial Maringá Unidade 3","","sócio-diretor.titular@sociedadedeadvogadosempresarialmaringunidade3.com.br"
"Sócio-Diretor Titular","Sociedade de Advogados Empresarial Ponta Porã Unidade 4","","sócio-diretor.titular@sociedadedeadvogadosempresarialpontaporunidade4.com.br"
"Sócio-Diretor Titular","Sociedade de Advogados Empresarial São Paulo Unidade 5","","sócio-diretor.titular@sociedadedeadvogadosempresarialsopaulounidade5.com.br"
"Sócio-Diretor Titular","Sociedade de Advogados Empresarial Guarapuava Unidade 6","","sócio-diretor.titular@sociedadedeadvogadosempresarialguarapuavaunidade6.com.br"
"Sócio-Diretor Titular","Sociedade de Advogados Empresarial Ponta Porã Unidade 7","","sócio-diretor.titular@sociedadedeadvogadosempresarialpontaporunidade7.com.br"
"Sócio-Diretor Titular","Sociedade de Advogados Empresarial Jundiaí Unidade 8","","sócio-diretor.titular@sociedadedeadvogadosempresarialjundiaunidade8.com.br"
"Sócio-Diretor Titular","Sociedade de Advogados Empresarial Ponta Grossa Unidade 9","","sócio-diretor.titular@sociedadedeadvogadosempresarialpontagrossaunidade9.com.br"
"Sócio-Diretor Titular","Sociedade de Advogados Empresarial Ponta Porã Unidade 10","","sócio-diretor.titular@sociedadedeadvogadosempresarialpontaporunidade10.com.br"
"Sócio-Diretor Titular","Sociedade de Advogados Empresarial São Paulo Unidade 1","","sócio-diretor.titular@sociedadedeadvogadosempresarialsopaulounidade1.com.br"
"Sócio-Diretor Titular","Sociedade de Advogados Empresarial Maringá Unidade 2","","sócio-diretor.titular@sociedadedeadvogadosempresarialmaringunidade2.com.br"
"Sócio-Diretor Titular","Sociedade de Advogados Empresarial Ponta Porã Unidade 3","","sócio-diretor.titular@sociedadedeadvogadosempresarialpontaporunidade3.com.br"
"Sócio-Diretor Titular","Sociedade de Advogados Empresarial Jundiaí Unidade 4","","sócio-diretor.titular@sociedadedeadvogadosempresarialjundiaunidade4.com.br"
"Sócio-Diretor Titular","Sociedade de Advogados Empresarial Guarapuava Unidade 5","","sócio-diretor.titular@sociedadedeadvogadosempresarialguarapuavaunidade5.com.br"
"Sócio-Diretor Titular","Sociedade de Advogados Empresarial Ponta Porã Unidade 6","","sócio-diretor.titular@sociedadedeadvogadosempresarialpontaporunidade6.com.br"
"Sócio-Diretor Titular","Sociedade de Advogados Empresarial São Paulo Unidade 7","","sócio-diretor.titular@sociedadedeadvogadosempresarialsopaulounidade7.com.br"
"Sócio-Diretor Titular","Sociedade de Advogados Empresarial Ponta Grossa Unidade 8","","sócio-diretor.titular@sociedadedeadvogadosempresarialpontagrossaunidade8.com.br"
"Sócio-Diretor Titular","Sociedade de Advogados Empresarial Ponta Porã Unidade 9","","sócio-diretor.titular@sociedadedeadvogadosempresarialpontaporunidade9.com.br"
"Sócio-Diretor Titular","Sociedade de Advogados Empresarial Jundiaí Unidade 10","","sócio-diretor.titular@sociedadedeadvogadosempresarialjundiaunidade10.com.br"
"Sócio-Diretor Titular","Sociedade de Advogados Empresarial Maringá Unidade 1","","sócio-diretor.titular@sociedadedeadvogadosempresarialmaringunidade1.com.br"
"Sócio-Diretor Titular","Sociedade de Advogados Empresarial Ponta Porã Unidade 2","","sócio-diretor.titular@sociedadedeadvogadosempresarialpontaporunidade2.com.br"
"Sócio-Diretor Titular","Sociedade de Advogados Empresarial São Paulo Unidade 3","","sócio-diretor.titular@sociedadedeadvogadosempresarialsopaulounidade3.com.br"
"Sócio-Diretor Titular","Sociedade de Advogados Empresarial Guarapuava Unidade 4","","sócio-diretor.titular@sociedadedeadvogadosempresarialguarapuavaunidade4.com.br"
"Sócio-Diretor Titular","Sociedade de Advogados Empresarial Ponta Porã Unidade 5","","sócio-diretor.titular@sociedadedeadvogadosempresarialpontaporunidade5.com.br"
"Sócio-Diretor Titular","Sociedade de Advogados Empresarial Jundiaí Unidade 6","","sócio-diretor.titular@sociedadedeadvogadosempresarialjundiaunidade6.com.br"
"Sócio-Diretor Titular","Sociedade de Advogados Empresarial Ponta Grossa Unidade 7","","sócio-diretor.titular@sociedadedeadvogadosempresarialpontagrossaunidade7.com.br"
"Sócio-Diretor Titular","Sociedade de Advogados Empresarial Ponta Porã Unidade 8","","sócio-diretor.titular@sociedadedeadvogadosempresarialpontaporunidade8.com.br"
"Sócio-Diretor Titular","Sociedade de Advogados Empresarial São Paulo Unidade 9","","sócio-diretor.titular@sociedadedeadvogadosempresarialsopaulounidade9.com.br"
"Sócio-Diretor Titular","Sociedade de Advogados Empresarial Maringá Unidade 10","","sócio-diretor.titular@sociedadedeadvogadosempresarialmaringunidade10.com.br"
"Sócio-Diretor Titular","Sociedade de Advogados Empresarial Ponta Porã Unidade 1","","sócio-diretor.titular@sociedadedeadvogadosempresarialpontaporunidade1.com.br"
"Sócio-Diretor Titular","Sociedade de Advogados Empresarial Jundiaí Unidade 2","","sócio-diretor.titular@sociedadedeadvogadosempresarialjundiaunidade2.com.br"
"Sócio-Diretor Titular","Sociedade de Advogados Empresarial Guarapuava Unidade 3","","sócio-diretor.titular@sociedadedeadvogadosempresarialguarapuavaunidade3.com.br"
"Sócio-Diretor Titular","Sociedade de Advogados Empresarial Ponta Porã Unidade 4","","sócio-diretor.titular@sociedadedeadvogadosempresarialpontaporunidade4.com.br"
"Sócio-Diretor Titular","Sociedade de Advogados Empresarial São Paulo Unidade 5","","sócio-diretor.titular@sociedadedeadvogadosempresarialsopaulounidade5.com.br"
"Sócio-Diretor Titular","Sociedade de Advogados Empresarial Ponta Grossa Unidade 6","","sócio-diretor.titular@sociedadedeadvogadosempresarialpontagrossaunidade6.com.br"
"Sócio-Diretor Titular","Sociedade de Advogados Empresarial Ponta Porã Unidade 7","","sócio-diretor.titular@sociedadedeadvogadosempresarialpontaporunidade7.com.br"
"Sócio-Diretor Titular","Sociedade de Advogados Empresarial Jundiaí Unidade 8","","sócio-diretor.titular@sociedadedeadvogadosempresarialjundiaunidade8.com.br"
"Sócio-Diretor Titular","Sociedade de Advogados Empresarial Maringá Unidade 9","","sócio-diretor.titular@sociedadedeadvogadosempresarialmaringunidade9.com.br"
"Sócio-Diretor Titular","Sociedade de Advogados Empresarial Ponta Porã Unidade 10","","sócio-diretor.titular@sociedadedeadvogadosempresarialpontaporunidade10.com.br"
"Sócio-Diretor Titular","Sociedade de Advogados Empresarial São Paulo Unidade 1","","sócio-diretor.titular@sociedadedeadvogadosempresarialsopaulounidade1.com.br"
"Sócio-Diretor Titular","Sociedade de Advogados Empresarial Guarapuava Unidade 2","","sócio-diretor.titular@sociedadedeadvogadosempresarialguarapuavaunidade2.com.br"
"Sócio-Diretor Titular","Sociedade de Advogados Empresarial Ponta Porã Unidade 3","","sócio-diretor.titular@sociedadedeadvogadosempresarialpontaporunidade3.com.br"
"Sócio-Diretor Titular","Sociedade de Advogados Empresarial Jundiaí Unidade 4","","sócio-diretor.titular@sociedadedeadvogadosempresarialjundiaunidade4.com.br"
"Sócio-Diretor Titular","Sociedade de Advogados Empresarial Ponta Grossa Unidade 5","","sócio-diretor.titular@sociedadedeadvogadosempresarialpontagrossaunidade5.com.br"
"Sócio-Diretor Titular","Sociedade de Advogados Empresarial Ponta Porã Unidade 6","","sócio-diretor.titular@sociedadedeadvogadosempresarialpontaporunidade6.com.br"
"Sócio-Diretor Titular","Sociedade de Advogados Empresarial São Paulo Unidade 7","","sócio-diretor.titular@sociedadedeadvogadosempresarialsopaulounidade7.com.br"
"Sócio-Diretor Titular","Sociedade de Advogados Empresarial Maringá Unidade 8","","sócio-diretor.titular@sociedadedeadvogadosempresarialmaringunidade8.com.br"
"Sócio-Diretor Titular","Sociedade de Advogados Empresarial Ponta Porã Unidade 9","","sócio-diretor.titular@sociedadedeadvogadosempresarialpontaporunidade9.com.br"
"Sócio-Diretor Titular","Sociedade de Advogados Empresarial Jundiaí Unidade 10","","sócio-diretor.titular@sociedadedeadvogadosempresarialjundiaunidade10.com.br"
"Sócio-Diretor Titular","Sociedade de Advogados Empresarial Guarapuava Unidade 1","","sócio-diretor.titular@sociedadedeadvogadosempresarialguarapuavaunidade1.com.br"
"Sócio-Diretor Titular","Sociedade de Advogados Empresarial Ponta Porã Unidade 2","","sócio-diretor.titular@sociedadedeadvogadosempresarialpontaporunidade2.com.br"
"Sócio-Diretor Titular","Sociedade de Advogados Empresarial São Paulo Unidade 3","","sócio-diretor.titular@sociedadedeadvogadosempresarialsopaulounidade3.com.br"
"Sócio-Diretor Titular","Sociedade de Advogados Empresarial Ponta Grossa Unidade 4","","sócio-diretor.titular@sociedadedeadvogadosempresarialpontagrossaunidade4.com.br"
"Sócio-Diretor Titular","Sociedade de Advogados Empresarial Ponta Porã Unidade 5","","sócio-diretor.titular@sociedadedeadvogadosempresarialpontaporunidade5.com.br"
"Sócio-Diretor Titular","Sociedade de Advogados Empresarial Jundiaí Unidade 6","","sócio-diretor.titular@sociedadedeadvogadosempresarialjundiaunidade6.com.br"
"Sócio-Diretor Titular","Sociedade de Advogados Empresarial Maringá Unidade 7","","sócio-diretor.titular@sociedadedeadvogadosempresarialmaringunidade7.com.br"
"Sócio-Diretor Titular","Sociedade de Advogados Empresarial Ponta Porã Unidade 8","","sócio-diretor.titular@sociedadedeadvogadosempresarialpontaporunidade8.com.br"
"Sócio-Diretor Titular","Sociedade de Advogados Empresarial São Paulo Unidade 9","","sócio-diretor.titular@sociedadedeadvogadosempresarialsopaulounidade9.com.br"
"Sócio-Diretor Titular","Sociedade de Advogados Empresarial Guarapuava Unidade 10","","sócio-diretor.titular@sociedadedeadvogadosempresarialguarapuavaunidade10.com.br"
"Sócio-Diretor Titular","Organização Contábil & Auditoria São Paulo","","sócio-diretor.titular@organizaocontbilauditoriasopaulo.com.br"
"Sócio-Diretor Titular","Organização Contábil & Auditoria Maringá","","sócio-diretor.titular@organizaocontbilauditoriamaring.com.br"
"Sócio-Diretor Titular","Organização Contábil & Auditoria Ponta Porã","","sócio-diretor.titular@organizaocontbilauditoriapontapor.com.br"
"Sócio-Diretor Titular","Organização Contábil & Auditoria Jundiaí","","sócio-diretor.titular@organizaocontbilauditoriajundia.com.br"
"Sócio-Diretor Titular","Organização Contábil & Auditoria Guarapuava","","sócio-diretor.titular@organizaocontbilauditoriaguarapuava.com.br"
"Sócio-Diretor Titular","Organização Contábil & Auditoria Ponta Porã","","sócio-diretor.titular@organizaocontbilauditoriapontapor.com.br"
"Sócio-Diretor Titular","Organização Contábil & Auditoria São Paulo","","sócio-diretor.titular@organizaocontbilauditoriasopaulo.com.br"
"Sócio-Diretor Titular","Organização Contábil & Auditoria Ponta Grossa","","sócio-diretor.titular@organizaocontbilauditoriapontagrossa.com.br"
"Sócio-Diretor Titular","Organização Contábil & Auditoria Ponta Porã","","sócio-diretor.titular@organizaocontbilauditoriapontapor.com.br"
"Sócio-Diretor Titular","Organização Contábil & Auditoria Jundiaí","","sócio-diretor.titular@organizaocontbilauditoriajundia.com.br"
"Sócio-Diretor Titular","Organização Contábil & Auditoria Maringá","","sócio-diretor.titular@organizaocontbilauditoriamaring.com.br"
"Sócio-Diretor Titular","Organização Contábil & Auditoria Ponta Porã","","sócio-diretor.titular@organizaocontbilauditoriapontapor.com.br"
"Sócio-Diretor Titular","Organização Contábil & Auditoria São Paulo","","sócio-diretor.titular@organizaocontbilauditoriasopaulo.com.br"
"Sócio-Diretor Titular","Organização Contábil & Auditoria Guarapuava","","sócio-diretor.titular@organizaocontbilauditoriaguarapuava.com.br"
"Sócio-Diretor Titular","Organização Contábil & Auditoria Ponta Porã","","sócio-diretor.titular@organizaocontbilauditoriapontapor.com.br"
"Sócio-Diretor Titular","Organização Contábil & Auditoria Jundiaí","","sócio-diretor.titular@organizaocontbilauditoriajundia.com.br"
"Sócio-Diretor Titular","Organização Contábil & Auditoria Ponta Grossa Unidade 7","","sócio-diretor.titular@organizaocontbilauditoriapontagrossaunidade7.com.br"
"Sócio-Diretor Titular","Organização Contábil & Auditoria Ponta Porã Unidade 8","","sócio-diretor.titular@organizaocontbilauditoriapontaporunidade8.com.br"
"Sócio-Diretor Titular","Organização Contábil & Auditoria São Paulo Unidade 9","","sócio-diretor.titular@organizaocontbilauditoriasopaulounidade9.com.br"
"Sócio-Diretor Titular","Organização Contábil & Auditoria Maringá Unidade 10","","sócio-diretor.titular@organizaocontbilauditoriamaringunidade10.com.br"
"Sócio-Diretor Titular","Organização Contábil & Auditoria Ponta Porã Unidade 1","","sócio-diretor.titular@organizaocontbilauditoriapontaporunidade1.com.br"
"Sócio-Diretor Titular","Organização Contábil & Auditoria Jundiaí Unidade 2","","sócio-diretor.titular@organizaocontbilauditoriajundiaunidade2.com.br"
"Sócio-Diretor Titular","Organização Contábil & Auditoria Guarapuava Unidade 3","","sócio-diretor.titular@organizaocontbilauditoriaguarapuavaunidade3.com.br"
"Sócio-Diretor Titular","Organização Contábil & Auditoria Ponta Porã Unidade 4","","sócio-diretor.titular@organizaocontbilauditoriapontaporunidade4.com.br"
"Sócio-Diretor Titular","Organização Contábil & Auditoria São Paulo Unidade 5","","sócio-diretor.titular@organizaocontbilauditoriasopaulounidade5.com.br"
"Sócio-Diretor Titular","Organização Contábil & Auditoria Ponta Grossa Unidade 6","","sócio-diretor.titular@organizaocontbilauditoriapontagrossaunidade6.com.br"
"Sócio-Diretor Titular","Organização Contábil & Auditoria Ponta Porã Unidade 7","","sócio-diretor.titular@organizaocontbilauditoriapontaporunidade7.com.br"
"Sócio-Diretor Titular","Organização Contábil & Auditoria Jundiaí Unidade 8","","sócio-diretor.titular@organizaocontbilauditoriajundiaunidade8.com.br"
"Sócio-Diretor Titular","Organização Contábil & Auditoria Maringá Unidade 9","","sócio-diretor.titular@organizaocontbilauditoriamaringunidade9.com.br"
"Sócio-Diretor Titular","Organização Contábil & Auditoria Ponta Porã Unidade 10","","sócio-diretor.titular@organizaocontbilauditoriapontaporunidade10.com.br"
"Sócio-Diretor Titular","Organização Contábil & Auditoria São Paulo Unidade 1","","sócio-diretor.titular@organizaocontbilauditoriasopaulounidade1.com.br"
"Sócio-Diretor Titular","Organização Contábil & Auditoria Guarapuava Unidade 2","","sócio-diretor.titular@organizaocontbilauditoriaguarapuavaunidade2.com.br"
"Sócio-Diretor Titular","Organização Contábil & Auditoria Ponta Porã Unidade 3","","sócio-diretor.titular@organizaocontbilauditoriapontaporunidade3.com.br"
"Sócio-Diretor Titular","Organização Contábil & Auditoria Jundiaí Unidade 4","","sócio-diretor.titular@organizaocontbilauditoriajundiaunidade4.com.br"
"Sócio-Diretor Titular","Organização Contábil & Auditoria Ponta Grossa Unidade 5","","sócio-diretor.titular@organizaocontbilauditoriapontagrossaunidade5.com.br"
"Sócio-Diretor Titular","Organização Contábil & Auditoria Ponta Porã Unidade 6","","sócio-diretor.titular@organizaocontbilauditoriapontaporunidade6.com.br"
"Sócio-Diretor Titular","Organização Contábil & Auditoria São Paulo Unidade 7","","sócio-diretor.titular@organizaocontbilauditoriasopaulounidade7.com.br"
"Sócio-Diretor Titular","Organização Contábil & Auditoria Maringá Unidade 8","","sócio-diretor.titular@organizaocontbilauditoriamaringunidade8.com.br"
"Sócio-Diretor Titular","Organização Contábil & Auditoria Ponta Porã Unidade 9","","sócio-diretor.titular@organizaocontbilauditoriapontaporunidade9.com.br"
"Sócio-Diretor Titular","Organização Contábil & Auditoria Jundiaí Unidade 10","","sócio-diretor.titular@organizaocontbilauditoriajundiaunidade10.com.br"
"Sócio-Diretor Titular","Organização Contábil & Auditoria Guarapuava Unidade 1","","sócio-diretor.titular@organizaocontbilauditoriaguarapuavaunidade1.com.br"
"Sócio-Diretor Titular","Organização Contábil & Auditoria Ponta Porã Unidade 2","","sócio-diretor.titular@organizaocontbilauditoriapontaporunidade2.com.br"
"Sócio-Diretor Titular","Organização Contábil & Auditoria São Paulo Unidade 3","","sócio-diretor.titular@organizaocontbilauditoriasopaulounidade3.com.br"
"Sócio-Diretor Titular","Organização Contábil & Auditoria Ponta Grossa Unidade 4","","sócio-diretor.titular@organizaocontbilauditoriapontagrossaunidade4.com.br"
"Sócio-Diretor Titular","Organização Contábil & Auditoria Ponta Porã Unidade 5","","sócio-diretor.titular@organizaocontbilauditoriapontaporunidade5.com.br"
"Sócio-Diretor Titular","Organização Contábil & Auditoria Jundiaí Unidade 6","","sócio-diretor.titular@organizaocontbilauditoriajundiaunidade6.com.br"
"Sócio-Diretor Titular","Organização Contábil & Auditoria Maringá Unidade 7","","sócio-diretor.titular@organizaocontbilauditoriamaringunidade7.com.br"
"Sócio-Diretor Titular","Organização Contábil & Auditoria Ponta Porã Unidade 8","","sócio-diretor.titular@organizaocontbilauditoriapontaporunidade8.com.br"
"Sócio-Diretor Titular","Organização Contábil & Auditoria São Paulo Unidade 9","","sócio-diretor.titular@organizaocontbilauditoriasopaulounidade9.com.br"
"Sócio-Diretor Titular","Organização Contábil & Auditoria Guarapuava Unidade 10","","sócio-diretor.titular@organizaocontbilauditoriaguarapuavaunidade10.com.br"
"Sócio-Diretor Titular","Organização Contábil & Auditoria Ponta Porã Unidade 1","","sócio-diretor.titular@organizaocontbilauditoriapontaporunidade1.com.br"
"Sócio-Diretor Titular","Organização Contábil & Auditoria Jundiaí Unidade 2","","sócio-diretor.titular@organizaocontbilauditoriajundiaunidade2.com.br"
"Sócio-Diretor Titular","Organização Contábil & Auditoria Ponta Grossa Unidade 3","","sócio-diretor.titular@organizaocontbilauditoriapontagrossaunidade3.com.br"
"Sócio-Diretor Titular","Organização Contábil & Auditoria Ponta Porã Unidade 4","","sócio-diretor.titular@organizaocontbilauditoriapontaporunidade4.com.br"
"Sócio-Diretor Titular","Organização Contábil & Auditoria São Paulo Unidade 5","","sócio-diretor.titular@organizaocontbilauditoriasopaulounidade5.com.br"
"Sócio-Diretor Titular","Organização Contábil & Auditoria Maringá Unidade 6","","sócio-diretor.titular@organizaocontbilauditoriamaringunidade6.com.br"
"Sócio-Diretor Titular","Organização Contábil & Auditoria Ponta Porã Unidade 7","","sócio-diretor.titular@organizaocontbilauditoriapontaporunidade7.com.br"
"Sócio-Diretor Titular","Organização Contábil & Auditoria Jundiaí Unidade 8","","sócio-diretor.titular@organizaocontbilauditoriajundiaunidade8.com.br"
"Sócio-Diretor Titular","Organização Contábil & Auditoria Guarapuava Unidade 9","","sócio-diretor.titular@organizaocontbilauditoriaguarapuavaunidade9.com.br"
"Sócio-Diretor Titular","Organização Contábil & Auditoria Ponta Porã Unidade 10","","sócio-diretor.titular@organizaocontbilauditoriapontaporunidade10.com.br"
"Sócio-Diretor Titular","Organização Contábil & Auditoria São Paulo Unidade 1","","sócio-diretor.titular@organizaocontbilauditoriasopaulounidade1.com.br"
"Sócio-Diretor Titular","Organização Contábil & Auditoria Ponta Grossa Unidade 2","","sócio-diretor.titular@organizaocontbilauditoriapontagrossaunidade2.com.br"
"Sócio-Diretor Titular","Organização Contábil & Auditoria Ponta Porã Unidade 3","","sócio-diretor.titular@organizaocontbilauditoriapontaporunidade3.com.br"
"Sócio-Diretor Titular","Organização Contábil & Auditoria Jundiaí Unidade 4","","sócio-diretor.titular@organizaocontbilauditoriajundiaunidade4.com.br"
"Sócio-Diretor Titular","Organização Contábil & Auditoria Maringá Unidade 5","","sócio-diretor.titular@organizaocontbilauditoriamaringunidade5.com.br"
"Sócio-Diretor Titular","Organização Contábil & Auditoria Ponta Porã Unidade 6","","sócio-diretor.titular@organizaocontbilauditoriapontaporunidade6.com.br"
"Sócio-Diretor Titular","Organização Contábil & Auditoria São Paulo Unidade 7","","sócio-diretor.titular@organizaocontbilauditoriasopaulounidade7.com.br"
"Sócio-Diretor Titular","Organização Contábil & Auditoria Guarapuava Unidade 8","","sócio-diretor.titular@organizaocontbilauditoriaguarapuavaunidade8.com.br"
"Sócio-Diretor Titular","Organização Contábil & Auditoria Ponta Porã Unidade 9","","sócio-diretor.titular@organizaocontbilauditoriapontaporunidade9.com.br"
"Sócio-Diretor Titular","Organização Contábil & Auditoria Jundiaí Unidade 10","","sócio-diretor.titular@organizaocontbilauditoriajundiaunidade10.com.br"
"Sócio-Diretor Titular","Organização Contábil & Auditoria Ponta Grossa Unidade 1","","sócio-diretor.titular@organizaocontbilauditoriapontagrossaunidade1.com.br"
"Sócio-Diretor Titular","Organização Contábil & Auditoria Ponta Porã Unidade 2","","sócio-diretor.titular@organizaocontbilauditoriapontaporunidade2.com.br"
"Sócio-Diretor Titular","Organização Contábil & Auditoria São Paulo Unidade 3","","sócio-diretor.titular@organizaocontbilauditoriasopaulounidade3.com.br"
"Sócio-Diretor Titular","Organização Contábil & Auditoria Maringá Unidade 4","","sócio-diretor.titular@organizaocontbilauditoriamaringunidade4.com.br"
"Sócio-Diretor Titular","Organização Contábil & Auditoria Ponta Porã Unidade 5","","sócio-diretor.titular@organizaocontbilauditoriapontaporunidade5.com.br"
"Sócio-Diretor Titular","Organização Contábil & Auditoria Jundiaí Unidade 6","","sócio-diretor.titular@organizaocontbilauditoriajundiaunidade6.com.br"
"Sócio-Diretor Titular","Organização Contábil & Auditoria Guarapuava Unidade 7","","sócio-diretor.titular@organizaocontbilauditoriaguarapuavaunidade7.com.br"
"Sócio-Diretor Titular","Organização Contábil & Auditoria Ponta Porã Unidade 8","","sócio-diretor.titular@organizaocontbilauditoriapontaporunidade8.com.br"
"Sócio-Diretor Titular","Organização Contábil & Auditoria São Paulo Unidade 9","","sócio-diretor.titular@organizaocontbilauditoriasopaulounidade9.com.br"
"Sócio-Diretor Titular","Organização Contábil & Auditoria Ponta Grossa Unidade 10","","sócio-diretor.titular@organizaocontbilauditoriapontagrossaunidade10.com.br"
"Sócio-Diretor Titular","Organização Contábil & Auditoria Ponta Porã Unidade 1","","sócio-diretor.titular@organizaocontbilauditoriapontaporunidade1.com.br"
"Sócio-Diretor Titular","Organização Contábil & Auditoria Jundiaí Unidade 2","","sócio-diretor.titular@organizaocontbilauditoriajundiaunidade2.com.br"
"Sócio-Diretor Titular","Organização Contábil & Auditoria Maringá Unidade 3","","sócio-diretor.titular@organizaocontbilauditoriamaringunidade3.com.br"
"Sócio-Diretor Titular","Organização Contábil & Auditoria Ponta Porã Unidade 4","","sócio-diretor.titular@organizaocontbilauditoriapontaporunidade4.com.br"
"Sócio-Diretor Titular","Organização Contábil & Auditoria São Paulo Unidade 5","","sócio-diretor.titular@organizaocontbilauditoriasopaulounidade5.com.br"
"Sócio-Diretor Titular","Organização Contábil & Auditoria Guarapuava Unidade 6","","sócio-diretor.titular@organizaocontbilauditoriaguarapuavaunidade6.com.br"
"Sócio-Diretor Titular","Organização Contábil & Auditoria Ponta Porã Unidade 7","","sócio-diretor.titular@organizaocontbilauditoriapontaporunidade7.com.br"
"Sócio-Diretor Titular","Organização Contábil & Auditoria Jundiaí Unidade 8","","sócio-diretor.titular@organizaocontbilauditoriajundiaunidade8.com.br"
"Sócio-Diretor Titular","Organização Contábil & Auditoria Ponta Grossa Unidade 9","","sócio-diretor.titular@organizaocontbilauditoriapontagrossaunidade9.com.br"
"Sócio-Diretor Titular","Organização Contábil & Auditoria Ponta Porã Unidade 10","","sócio-diretor.titular@organizaocontbilauditoriapontaporunidade10.com.br"
"Sócio-Diretor Titular","Organização Contábil & Auditoria São Paulo Unidade 1","","sócio-diretor.titular@organizaocontbilauditoriasopaulounidade1.com.br"
"Sócio-Diretor Titular","Organização Contábil & Auditoria Maringá Unidade 2","","sócio-diretor.titular@organizaocontbilauditoriamaringunidade2.com.br"
"Sócio-Diretor Titular","Organização Contábil & Auditoria Ponta Porã Unidade 3","","sócio-diretor.titular@organizaocontbilauditoriapontaporunidade3.com.br"
"Sócio-Diretor Titular","Organização Contábil & Auditoria Jundiaí Unidade 4","","sócio-diretor.titular@organizaocontbilauditoriajundiaunidade4.com.br"
"Sócio-Diretor Titular","Organização Contábil & Auditoria Guarapuava Unidade 5","","sócio-diretor.titular@organizaocontbilauditoriaguarapuavaunidade5.com.br"
"Sócio-Diretor Titular","Organização Contábil & Auditoria Ponta Porã Unidade 6","","sócio-diretor.titular@organizaocontbilauditoriapontaporunidade6.com.br"
"Sócio-Diretor Titular","Organização Contábil & Auditoria São Paulo Unidade 7","","sócio-diretor.titular@organizaocontbilauditoriasopaulounidade7.com.br"
"Sócio-Diretor Titular","Organização Contábil & Auditoria Ponta Grossa Unidade 8","","sócio-diretor.titular@organizaocontbilauditoriapontagrossaunidade8.com.br"
"Sócio-Diretor Titular","Organização Contábil & Auditoria Ponta Porã Unidade 9","","sócio-diretor.titular@organizaocontbilauditoriapontaporunidade9.com.br"
"Sócio-Diretor Titular","Organização Contábil & Auditoria Jundiaí Unidade 10","","sócio-diretor.titular@organizaocontbilauditoriajundiaunidade10.com.br"
"Sócio-Diretor Titular","Organização Contábil & Auditoria Maringá Unidade 1","","sócio-diretor.titular@organizaocontbilauditoriamaringunidade1.com.br"
"Sócio-Diretor Titular","Organização Contábil & Auditoria Ponta Porã Unidade 2","","sócio-diretor.titular@organizaocontbilauditoriapontaporunidade2.com.br"
"Sócio-Diretor Titular","Organização Contábil & Auditoria São Paulo Unidade 3","","sócio-diretor.titular@organizaocontbilauditoriasopaulounidade3.com.br"
"Sócio-Diretor Titular","Organização Contábil & Auditoria Guarapuava Unidade 4","","sócio-diretor.titular@organizaocontbilauditoriaguarapuavaunidade4.com.br"
"Sócio-Diretor Titular","Organização Contábil & Auditoria Ponta Porã Unidade 5","","sócio-diretor.titular@organizaocontbilauditoriapontaporunidade5.com.br"
"Sócio-Diretor Titular","Organização Contábil & Auditoria Jundiaí Unidade 6","","sócio-diretor.titular@organizaocontbilauditoriajundiaunidade6.com.br"
"Sócio-Diretor Titular","Organização Contábil & Auditoria Ponta Grossa Unidade 7","","sócio-diretor.titular@organizaocontbilauditoriapontagrossaunidade7.com.br"
"Sócio-Diretor Titular","Organização Contábil & Auditoria Ponta Porã Unidade 8","","sócio-diretor.titular@organizaocontbilauditoriapontaporunidade8.com.br"
"Sócio-Diretor Titular","Organização Contábil & Auditoria São Paulo Unidade 9","","sócio-diretor.titular@organizaocontbilauditoriasopaulounidade9.com.br"
"Sócio-Diretor Titular","Organização Contábil & Auditoria Maringá Unidade 10","","sócio-diretor.titular@organizaocontbilauditoriamaringunidade10.com.br"
"Sócio-Diretor Titular","Organização Contábil & Auditoria Ponta Porã Unidade 1","","sócio-diretor.titular@organizaocontbilauditoriapontaporunidade1.com.br"
"Sócio-Diretor Titular","Organização Contábil & Auditoria Jundiaí Unidade 2","","sócio-diretor.titular@organizaocontbilauditoriajundiaunidade2.com.br"
"Sócio-Diretor Titular","Organização Contábil & Auditoria Guarapuava Unidade 3","","sócio-diretor.titular@organizaocontbilauditoriaguarapuavaunidade3.com.br"
"Sócio-Diretor Titular","Organização Contábil & Auditoria Ponta Porã Unidade 4","","sócio-diretor.titular@organizaocontbilauditoriapontaporunidade4.com.br"
"Sócio-Diretor Titular","Organização Contábil & Auditoria São Paulo Unidade 5","","sócio-diretor.titular@organizaocontbilauditoriasopaulounidade5.com.br"
"Sócio-Diretor Titular","Organização Contábil & Auditoria Ponta Grossa Unidade 6","","sócio-diretor.titular@organizaocontbilauditoriapontagrossaunidade6.com.br"
"Sócio-Diretor Titular","Organização Contábil & Auditoria Ponta Porã Unidade 7","","sócio-diretor.titular@organizaocontbilauditoriapontaporunidade7.com.br"
"Sócio-Diretor Titular","Organização Contábil & Auditoria Jundiaí Unidade 8","","sócio-diretor.titular@organizaocontbilauditoriajundiaunidade8.com.br"
"Sócio-Diretor Titular","Organização Contábil & Auditoria Maringá Unidade 9","","sócio-diretor.titular@organizaocontbilauditoriamaringunidade9.com.br"
"Sócio-Diretor Titular","Organização Contábil & Auditoria Ponta Porã Unidade 10","","sócio-diretor.titular@organizaocontbilauditoriapontaporunidade10.com.br"
"Sócio-Diretor Titular","Organização Contábil & Auditoria São Paulo Unidade 1","","sócio-diretor.titular@organizaocontbilauditoriasopaulounidade1.com.br"
"Sócio-Diretor Titular","Organização Contábil & Auditoria Guarapuava Unidade 2","","sócio-diretor.titular@organizaocontbilauditoriaguarapuavaunidade2.com.br"
"Sócio-Diretor Titular","Organização Contábil & Auditoria Ponta Porã Unidade 3","","sócio-diretor.titular@organizaocontbilauditoriapontaporunidade3.com.br"
"Sócio-Diretor Titular","Organização Contábil & Auditoria Jundiaí Unidade 4","","sócio-diretor.titular@organizaocontbilauditoriajundiaunidade4.com.br"
"Sócio-Diretor Titular","Organização Contábil & Auditoria Ponta Grossa Unidade 5","","sócio-diretor.titular@organizaocontbilauditoriapontagrossaunidade5.com.br"
"Sócio-Diretor Titular","Organização Contábil & Auditoria Ponta Porã Unidade 6","","sócio-diretor.titular@organizaocontbilauditoriapontaporunidade6.com.br"
"Sócio-Diretor Titular","Organização Contábil & Auditoria São Paulo Unidade 7","","sócio-diretor.titular@organizaocontbilauditoriasopaulounidade7.com.br"
"Sócio-Diretor Titular","Organização Contábil & Auditoria Maringá Unidade 8","","sócio-diretor.titular@organizaocontbilauditoriamaringunidade8.com.br"
"Sócio-Diretor Titular","Organização Contábil & Auditoria Ponta Porã Unidade 9","","sócio-diretor.titular@organizaocontbilauditoriapontaporunidade9.com.br"
"Sócio-Diretor Titular","Organização Contábil & Auditoria Jundiaí Unidade 10","","sócio-diretor.titular@organizaocontbilauditoriajundiaunidade10.com.br"
"Sócio-Diretor Titular","Organização Contábil & Auditoria Guarapuava Unidade 1","","sócio-diretor.titular@organizaocontbilauditoriaguarapuavaunidade1.com.br"
"Sócio-Diretor Titular","Organização Contábil & Auditoria Ponta Porã Unidade 2","","sócio-diretor.titular@organizaocontbilauditoriapontaporunidade2.com.br"
"Sócio-Diretor Titular","Organização Contábil & Auditoria São Paulo Unidade 3","","sócio-diretor.titular@organizaocontbilauditoriasopaulounidade3.com.br"
"Sócio-Diretor Titular","Organização Contábil & Auditoria Ponta Grossa Unidade 4","","sócio-diretor.titular@organizaocontbilauditoriapontagrossaunidade4.com.br"
"Sócio-Diretor Titular","Organização Contábil & Auditoria Ponta Porã Unidade 5","","sócio-diretor.titular@organizaocontbilauditoriapontaporunidade5.com.br"
"Sócio-Diretor Titular","Organização Contábil & Auditoria Jundiaí Unidade 6","","sócio-diretor.titular@organizaocontbilauditoriajundiaunidade6.com.br"
"Sócio-Diretor Titular","Organização Contábil & Auditoria Maringá Unidade 7","","sócio-diretor.titular@organizaocontbilauditoriamaringunidade7.com.br"
"Sócio-Diretor Titular","Organização Contábil & Auditoria Ponta Porã Unidade 8","","sócio-diretor.titular@organizaocontbilauditoriapontaporunidade8.com.br"
"Sócio-Diretor Titular","Organização Contábil & Auditoria São Paulo Unidade 9","","sócio-diretor.titular@organizaocontbilauditoriasopaulounidade9.com.br"
"Sócio-Diretor Titular","Organização Contábil & Auditoria Guarapuava Unidade 10","","sócio-diretor.titular@organizaocontbilauditoriaguarapuavaunidade10.com.br"
"Sócio-Diretor Titular","Organização Contábil & Auditoria Ponta Porã Unidade 1","","sócio-diretor.titular@organizaocontbilauditoriapontaporunidade1.com.br"
"Sócio-Diretor Titular","Organização Contábil & Auditoria Jundiaí Unidade 2","","sócio-diretor.titular@organizaocontbilauditoriajundiaunidade2.com.br"
"Sócio-Diretor Titular","Organização Contábil & Auditoria Ponta Grossa Unidade 3","","sócio-diretor.titular@organizaocontbilauditoriapontagrossaunidade3.com.br"
"Sócio-Diretor Titular","Organização Contábil & Auditoria Ponta Porã Unidade 4","","sócio-diretor.titular@organizaocontbilauditoriapontaporunidade4.com.br"
"Sócio-Diretor Titular","Organização Contábil & Auditoria São Paulo Unidade 5","","sócio-diretor.titular@organizaocontbilauditoriasopaulounidade5.com.br"
"Sócio-Diretor Titular","Organização Contábil & Auditoria Maringá Unidade 6","","sócio-diretor.titular@organizaocontbilauditoriamaringunidade6.com.br"
"Sócio-Diretor Titular","Organização Contábil & Auditoria Ponta Porã Unidade 7","","sócio-diretor.titular@organizaocontbilauditoriapontaporunidade7.com.br"
"Sócio-Diretor Titular","Organização Contábil & Auditoria Jundiaí Unidade 8","","sócio-diretor.titular@organizaocontbilauditoriajundiaunidade8.com.br"
"Sócio-Diretor Titular","Organização Contábil & Auditoria Guarapuava Unidade 9","","sócio-diretor.titular@organizaocontbilauditoriaguarapuavaunidade9.com.br"
"Sócio-Diretor Titular","Organização Contábil & Auditoria Ponta Porã Unidade 10","","sócio-diretor.titular@organizaocontbilauditoriapontaporunidade10.com.br"
"Sócio-Diretor Titular","Organização Contábil & Auditoria São Paulo Unidade 1","","sócio-diretor.titular@organizaocontbilauditoriasopaulounidade1.com.br"
"Sócio-Diretor Titular","Organização Contábil & Auditoria Ponta Grossa Unidade 2","","sócio-diretor.titular@organizaocontbilauditoriapontagrossaunidade2.com.br"
"Sócio-Diretor Titular","Organização Contábil & Auditoria Ponta Porã Unidade 3","","sócio-diretor.titular@organizaocontbilauditoriapontaporunidade3.com.br"
"Sócio-Diretor Titular","Organização Contábil & Auditoria Jundiaí Unidade 4","","sócio-diretor.titular@organizaocontbilauditoriajundiaunidade4.com.br"
"Sócio-Diretor Titular","Organização Contábil & Auditoria Maringá Unidade 5","","sócio-diretor.titular@organizaocontbilauditoriamaringunidade5.com.br"
"Sócio-Diretor Titular","Organização Contábil & Auditoria Ponta Porã Unidade 6","","sócio-diretor.titular@organizaocontbilauditoriapontaporunidade6.com.br"
"Sócio-Diretor Titular","Organização Contábil & Auditoria São Paulo Unidade 7","","sócio-diretor.titular@organizaocontbilauditoriasopaulounidade7.com.br"
"Sócio-Diretor Titular","Organização Contábil & Auditoria Guarapuava Unidade 8","","sócio-diretor.titular@organizaocontbilauditoriaguarapuavaunidade8.com.br"
"Sócio-Diretor Titular","Organização Contábil & Auditoria Ponta Porã Unidade 9","","sócio-diretor.titular@organizaocontbilauditoriapontaporunidade9.com.br"
"Sócio-Diretor Titular","Organização Contábil & Auditoria Jundiaí Unidade 10","","sócio-diretor.titular@organizaocontbilauditoriajundiaunidade10.com.br"
"Sócio-Diretor Titular","Organização Contábil & Auditoria Ponta Grossa Unidade 1","","sócio-diretor.titular@organizaocontbilauditoriapontagrossaunidade1.com.br"
"Sócio-Diretor Titular","Organização Contábil & Auditoria Ponta Porã Unidade 2","","sócio-diretor.titular@organizaocontbilauditoriapontaporunidade2.com.br"
"Sócio-Diretor Titular","Organização Contábil & Auditoria São Paulo Unidade 3","","sócio-diretor.titular@organizaocontbilauditoriasopaulounidade3.com.br"
"Sócio-Diretor Titular","Organização Contábil & Auditoria Maringá Unidade 4","","sócio-diretor.titular@organizaocontbilauditoriamaringunidade4.com.br"
"Sócio-Diretor Titular","Organização Contábil & Auditoria Ponta Porã Unidade 5","","sócio-diretor.titular@organizaocontbilauditoriapontaporunidade5.com.br"
"Sócio-Diretor Titular","Organização Contábil & Auditoria Jundiaí Unidade 6","","sócio-diretor.titular@organizaocontbilauditoriajundiaunidade6.com.br"
"Sócio-Diretor Titular","Organização Contábil & Auditoria Guarapuava Unidade 7","","sócio-diretor.titular@organizaocontbilauditoriaguarapuavaunidade7.com.br"
"Sócio-Diretor Titular","Organização Contábil & Auditoria Ponta Porã Unidade 8","","sócio-diretor.titular@organizaocontbilauditoriapontaporunidade8.com.br"
"Sócio-Diretor Titular","Organização Contábil & Auditoria São Paulo Unidade 9","","sócio-diretor.titular@organizaocontbilauditoriasopaulounidade9.com.br"
"Sócio-Diretor Titular","Organização Contábil & Auditoria Ponta Grossa Unidade 10","","sócio-diretor.titular@organizaocontbilauditoriapontagrossaunidade10.com.br"
"Sócio-Diretor Titular","Organização Contábil & Auditoria Ponta Porã Unidade 1","","sócio-diretor.titular@organizaocontbilauditoriapontaporunidade1.com.br"
"Sócio-Diretor Titular","Organização Contábil & Auditoria Jundiaí Unidade 2","","sócio-diretor.titular@organizaocontbilauditoriajundiaunidade2.com.br"
"Sócio-Diretor Titular","Organização Contábil & Auditoria Maringá Unidade 3","","sócio-diretor.titular@organizaocontbilauditoriamaringunidade3.com.br"
"Sócio-Diretor Titular","Organização Contábil & Auditoria Ponta Porã Unidade 4","","sócio-diretor.titular@organizaocontbilauditoriapontaporunidade4.com.br"
"Sócio-Diretor Titular","Organização Contábil & Auditoria São Paulo Unidade 5","","sócio-diretor.titular@organizaocontbilauditoriasopaulounidade5.com.br"
"Sócio-Diretor Titular","Organização Contábil & Auditoria Guarapuava Unidade 6","","sócio-diretor.titular@organizaocontbilauditoriaguarapuavaunidade6.com.br"
"Sócio-Diretor Titular","Organização Contábil & Auditoria Ponta Porã Unidade 7","","sócio-diretor.titular@organizaocontbilauditoriapontaporunidade7.com.br"
"Sócio-Diretor Titular","Organização Contábil & Auditoria Jundiaí Unidade 8","","sócio-diretor.titular@organizaocontbilauditoriajundiaunidade8.com.br"
"Sócio-Diretor Titular","Organização Contábil & Auditoria Ponta Grossa Unidade 9","","sócio-diretor.titular@organizaocontbilauditoriapontagrossaunidade9.com.br"
"Sócio-Diretor Titular","Organização Contábil & Auditoria Ponta Porã Unidade 10","","sócio-diretor.titular@organizaocontbilauditoriapontaporunidade10.com.br"
"Sócio-Diretor Titular","Organização Contábil & Auditoria São Paulo Unidade 1","","sócio-diretor.titular@organizaocontbilauditoriasopaulounidade1.com.br"
"Sócio-Diretor Titular","AgroExport Santos 1 S/A","","sócio-diretor.titular@agroexportsantos1sa.com.br"
"Sócio-Diretor Titular","Global Trading São Paulo 1 S/A","","sócio-diretor.titular@globaltradingsopaulo1sa.com.br"
"Sócio-Diretor Titular","InterAgro Campinas 1 S/A","","sócio-diretor.titular@interagrocampinas1sa.com.br"
"Sócio-Diretor Titular","Sul Exportadora Ribeirão Preto 1 S/A","","sócio-diretor.titular@sulexportadoraribeiropreto1sa.com.br"
"Sócio-Diretor Titular","Brasil Grain Paranaguá 1 S/A","","sócio-diretor.titular@brasilgrainparanagu1sa.com.br"
"Sócio-Diretor Titular","Porto Real Curitiba 1 S/A","","sócio-diretor.titular@portorealcuritiba1sa.com.br"
"Sócio-Diretor Titular","Alliance Trade Maringá 1 S/A","","sócio-diretor.titular@alliancetrademaring1sa.com.br"
"Sócio-Diretor Titular","TransAtlantic Londrina 1 S/A","","sócio-diretor.titular@transatlanticlondrina1sa.com.br"
"Sócio-Diretor Titular","Meridional Comex Cascavel 1 S/A","","sócio-diretor.titular@meridionalcomexcascavel1sa.com.br"
"Sócio-Diretor Titular","Apex Export Itajaí 1 S/A","","sócio-diretor.titular@apexexportitaja1sa.com.br"
"Sócio-Diretor Titular","Pangea Commodities Joinville 1 S/A","","sócio-diretor.titular@pangeacommoditiesjoinville1sa.com.br"
"Sócio-Diretor Titular","Vanguard Exportadora Chapecó 1 S/A","","sócio-diretor.titular@vanguardexportadorachapec1sa.com.br"
"Sócio-Diretor Titular","Prime Comex Rio Grande 1 S/A","","sócio-diretor.titular@primecomexriogrande1sa.com.br"
"Sócio-Diretor Titular","Horizonte Commodities Porto Alegre 1 S/A","","sócio-diretor.titular@horizontecommoditiesportoalegre1sa.com.br"
"Sócio-Diretor Titular","Terra Brasilis Trade Caxias do Sul 1 S/A","","sócio-diretor.titular@terrabrasilistradecaxiasdosul1sa.com.br"
"Sócio-Diretor Titular","Continental Grain Vitória 1 S/A","","sócio-diretor.titular@continentalgrainvitria1sa.com.br"
"Sócio-Diretor Titular","Cerealista Export Belo Horizonte 1 S/A","","sócio-diretor.titular@cerealistaexportbelohorizonte1sa.com.br"
"Sócio-Diretor Titular","BioAgro Trading Uberlândia 1 S/A","","sócio-diretor.titular@bioagrotradinguberlndia1sa.com.br"
"Sócio-Diretor Titular","Atlas Exportadora Varginha 1 S/A","","sócio-diretor.titular@atlasexportadoravarginha1sa.com.br"
"Sócio-Diretor Titular","Nova Safra Comex Rondonópolis 1 S/A","","sócio-diretor.titular@novasafracomexrondonpolis1sa.com.br"
"Sócio-Diretor Titular","AgroExport Cuiabá 2 S/A","","sócio-diretor.titular@agroexportcuiab2sa.com.br"
"Sócio-Diretor Titular","Global Trading Sinop 2 S/A","","sócio-diretor.titular@globaltradingsinop2sa.com.br"
"Sócio-Diretor Titular","InterAgro Goiânia 2 S/A","","sócio-diretor.titular@interagrogoinia2sa.com.br"
"Sócio-Diretor Titular","Sul Exportadora Rio Verde 2 S/A","","sócio-diretor.titular@sulexportadorarioverde2sa.com.br"
"Sócio-Diretor Titular","Brasil Grain Campo Grande 2 S/A","","sócio-diretor.titular@brasilgraincampogrande2sa.com.br"
"Sócio-Diretor Titular","Porto Real Dourados 2 S/A","","sócio-diretor.titular@portorealdourados2sa.com.br"
"Sócio-Diretor Titular","Alliance Trade Santos 2 S/A","","sócio-diretor.titular@alliancetradesantos2sa.com.br"
"Sócio-Diretor Titular","TransAtlantic São Paulo 2 S/A","","sócio-diretor.titular@transatlanticsopaulo2sa.com.br"
"Sócio-Diretor Titular","Meridional Comex Campinas 2 S/A","","sócio-diretor.titular@meridionalcomexcampinas2sa.com.br"
"Sócio-Diretor Titular","Apex Export Ribeirão Preto 2 S/A","","sócio-diretor.titular@apexexportribeiropreto2sa.com.br"
"Sócio-Diretor Titular","Pangea Commodities Paranaguá 2 S/A","","sócio-diretor.titular@pangeacommoditiesparanagu2sa.com.br"
"Sócio-Diretor Titular","Vanguard Exportadora Curitiba 2 S/A","","sócio-diretor.titular@vanguardexportadoracuritiba2sa.com.br"
"Sócio-Diretor Titular","Prime Comex Maringá 2 S/A","","sócio-diretor.titular@primecomexmaring2sa.com.br"
"Sócio-Diretor Titular","Horizonte Commodities Londrina 2 S/A","","sócio-diretor.titular@horizontecommoditieslondrina2sa.com.br"
"Sócio-Diretor Titular","Terra Brasilis Trade Cascavel 2 S/A","","sócio-diretor.titular@terrabrasilistradecascavel2sa.com.br"
"Sócio-Diretor Titular","Continental Grain Itajaí 2 S/A","","sócio-diretor.titular@continentalgrainitaja2sa.com.br"
"Sócio-Diretor Titular","Cerealista Export Joinville 2 S/A","","sócio-diretor.titular@cerealistaexportjoinville2sa.com.br"
"Sócio-Diretor Titular","BioAgro Trading Chapecó 2 S/A","","sócio-diretor.titular@bioagrotradingchapec2sa.com.br"
"Sócio-Diretor Titular","Atlas Exportadora Rio Grande 2 S/A","","sócio-diretor.titular@atlasexportadorariogrande2sa.com.br"
"Sócio-Diretor Titular","Nova Safra Comex Porto Alegre 2 S/A","","sócio-diretor.titular@novasafracomexportoalegre2sa.com.br"
"Sócio-Diretor Titular","AgroExport Caxias do Sul 3 S/A","","sócio-diretor.titular@agroexportcaxiasdosul3sa.com.br"
"Sócio-Diretor Titular","Global Trading Vitória 3 S/A","","sócio-diretor.titular@globaltradingvitria3sa.com.br"
"Sócio-Diretor Titular","InterAgro Belo Horizonte 3 S/A","","sócio-diretor.titular@interagrobelohorizonte3sa.com.br"
"Sócio-Diretor Titular","Sul Exportadora Uberlândia 3 S/A","","sócio-diretor.titular@sulexportadorauberlndia3sa.com.br"
"Sócio-Diretor Titular","Brasil Grain Varginha 3 S/A","","sócio-diretor.titular@brasilgrainvarginha3sa.com.br"
"Sócio-Diretor Titular","Porto Real Rondonópolis 3 S/A","","sócio-diretor.titular@portorealrondonpolis3sa.com.br"
"Sócio-Diretor Titular","Alliance Trade Cuiabá 3 S/A","","sócio-diretor.titular@alliancetradecuiab3sa.com.br"
"Sócio-Diretor Titular","TransAtlantic Sinop 3 S/A","","sócio-diretor.titular@transatlanticsinop3sa.com.br"
"Sócio-Diretor Titular","Meridional Comex Goiânia 3 S/A","","sócio-diretor.titular@meridionalcomexgoinia3sa.com.br"
"Sócio-Diretor Titular","Apex Export Rio Verde 3 S/A","","sócio-diretor.titular@apexexportrioverde3sa.com.br"
"Sócio-Diretor Titular","Pangea Commodities Campo Grande 3 S/A","","sócio-diretor.titular@pangeacommoditiescampogrande3sa.com.br"
"Sócio-Diretor Titular","Vanguard Exportadora Dourados 3 S/A","","sócio-diretor.titular@vanguardexportadoradourados3sa.com.br"
"Sócio-Diretor Titular","Prime Comex Santos 3 S/A","","sócio-diretor.titular@primecomexsantos3sa.com.br"
"Sócio-Diretor Titular","Horizonte Commodities São Paulo 3 S/A","","sócio-diretor.titular@horizontecommoditiessopaulo3sa.com.br"
"Sócio-Diretor Titular","Terra Brasilis Trade Campinas 3 S/A","","sócio-diretor.titular@terrabrasilistradecampinas3sa.com.br"
"Sócio-Diretor Titular","Continental Grain Ribeirão Preto 3 S/A","","sócio-diretor.titular@continentalgrainribeiropreto3sa.com.br"
"Sócio-Diretor Titular","Cerealista Export Paranaguá 3 S/A","","sócio-diretor.titular@cerealistaexportparanagu3sa.com.br"
"Sócio-Diretor Titular","BioAgro Trading Curitiba 3 S/A","","sócio-diretor.titular@bioagrotradingcuritiba3sa.com.br"
"Sócio-Diretor Titular","Atlas Exportadora Maringá 3 S/A","","sócio-diretor.titular@atlasexportadoramaring3sa.com.br"
"Sócio-Diretor Titular","Nova Safra Comex Londrina 3 S/A","","sócio-diretor.titular@novasafracomexlondrina3sa.com.br"
"Sócio-Diretor Titular","AgroExport Cascavel 4 S/A","","sócio-diretor.titular@agroexportcascavel4sa.com.br"
"Sócio-Diretor Titular","Global Trading Itajaí 4 S/A","","sócio-diretor.titular@globaltradingitaja4sa.com.br"
"Sócio-Diretor Titular","InterAgro Joinville 4 S/A","","sócio-diretor.titular@interagrojoinville4sa.com.br"
"Sócio-Diretor Titular","Sul Exportadora Chapecó 4 S/A","","sócio-diretor.titular@sulexportadorachapec4sa.com.br"
"Sócio-Diretor Titular","Brasil Grain Rio Grande 4 S/A","","sócio-diretor.titular@brasilgrainriogrande4sa.com.br"
"Sócio-Diretor Titular","Porto Real Porto Alegre 4 S/A","","sócio-diretor.titular@portorealportoalegre4sa.com.br"
"Sócio-Diretor Titular","Alliance Trade Caxias do Sul 4 S/A","","sócio-diretor.titular@alliancetradecaxiasdosul4sa.com.br"
"Sócio-Diretor Titular","TransAtlantic Vitória 4 S/A","","sócio-diretor.titular@transatlanticvitria4sa.com.br"
"Sócio-Diretor Titular","Meridional Comex Belo Horizonte 4 S/A","","sócio-diretor.titular@meridionalcomexbelohorizonte4sa.com.br"
"Sócio-Diretor Titular","Apex Export Uberlândia 4 S/A","","sócio-diretor.titular@apexexportuberlndia4sa.com.br"
"Sócio-Diretor Titular","Pangea Commodities Varginha 4 S/A","","sócio-diretor.titular@pangeacommoditiesvarginha4sa.com.br"
"Sócio-Diretor Titular","Vanguard Exportadora Rondonópolis 4 S/A","","sócio-diretor.titular@vanguardexportadorarondonpolis4sa.com.br"
"Sócio-Diretor Titular","Prime Comex Cuiabá 4 S/A","","sócio-diretor.titular@primecomexcuiab4sa.com.br"
"Sócio-Diretor Titular","Horizonte Commodities Sinop 4 S/A","","sócio-diretor.titular@horizontecommoditiessinop4sa.com.br"
"Sócio-Diretor Titular","Terra Brasilis Trade Goiânia 4 S/A","","sócio-diretor.titular@terrabrasilistradegoinia4sa.com.br"
"Sócio-Diretor Titular","Continental Grain Rio Verde 4 S/A","","sócio-diretor.titular@continentalgrainrioverde4sa.com.br"
"Sócio-Diretor Titular","Cerealista Export Campo Grande 4 S/A","","sócio-diretor.titular@cerealistaexportcampogrande4sa.com.br"
"Sócio-Diretor Titular","BioAgro Trading Dourados 4 S/A","","sócio-diretor.titular@bioagrotradingdourados4sa.com.br"
"Sócio-Diretor Titular","Atlas Exportadora Santos 4 S/A","","sócio-diretor.titular@atlasexportadorasantos4sa.com.br"
"Sócio-Diretor Titular","Nova Safra Comex São Paulo 4 S/A","","sócio-diretor.titular@novasafracomexsopaulo4sa.com.br"
"Sócio-Diretor Titular","AgroExport Campinas 5 S/A","","sócio-diretor.titular@agroexportcampinas5sa.com.br"
"Sócio-Diretor Titular","Global Trading Ribeirão Preto 5 S/A","","sócio-diretor.titular@globaltradingribeiropreto5sa.com.br"
"Sócio-Diretor Titular","InterAgro Paranaguá 5 S/A","","sócio-diretor.titular@interagroparanagu5sa.com.br"
"Sócio-Diretor Titular","Sul Exportadora Curitiba 5 S/A","","sócio-diretor.titular@sulexportadoracuritiba5sa.com.br"
"Sócio-Diretor Titular","Brasil Grain Maringá 5 S/A","","sócio-diretor.titular@brasilgrainmaring5sa.com.br"
"Sócio-Diretor Titular","Porto Real Londrina 5 S/A","","sócio-diretor.titular@portoreallondrina5sa.com.br"
"Sócio-Diretor Titular","Alliance Trade Cascavel 5 S/A","","sócio-diretor.titular@alliancetradecascavel5sa.com.br"
"Sócio-Diretor Titular","TransAtlantic Itajaí 5 S/A","","sócio-diretor.titular@transatlanticitaja5sa.com.br"
"Sócio-Diretor Titular","Meridional Comex Joinville 5 S/A","","sócio-diretor.titular@meridionalcomexjoinville5sa.com.br"
"Sócio-Diretor Titular","Apex Export Chapecó 5 S/A","","sócio-diretor.titular@apexexportchapec5sa.com.br"
"Sócio-Diretor Titular","Pangea Commodities Rio Grande 5 S/A","","sócio-diretor.titular@pangeacommoditiesriogrande5sa.com.br"
"Sócio-Diretor Titular","Vanguard Exportadora Porto Alegre 5 S/A","","sócio-diretor.titular@vanguardexportadoraportoalegre5sa.com.br"
"Sócio-Diretor Titular","Prime Comex Caxias do Sul 5 S/A","","sócio-diretor.titular@primecomexcaxiasdosul5sa.com.br"
"Sócio-Diretor Titular","Horizonte Commodities Vitória 5 S/A","","sócio-diretor.titular@horizontecommoditiesvitria5sa.com.br"
"Sócio-Diretor Titular","Terra Brasilis Trade Belo Horizonte 5 S/A","","sócio-diretor.titular@terrabrasilistradebelohorizonte5sa.com.br"
"Sócio-Diretor Titular","Continental Grain Uberlândia 5 S/A","","sócio-diretor.titular@continentalgrainuberlndia5sa.com.br"
"Sócio-Diretor Titular","Cerealista Export Varginha 5 S/A","","sócio-diretor.titular@cerealistaexportvarginha5sa.com.br"
"Sócio-Diretor Titular","BioAgro Trading Rondonópolis 5 S/A","","sócio-diretor.titular@bioagrotradingrondonpolis5sa.com.br"
"Sócio-Diretor Titular","Atlas Exportadora Cuiabá 5 S/A","","sócio-diretor.titular@atlasexportadoracuiab5sa.com.br"
"Sócio-Diretor Titular","Nova Safra Comex Sinop 5 S/A","","sócio-diretor.titular@novasafracomexsinop5sa.com.br"
"Sócio-Diretor Titular","AgroExport Goiânia 6 S/A","","sócio-diretor.titular@agroexportgoinia6sa.com.br"
"Sócio-Diretor Titular","Global Trading Rio Verde 6 S/A","","sócio-diretor.titular@globaltradingrioverde6sa.com.br"
"Sócio-Diretor Titular","InterAgro Campo Grande 6 S/A","","sócio-diretor.titular@interagrocampogrande6sa.com.br"
"Sócio-Diretor Titular","Sul Exportadora Dourados 6 S/A","","sócio-diretor.titular@sulexportadoradourados6sa.com.br"
"Sócio-Diretor Titular","Brasil Grain Santos 6 S/A","","sócio-diretor.titular@brasilgrainsantos6sa.com.br"
"Sócio-Diretor Titular","Porto Real São Paulo 6 S/A","","sócio-diretor.titular@portorealsopaulo6sa.com.br"
"Sócio-Diretor Titular","Alliance Trade Campinas 6 S/A","","sócio-diretor.titular@alliancetradecampinas6sa.com.br"
"Sócio-Diretor Titular","TransAtlantic Ribeirão Preto 6 S/A","","sócio-diretor.titular@transatlanticribeiropreto6sa.com.br"
"Sócio-Diretor Titular","Meridional Comex Paranaguá 6 S/A","","sócio-diretor.titular@meridionalcomexparanagu6sa.com.br"
"Sócio-Diretor Titular","Apex Export Curitiba 6 S/A","","sócio-diretor.titular@apexexportcuritiba6sa.com.br"
"Sócio-Diretor Titular","Pangea Commodities Maringá 6 S/A","","sócio-diretor.titular@pangeacommoditiesmaring6sa.com.br"
"Sócio-Diretor Titular","Vanguard Exportadora Londrina 6 S/A","","sócio-diretor.titular@vanguardexportadoralondrina6sa.com.br"
"Sócio-Diretor Titular","Prime Comex Cascavel 6 S/A","","sócio-diretor.titular@primecomexcascavel6sa.com.br"
"Sócio-Diretor Titular","Horizonte Commodities Itajaí 6 S/A","","sócio-diretor.titular@horizontecommoditiesitaja6sa.com.br"
"Sócio-Diretor Titular","Terra Brasilis Trade Joinville 6 S/A","","sócio-diretor.titular@terrabrasilistradejoinville6sa.com.br"
"Sócio-Diretor Titular","Continental Grain Chapecó 6 S/A","","sócio-diretor.titular@continentalgrainchapec6sa.com.br"
"Sócio-Diretor Titular","Cerealista Export Rio Grande 6 S/A","","sócio-diretor.titular@cerealistaexportriogrande6sa.com.br"
"Sócio-Diretor Titular","BioAgro Trading Porto Alegre 6 S/A","","sócio-diretor.titular@bioagrotradingportoalegre6sa.com.br"
"Sócio-Diretor Titular","Atlas Exportadora Caxias do Sul 6 S/A","","sócio-diretor.titular@atlasexportadoracaxiasdosul6sa.com.br"
"Sócio-Diretor Titular","Nova Safra Comex Vitória 6 S/A","","sócio-diretor.titular@novasafracomexvitria6sa.com.br"
"Sócio-Diretor Titular","AgroExport Belo Horizonte 7 S/A","","sócio-diretor.titular@agroexportbelohorizonte7sa.com.br"
"Sócio-Diretor Titular","Global Trading Uberlândia 7 S/A","","sócio-diretor.titular@globaltradinguberlndia7sa.com.br"
"Sócio-Diretor Titular","InterAgro Varginha 7 S/A","","sócio-diretor.titular@interagrovarginha7sa.com.br"
"Sócio-Diretor Titular","Sul Exportadora Rondonópolis 7 S/A","","sócio-diretor.titular@sulexportadorarondonpolis7sa.com.br"
"Sócio-Diretor Titular","Brasil Grain Cuiabá 7 S/A","","sócio-diretor.titular@brasilgraincuiab7sa.com.br"
"Sócio-Diretor Titular","Porto Real Sinop 7 S/A","","sócio-diretor.titular@portorealsinop7sa.com.br"
"Sócio-Diretor Titular","Alliance Trade Goiânia 7 S/A","","sócio-diretor.titular@alliancetradegoinia7sa.com.br"
"Sócio-Diretor Titular","TransAtlantic Rio Verde 7 S/A","","sócio-diretor.titular@transatlanticrioverde7sa.com.br"
"Sócio-Diretor Titular","Meridional Comex Campo Grande 7 S/A","","sócio-diretor.titular@meridionalcomexcampogrande7sa.com.br"
"Sócio-Diretor Titular","Apex Export Dourados 7 S/A","","sócio-diretor.titular@apexexportdourados7sa.com.br"
"Sócio-Diretor Titular","Pangea Commodities Santos 7 S/A","","sócio-diretor.titular@pangeacommoditiessantos7sa.com.br"
"Sócio-Diretor Titular","Vanguard Exportadora São Paulo 7 S/A","","sócio-diretor.titular@vanguardexportadorasopaulo7sa.com.br"
"Sócio-Diretor Titular","Prime Comex Campinas 7 S/A","","sócio-diretor.titular@primecomexcampinas7sa.com.br"
"Sócio-Diretor Titular","Horizonte Commodities Ribeirão Preto 7 S/A","","sócio-diretor.titular@horizontecommoditiesribeiropreto7sa.com.br"
"Sócio-Diretor Titular","Terra Brasilis Trade Paranaguá 7 S/A","","sócio-diretor.titular@terrabrasilistradeparanagu7sa.com.br"
"Sócio-Diretor Titular","Continental Grain Curitiba 7 S/A","","sócio-diretor.titular@continentalgraincuritiba7sa.com.br"
"Sócio-Diretor Titular","Cerealista Export Maringá 7 S/A","","sócio-diretor.titular@cerealistaexportmaring7sa.com.br"
"Sócio-Diretor Titular","BioAgro Trading Londrina 7 S/A","","sócio-diretor.titular@bioagrotradinglondrina7sa.com.br"
"Sócio-Diretor Titular","Atlas Exportadora Cascavel 7 S/A","","sócio-diretor.titular@atlasexportadoracascavel7sa.com.br"
"Sócio-Diretor Titular","Nova Safra Comex Itajaí 7 S/A","","sócio-diretor.titular@novasafracomexitaja7sa.com.br"
"Sócio-Diretor Titular","AgroExport Joinville 8 S/A","","sócio-diretor.titular@agroexportjoinville8sa.com.br"
"Sócio-Diretor Titular","Global Trading Chapecó 8 S/A","","sócio-diretor.titular@globaltradingchapec8sa.com.br"
"Sócio-Diretor Titular","InterAgro Rio Grande 8 S/A","","sócio-diretor.titular@interagroriogrande8sa.com.br"
"Sócio-Diretor Titular","Sul Exportadora Porto Alegre 8 S/A","","sócio-diretor.titular@sulexportadoraportoalegre8sa.com.br"
"Sócio-Diretor Titular","Brasil Grain Caxias do Sul 8 S/A","","sócio-diretor.titular@brasilgraincaxiasdosul8sa.com.br"
"Sócio-Diretor Titular","Porto Real Vitória 8 S/A","","sócio-diretor.titular@portorealvitria8sa.com.br"
"Sócio-Diretor Titular","Alliance Trade Belo Horizonte 8 S/A","","sócio-diretor.titular@alliancetradebelohorizonte8sa.com.br"
"Sócio-Diretor Titular","TransAtlantic Uberlândia 8 S/A","","sócio-diretor.titular@transatlanticuberlndia8sa.com.br"
"Sócio-Diretor Titular","Meridional Comex Varginha 8 S/A","","sócio-diretor.titular@meridionalcomexvarginha8sa.com.br"
"Sócio-Diretor Titular","Apex Export Rondonópolis 8 S/A","","sócio-diretor.titular@apexexportrondonpolis8sa.com.br"
"Sócio-Diretor Titular","Pangea Commodities Cuiabá 8 S/A","","sócio-diretor.titular@pangeacommoditiescuiab8sa.com.br"
"Sócio-Diretor Titular","Vanguard Exportadora Sinop 8 S/A","","sócio-diretor.titular@vanguardexportadorasinop8sa.com.br"
"Sócio-Diretor Titular","Prime Comex Goiânia 8 S/A","","sócio-diretor.titular@primecomexgoinia8sa.com.br"
"Sócio-Diretor Titular","Horizonte Commodities Rio Verde 8 S/A","","sócio-diretor.titular@horizontecommoditiesrioverde8sa.com.br"
"Sócio-Diretor Titular","Terra Brasilis Trade Campo Grande 8 S/A","","sócio-diretor.titular@terrabrasilistradecampogrande8sa.com.br"
"Sócio-Diretor Titular","Continental Grain Dourados 8 S/A","","sócio-diretor.titular@continentalgraindourados8sa.com.br"
"Sócio-Diretor Titular","Cerealista Export Santos 8 S/A","","sócio-diretor.titular@cerealistaexportsantos8sa.com.br"
"Sócio-Diretor Titular","BioAgro Trading São Paulo 8 S/A","","sócio-diretor.titular@bioagrotradingsopaulo8sa.com.br"
"Sócio-Diretor Titular","Atlas Exportadora Campinas 8 S/A","","sócio-diretor.titular@atlasexportadoracampinas8sa.com.br"
"Sócio-Diretor Titular","Nova Safra Comex Ribeirão Preto 8 S/A","","sócio-diretor.titular@novasafracomexribeiropreto8sa.com.br"
"Sócio-Diretor Titular","AgroExport Paranaguá 9 S/A","","sócio-diretor.titular@agroexportparanagu9sa.com.br"
"Sócio-Diretor Titular","Global Trading Curitiba 9 S/A","","sócio-diretor.titular@globaltradingcuritiba9sa.com.br"
"Sócio-Diretor Titular","InterAgro Maringá 9 S/A","","sócio-diretor.titular@interagromaring9sa.com.br"
"Sócio-Diretor Titular","Sul Exportadora Londrina 9 S/A","","sócio-diretor.titular@sulexportadoralondrina9sa.com.br"
"Sócio-Diretor Titular","Brasil Grain Cascavel 9 S/A","","sócio-diretor.titular@brasilgraincascavel9sa.com.br"
"Sócio-Diretor Titular","Porto Real Itajaí 9 S/A","","sócio-diretor.titular@portorealitaja9sa.com.br"
"Sócio-Diretor Titular","Alliance Trade Joinville 9 S/A","","sócio-diretor.titular@alliancetradejoinville9sa.com.br"
"Sócio-Diretor Titular","TransAtlantic Chapecó 9 S/A","","sócio-diretor.titular@transatlanticchapec9sa.com.br"
"Sócio-Diretor Titular","Meridional Comex Rio Grande 9 S/A","","sócio-diretor.titular@meridionalcomexriogrande9sa.com.br"
"Sócio-Diretor Titular","Apex Export Porto Alegre 9 S/A","","sócio-diretor.titular@apexexportportoalegre9sa.com.br"
"Sócio-Diretor Titular","Pangea Commodities Caxias do Sul 9 S/A","","sócio-diretor.titular@pangeacommoditiescaxiasdosul9sa.com.br"
"Sócio-Diretor Titular","Vanguard Exportadora Vitória 9 S/A","","sócio-diretor.titular@vanguardexportadoravitria9sa.com.br"
"Sócio-Diretor Titular","Prime Comex Belo Horizonte 9 S/A","","sócio-diretor.titular@primecomexbelohorizonte9sa.com.br"
"Sócio-Diretor Titular","Horizonte Commodities Uberlândia 9 S/A","","sócio-diretor.titular@horizontecommoditiesuberlndia9sa.com.br"
"Sócio-Diretor Titular","Terra Brasilis Trade Varginha 9 S/A","","sócio-diretor.titular@terrabrasilistradevarginha9sa.com.br"
"Sócio-Diretor Titular","Continental Grain Rondonópolis 9 S/A","","sócio-diretor.titular@continentalgrainrondonpolis9sa.com.br"
"Sócio-Diretor Titular","Cerealista Export Cuiabá 9 S/A","","sócio-diretor.titular@cerealistaexportcuiab9sa.com.br"
"Sócio-Diretor Titular","BioAgro Trading Sinop 9 S/A","","sócio-diretor.titular@bioagrotradingsinop9sa.com.br"
"Sócio-Diretor Titular","Atlas Exportadora Goiânia 9 S/A","","sócio-diretor.titular@atlasexportadoragoinia9sa.com.br"
"Sócio-Diretor Titular","Nova Safra Comex Rio Verde 9 S/A","","sócio-diretor.titular@novasafracomexrioverde9sa.com.br"
"Sócio-Diretor Titular","AgroExport Campo Grande 10 S/A","","sócio-diretor.titular@agroexportcampogrande10sa.com.br"
"Sócio-Diretor Titular","Global Trading Dourados 10 S/A","","sócio-diretor.titular@globaltradingdourados10sa.com.br"
"Sócio-Diretor Titular","InterAgro Santos 10 S/A","","sócio-diretor.titular@interagrosantos10sa.com.br"
"Sócio-Diretor Titular","Sul Exportadora São Paulo 10 S/A","","sócio-diretor.titular@sulexportadorasopaulo10sa.com.br"
"Sócio-Diretor Titular","Brasil Grain Campinas 10 S/A","","sócio-diretor.titular@brasilgraincampinas10sa.com.br"
"Sócio-Diretor Titular","Porto Real Ribeirão Preto 10 S/A","","sócio-diretor.titular@portorealribeiropreto10sa.com.br"
"Sócio-Diretor Titular","Alliance Trade Paranaguá 10 S/A","","sócio-diretor.titular@alliancetradeparanagu10sa.com.br"
"Sócio-Diretor Titular","TransAtlantic Curitiba 10 S/A","","sócio-diretor.titular@transatlanticcuritiba10sa.com.br"
"Sócio-Diretor Titular","Meridional Comex Maringá 10 S/A","","sócio-diretor.titular@meridionalcomexmaring10sa.com.br"
"Sócio-Diretor Titular","Apex Export Londrina 10 S/A","","sócio-diretor.titular@apexexportlondrina10sa.com.br"
"Sócio-Diretor Titular","Pangea Commodities Cascavel 10 S/A","","sócio-diretor.titular@pangeacommoditiescascavel10sa.com.br"
"Sócio-Diretor Titular","Vanguard Exportadora Itajaí 10 S/A","","sócio-diretor.titular@vanguardexportadoraitaja10sa.com.br"
"Sócio-Diretor Titular","Prime Comex Joinville 10 S/A","","sócio-diretor.titular@primecomexjoinville10sa.com.br"
"Sócio-Diretor Titular","Horizonte Commodities Chapecó 10 S/A","","sócio-diretor.titular@horizontecommoditieschapec10sa.com.br"
"Sócio-Diretor Titular","Terra Brasilis Trade Rio Grande 10 S/A","","sócio-diretor.titular@terrabrasilistraderiogrande10sa.com.br"
"Sócio-Diretor Titular","Continental Grain Porto Alegre 10 S/A","","sócio-diretor.titular@continentalgrainportoalegre10sa.com.br"
"Sócio-Diretor Titular","Cerealista Export Caxias do Sul 10 S/A","","sócio-diretor.titular@cerealistaexportcaxiasdosul10sa.com.br"
"Sócio-Diretor Titular","BioAgro Trading Vitória 10 S/A","","sócio-diretor.titular@bioagrotradingvitria10sa.com.br"
"Sócio-Diretor Titular","Atlas Exportadora Belo Horizonte 10 S/A","","sócio-diretor.titular@atlasexportadorabelohorizonte10sa.com.br"
"Sócio-Diretor Titular","Nova Safra Comex Uberlândia 10 S/A","","sócio-diretor.titular@novasafracomexuberlndia10sa.com.br"
"Sócio-Diretor Titular","AgroExport Varginha 11 S/A","","sócio-diretor.titular@agroexportvarginha11sa.com.br"
"Sócio-Diretor Titular","Global Trading Rondonópolis 11 S/A","","sócio-diretor.titular@globaltradingrondonpolis11sa.com.br"
"Sócio-Diretor Titular","InterAgro Cuiabá 11 S/A","","sócio-diretor.titular@interagrocuiab11sa.com.br"
"Sócio-Diretor Titular","Sul Exportadora Sinop 11 S/A","","sócio-diretor.titular@sulexportadorasinop11sa.com.br"
"Sócio-Diretor Titular","Brasil Grain Goiânia 11 S/A","","sócio-diretor.titular@brasilgraingoinia11sa.com.br"
"Sócio-Diretor Titular","Porto Real Rio Verde 11 S/A","","sócio-diretor.titular@portorealrioverde11sa.com.br"
"Sócio-Diretor Titular","Alliance Trade Campo Grande 11 S/A","","sócio-diretor.titular@alliancetradecampogrande11sa.com.br"
"Sócio-Diretor Titular","TransAtlantic Dourados 11 S/A","","sócio-diretor.titular@transatlanticdourados11sa.com.br"
"Sócio-Diretor Titular","Meridional Comex Santos 11 S/A","","sócio-diretor.titular@meridionalcomexsantos11sa.com.br"
"Sócio-Diretor Titular","Apex Export São Paulo 11 S/A","","sócio-diretor.titular@apexexportsopaulo11sa.com.br"
"Sócio-Diretor Titular","Pangea Commodities Campinas 11 S/A","","sócio-diretor.titular@pangeacommoditiescampinas11sa.com.br"
"Sócio-Diretor Titular","Vanguard Exportadora Ribeirão Preto 11 S/A","","sócio-diretor.titular@vanguardexportadoraribeiropreto11sa.com.br"
"Sócio-Diretor Titular","Prime Comex Paranaguá 11 S/A","","sócio-diretor.titular@primecomexparanagu11sa.com.br"
"Sócio-Diretor Titular","Horizonte Commodities Curitiba 11 S/A","","sócio-diretor.titular@horizontecommoditiescuritiba11sa.com.br"
"Sócio-Diretor Titular","Terra Brasilis Trade Maringá 11 S/A","","sócio-diretor.titular@terrabrasilistrademaring11sa.com.br"
"Sócio-Diretor Titular","Continental Grain Londrina 11 S/A","","sócio-diretor.titular@continentalgrainlondrina11sa.com.br"
"Sócio-Diretor Titular","Cerealista Export Cascavel 11 S/A","","sócio-diretor.titular@cerealistaexportcascavel11sa.com.br"
"Sócio-Diretor Titular","BioAgro Trading Itajaí 11 S/A","","sócio-diretor.titular@bioagrotradingitaja11sa.com.br"
"Sócio-Diretor Titular","Atlas Exportadora Joinville 11 S/A","","sócio-diretor.titular@atlasexportadorajoinville11sa.com.br"
"Sócio-Diretor Titular","Nova Safra Comex Chapecó 11 S/A","","sócio-diretor.titular@novasafracomexchapec11sa.com.br"
"Sócio-Diretor Titular","AgroExport Rio Grande 12 S/A","","sócio-diretor.titular@agroexportriogrande12sa.com.br"
"Sócio-Diretor Titular","Global Trading Porto Alegre 12 S/A","","sócio-diretor.titular@globaltradingportoalegre12sa.com.br"
"Sócio-Diretor Titular","InterAgro Caxias do Sul 12 S/A","","sócio-diretor.titular@interagrocaxiasdosul12sa.com.br"
"Sócio-Diretor Titular","Sul Exportadora Vitória 12 S/A","","sócio-diretor.titular@sulexportadoravitria12sa.com.br"
"Sócio-Diretor Titular","Brasil Grain Belo Horizonte 12 S/A","","sócio-diretor.titular@brasilgrainbelohorizonte12sa.com.br"
"Sócio-Diretor Titular","Porto Real Uberlândia 12 S/A","","sócio-diretor.titular@portorealuberlndia12sa.com.br"
"Sócio-Diretor Titular","Alliance Trade Varginha 12 S/A","","sócio-diretor.titular@alliancetradevarginha12sa.com.br"
"Sócio-Diretor Titular","TransAtlantic Rondonópolis 12 S/A","","sócio-diretor.titular@transatlanticrondonpolis12sa.com.br"
"Sócio-Diretor Titular","Meridional Comex Cuiabá 12 S/A","","sócio-diretor.titular@meridionalcomexcuiab12sa.com.br"
"Sócio-Diretor Titular","Apex Export Sinop 12 S/A","","sócio-diretor.titular@apexexportsinop12sa.com.br"
"Sócio-Diretor Titular","Pangea Commodities Goiânia 12 S/A","","sócio-diretor.titular@pangeacommoditiesgoinia12sa.com.br"
"Sócio-Diretor Titular","Vanguard Exportadora Rio Verde 12 S/A","","sócio-diretor.titular@vanguardexportadorarioverde12sa.com.br"
"Sócio-Diretor Titular","Prime Comex Campo Grande 12 S/A","","sócio-diretor.titular@primecomexcampogrande12sa.com.br"
"Sócio-Diretor Titular","Horizonte Commodities Dourados 12 S/A","","sócio-diretor.titular@horizontecommoditiesdourados12sa.com.br"
"Sócio-Diretor Titular","Terra Brasilis Trade Santos 12 S/A","","sócio-diretor.titular@terrabrasilistradesantos12sa.com.br"
"Sócio-Diretor Titular","Continental Grain São Paulo 12 S/A","","sócio-diretor.titular@continentalgrainsopaulo12sa.com.br"
"Sócio-Diretor Titular","Cerealista Export Campinas 12 S/A","","sócio-diretor.titular@cerealistaexportcampinas12sa.com.br"
"Sócio-Diretor Titular","BioAgro Trading Ribeirão Preto 12 S/A","","sócio-diretor.titular@bioagrotradingribeiropreto12sa.com.br"
"Sócio-Diretor Titular","Atlas Exportadora Paranaguá 12 S/A","","sócio-diretor.titular@atlasexportadoraparanagu12sa.com.br"
"Sócio-Diretor Titular","Nova Safra Comex Curitiba 12 S/A","","sócio-diretor.titular@novasafracomexcuritiba12sa.com.br"
"Sócio-Diretor Titular","AgroExport Maringá 13 S/A","","sócio-diretor.titular@agroexportmaring13sa.com.br"
"Sócio-Diretor Titular","Global Trading Londrina 13 S/A","","sócio-diretor.titular@globaltradinglondrina13sa.com.br"
"Sócio-Diretor Titular","InterAgro Cascavel 13 S/A","","sócio-diretor.titular@interagrocascavel13sa.com.br"
"Sócio-Diretor Titular","Sul Exportadora Itajaí 13 S/A","","sócio-diretor.titular@sulexportadoraitaja13sa.com.br"
"Sócio-Diretor Titular","Brasil Grain Joinville 13 S/A","","sócio-diretor.titular@brasilgrainjoinville13sa.com.br"
"Sócio-Diretor Titular","Porto Real Chapecó 13 S/A","","sócio-diretor.titular@portorealchapec13sa.com.br"
"Sócio-Diretor Titular","Alliance Trade Rio Grande 13 S/A","","sócio-diretor.titular@alliancetraderiogrande13sa.com.br"
"Sócio-Diretor Titular","TransAtlantic Porto Alegre 13 S/A","","sócio-diretor.titular@transatlanticportoalegre13sa.com.br"
"Sócio-Diretor Titular","Meridional Comex Caxias do Sul 13 S/A","","sócio-diretor.titular@meridionalcomexcaxiasdosul13sa.com.br"
"Sócio-Diretor Titular","Apex Export Vitória 13 S/A","","sócio-diretor.titular@apexexportvitria13sa.com.br"
"Sócio-Diretor Titular","Pangea Commodities Belo Horizonte 13 S/A","","sócio-diretor.titular@pangeacommoditiesbelohorizonte13sa.com.br"
"Sócio-Diretor Titular","Vanguard Exportadora Uberlândia 13 S/A","","sócio-diretor.titular@vanguardexportadorauberlndia13sa.com.br"
"Sócio-Diretor Titular","Prime Comex Varginha 13 S/A","","sócio-diretor.titular@primecomexvarginha13sa.com.br"
"Sócio-Diretor Titular","Horizonte Commodities Rondonópolis 13 S/A","","sócio-diretor.titular@horizontecommoditiesrondonpolis13sa.com.br"
"Sócio-Diretor Titular","Terra Brasilis Trade Cuiabá 13 S/A","","sócio-diretor.titular@terrabrasilistradecuiab13sa.com.br"
"Sócio-Diretor Titular","Continental Grain Sinop 13 S/A","","sócio-diretor.titular@continentalgrainsinop13sa.com.br"
"Sócio-Diretor Titular","Cerealista Export Goiânia 13 S/A","","sócio-diretor.titular@cerealistaexportgoinia13sa.com.br"
"Sócio-Diretor Titular","BioAgro Trading Rio Verde 13 S/A","","sócio-diretor.titular@bioagrotradingrioverde13sa.com.br"
"Sócio-Diretor Titular","Atlas Exportadora Campo Grande 13 S/A","","sócio-diretor.titular@atlasexportadoracampogrande13sa.com.br"
"Sócio-Diretor Titular","Nova Safra Comex Dourados 13 S/A","","sócio-diretor.titular@novasafracomexdourados13sa.com.br"
"Sócio-Diretor Titular","AgroExport Santos 14 S/A","","sócio-diretor.titular@agroexportsantos14sa.com.br"
"Sócio-Diretor Titular","Global Trading São Paulo 14 S/A","","sócio-diretor.titular@globaltradingsopaulo14sa.com.br"
"Sócio-Diretor Titular","InterAgro Campinas 14 S/A","","sócio-diretor.titular@interagrocampinas14sa.com.br"
"Sócio-Diretor Titular","Sul Exportadora Ribeirão Preto 14 S/A","","sócio-diretor.titular@sulexportadoraribeiropreto14sa.com.br"
"Sócio-Diretor Titular","Brasil Grain Paranaguá 14 S/A","","sócio-diretor.titular@brasilgrainparanagu14sa.com.br"
"Sócio-Diretor Titular","Porto Real Curitiba 14 S/A","","sócio-diretor.titular@portorealcuritiba14sa.com.br"
"Sócio-Diretor Titular","Alliance Trade Maringá 14 S/A","","sócio-diretor.titular@alliancetrademaring14sa.com.br"
"Sócio-Diretor Titular","TransAtlantic Londrina 14 S/A","","sócio-diretor.titular@transatlanticlondrina14sa.com.br"
"Sócio-Diretor Titular","Meridional Comex Cascavel 14 S/A","","sócio-diretor.titular@meridionalcomexcascavel14sa.com.br"
"Sócio-Diretor Titular","Apex Export Itajaí 14 S/A","","sócio-diretor.titular@apexexportitaja14sa.com.br"
"Sócio-Diretor Titular","Pangea Commodities Joinville 14 S/A","","sócio-diretor.titular@pangeacommoditiesjoinville14sa.com.br"
"Sócio-Diretor Titular","Vanguard Exportadora Chapecó 14 S/A","","sócio-diretor.titular@vanguardexportadorachapec14sa.com.br"
"Sócio-Diretor Titular","Prime Comex Rio Grande 14 S/A","","sócio-diretor.titular@primecomexriogrande14sa.com.br"
"Sócio-Diretor Titular","Horizonte Commodities Porto Alegre 14 S/A","","sócio-diretor.titular@horizontecommoditiesportoalegre14sa.com.br"
"Sócio-Diretor Titular","Terra Brasilis Trade Caxias do Sul 14 S/A","","sócio-diretor.titular@terrabrasilistradecaxiasdosul14sa.com.br"
"Sócio-Diretor Titular","Continental Grain Vitória 14 S/A","","sócio-diretor.titular@continentalgrainvitria14sa.com.br"
"Sócio-Diretor Titular","Cerealista Export Belo Horizonte 14 S/A","","sócio-diretor.titular@cerealistaexportbelohorizonte14sa.com.br"
"Sócio-Diretor Titular","BioAgro Trading Uberlândia 14 S/A","","sócio-diretor.titular@bioagrotradinguberlndia14sa.com.br"
"Sócio-Diretor Titular","Atlas Exportadora Varginha 14 S/A","","sócio-diretor.titular@atlasexportadoravarginha14sa.com.br"
"Sócio-Diretor Titular","Nova Safra Comex Rondonópolis 14 S/A","","sócio-diretor.titular@novasafracomexrondonpolis14sa.com.br"
"Sócio-Diretor Titular","AgroExport Cuiabá 15 S/A","","sócio-diretor.titular@agroexportcuiab15sa.com.br"
"Sócio-Diretor Titular","Global Trading Sinop 15 S/A","","sócio-diretor.titular@globaltradingsinop15sa.com.br"
"Sócio-Diretor Titular","InterAgro Goiânia 15 S/A","","sócio-diretor.titular@interagrogoinia15sa.com.br"
"Sócio-Diretor Titular","Sul Exportadora Rio Verde 15 S/A","","sócio-diretor.titular@sulexportadorarioverde15sa.com.br"
"Sócio-Diretor Titular","Brasil Grain Campo Grande 15 S/A","","sócio-diretor.titular@brasilgraincampogrande15sa.com.br"
"Sócio-Diretor Titular","Porto Real Dourados 15 S/A","","sócio-diretor.titular@portorealdourados15sa.com.br"
"Sócio-Diretor Titular","Alliance Trade Santos 15 S/A","","sócio-diretor.titular@alliancetradesantos15sa.com.br"
"Sócio-Diretor Titular","TransAtlantic São Paulo 15 S/A","","sócio-diretor.titular@transatlanticsopaulo15sa.com.br"
"Sócio-Diretor Titular","Meridional Comex Campinas 15 S/A","","sócio-diretor.titular@meridionalcomexcampinas15sa.com.br"
"Sócio-Diretor Titular","Apex Export Ribeirão Preto 15 S/A","","sócio-diretor.titular@apexexportribeiropreto15sa.com.br"
"Sócio-Diretor Titular","Pangea Commodities Paranaguá 15 S/A","","sócio-diretor.titular@pangeacommoditiesparanagu15sa.com.br"
"Sócio-Diretor Titular","Vanguard Exportadora Curitiba 15 S/A","","sócio-diretor.titular@vanguardexportadoracuritiba15sa.com.br"
"Sócio-Diretor Titular","Prime Comex Maringá 15 S/A","","sócio-diretor.titular@primecomexmaring15sa.com.br"
"Sócio-Diretor Titular","Horizonte Commodities Londrina 15 S/A","","sócio-diretor.titular@horizontecommoditieslondrina15sa.com.br"
"Sócio-Diretor Titular","Terra Brasilis Trade Cascavel 15 S/A","","sócio-diretor.titular@terrabrasilistradecascavel15sa.com.br"
"Sócio-Diretor Titular","Continental Grain Itajaí 15 S/A","","sócio-diretor.titular@continentalgrainitaja15sa.com.br"
"Sócio-Diretor Titular","Cerealista Export Joinville 15 S/A","","sócio-diretor.titular@cerealistaexportjoinville15sa.com.br"
"Sócio-Diretor Titular","BioAgro Trading Chapecó 15 S/A","","sócio-diretor.titular@bioagrotradingchapec15sa.com.br"
"Sócio-Diretor Titular","Atlas Exportadora Rio Grande 15 S/A","","sócio-diretor.titular@atlasexportadorariogrande15sa.com.br"
"Sócio-Diretor Titular","Nova Safra Comex Porto Alegre 15 S/A","","sócio-diretor.titular@novasafracomexportoalegre15sa.com.br"
"Sócio-Diretor Titular","InterImport Itajaí 1 Ltda.","","sócio-diretor.titular@interimportitaja1ltda.com.br"
"Sócio-Diretor Titular","Global Tech Import Navegantes 1 Ltda.","","sócio-diretor.titular@globaltechimportnavegantes1ltda.com.br"
"Sócio-Diretor Titular","Alfa Importadora Joinville 1 Ltda.","","sócio-diretor.titular@alfaimportadorajoinville1ltda.com.br"
"Sócio-Diretor Titular","Pacific Trading Florianópolis 1 Ltda.","","sócio-diretor.titular@pacifictradingflorianpolis1ltda.com.br"
"Sócio-Diretor Titular","Sul América Import São Paulo 1 Ltda.","","sócio-diretor.titular@sulamricaimportsopaulo1ltda.com.br"
"Sócio-Diretor Titular","Mega Comex Barueri 1 Ltda.","","sócio-diretor.titular@megacomexbarueri1ltda.com.br"
"Sócio-Diretor Titular","Direct Import Santos 1 Ltda.","","sócio-diretor.titular@directimportsantos1ltda.com.br"
"Sócio-Diretor Titular","Omni Trade Campinas 1 Ltda.","","sócio-diretor.titular@omnitradecampinas1ltda.com.br"
"Sócio-Diretor Titular","Vector Importadora São José dos Campos 1 Ltda.","","sócio-diretor.titular@vectorimportadorasojosdoscampos1ltda.com.br"
"Sócio-Diretor Titular","Titan Comex Curitiba 1 Ltda.","","sócio-diretor.titular@titancomexcuritiba1ltda.com.br"
"Sócio-Diretor Titular","Lumina Import São José dos Pinhais 1 Ltda.","","sócio-diretor.titular@luminaimportsojosdospinhais1ltda.com.br"
"Sócio-Diretor Titular","Boreal Importadora Paranaguá 1 Ltda.","","sócio-diretor.titular@borealimportadoraparanagu1ltda.com.br"
"Sócio-Diretor Titular","Delta Trading Vitória 1 Ltda.","","sócio-diretor.titular@deltatradingvitria1ltda.com.br"
"Sócio-Diretor Titular","Nexus Comércio Exterior Vila Velha 1 Ltda.","","sócio-diretor.titular@nexuscomrcioexteriorvilavelha1ltda.com.br"
"Sócio-Diretor Titular","EuroBrasil Import Serra 1 Ltda.","","sócio-diretor.titular@eurobrasilimportserra1ltda.com.br"
"Sócio-Diretor Titular","AsiaPacific Trade Porto Alegre 1 Ltda.","","sócio-diretor.titular@asiapacifictradeportoalegre1ltda.com.br"
"Sócio-Diretor Titular","Vision Importadora Novo Hamburgo 1 Ltda.","","sócio-diretor.titular@visionimportadoranovohamburgo1ltda.com.br"
"Sócio-Diretor Titular","Zenith Comex Caxias do Sul 1 Ltda.","","sócio-diretor.titular@zenithcomexcaxiasdosul1ltda.com.br"
"Sócio-Diretor Titular","Quantum Import Belo Horizonte 1 Ltda.","","sócio-diretor.titular@quantumimportbelohorizonte1ltda.com.br"
"Sócio-Diretor Titular","Master Trade Import Contagem 1 Ltda.","","sócio-diretor.titular@mastertradeimportcontagem1ltda.com.br"
"Sócio-Diretor Titular","InterImport Pouso Alegre 2 Ltda.","","sócio-diretor.titular@interimportpousoalegre2ltda.com.br"
"Sócio-Diretor Titular","Global Tech Import Anápolis 2 Ltda.","","sócio-diretor.titular@globaltechimportanpolis2ltda.com.br"
"Sócio-Diretor Titular","Alfa Importadora Aparecida de Goiânia 2 Ltda.","","sócio-diretor.titular@alfaimportadoraaparecidadegoinia2ltda.com.br"
"Sócio-Diretor Titular","Pacific Trading Salvador 2 Ltda.","","sócio-diretor.titular@pacifictradingsalvador2ltda.com.br"
"Sócio-Diretor Titular","Sul América Import Camaçari 2 Ltda.","","sócio-diretor.titular@sulamricaimportcamaari2ltda.com.br"
"Sócio-Diretor Titular","Mega Comex Manaus 2 Ltda.","","sócio-diretor.titular@megacomexmanaus2ltda.com.br"
"Sócio-Diretor Titular","Direct Import Itajaí 2 Ltda.","","sócio-diretor.titular@directimportitaja2ltda.com.br"
"Sócio-Diretor Titular","Omni Trade Navegantes 2 Ltda.","","sócio-diretor.titular@omnitradenavegantes2ltda.com.br"
"Sócio-Diretor Titular","Vector Importadora Joinville 2 Ltda.","","sócio-diretor.titular@vectorimportadorajoinville2ltda.com.br"
"Sócio-Diretor Titular","Titan Comex Florianópolis 2 Ltda.","","sócio-diretor.titular@titancomexflorianpolis2ltda.com.br"
"Sócio-Diretor Titular","Lumina Import São Paulo 2 Ltda.","","sócio-diretor.titular@luminaimportsopaulo2ltda.com.br"
"Sócio-Diretor Titular","Boreal Importadora Barueri 2 Ltda.","","sócio-diretor.titular@borealimportadorabarueri2ltda.com.br"
"Sócio-Diretor Titular","Delta Trading Santos 2 Ltda.","","sócio-diretor.titular@deltatradingsantos2ltda.com.br"
"Sócio-Diretor Titular","Nexus Comércio Exterior Campinas 2 Ltda.","","sócio-diretor.titular@nexuscomrcioexteriorcampinas2ltda.com.br"
"Sócio-Diretor Titular","EuroBrasil Import São José dos Campos 2 Ltda.","","sócio-diretor.titular@eurobrasilimportsojosdoscampos2ltda.com.br"
"Sócio-Diretor Titular","AsiaPacific Trade Curitiba 2 Ltda.","","sócio-diretor.titular@asiapacifictradecuritiba2ltda.com.br"
"Sócio-Diretor Titular","Vision Importadora São José dos Pinhais 2 Ltda.","","sócio-diretor.titular@visionimportadorasojosdospinhais2ltda.com.br"
"Sócio-Diretor Titular","Zenith Comex Paranaguá 2 Ltda.","","sócio-diretor.titular@zenithcomexparanagu2ltda.com.br"
"Sócio-Diretor Titular","Quantum Import Vitória 2 Ltda.","","sócio-diretor.titular@quantumimportvitria2ltda.com.br"
"Sócio-Diretor Titular","Master Trade Import Vila Velha 2 Ltda.","","sócio-diretor.titular@mastertradeimportvilavelha2ltda.com.br"
"Sócio-Diretor Titular","InterImport Serra 3 Ltda.","","sócio-diretor.titular@interimportserra3ltda.com.br"
"Sócio-Diretor Titular","Global Tech Import Porto Alegre 3 Ltda.","","sócio-diretor.titular@globaltechimportportoalegre3ltda.com.br"
"Sócio-Diretor Titular","Alfa Importadora Novo Hamburgo 3 Ltda.","","sócio-diretor.titular@alfaimportadoranovohamburgo3ltda.com.br"
"Sócio-Diretor Titular","Pacific Trading Caxias do Sul 3 Ltda.","","sócio-diretor.titular@pacifictradingcaxiasdosul3ltda.com.br"
"Sócio-Diretor Titular","Sul América Import Belo Horizonte 3 Ltda.","","sócio-diretor.titular@sulamricaimportbelohorizonte3ltda.com.br"
"Sócio-Diretor Titular","Mega Comex Contagem 3 Ltda.","","sócio-diretor.titular@megacomexcontagem3ltda.com.br"
"Sócio-Diretor Titular","Direct Import Pouso Alegre 3 Ltda.","","sócio-diretor.titular@directimportpousoalegre3ltda.com.br"
"Sócio-Diretor Titular","Omni Trade Anápolis 3 Ltda.","","sócio-diretor.titular@omnitradeanpolis3ltda.com.br"
"Sócio-Diretor Titular","Vector Importadora Aparecida de Goiânia 3 Ltda.","","sócio-diretor.titular@vectorimportadoraaparecidadegoinia3ltda.com.br"
"Sócio-Diretor Titular","Titan Comex Salvador 3 Ltda.","","sócio-diretor.titular@titancomexsalvador3ltda.com.br"
"Sócio-Diretor Titular","Lumina Import Camaçari 3 Ltda.","","sócio-diretor.titular@luminaimportcamaari3ltda.com.br"
"Sócio-Diretor Titular","Boreal Importadora Manaus 3 Ltda.","","sócio-diretor.titular@borealimportadoramanaus3ltda.com.br"
"Sócio-Diretor Titular","Delta Trading Itajaí 3 Ltda.","","sócio-diretor.titular@deltatradingitaja3ltda.com.br"
"Sócio-Diretor Titular","Nexus Comércio Exterior Navegantes 3 Ltda.","","sócio-diretor.titular@nexuscomrcioexteriornavegantes3ltda.com.br"
"Sócio-Diretor Titular","EuroBrasil Import Joinville 3 Ltda.","","sócio-diretor.titular@eurobrasilimportjoinville3ltda.com.br"
"Sócio-Diretor Titular","AsiaPacific Trade Florianópolis 3 Ltda.","","sócio-diretor.titular@asiapacifictradeflorianpolis3ltda.com.br"
"Sócio-Diretor Titular","Vision Importadora São Paulo 3 Ltda.","","sócio-diretor.titular@visionimportadorasopaulo3ltda.com.br"
"Sócio-Diretor Titular","Zenith Comex Barueri 3 Ltda.","","sócio-diretor.titular@zenithcomexbarueri3ltda.com.br"
"Sócio-Diretor Titular","Quantum Import Santos 3 Ltda.","","sócio-diretor.titular@quantumimportsantos3ltda.com.br"
"Sócio-Diretor Titular","Master Trade Import Campinas 3 Ltda.","","sócio-diretor.titular@mastertradeimportcampinas3ltda.com.br"
"Sócio-Diretor Titular","InterImport São José dos Campos 4 Ltda.","","sócio-diretor.titular@interimportsojosdoscampos4ltda.com.br"
"Sócio-Diretor Titular","Global Tech Import Curitiba 4 Ltda.","","sócio-diretor.titular@globaltechimportcuritiba4ltda.com.br"
"Sócio-Diretor Titular","Alfa Importadora São José dos Pinhais 4 Ltda.","","sócio-diretor.titular@alfaimportadorasojosdospinhais4ltda.com.br"
"Sócio-Diretor Titular","Pacific Trading Paranaguá 4 Ltda.","","sócio-diretor.titular@pacifictradingparanagu4ltda.com.br"
"Sócio-Diretor Titular","Sul América Import Vitória 4 Ltda.","","sócio-diretor.titular@sulamricaimportvitria4ltda.com.br"
"Sócio-Diretor Titular","Mega Comex Vila Velha 4 Ltda.","","sócio-diretor.titular@megacomexvilavelha4ltda.com.br"
"Sócio-Diretor Titular","Direct Import Serra 4 Ltda.","","sócio-diretor.titular@directimportserra4ltda.com.br"
"Sócio-Diretor Titular","Omni Trade Porto Alegre 4 Ltda.","","sócio-diretor.titular@omnitradeportoalegre4ltda.com.br"
"Sócio-Diretor Titular","Vector Importadora Novo Hamburgo 4 Ltda.","","sócio-diretor.titular@vectorimportadoranovohamburgo4ltda.com.br"
"Sócio-Diretor Titular","Titan Comex Caxias do Sul 4 Ltda.","","sócio-diretor.titular@titancomexcaxiasdosul4ltda.com.br"
"Sócio-Diretor Titular","Lumina Import Belo Horizonte 4 Ltda.","","sócio-diretor.titular@luminaimportbelohorizonte4ltda.com.br"
"Sócio-Diretor Titular","Boreal Importadora Contagem 4 Ltda.","","sócio-diretor.titular@borealimportadoracontagem4ltda.com.br"
"Sócio-Diretor Titular","Delta Trading Pouso Alegre 4 Ltda.","","sócio-diretor.titular@deltatradingpousoalegre4ltda.com.br"
"Sócio-Diretor Titular","Nexus Comércio Exterior Anápolis 4 Ltda.","","sócio-diretor.titular@nexuscomrcioexterioranpolis4ltda.com.br"
"Sócio-Diretor Titular","EuroBrasil Import Aparecida de Goiânia 4 Ltda.","","sócio-diretor.titular@eurobrasilimportaparecidadegoinia4ltda.com.br"
"Sócio-Diretor Titular","AsiaPacific Trade Salvador 4 Ltda.","","sócio-diretor.titular@asiapacifictradesalvador4ltda.com.br"
"Sócio-Diretor Titular","Vision Importadora Camaçari 4 Ltda.","","sócio-diretor.titular@visionimportadoracamaari4ltda.com.br"
"Sócio-Diretor Titular","Zenith Comex Manaus 4 Ltda.","","sócio-diretor.titular@zenithcomexmanaus4ltda.com.br"
"Sócio-Diretor Titular","Quantum Import Itajaí 4 Ltda.","","sócio-diretor.titular@quantumimportitaja4ltda.com.br"
"Sócio-Diretor Titular","Master Trade Import Navegantes 4 Ltda.","","sócio-diretor.titular@mastertradeimportnavegantes4ltda.com.br"
"Sócio-Diretor Titular","InterImport Joinville 5 Ltda.","","sócio-diretor.titular@interimportjoinville5ltda.com.br"
"Sócio-Diretor Titular","Global Tech Import Florianópolis 5 Ltda.","","sócio-diretor.titular@globaltechimportflorianpolis5ltda.com.br"
"Sócio-Diretor Titular","Alfa Importadora São Paulo 5 Ltda.","","sócio-diretor.titular@alfaimportadorasopaulo5ltda.com.br"
"Sócio-Diretor Titular","Pacific Trading Barueri 5 Ltda.","","sócio-diretor.titular@pacifictradingbarueri5ltda.com.br"
"Sócio-Diretor Titular","Sul América Import Santos 5 Ltda.","","sócio-diretor.titular@sulamricaimportsantos5ltda.com.br"
"Sócio-Diretor Titular","Mega Comex Campinas 5 Ltda.","","sócio-diretor.titular@megacomexcampinas5ltda.com.br"
"Sócio-Diretor Titular","Direct Import São José dos Campos 5 Ltda.","","sócio-diretor.titular@directimportsojosdoscampos5ltda.com.br"
"Sócio-Diretor Titular","Omni Trade Curitiba 5 Ltda.","","sócio-diretor.titular@omnitradecuritiba5ltda.com.br"
"Sócio-Diretor Titular","Vector Importadora São José dos Pinhais 5 Ltda.","","sócio-diretor.titular@vectorimportadorasojosdospinhais5ltda.com.br"
"Sócio-Diretor Titular","Titan Comex Paranaguá 5 Ltda.","","sócio-diretor.titular@titancomexparanagu5ltda.com.br"
"Sócio-Diretor Titular","Lumina Import Vitória 5 Ltda.","","sócio-diretor.titular@luminaimportvitria5ltda.com.br"
"Sócio-Diretor Titular","Boreal Importadora Vila Velha 5 Ltda.","","sócio-diretor.titular@borealimportadoravilavelha5ltda.com.br"
"Sócio-Diretor Titular","Delta Trading Serra 5 Ltda.","","sócio-diretor.titular@deltatradingserra5ltda.com.br"
"Sócio-Diretor Titular","Nexus Comércio Exterior Porto Alegre 5 Ltda.","","sócio-diretor.titular@nexuscomrcioexteriorportoalegre5ltda.com.br"
"Sócio-Diretor Titular","EuroBrasil Import Novo Hamburgo 5 Ltda.","","sócio-diretor.titular@eurobrasilimportnovohamburgo5ltda.com.br"
"Sócio-Diretor Titular","AsiaPacific Trade Caxias do Sul 5 Ltda.","","sócio-diretor.titular@asiapacifictradecaxiasdosul5ltda.com.br"
"Sócio-Diretor Titular","Vision Importadora Belo Horizonte 5 Ltda.","","sócio-diretor.titular@visionimportadorabelohorizonte5ltda.com.br"
"Sócio-Diretor Titular","Zenith Comex Contagem 5 Ltda.","","sócio-diretor.titular@zenithcomexcontagem5ltda.com.br"
"Sócio-Diretor Titular","Quantum Import Pouso Alegre 5 Ltda.","","sócio-diretor.titular@quantumimportpousoalegre5ltda.com.br"
"Sócio-Diretor Titular","Master Trade Import Anápolis 5 Ltda.","","sócio-diretor.titular@mastertradeimportanpolis5ltda.com.br"
"Sócio-Diretor Titular","InterImport Aparecida de Goiânia 6 Ltda.","","sócio-diretor.titular@interimportaparecidadegoinia6ltda.com.br"
"Sócio-Diretor Titular","Global Tech Import Salvador 6 Ltda.","","sócio-diretor.titular@globaltechimportsalvador6ltda.com.br"
"Sócio-Diretor Titular","Alfa Importadora Camaçari 6 Ltda.","","sócio-diretor.titular@alfaimportadoracamaari6ltda.com.br"
"Sócio-Diretor Titular","Pacific Trading Manaus 6 Ltda.","","sócio-diretor.titular@pacifictradingmanaus6ltda.com.br"
"Sócio-Diretor Titular","Sul América Import Itajaí 6 Ltda.","","sócio-diretor.titular@sulamricaimportitaja6ltda.com.br"
"Sócio-Diretor Titular","Mega Comex Navegantes 6 Ltda.","","sócio-diretor.titular@megacomexnavegantes6ltda.com.br"
"Sócio-Diretor Titular","Direct Import Joinville 6 Ltda.","","sócio-diretor.titular@directimportjoinville6ltda.com.br"
"Sócio-Diretor Titular","Omni Trade Florianópolis 6 Ltda.","","sócio-diretor.titular@omnitradeflorianpolis6ltda.com.br"
"Sócio-Diretor Titular","Vector Importadora São Paulo 6 Ltda.","","sócio-diretor.titular@vectorimportadorasopaulo6ltda.com.br"
"Sócio-Diretor Titular","Titan Comex Barueri 6 Ltda.","","sócio-diretor.titular@titancomexbarueri6ltda.com.br"
"Sócio-Diretor Titular","Lumina Import Santos 6 Ltda.","","sócio-diretor.titular@luminaimportsantos6ltda.com.br"
"Sócio-Diretor Titular","Boreal Importadora Campinas 6 Ltda.","","sócio-diretor.titular@borealimportadoracampinas6ltda.com.br"
"Sócio-Diretor Titular","Delta Trading São José dos Campos 6 Ltda.","","sócio-diretor.titular@deltatradingsojosdoscampos6ltda.com.br"
"Sócio-Diretor Titular","Nexus Comércio Exterior Curitiba 6 Ltda.","","sócio-diretor.titular@nexuscomrcioexteriorcuritiba6ltda.com.br"
"Sócio-Diretor Titular","EuroBrasil Import São José dos Pinhais 6 Ltda.","","sócio-diretor.titular@eurobrasilimportsojosdospinhais6ltda.com.br"
"Sócio-Diretor Titular","AsiaPacific Trade Paranaguá 6 Ltda.","","sócio-diretor.titular@asiapacifictradeparanagu6ltda.com.br"
"Sócio-Diretor Titular","Vision Importadora Vitória 6 Ltda.","","sócio-diretor.titular@visionimportadoravitria6ltda.com.br"
"Sócio-Diretor Titular","Zenith Comex Vila Velha 6 Ltda.","","sócio-diretor.titular@zenithcomexvilavelha6ltda.com.br"
"Sócio-Diretor Titular","Quantum Import Serra 6 Ltda.","","sócio-diretor.titular@quantumimportserra6ltda.com.br"
"Sócio-Diretor Titular","Master Trade Import Porto Alegre 6 Ltda.","","sócio-diretor.titular@mastertradeimportportoalegre6ltda.com.br"
"Sócio-Diretor Titular","InterImport Novo Hamburgo 7 Ltda.","","sócio-diretor.titular@interimportnovohamburgo7ltda.com.br"
"Sócio-Diretor Titular","Global Tech Import Caxias do Sul 7 Ltda.","","sócio-diretor.titular@globaltechimportcaxiasdosul7ltda.com.br"
"Sócio-Diretor Titular","Alfa Importadora Belo Horizonte 7 Ltda.","","sócio-diretor.titular@alfaimportadorabelohorizonte7ltda.com.br"
"Sócio-Diretor Titular","Pacific Trading Contagem 7 Ltda.","","sócio-diretor.titular@pacifictradingcontagem7ltda.com.br"
"Sócio-Diretor Titular","Sul América Import Pouso Alegre 7 Ltda.","","sócio-diretor.titular@sulamricaimportpousoalegre7ltda.com.br"
"Sócio-Diretor Titular","Mega Comex Anápolis 7 Ltda.","","sócio-diretor.titular@megacomexanpolis7ltda.com.br"
"Sócio-Diretor Titular","Direct Import Aparecida de Goiânia 7 Ltda.","","sócio-diretor.titular@directimportaparecidadegoinia7ltda.com.br"
"Sócio-Diretor Titular","Omni Trade Salvador 7 Ltda.","","sócio-diretor.titular@omnitradesalvador7ltda.com.br"
"Sócio-Diretor Titular","Vector Importadora Camaçari 7 Ltda.","","sócio-diretor.titular@vectorimportadoracamaari7ltda.com.br"
"Sócio-Diretor Titular","Titan Comex Manaus 7 Ltda.","","sócio-diretor.titular@titancomexmanaus7ltda.com.br"
"Sócio-Diretor Titular","Lumina Import Itajaí 7 Ltda.","","sócio-diretor.titular@luminaimportitaja7ltda.com.br"
"Sócio-Diretor Titular","Boreal Importadora Navegantes 7 Ltda.","","sócio-diretor.titular@borealimportadoranavegantes7ltda.com.br"
"Sócio-Diretor Titular","Delta Trading Joinville 7 Ltda.","","sócio-diretor.titular@deltatradingjoinville7ltda.com.br"
"Sócio-Diretor Titular","Nexus Comércio Exterior Florianópolis 7 Ltda.","","sócio-diretor.titular@nexuscomrcioexteriorflorianpolis7ltda.com.br"
"Sócio-Diretor Titular","EuroBrasil Import São Paulo 7 Ltda.","","sócio-diretor.titular@eurobrasilimportsopaulo7ltda.com.br"
"Sócio-Diretor Titular","AsiaPacific Trade Barueri 7 Ltda.","","sócio-diretor.titular@asiapacifictradebarueri7ltda.com.br"
"Sócio-Diretor Titular","Vision Importadora Santos 7 Ltda.","","sócio-diretor.titular@visionimportadorasantos7ltda.com.br"
"Sócio-Diretor Titular","Zenith Comex Campinas 7 Ltda.","","sócio-diretor.titular@zenithcomexcampinas7ltda.com.br"
"Sócio-Diretor Titular","Quantum Import São José dos Campos 7 Ltda.","","sócio-diretor.titular@quantumimportsojosdoscampos7ltda.com.br"
"Sócio-Diretor Titular","Master Trade Import Curitiba 7 Ltda.","","sócio-diretor.titular@mastertradeimportcuritiba7ltda.com.br"
"Sócio-Diretor Titular","InterImport São José dos Pinhais 8 Ltda.","","sócio-diretor.titular@interimportsojosdospinhais8ltda.com.br"
"Sócio-Diretor Titular","Global Tech Import Paranaguá 8 Ltda.","","sócio-diretor.titular@globaltechimportparanagu8ltda.com.br"
"Sócio-Diretor Titular","Alfa Importadora Vitória 8 Ltda.","","sócio-diretor.titular@alfaimportadoravitria8ltda.com.br"
"Sócio-Diretor Titular","Pacific Trading Vila Velha 8 Ltda.","","sócio-diretor.titular@pacifictradingvilavelha8ltda.com.br"
"Sócio-Diretor Titular","Sul América Import Serra 8 Ltda.","","sócio-diretor.titular@sulamricaimportserra8ltda.com.br"
"Sócio-Diretor Titular","Mega Comex Porto Alegre 8 Ltda.","","sócio-diretor.titular@megacomexportoalegre8ltda.com.br"
"Sócio-Diretor Titular","Direct Import Novo Hamburgo 8 Ltda.","","sócio-diretor.titular@directimportnovohamburgo8ltda.com.br"
"Sócio-Diretor Titular","Omni Trade Caxias do Sul 8 Ltda.","","sócio-diretor.titular@omnitradecaxiasdosul8ltda.com.br"
"Sócio-Diretor Titular","Vector Importadora Belo Horizonte 8 Ltda.","","sócio-diretor.titular@vectorimportadorabelohorizonte8ltda.com.br"
"Sócio-Diretor Titular","Titan Comex Contagem 8 Ltda.","","sócio-diretor.titular@titancomexcontagem8ltda.com.br"
"Sócio-Diretor Titular","Lumina Import Pouso Alegre 8 Ltda.","","sócio-diretor.titular@luminaimportpousoalegre8ltda.com.br"
"Sócio-Diretor Titular","Boreal Importadora Anápolis 8 Ltda.","","sócio-diretor.titular@borealimportadoraanpolis8ltda.com.br"
"Sócio-Diretor Titular","Delta Trading Aparecida de Goiânia 8 Ltda.","","sócio-diretor.titular@deltatradingaparecidadegoinia8ltda.com.br"
"Sócio-Diretor Titular","Nexus Comércio Exterior Salvador 8 Ltda.","","sócio-diretor.titular@nexuscomrcioexteriorsalvador8ltda.com.br"
"Sócio-Diretor Titular","EuroBrasil Import Camaçari 8 Ltda.","","sócio-diretor.titular@eurobrasilimportcamaari8ltda.com.br"
"Sócio-Diretor Titular","AsiaPacific Trade Manaus 8 Ltda.","","sócio-diretor.titular@asiapacifictrademanaus8ltda.com.br"
"Sócio-Diretor Titular","Vision Importadora Itajaí 8 Ltda.","","sócio-diretor.titular@visionimportadoraitaja8ltda.com.br"
"Sócio-Diretor Titular","Zenith Comex Navegantes 8 Ltda.","","sócio-diretor.titular@zenithcomexnavegantes8ltda.com.br"
"Sócio-Diretor Titular","Quantum Import Joinville 8 Ltda.","","sócio-diretor.titular@quantumimportjoinville8ltda.com.br"
"Sócio-Diretor Titular","Master Trade Import Florianópolis 8 Ltda.","","sócio-diretor.titular@mastertradeimportflorianpolis8ltda.com.br"
"Sócio-Diretor Titular","InterImport São Paulo 9 Ltda.","","sócio-diretor.titular@interimportsopaulo9ltda.com.br"
"Sócio-Diretor Titular","Global Tech Import Barueri 9 Ltda.","","sócio-diretor.titular@globaltechimportbarueri9ltda.com.br"
"Sócio-Diretor Titular","Alfa Importadora Santos 9 Ltda.","","sócio-diretor.titular@alfaimportadorasantos9ltda.com.br"
"Sócio-Diretor Titular","Pacific Trading Campinas 9 Ltda.","","sócio-diretor.titular@pacifictradingcampinas9ltda.com.br"
"Sócio-Diretor Titular","Sul América Import São José dos Campos 9 Ltda.","","sócio-diretor.titular@sulamricaimportsojosdoscampos9ltda.com.br"
"Sócio-Diretor Titular","Mega Comex Curitiba 9 Ltda.","","sócio-diretor.titular@megacomexcuritiba9ltda.com.br"
"Sócio-Diretor Titular","Direct Import São José dos Pinhais 9 Ltda.","","sócio-diretor.titular@directimportsojosdospinhais9ltda.com.br"
"Sócio-Diretor Titular","Omni Trade Paranaguá 9 Ltda.","","sócio-diretor.titular@omnitradeparanagu9ltda.com.br"
"Sócio-Diretor Titular","Vector Importadora Vitória 9 Ltda.","","sócio-diretor.titular@vectorimportadoravitria9ltda.com.br"
"Sócio-Diretor Titular","Titan Comex Vila Velha 9 Ltda.","","sócio-diretor.titular@titancomexvilavelha9ltda.com.br"
"Sócio-Diretor Titular","Lumina Import Serra 9 Ltda.","","sócio-diretor.titular@luminaimportserra9ltda.com.br"
"Sócio-Diretor Titular","Boreal Importadora Porto Alegre 9 Ltda.","","sócio-diretor.titular@borealimportadoraportoalegre9ltda.com.br"
"Sócio-Diretor Titular","Delta Trading Novo Hamburgo 9 Ltda.","","sócio-diretor.titular@deltatradingnovohamburgo9ltda.com.br"
"Sócio-Diretor Titular","Nexus Comércio Exterior Caxias do Sul 9 Ltda.","","sócio-diretor.titular@nexuscomrcioexteriorcaxiasdosul9ltda.com.br"
"Sócio-Diretor Titular","EuroBrasil Import Belo Horizonte 9 Ltda.","","sócio-diretor.titular@eurobrasilimportbelohorizonte9ltda.com.br"
"Sócio-Diretor Titular","AsiaPacific Trade Contagem 9 Ltda.","","sócio-diretor.titular@asiapacifictradecontagem9ltda.com.br"
"Sócio-Diretor Titular","Vision Importadora Pouso Alegre 9 Ltda.","","sócio-diretor.titular@visionimportadorapousoalegre9ltda.com.br"
"Sócio-Diretor Titular","Zenith Comex Anápolis 9 Ltda.","","sócio-diretor.titular@zenithcomexanpolis9ltda.com.br"
"Sócio-Diretor Titular","Quantum Import Aparecida de Goiânia 9 Ltda.","","sócio-diretor.titular@quantumimportaparecidadegoinia9ltda.com.br"
"Sócio-Diretor Titular","Master Trade Import Salvador 9 Ltda.","","sócio-diretor.titular@mastertradeimportsalvador9ltda.com.br"
"Sócio-Diretor Titular","InterImport Camaçari 10 Ltda.","","sócio-diretor.titular@interimportcamaari10ltda.com.br"
"Sócio-Diretor Titular","Global Tech Import Manaus 10 Ltda.","","sócio-diretor.titular@globaltechimportmanaus10ltda.com.br"
"Sócio-Diretor Titular","Alfa Importadora Itajaí 10 Ltda.","","sócio-diretor.titular@alfaimportadoraitaja10ltda.com.br"
"Sócio-Diretor Titular","Pacific Trading Navegantes 10 Ltda.","","sócio-diretor.titular@pacifictradingnavegantes10ltda.com.br"
"Sócio-Diretor Titular","Sul América Import Joinville 10 Ltda.","","sócio-diretor.titular@sulamricaimportjoinville10ltda.com.br"
"Sócio-Diretor Titular","Mega Comex Florianópolis 10 Ltda.","","sócio-diretor.titular@megacomexflorianpolis10ltda.com.br"
"Sócio-Diretor Titular","Direct Import São Paulo 10 Ltda.","","sócio-diretor.titular@directimportsopaulo10ltda.com.br"
"Sócio-Diretor Titular","Omni Trade Barueri 10 Ltda.","","sócio-diretor.titular@omnitradebarueri10ltda.com.br"
"Sócio-Diretor Titular","Vector Importadora Santos 10 Ltda.","","sócio-diretor.titular@vectorimportadorasantos10ltda.com.br"
"Sócio-Diretor Titular","Titan Comex Campinas 10 Ltda.","","sócio-diretor.titular@titancomexcampinas10ltda.com.br"
"Sócio-Diretor Titular","Lumina Import São José dos Campos 10 Ltda.","","sócio-diretor.titular@luminaimportsojosdoscampos10ltda.com.br"
"Sócio-Diretor Titular","Boreal Importadora Curitiba 10 Ltda.","","sócio-diretor.titular@borealimportadoracuritiba10ltda.com.br"
"Sócio-Diretor Titular","Delta Trading São José dos Pinhais 10 Ltda.","","sócio-diretor.titular@deltatradingsojosdospinhais10ltda.com.br"
"Sócio-Diretor Titular","Nexus Comércio Exterior Paranaguá 10 Ltda.","","sócio-diretor.titular@nexuscomrcioexteriorparanagu10ltda.com.br"
"Sócio-Diretor Titular","EuroBrasil Import Vitória 10 Ltda.","","sócio-diretor.titular@eurobrasilimportvitria10ltda.com.br"
"Sócio-Diretor Titular","AsiaPacific Trade Vila Velha 10 Ltda.","","sócio-diretor.titular@asiapacifictradevilavelha10ltda.com.br"
"Sócio-Diretor Titular","Vision Importadora Serra 10 Ltda.","","sócio-diretor.titular@visionimportadoraserra10ltda.com.br"
"Sócio-Diretor Titular","Zenith Comex Porto Alegre 10 Ltda.","","sócio-diretor.titular@zenithcomexportoalegre10ltda.com.br"
"Sócio-Diretor Titular","Quantum Import Novo Hamburgo 10 Ltda.","","sócio-diretor.titular@quantumimportnovohamburgo10ltda.com.br"
"Sócio-Diretor Titular","Master Trade Import Caxias do Sul 10 Ltda.","","sócio-diretor.titular@mastertradeimportcaxiasdosul10ltda.com.br"
"Sócio-Diretor Titular","InterImport Belo Horizonte 11 Ltda.","","sócio-diretor.titular@interimportbelohorizonte11ltda.com.br"
"Sócio-Diretor Titular","Global Tech Import Contagem 11 Ltda.","","sócio-diretor.titular@globaltechimportcontagem11ltda.com.br"
"Sócio-Diretor Titular","Alfa Importadora Pouso Alegre 11 Ltda.","","sócio-diretor.titular@alfaimportadorapousoalegre11ltda.com.br"
"Sócio-Diretor Titular","Pacific Trading Anápolis 11 Ltda.","","sócio-diretor.titular@pacifictradinganpolis11ltda.com.br"
"Sócio-Diretor Titular","Sul América Import Aparecida de Goiânia 11 Ltda.","","sócio-diretor.titular@sulamricaimportaparecidadegoinia11ltda.com.br"
"Sócio-Diretor Titular","Mega Comex Salvador 11 Ltda.","","sócio-diretor.titular@megacomexsalvador11ltda.com.br"
"Sócio-Diretor Titular","Direct Import Camaçari 11 Ltda.","","sócio-diretor.titular@directimportcamaari11ltda.com.br"
"Sócio-Diretor Titular","Omni Trade Manaus 11 Ltda.","","sócio-diretor.titular@omnitrademanaus11ltda.com.br"
"Sócio-Diretor Titular","Vector Importadora Itajaí 11 Ltda.","","sócio-diretor.titular@vectorimportadoraitaja11ltda.com.br"
"Sócio-Diretor Titular","Titan Comex Navegantes 11 Ltda.","","sócio-diretor.titular@titancomexnavegantes11ltda.com.br"
"Sócio-Diretor Titular","Lumina Import Joinville 11 Ltda.","","sócio-diretor.titular@luminaimportjoinville11ltda.com.br"
"Sócio-Diretor Titular","Boreal Importadora Florianópolis 11 Ltda.","","sócio-diretor.titular@borealimportadoraflorianpolis11ltda.com.br"
"Sócio-Diretor Titular","Delta Trading São Paulo 11 Ltda.","","sócio-diretor.titular@deltatradingsopaulo11ltda.com.br"
"Sócio-Diretor Titular","Nexus Comércio Exterior Barueri 11 Ltda.","","sócio-diretor.titular@nexuscomrcioexteriorbarueri11ltda.com.br"
"Sócio-Diretor Titular","EuroBrasil Import Santos 11 Ltda.","","sócio-diretor.titular@eurobrasilimportsantos11ltda.com.br"
"Sócio-Diretor Titular","AsiaPacific Trade Campinas 11 Ltda.","","sócio-diretor.titular@asiapacifictradecampinas11ltda.com.br"
"Sócio-Diretor Titular","Vision Importadora São José dos Campos 11 Ltda.","","sócio-diretor.titular@visionimportadorasojosdoscampos11ltda.com.br"
"Sócio-Diretor Titular","Zenith Comex Curitiba 11 Ltda.","","sócio-diretor.titular@zenithcomexcuritiba11ltda.com.br"
"Sócio-Diretor Titular","Quantum Import São José dos Pinhais 11 Ltda.","","sócio-diretor.titular@quantumimportsojosdospinhais11ltda.com.br"
"Sócio-Diretor Titular","Master Trade Import Paranaguá 11 Ltda.","","sócio-diretor.titular@mastertradeimportparanagu11ltda.com.br"
"Sócio-Diretor Titular","InterImport Vitória 12 Ltda.","","sócio-diretor.titular@interimportvitria12ltda.com.br"
"Sócio-Diretor Titular","Global Tech Import Vila Velha 12 Ltda.","","sócio-diretor.titular@globaltechimportvilavelha12ltda.com.br"
"Sócio-Diretor Titular","Alfa Importadora Serra 12 Ltda.","","sócio-diretor.titular@alfaimportadoraserra12ltda.com.br"
"Sócio-Diretor Titular","Pacific Trading Porto Alegre 12 Ltda.","","sócio-diretor.titular@pacifictradingportoalegre12ltda.com.br"
"Sócio-Diretor Titular","Sul América Import Novo Hamburgo 12 Ltda.","","sócio-diretor.titular@sulamricaimportnovohamburgo12ltda.com.br"
"Sócio-Diretor Titular","Mega Comex Caxias do Sul 12 Ltda.","","sócio-diretor.titular@megacomexcaxiasdosul12ltda.com.br"
"Sócio-Diretor Titular","Direct Import Belo Horizonte 12 Ltda.","","sócio-diretor.titular@directimportbelohorizonte12ltda.com.br"
"Sócio-Diretor Titular","Omni Trade Contagem 12 Ltda.","","sócio-diretor.titular@omnitradecontagem12ltda.com.br"
"Sócio-Diretor Titular","Vector Importadora Pouso Alegre 12 Ltda.","","sócio-diretor.titular@vectorimportadorapousoalegre12ltda.com.br"
"Sócio-Diretor Titular","Titan Comex Anápolis 12 Ltda.","","sócio-diretor.titular@titancomexanpolis12ltda.com.br"
"Sócio-Diretor Titular","Lumina Import Aparecida de Goiânia 12 Ltda.","","sócio-diretor.titular@luminaimportaparecidadegoinia12ltda.com.br"
"Sócio-Diretor Titular","Boreal Importadora Salvador 12 Ltda.","","sócio-diretor.titular@borealimportadorasalvador12ltda.com.br"
"Sócio-Diretor Titular","Delta Trading Camaçari 12 Ltda.","","sócio-diretor.titular@deltatradingcamaari12ltda.com.br"
"Sócio-Diretor Titular","Nexus Comércio Exterior Manaus 12 Ltda.","","sócio-diretor.titular@nexuscomrcioexteriormanaus12ltda.com.br"
"Sócio-Diretor Titular","EuroBrasil Import Itajaí 12 Ltda.","","sócio-diretor.titular@eurobrasilimportitaja12ltda.com.br"
"Sócio-Diretor Titular","AsiaPacific Trade Navegantes 12 Ltda.","","sócio-diretor.titular@asiapacifictradenavegantes12ltda.com.br"
"Sócio-Diretor Titular","Vision Importadora Joinville 12 Ltda.","","sócio-diretor.titular@visionimportadorajoinville12ltda.com.br"
"Sócio-Diretor Titular","Zenith Comex Florianópolis 12 Ltda.","","sócio-diretor.titular@zenithcomexflorianpolis12ltda.com.br"
"Sócio-Diretor Titular","Quantum Import São Paulo 12 Ltda.","","sócio-diretor.titular@quantumimportsopaulo12ltda.com.br"
"Sócio-Diretor Titular","Master Trade Import Barueri 12 Ltda.","","sócio-diretor.titular@mastertradeimportbarueri12ltda.com.br"
"Sócio-Diretor Titular","InterImport Santos 13 Ltda.","","sócio-diretor.titular@interimportsantos13ltda.com.br"
"Sócio-Diretor Titular","Global Tech Import Campinas 13 Ltda.","","sócio-diretor.titular@globaltechimportcampinas13ltda.com.br"
"Sócio-Diretor Titular","Alfa Importadora São José dos Campos 13 Ltda.","","sócio-diretor.titular@alfaimportadorasojosdoscampos13ltda.com.br"
"Sócio-Diretor Titular","Pacific Trading Curitiba 13 Ltda.","","sócio-diretor.titular@pacifictradingcuritiba13ltda.com.br"
"Sócio-Diretor Titular","Sul América Import São José dos Pinhais 13 Ltda.","","sócio-diretor.titular@sulamricaimportsojosdospinhais13ltda.com.br"
"Sócio-Diretor Titular","Mega Comex Paranaguá 13 Ltda.","","sócio-diretor.titular@megacomexparanagu13ltda.com.br"
"Sócio-Diretor Titular","Direct Import Vitória 13 Ltda.","","sócio-diretor.titular@directimportvitria13ltda.com.br"
"Sócio-Diretor Titular","Omni Trade Vila Velha 13 Ltda.","","sócio-diretor.titular@omnitradevilavelha13ltda.com.br"
"Sócio-Diretor Titular","Vector Importadora Serra 13 Ltda.","","sócio-diretor.titular@vectorimportadoraserra13ltda.com.br"
"Sócio-Diretor Titular","Titan Comex Porto Alegre 13 Ltda.","","sócio-diretor.titular@titancomexportoalegre13ltda.com.br"
"Sócio-Diretor Titular","Lumina Import Novo Hamburgo 13 Ltda.","","sócio-diretor.titular@luminaimportnovohamburgo13ltda.com.br"
"Sócio-Diretor Titular","Boreal Importadora Caxias do Sul 13 Ltda.","","sócio-diretor.titular@borealimportadoracaxiasdosul13ltda.com.br"
"Sócio-Diretor Titular","Delta Trading Belo Horizonte 13 Ltda.","","sócio-diretor.titular@deltatradingbelohorizonte13ltda.com.br"
"Sócio-Diretor Titular","Nexus Comércio Exterior Contagem 13 Ltda.","","sócio-diretor.titular@nexuscomrcioexteriorcontagem13ltda.com.br"
"Sócio-Diretor Titular","EuroBrasil Import Pouso Alegre 13 Ltda.","","sócio-diretor.titular@eurobrasilimportpousoalegre13ltda.com.br"
"Sócio-Diretor Titular","AsiaPacific Trade Anápolis 13 Ltda.","","sócio-diretor.titular@asiapacifictradeanpolis13ltda.com.br"
"Sócio-Diretor Titular","Vision Importadora Aparecida de Goiânia 13 Ltda.","","sócio-diretor.titular@visionimportadoraaparecidadegoinia13ltda.com.br"
"Sócio-Diretor Titular","Zenith Comex Salvador 13 Ltda.","","sócio-diretor.titular@zenithcomexsalvador13ltda.com.br"
"Sócio-Diretor Titular","Quantum Import Camaçari 13 Ltda.","","sócio-diretor.titular@quantumimportcamaari13ltda.com.br"
"Sócio-Diretor Titular","Master Trade Import Manaus 13 Ltda.","","sócio-diretor.titular@mastertradeimportmanaus13ltda.com.br"
"Sócio-Diretor Titular","InterImport Itajaí 14 Ltda.","","sócio-diretor.titular@interimportitaja14ltda.com.br"
"Sócio-Diretor Titular","Global Tech Import Navegantes 14 Ltda.","","sócio-diretor.titular@globaltechimportnavegantes14ltda.com.br"
"Sócio-Diretor Titular","Alfa Importadora Joinville 14 Ltda.","","sócio-diretor.titular@alfaimportadorajoinville14ltda.com.br"
"Sócio-Diretor Titular","Pacific Trading Florianópolis 14 Ltda.","","sócio-diretor.titular@pacifictradingflorianpolis14ltda.com.br"
"Sócio-Diretor Titular","Sul América Import São Paulo 14 Ltda.","","sócio-diretor.titular@sulamricaimportsopaulo14ltda.com.br"
"Sócio-Diretor Titular","Mega Comex Barueri 14 Ltda.","","sócio-diretor.titular@megacomexbarueri14ltda.com.br"
"Sócio-Diretor Titular","Direct Import Santos 14 Ltda.","","sócio-diretor.titular@directimportsantos14ltda.com.br"
"Sócio-Diretor Titular","Omni Trade Campinas 14 Ltda.","","sócio-diretor.titular@omnitradecampinas14ltda.com.br"
"Sócio-Diretor Titular","Vector Importadora São José dos Campos 14 Ltda.","","sócio-diretor.titular@vectorimportadorasojosdoscampos14ltda.com.br"
"Sócio-Diretor Titular","Titan Comex Curitiba 14 Ltda.","","sócio-diretor.titular@titancomexcuritiba14ltda.com.br"
"Sócio-Diretor Titular","Lumina Import São José dos Pinhais 14 Ltda.","","sócio-diretor.titular@luminaimportsojosdospinhais14ltda.com.br"
"Sócio-Diretor Titular","Boreal Importadora Paranaguá 14 Ltda.","","sócio-diretor.titular@borealimportadoraparanagu14ltda.com.br"
"Sócio-Diretor Titular","Delta Trading Vitória 14 Ltda.","","sócio-diretor.titular@deltatradingvitria14ltda.com.br"
"Sócio-Diretor Titular","Nexus Comércio Exterior Vila Velha 14 Ltda.","","sócio-diretor.titular@nexuscomrcioexteriorvilavelha14ltda.com.br"
"Sócio-Diretor Titular","EuroBrasil Import Serra 14 Ltda.","","sócio-diretor.titular@eurobrasilimportserra14ltda.com.br"
"Sócio-Diretor Titular","AsiaPacific Trade Porto Alegre 14 Ltda.","","sócio-diretor.titular@asiapacifictradeportoalegre14ltda.com.br"
"Sócio-Diretor Titular","Vision Importadora Novo Hamburgo 14 Ltda.","","sócio-diretor.titular@visionimportadoranovohamburgo14ltda.com.br"
"Sócio-Diretor Titular","Zenith Comex Caxias do Sul 14 Ltda.","","sócio-diretor.titular@zenithcomexcaxiasdosul14ltda.com.br"
"Sócio-Diretor Titular","Quantum Import Belo Horizonte 14 Ltda.","","sócio-diretor.titular@quantumimportbelohorizonte14ltda.com.br"
"Sócio-Diretor Titular","Master Trade Import Contagem 14 Ltda.","","sócio-diretor.titular@mastertradeimportcontagem14ltda.com.br"
"Sócio-Diretor Titular","InterImport Pouso Alegre 15 Ltda.","","sócio-diretor.titular@interimportpousoalegre15ltda.com.br"
"Sócio-Diretor Titular","Global Tech Import Anápolis 15 Ltda.","","sócio-diretor.titular@globaltechimportanpolis15ltda.com.br"
"Sócio-Diretor Titular","Alfa Importadora Aparecida de Goiânia 15 Ltda.","","sócio-diretor.titular@alfaimportadoraaparecidadegoinia15ltda.com.br"
"Sócio-Diretor Titular","Pacific Trading Salvador 15 Ltda.","","sócio-diretor.titular@pacifictradingsalvador15ltda.com.br"
"Sócio-Diretor Titular","Sul América Import Camaçari 15 Ltda.","","sócio-diretor.titular@sulamricaimportcamaari15ltda.com.br"
"Sócio-Diretor Titular","Mega Comex Manaus 15 Ltda.","","sócio-diretor.titular@megacomexmanaus15ltda.com.br"
"Sócio-Diretor Titular","Direct Import Itajaí 15 Ltda.","","sócio-diretor.titular@directimportitaja15ltda.com.br"
"Sócio-Diretor Titular","Omni Trade Navegantes 15 Ltda.","","sócio-diretor.titular@omnitradenavegantes15ltda.com.br"
"Sócio-Diretor Titular","Vector Importadora Joinville 15 Ltda.","","sócio-diretor.titular@vectorimportadorajoinville15ltda.com.br"
"Sócio-Diretor Titular","Titan Comex Florianópolis 15 Ltda.","","sócio-diretor.titular@titancomexflorianpolis15ltda.com.br"
"Sócio-Diretor Titular","Lumina Import São Paulo 15 Ltda.","","sócio-diretor.titular@luminaimportsopaulo15ltda.com.br"
"Sócio-Diretor Titular","Boreal Importadora Barueri 15 Ltda.","","sócio-diretor.titular@borealimportadorabarueri15ltda.com.br"
"Sócio-Diretor Titular","Delta Trading Santos 15 Ltda.","","sócio-diretor.titular@deltatradingsantos15ltda.com.br"
"Sócio-Diretor Titular","Nexus Comércio Exterior Campinas 15 Ltda.","","sócio-diretor.titular@nexuscomrcioexteriorcampinas15ltda.com.br"
"Sócio-Diretor Titular","EuroBrasil Import São José dos Campos 15 Ltda.","","sócio-diretor.titular@eurobrasilimportsojosdoscampos15ltda.com.br"
"Sócio-Diretor Titular","AsiaPacific Trade Curitiba 15 Ltda.","","sócio-diretor.titular@asiapacifictradecuritiba15ltda.com.br"
"Sócio-Diretor Titular","Vision Importadora São José dos Pinhais 15 Ltda.","","sócio-diretor.titular@visionimportadorasojosdospinhais15ltda.com.br"
"Sócio-Diretor Titular","Zenith Comex Paranaguá 15 Ltda.","","sócio-diretor.titular@zenithcomexparanagu15ltda.com.br"
"Sócio-Diretor Titular","Quantum Import Vitória 15 Ltda.","","sócio-diretor.titular@quantumimportvitria15ltda.com.br"
"Sócio-Diretor Titular","Master Trade Import Vila Velha 15 Ltda.","","sócio-diretor.titular@mastertradeimportvilavelha15ltda.com.br"
"Sócio-Diretor Titular","Metalúrgica Joinville 1 S/A","","sócio-diretor.titular@metalrgicajoinville1sa.com.br"
"Sócio-Diretor Titular","Indústria Mecânica Piracicaba 1 S/A","","sócio-diretor.titular@indstriamecnicapiracicaba1sa.com.br"
"Sócio-Diretor Titular","Fábrica Nacional de Sertãozinho 1 S/A","","sócio-diretor.titular@fbricanacionaldesertozinho1sa.com.br"
"Sócio-Diretor Titular","Indústria Química Jundiaí 1 S/A","","sócio-diretor.titular@indstriaqumicajundia1sa.com.br"
"Sócio-Diretor Titular","Plásticos Industriais Sorocaba 1 S/A","","sócio-diretor.titular@plsticosindustriaissorocaba1sa.com.br"
"Sócio-Diretor Titular","Alimentos Nobres São Bernardo do Campo 1 S/A","","sócio-diretor.titular@alimentosnobressobernardodocampo1sa.com.br"
"Sócio-Diretor Titular","TecnoIndústria Campinas 1 S/A","","sócio-diretor.titular@tecnoindstriacampinas1sa.com.br"
"Sócio-Diretor Titular","Usinagem de Precisão Limeira 1 S/A","","sócio-diretor.titular@usinagemdeprecisolimeira1sa.com.br"
"Sócio-Diretor Titular","Companhia Industrial Franca 1 S/A","","sócio-diretor.titular@companhiaindustrialfranca1sa.com.br"
"Sócio-Diretor Titular","Artefatos Industriais Joinville 1 S/A","","sócio-diretor.titular@artefatosindustriaisjoinville1sa.com.br"
"Sócio-Diretor Titular","Manufatura Brasil Blumenau 1 S/A","","sócio-diretor.titular@manufaturabrasilblumenau1sa.com.br"
"Sócio-Diretor Titular","Indústria Eletromecânica Criciúma 1 S/A","","sócio-diretor.titular@indstriaeletromecnicacricima1sa.com.br"
"Sócio-Diretor Titular","Fábrica Paulista de Jaraguá do Sul 1 S/A","","sócio-diretor.titular@fbricapaulistadejaragudosul1sa.com.br"
"Sócio-Diretor Titular","Indústria Sulina de Brusque 1 S/A","","sócio-diretor.titular@indstriasulinadebrusque1sa.com.br"
"Sócio-Diretor Titular","Indústria e Comércio Caxias do Sul 1 S/A","","sócio-diretor.titular@indstriaecomrciocaxiasdosul1sa.com.br"
"Sócio-Diretor Titular","União Industrial Bento Gonçalves 1 S/A","","sócio-diretor.titular@unioindustrialbentogonalves1sa.com.br"
"Sócio-Diretor Titular","Líder Manufatura São Leopoldo 1 S/A","","sócio-diretor.titular@ldermanufaturasoleopoldo1sa.com.br"
"Sócio-Diretor Titular","Pioneira Industrial Passo Fundo 1 S/A","","sócio-diretor.titular@pioneiraindustrialpassofundo1sa.com.br"
"Sócio-Diretor Titular","Paraná Indústria Curitiba 1 S/A","","sócio-diretor.titular@paranindstriacuritiba1sa.com.br"
"Sócio-Diretor Titular","Vanguard Industrial Maringá 1 S/A","","sócio-diretor.titular@vanguardindustrialmaring1sa.com.br"
"Sócio-Diretor Titular","Metalúrgica Ponta Grossa 2 S/A","","sócio-diretor.titular@metalrgicapontagrossa2sa.com.br"
"Sócio-Diretor Titular","Indústria Mecânica Londrina 2 S/A","","sócio-diretor.titular@indstriamecnicalondrina2sa.com.br"
"Sócio-Diretor Titular","Fábrica Nacional de Toledo 2 S/A","","sócio-diretor.titular@fbricanacionaldetoledo2sa.com.br"
"Sócio-Diretor Titular","Indústria Química Contagem 2 S/A","","sócio-diretor.titular@indstriaqumicacontagem2sa.com.br"
"Sócio-Diretor Titular","Plásticos Industriais Betim 2 S/A","","sócio-diretor.titular@plsticosindustriaisbetim2sa.com.br"
"Sócio-Diretor Titular","Alimentos Nobres Uberlândia 2 S/A","","sócio-diretor.titular@alimentosnobresuberlndia2sa.com.br"
"Sócio-Diretor Titular","TecnoIndústria Pouso Alegre 2 S/A","","sócio-diretor.titular@tecnoindstriapousoalegre2sa.com.br"
"Sócio-Diretor Titular","Usinagem de Precisão Juiz de Fora 2 S/A","","sócio-diretor.titular@usinagemdeprecisojuizdefora2sa.com.br"
"Sócio-Diretor Titular","Companhia Industrial Resende 2 S/A","","sócio-diretor.titular@companhiaindustrialresende2sa.com.br"
"Sócio-Diretor Titular","Artefatos Industriais Duque de Caxias 2 S/A","","sócio-diretor.titular@artefatosindustriaisduquedecaxias2sa.com.br"
"Sócio-Diretor Titular","Manufatura Brasil Anápolis 2 S/A","","sócio-diretor.titular@manufaturabrasilanpolis2sa.com.br"
"Sócio-Diretor Titular","Indústria Eletromecânica Aparecida de Goiânia 2 S/A","","sócio-diretor.titular@indstriaeletromecnicaaparecidadegoinia2sa.com.br"
"Sócio-Diretor Titular","Fábrica Paulista de Joinville 2 S/A","","sócio-diretor.titular@fbricapaulistadejoinville2sa.com.br"
"Sócio-Diretor Titular","Indústria Sulina de Piracicaba 2 S/A","","sócio-diretor.titular@indstriasulinadepiracicaba2sa.com.br"
"Sócio-Diretor Titular","Indústria e Comércio Sertãozinho 2 S/A","","sócio-diretor.titular@indstriaecomrciosertozinho2sa.com.br"
"Sócio-Diretor Titular","União Industrial Jundiaí 2 S/A","","sócio-diretor.titular@unioindustrialjundia2sa.com.br"
"Sócio-Diretor Titular","Líder Manufatura Sorocaba 2 S/A","","sócio-diretor.titular@ldermanufaturasorocaba2sa.com.br"
"Sócio-Diretor Titular","Pioneira Industrial São Bernardo do Campo 2 S/A","","sócio-diretor.titular@pioneiraindustrialsobernardodocampo2sa.com.br"
"Sócio-Diretor Titular","Paraná Indústria Campinas 2 S/A","","sócio-diretor.titular@paranindstriacampinas2sa.com.br"
"Sócio-Diretor Titular","Vanguard Industrial Limeira 2 S/A","","sócio-diretor.titular@vanguardindustriallimeira2sa.com.br"
"Sócio-Diretor Titular","Metalúrgica Franca 3 S/A","","sócio-diretor.titular@metalrgicafranca3sa.com.br"
"Sócio-Diretor Titular","Indústria Mecânica Joinville 3 S/A","","sócio-diretor.titular@indstriamecnicajoinville3sa.com.br"
"Sócio-Diretor Titular","Fábrica Nacional de Blumenau 3 S/A","","sócio-diretor.titular@fbricanacionaldeblumenau3sa.com.br"
"Sócio-Diretor Titular","Indústria Química Criciúma 3 S/A","","sócio-diretor.titular@indstriaqumicacricima3sa.com.br"
"Sócio-Diretor Titular","Plásticos Industriais Jaraguá do Sul 3 S/A","","sócio-diretor.titular@plsticosindustriaisjaragudosul3sa.com.br"
"Sócio-Diretor Titular","Alimentos Nobres Brusque 3 S/A","","sócio-diretor.titular@alimentosnobresbrusque3sa.com.br"
"Sócio-Diretor Titular","TecnoIndústria Caxias do Sul 3 S/A","","sócio-diretor.titular@tecnoindstriacaxiasdosul3sa.com.br"
"Sócio-Diretor Titular","Usinagem de Precisão Bento Gonçalves 3 S/A","","sócio-diretor.titular@usinagemdeprecisobentogonalves3sa.com.br"
"Sócio-Diretor Titular","Companhia Industrial São Leopoldo 3 S/A","","sócio-diretor.titular@companhiaindustrialsoleopoldo3sa.com.br"
"Sócio-Diretor Titular","Artefatos Industriais Passo Fundo 3 S/A","","sócio-diretor.titular@artefatosindustriaispassofundo3sa.com.br"
"Sócio-Diretor Titular","Manufatura Brasil Curitiba 3 S/A","","sócio-diretor.titular@manufaturabrasilcuritiba3sa.com.br"
"Sócio-Diretor Titular","Indústria Eletromecânica Maringá 3 S/A","","sócio-diretor.titular@indstriaeletromecnicamaring3sa.com.br"
"Sócio-Diretor Titular","Fábrica Paulista de Ponta Grossa 3 S/A","","sócio-diretor.titular@fbricapaulistadepontagrossa3sa.com.br"
"Sócio-Diretor Titular","Indústria Sulina de Londrina 3 S/A","","sócio-diretor.titular@indstriasulinadelondrina3sa.com.br"
"Sócio-Diretor Titular","Indústria e Comércio Toledo 3 S/A","","sócio-diretor.titular@indstriaecomrciotoledo3sa.com.br"
"Sócio-Diretor Titular","União Industrial Contagem 3 S/A","","sócio-diretor.titular@unioindustrialcontagem3sa.com.br"
"Sócio-Diretor Titular","Líder Manufatura Betim 3 S/A","","sócio-diretor.titular@ldermanufaturabetim3sa.com.br"
"Sócio-Diretor Titular","Pioneira Industrial Uberlândia 3 S/A","","sócio-diretor.titular@pioneiraindustrialuberlndia3sa.com.br"
"Sócio-Diretor Titular","Paraná Indústria Pouso Alegre 3 S/A","","sócio-diretor.titular@paranindstriapousoalegre3sa.com.br"
"Sócio-Diretor Titular","Vanguard Industrial Juiz de Fora 3 S/A","","sócio-diretor.titular@vanguardindustrialjuizdefora3sa.com.br"
"Sócio-Diretor Titular","Metalúrgica Resende 4 S/A","","sócio-diretor.titular@metalrgicaresende4sa.com.br"
"Sócio-Diretor Titular","Indústria Mecânica Duque de Caxias 4 S/A","","sócio-diretor.titular@indstriamecnicaduquedecaxias4sa.com.br"
"Sócio-Diretor Titular","Fábrica Nacional de Anápolis 4 S/A","","sócio-diretor.titular@fbricanacionaldeanpolis4sa.com.br"
"Sócio-Diretor Titular","Indústria Química Aparecida de Goiânia 4 S/A","","sócio-diretor.titular@indstriaqumicaaparecidadegoinia4sa.com.br"
"Sócio-Diretor Titular","Plásticos Industriais Joinville 4 S/A","","sócio-diretor.titular@plsticosindustriaisjoinville4sa.com.br"
"Sócio-Diretor Titular","Alimentos Nobres Piracicaba 4 S/A","","sócio-diretor.titular@alimentosnobrespiracicaba4sa.com.br"
"Sócio-Diretor Titular","TecnoIndústria Sertãozinho 4 S/A","","sócio-diretor.titular@tecnoindstriasertozinho4sa.com.br"
"Sócio-Diretor Titular","Usinagem de Precisão Jundiaí 4 S/A","","sócio-diretor.titular@usinagemdeprecisojundia4sa.com.br"
"Sócio-Diretor Titular","Companhia Industrial Sorocaba 4 S/A","","sócio-diretor.titular@companhiaindustrialsorocaba4sa.com.br"
"Sócio-Diretor Titular","Artefatos Industriais São Bernardo do Campo 4 S/A","","sócio-diretor.titular@artefatosindustriaissobernardodocampo4sa.com.br"
"Sócio-Diretor Titular","Manufatura Brasil Campinas 4 S/A","","sócio-diretor.titular@manufaturabrasilcampinas4sa.com.br"
"Sócio-Diretor Titular","Indústria Eletromecânica Limeira 4 S/A","","sócio-diretor.titular@indstriaeletromecnicalimeira4sa.com.br"
"Sócio-Diretor Titular","Fábrica Paulista de Franca 4 S/A","","sócio-diretor.titular@fbricapaulistadefranca4sa.com.br"
"Sócio-Diretor Titular","Indústria Sulina de Joinville 4 S/A","","sócio-diretor.titular@indstriasulinadejoinville4sa.com.br"
"Sócio-Diretor Titular","Indústria e Comércio Blumenau 4 S/A","","sócio-diretor.titular@indstriaecomrcioblumenau4sa.com.br"
"Sócio-Diretor Titular","União Industrial Criciúma 4 S/A","","sócio-diretor.titular@unioindustrialcricima4sa.com.br"
"Sócio-Diretor Titular","Líder Manufatura Jaraguá do Sul 4 S/A","","sócio-diretor.titular@ldermanufaturajaragudosul4sa.com.br"
"Sócio-Diretor Titular","Pioneira Industrial Brusque 4 S/A","","sócio-diretor.titular@pioneiraindustrialbrusque4sa.com.br"
"Sócio-Diretor Titular","Paraná Indústria Caxias do Sul 4 S/A","","sócio-diretor.titular@paranindstriacaxiasdosul4sa.com.br"
"Sócio-Diretor Titular","Vanguard Industrial Bento Gonçalves 4 S/A","","sócio-diretor.titular@vanguardindustrialbentogonalves4sa.com.br"
"Sócio-Diretor Titular","Metalúrgica São Leopoldo 5 S/A","","sócio-diretor.titular@metalrgicasoleopoldo5sa.com.br"
"Sócio-Diretor Titular","Indústria Mecânica Passo Fundo 5 S/A","","sócio-diretor.titular@indstriamecnicapassofundo5sa.com.br"
"Sócio-Diretor Titular","Fábrica Nacional de Curitiba 5 S/A","","sócio-diretor.titular@fbricanacionaldecuritiba5sa.com.br"
"Sócio-Diretor Titular","Indústria Química Maringá 5 S/A","","sócio-diretor.titular@indstriaqumicamaring5sa.com.br"
"Sócio-Diretor Titular","Plásticos Industriais Ponta Grossa 5 S/A","","sócio-diretor.titular@plsticosindustriaispontagrossa5sa.com.br"
"Sócio-Diretor Titular","Alimentos Nobres Londrina 5 S/A","","sócio-diretor.titular@alimentosnobreslondrina5sa.com.br"
"Sócio-Diretor Titular","TecnoIndústria Toledo 5 S/A","","sócio-diretor.titular@tecnoindstriatoledo5sa.com.br"
"Sócio-Diretor Titular","Usinagem de Precisão Contagem 5 S/A","","sócio-diretor.titular@usinagemdeprecisocontagem5sa.com.br"
"Sócio-Diretor Titular","Companhia Industrial Betim 5 S/A","","sócio-diretor.titular@companhiaindustrialbetim5sa.com.br"
"Sócio-Diretor Titular","Artefatos Industriais Uberlândia 5 S/A","","sócio-diretor.titular@artefatosindustriaisuberlndia5sa.com.br"
"Sócio-Diretor Titular","Manufatura Brasil Pouso Alegre 5 S/A","","sócio-diretor.titular@manufaturabrasilpousoalegre5sa.com.br"
"Sócio-Diretor Titular","Indústria Eletromecânica Juiz de Fora 5 S/A","","sócio-diretor.titular@indstriaeletromecnicajuizdefora5sa.com.br"
"Sócio-Diretor Titular","Fábrica Paulista de Resende 5 S/A","","sócio-diretor.titular@fbricapaulistaderesende5sa.com.br"
"Sócio-Diretor Titular","Indústria Sulina de Duque de Caxias 5 S/A","","sócio-diretor.titular@indstriasulinadeduquedecaxias5sa.com.br"
"Sócio-Diretor Titular","Indústria e Comércio Anápolis 5 S/A","","sócio-diretor.titular@indstriaecomrcioanpolis5sa.com.br"
"Sócio-Diretor Titular","União Industrial Aparecida de Goiânia 5 S/A","","sócio-diretor.titular@unioindustrialaparecidadegoinia5sa.com.br"
"Sócio-Diretor Titular","Líder Manufatura Joinville 5 S/A","","sócio-diretor.titular@ldermanufaturajoinville5sa.com.br"
"Sócio-Diretor Titular","Pioneira Industrial Piracicaba 5 S/A","","sócio-diretor.titular@pioneiraindustrialpiracicaba5sa.com.br"
"Sócio-Diretor Titular","Paraná Indústria Sertãozinho 5 S/A","","sócio-diretor.titular@paranindstriasertozinho5sa.com.br"
"Sócio-Diretor Titular","Vanguard Industrial Jundiaí 5 S/A","","sócio-diretor.titular@vanguardindustrialjundia5sa.com.br"
"Sócio-Diretor Titular","Metalúrgica Sorocaba 6 S/A","","sócio-diretor.titular@metalrgicasorocaba6sa.com.br"
"Sócio-Diretor Titular","Indústria Mecânica São Bernardo do Campo 6 S/A","","sócio-diretor.titular@indstriamecnicasobernardodocampo6sa.com.br"
"Sócio-Diretor Titular","Fábrica Nacional de Campinas 6 S/A","","sócio-diretor.titular@fbricanacionaldecampinas6sa.com.br"
"Sócio-Diretor Titular","Indústria Química Limeira 6 S/A","","sócio-diretor.titular@indstriaqumicalimeira6sa.com.br"
"Sócio-Diretor Titular","Plásticos Industriais Franca 6 S/A","","sócio-diretor.titular@plsticosindustriaisfranca6sa.com.br"
"Sócio-Diretor Titular","Alimentos Nobres Joinville 6 S/A","","sócio-diretor.titular@alimentosnobresjoinville6sa.com.br"
"Sócio-Diretor Titular","TecnoIndústria Blumenau 6 S/A","","sócio-diretor.titular@tecnoindstriablumenau6sa.com.br"
"Sócio-Diretor Titular","Usinagem de Precisão Criciúma 6 S/A","","sócio-diretor.titular@usinagemdeprecisocricima6sa.com.br"
"Sócio-Diretor Titular","Companhia Industrial Jaraguá do Sul 6 S/A","","sócio-diretor.titular@companhiaindustrialjaragudosul6sa.com.br"
"Sócio-Diretor Titular","Artefatos Industriais Brusque 6 S/A","","sócio-diretor.titular@artefatosindustriaisbrusque6sa.com.br"
"Sócio-Diretor Titular","Manufatura Brasil Caxias do Sul 6 S/A","","sócio-diretor.titular@manufaturabrasilcaxiasdosul6sa.com.br"
"Sócio-Diretor Titular","Indústria Eletromecânica Bento Gonçalves 6 S/A","","sócio-diretor.titular@indstriaeletromecnicabentogonalves6sa.com.br"
"Sócio-Diretor Titular","Fábrica Paulista de São Leopoldo 6 S/A","","sócio-diretor.titular@fbricapaulistadesoleopoldo6sa.com.br"
"Sócio-Diretor Titular","Indústria Sulina de Passo Fundo 6 S/A","","sócio-diretor.titular@indstriasulinadepassofundo6sa.com.br"
"Sócio-Diretor Titular","Indústria e Comércio Curitiba 6 S/A","","sócio-diretor.titular@indstriaecomrciocuritiba6sa.com.br"
"Sócio-Diretor Titular","União Industrial Maringá 6 S/A","","sócio-diretor.titular@unioindustrialmaring6sa.com.br"
"Sócio-Diretor Titular","Líder Manufatura Ponta Grossa 6 S/A","","sócio-diretor.titular@ldermanufaturapontagrossa6sa.com.br"
"Sócio-Diretor Titular","Pioneira Industrial Londrina 6 S/A","","sócio-diretor.titular@pioneiraindustriallondrina6sa.com.br"
"Sócio-Diretor Titular","Paraná Indústria Toledo 6 S/A","","sócio-diretor.titular@paranindstriatoledo6sa.com.br"
"Sócio-Diretor Titular","Vanguard Industrial Contagem 6 S/A","","sócio-diretor.titular@vanguardindustrialcontagem6sa.com.br"
"Sócio-Diretor Titular","Metalúrgica Betim 7 S/A","","sócio-diretor.titular@metalrgicabetim7sa.com.br"
"Sócio-Diretor Titular","Indústria Mecânica Uberlândia 7 S/A","","sócio-diretor.titular@indstriamecnicauberlndia7sa.com.br"
"Sócio-Diretor Titular","Fábrica Nacional de Pouso Alegre 7 S/A","","sócio-diretor.titular@fbricanacionaldepousoalegre7sa.com.br"
"Sócio-Diretor Titular","Indústria Química Juiz de Fora 7 S/A","","sócio-diretor.titular@indstriaqumicajuizdefora7sa.com.br"
"Sócio-Diretor Titular","Plásticos Industriais Resende 7 S/A","","sócio-diretor.titular@plsticosindustriaisresende7sa.com.br"
"Sócio-Diretor Titular","Alimentos Nobres Duque de Caxias 7 S/A","","sócio-diretor.titular@alimentosnobresduquedecaxias7sa.com.br"
"Sócio-Diretor Titular","TecnoIndústria Anápolis 7 S/A","","sócio-diretor.titular@tecnoindstriaanpolis7sa.com.br"
"Sócio-Diretor Titular","Usinagem de Precisão Aparecida de Goiânia 7 S/A","","sócio-diretor.titular@usinagemdeprecisoaparecidadegoinia7sa.com.br"
"Sócio-Diretor Titular","Companhia Industrial Joinville 7 S/A","","sócio-diretor.titular@companhiaindustrialjoinville7sa.com.br"
"Sócio-Diretor Titular","Artefatos Industriais Piracicaba 7 S/A","","sócio-diretor.titular@artefatosindustriaispiracicaba7sa.com.br"
"Sócio-Diretor Titular","Manufatura Brasil Sertãozinho 7 S/A","","sócio-diretor.titular@manufaturabrasilsertozinho7sa.com.br"
"Sócio-Diretor Titular","Indústria Eletromecânica Jundiaí 7 S/A","","sócio-diretor.titular@indstriaeletromecnicajundia7sa.com.br"
"Sócio-Diretor Titular","Fábrica Paulista de Sorocaba 7 S/A","","sócio-diretor.titular@fbricapaulistadesorocaba7sa.com.br"
"Sócio-Diretor Titular","Indústria Sulina de São Bernardo do Campo 7 S/A","","sócio-diretor.titular@indstriasulinadesobernardodocampo7sa.com.br"
"Sócio-Diretor Titular","Indústria e Comércio Campinas 7 S/A","","sócio-diretor.titular@indstriaecomrciocampinas7sa.com.br"
"Sócio-Diretor Titular","União Industrial Limeira 7 S/A","","sócio-diretor.titular@unioindustriallimeira7sa.com.br"
"Sócio-Diretor Titular","Líder Manufatura Franca 7 S/A","","sócio-diretor.titular@ldermanufaturafranca7sa.com.br"
"Sócio-Diretor Titular","Pioneira Industrial Joinville 7 S/A","","sócio-diretor.titular@pioneiraindustrialjoinville7sa.com.br"
"Sócio-Diretor Titular","Paraná Indústria Blumenau 7 S/A","","sócio-diretor.titular@paranindstriablumenau7sa.com.br"
"Sócio-Diretor Titular","Vanguard Industrial Criciúma 7 S/A","","sócio-diretor.titular@vanguardindustrialcricima7sa.com.br"
"Sócio-Diretor Titular","Metalúrgica Jaraguá do Sul 8 S/A","","sócio-diretor.titular@metalrgicajaragudosul8sa.com.br"
"Sócio-Diretor Titular","Indústria Mecânica Brusque 8 S/A","","sócio-diretor.titular@indstriamecnicabrusque8sa.com.br"
"Sócio-Diretor Titular","Fábrica Nacional de Caxias do Sul 8 S/A","","sócio-diretor.titular@fbricanacionaldecaxiasdosul8sa.com.br"
"Sócio-Diretor Titular","Indústria Química Bento Gonçalves 8 S/A","","sócio-diretor.titular@indstriaqumicabentogonalves8sa.com.br"
"Sócio-Diretor Titular","Plásticos Industriais São Leopoldo 8 S/A","","sócio-diretor.titular@plsticosindustriaissoleopoldo8sa.com.br"
"Sócio-Diretor Titular","Alimentos Nobres Passo Fundo 8 S/A","","sócio-diretor.titular@alimentosnobrespassofundo8sa.com.br"
"Sócio-Diretor Titular","TecnoIndústria Curitiba 8 S/A","","sócio-diretor.titular@tecnoindstriacuritiba8sa.com.br"
"Sócio-Diretor Titular","Usinagem de Precisão Maringá 8 S/A","","sócio-diretor.titular@usinagemdeprecisomaring8sa.com.br"
"Sócio-Diretor Titular","Companhia Industrial Ponta Grossa 8 S/A","","sócio-diretor.titular@companhiaindustrialpontagrossa8sa.com.br"
"Sócio-Diretor Titular","Artefatos Industriais Londrina 8 S/A","","sócio-diretor.titular@artefatosindustriaislondrina8sa.com.br"
"Sócio-Diretor Titular","Manufatura Brasil Toledo 8 S/A","","sócio-diretor.titular@manufaturabrasiltoledo8sa.com.br"
"Sócio-Diretor Titular","Indústria Eletromecânica Contagem 8 S/A","","sócio-diretor.titular@indstriaeletromecnicacontagem8sa.com.br"
"Sócio-Diretor Titular","Fábrica Paulista de Betim 8 S/A","","sócio-diretor.titular@fbricapaulistadebetim8sa.com.br"
"Sócio-Diretor Titular","Indústria Sulina de Uberlândia 8 S/A","","sócio-diretor.titular@indstriasulinadeuberlndia8sa.com.br"
"Sócio-Diretor Titular","Indústria e Comércio Pouso Alegre 8 S/A","","sócio-diretor.titular@indstriaecomrciopousoalegre8sa.com.br"
"Sócio-Diretor Titular","União Industrial Juiz de Fora 8 S/A","","sócio-diretor.titular@unioindustrialjuizdefora8sa.com.br"
"Sócio-Diretor Titular","Líder Manufatura Resende 8 S/A","","sócio-diretor.titular@ldermanufaturaresende8sa.com.br"
"Sócio-Diretor Titular","Pioneira Industrial Duque de Caxias 8 S/A","","sócio-diretor.titular@pioneiraindustrialduquedecaxias8sa.com.br"
"Sócio-Diretor Titular","Paraná Indústria Anápolis 8 S/A","","sócio-diretor.titular@paranindstriaanpolis8sa.com.br"
"Sócio-Diretor Titular","Vanguard Industrial Aparecida de Goiânia 8 S/A","","sócio-diretor.titular@vanguardindustrialaparecidadegoinia8sa.com.br"
"Sócio-Diretor Titular","Metalúrgica Joinville 9 S/A","","sócio-diretor.titular@metalrgicajoinville9sa.com.br"
"Sócio-Diretor Titular","Indústria Mecânica Piracicaba 9 S/A","","sócio-diretor.titular@indstriamecnicapiracicaba9sa.com.br"
"Sócio-Diretor Titular","Fábrica Nacional de Sertãozinho 9 S/A","","sócio-diretor.titular@fbricanacionaldesertozinho9sa.com.br"
"Sócio-Diretor Titular","Indústria Química Jundiaí 9 S/A","","sócio-diretor.titular@indstriaqumicajundia9sa.com.br"
"Sócio-Diretor Titular","Plásticos Industriais Sorocaba 9 S/A","","sócio-diretor.titular@plsticosindustriaissorocaba9sa.com.br"
"Sócio-Diretor Titular","Alimentos Nobres São Bernardo do Campo 9 S/A","","sócio-diretor.titular@alimentosnobressobernardodocampo9sa.com.br"
"Sócio-Diretor Titular","TecnoIndústria Campinas 9 S/A","","sócio-diretor.titular@tecnoindstriacampinas9sa.com.br"
"Sócio-Diretor Titular","Usinagem de Precisão Limeira 9 S/A","","sócio-diretor.titular@usinagemdeprecisolimeira9sa.com.br"
"Sócio-Diretor Titular","Companhia Industrial Franca 9 S/A","","sócio-diretor.titular@companhiaindustrialfranca9sa.com.br"
"Sócio-Diretor Titular","Artefatos Industriais Joinville 9 S/A","","sócio-diretor.titular@artefatosindustriaisjoinville9sa.com.br"
"Sócio-Diretor Titular","Manufatura Brasil Blumenau 9 S/A","","sócio-diretor.titular@manufaturabrasilblumenau9sa.com.br"
"Sócio-Diretor Titular","Indústria Eletromecânica Criciúma 9 S/A","","sócio-diretor.titular@indstriaeletromecnicacricima9sa.com.br"
"Sócio-Diretor Titular","Fábrica Paulista de Jaraguá do Sul 9 S/A","","sócio-diretor.titular@fbricapaulistadejaragudosul9sa.com.br"
"Sócio-Diretor Titular","Indústria Sulina de Brusque 9 S/A","","sócio-diretor.titular@indstriasulinadebrusque9sa.com.br"
"Sócio-Diretor Titular","Indústria e Comércio Caxias do Sul 9 S/A","","sócio-diretor.titular@indstriaecomrciocaxiasdosul9sa.com.br"
"Sócio-Diretor Titular","União Industrial Bento Gonçalves 9 S/A","","sócio-diretor.titular@unioindustrialbentogonalves9sa.com.br"
"Sócio-Diretor Titular","Líder Manufatura São Leopoldo 9 S/A","","sócio-diretor.titular@ldermanufaturasoleopoldo9sa.com.br"
"Sócio-Diretor Titular","Pioneira Industrial Passo Fundo 9 S/A","","sócio-diretor.titular@pioneiraindustrialpassofundo9sa.com.br"
"Sócio-Diretor Titular","Paraná Indústria Curitiba 9 S/A","","sócio-diretor.titular@paranindstriacuritiba9sa.com.br"
"Sócio-Diretor Titular","Vanguard Industrial Maringá 9 S/A","","sócio-diretor.titular@vanguardindustrialmaring9sa.com.br"
"Sócio-Diretor Titular","Metalúrgica Ponta Grossa 10 S/A","","sócio-diretor.titular@metalrgicapontagrossa10sa.com.br"
"Sócio-Diretor Titular","Indústria Mecânica Londrina 10 S/A","","sócio-diretor.titular@indstriamecnicalondrina10sa.com.br"
"Sócio-Diretor Titular","Fábrica Nacional de Toledo 10 S/A","","sócio-diretor.titular@fbricanacionaldetoledo10sa.com.br"
"Sócio-Diretor Titular","Indústria Química Contagem 10 S/A","","sócio-diretor.titular@indstriaqumicacontagem10sa.com.br"
"Sócio-Diretor Titular","Plásticos Industriais Betim 10 S/A","","sócio-diretor.titular@plsticosindustriaisbetim10sa.com.br"
"Sócio-Diretor Titular","Alimentos Nobres Uberlândia 10 S/A","","sócio-diretor.titular@alimentosnobresuberlndia10sa.com.br"
"Sócio-Diretor Titular","TecnoIndústria Pouso Alegre 10 S/A","","sócio-diretor.titular@tecnoindstriapousoalegre10sa.com.br"
"Sócio-Diretor Titular","Usinagem de Precisão Juiz de Fora 10 S/A","","sócio-diretor.titular@usinagemdeprecisojuizdefora10sa.com.br"
"Sócio-Diretor Titular","Companhia Industrial Resende 10 S/A","","sócio-diretor.titular@companhiaindustrialresende10sa.com.br"
"Sócio-Diretor Titular","Artefatos Industriais Duque de Caxias 10 S/A","","sócio-diretor.titular@artefatosindustriaisduquedecaxias10sa.com.br"
"Sócio-Diretor Titular","Manufatura Brasil Anápolis 10 S/A","","sócio-diretor.titular@manufaturabrasilanpolis10sa.com.br"
"Sócio-Diretor Titular","Indústria Eletromecânica Aparecida de Goiânia 10 S/A","","sócio-diretor.titular@indstriaeletromecnicaaparecidadegoinia10sa.com.br"
"Sócio-Diretor Titular","Fábrica Paulista de Joinville 10 S/A","","sócio-diretor.titular@fbricapaulistadejoinville10sa.com.br"
"Sócio-Diretor Titular","Indústria Sulina de Piracicaba 10 S/A","","sócio-diretor.titular@indstriasulinadepiracicaba10sa.com.br"
"Sócio-Diretor Titular","Indústria e Comércio Sertãozinho 10 S/A","","sócio-diretor.titular@indstriaecomrciosertozinho10sa.com.br"
"Sócio-Diretor Titular","União Industrial Jundiaí 10 S/A","","sócio-diretor.titular@unioindustrialjundia10sa.com.br"
"Sócio-Diretor Titular","Líder Manufatura Sorocaba 10 S/A","","sócio-diretor.titular@ldermanufaturasorocaba10sa.com.br"
"Sócio-Diretor Titular","Pioneira Industrial São Bernardo do Campo 10 S/A","","sócio-diretor.titular@pioneiraindustrialsobernardodocampo10sa.com.br"
"Sócio-Diretor Titular","Paraná Indústria Campinas 10 S/A","","sócio-diretor.titular@paranindstriacampinas10sa.com.br"
"Sócio-Diretor Titular","Vanguard Industrial Limeira 10 S/A","","sócio-diretor.titular@vanguardindustriallimeira10sa.com.br"
"Sócio-Diretor Titular","Metalúrgica Franca 11 S/A","","sócio-diretor.titular@metalrgicafranca11sa.com.br"
"Sócio-Diretor Titular","Indústria Mecânica Joinville 11 S/A","","sócio-diretor.titular@indstriamecnicajoinville11sa.com.br"
"Sócio-Diretor Titular","Fábrica Nacional de Blumenau 11 S/A","","sócio-diretor.titular@fbricanacionaldeblumenau11sa.com.br"
"Sócio-Diretor Titular","Indústria Química Criciúma 11 S/A","","sócio-diretor.titular@indstriaqumicacricima11sa.com.br"
"Sócio-Diretor Titular","Plásticos Industriais Jaraguá do Sul 11 S/A","","sócio-diretor.titular@plsticosindustriaisjaragudosul11sa.com.br"
"Sócio-Diretor Titular","Alimentos Nobres Brusque 11 S/A","","sócio-diretor.titular@alimentosnobresbrusque11sa.com.br"
"Sócio-Diretor Titular","TecnoIndústria Caxias do Sul 11 S/A","","sócio-diretor.titular@tecnoindstriacaxiasdosul11sa.com.br"
"Sócio-Diretor Titular","Usinagem de Precisão Bento Gonçalves 11 S/A","","sócio-diretor.titular@usinagemdeprecisobentogonalves11sa.com.br"
"Sócio-Diretor Titular","Companhia Industrial São Leopoldo 11 S/A","","sócio-diretor.titular@companhiaindustrialsoleopoldo11sa.com.br"
"Sócio-Diretor Titular","Artefatos Industriais Passo Fundo 11 S/A","","sócio-diretor.titular@artefatosindustriaispassofundo11sa.com.br"
"Sócio-Diretor Titular","Manufatura Brasil Curitiba 11 S/A","","sócio-diretor.titular@manufaturabrasilcuritiba11sa.com.br"
"Sócio-Diretor Titular","Indústria Eletromecânica Maringá 11 S/A","","sócio-diretor.titular@indstriaeletromecnicamaring11sa.com.br"
"Sócio-Diretor Titular","Fábrica Paulista de Ponta Grossa 11 S/A","","sócio-diretor.titular@fbricapaulistadepontagrossa11sa.com.br"
"Sócio-Diretor Titular","Indústria Sulina de Londrina 11 S/A","","sócio-diretor.titular@indstriasulinadelondrina11sa.com.br"
"Sócio-Diretor Titular","Indústria e Comércio Toledo 11 S/A","","sócio-diretor.titular@indstriaecomrciotoledo11sa.com.br"
"Sócio-Diretor Titular","União Industrial Contagem 11 S/A","","sócio-diretor.titular@unioindustrialcontagem11sa.com.br"
"Sócio-Diretor Titular","Líder Manufatura Betim 11 S/A","","sócio-diretor.titular@ldermanufaturabetim11sa.com.br"
"Sócio-Diretor Titular","Pioneira Industrial Uberlândia 11 S/A","","sócio-diretor.titular@pioneiraindustrialuberlndia11sa.com.br"
"Sócio-Diretor Titular","Paraná Indústria Pouso Alegre 11 S/A","","sócio-diretor.titular@paranindstriapousoalegre11sa.com.br"
"Sócio-Diretor Titular","Vanguard Industrial Juiz de Fora 11 S/A","","sócio-diretor.titular@vanguardindustrialjuizdefora11sa.com.br"
"Sócio-Diretor Titular","Metalúrgica Resende 12 S/A","","sócio-diretor.titular@metalrgicaresende12sa.com.br"
"Sócio-Diretor Titular","Indústria Mecânica Duque de Caxias 12 S/A","","sócio-diretor.titular@indstriamecnicaduquedecaxias12sa.com.br"
"Sócio-Diretor Titular","Fábrica Nacional de Anápolis 12 S/A","","sócio-diretor.titular@fbricanacionaldeanpolis12sa.com.br"
"Sócio-Diretor Titular","Indústria Química Aparecida de Goiânia 12 S/A","","sócio-diretor.titular@indstriaqumicaaparecidadegoinia12sa.com.br"
"Sócio-Diretor Titular","Plásticos Industriais Joinville 12 S/A","","sócio-diretor.titular@plsticosindustriaisjoinville12sa.com.br"
"Sócio-Diretor Titular","Alimentos Nobres Piracicaba 12 S/A","","sócio-diretor.titular@alimentosnobrespiracicaba12sa.com.br"
"Sócio-Diretor Titular","TecnoIndústria Sertãozinho 12 S/A","","sócio-diretor.titular@tecnoindstriasertozinho12sa.com.br"
"Sócio-Diretor Titular","Usinagem de Precisão Jundiaí 12 S/A","","sócio-diretor.titular@usinagemdeprecisojundia12sa.com.br"
"Sócio-Diretor Titular","Companhia Industrial Sorocaba 12 S/A","","sócio-diretor.titular@companhiaindustrialsorocaba12sa.com.br"
"Sócio-Diretor Titular","Artefatos Industriais São Bernardo do Campo 12 S/A","","sócio-diretor.titular@artefatosindustriaissobernardodocampo12sa.com.br"
"Sócio-Diretor Titular","Manufatura Brasil Campinas 12 S/A","","sócio-diretor.titular@manufaturabrasilcampinas12sa.com.br"
"Sócio-Diretor Titular","Indústria Eletromecânica Limeira 12 S/A","","sócio-diretor.titular@indstriaeletromecnicalimeira12sa.com.br"
"Sócio-Diretor Titular","Fábrica Paulista de Franca 12 S/A","","sócio-diretor.titular@fbricapaulistadefranca12sa.com.br"
"Sócio-Diretor Titular","Indústria Sulina de Joinville 12 S/A","","sócio-diretor.titular@indstriasulinadejoinville12sa.com.br"
"Sócio-Diretor Titular","Indústria e Comércio Blumenau 12 S/A","","sócio-diretor.titular@indstriaecomrcioblumenau12sa.com.br"
"Sócio-Diretor Titular","União Industrial Criciúma 12 S/A","","sócio-diretor.titular@unioindustrialcricima12sa.com.br"
"Sócio-Diretor Titular","Líder Manufatura Jaraguá do Sul 12 S/A","","sócio-diretor.titular@ldermanufaturajaragudosul12sa.com.br"
"Sócio-Diretor Titular","Pioneira Industrial Brusque 12 S/A","","sócio-diretor.titular@pioneiraindustrialbrusque12sa.com.br"
"Sócio-Diretor Titular","Paraná Indústria Caxias do Sul 12 S/A","","sócio-diretor.titular@paranindstriacaxiasdosul12sa.com.br"
"Sócio-Diretor Titular","Vanguard Industrial Bento Gonçalves 12 S/A","","sócio-diretor.titular@vanguardindustrialbentogonalves12sa.com.br"
"Sócio-Diretor Titular","Metalúrgica São Leopoldo 13 S/A","","sócio-diretor.titular@metalrgicasoleopoldo13sa.com.br"
"Sócio-Diretor Titular","Indústria Mecânica Passo Fundo 13 S/A","","sócio-diretor.titular@indstriamecnicapassofundo13sa.com.br"
"Sócio-Diretor Titular","Fábrica Nacional de Curitiba 13 S/A","","sócio-diretor.titular@fbricanacionaldecuritiba13sa.com.br"
"Sócio-Diretor Titular","Indústria Química Maringá 13 S/A","","sócio-diretor.titular@indstriaqumicamaring13sa.com.br"
"Sócio-Diretor Titular","Plásticos Industriais Ponta Grossa 13 S/A","","sócio-diretor.titular@plsticosindustriaispontagrossa13sa.com.br"
"Sócio-Diretor Titular","Alimentos Nobres Londrina 13 S/A","","sócio-diretor.titular@alimentosnobreslondrina13sa.com.br"
"Sócio-Diretor Titular","TecnoIndústria Toledo 13 S/A","","sócio-diretor.titular@tecnoindstriatoledo13sa.com.br"
"Sócio-Diretor Titular","Usinagem de Precisão Contagem 13 S/A","","sócio-diretor.titular@usinagemdeprecisocontagem13sa.com.br"
"Sócio-Diretor Titular","Companhia Industrial Betim 13 S/A","","sócio-diretor.titular@companhiaindustrialbetim13sa.com.br"
"Sócio-Diretor Titular","Artefatos Industriais Uberlândia 13 S/A","","sócio-diretor.titular@artefatosindustriaisuberlndia13sa.com.br"
"Sócio-Diretor Titular","Manufatura Brasil Pouso Alegre 13 S/A","","sócio-diretor.titular@manufaturabrasilpousoalegre13sa.com.br"
"Sócio-Diretor Titular","Indústria Eletromecânica Juiz de Fora 13 S/A","","sócio-diretor.titular@indstriaeletromecnicajuizdefora13sa.com.br"
"Sócio-Diretor Titular","Fábrica Paulista de Resende 13 S/A","","sócio-diretor.titular@fbricapaulistaderesende13sa.com.br"
"Sócio-Diretor Titular","Indústria Sulina de Duque de Caxias 13 S/A","","sócio-diretor.titular@indstriasulinadeduquedecaxias13sa.com.br"
"Sócio-Diretor Titular","Indústria e Comércio Anápolis 13 S/A","","sócio-diretor.titular@indstriaecomrcioanpolis13sa.com.br"
"Sócio-Diretor Titular","União Industrial Aparecida de Goiânia 13 S/A","","sócio-diretor.titular@unioindustrialaparecidadegoinia13sa.com.br"
"Sócio-Diretor Titular","Líder Manufatura Joinville 13 S/A","","sócio-diretor.titular@ldermanufaturajoinville13sa.com.br"
"Sócio-Diretor Titular","Pioneira Industrial Piracicaba 13 S/A","","sócio-diretor.titular@pioneiraindustrialpiracicaba13sa.com.br"
"Sócio-Diretor Titular","Paraná Indústria Sertãozinho 13 S/A","","sócio-diretor.titular@paranindstriasertozinho13sa.com.br"
"Sócio-Diretor Titular","Vanguard Industrial Jundiaí 13 S/A","","sócio-diretor.titular@vanguardindustrialjundia13sa.com.br"
"Sócio-Diretor Titular","Metalúrgica Sorocaba 14 S/A","","sócio-diretor.titular@metalrgicasorocaba14sa.com.br"
"Sócio-Diretor Titular","Indústria Mecânica São Bernardo do Campo 14 S/A","","sócio-diretor.titular@indstriamecnicasobernardodocampo14sa.com.br"
"Sócio-Diretor Titular","Fábrica Nacional de Campinas 14 S/A","","sócio-diretor.titular@fbricanacionaldecampinas14sa.com.br"
"Sócio-Diretor Titular","Indústria Química Limeira 14 S/A","","sócio-diretor.titular@indstriaqumicalimeira14sa.com.br"
"Sócio-Diretor Titular","Plásticos Industriais Franca 14 S/A","","sócio-diretor.titular@plsticosindustriaisfranca14sa.com.br"
"Sócio-Diretor Titular","Alimentos Nobres Joinville 14 S/A","","sócio-diretor.titular@alimentosnobresjoinville14sa.com.br"
"Sócio-Diretor Titular","TecnoIndústria Blumenau 14 S/A","","sócio-diretor.titular@tecnoindstriablumenau14sa.com.br"
"Sócio-Diretor Titular","Usinagem de Precisão Criciúma 14 S/A","","sócio-diretor.titular@usinagemdeprecisocricima14sa.com.br"
"Sócio-Diretor Titular","Companhia Industrial Jaraguá do Sul 14 S/A","","sócio-diretor.titular@companhiaindustrialjaragudosul14sa.com.br"
"Sócio-Diretor Titular","Artefatos Industriais Brusque 14 S/A","","sócio-diretor.titular@artefatosindustriaisbrusque14sa.com.br"
"Sócio-Diretor Titular","Manufatura Brasil Caxias do Sul 14 S/A","","sócio-diretor.titular@manufaturabrasilcaxiasdosul14sa.com.br"
"Sócio-Diretor Titular","Indústria Eletromecânica Bento Gonçalves 14 S/A","","sócio-diretor.titular@indstriaeletromecnicabentogonalves14sa.com.br"
"Sócio-Diretor Titular","Fábrica Paulista de São Leopoldo 14 S/A","","sócio-diretor.titular@fbricapaulistadesoleopoldo14sa.com.br"
"Sócio-Diretor Titular","Indústria Sulina de Passo Fundo 14 S/A","","sócio-diretor.titular@indstriasulinadepassofundo14sa.com.br"
"Sócio-Diretor Titular","Indústria e Comércio Curitiba 14 S/A","","sócio-diretor.titular@indstriaecomrciocuritiba14sa.com.br"
"Sócio-Diretor Titular","União Industrial Maringá 14 S/A","","sócio-diretor.titular@unioindustrialmaring14sa.com.br"
"Sócio-Diretor Titular","Líder Manufatura Ponta Grossa 14 S/A","","sócio-diretor.titular@ldermanufaturapontagrossa14sa.com.br"
"Sócio-Diretor Titular","Pioneira Industrial Londrina 14 S/A","","sócio-diretor.titular@pioneiraindustriallondrina14sa.com.br"
"Sócio-Diretor Titular","Paraná Indústria Toledo 14 S/A","","sócio-diretor.titular@paranindstriatoledo14sa.com.br"
"Sócio-Diretor Titular","Vanguard Industrial Contagem 14 S/A","","sócio-diretor.titular@vanguardindustrialcontagem14sa.com.br"
"Sócio-Diretor Titular","Metalúrgica Betim 15 S/A","","sócio-diretor.titular@metalrgicabetim15sa.com.br"
"Sócio-Diretor Titular","Indústria Mecânica Uberlândia 15 S/A","","sócio-diretor.titular@indstriamecnicauberlndia15sa.com.br"
"Sócio-Diretor Titular","Fábrica Nacional de Pouso Alegre 15 S/A","","sócio-diretor.titular@fbricanacionaldepousoalegre15sa.com.br"
"Sócio-Diretor Titular","Indústria Química Juiz de Fora 15 S/A","","sócio-diretor.titular@indstriaqumicajuizdefora15sa.com.br"
"Sócio-Diretor Titular","Plásticos Industriais Resende 15 S/A","","sócio-diretor.titular@plsticosindustriaisresende15sa.com.br"
"Sócio-Diretor Titular","Alimentos Nobres Duque de Caxias 15 S/A","","sócio-diretor.titular@alimentosnobresduquedecaxias15sa.com.br"
"Sócio-Diretor Titular","TecnoIndústria Anápolis 15 S/A","","sócio-diretor.titular@tecnoindstriaanpolis15sa.com.br"
"Sócio-Diretor Titular","Usinagem de Precisão Aparecida de Goiânia 15 S/A","","sócio-diretor.titular@usinagemdeprecisoaparecidadegoinia15sa.com.br"
"Sócio-Diretor Titular","Companhia Industrial Joinville 15 S/A","","sócio-diretor.titular@companhiaindustrialjoinville15sa.com.br"
"Sócio-Diretor Titular","Artefatos Industriais Piracicaba 15 S/A","","sócio-diretor.titular@artefatosindustriaispiracicaba15sa.com.br"
"Sócio-Diretor Titular","Manufatura Brasil Sertãozinho 15 S/A","","sócio-diretor.titular@manufaturabrasilsertozinho15sa.com.br"
"Sócio-Diretor Titular","Indústria Eletromecânica Jundiaí 15 S/A","","sócio-diretor.titular@indstriaeletromecnicajundia15sa.com.br"
"Sócio-Diretor Titular","Fábrica Paulista de Sorocaba 15 S/A","","sócio-diretor.titular@fbricapaulistadesorocaba15sa.com.br"
"Sócio-Diretor Titular","Indústria Sulina de São Bernardo do Campo 15 S/A","","sócio-diretor.titular@indstriasulinadesobernardodocampo15sa.com.br"
"Sócio-Diretor Titular","Indústria e Comércio Campinas 15 S/A","","sócio-diretor.titular@indstriaecomrciocampinas15sa.com.br"
"Sócio-Diretor Titular","União Industrial Limeira 15 S/A","","sócio-diretor.titular@unioindustriallimeira15sa.com.br"
"Sócio-Diretor Titular","Líder Manufatura Franca 15 S/A","","sócio-diretor.titular@ldermanufaturafranca15sa.com.br"
"Sócio-Diretor Titular","Pioneira Industrial Joinville 15 S/A","","sócio-diretor.titular@pioneiraindustrialjoinville15sa.com.br"
"Sócio-Diretor Titular","Paraná Indústria Blumenau 15 S/A","","sócio-diretor.titular@paranindstriablumenau15sa.com.br"
"Sócio-Diretor Titular","Vanguard Industrial Criciúma 15 S/A","","sócio-diretor.titular@vanguardindustrialcricima15sa.com.br"
"Sócio-Diretor Titular","TransLog Santos S/A","","sócio-diretor.titular@translogsantossa.com.br"
"Sócio-Diretor Titular","Rodoviário Campinas Ltda.","","sócio-diretor.titular@rodoviriocampinasltda.com.br"
"Sócio-Diretor Titular","Expresso Guarulhos Ltda.","","sócio-diretor.titular@expressoguarulhosltda.com.br"
"Sócio-Diretor Titular","Veloce São José dos Campos S/A","","sócio-diretor.titular@velocesojosdoscampossa.com.br"
"Sócio-Diretor Titular","MegaLog Paulínia Ltda.","","sócio-diretor.titular@megalogpaulnialtda.com.br"
"Sócio-Diretor Titular","Aliança Logística Ribeirão Preto Ltda.","","sócio-diretor.titular@alianalogsticaribeiropretoltda.com.br"
"Sócio-Diretor Titular","Transmodal Paranaguá S/A","","sócio-diretor.titular@transmodalparanagusa.com.br"
"Sócio-Diretor Titular","Atlas Cargas Curitiba Ltda.","","sócio-diretor.titular@atlascargascuritibaltda.com.br"
"Sócio-Diretor Titular","Bravo Logística São José dos Pinhais Ltda.","","sócio-diretor.titular@bravologsticasojosdospinhaisltda.com.br"
"Sócio-Diretor Titular","Integra Cargas Londrina S/A","","sócio-diretor.titular@integracargaslondrinasa.com.br"
"Sócio-Diretor Titular","PionLog Itajaí Ltda.","","sócio-diretor.titular@pionlogitajaltda.com.br"
"Sócio-Diretor Titular","Global Cargo Navegantes Ltda.","","sócio-diretor.titular@globalcargonavegantesltda.com.br"
"Sócio-Diretor Titular","Transcontinental Joinville S/A","","sócio-diretor.titular@transcontinentaljoinvillesa.com.br"
"Sócio-Diretor Titular","Direct Log Rio Grande Ltda.","","sócio-diretor.titular@directlogriograndeltda.com.br"
"Sócio-Diretor Titular","Rota Brasil Porto Alegre Ltda.","","sócio-diretor.titular@rotabrasilportoalegreltda.com.br"
"Sócio-Diretor Titular","Sul Cargas Caxias do Sul S/A","","sócio-diretor.titular@sulcargascaxiasdosulsa.com.br"
"Sócio-Diretor Titular","TransNorte Betim Ltda.","","sócio-diretor.titular@transnortebetimltda.com.br"
"Sócio-Diretor Titular","TransOeste Uberlândia Ltda.","","sócio-diretor.titular@transoesteuberlndialtda.com.br"
"Sócio-Diretor Titular","Intermodal Brasil Pouso Alegre S/A","","sócio-diretor.titular@intermodalbrasilpousoalegresa.com.br"
"Sócio-Diretor Titular","Nexus Transportes Aparecida de Goiânia Ltda.","","sócio-diretor.titular@nexustransportesaparecidadegoinialtda.com.br"
"Sócio-Diretor Titular","AgroLog Cargas Anápolis Ltda.","","sócio-diretor.titular@agrologcargasanpolisltda.com.br"
"Sócio-Diretor Titular","Porto Logística Campo Grande S/A","","sócio-diretor.titular@portologsticacampograndesa.com.br"
"Sócio-Diretor Titular","TransFrigo Rondonópolis Ltda.","","sócio-diretor.titular@transfrigorondonpolisltda.com.br"
"Sócio-Diretor Titular","Prime Cargas Cuiabá Ltda.","","sócio-diretor.titular@primecargascuiabltda.com.br"
"Sócio-Diretor Titular","TransQuímica Santos S/A","","sócio-diretor.titular@transqumicasantossa.com.br"
"Sócio-Diretor Titular","Líder Log Campinas Ltda.","","sócio-diretor.titular@lderlogcampinasltda.com.br"
"Sócio-Diretor Titular","Apex Transportes Guarulhos Ltda.","","sócio-diretor.titular@apextransportesguarulhosltda.com.br"
"Sócio-Diretor Titular","Matrix Logística São José dos Campos S/A","","sócio-diretor.titular@matrixlogsticasojosdoscampossa.com.br"
"Sócio-Diretor Titular","Master Cargas Paulínia Ltda.","","sócio-diretor.titular@mastercargaspaulnialtda.com.br"
"Sócio-Diretor Titular","Omni Log Ribeirão Preto Ltda.","","sócio-diretor.titular@omnilogribeiropretoltda.com.br"
"Sócio-Diretor Titular","TransLog Paranaguá 2 S/A","","sócio-diretor.titular@translogparanagu2sa.com.br"
"Sócio-Diretor Titular","Rodoviário Curitiba 2 Ltda.","","sócio-diretor.titular@rodoviriocuritiba2ltda.com.br"
"Sócio-Diretor Titular","Expresso São José dos Pinhais 2 Ltda.","","sócio-diretor.titular@expressosojosdospinhais2ltda.com.br"
"Sócio-Diretor Titular","Veloce Londrina 2 S/A","","sócio-diretor.titular@velocelondrina2sa.com.br"
"Sócio-Diretor Titular","MegaLog Itajaí 2 Ltda.","","sócio-diretor.titular@megalogitaja2ltda.com.br"
"Sócio-Diretor Titular","Aliança Logística Navegantes 2 Ltda.","","sócio-diretor.titular@alianalogsticanavegantes2ltda.com.br"
"Sócio-Diretor Titular","Transmodal Joinville 2 S/A","","sócio-diretor.titular@transmodaljoinville2sa.com.br"
"Sócio-Diretor Titular","Atlas Cargas Rio Grande 2 Ltda.","","sócio-diretor.titular@atlascargasriogrande2ltda.com.br"
"Sócio-Diretor Titular","Bravo Logística Porto Alegre 2 Ltda.","","sócio-diretor.titular@bravologsticaportoalegre2ltda.com.br"
"Sócio-Diretor Titular","Integra Cargas Caxias do Sul 2 S/A","","sócio-diretor.titular@integracargascaxiasdosul2sa.com.br"
"Sócio-Diretor Titular","PionLog Betim 2 Ltda.","","sócio-diretor.titular@pionlogbetim2ltda.com.br"
"Sócio-Diretor Titular","Global Cargo Uberlândia 2 Ltda.","","sócio-diretor.titular@globalcargouberlndia2ltda.com.br"
"Sócio-Diretor Titular","Transcontinental Pouso Alegre 2 S/A","","sócio-diretor.titular@transcontinentalpousoalegre2sa.com.br"
"Sócio-Diretor Titular","Direct Log Aparecida de Goiânia 2 Ltda.","","sócio-diretor.titular@directlogaparecidadegoinia2ltda.com.br"
"Sócio-Diretor Titular","Rota Brasil Anápolis 2 Ltda.","","sócio-diretor.titular@rotabrasilanpolis2ltda.com.br"
"Sócio-Diretor Titular","Sul Cargas Campo Grande 2 S/A","","sócio-diretor.titular@sulcargascampogrande2sa.com.br"
"Sócio-Diretor Titular","TransNorte Rondonópolis 2 Ltda.","","sócio-diretor.titular@transnorterondonpolis2ltda.com.br"
"Sócio-Diretor Titular","TransOeste Cuiabá 2 Ltda.","","sócio-diretor.titular@transoestecuiab2ltda.com.br"
"Sócio-Diretor Titular","Intermodal Brasil Santos 2 S/A","","sócio-diretor.titular@intermodalbrasilsantos2sa.com.br"
"Sócio-Diretor Titular","Nexus Transportes Campinas 2 Ltda.","","sócio-diretor.titular@nexustransportescampinas2ltda.com.br"
"Sócio-Diretor Titular","AgroLog Cargas Guarulhos 2 Ltda.","","sócio-diretor.titular@agrologcargasguarulhos2ltda.com.br"
"Sócio-Diretor Titular","Porto Logística São José dos Campos 2 S/A","","sócio-diretor.titular@portologsticasojosdoscampos2sa.com.br"
"Sócio-Diretor Titular","TransFrigo Paulínia 2 Ltda.","","sócio-diretor.titular@transfrigopaulnia2ltda.com.br"
"Sócio-Diretor Titular","Prime Cargas Ribeirão Preto 2 Ltda.","","sócio-diretor.titular@primecargasribeiropreto2ltda.com.br"
"Sócio-Diretor Titular","TransQuímica Paranaguá 2 S/A","","sócio-diretor.titular@transqumicaparanagu2sa.com.br"
"Sócio-Diretor Titular","Líder Log Curitiba 2 Ltda.","","sócio-diretor.titular@lderlogcuritiba2ltda.com.br"
"Sócio-Diretor Titular","Apex Transportes São José dos Pinhais 2 Ltda.","","sócio-diretor.titular@apextransportessojosdospinhais2ltda.com.br"
"Sócio-Diretor Titular","Matrix Logística Londrina 2 S/A","","sócio-diretor.titular@matrixlogsticalondrina2sa.com.br"
"Sócio-Diretor Titular","Master Cargas Itajaí 2 Ltda.","","sócio-diretor.titular@mastercargasitaja2ltda.com.br"
"Sócio-Diretor Titular","Omni Log Navegantes 2 Ltda.","","sócio-diretor.titular@omnilognavegantes2ltda.com.br"
"Sócio-Diretor Titular","TransLog Joinville 3 S/A","","sócio-diretor.titular@translogjoinville3sa.com.br"
"Sócio-Diretor Titular","Rodoviário Rio Grande 3 Ltda.","","sócio-diretor.titular@rodovirioriogrande3ltda.com.br"
"Sócio-Diretor Titular","Expresso Porto Alegre 3 Ltda.","","sócio-diretor.titular@expressoportoalegre3ltda.com.br"
"Sócio-Diretor Titular","Veloce Caxias do Sul 3 S/A","","sócio-diretor.titular@velocecaxiasdosul3sa.com.br"
"Sócio-Diretor Titular","MegaLog Betim 3 Ltda.","","sócio-diretor.titular@megalogbetim3ltda.com.br"
"Sócio-Diretor Titular","Aliança Logística Uberlândia 3 Ltda.","","sócio-diretor.titular@alianalogsticauberlndia3ltda.com.br"
"Sócio-Diretor Titular","Transmodal Pouso Alegre 3 S/A","","sócio-diretor.titular@transmodalpousoalegre3sa.com.br"
"Sócio-Diretor Titular","Atlas Cargas Aparecida de Goiânia 3 Ltda.","","sócio-diretor.titular@atlascargasaparecidadegoinia3ltda.com.br"
"Sócio-Diretor Titular","Bravo Logística Anápolis 3 Ltda.","","sócio-diretor.titular@bravologsticaanpolis3ltda.com.br"
"Sócio-Diretor Titular","Integra Cargas Campo Grande 3 S/A","","sócio-diretor.titular@integracargascampogrande3sa.com.br"
"Sócio-Diretor Titular","PionLog Rondonópolis 3 Ltda.","","sócio-diretor.titular@pionlogrondonpolis3ltda.com.br"
"Sócio-Diretor Titular","Global Cargo Cuiabá 3 Ltda.","","sócio-diretor.titular@globalcargocuiab3ltda.com.br"
"Sócio-Diretor Titular","Transcontinental Santos 3 S/A","","sócio-diretor.titular@transcontinentalsantos3sa.com.br"
"Sócio-Diretor Titular","Direct Log Campinas 3 Ltda.","","sócio-diretor.titular@directlogcampinas3ltda.com.br"
"Sócio-Diretor Titular","Rota Brasil Guarulhos 3 Ltda.","","sócio-diretor.titular@rotabrasilguarulhos3ltda.com.br"
"Sócio-Diretor Titular","Sul Cargas São José dos Campos 3 S/A","","sócio-diretor.titular@sulcargassojosdoscampos3sa.com.br"
"Sócio-Diretor Titular","TransNorte Paulínia 3 Ltda.","","sócio-diretor.titular@transnortepaulnia3ltda.com.br"
"Sócio-Diretor Titular","TransOeste Ribeirão Preto 3 Ltda.","","sócio-diretor.titular@transoesteribeiropreto3ltda.com.br"
"Sócio-Diretor Titular","Intermodal Brasil Paranaguá 3 S/A","","sócio-diretor.titular@intermodalbrasilparanagu3sa.com.br"
"Sócio-Diretor Titular","Nexus Transportes Curitiba 3 Ltda.","","sócio-diretor.titular@nexustransportescuritiba3ltda.com.br"
"Sócio-Diretor Titular","AgroLog Cargas São José dos Pinhais 3 Ltda.","","sócio-diretor.titular@agrologcargassojosdospinhais3ltda.com.br"
"Sócio-Diretor Titular","Porto Logística Londrina 3 S/A","","sócio-diretor.titular@portologsticalondrina3sa.com.br"
"Sócio-Diretor Titular","TransFrigo Itajaí 3 Ltda.","","sócio-diretor.titular@transfrigoitaja3ltda.com.br"
"Sócio-Diretor Titular","Prime Cargas Navegantes 3 Ltda.","","sócio-diretor.titular@primecargasnavegantes3ltda.com.br"
"Sócio-Diretor Titular","TransQuímica Joinville 3 S/A","","sócio-diretor.titular@transqumicajoinville3sa.com.br"
"Sócio-Diretor Titular","Líder Log Rio Grande 3 Ltda.","","sócio-diretor.titular@lderlogriogrande3ltda.com.br"
"Sócio-Diretor Titular","Apex Transportes Porto Alegre 3 Ltda.","","sócio-diretor.titular@apextransportesportoalegre3ltda.com.br"
"Sócio-Diretor Titular","Matrix Logística Caxias do Sul 3 S/A","","sócio-diretor.titular@matrixlogsticacaxiasdosul3sa.com.br"
"Sócio-Diretor Titular","Master Cargas Betim 3 Ltda.","","sócio-diretor.titular@mastercargasbetim3ltda.com.br"
"Sócio-Diretor Titular","Omni Log Uberlândia 3 Ltda.","","sócio-diretor.titular@omniloguberlndia3ltda.com.br"
"Sócio-Diretor Titular","TransLog Pouso Alegre 4 S/A","","sócio-diretor.titular@translogpousoalegre4sa.com.br"
"Sócio-Diretor Titular","Rodoviário Aparecida de Goiânia 4 Ltda.","","sócio-diretor.titular@rodovirioaparecidadegoinia4ltda.com.br"
"Sócio-Diretor Titular","Expresso Anápolis 4 Ltda.","","sócio-diretor.titular@expressoanpolis4ltda.com.br"
"Sócio-Diretor Titular","Veloce Campo Grande 4 S/A","","sócio-diretor.titular@velocecampogrande4sa.com.br"
"Sócio-Diretor Titular","MegaLog Rondonópolis 4 Ltda.","","sócio-diretor.titular@megalogrondonpolis4ltda.com.br"
"Sócio-Diretor Titular","Aliança Logística Cuiabá 4 Ltda.","","sócio-diretor.titular@alianalogsticacuiab4ltda.com.br"
"Sócio-Diretor Titular","Transmodal Santos 4 S/A","","sócio-diretor.titular@transmodalsantos4sa.com.br"
"Sócio-Diretor Titular","Atlas Cargas Campinas 4 Ltda.","","sócio-diretor.titular@atlascargascampinas4ltda.com.br"
"Sócio-Diretor Titular","Bravo Logística Guarulhos 4 Ltda.","","sócio-diretor.titular@bravologsticaguarulhos4ltda.com.br"
"Sócio-Diretor Titular","Integra Cargas São José dos Campos 4 S/A","","sócio-diretor.titular@integracargassojosdoscampos4sa.com.br"
"Sócio-Diretor Titular","PionLog Paulínia 4 Ltda.","","sócio-diretor.titular@pionlogpaulnia4ltda.com.br"
"Sócio-Diretor Titular","Global Cargo Ribeirão Preto 4 Ltda.","","sócio-diretor.titular@globalcargoribeiropreto4ltda.com.br"
"Sócio-Diretor Titular","Transcontinental Paranaguá 4 S/A","","sócio-diretor.titular@transcontinentalparanagu4sa.com.br"
"Sócio-Diretor Titular","Direct Log Curitiba 4 Ltda.","","sócio-diretor.titular@directlogcuritiba4ltda.com.br"
"Sócio-Diretor Titular","Rota Brasil São José dos Pinhais 4 Ltda.","","sócio-diretor.titular@rotabrasilsojosdospinhais4ltda.com.br"
"Sócio-Diretor Titular","Sul Cargas Londrina 4 S/A","","sócio-diretor.titular@sulcargaslondrina4sa.com.br"
"Sócio-Diretor Titular","TransNorte Itajaí 4 Ltda.","","sócio-diretor.titular@transnorteitaja4ltda.com.br"
"Sócio-Diretor Titular","TransOeste Navegantes 4 Ltda.","","sócio-diretor.titular@transoestenavegantes4ltda.com.br"
"Sócio-Diretor Titular","Intermodal Brasil Joinville 4 S/A","","sócio-diretor.titular@intermodalbrasiljoinville4sa.com.br"
"Sócio-Diretor Titular","Nexus Transportes Rio Grande 4 Ltda.","","sócio-diretor.titular@nexustransportesriogrande4ltda.com.br"
"Sócio-Diretor Titular","AgroLog Cargas Porto Alegre 4 Ltda.","","sócio-diretor.titular@agrologcargasportoalegre4ltda.com.br"
"Sócio-Diretor Titular","Porto Logística Caxias do Sul 4 S/A","","sócio-diretor.titular@portologsticacaxiasdosul4sa.com.br"
"Sócio-Diretor Titular","TransFrigo Betim 4 Ltda.","","sócio-diretor.titular@transfrigobetim4ltda.com.br"
"Sócio-Diretor Titular","Prime Cargas Uberlândia 4 Ltda.","","sócio-diretor.titular@primecargasuberlndia4ltda.com.br"
"Sócio-Diretor Titular","TransQuímica Pouso Alegre 4 S/A","","sócio-diretor.titular@transqumicapousoalegre4sa.com.br"
"Sócio-Diretor Titular","Líder Log Aparecida de Goiânia 4 Ltda.","","sócio-diretor.titular@lderlogaparecidadegoinia4ltda.com.br"
"Sócio-Diretor Titular","Apex Transportes Anápolis 4 Ltda.","","sócio-diretor.titular@apextransportesanpolis4ltda.com.br"
"Sócio-Diretor Titular","Matrix Logística Campo Grande 4 S/A","","sócio-diretor.titular@matrixlogsticacampogrande4sa.com.br"
"Sócio-Diretor Titular","Master Cargas Rondonópolis 4 Ltda.","","sócio-diretor.titular@mastercargasrondonpolis4ltda.com.br"
"Sócio-Diretor Titular","Omni Log Cuiabá 4 Ltda.","","sócio-diretor.titular@omnilogcuiab4ltda.com.br"
"Sócio-Diretor Titular","TransLog Santos 5 S/A","","sócio-diretor.titular@translogsantos5sa.com.br"
"Sócio-Diretor Titular","Rodoviário Campinas 5 Ltda.","","sócio-diretor.titular@rodoviriocampinas5ltda.com.br"
"Sócio-Diretor Titular","Expresso Guarulhos 5 Ltda.","","sócio-diretor.titular@expressoguarulhos5ltda.com.br"
"Sócio-Diretor Titular","Veloce São José dos Campos 5 S/A","","sócio-diretor.titular@velocesojosdoscampos5sa.com.br"
"Sócio-Diretor Titular","MegaLog Paulínia 5 Ltda.","","sócio-diretor.titular@megalogpaulnia5ltda.com.br"
"Sócio-Diretor Titular","Aliança Logística Ribeirão Preto 5 Ltda.","","sócio-diretor.titular@alianalogsticaribeiropreto5ltda.com.br"
"Sócio-Diretor Titular","Transmodal Paranaguá 5 S/A","","sócio-diretor.titular@transmodalparanagu5sa.com.br"
"Sócio-Diretor Titular","Atlas Cargas Curitiba 5 Ltda.","","sócio-diretor.titular@atlascargascuritiba5ltda.com.br"
"Sócio-Diretor Titular","Bravo Logística São José dos Pinhais 5 Ltda.","","sócio-diretor.titular@bravologsticasojosdospinhais5ltda.com.br"
"Sócio-Diretor Titular","Integra Cargas Londrina 5 S/A","","sócio-diretor.titular@integracargaslondrina5sa.com.br"
"Sócio-Diretor Titular","PionLog Itajaí 5 Ltda.","","sócio-diretor.titular@pionlogitaja5ltda.com.br"
"Sócio-Diretor Titular","Global Cargo Navegantes 5 Ltda.","","sócio-diretor.titular@globalcargonavegantes5ltda.com.br"
"Sócio-Diretor Titular","Transcontinental Joinville 5 S/A","","sócio-diretor.titular@transcontinentaljoinville5sa.com.br"
"Sócio-Diretor Titular","Direct Log Rio Grande 5 Ltda.","","sócio-diretor.titular@directlogriogrande5ltda.com.br"
"Sócio-Diretor Titular","Rota Brasil Porto Alegre 5 Ltda.","","sócio-diretor.titular@rotabrasilportoalegre5ltda.com.br"
"Sócio-Diretor Titular","Sul Cargas Caxias do Sul 5 S/A","","sócio-diretor.titular@sulcargascaxiasdosul5sa.com.br"
"Sócio-Diretor Titular","TransNorte Betim 5 Ltda.","","sócio-diretor.titular@transnortebetim5ltda.com.br"
"Sócio-Diretor Titular","TransOeste Uberlândia 5 Ltda.","","sócio-diretor.titular@transoesteuberlndia5ltda.com.br"
"Sócio-Diretor Titular","Intermodal Brasil Pouso Alegre 5 S/A","","sócio-diretor.titular@intermodalbrasilpousoalegre5sa.com.br"
"Sócio-Diretor Titular","Nexus Transportes Aparecida de Goiânia 5 Ltda.","","sócio-diretor.titular@nexustransportesaparecidadegoinia5ltda.com.br"
"Sócio-Diretor Titular","AgroLog Cargas Anápolis 5 Ltda.","","sócio-diretor.titular@agrologcargasanpolis5ltda.com.br"
"Sócio-Diretor Titular","Porto Logística Campo Grande 5 S/A","","sócio-diretor.titular@portologsticacampogrande5sa.com.br"
"Sócio-Diretor Titular","TransFrigo Rondonópolis 5 Ltda.","","sócio-diretor.titular@transfrigorondonpolis5ltda.com.br"
"Sócio-Diretor Titular","Prime Cargas Cuiabá 5 Ltda.","","sócio-diretor.titular@primecargascuiab5ltda.com.br"
"Sócio-Diretor Titular","TransQuímica Santos 5 S/A","","sócio-diretor.titular@transqumicasantos5sa.com.br"
"Sócio-Diretor Titular","Líder Log Campinas 5 Ltda.","","sócio-diretor.titular@lderlogcampinas5ltda.com.br"
"Sócio-Diretor Titular","Apex Transportes Guarulhos 5 Ltda.","","sócio-diretor.titular@apextransportesguarulhos5ltda.com.br"
"Sócio-Diretor Titular","Matrix Logística São José dos Campos 5 S/A","","sócio-diretor.titular@matrixlogsticasojosdoscampos5sa.com.br"
"Sócio-Diretor Titular","Master Cargas Paulínia 5 Ltda.","","sócio-diretor.titular@mastercargaspaulnia5ltda.com.br"
"Sócio-Diretor Titular","Omni Log Ribeirão Preto 5 Ltda.","","sócio-diretor.titular@omnilogribeiropreto5ltda.com.br"
"Sócio-Diretor Titular","TransLog Paranaguá 6 S/A","","sócio-diretor.titular@translogparanagu6sa.com.br"
"Sócio-Diretor Titular","Rodoviário Curitiba 6 Ltda.","","sócio-diretor.titular@rodoviriocuritiba6ltda.com.br"
"Sócio-Diretor Titular","Expresso São José dos Pinhais 6 Ltda.","","sócio-diretor.titular@expressosojosdospinhais6ltda.com.br"
"Sócio-Diretor Titular","Veloce Londrina 6 S/A","","sócio-diretor.titular@velocelondrina6sa.com.br"
"Sócio-Diretor Titular","MegaLog Itajaí 6 Ltda.","","sócio-diretor.titular@megalogitaja6ltda.com.br"
"Sócio-Diretor Titular","Aliança Logística Navegantes 6 Ltda.","","sócio-diretor.titular@alianalogsticanavegantes6ltda.com.br"
"Sócio-Diretor Titular","Transmodal Joinville 6 S/A","","sócio-diretor.titular@transmodaljoinville6sa.com.br"
"Sócio-Diretor Titular","Atlas Cargas Rio Grande 6 Ltda.","","sócio-diretor.titular@atlascargasriogrande6ltda.com.br"
"Sócio-Diretor Titular","Bravo Logística Porto Alegre 6 Ltda.","","sócio-diretor.titular@bravologsticaportoalegre6ltda.com.br"
"Sócio-Diretor Titular","Integra Cargas Caxias do Sul 6 S/A","","sócio-diretor.titular@integracargascaxiasdosul6sa.com.br"
"Sócio-Diretor Titular","PionLog Betim 6 Ltda.","","sócio-diretor.titular@pionlogbetim6ltda.com.br"
"Sócio-Diretor Titular","Global Cargo Uberlândia 6 Ltda.","","sócio-diretor.titular@globalcargouberlndia6ltda.com.br"
"Sócio-Diretor Titular","Transcontinental Pouso Alegre 6 S/A","","sócio-diretor.titular@transcontinentalpousoalegre6sa.com.br"
"Sócio-Diretor Titular","Direct Log Aparecida de Goiânia 6 Ltda.","","sócio-diretor.titular@directlogaparecidadegoinia6ltda.com.br"
"Sócio-Diretor Titular","Rota Brasil Anápolis 6 Ltda.","","sócio-diretor.titular@rotabrasilanpolis6ltda.com.br"
"Sócio-Diretor Titular","Sul Cargas Campo Grande 6 S/A","","sócio-diretor.titular@sulcargascampogrande6sa.com.br"
"Sócio-Diretor Titular","TransNorte Rondonópolis 6 Ltda.","","sócio-diretor.titular@transnorterondonpolis6ltda.com.br"
"Sócio-Diretor Titular","TransOeste Cuiabá 6 Ltda.","","sócio-diretor.titular@transoestecuiab6ltda.com.br"
"Sócio-Diretor Titular","Intermodal Brasil Santos 6 S/A","","sócio-diretor.titular@intermodalbrasilsantos6sa.com.br"
"Sócio-Diretor Titular","Nexus Transportes Campinas 6 Ltda.","","sócio-diretor.titular@nexustransportescampinas6ltda.com.br"
"Sócio-Diretor Titular","AgroLog Cargas Guarulhos 6 Ltda.","","sócio-diretor.titular@agrologcargasguarulhos6ltda.com.br"
"Sócio-Diretor Titular","Porto Logística São José dos Campos 6 S/A","","sócio-diretor.titular@portologsticasojosdoscampos6sa.com.br"
"Sócio-Diretor Titular","TransFrigo Paulínia 6 Ltda.","","sócio-diretor.titular@transfrigopaulnia6ltda.com.br"
"Sócio-Diretor Titular","Prime Cargas Ribeirão Preto 6 Ltda.","","sócio-diretor.titular@primecargasribeiropreto6ltda.com.br"
"Sócio-Diretor Titular","TransQuímica Paranaguá 6 S/A","","sócio-diretor.titular@transqumicaparanagu6sa.com.br"
"Sócio-Diretor Titular","Líder Log Curitiba 6 Ltda.","","sócio-diretor.titular@lderlogcuritiba6ltda.com.br"
"Sócio-Diretor Titular","Apex Transportes São José dos Pinhais 6 Ltda.","","sócio-diretor.titular@apextransportessojosdospinhais6ltda.com.br"
"Sócio-Diretor Titular","Matrix Logística Londrina 6 S/A","","sócio-diretor.titular@matrixlogsticalondrina6sa.com.br"
"Sócio-Diretor Titular","Master Cargas Itajaí 6 Ltda.","","sócio-diretor.titular@mastercargasitaja6ltda.com.br"
"Sócio-Diretor Titular","Omni Log Navegantes 6 Ltda.","","sócio-diretor.titular@omnilognavegantes6ltda.com.br"
"Sócio-Diretor Titular","TransLog Joinville 7 S/A","","sócio-diretor.titular@translogjoinville7sa.com.br"
"Sócio-Diretor Titular","Rodoviário Rio Grande 7 Ltda.","","sócio-diretor.titular@rodovirioriogrande7ltda.com.br"
"Sócio-Diretor Titular","Expresso Porto Alegre 7 Ltda.","","sócio-diretor.titular@expressoportoalegre7ltda.com.br"
"Sócio-Diretor Titular","Veloce Caxias do Sul 7 S/A","","sócio-diretor.titular@velocecaxiasdosul7sa.com.br"
"Sócio-Diretor Titular","MegaLog Betim 7 Ltda.","","sócio-diretor.titular@megalogbetim7ltda.com.br"
"Sócio-Diretor Titular","Aliança Logística Uberlândia 7 Ltda.","","sócio-diretor.titular@alianalogsticauberlndia7ltda.com.br"
"Sócio-Diretor Titular","Transmodal Pouso Alegre 7 S/A","","sócio-diretor.titular@transmodalpousoalegre7sa.com.br"
"Sócio-Diretor Titular","Atlas Cargas Aparecida de Goiânia 7 Ltda.","","sócio-diretor.titular@atlascargasaparecidadegoinia7ltda.com.br"
"Sócio-Diretor Titular","Bravo Logística Anápolis 7 Ltda.","","sócio-diretor.titular@bravologsticaanpolis7ltda.com.br"
"Sócio-Diretor Titular","Integra Cargas Campo Grande 7 S/A","","sócio-diretor.titular@integracargascampogrande7sa.com.br"
"Sócio-Diretor Titular","PionLog Rondonópolis 7 Ltda.","","sócio-diretor.titular@pionlogrondonpolis7ltda.com.br"
"Sócio-Diretor Titular","Global Cargo Cuiabá 7 Ltda.","","sócio-diretor.titular@globalcargocuiab7ltda.com.br"
"Sócio-Diretor Titular","Transcontinental Santos 7 S/A","","sócio-diretor.titular@transcontinentalsantos7sa.com.br"
"Sócio-Diretor Titular","Direct Log Campinas 7 Ltda.","","sócio-diretor.titular@directlogcampinas7ltda.com.br"
"Sócio-Diretor Titular","Rota Brasil Guarulhos 7 Ltda.","","sócio-diretor.titular@rotabrasilguarulhos7ltda.com.br"
"Sócio-Diretor Titular","Sul Cargas São José dos Campos 7 S/A","","sócio-diretor.titular@sulcargassojosdoscampos7sa.com.br"
"Sócio-Diretor Titular","TransNorte Paulínia 7 Ltda.","","sócio-diretor.titular@transnortepaulnia7ltda.com.br"
"Sócio-Diretor Titular","TransOeste Ribeirão Preto 7 Ltda.","","sócio-diretor.titular@transoesteribeiropreto7ltda.com.br"
"Sócio-Diretor Titular","Intermodal Brasil Paranaguá 7 S/A","","sócio-diretor.titular@intermodalbrasilparanagu7sa.com.br"
"Sócio-Diretor Titular","Nexus Transportes Curitiba 7 Ltda.","","sócio-diretor.titular@nexustransportescuritiba7ltda.com.br"
"Sócio-Diretor Titular","AgroLog Cargas São José dos Pinhais 7 Ltda.","","sócio-diretor.titular@agrologcargassojosdospinhais7ltda.com.br"
"Sócio-Diretor Titular","Porto Logística Londrina 7 S/A","","sócio-diretor.titular@portologsticalondrina7sa.com.br"
"Sócio-Diretor Titular","TransFrigo Itajaí 7 Ltda.","","sócio-diretor.titular@transfrigoitaja7ltda.com.br"
"Sócio-Diretor Titular","Prime Cargas Navegantes 7 Ltda.","","sócio-diretor.titular@primecargasnavegantes7ltda.com.br"
"Sócio-Diretor Titular","TransQuímica Joinville 7 S/A","","sócio-diretor.titular@transqumicajoinville7sa.com.br"
"Sócio-Diretor Titular","Líder Log Rio Grande 7 Ltda.","","sócio-diretor.titular@lderlogriogrande7ltda.com.br"
"Sócio-Diretor Titular","Apex Transportes Porto Alegre 7 Ltda.","","sócio-diretor.titular@apextransportesportoalegre7ltda.com.br"
"Sócio-Diretor Titular","Matrix Logística Caxias do Sul 7 S/A","","sócio-diretor.titular@matrixlogsticacaxiasdosul7sa.com.br"
"Sócio-Diretor Titular","Master Cargas Betim 7 Ltda.","","sócio-diretor.titular@mastercargasbetim7ltda.com.br"
"Sócio-Diretor Titular","Omni Log Uberlândia 7 Ltda.","","sócio-diretor.titular@omniloguberlndia7ltda.com.br"
"Sócio-Diretor Titular","TransLog Pouso Alegre 8 S/A","","sócio-diretor.titular@translogpousoalegre8sa.com.br"
"Sócio-Diretor Titular","Rodoviário Aparecida de Goiânia 8 Ltda.","","sócio-diretor.titular@rodovirioaparecidadegoinia8ltda.com.br"
"Sócio-Diretor Titular","Expresso Anápolis 8 Ltda.","","sócio-diretor.titular@expressoanpolis8ltda.com.br"
"Sócio-Diretor Titular","Veloce Campo Grande 8 S/A","","sócio-diretor.titular@velocecampogrande8sa.com.br"
"Sócio-Diretor Titular","MegaLog Rondonópolis 8 Ltda.","","sócio-diretor.titular@megalogrondonpolis8ltda.com.br"
"Sócio-Diretor Titular","Aliança Logística Cuiabá 8 Ltda.","","sócio-diretor.titular@alianalogsticacuiab8ltda.com.br"
"Sócio-Diretor Titular","Transmodal Santos 8 S/A","","sócio-diretor.titular@transmodalsantos8sa.com.br"
"Sócio-Diretor Titular","Atlas Cargas Campinas 8 Ltda.","","sócio-diretor.titular@atlascargascampinas8ltda.com.br"
"Sócio-Diretor Titular","Bravo Logística Guarulhos 8 Ltda.","","sócio-diretor.titular@bravologsticaguarulhos8ltda.com.br"
"Sócio-Diretor Titular","Integra Cargas São José dos Campos 8 S/A","","sócio-diretor.titular@integracargassojosdoscampos8sa.com.br"
"Sócio-Diretor Titular","PionLog Paulínia 8 Ltda.","","sócio-diretor.titular@pionlogpaulnia8ltda.com.br"
"Sócio-Diretor Titular","Global Cargo Ribeirão Preto 8 Ltda.","","sócio-diretor.titular@globalcargoribeiropreto8ltda.com.br"
"Sócio-Diretor Titular","Transcontinental Paranaguá 8 S/A","","sócio-diretor.titular@transcontinentalparanagu8sa.com.br"
"Sócio-Diretor Titular","Direct Log Curitiba 8 Ltda.","","sócio-diretor.titular@directlogcuritiba8ltda.com.br"
"Sócio-Diretor Titular","Rota Brasil São José dos Pinhais 8 Ltda.","","sócio-diretor.titular@rotabrasilsojosdospinhais8ltda.com.br"
"Sócio-Diretor Titular","Sul Cargas Londrina 8 S/A","","sócio-diretor.titular@sulcargaslondrina8sa.com.br"
"Sócio-Diretor Titular","TransNorte Itajaí 8 Ltda.","","sócio-diretor.titular@transnorteitaja8ltda.com.br"
"Sócio-Diretor Titular","TransOeste Navegantes 8 Ltda.","","sócio-diretor.titular@transoestenavegantes8ltda.com.br"
"Sócio-Diretor Titular","Intermodal Brasil Joinville 8 S/A","","sócio-diretor.titular@intermodalbrasiljoinville8sa.com.br"
"Sócio-Diretor Titular","Nexus Transportes Rio Grande 8 Ltda.","","sócio-diretor.titular@nexustransportesriogrande8ltda.com.br"
"Sócio-Diretor Titular","AgroLog Cargas Porto Alegre 8 Ltda.","","sócio-diretor.titular@agrologcargasportoalegre8ltda.com.br"
"Sócio-Diretor Titular","Porto Logística Caxias do Sul 8 S/A","","sócio-diretor.titular@portologsticacaxiasdosul8sa.com.br"
"Sócio-Diretor Titular","TransFrigo Betim 8 Ltda.","","sócio-diretor.titular@transfrigobetim8ltda.com.br"
"Sócio-Diretor Titular","Prime Cargas Uberlândia 8 Ltda.","","sócio-diretor.titular@primecargasuberlndia8ltda.com.br"
"Sócio-Diretor Titular","TransQuímica Pouso Alegre 8 S/A","","sócio-diretor.titular@transqumicapousoalegre8sa.com.br"
"Sócio-Diretor Titular","Líder Log Aparecida de Goiânia 8 Ltda.","","sócio-diretor.titular@lderlogaparecidadegoinia8ltda.com.br"
"Sócio-Diretor Titular","Apex Transportes Anápolis 8 Ltda.","","sócio-diretor.titular@apextransportesanpolis8ltda.com.br"
"Sócio-Diretor Titular","Matrix Logística Campo Grande 8 S/A","","sócio-diretor.titular@matrixlogsticacampogrande8sa.com.br"
"Sócio-Diretor Titular","Master Cargas Rondonópolis 8 Ltda.","","sócio-diretor.titular@mastercargasrondonpolis8ltda.com.br"
"Sócio-Diretor Titular","Omni Log Cuiabá 8 Ltda.","","sócio-diretor.titular@omnilogcuiab8ltda.com.br"
"Sócio-Diretor Titular","TransLog Santos 9 S/A","","sócio-diretor.titular@translogsantos9sa.com.br"
"Sócio-Diretor Titular","Rodoviário Campinas 9 Ltda.","","sócio-diretor.titular@rodoviriocampinas9ltda.com.br"
"Sócio-Diretor Titular","Expresso Guarulhos 9 Ltda.","","sócio-diretor.titular@expressoguarulhos9ltda.com.br"
"Sócio-Diretor Titular","Veloce São José dos Campos 9 S/A","","sócio-diretor.titular@velocesojosdoscampos9sa.com.br"
"Sócio-Diretor Titular","MegaLog Paulínia 9 Ltda.","","sócio-diretor.titular@megalogpaulnia9ltda.com.br"
"Sócio-Diretor Titular","Aliança Logística Ribeirão Preto 9 Ltda.","","sócio-diretor.titular@alianalogsticaribeiropreto9ltda.com.br"
"Sócio-Diretor Titular","Transmodal Paranaguá 9 S/A","","sócio-diretor.titular@transmodalparanagu9sa.com.br"
"Sócio-Diretor Titular","Atlas Cargas Curitiba 9 Ltda.","","sócio-diretor.titular@atlascargascuritiba9ltda.com.br"
"Sócio-Diretor Titular","Bravo Logística São José dos Pinhais 9 Ltda.","","sócio-diretor.titular@bravologsticasojosdospinhais9ltda.com.br"
"Sócio-Diretor Titular","Integra Cargas Londrina 9 S/A","","sócio-diretor.titular@integracargaslondrina9sa.com.br"
"Sócio-Diretor Titular","PionLog Itajaí 9 Ltda.","","sócio-diretor.titular@pionlogitaja9ltda.com.br"
"Sócio-Diretor Titular","Global Cargo Navegantes 9 Ltda.","","sócio-diretor.titular@globalcargonavegantes9ltda.com.br"
"Sócio-Diretor Titular","Transcontinental Joinville 9 S/A","","sócio-diretor.titular@transcontinentaljoinville9sa.com.br"
"Sócio-Diretor Titular","Direct Log Rio Grande 9 Ltda.","","sócio-diretor.titular@directlogriogrande9ltda.com.br"
"Sócio-Diretor Titular","Rota Brasil Porto Alegre 9 Ltda.","","sócio-diretor.titular@rotabrasilportoalegre9ltda.com.br"
"Sócio-Diretor Titular","Sul Cargas Caxias do Sul 9 S/A","","sócio-diretor.titular@sulcargascaxiasdosul9sa.com.br"
"Sócio-Diretor Titular","TransNorte Betim 9 Ltda.","","sócio-diretor.titular@transnortebetim9ltda.com.br"
"Sócio-Diretor Titular","TransOeste Uberlândia 9 Ltda.","","sócio-diretor.titular@transoesteuberlndia9ltda.com.br"
"Sócio-Diretor Titular","Intermodal Brasil Pouso Alegre 9 S/A","","sócio-diretor.titular@intermodalbrasilpousoalegre9sa.com.br"
"Sócio-Diretor Titular","Nexus Transportes Aparecida de Goiânia 9 Ltda.","","sócio-diretor.titular@nexustransportesaparecidadegoinia9ltda.com.br"
"Sócio-Diretor Titular","AgroLog Cargas Anápolis 9 Ltda.","","sócio-diretor.titular@agrologcargasanpolis9ltda.com.br"
"Sócio-Diretor Titular","Porto Logística Campo Grande 9 S/A","","sócio-diretor.titular@portologsticacampogrande9sa.com.br"
"Sócio-Diretor Titular","TransFrigo Rondonópolis 9 Ltda.","","sócio-diretor.titular@transfrigorondonpolis9ltda.com.br"
"Sócio-Diretor Titular","Prime Cargas Cuiabá 9 Ltda.","","sócio-diretor.titular@primecargascuiab9ltda.com.br"
"Sócio-Diretor Titular","TransQuímica Santos 9 S/A","","sócio-diretor.titular@transqumicasantos9sa.com.br"
"Sócio-Diretor Titular","Líder Log Campinas 9 Ltda.","","sócio-diretor.titular@lderlogcampinas9ltda.com.br"
"Sócio-Diretor Titular","Apex Transportes Guarulhos 9 Ltda.","","sócio-diretor.titular@apextransportesguarulhos9ltda.com.br"
"Sócio-Diretor Titular","Matrix Logística São José dos Campos 9 S/A","","sócio-diretor.titular@matrixlogsticasojosdoscampos9sa.com.br"
"Sócio-Diretor Titular","Master Cargas Paulínia 9 Ltda.","","sócio-diretor.titular@mastercargaspaulnia9ltda.com.br"
"Sócio-Diretor Titular","Omni Log Ribeirão Preto 9 Ltda.","","sócio-diretor.titular@omnilogribeiropreto9ltda.com.br"
"Sócio-Diretor Titular","TransLog Paranaguá 10 S/A","","sócio-diretor.titular@translogparanagu10sa.com.br"
"Sócio-Diretor Titular","Rodoviário Curitiba 10 Ltda.","","sócio-diretor.titular@rodoviriocuritiba10ltda.com.br"
"Sócio-Diretor Titular","Expresso São José dos Pinhais 10 Ltda.","","sócio-diretor.titular@expressosojosdospinhais10ltda.com.br"
"Sócio-Diretor Titular","Veloce Londrina 10 S/A","","sócio-diretor.titular@velocelondrina10sa.com.br"
"Sócio-Diretor Titular","MegaLog Itajaí 10 Ltda.","","sócio-diretor.titular@megalogitaja10ltda.com.br"
"Sócio-Diretor Titular","Aliança Logística Navegantes 10 Ltda.","","sócio-diretor.titular@alianalogsticanavegantes10ltda.com.br"
"Sócio-Diretor Titular","Transmodal Joinville 10 S/A","","sócio-diretor.titular@transmodaljoinville10sa.com.br"
"Sócio-Diretor Titular","Atlas Cargas Rio Grande 10 Ltda.","","sócio-diretor.titular@atlascargasriogrande10ltda.com.br"
"Sócio-Diretor Titular","Bravo Logística Porto Alegre 10 Ltda.","","sócio-diretor.titular@bravologsticaportoalegre10ltda.com.br"
"Sócio-Diretor Titular","Integra Cargas Caxias do Sul 10 S/A","","sócio-diretor.titular@integracargascaxiasdosul10sa.com.br"
"Sócio-Diretor Titular","PionLog Betim 10 Ltda.","","sócio-diretor.titular@pionlogbetim10ltda.com.br"
"Sócio-Diretor Titular","Global Cargo Uberlândia 10 Ltda.","","sócio-diretor.titular@globalcargouberlndia10ltda.com.br"
"Sócio-Diretor Titular","Transcontinental Pouso Alegre 10 S/A","","sócio-diretor.titular@transcontinentalpousoalegre10sa.com.br"
"Sócio-Diretor Titular","Direct Log Aparecida de Goiânia 10 Ltda.","","sócio-diretor.titular@directlogaparecidadegoinia10ltda.com.br"
"Sócio-Diretor Titular","Rota Brasil Anápolis 10 Ltda.","","sócio-diretor.titular@rotabrasilanpolis10ltda.com.br"
"Sócio-Diretor Titular","Sul Cargas Campo Grande 10 S/A","","sócio-diretor.titular@sulcargascampogrande10sa.com.br"
"Sócio-Diretor Titular","TransNorte Rondonópolis 10 Ltda.","","sócio-diretor.titular@transnorterondonpolis10ltda.com.br"
"Sócio-Diretor Titular","TransOeste Cuiabá 10 Ltda.","","sócio-diretor.titular@transoestecuiab10ltda.com.br"
"Sócio-Diretor Titular","Intermodal Brasil Santos 10 S/A","","sócio-diretor.titular@intermodalbrasilsantos10sa.com.br"
"Sócio-Diretor Titular","Nexus Transportes Campinas 10 Ltda.","","sócio-diretor.titular@nexustransportescampinas10ltda.com.br"
"Sócio-Diretor Titular","AgroLog Cargas Guarulhos 10 Ltda.","","sócio-diretor.titular@agrologcargasguarulhos10ltda.com.br"
"Sócio-Diretor Titular","Porto Logística São José dos Campos 10 S/A","","sócio-diretor.titular@portologsticasojosdoscampos10sa.com.br"
"Sócio-Diretor Titular","TransFrigo Paulínia 10 Ltda.","","sócio-diretor.titular@transfrigopaulnia10ltda.com.br"
"Sócio-Diretor Titular","Prime Cargas Ribeirão Preto 10 Ltda.","","sócio-diretor.titular@primecargasribeiropreto10ltda.com.br"
"Sócio-Diretor Titular","TransQuímica Paranaguá 10 S/A","","sócio-diretor.titular@transqumicaparanagu10sa.com.br"
"Sócio-Diretor Titular","Líder Log Curitiba 10 Ltda.","","sócio-diretor.titular@lderlogcuritiba10ltda.com.br"
"Sócio-Diretor Titular","Apex Transportes São José dos Pinhais 10 Ltda.","","sócio-diretor.titular@apextransportessojosdospinhais10ltda.com.br"
"Sócio-Diretor Titular","Matrix Logística Londrina 10 S/A","","sócio-diretor.titular@matrixlogsticalondrina10sa.com.br"
"Sócio-Diretor Titular","Master Cargas Itajaí 10 Ltda.","","sócio-diretor.titular@mastercargasitaja10ltda.com.br"
"Sócio-Diretor Titular","Omni Log Navegantes 10 Ltda.","","sócio-diretor.titular@omnilognavegantes10ltda.com.br"
"Sócio-Diretor Titular","Global Trading Indústria São Paulo Ltda.","","sócio-diretor.titular@globaltradingindstriasopauloltda.com.br"
"Sócio-Diretor Titular","Apex Export & Manufatura Campinas S/A","","sócio-diretor.titular@apexexportmanufaturacampinassa.com.br"
"Sócio-Diretor Titular","InterTrade Indústria São Bernardo do Campo S/A","","sócio-diretor.titular@intertradeindstriasobernardodocamposa.com.br"
"Sócio-Diretor Titular","LusoBrasil Exportadora Piracicaba S/A","","sócio-diretor.titular@lusobrasilexportadorapiracicabasa.com.br"
"Sócio-Diretor Titular","SulAmérica Comércio Exterior Joinville Ltda.","","sócio-diretor.titular@sulamricacomrcioexteriorjoinvilleltda.com.br"
"Sócio-Diretor Titular","Aliança Industrial Export Curitiba S/A","","sócio-diretor.titular@alianaindustrialexportcuritibasa.com.br"
"Sócio-Diretor Titular","Continental Trading Maringá S/A","","sócio-diretor.titular@continentaltradingmaringsa.com.br"
"Sócio-Diretor Titular","Vanguard Manufatura & Trade Cascavel S/A","","sócio-diretor.titular@vanguardmanufaturatradecascavelsa.com.br"
"Sócio-Diretor Titular","Nexus Exportadora Blumenau Ltda.","","sócio-diretor.titular@nexusexportadorablumenaultda.com.br"
"Sócio-Diretor Titular","Pioneira Comércio Internacional Jaraguá do Sul S/A","","sócio-diretor.titular@pioneiracomrciointernacionaljaragudosulsa.com.br"
"Sócio-Diretor Titular","Bravo Indústria & Trade Criciúma S/A","","sócio-diretor.titular@bravoindstriatradecricimasa.com.br"
"Sócio-Diretor Titular","Master Trade Industrial Chapecó S/A","","sócio-diretor.titular@mastertradeindustrialchapecsa.com.br"
"Sócio-Diretor Titular","Omni Export & Import Caxias do Sul Ltda.","","sócio-diretor.titular@omniexportimportcaxiasdosulltda.com.br"
"Sócio-Diretor Titular","Orion Manufatura Exterior Novo Hamburgo S/A","","sócio-diretor.titular@orionmanufaturaexteriornovohamburgosa.com.br"
"Sócio-Diretor Titular","PróTrade Indústria Passo Fundo S/A","","sócio-diretor.titular@prtradeindstriapassofundosa.com.br"
"Sócio-Diretor Titular","Planalto Exportadora Belo Horizonte S/A","","sócio-diretor.titular@planaltoexportadorabelohorizontesa.com.br"
"Sócio-Diretor Titular","Valle Trade Contagem Ltda.","","sócio-diretor.titular@valletradecontagemltda.com.br"
"Sócio-Diretor Titular","Horizonte Export & Import Juiz de Fora S/A","","sócio-diretor.titular@horizonteexportimportjuizdeforasa.com.br"
"Sócio-Diretor Titular","União Industrial Trading Vitória S/A","","sócio-diretor.titular@unioindustrialtradingvitriasa.com.br"
"Sócio-Diretor Titular","Fênix Exportadora Vila Velha S/A","","sócio-diretor.titular@fnixexportadoravilavelhasa.com.br"
"Sócio-Diretor Titular","MaxiTrade Manufatura São Paulo Ltda.","","sócio-diretor.titular@maxitrademanufaturasopauloltda.com.br"
"Sócio-Diretor Titular","BrasilSul Trade Campinas S/A","","sócio-diretor.titular@brasilsultradecampinassa.com.br"
"Sócio-Diretor Titular","EuroTrade Manufatura São Bernardo do Campo S/A","","sócio-diretor.titular@eurotrademanufaturasobernardodocamposa.com.br"
"Sócio-Diretor Titular","PanAmerican Trade Piracicaba S/A","","sócio-diretor.titular@panamericantradepiracicabasa.com.br"
"Sócio-Diretor Titular","Prime Trade Industrial Joinville Ltda.","","sócio-diretor.titular@primetradeindustrialjoinvilleltda.com.br"
"Sócio-Diretor Titular","Vitória Exportadora Curitiba S/A","","sócio-diretor.titular@vitriaexportadoracuritibasa.com.br"
"Sócio-Diretor Titular","Polaris Trade Maringá S/A","","sócio-diretor.titular@polaristrademaringsa.com.br"
"Sócio-Diretor Titular","Global Trading Indústria Cascavel 2 S/A","","sócio-diretor.titular@globaltradingindstriacascavel2sa.com.br"
"Sócio-Diretor Titular","Apex Export & Manufatura Blumenau 2 Ltda.","","sócio-diretor.titular@apexexportmanufaturablumenau2ltda.com.br"
"Sócio-Diretor Titular","InterTrade Indústria Jaraguá do Sul 2 S/A","","sócio-diretor.titular@intertradeindstriajaragudosul2sa.com.br"
"Sócio-Diretor Titular","LusoBrasil Exportadora Criciúma 2 S/A","","sócio-diretor.titular@lusobrasilexportadoracricima2sa.com.br"
"Sócio-Diretor Titular","SulAmérica Comércio Exterior Chapecó 2 S/A","","sócio-diretor.titular@sulamricacomrcioexteriorchapec2sa.com.br"
"Sócio-Diretor Titular","Aliança Industrial Export Caxias do Sul 2 Ltda.","","sócio-diretor.titular@alianaindustrialexportcaxiasdosul2ltda.com.br"
"Sócio-Diretor Titular","Continental Trading Novo Hamburgo 2 S/A","","sócio-diretor.titular@continentaltradingnovohamburgo2sa.com.br"
"Sócio-Diretor Titular","Vanguard Manufatura & Trade Passo Fundo 2 S/A","","sócio-diretor.titular@vanguardmanufaturatradepassofundo2sa.com.br"
"Sócio-Diretor Titular","Nexus Exportadora Belo Horizonte 2 S/A","","sócio-diretor.titular@nexusexportadorabelohorizonte2sa.com.br"
"Sócio-Diretor Titular","Pioneira Comércio Internacional Contagem 2 Ltda.","","sócio-diretor.titular@pioneiracomrciointernacionalcontagem2ltda.com.br"
"Sócio-Diretor Titular","Bravo Indústria & Trade Juiz de Fora 2 S/A","","sócio-diretor.titular@bravoindstriatradejuizdefora2sa.com.br"
"Sócio-Diretor Titular","Master Trade Industrial Vitória 2 S/A","","sócio-diretor.titular@mastertradeindustrialvitria2sa.com.br"
"Sócio-Diretor Titular","Omni Export & Import Vila Velha 2 S/A","","sócio-diretor.titular@omniexportimportvilavelha2sa.com.br"
"Sócio-Diretor Titular","Orion Manufatura Exterior São Paulo 2 Ltda.","","sócio-diretor.titular@orionmanufaturaexteriorsopaulo2ltda.com.br"
"Sócio-Diretor Titular","PróTrade Indústria Campinas 2 S/A","","sócio-diretor.titular@prtradeindstriacampinas2sa.com.br"
"Sócio-Diretor Titular","Planalto Exportadora São Bernardo do Campo 2 S/A","","sócio-diretor.titular@planaltoexportadorasobernardodocampo2sa.com.br"
"Sócio-Diretor Titular","Valle Trade Piracicaba 2 S/A","","sócio-diretor.titular@valletradepiracicaba2sa.com.br"
"Sócio-Diretor Titular","Horizonte Export & Import Joinville 2 Ltda.","","sócio-diretor.titular@horizonteexportimportjoinville2ltda.com.br"
"Sócio-Diretor Titular","União Industrial Trading Curitiba 2 S/A","","sócio-diretor.titular@unioindustrialtradingcuritiba2sa.com.br"
"Sócio-Diretor Titular","Fênix Exportadora Maringá 2 S/A","","sócio-diretor.titular@fnixexportadoramaring2sa.com.br"
"Sócio-Diretor Titular","MaxiTrade Manufatura Cascavel 2 S/A","","sócio-diretor.titular@maxitrademanufaturacascavel2sa.com.br"
"Sócio-Diretor Titular","BrasilSul Trade Blumenau 2 Ltda.","","sócio-diretor.titular@brasilsultradeblumenau2ltda.com.br"
"Sócio-Diretor Titular","EuroTrade Manufatura Jaraguá do Sul 2 S/A","","sócio-diretor.titular@eurotrademanufaturajaragudosul2sa.com.br"
"Sócio-Diretor Titular","PanAmerican Trade Criciúma 2 S/A","","sócio-diretor.titular@panamericantradecricima2sa.com.br"
"Sócio-Diretor Titular","Prime Trade Industrial Chapecó 2 S/A","","sócio-diretor.titular@primetradeindustrialchapec2sa.com.br"
"Sócio-Diretor Titular","Vitória Exportadora Caxias do Sul 2 Ltda.","","sócio-diretor.titular@vitriaexportadoracaxiasdosul2ltda.com.br"
"Sócio-Diretor Titular","Polaris Trade Novo Hamburgo 2 S/A","","sócio-diretor.titular@polaristradenovohamburgo2sa.com.br"
"Sócio-Diretor Titular","Global Trading Indústria Passo Fundo 3 S/A","","sócio-diretor.titular@globaltradingindstriapassofundo3sa.com.br"
"Sócio-Diretor Titular","Apex Export & Manufatura Belo Horizonte 3 S/A","","sócio-diretor.titular@apexexportmanufaturabelohorizonte3sa.com.br"
"Sócio-Diretor Titular","InterTrade Indústria Contagem 3 Ltda.","","sócio-diretor.titular@intertradeindstriacontagem3ltda.com.br"
"Sócio-Diretor Titular","LusoBrasil Exportadora Juiz de Fora 3 S/A","","sócio-diretor.titular@lusobrasilexportadorajuizdefora3sa.com.br"
"Sócio-Diretor Titular","SulAmérica Comércio Exterior Vitória 3 S/A","","sócio-diretor.titular@sulamricacomrcioexteriorvitria3sa.com.br"
"Sócio-Diretor Titular","Aliança Industrial Export Vila Velha 3 S/A","","sócio-diretor.titular@alianaindustrialexportvilavelha3sa.com.br"
"Sócio-Diretor Titular","Continental Trading São Paulo 3 Ltda.","","sócio-diretor.titular@continentaltradingsopaulo3ltda.com.br"
"Sócio-Diretor Titular","Vanguard Manufatura & Trade Campinas 3 S/A","","sócio-diretor.titular@vanguardmanufaturatradecampinas3sa.com.br"
"Sócio-Diretor Titular","Nexus Exportadora São Bernardo do Campo 3 S/A","","sócio-diretor.titular@nexusexportadorasobernardodocampo3sa.com.br"
"Sócio-Diretor Titular","Pioneira Comércio Internacional Piracicaba 3 S/A","","sócio-diretor.titular@pioneiracomrciointernacionalpiracicaba3sa.com.br"
"Sócio-Diretor Titular","Bravo Indústria & Trade Joinville 3 Ltda.","","sócio-diretor.titular@bravoindstriatradejoinville3ltda.com.br"
"Sócio-Diretor Titular","Master Trade Industrial Curitiba 3 S/A","","sócio-diretor.titular@mastertradeindustrialcuritiba3sa.com.br"
"Sócio-Diretor Titular","Omni Export & Import Maringá 3 S/A","","sócio-diretor.titular@omniexportimportmaring3sa.com.br"
"Sócio-Diretor Titular","Orion Manufatura Exterior Cascavel 3 S/A","","sócio-diretor.titular@orionmanufaturaexteriorcascavel3sa.com.br"
"Sócio-Diretor Titular","PróTrade Indústria Blumenau 3 Ltda.","","sócio-diretor.titular@prtradeindstriablumenau3ltda.com.br"
"Sócio-Diretor Titular","Planalto Exportadora Jaraguá do Sul 3 S/A","","sócio-diretor.titular@planaltoexportadorajaragudosul3sa.com.br"
"Sócio-Diretor Titular","Valle Trade Criciúma 3 S/A","","sócio-diretor.titular@valletradecricima3sa.com.br"
"Sócio-Diretor Titular","Horizonte Export & Import Chapecó 3 S/A","","sócio-diretor.titular@horizonteexportimportchapec3sa.com.br"
"Sócio-Diretor Titular","União Industrial Trading Caxias do Sul 3 Ltda.","","sócio-diretor.titular@unioindustrialtradingcaxiasdosul3ltda.com.br"
"Sócio-Diretor Titular","Fênix Exportadora Novo Hamburgo 3 S/A","","sócio-diretor.titular@fnixexportadoranovohamburgo3sa.com.br"
"Sócio-Diretor Titular","MaxiTrade Manufatura Passo Fundo 3 S/A","","sócio-diretor.titular@maxitrademanufaturapassofundo3sa.com.br"
"Sócio-Diretor Titular","BrasilSul Trade Belo Horizonte 3 S/A","","sócio-diretor.titular@brasilsultradebelohorizonte3sa.com.br"
"Sócio-Diretor Titular","EuroTrade Manufatura Contagem 3 Ltda.","","sócio-diretor.titular@eurotrademanufaturacontagem3ltda.com.br"
"Sócio-Diretor Titular","PanAmerican Trade Juiz de Fora 3 S/A","","sócio-diretor.titular@panamericantradejuizdefora3sa.com.br"
"Sócio-Diretor Titular","Prime Trade Industrial Vitória 3 S/A","","sócio-diretor.titular@primetradeindustrialvitria3sa.com.br"
"Sócio-Diretor Titular","Vitória Exportadora Vila Velha 3 S/A","","sócio-diretor.titular@vitriaexportadoravilavelha3sa.com.br"
"Sócio-Diretor Titular","Polaris Trade São Paulo 3 Ltda.","","sócio-diretor.titular@polaristradesopaulo3ltda.com.br"
"Sócio-Diretor Titular","Global Trading Indústria Campinas 4 S/A","","sócio-diretor.titular@globaltradingindstriacampinas4sa.com.br"
"Sócio-Diretor Titular","Apex Export & Manufatura São Bernardo do Campo 4 S/A","","sócio-diretor.titular@apexexportmanufaturasobernardodocampo4sa.com.br"
"Sócio-Diretor Titular","InterTrade Indústria Piracicaba 4 S/A","","sócio-diretor.titular@intertradeindstriapiracicaba4sa.com.br"
"Sócio-Diretor Titular","LusoBrasil Exportadora Joinville 4 Ltda.","","sócio-diretor.titular@lusobrasilexportadorajoinville4ltda.com.br"
"Sócio-Diretor Titular","SulAmérica Comércio Exterior Curitiba 4 S/A","","sócio-diretor.titular@sulamricacomrcioexteriorcuritiba4sa.com.br"
"Sócio-Diretor Titular","Aliança Industrial Export Maringá 4 S/A","","sócio-diretor.titular@alianaindustrialexportmaring4sa.com.br"
"Sócio-Diretor Titular","Continental Trading Cascavel 4 S/A","","sócio-diretor.titular@continentaltradingcascavel4sa.com.br"
"Sócio-Diretor Titular","Vanguard Manufatura & Trade Blumenau 4 Ltda.","","sócio-diretor.titular@vanguardmanufaturatradeblumenau4ltda.com.br"
"Sócio-Diretor Titular","Nexus Exportadora Jaraguá do Sul 4 S/A","","sócio-diretor.titular@nexusexportadorajaragudosul4sa.com.br"
"Sócio-Diretor Titular","Pioneira Comércio Internacional Criciúma 4 S/A","","sócio-diretor.titular@pioneiracomrciointernacionalcricima4sa.com.br"
"Sócio-Diretor Titular","Bravo Indústria & Trade Chapecó 4 S/A","","sócio-diretor.titular@bravoindstriatradechapec4sa.com.br"
"Sócio-Diretor Titular","Master Trade Industrial Caxias do Sul 4 Ltda.","","sócio-diretor.titular@mastertradeindustrialcaxiasdosul4ltda.com.br"
"Sócio-Diretor Titular","Omni Export & Import Novo Hamburgo 4 S/A","","sócio-diretor.titular@omniexportimportnovohamburgo4sa.com.br"
"Sócio-Diretor Titular","Orion Manufatura Exterior Passo Fundo 4 S/A","","sócio-diretor.titular@orionmanufaturaexteriorpassofundo4sa.com.br"
"Sócio-Diretor Titular","PróTrade Indústria Belo Horizonte 4 S/A","","sócio-diretor.titular@prtradeindstriabelohorizonte4sa.com.br"
"Sócio-Diretor Titular","Planalto Exportadora Contagem 4 Ltda.","","sócio-diretor.titular@planaltoexportadoracontagem4ltda.com.br"
"Sócio-Diretor Titular","Valle Trade Juiz de Fora 4 S/A","","sócio-diretor.titular@valletradejuizdefora4sa.com.br"
"Sócio-Diretor Titular","Horizonte Export & Import Vitória 4 S/A","","sócio-diretor.titular@horizonteexportimportvitria4sa.com.br"
"Sócio-Diretor Titular","União Industrial Trading Vila Velha 4 S/A","","sócio-diretor.titular@unioindustrialtradingvilavelha4sa.com.br"
"Sócio-Diretor Titular","Fênix Exportadora São Paulo 4 Ltda.","","sócio-diretor.titular@fnixexportadorasopaulo4ltda.com.br"
"Sócio-Diretor Titular","MaxiTrade Manufatura Campinas 4 S/A","","sócio-diretor.titular@maxitrademanufaturacampinas4sa.com.br"
"Sócio-Diretor Titular","BrasilSul Trade São Bernardo do Campo 4 S/A","","sócio-diretor.titular@brasilsultradesobernardodocampo4sa.com.br"
"Sócio-Diretor Titular","EuroTrade Manufatura Piracicaba 4 S/A","","sócio-diretor.titular@eurotrademanufaturapiracicaba4sa.com.br"
"Sócio-Diretor Titular","PanAmerican Trade Joinville 4 Ltda.","","sócio-diretor.titular@panamericantradejoinville4ltda.com.br"
"Sócio-Diretor Titular","Prime Trade Industrial Curitiba 4 S/A","","sócio-diretor.titular@primetradeindustrialcuritiba4sa.com.br"
"Sócio-Diretor Titular","Vitória Exportadora Maringá 4 S/A","","sócio-diretor.titular@vitriaexportadoramaring4sa.com.br"
"Sócio-Diretor Titular","Polaris Trade Cascavel 4 S/A","","sócio-diretor.titular@polaristradecascavel4sa.com.br"
"Sócio-Diretor Titular","Global Trading Indústria Blumenau 5 Ltda.","","sócio-diretor.titular@globaltradingindstriablumenau5ltda.com.br"
"Sócio-Diretor Titular","Apex Export & Manufatura Jaraguá do Sul 5 S/A","","sócio-diretor.titular@apexexportmanufaturajaragudosul5sa.com.br"
"Sócio-Diretor Titular","InterTrade Indústria Criciúma 5 S/A","","sócio-diretor.titular@intertradeindstriacricima5sa.com.br"
"Sócio-Diretor Titular","LusoBrasil Exportadora Chapecó 5 S/A","","sócio-diretor.titular@lusobrasilexportadorachapec5sa.com.br"
"Sócio-Diretor Titular","SulAmérica Comércio Exterior Caxias do Sul 5 Ltda.","","sócio-diretor.titular@sulamricacomrcioexteriorcaxiasdosul5ltda.com.br"
"Sócio-Diretor Titular","Aliança Industrial Export Novo Hamburgo 5 S/A","","sócio-diretor.titular@alianaindustrialexportnovohamburgo5sa.com.br"
"Sócio-Diretor Titular","Continental Trading Passo Fundo 5 S/A","","sócio-diretor.titular@continentaltradingpassofundo5sa.com.br"
"Sócio-Diretor Titular","Vanguard Manufatura & Trade Belo Horizonte 5 S/A","","sócio-diretor.titular@vanguardmanufaturatradebelohorizonte5sa.com.br"
"Sócio-Diretor Titular","Nexus Exportadora Contagem 5 Ltda.","","sócio-diretor.titular@nexusexportadoracontagem5ltda.com.br"
"Sócio-Diretor Titular","Pioneira Comércio Internacional Juiz de Fora 5 S/A","","sócio-diretor.titular@pioneiracomrciointernacionaljuizdefora5sa.com.br"
"Sócio-Diretor Titular","Bravo Indústria & Trade Vitória 5 S/A","","sócio-diretor.titular@bravoindstriatradevitria5sa.com.br"
"Sócio-Diretor Titular","Master Trade Industrial Vila Velha 5 S/A","","sócio-diretor.titular@mastertradeindustrialvilavelha5sa.com.br"
"Sócio-Diretor Titular","Omni Export & Import São Paulo 5 Ltda.","","sócio-diretor.titular@omniexportimportsopaulo5ltda.com.br"
"Sócio-Diretor Titular","Orion Manufatura Exterior Campinas 5 S/A","","sócio-diretor.titular@orionmanufaturaexteriorcampinas5sa.com.br"
"Sócio-Diretor Titular","PróTrade Indústria São Bernardo do Campo 5 S/A","","sócio-diretor.titular@prtradeindstriasobernardodocampo5sa.com.br"
"Sócio-Diretor Titular","Planalto Exportadora Piracicaba 5 S/A","","sócio-diretor.titular@planaltoexportadorapiracicaba5sa.com.br"
"Sócio-Diretor Titular","Valle Trade Joinville 5 Ltda.","","sócio-diretor.titular@valletradejoinville5ltda.com.br"
"Sócio-Diretor Titular","Horizonte Export & Import Curitiba 5 S/A","","sócio-diretor.titular@horizonteexportimportcuritiba5sa.com.br"
"Sócio-Diretor Titular","União Industrial Trading Maringá 5 S/A","","sócio-diretor.titular@unioindustrialtradingmaring5sa.com.br"
"Sócio-Diretor Titular","Fênix Exportadora Cascavel 5 S/A","","sócio-diretor.titular@fnixexportadoracascavel5sa.com.br"
"Sócio-Diretor Titular","MaxiTrade Manufatura Blumenau 5 Ltda.","","sócio-diretor.titular@maxitrademanufaturablumenau5ltda.com.br"
"Sócio-Diretor Titular","BrasilSul Trade Jaraguá do Sul 5 S/A","","sócio-diretor.titular@brasilsultradejaragudosul5sa.com.br"
"Sócio-Diretor Titular","EuroTrade Manufatura Criciúma 5 S/A","","sócio-diretor.titular@eurotrademanufaturacricima5sa.com.br"
"Sócio-Diretor Titular","PanAmerican Trade Chapecó 5 S/A","","sócio-diretor.titular@panamericantradechapec5sa.com.br"
"Sócio-Diretor Titular","Prime Trade Industrial Caxias do Sul 5 Ltda.","","sócio-diretor.titular@primetradeindustrialcaxiasdosul5ltda.com.br"
"Sócio-Diretor Titular","Vitória Exportadora Novo Hamburgo 5 S/A","","sócio-diretor.titular@vitriaexportadoranovohamburgo5sa.com.br"
"Sócio-Diretor Titular","Polaris Trade Passo Fundo 5 S/A","","sócio-diretor.titular@polaristradepassofundo5sa.com.br"
"Sócio-Diretor Titular","Global Trading Indústria Belo Horizonte 6 S/A","","sócio-diretor.titular@globaltradingindstriabelohorizonte6sa.com.br"
"Sócio-Diretor Titular","Apex Export & Manufatura Contagem 6 Ltda.","","sócio-diretor.titular@apexexportmanufaturacontagem6ltda.com.br"
"Sócio-Diretor Titular","InterTrade Indústria Juiz de Fora 6 S/A","","sócio-diretor.titular@intertradeindstriajuizdefora6sa.com.br"
"Sócio-Diretor Titular","LusoBrasil Exportadora Vitória 6 S/A","","sócio-diretor.titular@lusobrasilexportadoravitria6sa.com.br"
"Sócio-Diretor Titular","SulAmérica Comércio Exterior Vila Velha 6 S/A","","sócio-diretor.titular@sulamricacomrcioexteriorvilavelha6sa.com.br"
"Sócio-Diretor Titular","Aliança Industrial Export São Paulo 6 Ltda.","","sócio-diretor.titular@alianaindustrialexportsopaulo6ltda.com.br"
"Sócio-Diretor Titular","Continental Trading Campinas 6 S/A","","sócio-diretor.titular@continentaltradingcampinas6sa.com.br"
"Sócio-Diretor Titular","Vanguard Manufatura & Trade São Bernardo do Campo 6 S/A","","sócio-diretor.titular@vanguardmanufaturatradesobernardodocampo6sa.com.br"
"Sócio-Diretor Titular","Nexus Exportadora Piracicaba 6 S/A","","sócio-diretor.titular@nexusexportadorapiracicaba6sa.com.br"
"Sócio-Diretor Titular","Pioneira Comércio Internacional Joinville 6 Ltda.","","sócio-diretor.titular@pioneiracomrciointernacionaljoinville6ltda.com.br"
"Sócio-Diretor Titular","Bravo Indústria & Trade Curitiba 6 S/A","","sócio-diretor.titular@bravoindstriatradecuritiba6sa.com.br"
"Sócio-Diretor Titular","Master Trade Industrial Maringá 6 S/A","","sócio-diretor.titular@mastertradeindustrialmaring6sa.com.br"
"Sócio-Diretor Titular","Omni Export & Import Cascavel 6 S/A","","sócio-diretor.titular@omniexportimportcascavel6sa.com.br"
"Sócio-Diretor Titular","Orion Manufatura Exterior Blumenau 6 Ltda.","","sócio-diretor.titular@orionmanufaturaexteriorblumenau6ltda.com.br"
"Sócio-Diretor Titular","PróTrade Indústria Jaraguá do Sul 6 S/A","","sócio-diretor.titular@prtradeindstriajaragudosul6sa.com.br"
"Sócio-Diretor Titular","Planalto Exportadora Criciúma 6 S/A","","sócio-diretor.titular@planaltoexportadoracricima6sa.com.br"
"Sócio-Diretor Titular","Valle Trade Chapecó 6 S/A","","sócio-diretor.titular@valletradechapec6sa.com.br"
"Sócio-Diretor Titular","Horizonte Export & Import Caxias do Sul 6 Ltda.","","sócio-diretor.titular@horizonteexportimportcaxiasdosul6ltda.com.br"
"Sócio-Diretor Titular","União Industrial Trading Novo Hamburgo 6 S/A","","sócio-diretor.titular@unioindustrialtradingnovohamburgo6sa.com.br"
"Sócio-Diretor Titular","Fênix Exportadora Passo Fundo 6 S/A","","sócio-diretor.titular@fnixexportadorapassofundo6sa.com.br"
"Sócio-Diretor Titular","MaxiTrade Manufatura Belo Horizonte 6 S/A","","sócio-diretor.titular@maxitrademanufaturabelohorizonte6sa.com.br"
"Sócio-Diretor Titular","BrasilSul Trade Contagem 6 Ltda.","","sócio-diretor.titular@brasilsultradecontagem6ltda.com.br"
"Sócio-Diretor Titular","EuroTrade Manufatura Juiz de Fora 6 S/A","","sócio-diretor.titular@eurotrademanufaturajuizdefora6sa.com.br"
"Sócio-Diretor Titular","PanAmerican Trade Vitória 6 S/A","","sócio-diretor.titular@panamericantradevitria6sa.com.br"
"Sócio-Diretor Titular","Prime Trade Industrial Vila Velha 6 S/A","","sócio-diretor.titular@primetradeindustrialvilavelha6sa.com.br"
"Sócio-Diretor Titular","Vitória Exportadora São Paulo 6 Ltda.","","sócio-diretor.titular@vitriaexportadorasopaulo6ltda.com.br"
"Sócio-Diretor Titular","Polaris Trade Campinas 6 S/A","","sócio-diretor.titular@polaristradecampinas6sa.com.br"
"Sócio-Diretor Titular","Global Trading Indústria São Bernardo do Campo 7 S/A","","sócio-diretor.titular@globaltradingindstriasobernardodocampo7sa.com.br"
"Sócio-Diretor Titular","Apex Export & Manufatura Piracicaba 7 S/A","","sócio-diretor.titular@apexexportmanufaturapiracicaba7sa.com.br"
"Sócio-Diretor Titular","InterTrade Indústria Joinville 7 Ltda.","","sócio-diretor.titular@intertradeindstriajoinville7ltda.com.br"
"Sócio-Diretor Titular","LusoBrasil Exportadora Curitiba 7 S/A","","sócio-diretor.titular@lusobrasilexportadoracuritiba7sa.com.br"
"Sócio-Diretor Titular","SulAmérica Comércio Exterior Maringá 7 S/A","","sócio-diretor.titular@sulamricacomrcioexteriormaring7sa.com.br"
"Sócio-Diretor Titular","Aliança Industrial Export Cascavel 7 S/A","","sócio-diretor.titular@alianaindustrialexportcascavel7sa.com.br"
"Sócio-Diretor Titular","Continental Trading Blumenau 7 Ltda.","","sócio-diretor.titular@continentaltradingblumenau7ltda.com.br"
"Sócio-Diretor Titular","Vanguard Manufatura & Trade Jaraguá do Sul 7 S/A","","sócio-diretor.titular@vanguardmanufaturatradejaragudosul7sa.com.br"
"Sócio-Diretor Titular","Nexus Exportadora Criciúma 7 S/A","","sócio-diretor.titular@nexusexportadoracricima7sa.com.br"
"Sócio-Diretor Titular","Pioneira Comércio Internacional Chapecó 7 S/A","","sócio-diretor.titular@pioneiracomrciointernacionalchapec7sa.com.br"
"Sócio-Diretor Titular","Bravo Indústria & Trade Caxias do Sul 7 Ltda.","","sócio-diretor.titular@bravoindstriatradecaxiasdosul7ltda.com.br"
"Sócio-Diretor Titular","Master Trade Industrial Novo Hamburgo 7 S/A","","sócio-diretor.titular@mastertradeindustrialnovohamburgo7sa.com.br"
"Sócio-Diretor Titular","Omni Export & Import Passo Fundo 7 S/A","","sócio-diretor.titular@omniexportimportpassofundo7sa.com.br"
"Sócio-Diretor Titular","Orion Manufatura Exterior Belo Horizonte 7 S/A","","sócio-diretor.titular@orionmanufaturaexteriorbelohorizonte7sa.com.br"
"Sócio-Diretor Titular","PróTrade Indústria Contagem 7 Ltda.","","sócio-diretor.titular@prtradeindstriacontagem7ltda.com.br"
"Sócio-Diretor Titular","Planalto Exportadora Juiz de Fora 7 S/A","","sócio-diretor.titular@planaltoexportadorajuizdefora7sa.com.br"
"Sócio-Diretor Titular","Valle Trade Vitória 7 S/A","","sócio-diretor.titular@valletradevitria7sa.com.br"
"Sócio-Diretor Titular","Horizonte Export & Import Vila Velha 7 S/A","","sócio-diretor.titular@horizonteexportimportvilavelha7sa.com.br"
"Sócio-Diretor Titular","União Industrial Trading São Paulo 7 Ltda.","","sócio-diretor.titular@unioindustrialtradingsopaulo7ltda.com.br"
"Sócio-Diretor Titular","Fênix Exportadora Campinas 7 S/A","","sócio-diretor.titular@fnixexportadoracampinas7sa.com.br"
"Sócio-Diretor Titular","MaxiTrade Manufatura São Bernardo do Campo 7 S/A","","sócio-diretor.titular@maxitrademanufaturasobernardodocampo7sa.com.br"
"Sócio-Diretor Titular","BrasilSul Trade Piracicaba 7 S/A","","sócio-diretor.titular@brasilsultradepiracicaba7sa.com.br"
"Sócio-Diretor Titular","EuroTrade Manufatura Joinville 7 Ltda.","","sócio-diretor.titular@eurotrademanufaturajoinville7ltda.com.br"
"Sócio-Diretor Titular","PanAmerican Trade Curitiba 7 S/A","","sócio-diretor.titular@panamericantradecuritiba7sa.com.br"
"Sócio-Diretor Titular","Prime Trade Industrial Maringá 7 S/A","","sócio-diretor.titular@primetradeindustrialmaring7sa.com.br"
"Sócio-Diretor Titular","Vitória Exportadora Cascavel 7 S/A","","sócio-diretor.titular@vitriaexportadoracascavel7sa.com.br"
"Sócio-Diretor Titular","Polaris Trade Blumenau 7 Ltda.","","sócio-diretor.titular@polaristradeblumenau7ltda.com.br"
"Sócio-Diretor Titular","Global Trading Indústria Jaraguá do Sul 8 S/A","","sócio-diretor.titular@globaltradingindstriajaragudosul8sa.com.br"
"Sócio-Diretor Titular","Apex Export & Manufatura Criciúma 8 S/A","","sócio-diretor.titular@apexexportmanufaturacricima8sa.com.br"
"Sócio-Diretor Titular","InterTrade Indústria Chapecó 8 S/A","","sócio-diretor.titular@intertradeindstriachapec8sa.com.br"
"Sócio-Diretor Titular","LusoBrasil Exportadora Caxias do Sul 8 Ltda.","","sócio-diretor.titular@lusobrasilexportadoracaxiasdosul8ltda.com.br"
"Sócio-Diretor Titular","SulAmérica Comércio Exterior Novo Hamburgo 8 S/A","","sócio-diretor.titular@sulamricacomrcioexteriornovohamburgo8sa.com.br"
"Sócio-Diretor Titular","Aliança Industrial Export Passo Fundo 8 S/A","","sócio-diretor.titular@alianaindustrialexportpassofundo8sa.com.br"
"Sócio-Diretor Titular","Continental Trading Belo Horizonte 8 S/A","","sócio-diretor.titular@continentaltradingbelohorizonte8sa.com.br"
"Sócio-Diretor Titular","Vanguard Manufatura & Trade Contagem 8 Ltda.","","sócio-diretor.titular@vanguardmanufaturatradecontagem8ltda.com.br"
"Sócio-Diretor Titular","Nexus Exportadora Juiz de Fora 8 S/A","","sócio-diretor.titular@nexusexportadorajuizdefora8sa.com.br"
"Sócio-Diretor Titular","Pioneira Comércio Internacional Vitória 8 S/A","","sócio-diretor.titular@pioneiracomrciointernacionalvitria8sa.com.br"
"Sócio-Diretor Titular","Bravo Indústria & Trade Vila Velha 8 S/A","","sócio-diretor.titular@bravoindstriatradevilavelha8sa.com.br"
"Sócio-Diretor Titular","Master Trade Industrial São Paulo 8 Ltda.","","sócio-diretor.titular@mastertradeindustrialsopaulo8ltda.com.br"
"Sócio-Diretor Titular","Omni Export & Import Campinas 8 S/A","","sócio-diretor.titular@omniexportimportcampinas8sa.com.br"
"Sócio-Diretor Titular","Orion Manufatura Exterior São Bernardo do Campo 8 S/A","","sócio-diretor.titular@orionmanufaturaexteriorsobernardodocampo8sa.com.br"
"Sócio-Diretor Titular","PróTrade Indústria Piracicaba 8 S/A","","sócio-diretor.titular@prtradeindstriapiracicaba8sa.com.br"
"Sócio-Diretor Titular","Planalto Exportadora Joinville 8 Ltda.","","sócio-diretor.titular@planaltoexportadorajoinville8ltda.com.br"
"Sócio-Diretor Titular","Valle Trade Curitiba 8 S/A","","sócio-diretor.titular@valletradecuritiba8sa.com.br"
"Sócio-Diretor Titular","Horizonte Export & Import Maringá 8 S/A","","sócio-diretor.titular@horizonteexportimportmaring8sa.com.br"
"Sócio-Diretor Titular","União Industrial Trading Cascavel 8 S/A","","sócio-diretor.titular@unioindustrialtradingcascavel8sa.com.br"
"Sócio-Diretor Titular","Fênix Exportadora Blumenau 8 Ltda.","","sócio-diretor.titular@fnixexportadorablumenau8ltda.com.br"
"Sócio-Diretor Titular","MaxiTrade Manufatura Jaraguá do Sul 8 S/A","","sócio-diretor.titular@maxitrademanufaturajaragudosul8sa.com.br"
"Sócio-Diretor Titular","BrasilSul Trade Criciúma 8 S/A","","sócio-diretor.titular@brasilsultradecricima8sa.com.br"
"Sócio-Diretor Titular","EuroTrade Manufatura Chapecó 8 S/A","","sócio-diretor.titular@eurotrademanufaturachapec8sa.com.br"
"Sócio-Diretor Titular","PanAmerican Trade Caxias do Sul 8 Ltda.","","sócio-diretor.titular@panamericantradecaxiasdosul8ltda.com.br"
"Sócio-Diretor Titular","Prime Trade Industrial Novo Hamburgo 8 S/A","","sócio-diretor.titular@primetradeindustrialnovohamburgo8sa.com.br"
"Sócio-Diretor Titular","Vitória Exportadora Passo Fundo 8 S/A","","sócio-diretor.titular@vitriaexportadorapassofundo8sa.com.br"
"Sócio-Diretor Titular","Polaris Trade Belo Horizonte 8 S/A","","sócio-diretor.titular@polaristradebelohorizonte8sa.com.br"
"Sócio-Diretor Titular","Global Trading Indústria Contagem 9 Ltda.","","sócio-diretor.titular@globaltradingindstriacontagem9ltda.com.br"
"Sócio-Diretor Titular","Apex Export & Manufatura Juiz de Fora 9 S/A","","sócio-diretor.titular@apexexportmanufaturajuizdefora9sa.com.br"
"Sócio-Diretor Titular","InterTrade Indústria Vitória 9 S/A","","sócio-diretor.titular@intertradeindstriavitria9sa.com.br"
"Sócio-Diretor Titular","LusoBrasil Exportadora Vila Velha 9 S/A","","sócio-diretor.titular@lusobrasilexportadoravilavelha9sa.com.br"
"Sócio-Diretor Titular","SulAmérica Comércio Exterior São Paulo 9 Ltda.","","sócio-diretor.titular@sulamricacomrcioexteriorsopaulo9ltda.com.br"
"Sócio-Diretor Titular","Aliança Industrial Export Campinas 9 S/A","","sócio-diretor.titular@alianaindustrialexportcampinas9sa.com.br"
"Sócio-Diretor Titular","Continental Trading São Bernardo do Campo 9 S/A","","sócio-diretor.titular@continentaltradingsobernardodocampo9sa.com.br"
"Sócio-Diretor Titular","Vanguard Manufatura & Trade Piracicaba 9 S/A","","sócio-diretor.titular@vanguardmanufaturatradepiracicaba9sa.com.br"
"Sócio-Diretor Titular","Nexus Exportadora Joinville 9 Ltda.","","sócio-diretor.titular@nexusexportadorajoinville9ltda.com.br"
"Sócio-Diretor Titular","Pioneira Comércio Internacional Curitiba 9 S/A","","sócio-diretor.titular@pioneiracomrciointernacionalcuritiba9sa.com.br"
"Sócio-Diretor Titular","Bravo Indústria & Trade Maringá 9 S/A","","sócio-diretor.titular@bravoindstriatrademaring9sa.com.br"
"Sócio-Diretor Titular","Master Trade Industrial Cascavel 9 S/A","","sócio-diretor.titular@mastertradeindustrialcascavel9sa.com.br"
"Sócio-Diretor Titular","Omni Export & Import Blumenau 9 Ltda.","","sócio-diretor.titular@omniexportimportblumenau9ltda.com.br"
"Sócio-Diretor Titular","Orion Manufatura Exterior Jaraguá do Sul 9 S/A","","sócio-diretor.titular@orionmanufaturaexteriorjaragudosul9sa.com.br"
"Sócio-Diretor Titular","PróTrade Indústria Criciúma 9 S/A","","sócio-diretor.titular@prtradeindstriacricima9sa.com.br"
"Sócio-Diretor Titular","Planalto Exportadora Chapecó 9 S/A","","sócio-diretor.titular@planaltoexportadorachapec9sa.com.br"
"Sócio-Diretor Titular","Valle Trade Caxias do Sul 9 Ltda.","","sócio-diretor.titular@valletradecaxiasdosul9ltda.com.br"
"Sócio-Diretor Titular","Horizonte Export & Import Novo Hamburgo 9 S/A","","sócio-diretor.titular@horizonteexportimportnovohamburgo9sa.com.br"
"Sócio-Diretor Titular","União Industrial Trading Passo Fundo 9 S/A","","sócio-diretor.titular@unioindustrialtradingpassofundo9sa.com.br"
"Sócio-Diretor Titular","Fênix Exportadora Belo Horizonte 9 S/A","","sócio-diretor.titular@fnixexportadorabelohorizonte9sa.com.br"
"Sócio-Diretor Titular","MaxiTrade Manufatura Contagem 9 Ltda.","","sócio-diretor.titular@maxitrademanufaturacontagem9ltda.com.br"
"Sócio-Diretor Titular","BrasilSul Trade Juiz de Fora 9 S/A","","sócio-diretor.titular@brasilsultradejuizdefora9sa.com.br"
"Sócio-Diretor Titular","EuroTrade Manufatura Vitória 9 S/A","","sócio-diretor.titular@eurotrademanufaturavitria9sa.com.br"
"Sócio-Diretor Titular","PanAmerican Trade Vila Velha 9 S/A","","sócio-diretor.titular@panamericantradevilavelha9sa.com.br"
"Sócio-Diretor Titular","Prime Trade Industrial São Paulo 9 Ltda.","","sócio-diretor.titular@primetradeindustrialsopaulo9ltda.com.br"
"Sócio-Diretor Titular","Vitória Exportadora Campinas 9 S/A","","sócio-diretor.titular@vitriaexportadoracampinas9sa.com.br"
"Sócio-Diretor Titular","Polaris Trade São Bernardo do Campo 9 S/A","","sócio-diretor.titular@polaristradesobernardodocampo9sa.com.br"
"Sócio-Diretor Titular","Global Trading Indústria Piracicaba 10 S/A","","sócio-diretor.titular@globaltradingindstriapiracicaba10sa.com.br"
"Sócio-Diretor Titular","Apex Export & Manufatura Joinville 10 Ltda.","","sócio-diretor.titular@apexexportmanufaturajoinville10ltda.com.br"
"Sócio-Diretor Titular","InterTrade Indústria Curitiba 10 S/A","","sócio-diretor.titular@intertradeindstriacuritiba10sa.com.br"
"Sócio-Diretor Titular","LusoBrasil Exportadora Maringá 10 S/A","","sócio-diretor.titular@lusobrasilexportadoramaring10sa.com.br"
"Sócio-Diretor Titular","SulAmérica Comércio Exterior Cascavel 10 S/A","","sócio-diretor.titular@sulamricacomrcioexteriorcascavel10sa.com.br"
"Sócio-Diretor Titular","Aliança Industrial Export Blumenau 10 Ltda.","","sócio-diretor.titular@alianaindustrialexportblumenau10ltda.com.br"
"Sócio-Diretor Titular","Continental Trading Jaraguá do Sul 10 S/A","","sócio-diretor.titular@continentaltradingjaragudosul10sa.com.br"
"Sócio-Diretor Titular","Vanguard Manufatura & Trade Criciúma 10 S/A","","sócio-diretor.titular@vanguardmanufaturatradecricima10sa.com.br"
"Sócio-Diretor Titular","Nexus Exportadora Chapecó 10 S/A","","sócio-diretor.titular@nexusexportadorachapec10sa.com.br"
"Sócio-Diretor Titular","Pioneira Comércio Internacional Caxias do Sul 10 Ltda.","","sócio-diretor.titular@pioneiracomrciointernacionalcaxiasdosul10ltda.com.br"
"Sócio-Diretor Titular","Bravo Indústria & Trade Novo Hamburgo 10 S/A","","sócio-diretor.titular@bravoindstriatradenovohamburgo10sa.com.br"
"Sócio-Diretor Titular","Master Trade Industrial Passo Fundo 10 S/A","","sócio-diretor.titular@mastertradeindustrialpassofundo10sa.com.br"
"Sócio-Diretor Titular","Omni Export & Import Belo Horizonte 10 S/A","","sócio-diretor.titular@omniexportimportbelohorizonte10sa.com.br"
"Sócio-Diretor Titular","Orion Manufatura Exterior Contagem 10 Ltda.","","sócio-diretor.titular@orionmanufaturaexteriorcontagem10ltda.com.br"
"Sócio-Diretor Titular","PróTrade Indústria Juiz de Fora 10 S/A","","sócio-diretor.titular@prtradeindstriajuizdefora10sa.com.br"
"Sócio-Diretor Titular","Planalto Exportadora Vitória 10 S/A","","sócio-diretor.titular@planaltoexportadoravitria10sa.com.br"
"Sócio-Diretor Titular","Valle Trade Vila Velha 10 S/A","","sócio-diretor.titular@valletradevilavelha10sa.com.br"
"Sócio-Diretor Titular","Horizonte Export & Import São Paulo 10 Ltda.","","sócio-diretor.titular@horizonteexportimportsopaulo10ltda.com.br"
"Sócio-Diretor Titular","União Industrial Trading Campinas 10 S/A","","sócio-diretor.titular@unioindustrialtradingcampinas10sa.com.br"
"Sócio-Diretor Titular","Fênix Exportadora São Bernardo do Campo 10 S/A","","sócio-diretor.titular@fnixexportadorasobernardodocampo10sa.com.br"
"Sócio-Diretor Titular","MaxiTrade Manufatura Piracicaba 10 S/A","","sócio-diretor.titular@maxitrademanufaturapiracicaba10sa.com.br"
"Sócio-Diretor Titular","BrasilSul Trade Joinville 10 Ltda.","","sócio-diretor.titular@brasilsultradejoinville10ltda.com.br"
"Sócio-Diretor Titular","EuroTrade Manufatura Curitiba 10 S/A","","sócio-diretor.titular@eurotrademanufaturacuritiba10sa.com.br"
"Sócio-Diretor Titular","PanAmerican Trade Maringá 10 S/A","","sócio-diretor.titular@panamericantrademaring10sa.com.br"
"Sócio-Diretor Titular","Prime Trade Industrial Cascavel 10 S/A","","sócio-diretor.titular@primetradeindustrialcascavel10sa.com.br"
"Sócio-Diretor Titular","Vitória Exportadora Blumenau 10 Ltda.","","sócio-diretor.titular@vitriaexportadorablumenau10ltda.com.br"
"Sócio-Diretor Titular","Polaris Trade Jaraguá do Sul 10 S/A","","sócio-diretor.titular@polaristradejaragudosul10sa.com.br"
"Sócio-Diretor Titular","Global Trading Indústria Criciúma 11 S/A","","sócio-diretor.titular@globaltradingindstriacricima11sa.com.br"
"Sócio-Diretor Titular","Apex Export & Manufatura Chapecó 11 S/A","","sócio-diretor.titular@apexexportmanufaturachapec11sa.com.br"
"Sócio-Diretor Titular","InterTrade Indústria Caxias do Sul 11 Ltda.","","sócio-diretor.titular@intertradeindstriacaxiasdosul11ltda.com.br"
"Sócio-Diretor Titular","LusoBrasil Exportadora Novo Hamburgo 11 S/A","","sócio-diretor.titular@lusobrasilexportadoranovohamburgo11sa.com.br"
"Sócio-Diretor Titular","SulAmérica Comércio Exterior Passo Fundo 11 S/A","","sócio-diretor.titular@sulamricacomrcioexteriorpassofundo11sa.com.br"
"Sócio-Diretor Titular","Aliança Industrial Export Belo Horizonte 11 S/A","","sócio-diretor.titular@alianaindustrialexportbelohorizonte11sa.com.br"
"Sócio-Diretor Titular","Continental Trading Contagem 11 Ltda.","","sócio-diretor.titular@continentaltradingcontagem11ltda.com.br"
"Sócio-Diretor Titular","Vanguard Manufatura & Trade Juiz de Fora 11 S/A","","sócio-diretor.titular@vanguardmanufaturatradejuizdefora11sa.com.br"
"Sócio-Diretor Titular","Nexus Exportadora Vitória 11 S/A","","sócio-diretor.titular@nexusexportadoravitria11sa.com.br"
"Sócio-Diretor Titular","Pioneira Comércio Internacional Vila Velha 11 S/A","","sócio-diretor.titular@pioneiracomrciointernacionalvilavelha11sa.com.br"
"Sócio-Diretor Titular","Bravo Indústria & Trade São Paulo 11 Ltda.","","sócio-diretor.titular@bravoindstriatradesopaulo11ltda.com.br"
"Sócio-Diretor Titular","Master Trade Industrial Campinas 11 S/A","","sócio-diretor.titular@mastertradeindustrialcampinas11sa.com.br"
"Sócio-Diretor Titular","Omni Export & Import São Bernardo do Campo 11 S/A","","sócio-diretor.titular@omniexportimportsobernardodocampo11sa.com.br"
"Sócio-Diretor Titular","Orion Manufatura Exterior Piracicaba 11 S/A","","sócio-diretor.titular@orionmanufaturaexteriorpiracicaba11sa.com.br"
"Sócio-Diretor Titular","PróTrade Indústria Joinville 11 Ltda.","","sócio-diretor.titular@prtradeindstriajoinville11ltda.com.br"
"Sócio-Diretor Titular","Planalto Exportadora Curitiba 11 S/A","","sócio-diretor.titular@planaltoexportadoracuritiba11sa.com.br"
"Sócio-Diretor Titular","Valle Trade Maringá 11 S/A","","sócio-diretor.titular@valletrademaring11sa.com.br"
"Sócio-Diretor Titular","Horizonte Export & Import Cascavel 11 S/A","","sócio-diretor.titular@horizonteexportimportcascavel11sa.com.br"
"Sócio-Diretor Titular","União Industrial Trading Blumenau 11 Ltda.","","sócio-diretor.titular@unioindustrialtradingblumenau11ltda.com.br"
"Sócio-Diretor Titular","Fênix Exportadora Jaraguá do Sul 11 S/A","","sócio-diretor.titular@fnixexportadorajaragudosul11sa.com.br"
"Sócio-Diretor Titular","MaxiTrade Manufatura Criciúma 11 S/A","","sócio-diretor.titular@maxitrademanufaturacricima11sa.com.br"
"Sócio-Diretor Titular","BrasilSul Trade Chapecó 11 S/A","","sócio-diretor.titular@brasilsultradechapec11sa.com.br"
"Sócio-Diretor Titular","EuroTrade Manufatura Caxias do Sul 11 Ltda.","","sócio-diretor.titular@eurotrademanufaturacaxiasdosul11ltda.com.br"
"Sócio-Diretor Titular","PanAmerican Trade Novo Hamburgo 11 S/A","","sócio-diretor.titular@panamericantradenovohamburgo11sa.com.br"
"Sócio-Diretor Titular","Prime Trade Industrial Passo Fundo 11 S/A","","sócio-diretor.titular@primetradeindustrialpassofundo11sa.com.br"
"Sócio-Diretor Titular","Vitória Exportadora Belo Horizonte 11 S/A","","sócio-diretor.titular@vitriaexportadorabelohorizonte11sa.com.br"
"Sócio-Diretor Titular","Polaris Trade Contagem 11 Ltda.","","sócio-diretor.titular@polaristradecontagem11ltda.com.br"
"Sócio-Diretor Titular","Global Trading Indústria Juiz de Fora 12 S/A","","sócio-diretor.titular@globaltradingindstriajuizdefora12sa.com.br"
"Sócio-Diretor Titular","Apex Export & Manufatura Vitória 12 S/A","","sócio-diretor.titular@apexexportmanufaturavitria12sa.com.br"
"Sócio-Diretor Titular","InterTrade Indústria Vila Velha 12 S/A","","sócio-diretor.titular@intertradeindstriavilavelha12sa.com.br"
"Sócio-Diretor Titular","Agropecuária Sorriso S/A","","sócio-diretor.titular@agropecuriasorrisosa.com.br"
"Sócio-Diretor Titular","Fazendas Reunidas Rondonópolis Ltda.","","sócio-diretor.titular@fazendasreunidasrondonpolisltda.com.br"
"Sócio-Diretor Titular","Agrícola Lucas do Rio Verde Ltda.","","sócio-diretor.titular@agrcolalucasdorioverdeltda.com.br"
"Sócio-Diretor Titular","Agro Grãos Sinop S/A","","sócio-diretor.titular@agrogrossinopsa.com.br"
"Sócio-Diretor Titular","Grupo Agro Nova Mutum Ltda.","","sócio-diretor.titular@grupoagronovamutumltda.com.br"
"Sócio-Diretor Titular","Agropecuária Vale do Primavera do Leste Ltda.","","sócio-diretor.titular@agropecuriavaledoprimaveradolesteltda.com.br"
"Sócio-Diretor Titular","Terra Boa Agronegócios Rio Verde S/A","","sócio-diretor.titular@terraboaagronegciosrioverdesa.com.br"
"Sócio-Diretor Titular","Agro Sementes Jataí Ltda.","","sócio-diretor.titular@agrosementesjataltda.com.br"
"Sócio-Diretor Titular","Pioneira Agro Cristalina Ltda.","","sócio-diretor.titular@pioneiraagrocristalinaltda.com.br"
"Sócio-Diretor Titular","Soberana Agronegócios Itumbiara S/A","","sócio-diretor.titular@soberanaagronegciositumbiarasa.com.br"
"Sócio-Diretor Titular","Aliança Agrícola Dourados Ltda.","","sócio-diretor.titular@alianaagrcoladouradosltda.com.br"
"Sócio-Diretor Titular","Cerrado Agro Maracaju Ltda.","","sócio-diretor.titular@cerradoagromaracajultda.com.br"
"Sócio-Diretor Titular","Planalto Grãos São Gabriel do Oeste S/A","","sócio-diretor.titular@planaltogrossogabrieldooestesa.com.br"
"Sócio-Diretor Titular","Nova Terra Agronegócios Cascavel Ltda.","","sócio-diretor.titular@novaterraagronegcioscascavelltda.com.br"
"Sócio-Diretor Titular","AgroSul Fazendas Toledo Ltda.","","sócio-diretor.titular@agrosulfazendastoledoltda.com.br"
"Sócio-Diretor Titular","Vanguarda Agropecuária Campo Mourão S/A","","sócio-diretor.titular@vanguardaagropecuriacampomourosa.com.br"
"Sócio-Diretor Titular","Integração Agro Castro Ltda.","","sócio-diretor.titular@integraoagrocastroltda.com.br"
"Sócio-Diretor Titular","AgroBrasil Grãos Ribeirão Preto Ltda.","","sócio-diretor.titular@agrobrasilgrosribeiropretoltda.com.br"
"Sócio-Diretor Titular","Master Agro Barretos S/A","","sócio-diretor.titular@masteragrobarretossa.com.br"
"Sócio-Diretor Titular","Agro Forte Fazendas Assis Ltda.","","sócio-diretor.titular@agrofortefazendasassisltda.com.br"
"Sócio-Diretor Titular","Pantanal Agropecuária Uberlândia Ltda.","","sócio-diretor.titular@pantanalagropecuriauberlndialtda.com.br"
"Sócio-Diretor Titular","Celeiro Agro Patos de Minas S/A","","sócio-diretor.titular@celeiroagropatosdeminassa.com.br"
"Sócio-Diretor Titular","Agropecuária Luís Eduardo Magalhães 2 Ltda.","","sócio-diretor.titular@agropecurialuseduardomagalhes2ltda.com.br"
"Sócio-Diretor Titular","Fazendas Reunidas Barreiras 2 Ltda.","","sócio-diretor.titular@fazendasreunidasbarreiras2ltda.com.br"
"Sócio-Diretor Titular","Agrícola Sorriso 2 S/A","","sócio-diretor.titular@agrcolasorriso2sa.com.br"
"Sócio-Diretor Titular","Agro Grãos Rondonópolis 2 Ltda.","","sócio-diretor.titular@agrogrosrondonpolis2ltda.com.br"
"Sócio-Diretor Titular","Grupo Agro Lucas do Rio Verde 2 Ltda.","","sócio-diretor.titular@grupoagrolucasdorioverde2ltda.com.br"
"Sócio-Diretor Titular","Agropecuária Vale do Sinop 2 S/A","","sócio-diretor.titular@agropecuriavaledosinop2sa.com.br"
"Sócio-Diretor Titular","Terra Boa Agronegócios Nova Mutum 2 Ltda.","","sócio-diretor.titular@terraboaagronegciosnovamutum2ltda.com.br"
"Sócio-Diretor Titular","Agro Sementes Primavera do Leste 2 Ltda.","","sócio-diretor.titular@agrosementesprimaveradoleste2ltda.com.br"
"Sócio-Diretor Titular","Pioneira Agro Rio Verde 2 S/A","","sócio-diretor.titular@pioneiraagrorioverde2sa.com.br"
"Sócio-Diretor Titular","Soberana Agronegócios Jataí 2 Ltda.","","sócio-diretor.titular@soberanaagronegciosjata2ltda.com.br"
"Sócio-Diretor Titular","Aliança Agrícola Cristalina 2 Ltda.","","sócio-diretor.titular@alianaagrcolacristalina2ltda.com.br"
"Sócio-Diretor Titular","Cerrado Agro Itumbiara 2 S/A","","sócio-diretor.titular@cerradoagroitumbiara2sa.com.br"
"Sócio-Diretor Titular","Planalto Grãos Dourados 2 Ltda.","","sócio-diretor.titular@planaltogrosdourados2ltda.com.br"
"Sócio-Diretor Titular","Nova Terra Agronegócios Maracaju 2 Ltda.","","sócio-diretor.titular@novaterraagronegciosmaracaju2ltda.com.br"
"Sócio-Diretor Titular","AgroSul Fazendas São Gabriel do Oeste 2 S/A","","sócio-diretor.titular@agrosulfazendassogabrieldooeste2sa.com.br"
"Sócio-Diretor Titular","Vanguarda Agropecuária Cascavel 2 Ltda.","","sócio-diretor.titular@vanguardaagropecuriacascavel2ltda.com.br"
"Sócio-Diretor Titular","Integração Agro Toledo 2 Ltda.","","sócio-diretor.titular@integraoagrotoledo2ltda.com.br"
"Sócio-Diretor Titular","AgroBrasil Grãos Campo Mourão 2 S/A","","sócio-diretor.titular@agrobrasilgroscampomouro2sa.com.br"
"Sócio-Diretor Titular","Master Agro Castro 2 Ltda.","","sócio-diretor.titular@masteragrocastro2ltda.com.br"
"Sócio-Diretor Titular","Agro Forte Fazendas Ribeirão Preto 2 Ltda.","","sócio-diretor.titular@agrofortefazendasribeiropreto2ltda.com.br"
"Sócio-Diretor Titular","Pantanal Agropecuária Barretos 2 S/A","","sócio-diretor.titular@pantanalagropecuriabarretos2sa.com.br"
"Sócio-Diretor Titular","Celeiro Agro Assis 2 Ltda.","","sócio-diretor.titular@celeiroagroassis2ltda.com.br"
"Sócio-Diretor Titular","Agropecuária Uberlândia 3 Ltda.","","sócio-diretor.titular@agropecuriauberlndia3ltda.com.br"
"Sócio-Diretor Titular","Fazendas Reunidas Patos de Minas 3 S/A","","sócio-diretor.titular@fazendasreunidaspatosdeminas3sa.com.br"
"Sócio-Diretor Titular","Agrícola Luís Eduardo Magalhães 3 Ltda.","","sócio-diretor.titular@agrcolaluseduardomagalhes3ltda.com.br"
"Sócio-Diretor Titular","Agro Grãos Barreiras 3 Ltda.","","sócio-diretor.titular@agrogrosbarreiras3ltda.com.br"
"Sócio-Diretor Titular","Grupo Agro Sorriso 3 S/A","","sócio-diretor.titular@grupoagrosorriso3sa.com.br"
"Sócio-Diretor Titular","Agropecuária Vale do Rondonópolis 3 Ltda.","","sócio-diretor.titular@agropecuriavaledorondonpolis3ltda.com.br"
"Sócio-Diretor Titular","Terra Boa Agronegócios Lucas do Rio Verde 3 Ltda.","","sócio-diretor.titular@terraboaagronegcioslucasdorioverde3ltda.com.br"
"Sócio-Diretor Titular","Agro Sementes Sinop 3 S/A","","sócio-diretor.titular@agrosementessinop3sa.com.br"
"Sócio-Diretor Titular","Pioneira Agro Nova Mutum 3 Ltda.","","sócio-diretor.titular@pioneiraagronovamutum3ltda.com.br"
"Sócio-Diretor Titular","Soberana Agronegócios Primavera do Leste 3 Ltda.","","sócio-diretor.titular@soberanaagronegciosprimaveradoleste3ltda.com.br"
"Sócio-Diretor Titular","Aliança Agrícola Rio Verde 3 S/A","","sócio-diretor.titular@alianaagrcolarioverde3sa.com.br"
"Sócio-Diretor Titular","Cerrado Agro Jataí 3 Ltda.","","sócio-diretor.titular@cerradoagrojata3ltda.com.br"
"Sócio-Diretor Titular","Planalto Grãos Cristalina 3 Ltda.","","sócio-diretor.titular@planaltogroscristalina3ltda.com.br"
"Sócio-Diretor Titular","Nova Terra Agronegócios Itumbiara 3 S/A","","sócio-diretor.titular@novaterraagronegciositumbiara3sa.com.br"
"Sócio-Diretor Titular","AgroSul Fazendas Dourados 3 Ltda.","","sócio-diretor.titular@agrosulfazendasdourados3ltda.com.br"
"Sócio-Diretor Titular","Vanguarda Agropecuária Maracaju 3 Ltda.","","sócio-diretor.titular@vanguardaagropecuriamaracaju3ltda.com.br"
"Sócio-Diretor Titular","Integração Agro São Gabriel do Oeste 3 S/A","","sócio-diretor.titular@integraoagrosogabrieldooeste3sa.com.br"
"Sócio-Diretor Titular","AgroBrasil Grãos Cascavel 3 Ltda.","","sócio-diretor.titular@agrobrasilgroscascavel3ltda.com.br"
"Sócio-Diretor Titular","Master Agro Toledo 3 Ltda.","","sócio-diretor.titular@masteragrotoledo3ltda.com.br"
"Sócio-Diretor Titular","Agro Forte Fazendas Campo Mourão 3 S/A","","sócio-diretor.titular@agrofortefazendascampomouro3sa.com.br"
"Sócio-Diretor Titular","Pantanal Agropecuária Castro 3 Ltda.","","sócio-diretor.titular@pantanalagropecuriacastro3ltda.com.br"
"Sócio-Diretor Titular","Celeiro Agro Ribeirão Preto 3 Ltda.","","sócio-diretor.titular@celeiroagroribeiropreto3ltda.com.br"
"Sócio-Diretor Titular","Agropecuária Barretos 4 S/A","","sócio-diretor.titular@agropecuriabarretos4sa.com.br"
"Sócio-Diretor Titular","Fazendas Reunidas Assis 4 Ltda.","","sócio-diretor.titular@fazendasreunidasassis4ltda.com.br"
"Sócio-Diretor Titular","Agrícola Uberlândia 4 Ltda.","","sócio-diretor.titular@agrcolauberlndia4ltda.com.br"
"Sócio-Diretor Titular","Agro Grãos Patos de Minas 4 S/A","","sócio-diretor.titular@agrogrospatosdeminas4sa.com.br"
"Sócio-Diretor Titular","Grupo Agro Luís Eduardo Magalhães 4 Ltda.","","sócio-diretor.titular@grupoagroluseduardomagalhes4ltda.com.br"
"Sócio-Diretor Titular","Agropecuária Vale do Barreiras 4 Ltda.","","sócio-diretor.titular@agropecuriavaledobarreiras4ltda.com.br"
"Sócio-Diretor Titular","Terra Boa Agronegócios Sorriso 4 S/A","","sócio-diretor.titular@terraboaagronegciossorriso4sa.com.br"
"Sócio-Diretor Titular","Agro Sementes Rondonópolis 4 Ltda.","","sócio-diretor.titular@agrosementesrondonpolis4ltda.com.br"
"Sócio-Diretor Titular","Pioneira Agro Lucas do Rio Verde 4 Ltda.","","sócio-diretor.titular@pioneiraagrolucasdorioverde4ltda.com.br"
"Sócio-Diretor Titular","Soberana Agronegócios Sinop 4 S/A","","sócio-diretor.titular@soberanaagronegciossinop4sa.com.br"
"Sócio-Diretor Titular","Aliança Agrícola Nova Mutum 4 Ltda.","","sócio-diretor.titular@alianaagrcolanovamutum4ltda.com.br"
"Sócio-Diretor Titular","Cerrado Agro Primavera do Leste 4 Ltda.","","sócio-diretor.titular@cerradoagroprimaveradoleste4ltda.com.br"
"Sócio-Diretor Titular","Planalto Grãos Rio Verde 4 S/A","","sócio-diretor.titular@planaltogrosrioverde4sa.com.br"
"Sócio-Diretor Titular","Nova Terra Agronegócios Jataí 4 Ltda.","","sócio-diretor.titular@novaterraagronegciosjata4ltda.com.br"
"Sócio-Diretor Titular","AgroSul Fazendas Cristalina 4 Ltda.","","sócio-diretor.titular@agrosulfazendascristalina4ltda.com.br"
"Sócio-Diretor Titular","Vanguarda Agropecuária Itumbiara 4 S/A","","sócio-diretor.titular@vanguardaagropecuriaitumbiara4sa.com.br"
"Sócio-Diretor Titular","Integração Agro Dourados 4 Ltda.","","sócio-diretor.titular@integraoagrodourados4ltda.com.br"
"Sócio-Diretor Titular","AgroBrasil Grãos Maracaju 4 Ltda.","","sócio-diretor.titular@agrobrasilgrosmaracaju4ltda.com.br"
"Sócio-Diretor Titular","Master Agro São Gabriel do Oeste 4 S/A","","sócio-diretor.titular@masteragrosogabrieldooeste4sa.com.br"
"Sócio-Diretor Titular","Agro Forte Fazendas Cascavel 4 Ltda.","","sócio-diretor.titular@agrofortefazendascascavel4ltda.com.br"
"Sócio-Diretor Titular","Pantanal Agropecuária Toledo 4 Ltda.","","sócio-diretor.titular@pantanalagropecuriatoledo4ltda.com.br"
"Sócio-Diretor Titular","Celeiro Agro Campo Mourão 4 S/A","","sócio-diretor.titular@celeiroagrocampomouro4sa.com.br"
"Sócio-Diretor Titular","Agropecuária Castro 5 Ltda.","","sócio-diretor.titular@agropecuriacastro5ltda.com.br"
"Sócio-Diretor Titular","Fazendas Reunidas Ribeirão Preto 5 Ltda.","","sócio-diretor.titular@fazendasreunidasribeiropreto5ltda.com.br"
"Sócio-Diretor Titular","Agrícola Barretos 5 S/A","","sócio-diretor.titular@agrcolabarretos5sa.com.br"
"Sócio-Diretor Titular","Agro Grãos Assis 5 Ltda.","","sócio-diretor.titular@agrogrosassis5ltda.com.br"
"Sócio-Diretor Titular","Grupo Agro Uberlândia 5 Ltda.","","sócio-diretor.titular@grupoagrouberlndia5ltda.com.br"
"Sócio-Diretor Titular","Agropecuária Vale do Patos de Minas 5 S/A","","sócio-diretor.titular@agropecuriavaledopatosdeminas5sa.com.br"
"Sócio-Diretor Titular","Terra Boa Agronegócios Luís Eduardo Magalhães 5 Ltda.","","sócio-diretor.titular@terraboaagronegciosluseduardomagalhes5ltda.com.br"
"Sócio-Diretor Titular","Agro Sementes Barreiras 5 Ltda.","","sócio-diretor.titular@agrosementesbarreiras5ltda.com.br"
"Sócio-Diretor Titular","Pioneira Agro Sorriso 5 S/A","","sócio-diretor.titular@pioneiraagrosorriso5sa.com.br"
"Sócio-Diretor Titular","Soberana Agronegócios Rondonópolis 5 Ltda.","","sócio-diretor.titular@soberanaagronegciosrondonpolis5ltda.com.br"
"Sócio-Diretor Titular","Aliança Agrícola Lucas do Rio Verde 5 Ltda.","","sócio-diretor.titular@alianaagrcolalucasdorioverde5ltda.com.br"
"Sócio-Diretor Titular","Cerrado Agro Sinop 5 S/A","","sócio-diretor.titular@cerradoagrosinop5sa.com.br"
"Sócio-Diretor Titular","Planalto Grãos Nova Mutum 5 Ltda.","","sócio-diretor.titular@planaltogrosnovamutum5ltda.com.br"
"Sócio-Diretor Titular","Nova Terra Agronegócios Primavera do Leste 5 Ltda.","","sócio-diretor.titular@novaterraagronegciosprimaveradoleste5ltda.com.br"
"Sócio-Diretor Titular","AgroSul Fazendas Rio Verde 5 S/A","","sócio-diretor.titular@agrosulfazendasrioverde5sa.com.br"
"Sócio-Diretor Titular","Vanguarda Agropecuária Jataí 5 Ltda.","","sócio-diretor.titular@vanguardaagropecuriajata5ltda.com.br"
"Sócio-Diretor Titular","Integração Agro Cristalina 5 Ltda.","","sócio-diretor.titular@integraoagrocristalina5ltda.com.br"
"Sócio-Diretor Titular","AgroBrasil Grãos Itumbiara 5 S/A","","sócio-diretor.titular@agrobrasilgrositumbiara5sa.com.br"
"Sócio-Diretor Titular","Master Agro Dourados 5 Ltda.","","sócio-diretor.titular@masteragrodourados5ltda.com.br"
"Sócio-Diretor Titular","Agro Forte Fazendas Maracaju 5 Ltda.","","sócio-diretor.titular@agrofortefazendasmaracaju5ltda.com.br"
"Sócio-Diretor Titular","Pantanal Agropecuária São Gabriel do Oeste 5 S/A","","sócio-diretor.titular@pantanalagropecuriasogabrieldooeste5sa.com.br"
"Sócio-Diretor Titular","Celeiro Agro Cascavel 5 Ltda.","","sócio-diretor.titular@celeiroagrocascavel5ltda.com.br"
"Sócio-Diretor Titular","Agropecuária Toledo 6 Ltda.","","sócio-diretor.titular@agropecuriatoledo6ltda.com.br"
"Sócio-Diretor Titular","Fazendas Reunidas Campo Mourão 6 S/A","","sócio-diretor.titular@fazendasreunidascampomouro6sa.com.br"
"Sócio-Diretor Titular","Agrícola Castro 6 Ltda.","","sócio-diretor.titular@agrcolacastro6ltda.com.br"
"Sócio-Diretor Titular","Agro Grãos Ribeirão Preto 6 Ltda.","","sócio-diretor.titular@agrogrosribeiropreto6ltda.com.br"
"Sócio-Diretor Titular","Grupo Agro Barretos 6 S/A","","sócio-diretor.titular@grupoagrobarretos6sa.com.br"
"Sócio-Diretor Titular","Agropecuária Vale do Assis 6 Ltda.","","sócio-diretor.titular@agropecuriavaledoassis6ltda.com.br"
"Sócio-Diretor Titular","Terra Boa Agronegócios Uberlândia 6 Ltda.","","sócio-diretor.titular@terraboaagronegciosuberlndia6ltda.com.br"
"Sócio-Diretor Titular","Agro Sementes Patos de Minas 6 S/A","","sócio-diretor.titular@agrosementespatosdeminas6sa.com.br"
"Sócio-Diretor Titular","Pioneira Agro Luís Eduardo Magalhães 6 Ltda.","","sócio-diretor.titular@pioneiraagroluseduardomagalhes6ltda.com.br"
"Sócio-Diretor Titular","Soberana Agronegócios Barreiras 6 Ltda.","","sócio-diretor.titular@soberanaagronegciosbarreiras6ltda.com.br"
"Sócio-Diretor Titular","Aliança Agrícola Sorriso 6 S/A","","sócio-diretor.titular@alianaagrcolasorriso6sa.com.br"
"Sócio-Diretor Titular","Cerrado Agro Rondonópolis 6 Ltda.","","sócio-diretor.titular@cerradoagrorondonpolis6ltda.com.br"
"Sócio-Diretor Titular","Planalto Grãos Lucas do Rio Verde 6 Ltda.","","sócio-diretor.titular@planaltogroslucasdorioverde6ltda.com.br"
"Sócio-Diretor Titular","Nova Terra Agronegócios Sinop 6 S/A","","sócio-diretor.titular@novaterraagronegciossinop6sa.com.br"
"Sócio-Diretor Titular","AgroSul Fazendas Nova Mutum 6 Ltda.","","sócio-diretor.titular@agrosulfazendasnovamutum6ltda.com.br"
"Sócio-Diretor Titular","Vanguarda Agropecuária Primavera do Leste 6 Ltda.","","sócio-diretor.titular@vanguardaagropecuriaprimaveradoleste6ltda.com.br"
"Sócio-Diretor Titular","Integração Agro Rio Verde 6 S/A","","sócio-diretor.titular@integraoagrorioverde6sa.com.br"
"Sócio-Diretor Titular","AgroBrasil Grãos Jataí 6 Ltda.","","sócio-diretor.titular@agrobrasilgrosjata6ltda.com.br"
"Sócio-Diretor Titular","Master Agro Cristalina 6 Ltda.","","sócio-diretor.titular@masteragrocristalina6ltda.com.br"
"Sócio-Diretor Titular","Agro Forte Fazendas Itumbiara 6 S/A","","sócio-diretor.titular@agrofortefazendasitumbiara6sa.com.br"
"Sócio-Diretor Titular","Pantanal Agropecuária Dourados 6 Ltda.","","sócio-diretor.titular@pantanalagropecuriadourados6ltda.com.br"
"Sócio-Diretor Titular","Celeiro Agro Maracaju 6 Ltda.","","sócio-diretor.titular@celeiroagromaracaju6ltda.com.br"
"Sócio-Diretor Titular","Agropecuária São Gabriel do Oeste 7 S/A","","sócio-diretor.titular@agropecuriasogabrieldooeste7sa.com.br"
"Sócio-Diretor Titular","Fazendas Reunidas Cascavel 7 Ltda.","","sócio-diretor.titular@fazendasreunidascascavel7ltda.com.br"
"Sócio-Diretor Titular","Agrícola Toledo 7 Ltda.","","sócio-diretor.titular@agrcolatoledo7ltda.com.br"
"Sócio-Diretor Titular","Agro Grãos Campo Mourão 7 S/A","","sócio-diretor.titular@agrogroscampomouro7sa.com.br"
"Sócio-Diretor Titular","Grupo Agro Castro 7 Ltda.","","sócio-diretor.titular@grupoagrocastro7ltda.com.br"
"Sócio-Diretor Titular","Agropecuária Vale do Ribeirão Preto 7 Ltda.","","sócio-diretor.titular@agropecuriavaledoribeiropreto7ltda.com.br"
"Sócio-Diretor Titular","Terra Boa Agronegócios Barretos 7 S/A","","sócio-diretor.titular@terraboaagronegciosbarretos7sa.com.br"
"Sócio-Diretor Titular","Agro Sementes Assis 7 Ltda.","","sócio-diretor.titular@agrosementesassis7ltda.com.br"
"Sócio-Diretor Titular","Pioneira Agro Uberlândia 7 Ltda.","","sócio-diretor.titular@pioneiraagrouberlndia7ltda.com.br"
"Sócio-Diretor Titular","Soberana Agronegócios Patos de Minas 7 S/A","","sócio-diretor.titular@soberanaagronegciospatosdeminas7sa.com.br"
"Sócio-Diretor Titular","Aliança Agrícola Luís Eduardo Magalhães 7 Ltda.","","sócio-diretor.titular@alianaagrcolaluseduardomagalhes7ltda.com.br"
"Sócio-Diretor Titular","Cerrado Agro Barreiras 7 Ltda.","","sócio-diretor.titular@cerradoagrobarreiras7ltda.com.br"
"Sócio-Diretor Titular","Planalto Grãos Sorriso 7 S/A","","sócio-diretor.titular@planaltogrossorriso7sa.com.br"
"Sócio-Diretor Titular","Nova Terra Agronegócios Rondonópolis 7 Ltda.","","sócio-diretor.titular@novaterraagronegciosrondonpolis7ltda.com.br"
"Sócio-Diretor Titular","AgroSul Fazendas Lucas do Rio Verde 7 Ltda.","","sócio-diretor.titular@agrosulfazendaslucasdorioverde7ltda.com.br"
"Sócio-Diretor Titular","Vanguarda Agropecuária Sinop 7 S/A","","sócio-diretor.titular@vanguardaagropecuriasinop7sa.com.br"
"Sócio-Diretor Titular","Integração Agro Nova Mutum 7 Ltda.","","sócio-diretor.titular@integraoagronovamutum7ltda.com.br"
"Sócio-Diretor Titular","AgroBrasil Grãos Primavera do Leste 7 Ltda.","","sócio-diretor.titular@agrobrasilgrosprimaveradoleste7ltda.com.br"
"Sócio-Diretor Titular","Master Agro Rio Verde 7 S/A","","sócio-diretor.titular@masteragrorioverde7sa.com.br"
"Sócio-Diretor Titular","Agro Forte Fazendas Jataí 7 Ltda.","","sócio-diretor.titular@agrofortefazendasjata7ltda.com.br"
"Sócio-Diretor Titular","Pantanal Agropecuária Cristalina 7 Ltda.","","sócio-diretor.titular@pantanalagropecuriacristalina7ltda.com.br"
"Sócio-Diretor Titular","Celeiro Agro Itumbiara 7 S/A","","sócio-diretor.titular@celeiroagroitumbiara7sa.com.br"
"Sócio-Diretor Titular","Agropecuária Dourados 8 Ltda.","","sócio-diretor.titular@agropecuriadourados8ltda.com.br"
"Sócio-Diretor Titular","Fazendas Reunidas Maracaju 8 Ltda.","","sócio-diretor.titular@fazendasreunidasmaracaju8ltda.com.br"
"Sócio-Diretor Titular","Agrícola São Gabriel do Oeste 8 S/A","","sócio-diretor.titular@agrcolasogabrieldooeste8sa.com.br"
"Sócio-Diretor Titular","Agro Grãos Cascavel 8 Ltda.","","sócio-diretor.titular@agrogroscascavel8ltda.com.br"
"Sócio-Diretor Titular","Grupo Agro Toledo 8 Ltda.","","sócio-diretor.titular@grupoagrotoledo8ltda.com.br"
"Sócio-Diretor Titular","Agropecuária Vale do Campo Mourão 8 S/A","","sócio-diretor.titular@agropecuriavaledocampomouro8sa.com.br"
"Sócio-Diretor Titular","Terra Boa Agronegócios Castro 8 Ltda.","","sócio-diretor.titular@terraboaagronegcioscastro8ltda.com.br"
"Sócio-Diretor Titular","Agro Sementes Ribeirão Preto 8 Ltda.","","sócio-diretor.titular@agrosementesribeiropreto8ltda.com.br"
"Sócio-Diretor Titular","Pioneira Agro Barretos 8 S/A","","sócio-diretor.titular@pioneiraagrobarretos8sa.com.br"
"Sócio-Diretor Titular","Soberana Agronegócios Assis 8 Ltda.","","sócio-diretor.titular@soberanaagronegciosassis8ltda.com.br"
"Sócio-Diretor Titular","Aliança Agrícola Uberlândia 8 Ltda.","","sócio-diretor.titular@alianaagrcolauberlndia8ltda.com.br"
"Sócio-Diretor Titular","Cerrado Agro Patos de Minas 8 S/A","","sócio-diretor.titular@cerradoagropatosdeminas8sa.com.br"
"Sócio-Diretor Titular","Planalto Grãos Luís Eduardo Magalhães 8 Ltda.","","sócio-diretor.titular@planaltogrosluseduardomagalhes8ltda.com.br"
"Sócio-Diretor Titular","Nova Terra Agronegócios Barreiras 8 Ltda.","","sócio-diretor.titular@novaterraagronegciosbarreiras8ltda.com.br"
"Sócio-Diretor Titular","AgroSul Fazendas Sorriso 8 S/A","","sócio-diretor.titular@agrosulfazendassorriso8sa.com.br"
"Sócio-Diretor Titular","Vanguarda Agropecuária Rondonópolis 8 Ltda.","","sócio-diretor.titular@vanguardaagropecuriarondonpolis8ltda.com.br"
"Sócio-Diretor Titular","Integração Agro Lucas do Rio Verde 8 Ltda.","","sócio-diretor.titular@integraoagrolucasdorioverde8ltda.com.br"
"Sócio-Diretor Titular","AgroBrasil Grãos Sinop 8 S/A","","sócio-diretor.titular@agrobrasilgrossinop8sa.com.br"
"Sócio-Diretor Titular","Master Agro Nova Mutum 8 Ltda.","","sócio-diretor.titular@masteragronovamutum8ltda.com.br"
"Sócio-Diretor Titular","Agro Forte Fazendas Primavera do Leste 8 Ltda.","","sócio-diretor.titular@agrofortefazendasprimaveradoleste8ltda.com.br"
"Sócio-Diretor Titular","Pantanal Agropecuária Rio Verde 8 S/A","","sócio-diretor.titular@pantanalagropecuriarioverde8sa.com.br"
"Sócio-Diretor Titular","Celeiro Agro Jataí 8 Ltda.","","sócio-diretor.titular@celeiroagrojata8ltda.com.br"
"Sócio-Diretor Titular","Agropecuária Cristalina 9 Ltda.","","sócio-diretor.titular@agropecuriacristalina9ltda.com.br"
"Sócio-Diretor Titular","Fazendas Reunidas Itumbiara 9 S/A","","sócio-diretor.titular@fazendasreunidasitumbiara9sa.com.br"
"Sócio-Diretor Titular","Agrícola Dourados 9 Ltda.","","sócio-diretor.titular@agrcoladourados9ltda.com.br"
"Sócio-Diretor Titular","Agro Grãos Maracaju 9 Ltda.","","sócio-diretor.titular@agrogrosmaracaju9ltda.com.br"
"Sócio-Diretor Titular","Grupo Agro São Gabriel do Oeste 9 S/A","","sócio-diretor.titular@grupoagrosogabrieldooeste9sa.com.br"
"Sócio-Diretor Titular","Agropecuária Vale do Cascavel 9 Ltda.","","sócio-diretor.titular@agropecuriavaledocascavel9ltda.com.br"
"Sócio-Diretor Titular","Terra Boa Agronegócios Toledo 9 Ltda.","","sócio-diretor.titular@terraboaagronegciostoledo9ltda.com.br"
"Sócio-Diretor Titular","Agro Sementes Campo Mourão 9 S/A","","sócio-diretor.titular@agrosementescampomouro9sa.com.br"
"Sócio-Diretor Titular","Pioneira Agro Castro 9 Ltda.","","sócio-diretor.titular@pioneiraagrocastro9ltda.com.br"
"Sócio-Diretor Titular","Soberana Agronegócios Ribeirão Preto 9 Ltda.","","sócio-diretor.titular@soberanaagronegciosribeiropreto9ltda.com.br"
"Sócio-Diretor Titular","Aliança Agrícola Barretos 9 S/A","","sócio-diretor.titular@alianaagrcolabarretos9sa.com.br"
"Sócio-Diretor Titular","Cerrado Agro Assis 9 Ltda.","","sócio-diretor.titular@cerradoagroassis9ltda.com.br"
"Sócio-Diretor Titular","Planalto Grãos Uberlândia 9 Ltda.","","sócio-diretor.titular@planaltogrosuberlndia9ltda.com.br"
"Sócio-Diretor Titular","Nova Terra Agronegócios Patos de Minas 9 S/A","","sócio-diretor.titular@novaterraagronegciospatosdeminas9sa.com.br"
"Sócio-Diretor Titular","AgroSul Fazendas Luís Eduardo Magalhães 9 Ltda.","","sócio-diretor.titular@agrosulfazendasluseduardomagalhes9ltda.com.br"
"Sócio-Diretor Titular","Vanguarda Agropecuária Barreiras 9 Ltda.","","sócio-diretor.titular@vanguardaagropecuriabarreiras9ltda.com.br"
"Sócio-Diretor Titular","Integração Agro Sorriso 9 S/A","","sócio-diretor.titular@integraoagrosorriso9sa.com.br"
"Sócio-Diretor Titular","AgroBrasil Grãos Rondonópolis 9 Ltda.","","sócio-diretor.titular@agrobrasilgrosrondonpolis9ltda.com.br"
"Sócio-Diretor Titular","Master Agro Lucas do Rio Verde 9 Ltda.","","sócio-diretor.titular@masteragrolucasdorioverde9ltda.com.br"
"Sócio-Diretor Titular","Agro Forte Fazendas Sinop 9 S/A","","sócio-diretor.titular@agrofortefazendassinop9sa.com.br"
"Sócio-Diretor Titular","Pantanal Agropecuária Nova Mutum 9 Ltda.","","sócio-diretor.titular@pantanalagropecurianovamutum9ltda.com.br"
"Sócio-Diretor Titular","Celeiro Agro Primavera do Leste 9 Ltda.","","sócio-diretor.titular@celeiroagroprimaveradoleste9ltda.com.br"
"Sócio-Diretor Titular","Agropecuária Rio Verde 10 S/A","","sócio-diretor.titular@agropecuriarioverde10sa.com.br"
"Sócio-Diretor Titular","Fazendas Reunidas Jataí 10 Ltda.","","sócio-diretor.titular@fazendasreunidasjata10ltda.com.br"
"Sócio-Diretor Titular","Agrícola Cristalina 10 Ltda.","","sócio-diretor.titular@agrcolacristalina10ltda.com.br"
"Sócio-Diretor Titular","Agro Grãos Itumbiara 10 S/A","","sócio-diretor.titular@agrogrositumbiara10sa.com.br"
"Sócio-Diretor Titular","Grupo Agro Dourados 10 Ltda.","","sócio-diretor.titular@grupoagrodourados10ltda.com.br"
"Sócio-Diretor Titular","Agropecuária Vale do Maracaju 10 Ltda.","","sócio-diretor.titular@agropecuriavaledomaracaju10ltda.com.br"
"Sócio-Diretor Titular","Terra Boa Agronegócios São Gabriel do Oeste 10 S/A","","sócio-diretor.titular@terraboaagronegciossogabrieldooeste10sa.com.br"
"Sócio-Diretor Titular","Agro Sementes Cascavel 10 Ltda.","","sócio-diretor.titular@agrosementescascavel10ltda.com.br"
"Sócio-Diretor Titular","Pioneira Agro Toledo 10 Ltda.","","sócio-diretor.titular@pioneiraagrotoledo10ltda.com.br"
"Sócio-Diretor Titular","Soberana Agronegócios Campo Mourão 10 S/A","","sócio-diretor.titular@soberanaagronegcioscampomouro10sa.com.br"
"Sócio-Diretor Titular","Aliança Agrícola Castro 10 Ltda.","","sócio-diretor.titular@alianaagrcolacastro10ltda.com.br"
"Sócio-Diretor Titular","Cerrado Agro Ribeirão Preto 10 Ltda.","","sócio-diretor.titular@cerradoagroribeiropreto10ltda.com.br"
"Sócio-Diretor Titular","Planalto Grãos Barretos 10 S/A","","sócio-diretor.titular@planaltogrosbarretos10sa.com.br"
"Sócio-Diretor Titular","Nova Terra Agronegócios Assis 10 Ltda.","","sócio-diretor.titular@novaterraagronegciosassis10ltda.com.br"
"Sócio-Diretor Titular","AgroSul Fazendas Uberlândia 10 Ltda.","","sócio-diretor.titular@agrosulfazendasuberlndia10ltda.com.br"
"Sócio-Diretor Titular","Vanguarda Agropecuária Patos de Minas 10 S/A","","sócio-diretor.titular@vanguardaagropecuriapatosdeminas10sa.com.br"
"Sócio-Diretor Titular","Integração Agro Luís Eduardo Magalhães 10 Ltda.","","sócio-diretor.titular@integraoagroluseduardomagalhes10ltda.com.br"
"Sócio-Diretor Titular","AgroBrasil Grãos Barreiras 10 Ltda.","","sócio-diretor.titular@agrobrasilgrosbarreiras10ltda.com.br"
"Sócio-Diretor Titular","Master Agro Sorriso 10 S/A","","sócio-diretor.titular@masteragrosorriso10sa.com.br"
"Sócio-Diretor Titular","Agro Forte Fazendas Rondonópolis 10 Ltda.","","sócio-diretor.titular@agrofortefazendasrondonpolis10ltda.com.br"
"Sócio-Diretor Titular","Pantanal Agropecuária Lucas do Rio Verde 10 Ltda.","","sócio-diretor.titular@pantanalagropecurialucasdorioverde10ltda.com.br"
"Sócio-Diretor Titular","Celeiro Agro Sinop 10 S/A","","sócio-diretor.titular@celeiroagrosinop10sa.com.br"
"Sócio-Diretor Titular","Agropecuária Nova Mutum 11 Ltda.","","sócio-diretor.titular@agropecurianovamutum11ltda.com.br"
"Sócio-Diretor Titular","Fazendas Reunidas Primavera do Leste 11 Ltda.","","sócio-diretor.titular@fazendasreunidasprimaveradoleste11ltda.com.br"
"Sócio-Diretor Titular","Agrícola Rio Verde 11 S/A","","sócio-diretor.titular@agrcolarioverde11sa.com.br"
"Sócio-Diretor Titular","Agro Grãos Jataí 11 Ltda.","","sócio-diretor.titular@agrogrosjata11ltda.com.br"
"Sócio-Diretor Titular","Grupo Agro Cristalina 11 Ltda.","","sócio-diretor.titular@grupoagrocristalina11ltda.com.br"
"Sócio-Diretor Titular","Agropecuária Vale do Itumbiara 11 S/A","","sócio-diretor.titular@agropecuriavaledoitumbiara11sa.com.br"
"Sócio-Diretor Titular","Terra Boa Agronegócios Dourados 11 Ltda.","","sócio-diretor.titular@terraboaagronegciosdourados11ltda.com.br"
"Sócio-Diretor Titular","Agro Sementes Maracaju 11 Ltda.","","sócio-diretor.titular@agrosementesmaracaju11ltda.com.br"
"Sócio-Diretor Titular","Pioneira Agro São Gabriel do Oeste 11 S/A","","sócio-diretor.titular@pioneiraagrosogabrieldooeste11sa.com.br"
"Sócio-Diretor Titular","Soberana Agronegócios Cascavel 11 Ltda.","","sócio-diretor.titular@soberanaagronegcioscascavel11ltda.com.br"
"Sócio-Diretor Titular","Aliança Agrícola Toledo 11 Ltda.","","sócio-diretor.titular@alianaagrcolatoledo11ltda.com.br"
"Sócio-Diretor Titular","Cerrado Agro Campo Mourão 11 S/A","","sócio-diretor.titular@cerradoagrocampomouro11sa.com.br"
"Sócio-Diretor Titular","Planalto Grãos Castro 11 Ltda.","","sócio-diretor.titular@planaltogroscastro11ltda.com.br"
"Sócio-Diretor Titular","Nova Terra Agronegócios Ribeirão Preto 11 Ltda.","","sócio-diretor.titular@novaterraagronegciosribeiropreto11ltda.com.br"
"Sócio-Diretor Titular","AgroSul Fazendas Barretos 11 S/A","","sócio-diretor.titular@agrosulfazendasbarretos11sa.com.br"
"Sócio-Diretor Titular","Vanguarda Agropecuária Assis 11 Ltda.","","sócio-diretor.titular@vanguardaagropecuriaassis11ltda.com.br"
"Sócio-Diretor Titular","Integração Agro Uberlândia 11 Ltda.","","sócio-diretor.titular@integraoagrouberlndia11ltda.com.br"
"Sócio-Diretor Titular","AgroBrasil Grãos Patos de Minas 11 S/A","","sócio-diretor.titular@agrobrasilgrospatosdeminas11sa.com.br"
"Sócio-Diretor Titular","Master Agro Luís Eduardo Magalhães 11 Ltda.","","sócio-diretor.titular@masteragroluseduardomagalhes11ltda.com.br"
"Sócio-Diretor Titular","Agro Forte Fazendas Barreiras 11 Ltda.","","sócio-diretor.titular@agrofortefazendasbarreiras11ltda.com.br"
"Sócio-Diretor Titular","Pantanal Agropecuária Sorriso 11 S/A","","sócio-diretor.titular@pantanalagropecuriasorriso11sa.com.br"
"Sócio-Diretor Titular","Celeiro Agro Rondonópolis 11 Ltda.","","sócio-diretor.titular@celeiroagrorondonpolis11ltda.com.br"
"Sócio-Diretor Titular","Agropecuária Lucas do Rio Verde 12 Ltda.","","sócio-diretor.titular@agropecurialucasdorioverde12ltda.com.br"
"Sócio-Diretor Titular","Fazendas Reunidas Sinop 12 S/A","","sócio-diretor.titular@fazendasreunidassinop12sa.com.br"
"Sócio-Diretor Titular","Agrícola Nova Mutum 12 Ltda.","","sócio-diretor.titular@agrcolanovamutum12ltda.com.br"
"Sócio-Diretor Titular","Agro Grãos Primavera do Leste 12 Ltda.","","sócio-diretor.titular@agrogrosprimaveradoleste12ltda.com.br"
"Sócio-Diretor Titular","Grupo Agro Rio Verde 12 S/A","","sócio-diretor.titular@grupoagrorioverde12sa.com.br"
"Sócio-Diretor Titular","Agropecuária Vale do Jataí 12 Ltda.","","sócio-diretor.titular@agropecuriavaledojata12ltda.com.br"
"Sócio-Diretor Titular","Terra Boa Agronegócios Cristalina 12 Ltda.","","sócio-diretor.titular@terraboaagronegcioscristalina12ltda.com.br"
"Sócio-Diretor Titular","Agro Sementes Itumbiara 12 S/A","","sócio-diretor.titular@agrosementesitumbiara12sa.com.br"
"Sócio-Diretor Titular","Pioneira Agro Dourados 12 Ltda.","","sócio-diretor.titular@pioneiraagrodourados12ltda.com.br"
"Sócio-Diretor Titular","Soberana Agronegócios Maracaju 12 Ltda.","","sócio-diretor.titular@soberanaagronegciosmaracaju12ltda.com.br"
"Sócio-Diretor Titular","Aliança Agrícola São Gabriel do Oeste 12 S/A","","sócio-diretor.titular@alianaagrcolasogabrieldooeste12sa.com.br"
"Sócio-Diretor Titular","Cerrado Agro Cascavel 12 Ltda.","","sócio-diretor.titular@cerradoagrocascavel12ltda.com.br"
"Sócio-Diretor Titular","Planalto Grãos Toledo 12 Ltda.","","sócio-diretor.titular@planaltogrostoledo12ltda.com.br"
"Sócio-Diretor Titular","Nova Terra Agronegócios Campo Mourão 12 S/A","","sócio-diretor.titular@novaterraagronegcioscampomouro12sa.com.br"
"Sócio-Diretor Titular","AgroSul Fazendas Castro 12 Ltda.","","sócio-diretor.titular@agrosulfazendascastro12ltda.com.br"
"Sócio-Diretor Titular","Vanguarda Agropecuária Ribeirão Preto 12 Ltda.","","sócio-diretor.titular@vanguardaagropecuriaribeiropreto12ltda.com.br"
"Sócio-Diretor Titular","Integração Agro Barretos 12 S/A","","sócio-diretor.titular@integraoagrobarretos12sa.com.br"
"Sócio-Diretor Titular","AgroBrasil Grãos Assis 12 Ltda.","","sócio-diretor.titular@agrobrasilgrosassis12ltda.com.br"
"Sócio-Diretor Titular","Master Agro Uberlândia 12 Ltda.","","sócio-diretor.titular@masteragrouberlndia12ltda.com.br"
"Sócio-Diretor Titular","Agro Forte Fazendas Patos de Minas 12 S/A","","sócio-diretor.titular@agrofortefazendaspatosdeminas12sa.com.br"
"Sócio-Diretor Titular","Pantanal Agropecuária Luís Eduardo Magalhães 12 Ltda.","","sócio-diretor.titular@pantanalagropecurialuseduardomagalhes12ltda.com.br"
"Sócio-Diretor Titular","Celeiro Agro Barreiras 12 Ltda.","","sócio-diretor.titular@celeiroagrobarreiras12ltda.com.br"
"Sócio-Diretor Titular","Agropecuária Sorriso 13 S/A","","sócio-diretor.titular@agropecuriasorriso13sa.com.br"
"Sócio-Diretor Titular","Fazendas Reunidas Rondonópolis 13 Ltda.","","sócio-diretor.titular@fazendasreunidasrondonpolis13ltda.com.br"
"Sócio-Diretor Titular","Agrícola Lucas do Rio Verde 13 Ltda.","","sócio-diretor.titular@agrcolalucasdorioverde13ltda.com.br"
"Sócio-Diretor Titular","Agro Grãos Sinop 13 S/A","","sócio-diretor.titular@agrogrossinop13sa.com.br"
"Sócio-Diretor Titular","Grupo Agro Nova Mutum 13 Ltda.","","sócio-diretor.titular@grupoagronovamutum13ltda.com.br"
"Sócio-Diretor Titular","Agropecuária Vale do Primavera do Leste 13 Ltda.","","sócio-diretor.titular@agropecuriavaledoprimaveradoleste13ltda.com.br"
"Sócio-Diretor Titular","Terra Boa Agronegócios Rio Verde 13 S/A","","sócio-diretor.titular@terraboaagronegciosrioverde13sa.com.br"
"Sócio-Diretor Titular","Agro Sementes Jataí 13 Ltda.","","sócio-diretor.titular@agrosementesjata13ltda.com.br"
"Sócio-Diretor Titular","Pioneira Agro Cristalina 13 Ltda.","","sócio-diretor.titular@pioneiraagrocristalina13ltda.com.br"
"Sócio-Diretor Titular","Soberana Agronegócios Itumbiara 13 S/A","","sócio-diretor.titular@soberanaagronegciositumbiara13sa.com.br"
"Sócio-Diretor Titular","Aliança Agrícola Dourados 13 Ltda.","","sócio-diretor.titular@alianaagrcoladourados13ltda.com.br"
"Sócio-Diretor Titular","Cerrado Agro Maracaju 13 Ltda.","","sócio-diretor.titular@cerradoagromaracaju13ltda.com.br"
"Sócio-Diretor Titular","Planalto Grãos São Gabriel do Oeste 13 S/A","","sócio-diretor.titular@planaltogrossogabrieldooeste13sa.com.br"
"Sócio-Diretor Titular","Nova Terra Agronegócios Cascavel 13 Ltda.","","sócio-diretor.titular@novaterraagronegcioscascavel13ltda.com.br"
"Sócio-Diretor Titular","AgroSul Fazendas Toledo 13 Ltda.","","sócio-diretor.titular@agrosulfazendastoledo13ltda.com.br"
"Sócio-Diretor Titular","Vanguarda Agropecuária Campo Mourão 13 S/A","","sócio-diretor.titular@vanguardaagropecuriacampomouro13sa.com.br"
"Sócio-Diretor Titular","Integração Agro Castro 13 Ltda.","","sócio-diretor.titular@integraoagrocastro13ltda.com.br"
"Sócio-Diretor Titular","AgroBrasil Grãos Ribeirão Preto 13 Ltda.","","sócio-diretor.titular@agrobrasilgrosribeiropreto13ltda.com.br"
"Sócio-Diretor Titular","Master Agro Barretos 13 S/A","","sócio-diretor.titular@masteragrobarretos13sa.com.br"
"Sócio-Diretor Titular","Agro Forte Fazendas Assis 13 Ltda.","","sócio-diretor.titular@agrofortefazendasassis13ltda.com.br"
"Sócio-Diretor Titular","Pantanal Agropecuária Uberlândia 13 Ltda.","","sócio-diretor.titular@pantanalagropecuriauberlndia13ltda.com.br"
"Sócio-Diretor Titular","Celeiro Agro Patos de Minas 13 S/A","","sócio-diretor.titular@celeiroagropatosdeminas13sa.com.br"
"Sócio-Diretor Titular","Agropecuária Luís Eduardo Magalhães 14 Ltda.","","sócio-diretor.titular@agropecurialuseduardomagalhes14ltda.com.br"
"Sócio-Diretor Titular","Fazendas Reunidas Barreiras 14 Ltda.","","sócio-diretor.titular@fazendasreunidasbarreiras14ltda.com.br"
"Sócio-Diretor Titular","Agrícola Sorriso 14 S/A","","sócio-diretor.titular@agrcolasorriso14sa.com.br"
"Sócio-Diretor Titular","Agro Grãos Rondonópolis 14 Ltda.","","sócio-diretor.titular@agrogrosrondonpolis14ltda.com.br"
"Sócio-Diretor Titular","Grupo Agro Lucas do Rio Verde 14 Ltda.","","sócio-diretor.titular@grupoagrolucasdorioverde14ltda.com.br"
"Sócio-Diretor Titular","Agropecuária Vale do Sinop 14 S/A","","sócio-diretor.titular@agropecuriavaledosinop14sa.com.br"
"Sócio-Diretor Titular","Terra Boa Agronegócios Nova Mutum 14 Ltda.","","sócio-diretor.titular@terraboaagronegciosnovamutum14ltda.com.br"
"Sócio-Diretor Titular","Agro Sementes Primavera do Leste 14 Ltda.","","sócio-diretor.titular@agrosementesprimaveradoleste14ltda.com.br"
"Sócio-Diretor Titular","Pioneira Agro Rio Verde 14 S/A","","sócio-diretor.titular@pioneiraagrorioverde14sa.com.br"
"Sócio-Diretor Titular","Soberana Agronegócios Jataí 14 Ltda.","","sócio-diretor.titular@soberanaagronegciosjata14ltda.com.br"
"Sócio-Diretor Titular","Aliança Agrícola Cristalina 14 Ltda.","","sócio-diretor.titular@alianaagrcolacristalina14ltda.com.br"
"Sócio-Diretor Titular","Cerrado Agro Itumbiara 14 S/A","","sócio-diretor.titular@cerradoagroitumbiara14sa.com.br"
"Sócio-Diretor Titular","Planalto Grãos Dourados 14 Ltda.","","sócio-diretor.titular@planaltogrosdourados14ltda.com.br"
"Sócio-Diretor Titular","Nova Terra Agronegócios Maracaju 14 Ltda.","","sócio-diretor.titular@novaterraagronegciosmaracaju14ltda.com.br"
"Juliana Moraes","AgroIndustrial Castelo Branco Jundiaí Ltda.","+5511970171023","juliana.moraes@agroindustrialcastelobra.com.br"
"Luiz Henrique Feldmann","AgroIndustrial Castelo Branco Jundiaí Ltda.","+5511970401044","luiz.henrique@agroindustrialcastelobra.com.br"
"Luiz Henrique Feldmann","Metalúrgica Franzotti Campo Mourão S/A","+5541970341046","luiz.henrique@metalrgicafranzotticampo.com.br"
"Sandra Castelo Branco","Metalúrgica Franzotti Campo Mourão S/A","+5541970691081","sandra.castelo@metalrgicafranzotticampo.com.br"
"Fernanda Barbosa","Logística Carneiro Ipatinga Ltda.","+5531970511069","fernanda.barbosa@logsticacarneiroipatinga.com.br"
"Nelson Trevizaneli","Logística Carneiro Ipatinga Ltda.","+5531970981118","nelson.trevizaneli@logsticacarneiroipatinga.com.br"
"Sergio Cerchi","Sistemas Corporativos Nogueira Florianópolis S/A","+5547970681092","sergio.cerchi@sistemascorporativosnogu.com.br"
"Angela Nogueira","Sistemas Corporativos Nogueira Florianópolis S/A","+5547971271155","angela.nogueira@sistemascorporativosnogu.com.br"
"Elisangela Trevizaneli","Complexo Hospitalar Guimarães Novo Hamburgo Ltda.","+5551970851115","elisangela.trevizaneli@complexohospitalarguimar.com.br"
"Roberto Rezende","Complexo Hospitalar Guimarães Novo Hamburgo Ltda.","+5551971561192","roberto.rezende@complexohospitalarguimar.com.br"
"Flavio Cantagalli","Trading & Exportação Mesquita Cristalina S/A","+5562971021138","flavio.cantagalli@tradingexportaomesquitac.com.br"
"Beatriz Gasparetto","Trading & Exportação Mesquita Cristalina S/A","+5562971851229","beatriz.gasparetto@tradingexportaomesquitac.com.br"
"Angela Pacheco","Indústria de Máquinas Gasparetto Rondonópolis Ltda.","+5565971191161","angela.pacheco@indstriademquinasgaspare.com.br"
"Paulo Sergio Pozzobon","Indústria de Máquinas Gasparetto Rondonópolis Ltda.","+5565972141266","paulo.sergio@indstriademquinasgaspare.com.br"
"Wagner Rezende","Armazéns Gerais & Silos Dalbosco São Gabriel do Oeste S/A","+5567971361184","wagner.rezende@armaznsgeraissilosdalbos.com.br"
"Silvana Lorenzetti","Armazéns Gerais & Silos Dalbosco São Gabriel do Oeste S/A","+5567972431303","silvana.lorenzetti@armaznsgeraissilosdalbos.com.br"
"Patricia Bressan","Transportes Pesados Maggioni São José dos Campos Ltda.","+5511971531207","patricia.bressan@transportespesadosmaggio.com.br"
"Leandro Zanchettin","Transportes Pesados Maggioni São José dos Campos Ltda.","+5511972721340","leandro.zanchettin@transportespesadosmaggio.com.br"
"Rodrigo Furlan","Centro Diagnóstico Lorenzetti Curitiba S/A","+5541971701230","rodrigo.furlan@centrodiagnsticolorenzet.com.br"
"Mariana Sordi","Centro Diagnóstico Lorenzetti Curitiba S/A","+5541973011377","mariana.sordi@centrodiagnsticolorenzet.com.br"
"Laura Pozzobon","Engenharia & Concessões Vicentini Uberaba Ltda.","+5531971871253","laura.pozzobon@engenhariaconcessesvicen.com.br"
"Luiz Henrique Trevisan","Engenharia & Concessões Vicentini Uberaba Ltda.","+5531973301414","luiz.henrique@engenhariaconcessesvicen.com.br"
"Paulo Sergio Bortolotto","Bioenergia & Etanol Girotto Jaraguá do Sul S/A","+5547972041276","paulo.sergio@bioenergiaetanolgirottoj.com.br"
"Sandra Pessatto","Bioenergia & Etanol Girotto Jaraguá do Sul S/A","+5547973591451","sandra.pessatto@bioenergiaetanolgirottoj.com.br"
"Adriana Guerra","Nutrição Animal Sordi Gravataí Ltda.","+5551972211299","adriana.guerra@nutrioanimalsordigravata.com.br"
"Nelson Moraes","Nutrição Animal Sordi Gravataí Ltda.","+5551973881488","nelson.moraes@nutrioanimalsordigravata.com.br"
"Claudio Zanchettin","Implementos Agrícolas Peruzzo Anápolis S/A","+5562972381322","claudio.zanchettin@implementosagrcolasperuz.com.br"
"Angela Zanetti","Implementos Agrícolas Peruzzo Anápolis S/A","+5562974171525","angela.zanetti@implementosagrcolasperuz.com.br"
"Sandra Giacomet","Distribuição & Cargas Scheffer Primavera do Leste Ltda.","+5565972551345","sandra.giacomet@distribuiocargasscheffer.com.br"
"Roberto Cerchi","Distribuição & Cargas Scheffer Primavera do Leste Ltda.","+5565974461562","roberto.cerchi@distribuiocargasscheffer.com.br"
"Renato Meneghetti","Consultoria & Softwares Pessatto Chapadão do Sul S/A","+5567972721368","renato.meneghetti@consultoriasoftwarespess.com.br"
"Beatriz Carneiro","Consultoria & Softwares Pessatto Chapadão do Sul S/A","+5567974751599","beatriz.carneiro@consultoriasoftwarespess.com.br"
"Mariana Trevisan","Gestão Hospitalar Albuquerque Campinas Ltda.","+5511972891391","mariana.trevisan@gestohospitalaralbuquerq.com.br"
"Paulo Sergio Pacheco","Gestão Hospitalar Albuquerque Campinas Ltda.","+5511975041636","paulo.sergio@gestohospitalaralbuquerq.com.br"
"Alexandre Dallagnol","Exportadora de Grãos Oliveira Ponta Grossa S/A","+5541973061414","alexandre.dallagnol@exportadoradegrosoliveir.com.br"
"Silvana Mesquita","Exportadora de Grãos Oliveira Ponta Grossa S/A","+5541975331673","silvana.mesquita@exportadoradegrosoliveir.com.br"
"Renata Silveira","Indústria Química Zanetti Betim Ltda.","+5531973231437","renata.silveira@indstriaqumicazanettibet.com.br"
"Leandro Furlan","Indústria Química Zanetti Betim Ltda.","+5531975621710","leandro.furlan@indstriaqumicazanettibet.com.br"
"Marcos Vinicius Moraes","Frotas & Locação Castelo Branco Joinville S/A","+5547973401460","marcos.vinicius@frotaslocaocastelobranco.com.br"
"Mariana Maggioni","Frotas & Locação Castelo Branco Joinville S/A","+5547975911747","mariana.maggioni@frotaslocaocastelobranco.com.br"
"Luciane Feldmann","AgroIndustrial Franzotti Pelotas Ltda.","+5551973571483","luciane.feldmann@agroindustrialfranzottip.com.br"
"Luiz Henrique Guerra","AgroIndustrial Franzotti Pelotas Ltda.","+5551976201784","luiz.henrique@agroindustrialfranzottip.com.br"
"Nelson Barbosa","Metalúrgica Carneiro Catalão S/A","+5562973741506","nelson.barbosa@metalrgicacarneirocatalo.com.br"
"Sandra Girotto","Metalúrgica Carneiro Catalão S/A","+5562976491821","sandra.girotto@metalrgicacarneirocatalo.com.br"
"Cleuza Cerchi","Logística Nogueira Barra do Garças Ltda.","+5565973911529","cleuza.cerchi@logsticanogueirabarradog.com.br"
"Nelson Meneghetti","Logística Nogueira Barra do Garças Ltda.","+5565976781858","nelson.meneghetti@logsticanogueirabarradog.com.br"
"Mauricio Trevizaneli","Sistemas Corporativos Guimarães Três Lagoas S/A","+5567974081552","mauricio.trevizaneli@sistemascorporativosguim.com.br"
"Angela Scheffer","Sistemas Corporativos Guimarães Três Lagoas S/A","+5567977071895","angela.scheffer@sistemascorporativosguim.com.br"
"Ana Paula Cantagalli","Complexo Hospitalar Mesquita Piracicaba Ltda.","+5511974251575","ana.paula@complexohospitalarmesqui.com.br"
"Roberto Silveira","Complexo Hospitalar Mesquita Piracicaba Ltda.","+5511977361932","roberto.silveira@complexohospitalarmesqui.com.br"
"Fernando Pacheco","Trading & Exportação Gasparetto Castro S/A","+5541974421598","fernando.pacheco@tradingexportaogasparett.com.br"
"Beatriz Oliveira","Trading & Exportação Gasparetto Castro S/A","+5541977651969","beatriz.oliveira@tradingexportaogasparett.com.br"
"Beatriz Rezende","Indústria de Máquinas Dalbosco Uberlândia Ltda.","+5531974591621","beatriz.rezende@indstriademquinasdalbosc.com.br"
"Paulo Sergio Barbosa","Indústria de Máquinas Dalbosco Uberlândia Ltda.","+5531977942006","paulo.sergio@indstriademquinasdalbosc.com.br"
"Antonio Carlos Bressan","Armazéns Gerais & Silos Maggioni Criciúma S/A","+5547974761644","antonio.carlos@armaznsgeraissilosmaggio.com.br"
"Silvana Franzotti","Armazéns Gerais & Silos Maggioni Criciúma S/A","+5547978232043","silvana.franzotti@armaznsgeraissilosmaggio.com.br"
"Rosana Furlan","Transportes Pesados Lorenzetti Erechim Ltda.","+5551974931667","rosana.furlan@transportespesadoslorenz.com.br"
"Leandro Cantagalli","Transportes Pesados Lorenzetti Erechim Ltda.","+5551978522080","leandro.cantagalli@transportespesadoslorenz.com.br"
"Alberto Pozzobon","Centro Diagnóstico Vicentini Goiânia S/A","+5562975101690","alberto.pozzobon@centrodiagnsticovicentin.com.br"
"Mariana Guimarães","Centro Diagnóstico Vicentini Goiânia S/A","+5562978812117","mariana.guimarães@centrodiagnsticovicentin.com.br"
"Solange Bortolotto","Engenharia & Concessões Girotto Sorriso Ltda.","+5565975271713","solange.bortolotto@engenhariaconcessesgirot.com.br"
"Luiz Henrique Bressan","Engenharia & Concessões Girotto Sorriso Ltda.","+5565979102154","luiz.henrique@engenhariaconcessesgirot.com.br"
"Leandro Guerra","Bioenergia & Etanol Sordi Naviraí S/A","+5567975441736","leandro.guerra@bioenergiaetanolsordinav.com.br"
"Sandra Dalbosco","Bioenergia & Etanol Sordi Naviraí S/A","+5567979392191","sandra.dalbosco@bioenergiaetanolsordinav.com.br"
"Marlene Zanchettin","Nutrição Animal Peruzzo Franca Ltda.","+5511975611759","marlene.zanchettin@nutrioanimalperuzzofranc.com.br"
"Nelson Bortolotto","Nutrição Animal Peruzzo Franca Ltda.","+5511979682228","nelson.bortolotto@nutrioanimalperuzzofranc.com.br"
"Marcelo Giacomet","Implementos Agrícolas Scheffer Maringá S/A","+5541975781782","marcelo.giacomet@implementosagrcolasschef.com.br"
"Angela Vicentini","Implementos Agrícolas Scheffer Maringá S/A","+5541979972265","angela.vicentini@implementosagrcolasschef.com.br"
"Cristina Meneghetti","Distribuição & Cargas Pessatto Pouso Alegre Ltda.","+5531975951805","cristina.meneghetti@distribuiocargaspessatto.com.br"
"Roberto Giacomet","Distribuição & Cargas Pessatto Pouso Alegre Ltda.","+5531980262302","roberto.giacomet@distribuiocargaspessatto.com.br"
"Ricardo Trevisan","Consultoria & Softwares Albuquerque São José S/A","+5547976121828","ricardo.trevisan@consultoriasoftwaresalbu.com.br"
"Beatriz Peruzzo","Consultoria & Softwares Albuquerque São José S/A","+5547980552339","beatriz.peruzzo@consultoriasoftwaresalbu.com.br"
"Sandra Dallagnol","Gestão Hospitalar Oliveira Caxias do Sul Ltda.","+5551976291851","sandra.dallagnol@gestohospitalaroliveirac.com.br"
"Paulo Sergio Dallagnol","Gestão Hospitalar Oliveira Caxias do Sul Ltda.","+5551980842376","paulo.sergio@gestohospitalaroliveirac.com.br"
"Valdemir Silveira","Exportadora de Grãos Zanetti Jataí S/A","+5562976461874","valdemir.silveira@exportadoradegroszanetti.com.br"
"Silvana Albuquerque","Exportadora de Grãos Zanetti Jataí S/A","+5562981132413","silvana.albuquerque@exportadoradegroszanetti.com.br"
"Cristiane Moraes","Indústria Química Castelo Branco Tangará da Serra Ltda.","+5565976631897","cristiane.moraes@indstriaqumicacastelobra.com.br"
"Leandro Feldmann","Indústria Química Castelo Branco Tangará da Serra Ltda.","+5565981422450","leandro.feldmann@indstriaqumicacastelobra.com.br"
"Guilherme Feldmann","Frotas & Locação Franzotti Campo Grande S/A","+5567976801920","guilherme.feldmann@frotaslocaofranzotticamp.com.br"
"Mariana Castelo Branco","Frotas & Locação Franzotti Campo Grande S/A","+5567981712487","mariana.castelo@frotaslocaofranzotticamp.com.br"
"Denise Barbosa","AgroIndustrial Carneiro Jundiaí Ltda.","+5511976971943","denise.barbosa@agroindustrialcarneiroju.com.br"
"Luiz Henrique Trevizaneli","AgroIndustrial Carneiro Jundiaí Ltda.","+5511982002524","luiz.henrique@agroindustrialcarneiroju.com.br"
"Roberto Cerchi","Metalúrgica Nogueira Campo Mourão S/A","+5541977141966","roberto.cerchi@metalrgicanogueiracampom.com.br"
"Sandra Nogueira","Metalúrgica Nogueira Campo Mourão S/A","+5541982292561","sandra.nogueira@metalrgicanogueiracampom.com.br"
"Camila Trevizaneli","Logística Guimarães Ipatinga Ltda.","+5531977311989","camila.trevizaneli@logsticaguimaresipatinga.com.br"
"Nelson Rezende","Logística Guimarães Ipatinga Ltda.","+5531982582598","nelson.rezende@logsticaguimaresipatinga.com.br"
"Gustavo Cantagalli","Sistemas Corporativos Mesquita Florianópolis S/A","+5547977482012","gustavo.cantagalli@sistemascorporativosmesq.com.br"
"Angela Gasparetto","Sistemas Corporativos Mesquita Florianópolis S/A","+5547982872635","angela.gasparetto@sistemascorporativosmesq.com.br"
"Helena Pacheco","Complexo Hospitalar Gasparetto Novo Hamburgo Ltda.","+5551977652035","helena.pacheco@complexohospitalargaspar.com.br"
"Roberto Pozzobon","Complexo Hospitalar Gasparetto Novo Hamburgo Ltda.","+5551983162672","roberto.pozzobon@complexohospitalargaspar.com.br"
"Fabio Rezende","Trading & Exportação Dalbosco Cristalina S/A","+5562977822058","fabio.rezende@tradingexportaodalboscoc.com.br"
"Beatriz Lorenzetti","Trading & Exportação Dalbosco Cristalina S/A","+5562983452709","beatriz.lorenzetti@tradingexportaodalboscoc.com.br"
"Silvana Bressan","Indústria de Máquinas Maggioni Rondonópolis Ltda.","+5565977992081","silvana.bressan@indstriademquinasmaggion.com.br"
"Paulo Sergio Zanchettin","Indústria de Máquinas Maggioni Rondonópolis Ltda.","+5565983742746","paulo.sergio@indstriademquinasmaggion.com.br"
"Eduardo Furlan","Armazéns Gerais & Silos Lorenzetti São Gabriel do Oeste S/A","+5567978162104","eduardo.furlan@armaznsgeraissiloslorenz.com.br"
"Silvana Sordi","Armazéns Gerais & Silos Lorenzetti São Gabriel do Oeste S/A","+5567984032783","silvana.sordi@armaznsgeraissiloslorenz.com.br"
"Celia Pozzobon","Transportes Pesados Vicentini São José dos Campos Ltda.","+5511978332127","celia.pozzobon@transportespesadosvicent.com.br"
"Leandro Trevisan","Transportes Pesados Vicentini São José dos Campos Ltda.","+5511984322820","leandro.trevisan@transportespesadosvicent.com.br"
"Carlos Eduardo Bortolotto","Centro Diagnóstico Girotto Curitiba S/A","+5541978502150","carlos.eduardo@centrodiagnsticogirottoc.com.br"
"Mariana Pessatto","Centro Diagnóstico Girotto Curitiba S/A","+5541984612857","mariana.pessatto@centrodiagnsticogirottoc.com.br"
"Juliana Guerra","Engenharia & Concessões Sordi Uberaba Ltda.","+5531978672173","juliana.guerra@engenhariaconcessessordi.com.br"
"Luiz Henrique Moraes","Engenharia & Concessões Sordi Uberaba Ltda.","+5531984902894","luiz.henrique@engenhariaconcessessordi.com.br"
"Luiz Henrique Zanchettin","Bioenergia & Etanol Peruzzo Jaraguá do Sul S/A","+5547978842196","luiz.henrique@bioenergiaetanolperuzzoj.com.br"
"Sandra Zanetti","Bioenergia & Etanol Peruzzo Jaraguá do Sul S/A","+5547985192931","sandra.zanetti@bioenergiaetanolperuzzoj.com.br"
"Fernanda Giacomet","Nutrição Animal Scheffer Gravataí Ltda.","+5551979012219","fernanda.giacomet@nutrioanimalscheffergrav.com.br"
"Nelson Cerchi","Nutrição Animal Scheffer Gravataí Ltda.","+5551985482968","nelson.cerchi@nutrioanimalscheffergrav.com.br"
"Sergio Meneghetti","Implementos Agrícolas Pessatto Anápolis S/A","+5562979182242","sergio.meneghetti@implementosagrcolaspessa.com.br"
"Angela Carneiro","Implementos Agrícolas Pessatto Anápolis S/A","+5562985773005","angela.carneiro@implementosagrcolaspessa.com.br"
"Elisangela Trevisan","Distribuição & Cargas Albuquerque Primavera do Leste Ltda.","+5565979352265","elisangela.trevisan@distribuiocargasalbuquer.com.br"
"Roberto Pacheco","Distribuição & Cargas Albuquerque Primavera do Leste Ltda.","+5565986063042","roberto.pacheco@distribuiocargasalbuquer.com.br"
"Flavio Dallagnol","Consultoria & Softwares Oliveira Chapadão do Sul S/A","+5567979522288","flavio.dallagnol@consultoriasoftwaresoliv.com.br"
"Beatriz Mesquita","Consultoria & Softwares Oliveira Chapadão do Sul S/A","+5567986353079","beatriz.mesquita@consultoriasoftwaresoliv.com.br"
"Angela Silveira","Gestão Hospitalar Zanetti Campinas Ltda.","+5511979692311","angela.silveira@gestohospitalarzanettica.com.br"
"Paulo Sergio Furlan","Gestão Hospitalar Zanetti Campinas Ltda.","+5511986643116","paulo.sergio@gestohospitalarzanettica.com.br"
"Wagner Moraes","Exportadora de Grãos Castelo Branco Ponta Grossa S/A","+5541979862334","wagner.moraes@exportadoradegroscastelo.com.br"
"Silvana Maggioni","Exportadora de Grãos Castelo Branco Ponta Grossa S/A","+5541986933153","silvana.maggioni@exportadoradegroscastelo.com.br"
"Patricia Feldmann","Indústria Química Franzotti Betim Ltda.","+5531980032357","patricia.feldmann@indstriaqumicafranzottib.com.br"
"Leandro Guerra","Indústria Química Franzotti Betim Ltda.","+5531987223190","leandro.guerra@indstriaqumicafranzottib.com.br"
"Rodrigo Barbosa","Frotas & Locação Carneiro Joinville S/A","+5547980202380","rodrigo.barbosa@frotaslocaocarneirojoinv.com.br"
"Mariana Girotto","Frotas & Locação Carneiro Joinville S/A","+5547987513227","mariana.girotto@frotaslocaocarneirojoinv.com.br"
"Laura Cerchi","AgroIndustrial Nogueira Pelotas Ltda.","+5551980372403","laura.cerchi@agroindustrialnogueirape.com.br"
"Luiz Henrique Meneghetti","AgroIndustrial Nogueira Pelotas Ltda.","+5551987803264","luiz.henrique@agroindustrialnogueirape.com.br"
"Paulo Sergio Trevizaneli","Metalúrgica Guimarães Catalão S/A","+5562980542426","paulo.sergio@metalrgicaguimarescatalo.com.br"
"Sandra Scheffer","Metalúrgica Guimarães Catalão S/A","+5562988093301","sandra.scheffer@metalrgicaguimarescatalo.com.br"
"Adriana Cantagalli","Logística Mesquita Barra do Garças Ltda.","+5565980712449","adriana.cantagalli@logsticamesquitabarradog.com.br"
"Nelson Silveira","Logística Mesquita Barra do Garças Ltda.","+5565988383338","nelson.silveira@logsticamesquitabarradog.com.br"
"Claudio Pacheco","Sistemas Corporativos Gasparetto Três Lagoas S/A","+5567980882472","claudio.pacheco@sistemascorporativosgasp.com.br"
"Angela Oliveira","Sistemas Corporativos Gasparetto Três Lagoas S/A","+5567988673375","angela.oliveira@sistemascorporativosgasp.com.br"
"Sandra Rezende","Complexo Hospitalar Dalbosco Piracicaba Ltda.","+5511981052495","sandra.rezende@complexohospitalardalbos.com.br"
"Roberto Barbosa","Complexo Hospitalar Dalbosco Piracicaba Ltda.","+5511988963412","roberto.barbosa@complexohospitalardalbos.com.br"
"Renato Bressan","Trading & Exportação Maggioni Castro S/A","+5541981222518","renato.bressan@tradingexportaomaggionic.com.br"
"Beatriz Franzotti","Trading & Exportação Maggioni Castro S/A","+5541989253449","beatriz.franzotti@tradingexportaomaggionic.com.br"
"Mariana Furlan","Indústria de Máquinas Lorenzetti Uberlândia Ltda.","+5531981392541","mariana.furlan@indstriademquinaslorenze.com.br"
"Paulo Sergio Cantagalli","Indústria de Máquinas Lorenzetti Uberlândia Ltda.","+5531989543486","paulo.sergio@indstriademquinaslorenze.com.br"
"Alexandre Pozzobon","Armazéns Gerais & Silos Vicentini Criciúma S/A","+5547981562564","alexandre.pozzobon@armaznsgeraissilosvicent.com.br"
"Silvana Guimarães","Armazéns Gerais & Silos Vicentini Criciúma S/A","+5547989833523","silvana.guimarães@armaznsgeraissilosvicent.com.br"
"Renata Bortolotto","Transportes Pesados Girotto Erechim Ltda.","+5551981732587","renata.bortolotto@transportespesadosgirott.com.br"
"Leandro Bressan","Transportes Pesados Girotto Erechim Ltda.","+5551990123560","leandro.bressan@transportespesadosgirott.com.br"
"Marcos Vinicius Guerra","Centro Diagnóstico Sordi Goiânia S/A","+5562981902610","marcos.vinicius@centrodiagnsticosordigoi.com.br"
"Mariana Dalbosco","Centro Diagnóstico Sordi Goiânia S/A","+5562990413597","mariana.dalbosco@centrodiagnsticosordigoi.com.br"
"Luciane Zanchettin","Engenharia & Concessões Peruzzo Sorriso Ltda.","+5565982072633","luciane.zanchettin@engenhariaconcessesperuz.com.br"
"Luiz Henrique Bortolotto","Engenharia & Concessões Peruzzo Sorriso Ltda.","+5565990703634","luiz.henrique@engenhariaconcessesperuz.com.br"
"Nelson Giacomet","Bioenergia & Etanol Scheffer Naviraí S/A","+5567982242656","nelson.giacomet@bioenergiaetanolscheffer.com.br"
"Sandra Vicentini","Bioenergia & Etanol Scheffer Naviraí S/A","+5567990993671","sandra.vicentini@bioenergiaetanolscheffer.com.br"
"Cleuza Meneghetti","Nutrição Animal Pessatto Franca Ltda.","+5511982412679","cleuza.meneghetti@nutrioanimalpessattofran.com.br"
"Nelson Giacomet","Nutrição Animal Pessatto Franca Ltda.","+5511991283708","nelson.giacomet@nutrioanimalpessattofran.com.br"
"Mauricio Trevisan","Implementos Agrícolas Albuquerque Maringá S/A","+5541982582702","mauricio.trevisan@implementosagrcolasalbuq.com.br"
"Angela Peruzzo","Implementos Agrícolas Albuquerque Maringá S/A","+5541991573745","angela.peruzzo@implementosagrcolasalbuq.com.br"
"Ana Paula Dallagnol","Distribuição & Cargas Oliveira Pouso Alegre Ltda.","+5531982752725","ana.paula@distribuiocargasoliveira.com.br"
"Roberto Dallagnol","Distribuição & Cargas Oliveira Pouso Alegre Ltda.","+5531991863782","roberto.dallagnol@distribuiocargasoliveira.com.br"
"Fernando Silveira","Consultoria & Softwares Zanetti São José S/A","+5547982922748","fernando.silveira@consultoriasoftwareszane.com.br"
"Beatriz Albuquerque","Consultoria & Softwares Zanetti São José S/A","+5547992153819","beatriz.albuquerque@consultoriasoftwareszane.com.br"
"Beatriz Moraes","Gestão Hospitalar Castelo Branco Caxias do Sul Ltda.","+5551983092771","beatriz.moraes@gestohospitalarcastelobr.com.br"
"Paulo Sergio Feldmann","Gestão Hospitalar Castelo Branco Caxias do Sul Ltda.","+5551992443856","paulo.sergio@gestohospitalarcastelobr.com.br"
"Antonio Carlos Feldmann","Exportadora de Grãos Franzotti Jataí S/A","+5562983262794","antonio.carlos@exportadoradegrosfranzot.com.br"
"Silvana Castelo Branco","Exportadora de Grãos Franzotti Jataí S/A","+5562992733893","silvana.castelo@exportadoradegrosfranzot.com.br"
"Rosana Barbosa","Indústria Química Carneiro Tangará da Serra Ltda.","+5565983432817","rosana.barbosa@indstriaqumicacarneirota.com.br"
"Leandro Trevizaneli","Indústria Química Carneiro Tangará da Serra Ltda.","+5565993023930","leandro.trevizaneli@indstriaqumicacarneirota.com.br"
"Alberto Cerchi","Frotas & Locação Nogueira Campo Grande S/A","+5567983602840","alberto.cerchi@frotaslocaonogueiracampo.com.br"
"Mariana Nogueira","Frotas & Locação Nogueira Campo Grande S/A","+5567993313967","mariana.nogueira@frotaslocaonogueiracampo.com.br"
"Solange Trevizaneli","AgroIndustrial Guimarães Jundiaí Ltda.","+5511983772863","solange.trevizaneli@agroindustrialguimaresju.com.br"
"Luiz Henrique Rezende","AgroIndustrial Guimarães Jundiaí Ltda.","+5511993604004","luiz.henrique@agroindustrialguimaresju.com.br"
"Leandro Cantagalli","Metalúrgica Mesquita Campo Mourão S/A","+5541983942886","leandro.cantagalli@metalrgicamesquitacampom.com.br"
"Sandra Gasparetto","Metalúrgica Mesquita Campo Mourão S/A","+5541993894041","sandra.gasparetto@metalrgicamesquitacampom.com.br"
"Marlene Pacheco","Logística Gasparetto Ipatinga Ltda.","+5531984112909","marlene.pacheco@logsticagasparettoipatin.com.br"
"Nelson Pozzobon","Logística Gasparetto Ipatinga Ltda.","+5531994184078","nelson.pozzobon@logsticagasparettoipatin.com.br"
"Marcelo Rezende","Sistemas Corporativos Dalbosco Florianópolis S/A","+5547984282932","marcelo.rezende@sistemascorporativosdalb.com.br"
"Angela Lorenzetti","Sistemas Corporativos Dalbosco Florianópolis S/A","+5547994474115","angela.lorenzetti@sistemascorporativosdalb.com.br"
"Cristina Bressan","Complexo Hospitalar Maggioni Novo Hamburgo Ltda.","+5551984452955","cristina.bressan@complexohospitalarmaggio.com.br"
"Roberto Zanchettin","Complexo Hospitalar Maggioni Novo Hamburgo Ltda.","+5551994764152","roberto.zanchettin@complexohospitalarmaggio.com.br"
"Ricardo Furlan","Trading & Exportação Lorenzetti Cristalina S/A","+5562984622978","ricardo.furlan@tradingexportaolorenzett.com.br"
"Beatriz Sordi","Trading & Exportação Lorenzetti Cristalina S/A","+5562995054189","beatriz.sordi@tradingexportaolorenzett.com.br"
"Sandra Pozzobon","Indústria de Máquinas Vicentini Rondonópolis Ltda.","+5565984793001","sandra.pozzobon@indstriademquinasvicenti.com.br"
"Paulo Sergio Trevisan","Indústria de Máquinas Vicentini Rondonópolis Ltda.","+5565995344226","paulo.sergio@indstriademquinasvicenti.com.br"
"Valdemir Bortolotto","Armazéns Gerais & Silos Girotto São Gabriel do Oeste S/A","+5567984963024","valdemir.bortolotto@armaznsgeraissilosgirott.com.br"
"Silvana Pessatto","Armazéns Gerais & Silos Girotto São Gabriel do Oeste S/A","+5567995634263","silvana.pessatto@armaznsgeraissilosgirott.com.br"
"Cristiane Guerra","Transportes Pesados Sordi São José dos Campos Ltda.","+5511985133047","cristiane.guerra@transportespesadossordis.com.br"
"Leandro Moraes","Transportes Pesados Sordi São José dos Campos Ltda.","+5511995924300","leandro.moraes@transportespesadossordis.com.br"
"Guilherme Zanchettin","Centro Diagnóstico Peruzzo Curitiba S/A","+5541985303070","guilherme.zanchettin@centrodiagnsticoperuzzoc.com.br"
"Mariana Zanetti","Centro Diagnóstico Peruzzo Curitiba S/A","+5541996214337","mariana.zanetti@centrodiagnsticoperuzzoc.com.br"
"Denise Giacomet","Engenharia & Concessões Scheffer Uberaba Ltda.","+5531985473093","denise.giacomet@engenhariaconcessesschef.com.br"
"Luiz Henrique Cerchi","Engenharia & Concessões Scheffer Uberaba Ltda.","+5531996504374","luiz.henrique@engenhariaconcessesschef.com.br"
"Roberto Meneghetti","Bioenergia & Etanol Pessatto Jaraguá do Sul S/A","+5547985643116","roberto.meneghetti@bioenergiaetanolpessatto.com.br"
"Sandra Carneiro","Bioenergia & Etanol Pessatto Jaraguá do Sul S/A","+5547996794411","sandra.carneiro@bioenergiaetanolpessatto.com.br"
"Camila Trevisan","Nutrição Animal Albuquerque Gravataí Ltda.","+5551985813139","camila.trevisan@nutrioanimalalbuquerqueg.com.br"
"Nelson Pacheco","Nutrição Animal Albuquerque Gravataí Ltda.","+5551997084448","nelson.pacheco@nutrioanimalalbuquerqueg.com.br"
"Gustavo Dallagnol","Implementos Agrícolas Oliveira Anápolis S/A","+5562985983162","gustavo.dallagnol@implementosagrcolasolive.com.br"
"Angela Mesquita","Implementos Agrícolas Oliveira Anápolis S/A","+5562997374485","angela.mesquita@implementosagrcolasolive.com.br"
"Helena Silveira","Distribuição & Cargas Zanetti Primavera do Leste Ltda.","+5565986153185","helena.silveira@distribuiocargaszanettip.com.br"
"Roberto Furlan","Distribuição & Cargas Zanetti Primavera do Leste Ltda.","+5565997664522","roberto.furlan@distribuiocargaszanettip.com.br"
"Fabio Moraes","Consultoria & Softwares Castelo Branco Chapadão do Sul S/A","+5567986323208","fabio.moraes@consultoriasoftwarescast.com.br"
"Beatriz Maggioni","Consultoria & Softwares Castelo Branco Chapadão do Sul S/A","+5567997954559","beatriz.maggioni@consultoriasoftwarescast.com.br"
"Silvana Feldmann","Gestão Hospitalar Franzotti Campinas Ltda.","+5511986493231","silvana.feldmann@gestohospitalarfranzotti.com.br"
"Paulo Sergio Guerra","Gestão Hospitalar Franzotti Campinas Ltda.","+5511998244596","paulo.sergio@gestohospitalarfranzotti.com.br"
"Eduardo Barbosa","Exportadora de Grãos Carneiro Ponta Grossa S/A","+5541986663254","eduardo.barbosa@exportadoradegroscarneir.com.br"
"Silvana Girotto","Exportadora de Grãos Carneiro Ponta Grossa S/A","+5541998534633","silvana.girotto@exportadoradegroscarneir.com.br"
"Celia Cerchi","Indústria Química Nogueira Betim Ltda.","+5531986833277","celia.cerchi@indstriaqumicanogueirabe.com.br"
"Leandro Meneghetti","Indústria Química Nogueira Betim Ltda.","+5531998824670","leandro.meneghetti@indstriaqumicanogueirabe.com.br"
"Carlos Eduardo Trevizaneli","Frotas & Locação Guimarães Joinville S/A","+5547987003300","carlos.eduardo@frotaslocaoguimaresjoinv.com.br"
"Mariana Scheffer","Frotas & Locação Guimarães Joinville S/A","+5547999114707","mariana.scheffer@frotaslocaoguimaresjoinv.com.br"
"Juliana Cantagalli","AgroIndustrial Mesquita Pelotas Ltda.","+5551987173323","juliana.cantagalli@agroindustrialmesquitape.com.br"
"Luiz Henrique Silveira","AgroIndustrial Mesquita Pelotas Ltda.","+5551999404744","luiz.henrique@agroindustrialmesquitape.com.br"
"Luiz Henrique Pacheco","Metalúrgica Gasparetto Catalão S/A","+5562987343346","luiz.henrique@metalrgicagasparettocata.com.br"
"Sandra Oliveira","Metalúrgica Gasparetto Catalão S/A","+5562999694781","sandra.oliveira@metalrgicagasparettocata.com.br"
"Fernanda Rezende","Logística Dalbosco Barra do Garças Ltda.","+5565987513369","fernanda.rezende@logsticadalboscobarradog.com.br"
"Nelson Barbosa","Logística Dalbosco Barra do Garças Ltda.","+5565999984818","nelson.barbosa@logsticadalboscobarradog.com.br"
"Sergio Bressan","Sistemas Corporativos Maggioni Três Lagoas S/A","+5567987683392","sergio.bressan@sistemascorporativosmagg.com.br"
"Angela Franzotti","Sistemas Corporativos Maggioni Três Lagoas S/A","+5567970284855","angela.franzotti@sistemascorporativosmagg.com.br"
"Elisangela Furlan","Complexo Hospitalar Lorenzetti Piracicaba Ltda.","+5511987853415","elisangela.furlan@complexohospitalarlorenz.com.br"
"Roberto Cantagalli","Complexo Hospitalar Lorenzetti Piracicaba Ltda.","+5511970574892","roberto.cantagalli@complexohospitalarlorenz.com.br"
"Flavio Pozzobon","Trading & Exportação Vicentini Castro S/A","+5541988023438","flavio.pozzobon@tradingexportaovicentini.com.br"
"Beatriz Guimarães","Trading & Exportação Vicentini Castro S/A","+5541970864929","beatriz.guimarães@tradingexportaovicentini.com.br"
"Angela Bortolotto","Indústria de Máquinas Girotto Uberlândia Ltda.","+5531988193461","angela.bortolotto@indstriademquinasgirotto.com.br"
"Paulo Sergio Bressan","Indústria de Máquinas Girotto Uberlândia Ltda.","+5531971154966","paulo.sergio@indstriademquinasgirotto.com.br"
"Wagner Guerra","Armazéns Gerais & Silos Sordi Criciúma S/A","+5547988363484","wagner.guerra@armaznsgeraissilossordic.com.br"
"Silvana Dalbosco","Armazéns Gerais & Silos Sordi Criciúma S/A","+5547971445003","silvana.dalbosco@armaznsgeraissilossordic.com.br"
"Patricia Zanchettin","Transportes Pesados Peruzzo Erechim Ltda.","+5551988533507","patricia.zanchettin@transportespesadosperuzz.com.br"
"Leandro Bortolotto","Transportes Pesados Peruzzo Erechim Ltda.","+5551971735040","leandro.bortolotto@transportespesadosperuzz.com.br"
"Rodrigo Giacomet","Centro Diagnóstico Scheffer Goiânia S/A","+5562988703530","rodrigo.giacomet@centrodiagnsticoscheffer.com.br"
"Mariana Vicentini","Centro Diagnóstico Scheffer Goiânia S/A","+5562972025077","mariana.vicentini@centrodiagnsticoscheffer.com.br"
"Laura Meneghetti","Engenharia & Concessões Pessatto Sorriso Ltda.","+5565988873553","laura.meneghetti@engenhariaconcessespessa.com.br"
"Luiz Henrique Giacomet","Engenharia & Concessões Pessatto Sorriso Ltda.","+5565972315114","luiz.henrique@engenhariaconcessespessa.com.br"
"Paulo Sergio Trevisan","Bioenergia & Etanol Albuquerque Naviraí S/A","+5567989043576","paulo.sergio@bioenergiaetanolalbuquer.com.br"
"Sandra Peruzzo","Bioenergia & Etanol Albuquerque Naviraí S/A","+5567972605151","sandra.peruzzo@bioenergiaetanolalbuquer.com.br"
"Adriana Dallagnol","Nutrição Animal Oliveira Franca Ltda.","+5511989213599","adriana.dallagnol@nutrioanimaloliveirafran.com.br"
"Nelson Dallagnol","Nutrição Animal Oliveira Franca Ltda.","+5511972895188","nelson.dallagnol@nutrioanimaloliveirafran.com.br"
"Claudio Silveira","Implementos Agrícolas Zanetti Maringá S/A","+5541989383622","claudio.silveira@implementosagrcolaszanet.com.br"
"Angela Albuquerque","Implementos Agrícolas Zanetti Maringá S/A","+5541973185225","angela.albuquerque@implementosagrcolaszanet.com.br"
"Sandra Moraes","Distribuição & Cargas Castelo Branco Pouso Alegre Ltda.","+5531989553645","sandra.moraes@distribuiocargascastelob.com.br"
"Roberto Feldmann","Distribuição & Cargas Castelo Branco Pouso Alegre Ltda.","+5531973475262","roberto.feldmann@distribuiocargascastelob.com.br"
"Renato Feldmann","Consultoria & Softwares Franzotti São José S/A","+5547989723668","renato.feldmann@consultoriasoftwaresfran.com.br"
"Beatriz Castelo Branco","Consultoria & Softwares Franzotti São José S/A","+5547973765299","beatriz.castelo@consultoriasoftwaresfran.com.br"
"Mariana Barbosa","Gestão Hospitalar Carneiro Caxias do Sul Ltda.","+5551989893691","mariana.barbosa@gestohospitalarcarneiroc.com.br"
"Paulo Sergio Trevizaneli","Gestão Hospitalar Carneiro Caxias do Sul Ltda.","+5551974055336","paulo.sergio@gestohospitalarcarneiroc.com.br"
"Alexandre Cerchi","Exportadora de Grãos Nogueira Jataí S/A","+5562990063714","alexandre.cerchi@exportadoradegrosnogueir.com.br"
"Silvana Nogueira","Exportadora de Grãos Nogueira Jataí S/A","+5562974345373","silvana.nogueira@exportadoradegrosnogueir.com.br"
"Renata Trevizaneli","Indústria Química Guimarães Tangará da Serra Ltda.","+5565990233737","renata.trevizaneli@indstriaqumicaguimaresta.com.br"
"Leandro Rezende","Indústria Química Guimarães Tangará da Serra Ltda.","+5565974635410","leandro.rezende@indstriaqumicaguimaresta.com.br"
"Marcos Vinicius Cantagalli","Frotas & Locação Mesquita Campo Grande S/A","+5567990403760","marcos.vinicius@frotaslocaomesquitacampo.com.br"
"Mariana Gasparetto","Frotas & Locação Mesquita Campo Grande S/A","+5567974925447","mariana.gasparetto@frotaslocaomesquitacampo.com.br"
"Luciane Pacheco","AgroIndustrial Gasparetto Jundiaí Ltda.","+5511990573783","luciane.pacheco@agroindustrialgasparetto.com.br"
"Luiz Henrique Pozzobon","AgroIndustrial Gasparetto Jundiaí Ltda.","+5511975215484","luiz.henrique@agroindustrialgasparetto.com.br"
"Nelson Rezende","Metalúrgica Dalbosco Campo Mourão S/A","+5541990743806","nelson.rezende@metalrgicadalboscocampom.com.br"
"Sandra Lorenzetti","Metalúrgica Dalbosco Campo Mourão S/A","+5541975505521","sandra.lorenzetti@metalrgicadalboscocampom.com.br"
"Cleuza Bressan","Logística Maggioni Ipatinga Ltda.","+5531990913829","cleuza.bressan@logsticamaggioniipatinga.com.br"
"Nelson Zanchettin","Logística Maggioni Ipatinga Ltda.","+5531975795558","nelson.zanchettin@logsticamaggioniipatinga.com.br"
"Mauricio Furlan","Sistemas Corporativos Lorenzetti Florianópolis S/A","+5547991083852","mauricio.furlan@sistemascorporativoslore.com.br"
"Angela Sordi","Sistemas Corporativos Lorenzetti Florianópolis S/A","+5547976085595","angela.sordi@sistemascorporativoslore.com.br"
"Ana Paula Pozzobon","Complexo Hospitalar Vicentini Novo Hamburgo Ltda.","+5551991253875","ana.paula@complexohospitalarvicent.com.br"
"Roberto Trevisan","Complexo Hospitalar Vicentini Novo Hamburgo Ltda.","+5551976375632","roberto.trevisan@complexohospitalarvicent.com.br"
"Fernando Bortolotto","Trading & Exportação Girotto Cristalina S/A","+5562991423898","fernando.bortolotto@tradingexportaogirottocr.com.br"
"Beatriz Pessatto","Trading & Exportação Girotto Cristalina S/A","+5562976665669","beatriz.pessatto@tradingexportaogirottocr.com.br"
"Beatriz Guerra","Indústria de Máquinas Sordi Rondonópolis Ltda.","+5565991593921","beatriz.guerra@indstriademquinassordiro.com.br"
"Paulo Sergio Moraes","Indústria de Máquinas Sordi Rondonópolis Ltda.","+5565976955706","paulo.sergio@indstriademquinassordiro.com.br"
"Antonio Carlos Zanchettin","Armazéns Gerais & Silos Peruzzo São Gabriel do Oeste S/A","+5567991763944","antonio.carlos@armaznsgeraissilosperuzz.com.br"
"Silvana Zanetti","Armazéns Gerais & Silos Peruzzo São Gabriel do Oeste S/A","+5567977245743","silvana.zanetti@armaznsgeraissilosperuzz.com.br"
"Rosana Giacomet","Transportes Pesados Scheffer São José dos Campos Ltda.","+5511991933967","rosana.giacomet@transportespesadosscheff.com.br"
"Leandro Cerchi","Transportes Pesados Scheffer São José dos Campos Ltda.","+5511977535780","leandro.cerchi@transportespesadosscheff.com.br"
"Alberto Meneghetti","Centro Diagnóstico Pessatto Curitiba S/A","+5541992103990","alberto.meneghetti@centrodiagnsticopessatto.com.br"
"Mariana Carneiro","Centro Diagnóstico Pessatto Curitiba S/A","+5541977825817","mariana.carneiro@centrodiagnsticopessatto.com.br"
"Solange Trevisan","Engenharia & Concessões Albuquerque Uberaba Ltda.","+5531992274013","solange.trevisan@engenhariaconcessesalbuq.com.br"
"Luiz Henrique Pacheco","Engenharia & Concessões Albuquerque Uberaba Ltda.","+5531978115854","luiz.henrique@engenhariaconcessesalbuq.com.br"
"Leandro Dallagnol","Bioenergia & Etanol Oliveira Jaraguá do Sul S/A","+5547992444036","leandro.dallagnol@bioenergiaetanololiveira.com.br"
"Sandra Mesquita","Bioenergia & Etanol Oliveira Jaraguá do Sul S/A","+5547978405891","sandra.mesquita@bioenergiaetanololiveira.com.br"
"Marlene Silveira","Nutrição Animal Zanetti Gravataí Ltda.","+5551992614059","marlene.silveira@nutrioanimalzanettigrava.com.br"
"Nelson Furlan","Nutrição Animal Zanetti Gravataí Ltda.","+5551978695928","nelson.furlan@nutrioanimalzanettigrava.com.br"
"Marcelo Moraes","Implementos Agrícolas Castelo Branco Anápolis S/A","+5562992784082","marcelo.moraes@implementosagrcolascaste.com.br"
"Angela Maggioni","Implementos Agrícolas Castelo Branco Anápolis S/A","+5562978985965","angela.maggioni@implementosagrcolascaste.com.br"
"Cristina Feldmann","Distribuição & Cargas Franzotti Primavera do Leste Ltda.","+5565992954105","cristina.feldmann@distribuiocargasfranzott.com.br"
"Roberto Guerra","Distribuição & Cargas Franzotti Primavera do Leste Ltda.","+5565979276002","roberto.guerra@distribuiocargasfranzott.com.br"
"Ricardo Barbosa","Consultoria & Softwares Carneiro Chapadão do Sul S/A","+5567993124128","ricardo.barbosa@consultoriasoftwarescarn.com.br"
"Beatriz Girotto","Consultoria & Softwares Carneiro Chapadão do Sul S/A","+5567979566039","beatriz.girotto@consultoriasoftwarescarn.com.br"
"Sandra Cerchi","Gestão Hospitalar Nogueira Campinas Ltda.","+5511993294151","sandra.cerchi@gestohospitalarnogueirac.com.br"
"Paulo Sergio Meneghetti","Gestão Hospitalar Nogueira Campinas Ltda.","+5511979856076","paulo.sergio@gestohospitalarnogueirac.com.br"
"Valdemir Trevizaneli","Exportadora de Grãos Guimarães Ponta Grossa S/A","+5541993464174","valdemir.trevizaneli@exportadoradegrosguimare.com.br"
"Silvana Scheffer","Exportadora de Grãos Guimarães Ponta Grossa S/A","+5541980146113","silvana.scheffer@exportadoradegrosguimare.com.br"
"Cristiane Cantagalli","Indústria Química Mesquita Betim Ltda.","+5531993634197","cristiane.cantagalli@indstriaqumicamesquitabe.com.br"
"Leandro Silveira","Indústria Química Mesquita Betim Ltda.","+5531980436150","leandro.silveira@indstriaqumicamesquitabe.com.br"
"Guilherme Pacheco","Frotas & Locação Gasparetto Joinville S/A","+5547993804220","guilherme.pacheco@frotaslocaogasparettojoi.com.br"
"Mariana Oliveira","Frotas & Locação Gasparetto Joinville S/A","+5547980726187","mariana.oliveira@frotaslocaogasparettojoi.com.br"
"Denise Rezende","AgroIndustrial Dalbosco Pelotas Ltda.","+5551993974243","denise.rezende@agroindustrialdalboscope.com.br"
"Luiz Henrique Barbosa","AgroIndustrial Dalbosco Pelotas Ltda.","+5551981016224","luiz.henrique@agroindustrialdalboscope.com.br"
"Roberto Bressan","Metalúrgica Maggioni Catalão S/A","+5562994144266","roberto.bressan@metalrgicamaggionicatalo.com.br"
"Sandra Franzotti","Metalúrgica Maggioni Catalão S/A","+5562981306261","sandra.franzotti@metalrgicamaggionicatalo.com.br"
"Camila Furlan","Logística Lorenzetti Barra do Garças Ltda.","+5565994314289","camila.furlan@logsticalorenzettibarrad.com.br"
"Nelson Cantagalli","Logística Lorenzetti Barra do Garças Ltda.","+5565981596298","nelson.cantagalli@logsticalorenzettibarrad.com.br"
"Gustavo Pozzobon","Sistemas Corporativos Vicentini Três Lagoas S/A","+5567994484312","gustavo.pozzobon@sistemascorporativosvice.com.br"
"Angela Guimarães","Sistemas Corporativos Vicentini Três Lagoas S/A","+5567981886335","angela.guimarães@sistemascorporativosvice.com.br"
"Helena Bortolotto","Complexo Hospitalar Girotto Piracicaba Ltda.","+5511994654335","helena.bortolotto@complexohospitalargirott.com.br"
"Roberto Bressan","Complexo Hospitalar Girotto Piracicaba Ltda.","+5511982176372","roberto.bressan@complexohospitalargirott.com.br"
"Fabio Guerra","Trading & Exportação Sordi Castro S/A","+5541994824358","fabio.guerra@tradingexportaosordicast.com.br"
"Beatriz Dalbosco","Trading & Exportação Sordi Castro S/A","+5541982466409","beatriz.dalbosco@tradingexportaosordicast.com.br"
"Silvana Zanchettin","Indústria de Máquinas Peruzzo Uberlândia Ltda.","+5531994994381","silvana.zanchettin@indstriademquinasperuzzo.com.br"
"Paulo Sergio Bortolotto","Indústria de Máquinas Peruzzo Uberlândia Ltda.","+5531982756446","paulo.sergio@indstriademquinasperuzzo.com.br"
"Eduardo Giacomet","Armazéns Gerais & Silos Scheffer Criciúma S/A","+5547995164404","eduardo.giacomet@armaznsgeraissilosscheff.com.br"
"Silvana Vicentini","Armazéns Gerais & Silos Scheffer Criciúma S/A","+5547983046483","silvana.vicentini@armaznsgeraissilosscheff.com.br"
"Celia Meneghetti","Transportes Pesados Pessatto Erechim Ltda.","+5551995334427","celia.meneghetti@transportespesadospessat.com.br"
"Leandro Giacomet","Transportes Pesados Pessatto Erechim Ltda.","+5551983336520","leandro.giacomet@transportespesadospessat.com.br"
"Carlos Eduardo Trevisan","Centro Diagnóstico Albuquerque Goiânia S/A","+5562995504450","carlos.eduardo@centrodiagnsticoalbuquer.com.br"
"Mariana Peruzzo","Centro Diagnóstico Albuquerque Goiânia S/A","+5562983626557","mariana.peruzzo@centrodiagnsticoalbuquer.com.br"
"Juliana Dallagnol","Engenharia & Concessões Oliveira Sorriso Ltda.","+5565995674473","juliana.dallagnol@engenhariaconcessesolive.com.br"
"Luiz Henrique Dallagnol","Engenharia & Concessões Oliveira Sorriso Ltda.","+5565983916594","luiz.henrique@engenhariaconcessesolive.com.br"
"Luiz Henrique Silveira","Bioenergia & Etanol Zanetti Naviraí S/A","+5567995844496","luiz.henrique@bioenergiaetanolzanettin.com.br"
"Sandra Albuquerque","Bioenergia & Etanol Zanetti Naviraí S/A","+5567984206631","sandra.albuquerque@bioenergiaetanolzanettin.com.br"
"Fernanda Moraes","Nutrição Animal Castelo Branco Franca Ltda.","+5511996014519","fernanda.moraes@nutrioanimalcastelobranc.com.br"
"Nelson Feldmann","Nutrição Animal Castelo Branco Franca Ltda.","+5511984496668","nelson.feldmann@nutrioanimalcastelobranc.com.br"
"Sergio Feldmann","Implementos Agrícolas Franzotti Maringá S/A","+5541996184542","sergio.feldmann@implementosagrcolasfranz.com.br"
"Angela Castelo Branco","Implementos Agrícolas Franzotti Maringá S/A","+5541984786705","angela.castelo@implementosagrcolasfranz.com.br"
"Elisangela Barbosa","Distribuição & Cargas Carneiro Pouso Alegre Ltda.","+5531996354565","elisangela.barbosa@distribuiocargascarneiro.com.br"
"Roberto Trevizaneli","Distribuição & Cargas Carneiro Pouso Alegre Ltda.","+5531985076742","roberto.trevizaneli@distribuiocargascarneiro.com.br"
"Flavio Cerchi","Consultoria & Softwares Nogueira São José S/A","+5547996524588","flavio.cerchi@consultoriasoftwaresnogu.com.br"
"Beatriz Nogueira","Consultoria & Softwares Nogueira São José S/A","+5547985366779","beatriz.nogueira@consultoriasoftwaresnogu.com.br"
"Angela Trevizaneli","Gestão Hospitalar Guimarães Caxias do Sul Ltda.","+5551996694611","angela.trevizaneli@gestohospitalarguimaresc.com.br"
"Paulo Sergio Rezende","Gestão Hospitalar Guimarães Caxias do Sul Ltda.","+5551985656816","paulo.sergio@gestohospitalarguimaresc.com.br"
"Wagner Cantagalli","Exportadora de Grãos Mesquita Jataí S/A","+5562996864634","wagner.cantagalli@exportadoradegrosmesquit.com.br"
"Silvana Gasparetto","Exportadora de Grãos Mesquita Jataí S/A","+5562985946853","silvana.gasparetto@exportadoradegrosmesquit.com.br"
"Patricia Pacheco","Indústria Química Gasparetto Tangará da Serra Ltda.","+5565997034657","patricia.pacheco@indstriaqumicagasparetto.com.br"
"Leandro Pozzobon","Indústria Química Gasparetto Tangará da Serra Ltda.","+5565986236890","leandro.pozzobon@indstriaqumicagasparetto.com.br"
"Rodrigo Rezende","Frotas & Locação Dalbosco Campo Grande S/A","+5567997204680","rodrigo.rezende@frotaslocaodalboscocampo.com.br"
"Mariana Lorenzetti","Frotas & Locação Dalbosco Campo Grande S/A","+5567986526927","mariana.lorenzetti@frotaslocaodalboscocampo.com.br"
"Laura Bressan","AgroIndustrial Maggioni Jundiaí Ltda.","+5511997374703","laura.bressan@agroindustrialmaggioniju.com.br"
"Luiz Henrique Zanchettin","AgroIndustrial Maggioni Jundiaí Ltda.","+5511986816964","luiz.henrique@agroindustrialmaggioniju.com.br"
"Paulo Sergio Furlan","Metalúrgica Lorenzetti Campo Mourão S/A","+5541997544726","paulo.sergio@metalrgicalorenzetticamp.com.br"
"Sandra Sordi","Metalúrgica Lorenzetti Campo Mourão S/A","+5541987107001","sandra.sordi@metalrgicalorenzetticamp.com.br"
"Adriana Pozzobon","Logística Vicentini Ipatinga Ltda.","+5531997714749","adriana.pozzobon@logsticavicentiniipating.com.br"
"Nelson Trevisan","Logística Vicentini Ipatinga Ltda.","+5531987397038","nelson.trevisan@logsticavicentiniipating.com.br"
"Claudio Bortolotto","Sistemas Corporativos Girotto Florianópolis S/A","+5547997884772","claudio.bortolotto@sistemascorporativosgiro.com.br"
"Angela Pessatto","Sistemas Corporativos Girotto Florianópolis S/A","+5547987687075","angela.pessatto@sistemascorporativosgiro.com.br"
"Sandra Guerra","Complexo Hospitalar Sordi Novo Hamburgo Ltda.","+5551998054795","sandra.guerra@complexohospitalarsordin.com.br"
"Roberto Moraes","Complexo Hospitalar Sordi Novo Hamburgo Ltda.","+5551987977112","roberto.moraes@complexohospitalarsordin.com.br"
"Renato Zanchettin","Trading & Exportação Peruzzo Cristalina S/A","+5562998224818","renato.zanchettin@tradingexportaoperuzzocr.com.br"
"Beatriz Zanetti","Trading & Exportação Peruzzo Cristalina S/A","+5562988267149","beatriz.zanetti@tradingexportaoperuzzocr.com.br"
"Mariana Giacomet","Indústria de Máquinas Scheffer Rondonópolis Ltda.","+5565998394841","mariana.giacomet@indstriademquinasscheffe.com.br"
"Paulo Sergio Cerchi","Indústria de Máquinas Scheffer Rondonópolis Ltda.","+5565988557186","paulo.sergio@indstriademquinasscheffe.com.br"
"Alexandre Meneghetti","Armazéns Gerais & Silos Pessatto São Gabriel do Oeste S/A","+5567998564864","alexandre.meneghetti@armaznsgeraissilospessat.com.br"
"Silvana Carneiro","Armazéns Gerais & Silos Pessatto São Gabriel do Oeste S/A","+5567988847223","silvana.carneiro@armaznsgeraissilospessat.com.br"
"Renata Trevisan","Transportes Pesados Albuquerque São José dos Campos Ltda.","+5511998734887","renata.trevisan@transportespesadosalbuqu.com.br"
"Leandro Pacheco","Transportes Pesados Albuquerque São José dos Campos Ltda.","+5511989137260","leandro.pacheco@transportespesadosalbuqu.com.br"
"Marcos Vinicius Dallagnol","Centro Diagnóstico Oliveira Curitiba S/A","+5541998904910","marcos.vinicius@centrodiagnsticooliveira.com.br"
"Mariana Mesquita","Centro Diagnóstico Oliveira Curitiba S/A","+5541989427297","mariana.mesquita@centrodiagnsticooliveira.com.br"
"Luciane Silveira","Engenharia & Concessões Zanetti Uberaba Ltda.","+5531999074933","luciane.silveira@engenhariaconcesseszanet.com.br"
"Luiz Henrique Furlan","Engenharia & Concessões Zanetti Uberaba Ltda.","+5531989717334","luiz.henrique@engenhariaconcesseszanet.com.br"
"Nelson Moraes","Bioenergia & Etanol Castelo Branco Jaraguá do Sul S/A","+5547999244956","nelson.moraes@bioenergiaetanolcastelob.com.br"
"Sandra Maggioni","Bioenergia & Etanol Castelo Branco Jaraguá do Sul S/A","+5547990007371","sandra.maggioni@bioenergiaetanolcastelob.com.br"
"Cleuza Feldmann","Nutrição Animal Franzotti Gravataí Ltda.","+5551999414979","cleuza.feldmann@nutrioanimalfranzottigra.com.br"
"Nelson Guerra","Nutrição Animal Franzotti Gravataí Ltda.","+5551990297408","nelson.guerra@nutrioanimalfranzottigra.com.br"
"Mauricio Barbosa","Implementos Agrícolas Carneiro Anápolis S/A","+5562999585002","mauricio.barbosa@implementosagrcolascarne.com.br"
"Angela Girotto","Implementos Agrícolas Carneiro Anápolis S/A","+5562990587445","angela.girotto@implementosagrcolascarne.com.br"
"Ana Paula Cerchi","Distribuição & Cargas Nogueira Primavera do Leste Ltda.","+5565999755025","ana.paula@distribuiocargasnogueira.com.br"
"Roberto Meneghetti","Distribuição & Cargas Nogueira Primavera do Leste Ltda.","+5565990877482","roberto.meneghetti@distribuiocargasnogueira.com.br"
"Fernando Trevizaneli","Consultoria & Softwares Guimarães Chapadão do Sul S/A","+5567999925048","fernando.trevizaneli@consultoriasoftwaresguim.com.br"
"Beatriz Scheffer","Consultoria & Softwares Guimarães Chapadão do Sul S/A","+5567991167519","beatriz.scheffer@consultoriasoftwaresguim.com.br"
"Beatriz Cantagalli","Gestão Hospitalar Mesquita Campinas Ltda.","+5511970105071","beatriz.cantagalli@gestohospitalarmesquitac.com.br"
"Paulo Sergio Silveira","Gestão Hospitalar Mesquita Campinas Ltda.","+5511991457556","paulo.sergio@gestohospitalarmesquitac.com.br"
"Antonio Carlos Pacheco","Exportadora de Grãos Gasparetto Ponta Grossa S/A","+5541970275094","antonio.carlos@exportadoradegrosgaspare.com.br"
"Silvana Oliveira","Exportadora de Grãos Gasparetto Ponta Grossa S/A","+5541991747593","silvana.oliveira@exportadoradegrosgaspare.com.br"
"Rosana Rezende","Indústria Química Dalbosco Betim Ltda.","+5531970445117","rosana.rezende@indstriaqumicadalboscobe.com.br"
"Leandro Barbosa","Indústria Química Dalbosco Betim Ltda.","+5531992037630","leandro.barbosa@indstriaqumicadalboscobe.com.br"
"Alberto Bressan","Frotas & Locação Maggioni Joinville S/A","+5547970615140","alberto.bressan@frotaslocaomaggionijoinv.com.br"
"Mariana Franzotti","Frotas & Locação Maggioni Joinville S/A","+5547992327667","mariana.franzotti@frotaslocaomaggionijoinv.com.br"
"Solange Furlan","AgroIndustrial Lorenzetti Pelotas Ltda.","+5551970785163","solange.furlan@agroindustriallorenzetti.com.br"
"Luiz Henrique Cantagalli","AgroIndustrial Lorenzetti Pelotas Ltda.","+5551992617704","luiz.henrique@agroindustriallorenzetti.com.br"
"Leandro Pozzobon","Metalúrgica Vicentini Catalão S/A","+5562970955186","leandro.pozzobon@metalrgicavicentinicatal.com.br"
"Sandra Guimarães","Metalúrgica Vicentini Catalão S/A","+5562992907741","sandra.guimarães@metalrgicavicentinicatal.com.br"
"Marlene Bortolotto","Logística Girotto Barra do Garças Ltda.","+5565971125209","marlene.bortolotto@logsticagirottobarradoga.com.br"
"Nelson Bressan","Logística Girotto Barra do Garças Ltda.","+5565993197778","nelson.bressan@logsticagirottobarradoga.com.br"
"Marcelo Guerra","Sistemas Corporativos Sordi Três Lagoas S/A","+5567971295232","marcelo.guerra@sistemascorporativossord.com.br"
"Angela Dalbosco","Sistemas Corporativos Sordi Três Lagoas S/A","+5567993487815","angela.dalbosco@sistemascorporativossord.com.br"
"Cristina Zanchettin","Complexo Hospitalar Peruzzo Piracicaba Ltda.","+5511971465255","cristina.zanchettin@complexohospitalarperuzz.com.br"
"Roberto Bortolotto","Complexo Hospitalar Peruzzo Piracicaba Ltda.","+5511993777852","roberto.bortolotto@complexohospitalarperuzz.com.br"
"Ricardo Giacomet","Trading & Exportação Scheffer Castro S/A","+5541971635278","ricardo.giacomet@tradingexportaoschefferc.com.br"
"Beatriz Vicentini","Trading & Exportação Scheffer Castro S/A","+5541994067889","beatriz.vicentini@tradingexportaoschefferc.com.br"
"Sandra Meneghetti","Indústria de Máquinas Pessatto Uberlândia Ltda.","+5531971805301","sandra.meneghetti@indstriademquinaspessatt.com.br"
"Paulo Sergio Giacomet","Indústria de Máquinas Pessatto Uberlândia Ltda.","+5531994357926","paulo.sergio@indstriademquinaspessatt.com.br"
"Valdemir Trevisan","Armazéns Gerais & Silos Albuquerque Criciúma S/A","+5547971975324","valdemir.trevisan@armaznsgeraissilosalbuqu.com.br"
"Silvana Peruzzo","Armazéns Gerais & Silos Albuquerque Criciúma S/A","+5547994647963","silvana.peruzzo@armaznsgeraissilosalbuqu.com.br"
"Cristiane Dallagnol","Transportes Pesados Oliveira Erechim Ltda.","+5551972145347","cristiane.dallagnol@transportespesadosolivei.com.br"
"Leandro Dallagnol","Transportes Pesados Oliveira Erechim Ltda.","+5551994938000","leandro.dallagnol@transportespesadosolivei.com.br"
"Guilherme Silveira","Centro Diagnóstico Zanetti Goiânia S/A","+5562972315370","guilherme.silveira@centrodiagnsticozanettig.com.br"
"Mariana Albuquerque","Centro Diagnóstico Zanetti Goiânia S/A","+5562995228037","mariana.albuquerque@centrodiagnsticozanettig.com.br"
"Denise Moraes","Engenharia & Concessões Castelo Branco Sorriso Ltda.","+5565972485393","denise.moraes@engenhariaconcessescaste.com.br"
"Luiz Henrique Feldmann","Engenharia & Concessões Castelo Branco Sorriso Ltda.","+5565995518074","luiz.henrique@engenhariaconcessescaste.com.br"
"Roberto Feldmann","Bioenergia & Etanol Franzotti Naviraí S/A","+5567972655416","roberto.feldmann@bioenergiaetanolfranzott.com.br"
"Sandra Castelo Branco","Bioenergia & Etanol Franzotti Naviraí S/A","+5567995808111","sandra.castelo@bioenergiaetanolfranzott.com.br"
"Camila Barbosa","Nutrição Animal Carneiro Franca Ltda.","+5511972825439","camila.barbosa@nutrioanimalcarneirofran.com.br"
"Nelson Trevizaneli","Nutrição Animal Carneiro Franca Ltda.","+5511996098148","nelson.trevizaneli@nutrioanimalcarneirofran.com.br"
"Gustavo Cerchi","Implementos Agrícolas Nogueira Maringá S/A","+5541972995462","gustavo.cerchi@implementosagrcolasnogue.com.br"
"Angela Nogueira","Implementos Agrícolas Nogueira Maringá S/A","+5541996388185","angela.nogueira@implementosagrcolasnogue.com.br"
"Helena Trevizaneli","Distribuição & Cargas Guimarães Pouso Alegre Ltda.","+5531973165485","helena.trevizaneli@distribuiocargasguimares.com.br"
"Roberto Rezende","Distribuição & Cargas Guimarães Pouso Alegre Ltda.","+5531996678222","roberto.rezende@distribuiocargasguimares.com.br"
"Fabio Cantagalli","Consultoria & Softwares Mesquita São José S/A","+5547973335508","fabio.cantagalli@consultoriasoftwaresmesq.com.br"
"Beatriz Gasparetto","Consultoria & Softwares Mesquita São José S/A","+5547996968259","beatriz.gasparetto@consultoriasoftwaresmesq.com.br"
"Silvana Pacheco","Gestão Hospitalar Gasparetto Caxias do Sul Ltda.","+5551973505531","silvana.pacheco@gestohospitalargasparett.com.br"
"Paulo Sergio Pozzobon","Gestão Hospitalar Gasparetto Caxias do Sul Ltda.","+5551997258296","paulo.sergio@gestohospitalargasparett.com.br"
"Eduardo Rezende","Exportadora de Grãos Dalbosco Jataí S/A","+5562973675554","eduardo.rezende@exportadoradegrosdalbosc.com.br"
"Silvana Lorenzetti","Exportadora de Grãos Dalbosco Jataí S/A","+5562997548333","silvana.lorenzetti@exportadoradegrosdalbosc.com.br"
"Celia Bressan","Indústria Química Maggioni Tangará da Serra Ltda.","+5565973845577","celia.bressan@indstriaqumicamaggionita.com.br"
"Leandro Zanchettin","Indústria Química Maggioni Tangará da Serra Ltda.","+5565997838370","leandro.zanchettin@indstriaqumicamaggionita.com.br"
"Carlos Eduardo Furlan","Frotas & Locação Lorenzetti Campo Grande S/A","+5567974015600","carlos.eduardo@frotaslocaolorenzetticam.com.br"
"Mariana Sordi","Frotas & Locação Lorenzetti Campo Grande S/A","+5567998128407","mariana.sordi@frotaslocaolorenzetticam.com.br"
"Juliana Pozzobon","AgroIndustrial Vicentini Jundiaí Ltda.","+5511974185623","juliana.pozzobon@agroindustrialvicentinij.com.br"
"Luiz Henrique Trevisan","AgroIndustrial Vicentini Jundiaí Ltda.","+5511998418444","luiz.henrique@agroindustrialvicentinij.com.br"
"Luiz Henrique Bortolotto","Metalúrgica Girotto Campo Mourão S/A","+5541974355646","luiz.henrique@metalrgicagirottocampomo.com.br"
"Sandra Pessatto","Metalúrgica Girotto Campo Mourão S/A","+5541998708481","sandra.pessatto@metalrgicagirottocampomo.com.br"
"Fernanda Guerra","Logística Sordi Ipatinga Ltda.","+5531974525669","fernanda.guerra@logsticasordiipatingaltd.com.br"
"Nelson Moraes","Logística Sordi Ipatinga Ltda.","+5531998998518","nelson.moraes@logsticasordiipatingaltd.com.br"
"Sergio Zanchettin","Sistemas Corporativos Peruzzo Florianópolis S/A","+5547974695692","sergio.zanchettin@sistemascorporativosperu.com.br"
"Angela Zanetti","Sistemas Corporativos Peruzzo Florianópolis S/A","+5547999288555","angela.zanetti@sistemascorporativosperu.com.br"
"Elisangela Giacomet","Complexo Hospitalar Scheffer Novo Hamburgo Ltda.","+5551974865715","elisangela.giacomet@complexohospitalarscheff.com.br"
"Roberto Cerchi","Complexo Hospitalar Scheffer Novo Hamburgo Ltda.","+5551999578592","roberto.cerchi@complexohospitalarscheff.com.br"
"Flavio Meneghetti","Trading & Exportação Pessatto Cristalina S/A","+5562975035738","flavio.meneghetti@tradingexportaopessattoc.com.br"
"Beatriz Carneiro","Trading & Exportação Pessatto Cristalina S/A","+5562999868629","beatriz.carneiro@tradingexportaopessattoc.com.br"
"Angela Trevisan","Indústria de Máquinas Albuquerque Rondonópolis Ltda.","+5565975205761","angela.trevisan@indstriademquinasalbuque.com.br"
"Paulo Sergio Pacheco","Indústria de Máquinas Albuquerque Rondonópolis Ltda.","+5565970168666","paulo.sergio@indstriademquinasalbuque.com.br"
"Wagner Dallagnol","Armazéns Gerais & Silos Oliveira São Gabriel do Oeste S/A","+5567975375784","wagner.dallagnol@armaznsgeraissilosolivei.com.br"
"Silvana Mesquita","Armazéns Gerais & Silos Oliveira São Gabriel do Oeste S/A","+5567970458703","silvana.mesquita@armaznsgeraissilosolivei.com.br"
"Patricia Silveira","Transportes Pesados Zanetti São José dos Campos Ltda.","+5511975545807","patricia.silveira@transportespesadoszanett.com.br"
"Leandro Furlan","Transportes Pesados Zanetti São José dos Campos Ltda.","+5511970748740","leandro.furlan@transportespesadoszanett.com.br"
"Rodrigo Moraes","Centro Diagnóstico Castelo Branco Curitiba S/A","+5541975715830","rodrigo.moraes@centrodiagnsticocastelob.com.br"
"Mariana Maggioni","Centro Diagnóstico Castelo Branco Curitiba S/A","+5541971038777","mariana.maggioni@centrodiagnsticocastelob.com.br"
"Laura Feldmann","Engenharia & Concessões Franzotti Uberaba Ltda.","+5531975885853","laura.feldmann@engenhariaconcessesfranz.com.br"
"Luiz Henrique Guerra","Engenharia & Concessões Franzotti Uberaba Ltda.","+5531971328814","luiz.henrique@engenhariaconcessesfranz.com.br"
"Paulo Sergio Barbosa","Bioenergia & Etanol Carneiro Jaraguá do Sul S/A","+5547976055876","paulo.sergio@bioenergiaetanolcarneiro.com.br"
"Sandra Girotto","Bioenergia & Etanol Carneiro Jaraguá do Sul S/A","+5547971618851","sandra.girotto@bioenergiaetanolcarneiro.com.br"
"Adriana Cerchi","Nutrição Animal Nogueira Gravataí Ltda.","+5551976225899","adriana.cerchi@nutrioanimalnogueiragrav.com.br"
"Nelson Meneghetti","Nutrição Animal Nogueira Gravataí Ltda.","+5551971908888","nelson.meneghetti@nutrioanimalnogueiragrav.com.br"
"Claudio Trevizaneli","Implementos Agrícolas Guimarães Anápolis S/A","+5562976395922","claudio.trevizaneli@implementosagrcolasguima.com.br"
"Angela Scheffer","Implementos Agrícolas Guimarães Anápolis S/A","+5562972198925","angela.scheffer@implementosagrcolasguima.com.br"
"Sandra Cantagalli","Distribuição & Cargas Mesquita Primavera do Leste Ltda.","+5565976565945","sandra.cantagalli@distribuiocargasmesquita.com.br"
"Roberto Silveira","Distribuição & Cargas Mesquita Primavera do Leste Ltda.","+5565972488962","roberto.silveira@distribuiocargasmesquita.com.br"
"Renato Pacheco","Consultoria & Softwares Gasparetto Chapadão do Sul S/A","+5567976735968","renato.pacheco@consultoriasoftwaresgasp.com.br"
"Beatriz Oliveira","Consultoria & Softwares Gasparetto Chapadão do Sul S/A","+5567972778999","beatriz.oliveira@consultoriasoftwaresgasp.com.br"
"Mariana Rezende","Gestão Hospitalar Dalbosco Campinas Ltda.","+5511976905991","mariana.rezende@gestohospitalardalboscoc.com.br"
"Paulo Sergio Barbosa","Gestão Hospitalar Dalbosco Campinas Ltda.","+5511973069036","paulo.sergio@gestohospitalardalboscoc.com.br"
"Alexandre Bressan","Exportadora de Grãos Maggioni Ponta Grossa S/A","+5541977076014","alexandre.bressan@exportadoradegrosmaggion.com.br"
"Silvana Franzotti","Exportadora de Grãos Maggioni Ponta Grossa S/A","+5541973359073","silvana.franzotti@exportadoradegrosmaggion.com.br"
"Renata Furlan","Indústria Química Lorenzetti Betim Ltda.","+5531977246037","renata.furlan@indstriaqumicalorenzetti.com.br"
"Leandro Cantagalli","Indústria Química Lorenzetti Betim Ltda.","+5531973649110","leandro.cantagalli@indstriaqumicalorenzetti.com.br"
"Marcos Vinicius Pozzobon","Frotas & Locação Vicentini Joinville S/A","+5547977416060","marcos.vinicius@frotaslocaovicentinijoin.com.br"
"Mariana Guimarães","Frotas & Locação Vicentini Joinville S/A","+5547973939147","mariana.guimarães@frotaslocaovicentinijoin.com.br"
"Luciane Bortolotto","AgroIndustrial Girotto Pelotas Ltda.","+5551977586083","luciane.bortolotto@agroindustrialgirottopel.com.br"
"Luiz Henrique Bressan","AgroIndustrial Girotto Pelotas Ltda.","+5551974229184","luiz.henrique@agroindustrialgirottopel.com.br"
"Nelson Guerra","Metalúrgica Sordi Catalão S/A","+5562977756106","nelson.guerra@metalrgicasordicatalosa.com.br"
"Sandra Dalbosco","Metalúrgica Sordi Catalão S/A","+5562974519221","sandra.dalbosco@metalrgicasordicatalosa.com.br"
"Cleuza Zanchettin","Logística Peruzzo Barra do Garças Ltda.","+5565977926129","cleuza.zanchettin@logsticaperuzzobarradoga.com.br"
"Nelson Bortolotto","Logística Peruzzo Barra do Garças Ltda.","+5565974809258","nelson.bortolotto@logsticaperuzzobarradoga.com.br"
"Mauricio Giacomet","Sistemas Corporativos Scheffer Três Lagoas S/A","+5567978096152","mauricio.giacomet@sistemascorporativossche.com.br"
"Angela Vicentini","Sistemas Corporativos Scheffer Três Lagoas S/A","+5567975099295","angela.vicentini@sistemascorporativossche.com.br"
"Ana Paula Meneghetti","Complexo Hospitalar Pessatto Piracicaba Ltda.","+5511978266175","ana.paula@complexohospitalarpessat.com.br"
"Roberto Giacomet","Complexo Hospitalar Pessatto Piracicaba Ltda.","+5511975389332","roberto.giacomet@complexohospitalarpessat.com.br"
"Fernando Trevisan","Trading & Exportação Albuquerque Castro S/A","+5541978436198","fernando.trevisan@tradingexportaoalbuquerq.com.br"
"Beatriz Peruzzo","Trading & Exportação Albuquerque Castro S/A","+5541975679369","beatriz.peruzzo@tradingexportaoalbuquerq.com.br"
"Beatriz Dallagnol","Indústria de Máquinas Oliveira Uberlândia Ltda.","+5531978606221","beatriz.dallagnol@indstriademquinasoliveir.com.br"
"Paulo Sergio Dallagnol","Indústria de Máquinas Oliveira Uberlândia Ltda.","+5531975969406","paulo.sergio@indstriademquinasoliveir.com.br"
"Antonio Carlos Silveira","Armazéns Gerais & Silos Zanetti Criciúma S/A","+5547978776244","antonio.carlos@armaznsgeraissiloszanett.com.br"
"Silvana Albuquerque","Armazéns Gerais & Silos Zanetti Criciúma S/A","+5547976259443","silvana.albuquerque@armaznsgeraissiloszanett.com.br"
"Rosana Moraes","Transportes Pesados Castelo Branco Erechim Ltda.","+5551978946267","rosana.moraes@transportespesadoscastel.com.br"
"Leandro Feldmann","Transportes Pesados Castelo Branco Erechim Ltda.","+5551976549480","leandro.feldmann@transportespesadoscastel.com.br"
"Alberto Feldmann","Centro Diagnóstico Franzotti Goiânia S/A","+5562979116290","alberto.feldmann@centrodiagnsticofranzott.com.br"
"Mariana Castelo Branco","Centro Diagnóstico Franzotti Goiânia S/A","+5562976839517","mariana.castelo@centrodiagnsticofranzott.com.br"
"Solange Barbosa","Engenharia & Concessões Carneiro Sorriso Ltda.","+5565979286313","solange.barbosa@engenhariaconcessescarne.com.br"
"Luiz Henrique Trevizaneli","Engenharia & Concessões Carneiro Sorriso Ltda.","+5565977129554","luiz.henrique@engenhariaconcessescarne.com.br"
"Leandro Cerchi","Bioenergia & Etanol Nogueira Naviraí S/A","+5567979456336","leandro.cerchi@bioenergiaetanolnogueira.com.br"
"Sandra Nogueira","Bioenergia & Etanol Nogueira Naviraí S/A","+5567977419591","sandra.nogueira@bioenergiaetanolnogueira.com.br"
"Marlene Trevizaneli","Nutrição Animal Guimarães Franca Ltda.","+5511979626359","marlene.trevizaneli@nutrioanimalguimaresfran.com.br"
"Nelson Rezende","Nutrição Animal Guimarães Franca Ltda.","+5511977709628","nelson.rezende@nutrioanimalguimaresfran.com.br"
"Marcelo Cantagalli","Implementos Agrícolas Mesquita Maringá S/A","+5541979796382","marcelo.cantagalli@implementosagrcolasmesqu.com.br"
"Angela Gasparetto","Implementos Agrícolas Mesquita Maringá S/A","+5541977999665","angela.gasparetto@implementosagrcolasmesqu.com.br"
"Cristina Pacheco","Distribuição & Cargas Gasparetto Pouso Alegre Ltda.","+5531979966405","cristina.pacheco@distribuiocargasgasparet.com.br"
"Roberto Pozzobon","Distribuição & Cargas Gasparetto Pouso Alegre Ltda.","+5531978289702","roberto.pozzobon@distribuiocargasgasparet.com.br"
"Ricardo Rezende","Consultoria & Softwares Dalbosco São José S/A","+5547980136428","ricardo.rezende@consultoriasoftwaresdalb.com.br"
"Beatriz Lorenzetti","Consultoria & Softwares Dalbosco São José S/A","+5547978579739","beatriz.lorenzetti@consultoriasoftwaresdalb.com.br"
"Sandra Bressan","Gestão Hospitalar Maggioni Caxias do Sul Ltda.","+5551980306451","sandra.bressan@gestohospitalarmaggionic.com.br"
"Paulo Sergio Zanchettin","Gestão Hospitalar Maggioni Caxias do Sul Ltda.","+5551978869776","paulo.sergio@gestohospitalarmaggionic.com.br"
"Valdemir Furlan","Exportadora de Grãos Lorenzetti Jataí S/A","+5562980476474","valdemir.furlan@exportadoradegroslorenze.com.br"
"Silvana Sordi","Exportadora de Grãos Lorenzetti Jataí S/A","+5562979159813","silvana.sordi@exportadoradegroslorenze.com.br"
"Cristiane Pozzobon","Indústria Química Vicentini Tangará da Serra Ltda.","+5565980646497","cristiane.pozzobon@indstriaqumicavicentinit.com.br"
"Leandro Trevisan","Indústria Química Vicentini Tangará da Serra Ltda.","+5565979449850","leandro.trevisan@indstriaqumicavicentinit.com.br"
"Guilherme Bortolotto","Frotas & Locação Girotto Campo Grande S/A","+5567980816520","guilherme.bortolotto@frotaslocaogirottocampog.com.br"
"Mariana Pessatto","Frotas & Locação Girotto Campo Grande S/A","+5567979739887","mariana.pessatto@frotaslocaogirottocampog.com.br"
"Denise Guerra","AgroIndustrial Sordi Jundiaí Ltda.","+5511980986543","denise.guerra@agroindustrialsordijundi.com.br"
"Luiz Henrique Moraes","AgroIndustrial Sordi Jundiaí Ltda.","+5511980029924","luiz.henrique@agroindustrialsordijundi.com.br"
"Roberto Zanchettin","Metalúrgica Peruzzo Campo Mourão S/A","+5541981156566","roberto.zanchettin@metalrgicaperuzzocampomo.com.br"
"Sandra Zanetti","Metalúrgica Peruzzo Campo Mourão S/A","+5541980319961","sandra.zanetti@metalrgicaperuzzocampomo.com.br"
"Camila Giacomet","Logística Scheffer Ipatinga Ltda.","+5531981326589","camila.giacomet@logsticaschefferipatinga.com.br"
"Nelson Cerchi","Logística Scheffer Ipatinga Ltda.","+5531980609998","nelson.cerchi@logsticaschefferipatinga.com.br"
"Gustavo Meneghetti","Sistemas Corporativos Pessatto Florianópolis S/A","+5547981496612","gustavo.meneghetti@sistemascorporativospess.com.br"
"Angela Carneiro","Sistemas Corporativos Pessatto Florianópolis S/A","+5547980891036","angela.carneiro@sistemascorporativospess.com.br"
"Helena Trevisan","Complexo Hospitalar Albuquerque Novo Hamburgo Ltda.","+5551981666635","helena.trevisan@complexohospitalaralbuqu.com.br"
"Roberto Pacheco","Complexo Hospitalar Albuquerque Novo Hamburgo Ltda.","+5551981181073","roberto.pacheco@complexohospitalaralbuqu.com.br"
"Fabio Dallagnol","Trading & Exportação Oliveira Cristalina S/A","+5562981836658","fabio.dallagnol@tradingexportaooliveirac.com.br"
"Beatriz Mesquita","Trading & Exportação Oliveira Cristalina S/A","+5562981471110","beatriz.mesquita@tradingexportaooliveirac.com.br"
"Silvana Silveira","Indústria de Máquinas Zanetti Rondonópolis Ltda.","+5565982006681","silvana.silveira@indstriademquinaszanetti.com.br"
"Paulo Sergio Furlan","Indústria de Máquinas Zanetti Rondonópolis Ltda.","+5565981761147","paulo.sergio@indstriademquinaszanetti.com.br"
"Eduardo Moraes","Armazéns Gerais & Silos Castelo Branco São Gabriel do Oeste S/A","+5567982176704","eduardo.moraes@armaznsgeraissiloscastel.com.br"
"Silvana Maggioni","Armazéns Gerais & Silos Castelo Branco São Gabriel do Oeste S/A","+5567982051184","silvana.maggioni@armaznsgeraissiloscastel.com.br"
"Celia Feldmann","Transportes Pesados Franzotti São José dos Campos Ltda.","+5511982346727","celia.feldmann@transportespesadosfranzo.com.br"
"Leandro Guerra","Transportes Pesados Franzotti São José dos Campos Ltda.","+5511982341221","leandro.guerra@transportespesadosfranzo.com.br"
"Carlos Eduardo Barbosa","Centro Diagnóstico Carneiro Curitiba S/A","+5541982516750","carlos.eduardo@centrodiagnsticocarneiro.com.br"
"Mariana Girotto","Centro Diagnóstico Carneiro Curitiba S/A","+5541982631258","mariana.girotto@centrodiagnsticocarneiro.com.br"
