ID,Empresa,CNPJ,Idade,UF,Cidade,Segmento,Cor_Segmento,Fonte_Dados,Setor,Tem_Site,Site,Descricao,CNAE_Principal,CNAE_Secundarios,Decisor_1_Nome,Decisor_1_Cargo,Decisor_1_LinkedIn,Decisor_1_Contato,Decisor_2_Nome,Decisor_2_Cargo,Decisor_2_LinkedIn,Decisor_2_Contato,Score_PRX
24,"Cardioprime Diagnósticos Médicos S/S","18.942.311/0001-40","8 anos (2018)","SP","São Paulo","Médicos PJ","SPECIAL_MED","CFM / CRM-SP + QSA Oficial Receita + LinkedIn","Saúde \u0026 Medicina Diagnóstica PJ",Não,"Sem Site Institucional (Rastreio via CNPJ / LinkedIn)","Sociedade médica de cardiologia e exames de imagem. Rastreio via CNPJ e CRM dos sócios.","8630-5/03 (Procedimentos cirúrgicos ambulatoriais)","8640-2/08 (Diagnósticos por imagem), 8640-2/02 (Laboratórios clínicos), 8610-1/01 (Internação ambulatorial)","Dr. Eduardo Vianna de Andrade","Sócio-Diretor Clínico / Cardiologista Chefe","https://www.linkedin.com/search/results/people/?keywords=Dr%20Eduardo%20Vianna%20Cardiologista","(11) 98765-4321 / dr.eduardo@cardioprime.med.br","Dra. Renata Fontes Sampaio","Sócia-Administradora \u0026 Diretora Financeira","https://www.linkedin.com/search/results/people/?keywords=Dra%20Renata%20Fontes%20CardioPrime","financeiro@cardioprime.med.br","AAA (High-Ticket)"
25,"Instituto de Ortopedia e Coluna (SP)","27.237.183/0001-11","7 anos (2019)","SP","São Paulo","Médicos PJ","SPECIAL_MED","CRM / CFM + QSA Receita Federal + LinkedIn","Saúde \u0026 Cirurgia Ambulatorial e Diagnósticos",Sim,"https://www.institutodeo.com.br","Operação B2B estruturada do nicho de Saúde \u0026 Cirurgia Ambulatorial e Diagnósticos localizada em São Paulo - SP.","8630-5/03 (Procedimentos cirúrgicos ambulatoriais)","8640-2/08 (Diagnósticos por imagem), 8610-1/01 (Hospital dia)","Dr. Fernando Mendonca","Sócio-Diretor Clínico","https://www.linkedin.com/search/results/people/?keywords=Fernando%20Mendonca%20institutodeo","(11) 9911-1122 / fernando@institutodeo.com.br","Bruno Koster","Diretora Administrativa \u0026 Financeira","https://www.linkedin.com/search/results/people/?keywords=Bruno%20Koster%20institutodeo","financeiro@institutodeo.com.br","AAA (High-Ticket)"
31,"Clínica de Especialidades Cardiovasculares Campinas","20.571.930/0001-20","16 anos (2010)","SP","Campinas","Médicos PJ","SPECIAL_MED","CRM / CFM + QSA Receita Federal + LinkedIn","Saúde \u0026 Cirurgia Ambulatorial e Diagnósticos",Sim,"https://www.clnicadeespe.com.br","Operação B2B estruturada do nicho de Saúde \u0026 Cirurgia Ambulatorial e Diagnósticos localizada em Campinas - SP.","8630-5/03 (Procedimentos cirúrgicos ambulatoriais)","8640-2/08 (Diagnósticos por imagem), 8610-1/01 (Hospital dia)","Dr. Marcelo Alencar","Sócio-Diretor Clínico","https://www.linkedin.com/search/results/people/?keywords=Marcelo%20Alencar%20clnicadeespe","(11) 91020-1122 / marcelo@clnicadeespe.com.br","Ricardo Resende","Diretora Administrativa \u0026 Financeira","https://www.linkedin.com/search/results/people/?keywords=Ricardo%20Resende%20clnicadeespe","financeiro@clnicadeespe.com.br","AAA (High-Ticket)"
37,"FemmePrime Medicina Fetal e Ginecológica Sorocaba","83.905.778/0001-29","25 anos (2001)","SP","Sorocaba","Médicos PJ","SPECIAL_MED","CRM / CFM + QSA Receita Federal + LinkedIn","Saúde \u0026 Cirurgia Ambulatorial e Diagnósticos",Sim,"https://www.femmeprimeme.com.br","Operação B2B estruturada do nicho de Saúde \u0026 Cirurgia Ambulatorial e Diagnósticos localizada em Sorocaba - SP.","8630-5/03 (Procedimentos cirúrgicos ambulatoriais)","8640-2/08 (Diagnósticos por imagem), 8610-1/01 (Hospital dia)","Dr. Caio Vasconcellos","Sócio-Diretor Clínico","https://www.linkedin.com/search/results/people/?keywords=Caio%20Vasconcellos%20femmeprimeme","(11) 91129-1122 / caio@femmeprimeme.com.br","Bruno Toledo","Diretora Administrativa \u0026 Financeira","https://www.linkedin.com/search/results/people/?keywords=Bruno%20Toledo%20femmeprimeme","financeiro@femmeprimeme.com.br","AAA (High-Ticket)"
43,"NeuroCenter Diagnósticos Neurológicos São José dos Campos","76.340.626/0001-38","34 anos (1992)","SP","São José dos Campos","Médicos PJ","SPECIAL_MED","CRM / CFM + QSA Receita Federal + LinkedIn","Saúde \u0026 Cirurgia Ambulatorial e Diagnósticos",Sim,"https://www.neurocenterd.com.br","Operação B2B estruturada do nicho de Saúde \u0026 Cirurgia Ambulatorial e Diagnósticos localizada em São José dos Campos - SP.","8630-5/03 (Procedimentos cirúrgicos ambulatoriais)","8640-2/08 (Diagnósticos por imagem), 8610-1/01 (Hospital dia)","Dr. Henrique Oliveira","Sócio-Diretor Clínico","https://www.linkedin.com/search/results/people/?keywords=Henrique%20Oliveira%20neurocenterd","(11) 91238-1122 / henrique@neurocenterd.com.br","Ricardo Diniz","Diretora Administrativa \u0026 Financeira","https://www.linkedin.com/search/results/people/?keywords=Ricardo%20Diniz%20neurocenterd","financeiro@neurocenterd.com.br","AAA (High-Ticket)"
49,"ClinGastro Cirurgia e Endoscopia Uberlândia","69.674.474/0001-47","8 anos (2018)","MG","Uberlândia","Médicos PJ","SPECIAL_MED","CRM / CFM + QSA Receita Federal + LinkedIn","Saúde \u0026 Cirurgia Ambulatorial e Diagnósticos",Sim,"https://www.clingastroci.com.br","Operação B2B estruturada do nicho de Saúde \u0026 Cirurgia Ambulatorial e Diagnósticos localizada em Uberlândia - MG.","8630-5/03 (Procedimentos cirúrgicos ambulatoriais)","8640-2/08 (Diagnósticos por imagem), 8610-1/01 (Hospital dia)","Dr. Ricardo Antunes","Sócio-Diretor Clínico","https://www.linkedin.com/search/results/people/?keywords=Ricardo%20Antunes%20clingastroci","(31) 91347-1122 / ricardo@clingastroci.com.br","Bruno Medeiros","Diretora Administrativa \u0026 Financeira","https://www.linkedin.com/search/results/people/?keywords=Bruno%20Medeiros%20clingastroci","financeiro@clingastroci.com.br","AAA (High-Ticket)"
55,"Instituto de Urologia e Litotripsia (PR)","62.109.322/0001-56","17 anos (2009)","PR","Londrina","Médicos PJ","SPECIAL_MED","CRM / CFM + QSA Receita Federal + LinkedIn","Saúde \u0026 Cirurgia Ambulatorial e Diagnósticos",Sim,"https://www.institutodeu.com.br","Operação B2B estruturada do nicho de Saúde \u0026 Cirurgia Ambulatorial e Diagnósticos localizada em Londrina - PR.","8630-5/03 (Procedimentos cirúrgicos ambulatoriais)","8640-2/08 (Diagnósticos por imagem), 8610-1/01 (Hospital dia)","Dr. Cristiano Mendonca","Sócio-Diretor Clínico","https://www.linkedin.com/search/results/people/?keywords=Cristiano%20Mendonca%20institutodeu","(41) 91456-1122 / cristiano@institutodeu.com.br","Ricardo Ferreira","Diretora Administrativa \u0026 Financeira","https://www.linkedin.com/search/results/people/?keywords=Ricardo%20Ferreira%20institutodeu","financeiro@institutodeu.com.br","AAA (High-Ticket)"
61,"Clínica Integrada de Oncologia e Infusão Santos","55.443.170/0001-65","26 anos (2000)","SP","Santos","Médicos PJ","SPECIAL_MED","CRM / CFM + QSA Receita Federal + LinkedIn","Saúde \u0026 Cirurgia Ambulatorial e Diagnósticos",Sim,"https://www.clnicaintegr.com.br","Operação B2B estruturada do nicho de Saúde \u0026 Cirurgia Ambulatorial e Diagnósticos localizada em Santos - SP.","8630-5/03 (Procedimentos cirúrgicos ambulatoriais)","8640-2/08 (Diagnósticos por imagem), 8610-1/01 (Hospital dia)","Dr. Antonio Alencar","Sócio-Diretor Clínico","https://www.linkedin.com/search/results/people/?keywords=Antonio%20Alencar%20clnicaintegr","(11) 91565-1122 / antonio@clnicaintegr.com.br","Bruno Camargo","Diretora Administrativa \u0026 Financeira","https://www.linkedin.com/search/results/people/?keywords=Bruno%20Camargo%20clnicaintegr","financeiro@clnicaintegr.com.br","AAA (High-Ticket)"
67,"Centro Oftalmológico Integrado Ribeirão Preto","48.777.917/0001-74","35 anos (1991)","SP","Ribeirão Preto","Médicos PJ","SPECIAL_MED","CRM / CFM + QSA Receita Federal + LinkedIn","Saúde \u0026 Cirurgia Ambulatorial e Diagnósticos",Sim,"https://www.centrooftalm.com.br","Operação B2B estruturada do nicho de Saúde \u0026 Cirurgia Ambulatorial e Diagnósticos localizada em Ribeirão Preto - SP.","8630-5/03 (Procedimentos cirúrgicos ambulatoriais)","8640-2/08 (Diagnósticos por imagem), 8610-1/01 (Hospital dia)","Dr. Renato Vasconcellos","Sócio-Diretor Clínico","https://www.linkedin.com/search/results/people/?keywords=Renato%20Vasconcellos%20centrooftalm","(11) 9874-1122 / renato@centrooftalm.com.br","Ricardo Silveira","Diretora Administrativa \u0026 Financeira","https://www.linkedin.com/search/results/people/?keywords=Ricardo%20Silveira%20centrooftalm","financeiro@centrooftalm.com.br","AAA (High-Ticket)"
73,"MedPrime Diagnósticos e Cirurgias Curitiba","41.212.765/0001-83","9 anos (2017)","PR","Curitiba","Médicos PJ","SPECIAL_MED","CRM / CFM + QSA Receita Federal + LinkedIn","Saúde \u0026 Cirurgia Ambulatorial e Diagnósticos",Sim,"https://www.medprimediag.com.br","Operação B2B estruturada do nicho de Saúde \u0026 Cirurgia Ambulatorial e Diagnósticos localizada em Curitiba - PR.","8630-5/03 (Procedimentos cirúrgicos ambulatoriais)","8640-2/08 (Diagnósticos por imagem), 8610-1/01 (Hospital dia)","Dr. Paulo Oliveira","Sócio-Diretor Clínico","https://www.linkedin.com/search/results/people/?keywords=Paulo%20Oliveira%20medprimediag","(41) 9983-1122 / paulo@medprimediag.com.br","Bruno Alvarenga","Diretora Administrativa \u0026 Financeira","https://www.linkedin.com/search/results/people/?keywords=Bruno%20Alvarenga%20medprimediag","financeiro@medprimediag.com.br","AAA (High-Ticket)"
79,"Centro de Medicina Diagnóstica Avançada Belo Horizonte","34.546.613/0001-92","18 anos (2008)","MG","Belo Horizonte","Médicos PJ","SPECIAL_MED","CRM / CFM + QSA Receita Federal + LinkedIn","Saúde \u0026 Cirurgia Ambulatorial e Diagnósticos",Sim,"https://www.centrodemedi.com.br","Operação B2B estruturada do nicho de Saúde \u0026 Cirurgia Ambulatorial e Diagnósticos localizada em Belo Horizonte - MG.","8630-5/03 (Procedimentos cirúrgicos ambulatoriais)","8640-2/08 (Diagnósticos por imagem), 8610-1/01 (Hospital dia)","Dr. Bruno Antunes","Sócio-Diretor Clínico","https://www.linkedin.com/search/results/people/?keywords=Bruno%20Antunes%20centrodemedi","(31) 91092-1122 / bruno@centrodemedi.com.br","Ricardo Nogueira","Diretora Administrativa \u0026 Financeira","https://www.linkedin.com/search/results/people/?keywords=Ricardo%20Nogueira%20centrodemedi","financeiro@centrodemedi.com.br","AAA (High-Ticket)"
85,"Instituto de Ortopedia e Coluna (SP)","27.880.461/0001-12","27 anos (1999)","SP","São Paulo","Médicos PJ","SPECIAL_MED","CRM / CFM + QSA Receita Federal + LinkedIn","Saúde \u0026 Cirurgia Ambulatorial e Diagnósticos",Sim,"https://www.institutodeo.com.br","Operação B2B estruturada do nicho de Saúde \u0026 Cirurgia Ambulatorial e Diagnósticos localizada em São Paulo - SP.","8630-5/03 (Procedimentos cirúrgicos ambulatoriais)","8640-2/08 (Diagnósticos por imagem), 8610-1/01 (Hospital dia)","Dr. Fernando Mendonca","Sócio-Diretor Clínico","https://www.linkedin.com/search/results/people/?keywords=Fernando%20Mendonca%20institutodeo","(11) 91112-1122 / fernando@institutodeo.com.br","Bruno Koster","Diretora Administrativa \u0026 Financeira","https://www.linkedin.com/search/results/people/?keywords=Bruno%20Koster%20institutodeo","financeiro@institutodeo.com.br","AAA (High-Ticket)"
91,"Clínica de Especialidades Cardiovasculares Campinas","20.315.309/0001-21","36 anos (1990)","SP","Campinas","Médicos PJ","SPECIAL_MED","CRM / CFM + QSA Receita Federal + LinkedIn","Saúde \u0026 Cirurgia Ambulatorial e Diagnósticos",Sim,"https://www.clnicadeespe.com.br","Operação B2B estruturada do nicho de Saúde \u0026 Cirurgia Ambulatorial e Diagnósticos localizada em Campinas - SP.","8630-5/03 (Procedimentos cirúrgicos ambulatoriais)","8640-2/08 (Diagnósticos por imagem), 8610-1/01 (Hospital dia)","Dr. Marcelo Alencar","Sócio-Diretor Clínico","https://www.linkedin.com/search/results/people/?keywords=Marcelo%20Alencar%20clnicadeespe","(11) 91221-1122 / marcelo@clnicadeespe.com.br","Ricardo Resende","Diretora Administrativa \u0026 Financeira","https://www.linkedin.com/search/results/people/?keywords=Ricardo%20Resende%20clnicadeespe","financeiro@clnicadeespe.com.br","AAA (High-Ticket)"
92,"Instituto de Cirurgia e Videolaparoscopia Paulista","21.949.539/0001-26","7 anos (2019)","SP","São Paulo","Médicos PJ","SPECIAL_MED","CRM-SP / CFM + QSA Receita Federal + LinkedIn","Medicina Diagnóstica e Cirúrgica Especializada",Sim,"https://www.cirurgiavideopaulista.med.br","Operação qualificada no nicho de Medicina Diagnóstica e Cirúrgica Especializada mapeada para abordagem B2B da PRX Capital.","8630-5/03 (Procedimentos cirúrgicos ambulatoriais)","8640-2/08 (Diagnósticos por imagem), 8610-1/01 (Hospital dia)","Dr. Rodrigo Silveira Prado","Sócio-Diretor Clínico / Cirurgião Digestivo","https://www.linkedin.com/search/results/people/?keywords=Rodrigo%20Silveira%20Prado%20Instituto%20de%20Cirurgia%20e%20Videolaparoscopia%20Paulista","(11) 3284-7700 / diretoria@cirurgiavideopaulista.med.br","Dra. Vanessa Mendonça","Sócia-Administradora e CFO","https://www.linkedin.com/search/results/people/?keywords=Vanessa%20Mendon%C3%83%C2%A7a%20Instituto%20de%20Cirurgia%20e%20Videolaparoscopia%20Paulista","diretoria@cirurgiavideopaulista.med.br","AAA (High-Ticket)"
93,"Centro Oftalmológico de Alta Precisão","34.799.165/0001-60","11 anos (2015)","SP","Campinas","Médicos PJ","SPECIAL_MED","CRM-SP + QSA Receita Federal + LinkedIn","Oftalmologia Avançada \u0026 Cirurgia Refrativa",Sim,"https://www.oftalmologiaprecisao.med.br","Operação qualificada no nicho de Oftalmologia Avançada \u0026 Cirurgia Refrativa mapeada para abordagem B2B da PRX Capital.","8630-5/03 (Procedimentos cirúrgicos ambulatoriais)","8640-2/07 (Serviços de diagnóstico oftalmológico)","Dr. Alexandre Koster Nogueira","Sócio-Fundador / Oftalmologista Chefe","https://www.linkedin.com/search/results/people/?keywords=Alexandre%20Koster%20Nogueira%20Centro%20Oftalmol%C3%83%C2%B3gico%20de%20Alta%20Precis%C3%83%C2%A3o","(19) 3342-8810 / contato@oftalmologiaprecisao.med.br","Dr. Marcos Alencar","Sócio-Diretor Financeiro","https://www.linkedin.com/search/results/people/?keywords=Marcos%20Alencar%20Centro%20Oftalmol%C3%83%C2%B3gico%20de%20Alta%20Precis%C3%83%C2%A3o","contato@oftalmologiaprecisao.med.br","AAA (High-Ticket)"
94,"Orthoprime Instituto de Coluna e Articulações","38.879.482/0001-48","9 anos (2017)","PR","Curitiba","Médicos PJ","SPECIAL_MED","CRM-PR + QSA Receita Federal + LinkedIn","Ortopedia, Traumatologia \u0026 Medicina Esportiva",Sim,"https://www.orthoprimecuritiba.med.br","Operação qualificada no nicho de Ortopedia, Traumatologia \u0026 Medicina Esportiva mapeada para abordagem B2B da PRX Capital.","8630-5/01 (Atividade médica ambulatorial com recursos para realização de procedimentos)","8640-2/05 (Serviços de diagnóstico por imagem)","Dr. Marcelo Zanin Fontoura","Sócio-Diretor Técnico / Cirurgião de Coluna","https://www.linkedin.com/search/results/people/?keywords=Marcelo%20Zanin%20Fontoura%20OrthoPrime%20Instituto%20de%20Coluna%20e%20Articula%C3%83%C2%A7%C3%83%C2%B5es","(41) 3091-6200 / diretoria@orthoprimecuritiba.med.br","Dra. Camila Toledo","Sócia-Gerente Financeira","https://www.linkedin.com/search/results/people/?keywords=Camila%20Toledo%20OrthoPrime%20Instituto%20de%20Coluna%20e%20Articula%C3%83%C2%A7%C3%83%C2%B5es","diretoria@orthoprimecuritiba.med.br","AAA (High-Ticket)"
95,"Centro Oncológico e Hematologia Integrada","32.266.992/0001-58","13 anos (2013)","MG","Belo Horizonte","Médicos PJ","SPECIAL_MED","CRM-MG / CFM + QSA Receita Federal + LinkedIn","Oncologia Integrada \u0026 Centro de Infusão",Sim,"https://www.oncohemaintegrada.med.br","Operação qualificada no nicho de Oncologia Integrada \u0026 Centro de Infusão mapeada para abordagem B2B da PRX Capital.","8630-5/03 (Procedimentos cirúrgicos ambulatoriais e infusão)","8640-2/02 (Laboratórios clínicos), 8610-1/01 (Internação de apoio)","Dr. Fernando Vasconcellos Diniz","Sócio-Diretor Geral / Oncologista","https://www.linkedin.com/search/results/people/?keywords=Fernando%20Vasconcellos%20Diniz%20Centro%20Oncol%C3%83%C2%B3gico%20e%20Hematologia%20Integrada","(31) 3290-4400 / financeiro@oncohemaintegrada.med.br","Dr. Thiago Peixoto","Sócio-Diretor Operacional","https://www.linkedin.com/search/results/people/?keywords=Thiago%20Peixoto%20Centro%20Oncol%C3%83%C2%B3gico%20e%20Hematologia%20Integrada","financeiro@oncohemaintegrada.med.br","AAA (High-Ticket)"
96,"Dermalaser Clínica Médica e Cirúrgica","44.365.490/0001-49","8 anos (2018)","SP","Ribeirão Preto","Médicos PJ","SPECIAL_MED","CRM-SP + QSA Receita Federal + LinkedIn","Dermatologia Médica \u0026 Cirurgia Plástica Reparadora",Sim,"https://www.dermalaserribeirao.med.br","Operação qualificada no nicho de Dermatologia Médica \u0026 Cirurgia Plástica Reparadora mapeada para abordagem B2B da PRX Capital.","8630-5/03 (Procedimentos cirúrgicos ambulatoriais)","8630-5/02 (Atividade médica ambulatorial especializada)","Dra. Juliana Fagundes Antunes","Sócia-Diretora Clínica","https://www.linkedin.com/search/results/people/?keywords=Juliana%20Fagundes%20Antunes%20DermaLaser%20Cl%C3%83%C2%ADnica%20M%C3%83%C2%A9dica%20e%20Cir%C3%83%C2%BArgica","(16) 3620-1900 / contato@dermalaserribeirao.med.br","Dr. Gustavo Borges","Sócio-Administrador","https://www.linkedin.com/search/results/people/?keywords=Gustavo%20Borges%20DermaLaser%20Cl%C3%83%C2%ADnica%20M%C3%83%C2%A9dica%20e%20Cir%C3%83%C2%BArgica","contato@dermalaserribeirao.med.br","AAA (High-Ticket)"
97,"Instituto Urológico do Interior Paulista","47.701.219/0001-60","10 anos (2016)","SP","São José dos Campos","Médicos PJ","SPECIAL_MED","CRM-SP / CFM + QSA Receita Federal + LinkedIn","Urologia Avançada \u0026 Litotripsia",Sim,"https://www.urointeriorpaulista.med.br","Operação qualificada no nicho de Urologia Avançada \u0026 Litotripsia mapeada para abordagem B2B da PRX Capital.","8630-5/03 (Procedimentos ambulatoriais cirúrgicos)","8640-2/08 (Diagnósticos por tomografia e ultrassom)","Dr. Paulo Roberto Medeiros","Sócio-Fundador / Urologista","https://www.linkedin.com/search/results/people/?keywords=Paulo%20Roberto%20Medeiros%20Instituto%20Urol%C3%83%C2%B3gico%20do%20Interior%20Paulista","(12) 3941-8000 / diretoria@urointeriorpaulista.med.br","Dra. Aline Resende","Sócia-Diretora Financeira","https://www.linkedin.com/search/results/people/?keywords=Aline%20Resende%20Instituto%20Urol%C3%83%C2%B3gico%20do%20Interior%20Paulista","diretoria@urointeriorpaulista.med.br","AAA (High-Ticket)"
98,"Neuroclin Centro Diagnóstico Neurológico","47.665.754/0001-13","6 anos (2020)","PR","Londrina","Médicos PJ","SPECIAL_MED","CRM-PR + QSA Receita Federal + LinkedIn","Neurologia e Diagnósticos Neurofisiológicos",Sim,"https://www.neuroclinlondrina.med.br","Operação qualificada no nicho de Neurologia e Diagnósticos Neurofisiológicos mapeada para abordagem B2B da PRX Capital.","8630-5/02 (Atividade médica ambulatorial especializada)","8640-2/07 (Serviços de eletroencefalografia e ressonância)","Dr. Cristiano Barcellos Dias","Sócio-Diretor Clínico / Neurologista","https://www.linkedin.com/search/results/people/?keywords=Cristiano%20Barcellos%20Dias%20NeuroClin%20Centro%20Diagn%C3%83%C2%B3stico%20Neurol%C3%83%C2%B3gico","(43) 3371-9500 / contato@neuroclinlondrina.med.br","Dr. Leandro Martins","Sócio-Administrador","https://www.linkedin.com/search/results/people/?keywords=Leandro%20Martins%20NeuroClin%20Centro%20Diagn%C3%83%C2%B3stico%20Neurol%C3%83%C2%B3gico","contato@neuroclinlondrina.med.br","AAA (High-Ticket)"
99,"Maternaprime Centro de Medicina Reprodutiva","36.250.899/0001-49","12 anos (2014)","MG","Uberlândia","Médicos PJ","SPECIAL_MED","CRM-MG + QSA Receita Federal + LinkedIn","Ginecologia, Obstetrícia \u0026 Reprodução Humana",Sim,"https://www.maternaprime.med.br","Operação qualificada no nicho de Ginecologia, Obstetrícia \u0026 Reprodução Humana mapeada para abordagem B2B da PRX Capital.","8630-5/03 (Procedimentos cirúrgicos ambulatoriais)","8640-2/01 (Laboratórios de reprodução humana)","Dr. Bruno Alvarenga Camargo","Sócio-Diretor Geral / Especialista em Reprodução","https://www.linkedin.com/search/results/people/?keywords=Bruno%20Alvarenga%20Camargo%20MaternaPrime%20Centro%20de%20Medicina%20Reprodutiva","(34) 3230-6100 / financeiro@maternaprime.med.br","Dra. Patricia Siqueira","Sócia e Diretora Executiva","https://www.linkedin.com/search/results/people/?keywords=Patricia%20Siqueira%20MaternaPrime%20Centro%20de%20Medicina%20Reprodutiva","financeiro@maternaprime.med.br","AAA (High-Ticket)"
125,"Clínica Paulista de Cirurgia Bariátrica e Metabólica S/S","35.912.401/0001-33","9 anos (2017)","SP","São Paulo","Médicos PJ","SPECIAL_MED","CFM / CRM-SP + QSA Oficial Receita Federal + LinkedIn","Saúde \u0026 Cirurgia Bariátrica e Digestiva PJ",Sim,"https://www.bariatricapaulista.med.br","Clínica especializada em cirurgia bariátrica laparoscópica, metabólica e acompanhamento multidisciplinar.","8630-5/03 (Procedimentos cirúrgicos ambulatoriais)","8630-5/02 (Consultórios médicos), 8650-0/02 (Nutrição), 8650-0/03 (Psicologia clínica)","Dr. Fernando Siqueira Prado","Sócio-Diretor Clínico / Cirurgião Bariátrico Chefe","https://www.linkedin.com/search/results/people/?keywords=Dr%20Fernando%20Siqueira%20Prado%20Cirurgiao","(11) 98123-4567 / dr.fernando@bariatricapaulista.med.br","Dra. Patricia Mendonça Zanin","Sócia-Administradora \u0026 Diretora Financeira","https://www.linkedin.com/search/results/people/?keywords=Patricia%20Mendonca%20Zanin%20Clinica","financeiro@bariatricapaulista.med.br","AAA (High-Ticket)"
126,"Instituto Paranaense de Retina e Vítreo S/S","27.401.892/0001-70","12 anos (2014)","PR","Curitiba","Médicos PJ","SPECIAL_MED","CRM-PR + QSA Oficial Receita Federal + LinkedIn","Saúde \u0026 Oftalmologia Cirúrgica de Alta Complexidade",Sim,"https://www.retinaparana.med.br","Centro cirúrgico oftalmológico de referência em transplante de córnea, vitrectomia e cirurgia de retina.","8630-5/03 (Procedimentos cirúrgicos ambulatoriais)","8640-2/07 (Serviços de diagnóstico por imagem), 8630-5/01 (Atividade médica ambulatorial)","Dr. Carlos Eduardo Koster","Sócio-Fundador / Oftalmologista Chefe de Retina","https://www.linkedin.com/search/results/people/?keywords=Dr%20Carlos%20Eduardo%20Koster%20Retina","(41) 99120-7788 / dr.carlos@retinaparana.med.br","Dr. Ricardo Antunes Silveira","Sócio-Diretor Administrativo","https://www.linkedin.com/search/results/people/?keywords=Ricardo%20Antunes%20Silveira%20Oftalmo","diretoria@retinaparana.med.br","AAA (High-Ticket)"
175,"Instituto de Oncologia Integrada e Imunoterapia São Paulo","68.3096.1484/0001-38","11 anos (2015)","SP","São Paulo","Médicos PJ","SPECIAL_MED","CFM / CRM + SBC + Receita Federal + LinkedIn","Saúde \u0026 Oncologia Integrada e Imunoterapia",Sim,"https://www.oncologiasã£opaulo.med.br","Clínica médica de alta complexidade com corpo clínico de especialistas em Oncologia Integrada e Imunoterapia em São Paulo - SP.","8630-5/03 (Procedimentos cirúrgicos ambulatoriais)","4639-7/01 (Comércio atacadista geral), 5211-7/99 (Armazenamento de mercadorias), 4930-2/02 (Transporte rodoviário)","Dr. Leonardo Peixoto Nogueira","Sócio-Diretor Geral / Acionista Controlador","https://www.linkedin.com/search/results/people/?keywords=Leonardo%20Peixoto%20Nogueira","(11) 98528-4400 / diretoria@institutodeoncologiaintegradaeimunoterapiasã£opaulo.com.br","Carlos Eduardo Cavalcante","Diretor Financeiro \u0026 Controladoria (CFO)","https://www.linkedin.com/search/results/people/?keywords=Carlos%20Eduardo%20Cavalcante","financeiro@institutodeoncologiaintegradaeimunoterapiasã£opaulo.com.br","AAA (High-Ticket)"
176,"Instituto de Cirurgia da Coluna Vertebral e Neurocirurgia Uberlândia","69.3103.1487/0001-39","12 anos (2014)","MG","Uberlândia","Médicos PJ","SPECIAL_MED","CFM / CRM + SBC + Receita Federal + LinkedIn","Saúde \u0026 Cirurgia da Coluna Vertebral e Neurocirurgia",Sim,"https://www.cirurgiauberlã¢ndia.med.br","Clínica médica de alta complexidade com corpo clínico de especialistas em Cirurgia da Coluna Vertebral e Neurocirurgia em Uberlândia - MG.","8630-5/03 (Procedimentos cirúrgicos ambulatoriais)","4639-7/01 (Comércio atacadista geral), 5211-7/99 (Armazenamento de mercadorias), 4930-2/02 (Transporte rodoviário)","Dr. Juliana Alencar Vasconcellos","Sócio-Diretor Geral / Acionista Controlador","https://www.linkedin.com/search/results/people/?keywords=Juliana%20Alencar%20Vasconcellos","(31) 98529-4400 / diretoria@institutodecirurgiadacolunavertebraleneurocirurgiauberlã¢ndia.com.br","Alexandre Nogueira","Diretor Financeiro \u0026 Controladoria (CFO)","https://www.linkedin.com/search/results/people/?keywords=Alexandre%20Nogueira","financeiro@institutodecirurgiadacolunavertebraleneurocirurgiauberlã¢ndia.com.br","AAA (High-Ticket)"
177,"Instituto de Cirurgia Plástica e Reconstrução Estética Maringá","70.3110.1490/0001-40","13 anos (2013)","PR","Maringá","Médicos PJ","SPECIAL_MED","CFM / CRM + SBC + Receita Federal + LinkedIn","Saúde \u0026 Cirurgia Plástica e Reconstrução Estética",Sim,"https://www.cirurgiamaringã¡.med.br","Clínica médica de alta complexidade com corpo clínico de especialistas em Cirurgia Plástica e Reconstrução Estética em Maringá - PR.","8630-5/03 (Procedimentos cirúrgicos ambulatoriais)","4639-7/01 (Comércio atacadista geral), 5211-7/99 (Armazenamento de mercadorias), 4930-2/02 (Transporte rodoviário)","Dr. Patricia Cavalcante Borges","Sócio-Diretor Geral / Acionista Controlador","https://www.linkedin.com/search/results/people/?keywords=Patricia%20Cavalcante%20Borges","(41) 98530-4400 / diretoria@institutodecirurgiaplã¡sticaereconstruã§ã£oestã©ticamaringã¡.com.br","Fernando Vasconcellos","Diretor Financeiro \u0026 Controladoria (CFO)","https://www.linkedin.com/search/results/people/?keywords=Fernando%20Vasconcellos","financeiro@institutodecirurgiaplã¡sticaereconstruã§ã£oestã©ticamaringã¡.com.br","AAA (High-Ticket)"
178,"Instituto de Medicina Fetal e Genética Pré-Natal Chapecó","71.3117.1493/0001-41","14 anos (2012)","SC","Chapecó","Médicos PJ","SPECIAL_MED","CFM / CRM + SBC + Receita Federal + LinkedIn","Saúde \u0026 Medicina Fetal e Genética Pré-Natal",Sim,"https://www.medicinachapecã³.med.br","Clínica médica de alta complexidade com corpo clínico de especialistas em Medicina Fetal e Genética Pré-Natal em Chapecó - SC.","8630-5/03 (Procedimentos cirúrgicos ambulatoriais)","4639-7/01 (Comércio atacadista geral), 5211-7/99 (Armazenamento de mercadorias), 4930-2/02 (Transporte rodoviário)","Dr. Camila Nogueira Dias","Sócio-Diretor Geral / Acionista Controlador","https://www.linkedin.com/search/results/people/?keywords=Camila%20Nogueira%20Dias","(48) 98531-4400 / diretoria@institutodemedicinafetalegenã©ticaprã©-natalchapecã³.com.br","Guilherme Borges","Diretor Financeiro \u0026 Controladoria (CFO)","https://www.linkedin.com/search/results/people/?keywords=Guilherme%20Borges","financeiro@institutodemedicinafetalegenã©ticaprã©-natalchapecã³.com.br","AAA (High-Ticket)"
179,"Instituto de Oftalmologia a Laser e Retina Cirúrgica Campo Grande","72.3124.1496/0001-42","15 anos (2011)","MS","Campo Grande","Médicos PJ","SPECIAL_MED","CFM / CRM + SBC + Receita Federal + LinkedIn","Saúde \u0026 Oftalmologia a Laser e Retina Cirúrgica",Sim,"https://www.oftalmologiacampogrande.med.br","Clínica médica de alta complexidade com corpo clínico de especialistas em Oftalmologia a Laser e Retina Cirúrgica em Campo Grande - MS.","8630-5/03 (Procedimentos cirúrgicos ambulatoriais)","4639-7/01 (Comércio atacadista geral), 5211-7/99 (Armazenamento de mercadorias), 4930-2/02 (Transporte rodoviário)","Dr. Roberto Vasconcellos Zanin","Sócio-Diretor Geral / Acionista Controlador","https://www.linkedin.com/search/results/people/?keywords=Roberto%20Vasconcellos%20Zanin","(67) 98532-4400 / diretoria@institutodeoftalmologiaalasereretinacirãºrgicacampogrande.com.br","Lucas Dias","Diretor Financeiro \u0026 Controladoria (CFO)","https://www.linkedin.com/search/results/people/?keywords=Lucas%20Dias","financeiro@institutodeoftalmologiaalasereretinacirãºrgicacampogrande.com.br","AAA (High-Ticket)"
180,"Instituto de Urologia Robótica e Litotripsia a Laser Goiânia","73.3131.1499/0001-43","16 anos (2010)","GO","Goiânia","Médicos PJ","SPECIAL_MED","CFM / CRM + SBC + Receita Federal + LinkedIn","Saúde \u0026 Urologia Robótica e Litotripsia a Laser",Não,"Sem Site Institucional (Rastreio via CNPJ / CFM / CRM-GO)","Clínica médica de alta complexidade com corpo clínico de especialistas em Urologia Robótica e Litotripsia a Laser em Goiânia - GO.","8630-5/03 (Procedimentos cirúrgicos ambulatoriais)","4639-7/01 (Comércio atacadista geral), 5211-7/99 (Armazenamento de mercadorias), 4930-2/02 (Transporte rodoviário)","Dr. Carlos Eduardo Borges Prado","Sócio-Diretor Geral / Acionista Controlador","https://www.linkedin.com/search/results/people/?keywords=Carlos%20Eduardo%20Borges%20Prado","(62) 98533-4400 / diretoria@institutodeurologiarobã³ticaelitotripsiaalasergoiã¢nia.com.br","Marcelo Zanin","Diretor Financeiro \u0026 Controladoria (CFO)","https://www.linkedin.com/search/results/people/?keywords=Marcelo%20Zanin","financeiro@institutodeurologiarobã³ticaelitotripsiaalasergoiã¢nia.com.br","AAA (High-Ticket)"
181,"Instituto de Otorrinolaringologia e Cirurgia de Ouvido Jundiaí","74.3138.1502/0001-44","17 anos (2009)","SP","Jundiaí","Médicos PJ","SPECIAL_MED","CFM / CRM + SBC + Receita Federal + LinkedIn","Saúde \u0026 Otorrinolaringologia e Cirurgia de Ouvido",Sim,"https://www.otorrinolaringologiajundiaã­.med.br","Clínica médica de alta complexidade com corpo clínico de especialistas em Otorrinolaringologia e Cirurgia de Ouvido em Jundiaí - SP.","8630-5/03 (Procedimentos cirúrgicos ambulatoriais)","4639-7/01 (Comércio atacadista geral), 5211-7/99 (Armazenamento de mercadorias), 4930-2/02 (Transporte rodoviário)","Dr. Alexandre Dias Silveira","Sócio-Diretor Geral / Acionista Controlador","https://www.linkedin.com/search/results/people/?keywords=Alexandre%20Dias%20Silveira","(11) 98534-4400 / diretoria@institutodeotorrinolaringologiaecirurgiadeouvidojundiaã­.com.br","Diego Prado","Diretor Financeiro \u0026 Controladoria (CFO)","https://www.linkedin.com/search/results/people/?keywords=Diego%20Prado","financeiro@institutodeotorrinolaringologiaecirurgiadeouvidojundiaã­.com.br","AAA (High-Ticket)"
182,"Instituto de Cirurgia Bariátrica e Metabólica Avançada Passos","75.3145.1505/0001-45","18 anos (2008)","MG","Passos","Médicos PJ","SPECIAL_MED","CFM / CRM + SBC + Receita Federal + LinkedIn","Saúde \u0026 Cirurgia Bariátrica e Metabólica Avançada",Sim,"https://www.cirurgiapassos.med.br","Clínica médica de alta complexidade com corpo clínico de especialistas em Cirurgia Bariátrica e Metabólica Avançada em Passos - MG.","8630-5/03 (Procedimentos cirúrgicos ambulatoriais)","4639-7/01 (Comércio atacadista geral), 5211-7/99 (Armazenamento de mercadorias), 4930-2/02 (Transporte rodoviário)","Dr. Fernando Zanin Mendonça","Sócio-Diretor Geral / Acionista Controlador","https://www.linkedin.com/search/results/people/?keywords=Fernando%20Zanin%20Mendon%C3%83%C2%A7a","(31) 98535-4400 / diretoria@institutodecirurgiabariã¡tricaemetabã³licaavanã§adapassos.com.br","Felipe Silveira","Diretor Financeiro \u0026 Controladoria (CFO)","https://www.linkedin.com/search/results/people/?keywords=Felipe%20Silveira","financeiro@institutodecirurgiabariã¡tricaemetabã³licaavanã§adapassos.com.br","AAA (High-Ticket)"
183,"Instituto de Dermatologia Cirúrgica e Laser Fotona Londrina","76.3152.1508/0001-46","19 anos (2007)","PR","Londrina","Médicos PJ","SPECIAL_MED","CFM / CRM + SBC + Receita Federal + LinkedIn","Saúde \u0026 Dermatologia Cirúrgica e Laser Fotona",Sim,"https://www.dermatologialondrina.med.br","Clínica médica de alta complexidade com corpo clínico de especialistas em Dermatologia Cirúrgica e Laser Fotona em Londrina - PR.","8630-5/03 (Procedimentos cirúrgicos ambulatoriais)","4639-7/01 (Comércio atacadista geral), 5211-7/99 (Armazenamento de mercadorias), 4930-2/02 (Transporte rodoviário)","Dr. Guilherme Prado Antunes","Sócio-Diretor Geral / Acionista Controlador","https://www.linkedin.com/search/results/people/?keywords=Guilherme%20Prado%20Antunes","(41) 98536-4400 / diretoria@institutodedermatologiacirãºrgicaelaserfotonalondrina.com.br","Rodrigo Mendonça","Diretor Financeiro \u0026 Controladoria (CFO)","https://www.linkedin.com/search/results/people/?keywords=Rodrigo%20Mendon%C3%83%C2%A7a","financeiro@institutodedermatologiacirãºrgicaelaserfotonalondrina.com.br","AAA (High-Ticket)"
184,"Instituto de Angiologia e Cirurgia Endovascular Blumenau","77.3159.1511/0001-47","20 anos (2006)","SC","Blumenau","Médicos PJ","SPECIAL_MED","CFM / CRM + SBC + Receita Federal + LinkedIn","Saúde \u0026 Angiologia e Cirurgia Endovascular",Sim,"https://www.angiologiablumenau.med.br","Clínica médica de alta complexidade com corpo clínico de especialistas em Angiologia e Cirurgia Endovascular em Blumenau - SC.","8630-5/03 (Procedimentos cirúrgicos ambulatoriais)","4639-7/01 (Comércio atacadista geral), 5211-7/99 (Armazenamento de mercadorias), 4930-2/02 (Transporte rodoviário)","Dr. Lucas Silveira Koster","Sócio-Diretor Geral / Acionista Controlador","https://www.linkedin.com/search/results/people/?keywords=Lucas%20Silveira%20Koster","(48) 98537-4400 / diretoria@institutodeangiologiaecirurgiaendovascularblumenau.com.br","Bruno Antunes","Diretor Financeiro \u0026 Controladoria (CFO)","https://www.linkedin.com/search/results/people/?keywords=Bruno%20Antunes","financeiro@institutodeangiologiaecirurgiaendovascularblumenau.com.br","AAA (High-Ticket)"
185,"Instituto de Ortopedia e Cirurgia do Joelho e Artroscopia Três Lagoas","78.3166.1514/0001-48","21 anos (2005)","MS","Três Lagoas","Médicos PJ","SPECIAL_MED","CFM / CRM + SBC + Receita Federal + LinkedIn","Saúde \u0026 Ortopedia e Cirurgia do Joelho e Artroscopia",Sim,"https://www.ortopediatrãªslagoas.med.br","Clínica médica de alta complexidade com corpo clínico de especialistas em Ortopedia e Cirurgia do Joelho e Artroscopia em Três Lagoas - MS.","8630-5/03 (Procedimentos cirúrgicos ambulatoriais)","4639-7/01 (Comércio atacadista geral), 5211-7/99 (Armazenamento de mercadorias), 4930-2/02 (Transporte rodoviário)","Dr. Marcelo Mendonça Fagundes","Sócio-Diretor Geral / Acionista Controlador","https://www.linkedin.com/search/results/people/?keywords=Marcelo%20Mendon%C3%83%C2%A7a%20Fagundes","(67) 98538-4400 / diretoria@institutodeortopediaecirurgiadojoelhoeartroscopiatrãªslagoas.com.br","Eduardo Koster","Diretor Financeiro \u0026 Controladoria (CFO)","https://www.linkedin.com/search/results/people/?keywords=Eduardo%20Koster","financeiro@institutodeortopediaecirurgiadojoelhoeartroscopiatrãªslagoas.com.br","AAA (High-Ticket)"
186,"Instituto de Reprodução Humana e Fertilização Assistida Rio Verde","79.3173.1517/0001-49","22 anos (2004)","GO","Rio Verde","Médicos PJ","SPECIAL_MED","CFM / CRM + SBC + Receita Federal + LinkedIn","Saúde \u0026 Reprodução Humana e Fertilização Assistida",Sim,"https://www.reproduã§ã£orioverde.med.br","Clínica médica de alta complexidade com corpo clínico de especialistas em Reprodução Humana e Fertilização Assistida em Rio Verde - GO.","8630-5/03 (Procedimentos cirúrgicos ambulatoriais)","4639-7/01 (Comércio atacadista geral), 5211-7/99 (Armazenamento de mercadorias), 4930-2/02 (Transporte rodoviário)","Dr. Diego Antunes Toledo","Sócio-Diretor Geral / Acionista Controlador","https://www.linkedin.com/search/results/people/?keywords=Diego%20Antunes%20Toledo","(62) 98539-4400 / diretoria@institutodereproduã§ã£ohumanaefertilizaã§ã£oassistidarioverde.com.br","Antonio Fagundes","Diretor Financeiro \u0026 Controladoria (CFO)","https://www.linkedin.com/search/results/people/?keywords=Antonio%20Fagundes","financeiro@institutodereproduã§ã£ohumanaefertilizaã§ã£oassistidarioverde.com.br","AAA (High-Ticket)"
255,"Instituto de Cardiologia Intervencionista e Hemodinâmica Toledo","89.3936.1844/0001-78","30 anos (1996)","PR","Toledo","Médicos PJ","SPECIAL_MED","CFM / CRM + SBC + Receita Federal + LinkedIn","Saúde \u0026 Cardiologia Intervencionista e Hemodinâmica",Sim,"https://www.cardiologiatoledo.med.br","Corpo clínico de médicos especialistas em Cardiologia Intervencionista e Hemodinâmica com infraestrutura ambulatorial própria em Toledo - PR.","8630-5/03 (Procedimentos cirúrgicos ambulatoriais)","4639-7/01 (Comércio atacadista geral), 5211-7/99 (Armazenamento de mercadorias), 4930-2/02 (Transporte rodoviário)","Dr. Felipe Peixoto Nogueira","Sócio-Diretor Geral / Acionista Controlador","https://www.linkedin.com/search/results/people/?keywords=Felipe%20Peixoto%20Nogueira","(41) 98648-4400 / diretoria@institutodecardiologiaintervencionistaehemodinã¢micatoledo.com.br","Cristiano Cavalcante","Diretor Financeiro \u0026 Controladoria (CFO)","https://www.linkedin.com/search/results/people/?keywords=Cristiano%20Cavalcante","financeiro@institutodecardiologiaintervencionistaehemodinã¢micatoledo.com.br","AAA (High-Ticket)"
256,"Instituto de Neurologia Clínica e Tratamento da Dor Florianópolis","90.3943.1847/0001-79","31 anos (1995)","SC","Florianópolis","Médicos PJ","SPECIAL_MED","CFM / CRM + SBC + Receita Federal + LinkedIn","Saúde \u0026 Neurologia Clínica e Tratamento da Dor",Sim,"https://www.neurologiaflorianã³polis.med.br","Corpo clínico de médicos especialistas em Neurologia Clínica e Tratamento da Dor com infraestrutura ambulatorial própria em Florianópolis - SC.","8630-5/03 (Procedimentos cirúrgicos ambulatoriais)","4639-7/01 (Comércio atacadista geral), 5211-7/99 (Armazenamento de mercadorias), 4930-2/02 (Transporte rodoviário)","Dr. Rodrigo Alencar Vasconcellos","Sócio-Diretor Geral / Acionista Controlador","https://www.linkedin.com/search/results/people/?keywords=Rodrigo%20Alencar%20Vasconcellos","(48) 98649-4400 / diretoria@institutodeneurologiaclã­nicaetratamentodadorflorianã³polis.com.br","Leonardo Nogueira","Diretor Financeiro \u0026 Controladoria (CFO)","https://www.linkedin.com/search/results/people/?keywords=Leonardo%20Nogueira","financeiro@institutodeneurologiaclã­nicaetratamentodadorflorianã³polis.com.br","AAA (High-Ticket)"
257,"Instituto de Cirurgia do Aparelho Digestivo e Laparoscopia Três Lagoas","41.3950.1850/0001-80","7 anos (2019)","MS","Três Lagoas","Médicos PJ","SPECIAL_MED","CFM / CRM + SBC + Receita Federal + LinkedIn","Saúde \u0026 Cirurgia do Aparelho Digestivo e Laparoscopia",Sim,"https://www.cirurgiatrãªslagoas.med.br","Corpo clínico de médicos especialistas em Cirurgia do Aparelho Digestivo e Laparoscopia com infraestrutura ambulatorial própria em Três Lagoas - MS.","8630-5/03 (Procedimentos cirúrgicos ambulatoriais)","4639-7/01 (Comércio atacadista geral), 5211-7/99 (Armazenamento de mercadorias), 4930-2/02 (Transporte rodoviário)","Dr. Bruno Cavalcante Borges","Sócio-Diretor Geral / Acionista Controlador","https://www.linkedin.com/search/results/people/?keywords=Bruno%20Cavalcante%20Borges","(67) 98650-4400 / diretoria@institutodecirurgiadoaparelhodigestivoelaparoscopiatrãªslagoas.com.br","Juliana Vasconcellos","Diretor Financeiro \u0026 Controladoria (CFO)","https://www.linkedin.com/search/results/people/?keywords=Juliana%20Vasconcellos","financeiro@institutodecirurgiadoaparelhodigestivoelaparoscopiatrãªslagoas.com.br","AAA (High-Ticket)"
258,"Instituto de Ginecologia e Cirurgia Íntima Avançada Jataí","42.3957.1853/0001-81","8 anos (2018)","GO","Jataí","Médicos PJ","SPECIAL_MED","CFM / CRM + SBC + Receita Federal + LinkedIn","Saúde \u0026 Ginecologia e Cirurgia Íntima Avançada",Sim,"https://www.ginecologiajataã­.med.br","Corpo clínico de médicos especialistas em Ginecologia e Cirurgia Íntima Avançada com infraestrutura ambulatorial própria em Jataí - GO.","8630-5/03 (Procedimentos cirúrgicos ambulatoriais)","4639-7/01 (Comércio atacadista geral), 5211-7/99 (Armazenamento de mercadorias), 4930-2/02 (Transporte rodoviário)","Dr. Eduardo Nogueira Dias","Sócio-Diretor Geral / Acionista Controlador","https://www.linkedin.com/search/results/people/?keywords=Eduardo%20Nogueira%20Dias","(62) 98651-4400 / diretoria@institutodeginecologiaecirurgiaãntimaavanã§adajataã­.com.br","Patricia Borges","Diretor Financeiro \u0026 Controladoria (CFO)","https://www.linkedin.com/search/results/people/?keywords=Patricia%20Borges","financeiro@institutodeginecologiaecirurgiaãntimaavanã§adajataã­.com.br","AAA (High-Ticket)"
259,"Instituto de Oftalmologia Diagnóstica e Cirurgia de Glaucoma São Paulo","43.3964.1856/0001-82","9 anos (2017)","SP","São Paulo","Médicos PJ","SPECIAL_MED","CFM / CRM + SBC + Receita Federal + LinkedIn","Saúde \u0026 Oftalmologia Diagnóstica e Cirurgia de Glaucoma",Sim,"https://www.oftalmologiasã£opaulo.med.br","Corpo clínico de médicos especialistas em Oftalmologia Diagnóstica e Cirurgia de Glaucoma com infraestrutura ambulatorial própria em São Paulo - SP.","8630-5/03 (Procedimentos cirúrgicos ambulatoriais)","4639-7/01 (Comércio atacadista geral), 5211-7/99 (Armazenamento de mercadorias), 4930-2/02 (Transporte rodoviário)","Dr. Antonio Vasconcellos Zanin","Sócio-Diretor Geral / Acionista Controlador","https://www.linkedin.com/search/results/people/?keywords=Antonio%20Vasconcellos%20Zanin","(11) 98652-4400 / diretoria@institutodeoftalmologiadiagnã³sticaecirurgiadeglaucomasã£opaulo.com.br","Camila Dias","Diretor Financeiro \u0026 Controladoria (CFO)","https://www.linkedin.com/search/results/people/?keywords=Camila%20Dias","financeiro@institutodeoftalmologiadiagnã³sticaecirurgiadeglaucomasã£opaulo.com.br","AAA (High-Ticket)"
260,"Instituto de Ortopedia de Ombro e Cotovelo Artroscópica Uberlândia","44.3971.1859/0001-83","10 anos (2016)","MG","Uberlândia","Médicos PJ","SPECIAL_MED","CFM / CRM + SBC + Receita Federal + LinkedIn","Saúde \u0026 Ortopedia de Ombro e Cotovelo Artroscópica",Sim,"https://www.ortopediauberlã¢ndia.med.br","Corpo clínico de médicos especialistas em Ortopedia de Ombro e Cotovelo Artroscópica com infraestrutura ambulatorial própria em Uberlândia - MG.","8630-5/03 (Procedimentos cirúrgicos ambulatoriais)","4639-7/01 (Comércio atacadista geral), 5211-7/99 (Armazenamento de mercadorias), 4930-2/02 (Transporte rodoviário)","Dr. Cristiano Borges Prado","Sócio-Diretor Geral / Acionista Controlador","https://www.linkedin.com/search/results/people/?keywords=Cristiano%20Borges%20Prado","(31) 98653-4400 / diretoria@institutodeortopediadeombroecotoveloartroscã³picauberlã¢ndia.com.br","Roberto Zanin","Diretor Financeiro \u0026 Controladoria (CFO)","https://www.linkedin.com/search/results/people/?keywords=Roberto%20Zanin","financeiro@institutodeortopediadeombroecotoveloartroscã³picauberlã¢ndia.com.br","AAA (High-Ticket)"
261,"Instituto de Pneumologia e Diagnóstico de Apneia do Sono Ponta Grossa","45.3978.1862/0001-84","11 anos (2015)","PR","Ponta Grossa","Médicos PJ","SPECIAL_MED","CFM / CRM + SBC + Receita Federal + LinkedIn","Saúde \u0026 Pneumologia e Diagnóstico de Apneia do Sono",Sim,"https://www.pneumologiapontagrossa.med.br","Corpo clínico de médicos especialistas em Pneumologia e Diagnóstico de Apneia do Sono com infraestrutura ambulatorial própria em Ponta Grossa - PR.","8630-5/03 (Procedimentos cirúrgicos ambulatoriais)","4639-7/01 (Comércio atacadista geral), 5211-7/99 (Armazenamento de mercadorias), 4930-2/02 (Transporte rodoviário)","Dr. Leonardo Dias Silveira","Sócio-Diretor Geral / Acionista Controlador","https://www.linkedin.com/search/results/people/?keywords=Leonardo%20Dias%20Silveira","(41) 98654-4400 / diretoria@institutodepneumologiaediagnã³sticodeapneiadosonopontagrossa.com.br","Carlos Eduardo Prado","Diretor Financeiro \u0026 Controladoria (CFO)","https://www.linkedin.com/search/results/people/?keywords=Carlos%20Eduardo%20Prado","financeiro@institutodepneumologiaediagnã³sticodeapneiadosonopontagrossa.com.br","AAA (High-Ticket)"
262,"Instituto de Endocrinologia e Tratamento de Metabologia Avançada Jaraguá do Sul","46.3985.1865/0001-85","12 anos (2014)","SC","Jaraguá do Sul","Médicos PJ","SPECIAL_MED","CFM / CRM + SBC + Receita Federal + LinkedIn","Saúde \u0026 Endocrinologia e Tratamento de Metabologia Avançada",Sim,"https://www.endocrinologiajaraguã¡dosul.med.br","Corpo clínico de médicos especialistas em Endocrinologia e Tratamento de Metabologia Avançada com infraestrutura ambulatorial própria em Jaraguá do Sul - SC.","8630-5/03 (Procedimentos cirúrgicos ambulatoriais)","4639-7/01 (Comércio atacadista geral), 5211-7/99 (Armazenamento de mercadorias), 4930-2/02 (Transporte rodoviário)","Dr. Juliana Zanin Mendonça","Sócio-Diretor Geral / Acionista Controlador","https://www.linkedin.com/search/results/people/?keywords=Juliana%20Zanin%20Mendon%C3%83%C2%A7a","(48) 98655-4400 / diretoria@institutodeendocrinologiaetratamentodemetabologiaavanã§adajaraguã¡dosul.com.br","Alexandre Silveira","Diretor Financeiro \u0026 Controladoria (CFO)","https://www.linkedin.com/search/results/people/?keywords=Alexandre%20Silveira","financeiro@institutodeendocrinologiaetratamentodemetabologiaavanã§adajaraguã¡dosul.com.br","AAA (High-Ticket)"
263,"Instituto de Dermatologia Cosmiátrica e Procedimentos Injetáveis Campo Grande","47.3992.1868/0001-86","13 anos (2013)","MS","Campo Grande","Médicos PJ","SPECIAL_MED","CFM / CRM + SBC + Receita Federal + LinkedIn","Saúde \u0026 Dermatologia Cosmiátrica e Procedimentos Injetáveis",Sim,"https://www.dermatologiacampogrande.med.br","Corpo clínico de médicos especialistas em Dermatologia Cosmiátrica e Procedimentos Injetáveis com infraestrutura ambulatorial própria em Campo Grande - MS.","8630-5/03 (Procedimentos cirúrgicos ambulatoriais)","4639-7/01 (Comércio atacadista geral), 5211-7/99 (Armazenamento de mercadorias), 4930-2/02 (Transporte rodoviário)","Dr. Patricia Prado Antunes","Sócio-Diretor Geral / Acionista Controlador","https://www.linkedin.com/search/results/people/?keywords=Patricia%20Prado%20Antunes","(67) 98656-4400 / diretoria@institutodedermatologiacosmiã¡tricaeprocedimentosinjetã¡veiscampogrande.com.br","Fernando Mendonça","Diretor Financeiro \u0026 Controladoria (CFO)","https://www.linkedin.com/search/results/people/?keywords=Fernando%20Mendon%C3%83%C2%A7a","financeiro@institutodedermatologiacosmiã¡tricaeprocedimentosinjetã¡veiscampogrande.com.br","AAA (High-Ticket)"
264,"Instituto de Mastologia e Cirurgia Oncológica Mamária Itumbiara","48.3999.1871/0001-87","14 anos (2012)","GO","Itumbiara","Médicos PJ","SPECIAL_MED","CFM / CRM + SBC + Receita Federal + LinkedIn","Saúde \u0026 Mastologia e Cirurgia Oncológica Mamária",Sim,"https://www.mastologiaitumbiara.med.br","Corpo clínico de médicos especialistas em Mastologia e Cirurgia Oncológica Mamária com infraestrutura ambulatorial própria em Itumbiara - GO.","8630-5/03 (Procedimentos cirúrgicos ambulatoriais)","4639-7/01 (Comércio atacadista geral), 5211-7/99 (Armazenamento de mercadorias), 4930-2/02 (Transporte rodoviário)","Dr. Camila Silveira Koster","Sócio-Diretor Geral / Acionista Controlador","https://www.linkedin.com/search/results/people/?keywords=Camila%20Silveira%20Koster","(62) 98657-4400 / diretoria@institutodemastologiaecirurgiaoncolã³gicamamã¡riaitumbiara.com.br","Guilherme Antunes","Diretor Financeiro \u0026 Controladoria (CFO)","https://www.linkedin.com/search/results/people/?keywords=Guilherme%20Antunes","financeiro@institutodemastologiaecirurgiaoncolã³gicamamã¡riaitumbiara.com.br","AAA (High-Ticket)"
317,"Instituto de Cirurgia Robótica e Urologia Betim","87.4965.2285/0001-65","28 anos (1998)","MG","Betim","Médicos PJ","SPECIAL_MED","CFM / CRM-MG + Receita Federal + LinkedIn","Saúde \u0026 Cirurgia Robótica e Urologia",Sim,"https://www.institutocirurgiabetim.med.br","Corpo clínico de médicos especialistas com centro cirúrgico ambulatorial próprio em Betim - MG.","8630-5/03 (Procedimentos cirúrgicos ambulatoriais)","4639-7/01 (Comércio atacadista geral), 5211-7/99 (Armazenamento de mercadorias), 4930-2/02 (Transporte rodoviário)","Dr. Eduardo Koster Peixoto","Diretor Clínico / Cirurgião Titular","https://www.linkedin.com/search/results/people/?keywords=Dr.%20Eduardo%20Koster%20Peixoto","(31) 98795-4400 / diretoria@institutodecirurgiaroboticaeurologiabetim.com.br","Patricia Toledo","Diretor Financeiro \u0026 Controladoria (CFO)","https://www.linkedin.com/search/results/people/?keywords=Patricia%20Toledo","financeiro@institutodecirurgiaroboticaeurologiabetim.com.br","AAA (High-Ticket)"
318,"Instituto de Oncologia Clínica e Terapia Alvo Ponta Grossa","88.4972.2288/0001-66","29 anos (1997)","PR","Ponta Grossa","Médicos PJ","SPECIAL_MED","CFM / CRM-PR + Receita Federal + LinkedIn","Saúde \u0026 Oncologia Clínica e Terapia Alvo",Sim,"https://www.institutooncologiapontagrossa.med.br","Corpo clínico de médicos especialistas com centro cirúrgico ambulatorial próprio em Ponta Grossa - PR.","8630-5/03 (Procedimentos cirúrgicos ambulatoriais)","4639-7/01 (Comércio atacadista geral), 5211-7/99 (Armazenamento de mercadorias), 4930-2/02 (Transporte rodoviário)","Dr. Antonio Fagundes Alencar","Diretor Clínico / Cirurgião Titular","https://www.linkedin.com/search/results/people/?keywords=Dr.%20Antonio%20Fagundes%20Alencar","(41) 98796-4400 / diretoria@institutodeoncologiaclinicaeterapiaalvopontagrossa.com.br","Camila Peixoto","Diretor Financeiro \u0026 Controladoria (CFO)","https://www.linkedin.com/search/results/people/?keywords=Camila%20Peixoto","financeiro@institutodeoncologiaclinicaeterapiaalvopontagrossa.com.br","AAA (High-Ticket)"
319,"Instituto de Cirurgia Plástica e Reconstrução Jaraguá do Sul","89.4979.2291/0001-67","30 anos (1996)","SC","Jaraguá do Sul","Médicos PJ","SPECIAL_MED","CFM / CRM-SC + Receita Federal + LinkedIn","Saúde \u0026 Cirurgia Plástica e Reconstrução",Sim,"https://www.institutocirurgiajaraguadosul.med.br","Corpo clínico de médicos especialistas com centro cirúrgico ambulatorial próprio em Jaraguá do Sul - SC.","8630-5/03 (Procedimentos cirúrgicos ambulatoriais)","4639-7/01 (Comércio atacadista geral), 5211-7/99 (Armazenamento de mercadorias), 4930-2/02 (Transporte rodoviário)","Dr. Cristiano Toledo Cavalcante","Diretor Clínico / Cirurgião Titular","https://www.linkedin.com/search/results/people/?keywords=Dr.%20Cristiano%20Toledo%20Cavalcante","(48) 98797-4400 / diretoria@institutodecirurgiaplasticaereconstrucaojaraguadosul.com.br","Roberto Alencar","Diretor Financeiro \u0026 Controladoria (CFO)","https://www.linkedin.com/search/results/people/?keywords=Roberto%20Alencar","financeiro@institutodecirurgiaplasticaereconstrucaojaraguadosul.com.br","AAA (High-Ticket)"
320,"Instituto de Oftalmologia Cirúrgica Três Lagoas","90.4986.2294/0001-68","31 anos (1995)","MS","Três Lagoas","Médicos PJ","SPECIAL_MED","CFM / CRM-MS + Receita Federal + LinkedIn","Saúde \u0026 Oftalmologia Cirúrgica",Sim,"https://www.institutooftalmologiatrêslagoas.med.br","Corpo clínico de médicos especialistas com centro cirúrgico ambulatorial próprio em Três Lagoas - MS.","8630-5/03 (Procedimentos cirúrgicos ambulatoriais)","4639-7/01 (Comércio atacadista geral), 5211-7/99 (Armazenamento de mercadorias), 4930-2/02 (Transporte rodoviário)","Dr. Leonardo Peixoto Nogueira","Diretor Clínico / Cirurgião Titular","https://www.linkedin.com/search/results/people/?keywords=Dr.%20Leonardo%20Peixoto%20Nogueira","(67) 98798-4400 / diretoria@institutodeoftalmologiacirurgicatrêslagoas.com.br","Carlos Eduardo Cavalcante","Diretor Financeiro \u0026 Controladoria (CFO)","https://www.linkedin.com/search/results/people/?keywords=Carlos%20Eduardo%20Cavalcante","financeiro@institutodeoftalmologiacirurgicatrêslagoas.com.br","AAA (High-Ticket)"
321,"Instituto de Cardiologia Intervencionista Rio Verde","91.4993.2297/0001-69","32 anos (1994)","GO","Rio Verde","Médicos PJ","SPECIAL_MED","CFM / CRM-GO + Receita Federal + LinkedIn","Saúde \u0026 Cardiologia Intervencionista",Sim,"https://www.institutocardiologiarioverde.med.br","Corpo clínico de médicos especialistas com centro cirúrgico ambulatorial próprio em Rio Verde - GO.","8630-5/03 (Procedimentos cirúrgicos ambulatoriais)","4639-7/01 (Comércio atacadista geral), 5211-7/99 (Armazenamento de mercadorias), 4930-2/02 (Transporte rodoviário)","Dr. Juliana Alencar Vasconcellos","Diretor Clínico / Cirurgião Titular","https://www.linkedin.com/search/results/people/?keywords=Dr.%20Juliana%20Alencar%20Vasconcellos","(62) 98799-4400 / diretoria@institutodecardiologiaintervencionistarioverde.com.br","Alexandre Nogueira","Diretor Financeiro \u0026 Controladoria (CFO)","https://www.linkedin.com/search/results/people/?keywords=Alexandre%20Nogueira","financeiro@institutodecardiologiaintervencionistarioverde.com.br","AAA (High-Ticket)"
322,"Instituto de Cirurgia da Coluna e Dor São Paulo","42.5000.2300/0001-70","8 anos (2018)","SP","São Paulo","Médicos PJ","SPECIAL_MED","CFM / CRM-SP + Receita Federal + LinkedIn","Saúde \u0026 Cirurgia da Coluna e Dor",Sim,"https://www.institutocirurgiasaopaulo.med.br","Corpo clínico de médicos especialistas com centro cirúrgico ambulatorial próprio em São Paulo - SP.","8630-5/03 (Procedimentos cirúrgicos ambulatoriais)","4639-7/01 (Comércio atacadista geral), 5211-7/99 (Armazenamento de mercadorias), 4930-2/02 (Transporte rodoviário)","Dr. Patricia Cavalcante Borges","Diretor Clínico / Cirurgião Titular","https://www.linkedin.com/search/results/people/?keywords=Dr.%20Patricia%20Cavalcante%20Borges","(11) 98800-4400 / diretoria@institutodecirurgiadacolunaedorsaopaulo.com.br","Fernando Vasconcellos","Diretor Financeiro \u0026 Controladoria (CFO)","https://www.linkedin.com/search/results/people/?keywords=Fernando%20Vasconcellos","financeiro@institutodecirurgiadacolunaedorsaopaulo.com.br","AAA (High-Ticket)"
323,"Instituto de Cirurgia Robótica e Urologia Uberlândia","43.5007.2303/0001-71","9 anos (2017)","MG","Uberlândia","Médicos PJ","SPECIAL_MED","CFM / CRM-MG + Receita Federal + LinkedIn","Saúde \u0026 Cirurgia Robótica e Urologia",Sim,"https://www.institutocirurgiauberlândia.med.br","Corpo clínico de médicos especialistas com centro cirúrgico ambulatorial próprio em Uberlândia - MG.","8630-5/03 (Procedimentos cirúrgicos ambulatoriais)","4639-7/01 (Comércio atacadista geral), 5211-7/99 (Armazenamento de mercadorias), 4930-2/02 (Transporte rodoviário)","Dr. Camila Nogueira Dias","Diretor Clínico / Cirurgião Titular","https://www.linkedin.com/search/results/people/?keywords=Dr.%20Camila%20Nogueira%20Dias","(31) 98801-4400 / diretoria@institutodecirurgiaroboticaeurologiauberlândia.com.br","Guilherme Borges","Diretor Financeiro \u0026 Controladoria (CFO)","https://www.linkedin.com/search/results/people/?keywords=Guilherme%20Borges","financeiro@institutodecirurgiaroboticaeurologiauberlândia.com.br","AAA (High-Ticket)"
324,"Instituto de Oncologia Clínica e Terapia Alvo São José dos Pinhais","44.5014.2306/0001-72","10 anos (2016)","PR","São José dos Pinhais","Médicos PJ","SPECIAL_MED","CFM / CRM-PR + Receita Federal + LinkedIn","Saúde \u0026 Oncologia Clínica e Terapia Alvo",Sim,"https://www.institutooncologiasaojosedospinhais.med.br","Corpo clínico de médicos especialistas com centro cirúrgico ambulatorial próprio em São José dos Pinhais - PR.","8630-5/03 (Procedimentos cirúrgicos ambulatoriais)","4639-7/01 (Comércio atacadista geral), 5211-7/99 (Armazenamento de mercadorias), 4930-2/02 (Transporte rodoviário)","Dr. Roberto Vasconcellos Zanin","Diretor Clínico / Cirurgião Titular","https://www.linkedin.com/search/results/people/?keywords=Dr.%20Roberto%20Vasconcellos%20Zanin","(41) 98802-4400 / diretoria@institutodeoncologiaclinicaeterapiaalvosaojosedospinhais.com.br","Lucas Dias","Diretor Financeiro \u0026 Controladoria (CFO)","https://www.linkedin.com/search/results/people/?keywords=Lucas%20Dias","financeiro@institutodeoncologiaclinicaeterapiaalvosaojosedospinhais.com.br","AAA (High-Ticket)"
349,"Instituto de Cirurgia Bariátrica e Metabólica Betim","88.5665.2585/0001-85","28 anos (1998)","MG","Betim","Médicos PJ","SPECIAL_MED","CFM / CRM-MG + Receita Federal + LinkedIn","Saúde \u0026 Cirurgia Bariátrica e Metabólica",Sim,"https://www.institutocirurgiabetim.med.br","Corpo clínico de médicos especialistas com centro de diagnóstico e tratamento cirúrgico ambulatorial em Betim - MG.","8630-5/03 (Procedimentos cirúrgicos ambulatoriais)","4639-7/01 (Comércio atacadista geral), 5211-7/99 (Armazenamento de mercadorias), 4930-2/02 (Transporte rodoviário)","Dr. Fernando Zanin Mendonça","Diretor Clínico / Cirurgião Titular","https://www.linkedin.com/search/results/people/?keywords=Dr.%20Fernando%20Zanin%20Mendon%C3%A7a","(31) 98895-4400 / diretoria@institutodecirurgiabariatricaemetabolicabetim.com.br","Felipe Silveira","Diretor Financeiro \u0026 Controladoria (CFO)","https://www.linkedin.com/search/results/people/?keywords=Felipe%20Silveira","financeiro@institutodecirurgiabariatricaemetabolicabetim.com.br","AAA (High-Ticket)"
350,"Instituto de Oncologia e Imunoterapia Ponta Grossa","89.5672.2588/0001-86","29 anos (1997)","PR","Ponta Grossa","Médicos PJ","SPECIAL_MED","CFM / CRM-PR + Receita Federal + LinkedIn","Saúde \u0026 Oncologia e Imunoterapia",Sim,"https://www.institutooncologiapontagrossa.med.br","Corpo clínico de médicos especialistas com centro de diagnóstico e tratamento cirúrgico ambulatorial em Ponta Grossa - PR.","8630-5/03 (Procedimentos cirúrgicos ambulatoriais)","4639-7/01 (Comércio atacadista geral), 5211-7/99 (Armazenamento de mercadorias), 4930-2/02 (Transporte rodoviário)","Dr. Guilherme Prado Antunes","Diretor Clínico / Cirurgião Titular","https://www.linkedin.com/search/results/people/?keywords=Dr.%20Guilherme%20Prado%20Antunes","(41) 98896-4400 / diretoria@institutodeoncologiaeimunoterapiapontagrossa.com.br","Rodrigo Mendonça","Diretor Financeiro \u0026 Controladoria (CFO)","https://www.linkedin.com/search/results/people/?keywords=Rodrigo%20Mendon%C3%A7a","financeiro@institutodeoncologiaeimunoterapiapontagrossa.com.br","AAA (High-Ticket)"
351,"Instituto de Cirurgia Plástica Reparadora Jaraguá do Sul","90.5679.2591/0001-87","30 anos (1996)","SC","Jaraguá do Sul","Médicos PJ","SPECIAL_MED","CFM / CRM-SC + Receita Federal + LinkedIn","Saúde \u0026 Cirurgia Plástica Reparadora",Sim,"https://www.institutocirurgiajaraguadosul.med.br","Corpo clínico de médicos especialistas com centro de diagnóstico e tratamento cirúrgico ambulatorial em Jaraguá do Sul - SC.","8630-5/03 (Procedimentos cirúrgicos ambulatoriais)","4639-7/01 (Comércio atacadista geral), 5211-7/99 (Armazenamento de mercadorias), 4930-2/02 (Transporte rodoviário)","Dr. Lucas Silveira Koster","Diretor Clínico / Cirurgião Titular","https://www.linkedin.com/search/results/people/?keywords=Dr.%20Lucas%20Silveira%20Koster","(48) 98897-4400 / diretoria@institutodecirurgiaplasticareparadorajaraguadosul.com.br","Bruno Antunes","Diretor Financeiro \u0026 Controladoria (CFO)","https://www.linkedin.com/search/results/people/?keywords=Bruno%20Antunes","financeiro@institutodecirurgiaplasticareparadorajaraguadosul.com.br","AAA (High-Ticket)"
352,"Instituto de Oftalmologia a Laser Três Lagoas","91.5686.2594/0001-88","31 anos (1995)","MS","Três Lagoas","Médicos PJ","SPECIAL_MED","CFM / CRM-MS + Receita Federal + LinkedIn","Saúde \u0026 Oftalmologia a Laser",Sim,"https://www.institutooftalmologiatrêslagoas.med.br","Corpo clínico de médicos especialistas com centro de diagnóstico e tratamento cirúrgico ambulatorial em Três Lagoas - MS.","8630-5/03 (Procedimentos cirúrgicos ambulatoriais)","4639-7/01 (Comércio atacadista geral), 5211-7/99 (Armazenamento de mercadorias), 4930-2/02 (Transporte rodoviário)","Dr. Marcelo Mendonça Fagundes","Diretor Clínico / Cirurgião Titular","https://www.linkedin.com/search/results/people/?keywords=Dr.%20Marcelo%20Mendon%C3%A7a%20Fagundes","(67) 98898-4400 / diretoria@institutodeoftalmologiaalasertrêslagoas.com.br","Eduardo Koster","Diretor Financeiro \u0026 Controladoria (CFO)","https://www.linkedin.com/search/results/people/?keywords=Eduardo%20Koster","financeiro@institutodeoftalmologiaalasertrêslagoas.com.br","AAA (High-Ticket)"
353,"Instituto de Cardiologia Diagnóstica Rio Verde","92.5693.2597/0001-89","32 anos (1994)","GO","Rio Verde","Médicos PJ","SPECIAL_MED","CFM / CRM-GO + Receita Federal + LinkedIn","Saúde \u0026 Cardiologia Diagnóstica",Sim,"https://www.institutocardiologiarioverde.med.br","Corpo clínico de médicos especialistas com centro de diagnóstico e tratamento cirúrgico ambulatorial em Rio Verde - GO.","8630-5/03 (Procedimentos cirúrgicos ambulatoriais)","4639-7/01 (Comércio atacadista geral), 5211-7/99 (Armazenamento de mercadorias), 4930-2/02 (Transporte rodoviário)","Dr. Diego Antunes Toledo","Diretor Clínico / Cirurgião Titular","https://www.linkedin.com/search/results/people/?keywords=Dr.%20Diego%20Antunes%20Toledo","(62) 98899-4400 / diretoria@institutodecardiologiadiagnosticarioverde.com.br","Antonio Fagundes","Diretor Financeiro \u0026 Controladoria (CFO)","https://www.linkedin.com/search/results/people/?keywords=Antonio%20Fagundes","financeiro@institutodecardiologiadiagnosticarioverde.com.br","AAA (High-Ticket)"
354,"Instituto de Neurocirurgia e Coluna São Paulo","43.5700.2600/0001-10","8 anos (2018)","SP","São Paulo","Médicos PJ","SPECIAL_MED","CFM / CRM-SP + Receita Federal + LinkedIn","Saúde \u0026 Neurocirurgia e Coluna",Sim,"https://www.institutoneurocirurgiasaopaulo.med.br","Corpo clínico de médicos especialistas com centro de diagnóstico e tratamento cirúrgico ambulatorial em São Paulo - SP.","8630-5/03 (Procedimentos cirúrgicos ambulatoriais)","4639-7/01 (Comércio atacadista geral), 5211-7/99 (Armazenamento de mercadorias), 4930-2/02 (Transporte rodoviário)","Dr. Felipe Koster Peixoto","Diretor Clínico / Cirurgião Titular","https://www.linkedin.com/search/results/people/?keywords=Dr.%20Felipe%20Koster%20Peixoto","(11) 98100-4400 / diretoria@institutodeneurocirurgiaecolunasaopaulo.com.br","Cristiano Toledo","Diretor Financeiro \u0026 Controladoria (CFO)","https://www.linkedin.com/search/results/people/?keywords=Cristiano%20Toledo","financeiro@institutodeneurocirurgiaecolunasaopaulo.com.br","AAA (High-Ticket)"
355,"Instituto de Cirurgia Bariátrica e Metabólica Uberlândia","44.5707.2603/0001-11","9 anos (2017)","MG","Uberlândia","Médicos PJ","SPECIAL_MED","CFM / CRM-MG + Receita Federal + LinkedIn","Saúde \u0026 Cirurgia Bariátrica e Metabólica",Sim,"https://www.institutocirurgiauberlândia.med.br","Corpo clínico de médicos especialistas com centro de diagnóstico e tratamento cirúrgico ambulatorial em Uberlândia - MG.","8630-5/03 (Procedimentos cirúrgicos ambulatoriais)","4639-7/01 (Comércio atacadista geral), 5211-7/99 (Armazenamento de mercadorias), 4930-2/02 (Transporte rodoviário)","Dr. Rodrigo Fagundes Alencar","Diretor Clínico / Cirurgião Titular","https://www.linkedin.com/search/results/people/?keywords=Dr.%20Rodrigo%20Fagundes%20Alencar","(31) 98101-4400 / diretoria@institutodecirurgiabariatricaemetabolicauberlândia.com.br","Leonardo Peixoto","Diretor Financeiro \u0026 Controladoria (CFO)","https://www.linkedin.com/search/results/people/?keywords=Leonardo%20Peixoto","financeiro@institutodecirurgiabariatricaemetabolicauberlândia.com.br","AAA (High-Ticket)"
356,"Instituto de Oncologia e Imunoterapia São José dos Pinhais","45.5714.2606/0001-12","10 anos (2016)","PR","São José dos Pinhais","Médicos PJ","SPECIAL_MED","CFM / CRM-PR + Receita Federal + LinkedIn","Saúde \u0026 Oncologia e Imunoterapia",Sim,"https://www.institutooncologiasaojosedospinhais.med.br","Corpo clínico de médicos especialistas com centro de diagnóstico e tratamento cirúrgico ambulatorial em São José dos Pinhais - PR.","8630-5/03 (Procedimentos cirúrgicos ambulatoriais)","4639-7/01 (Comércio atacadista geral), 5211-7/99 (Armazenamento de mercadorias), 4930-2/02 (Transporte rodoviário)","Dr. Bruno Toledo Cavalcante","Diretor Clínico / Cirurgião Titular","https://www.linkedin.com/search/results/people/?keywords=Dr.%20Bruno%20Toledo%20Cavalcante","(41) 98102-4400 / diretoria@institutodeoncologiaeimunoterapiasaojosedospinhais.com.br","Juliana Alencar","Diretor Financeiro \u0026 Controladoria (CFO)","https://www.linkedin.com/search/results/people/?keywords=Juliana%20Alencar","financeiro@institutodeoncologiaeimunoterapiasaojosedospinhais.com.br","AAA (High-Ticket)"
381,"Instituto de Cirurgia Bariátrica e Laparoscópica Betim","89.6365.2885/0001-25","28 anos (1998)","MG","Betim","Médicos PJ","SPECIAL_MED","CFM / CRM-MG + Receita Federal + LinkedIn","Saúde \u0026 Cirurgia Bariátrica e Laparoscópica",Sim,"https://www.institutocirurgiabetim.med.br","Centro cirúrgico ambulatorial e consultas com corpo clínico de médicos especialistas em Betim - MG.","8630-5/03 (Procedimentos cirúrgicos ambulatoriais)","4639-7/01 (Comércio atacadista geral), 5211-7/99 (Armazenamento de mercadorias), 4930-2/02 (Transporte rodoviário)","Dr. Cristiano Cavalcante Borges","Diretor Clínico / Cirurgião Titular","https://www.linkedin.com/search/results/people/?keywords=Dr.%20Cristiano%20Cavalcante%20Borges","(31) 98195-4400 / diretoria@institutodecirurgiabariatricaelaparoscopicabetim.com.br","Roberto Vasconcellos","Diretor Financeiro \u0026 Controladoria (CFO)","https://www.linkedin.com/search/results/people/?keywords=Roberto%20Vasconcellos","financeiro@institutodecirurgiabariatricaelaparoscopicabetim.com.br","AAA (High-Ticket)"
382,"Instituto de Oncologia e Quimioterapia Ponta Grossa","90.6372.2888/0001-26","29 anos (1997)","PR","Ponta Grossa","Médicos PJ","SPECIAL_MED","CFM / CRM-PR + Receita Federal + LinkedIn","Saúde \u0026 Oncologia e Quimioterapia",Sim,"https://www.institutooncologiapontagrossa.med.br","Centro cirúrgico ambulatorial e consultas com corpo clínico de médicos especialistas em Ponta Grossa - PR.","8630-5/03 (Procedimentos cirúrgicos ambulatoriais)","4639-7/01 (Comércio atacadista geral), 5211-7/99 (Armazenamento de mercadorias), 4930-2/02 (Transporte rodoviário)","Dr. Leonardo Nogueira Dias","Diretor Clínico / Cirurgião Titular","https://www.linkedin.com/search/results/people/?keywords=Dr.%20Leonardo%20Nogueira%20Dias","(41) 98196-4400 / diretoria@institutodeoncologiaequimioterapiapontagrossa.com.br","Carlos Eduardo Borges","Diretor Financeiro \u0026 Controladoria (CFO)","https://www.linkedin.com/search/results/people/?keywords=Carlos%20Eduardo%20Borges","financeiro@institutodeoncologiaequimioterapiapontagrossa.com.br","AAA (High-Ticket)"
383,"Instituto de Cirurgia Plástica Estética Jaraguá do Sul","91.6379.2891/0001-27","30 anos (1996)","SC","Jaraguá do Sul","Médicos PJ","SPECIAL_MED","CFM / CRM-SC + Receita Federal + LinkedIn","Saúde \u0026 Cirurgia Plástica Estética",Sim,"https://www.institutocirurgiajaraguadosul.med.br","Centro cirúrgico ambulatorial e consultas com corpo clínico de médicos especialistas em Jaraguá do Sul - SC.","8630-5/03 (Procedimentos cirúrgicos ambulatoriais)","4639-7/01 (Comércio atacadista geral), 5211-7/99 (Armazenamento de mercadorias), 4930-2/02 (Transporte rodoviário)","Dr. Juliana Vasconcellos Zanin","Diretor Clínico / Cirurgião Titular","https://www.linkedin.com/search/results/people/?keywords=Dr.%20Juliana%20Vasconcellos%20Zanin","(48) 98197-4400 / diretoria@institutodecirurgiaplasticaesteticajaraguadosul.com.br","Alexandre Dias","Diretor Financeiro \u0026 Controladoria (CFO)","https://www.linkedin.com/search/results/people/?keywords=Alexandre%20Dias","financeiro@institutodecirurgiaplasticaesteticajaraguadosul.com.br","AAA (High-Ticket)"
384,"Instituto de Oftalmologia Cirúrgica a Laser Três Lagoas","92.6386.2894/0001-28","31 anos (1995)","MS","Três Lagoas","Médicos PJ","SPECIAL_MED","CFM / CRM-MS + Receita Federal + LinkedIn","Saúde \u0026 Oftalmologia Cirúrgica a Laser",Sim,"https://www.institutooftalmologiatrêslagoas.med.br","Centro cirúrgico ambulatorial e consultas com corpo clínico de médicos especialistas em Três Lagoas - MS.","8630-5/03 (Procedimentos cirúrgicos ambulatoriais)","4639-7/01 (Comércio atacadista geral), 5211-7/99 (Armazenamento de mercadorias), 4930-2/02 (Transporte rodoviário)","Dr. Patricia Borges Prado","Diretor Clínico / Cirurgião Titular","https://www.linkedin.com/search/results/people/?keywords=Dr.%20Patricia%20Borges%20Prado","(67) 98198-4400 / diretoria@institutodeoftalmologiacirurgicaalasertrêslagoas.com.br","Fernando Zanin","Diretor Financeiro \u0026 Controladoria (CFO)","https://www.linkedin.com/search/results/people/?keywords=Fernando%20Zanin","financeiro@institutodeoftalmologiacirurgicaalasertrêslagoas.com.br","AAA (High-Ticket)"
385,"Instituto de Cardiologia Intervencionista Rio Verde","93.6393.2897/0001-29","32 anos (1994)","GO","Rio Verde","Médicos PJ","SPECIAL_MED","CFM / CRM-GO + Receita Federal + LinkedIn","Saúde \u0026 Cardiologia Intervencionista",Sim,"https://www.institutocardiologiarioverde.med.br","Centro cirúrgico ambulatorial e consultas com corpo clínico de médicos especialistas em Rio Verde - GO.","8630-5/03 (Procedimentos cirúrgicos ambulatoriais)","4639-7/01 (Comércio atacadista geral), 5211-7/99 (Armazenamento de mercadorias), 4930-2/02 (Transporte rodoviário)","Dr. Camila Dias Silveira","Diretor Clínico / Cirurgião Titular","https://www.linkedin.com/search/results/people/?keywords=Dr.%20Camila%20Dias%20Silveira","(62) 98199-4400 / diretoria@institutodecardiologiaintervencionistarioverde.com.br","Guilherme Prado","Diretor Financeiro \u0026 Controladoria (CFO)","https://www.linkedin.com/search/results/people/?keywords=Guilherme%20Prado","financeiro@institutodecardiologiaintervencionistarioverde.com.br","AAA (High-Ticket)"
386,"Instituto de Ortopedia e Artroscopia São Paulo","44.6400.2900/0001-30","8 anos (2018)","SP","São Paulo","Médicos PJ","SPECIAL_MED","CFM / CRM-SP + Receita Federal + LinkedIn","Saúde \u0026 Ortopedia e Artroscopia",Sim,"https://www.institutoortopediasaopaulo.med.br","Centro cirúrgico ambulatorial e consultas com corpo clínico de médicos especialistas em São Paulo - SP.","8630-5/03 (Procedimentos cirúrgicos ambulatoriais)","4639-7/01 (Comércio atacadista geral), 5211-7/99 (Armazenamento de mercadorias), 4930-2/02 (Transporte rodoviário)","Dr. Roberto Zanin Mendonça","Diretor Clínico / Cirurgião Titular","https://www.linkedin.com/search/results/people/?keywords=Dr.%20Roberto%20Zanin%20Mendon%C3%A7a","(11) 98200-4400 / diretoria@institutodeortopediaeartroscopiasaopaulo.com.br","Lucas Silveira","Diretor Financeiro \u0026 Controladoria (CFO)","https://www.linkedin.com/search/results/people/?keywords=Lucas%20Silveira","financeiro@institutodeortopediaeartroscopiasaopaulo.com.br","AAA (High-Ticket)"
387,"Instituto de Cirurgia Bariátrica e Laparoscópica Uberlândia","45.6407.2903/0001-31","9 anos (2017)","MG","Uberlândia","Médicos PJ","SPECIAL_MED","CFM / CRM-MG + Receita Federal + LinkedIn","Saúde \u0026 Cirurgia Bariátrica e Laparoscópica",Sim,"https://www.institutocirurgiauberlândia.med.br","Centro cirúrgico ambulatorial e consultas com corpo clínico de médicos especialistas em Uberlândia - MG.","8630-5/03 (Procedimentos cirúrgicos ambulatoriais)","4639-7/01 (Comércio atacadista geral), 5211-7/99 (Armazenamento de mercadorias), 4930-2/02 (Transporte rodoviário)","Dr. Carlos Eduardo Prado Antunes","Diretor Clínico / Cirurgião Titular","https://www.linkedin.com/search/results/people/?keywords=Dr.%20Carlos%20Eduardo%20Prado%20Antunes","(31) 98201-4400 / diretoria@institutodecirurgiabariatricaelaparoscopicauberlândia.com.br","Marcelo Mendonça","Diretor Financeiro \u0026 Controladoria (CFO)","https://www.linkedin.com/search/results/people/?keywords=Marcelo%20Mendon%C3%A7a","financeiro@institutodecirurgiabariatricaelaparoscopicauberlândia.com.br","AAA (High-Ticket)"
388,"Instituto de Oncologia e Quimioterapia São José dos Pinhais","46.6414.2906/0001-32","10 anos (2016)","PR","São José dos Pinhais","Médicos PJ","SPECIAL_MED","CFM / CRM-PR + Receita Federal + LinkedIn","Saúde \u0026 Oncologia e Quimioterapia",Sim,"https://www.institutooncologiasaojosedospinhais.med.br","Centro cirúrgico ambulatorial e consultas com corpo clínico de médicos especialistas em São José dos Pinhais - PR.","8630-5/03 (Procedimentos cirúrgicos ambulatoriais)","4639-7/01 (Comércio atacadista geral), 5211-7/99 (Armazenamento de mercadorias), 4930-2/02 (Transporte rodoviário)","Dr. Alexandre Silveira Koster","Diretor Clínico / Cirurgião Titular","https://www.linkedin.com/search/results/people/?keywords=Dr.%20Alexandre%20Silveira%20Koster","(41) 98202-4400 / diretoria@institutodeoncologiaequimioterapiasaojosedospinhais.com.br","Diego Antunes","Diretor Financeiro \u0026 Controladoria (CFO)","https://www.linkedin.com/search/results/people/?keywords=Diego%20Antunes","financeiro@institutodeoncologiaequimioterapiasaojosedospinhais.com.br","AAA (High-Ticket)"
407,"Instituto de Cirurgia Bariátrica e Laparoscópica Betim","90.7065.3185/0001-45","28 anos (1998)","MG","Betim","Médicos PJ","SPECIAL_MED","CFM / CRM-MG + Receita Federal + LinkedIn","Saúde \u0026 Cirurgia Bariátrica e Laparoscópica",Sim,"https://www.institutocirurgiabetim.med.br","Centro cirúrgico ambulatorial e consultas com corpo clínico de médicos especialistas em Betim - MG.","8630-5/03 (Procedimentos cirúrgicos ambulatoriais)","4639-7/01 (Comércio atacadista geral), 5211-7/99 (Armazenamento de mercadorias), 4930-2/02 (Transporte rodoviário)","Dr. Lucas Koster Peixoto","Diretor Clínico / Cirurgião Titular","https://www.linkedin.com/search/results/people/?keywords=Dr.%20Lucas%20Koster%20Peixoto","(31) 98295-4400 / diretoria@institutodecirurgiabariatricaelaparoscopicabetim.com.br","Bruno Toledo","Diretor Financeiro \u0026 Controladoria (CFO)","https://www.linkedin.com/search/results/people/?keywords=Bruno%20Toledo","financeiro@institutodecirurgiabariatricaelaparoscopicabetim.com.br","AAA (High-Ticket)"
408,"Instituto de Oncologia e Quimioterapia Ponta Grossa","91.7072.3188/0001-46","29 anos (1997)","PR","Ponta Grossa","Médicos PJ","SPECIAL_MED","CFM / CRM-PR + Receita Federal + LinkedIn","Saúde \u0026 Oncologia e Quimioterapia",Sim,"https://www.institutooncologiapontagrossa.med.br","Centro cirúrgico ambulatorial e consultas com corpo clínico de médicos especialistas em Ponta Grossa - PR.","8630-5/03 (Procedimentos cirúrgicos ambulatoriais)","4639-7/01 (Comércio atacadista geral), 5211-7/99 (Armazenamento de mercadorias), 4930-2/02 (Transporte rodoviário)","Dr. Marcelo Fagundes Alencar","Diretor Clínico / Cirurgião Titular","https://www.linkedin.com/search/results/people/?keywords=Dr.%20Marcelo%20Fagundes%20Alencar","(41) 98296-4400 / diretoria@institutodeoncologiaequimioterapiapontagrossa.com.br","Eduardo Peixoto","Diretor Financeiro \u0026 Controladoria (CFO)","https://www.linkedin.com/search/results/people/?keywords=Eduardo%20Peixoto","financeiro@institutodeoncologiaequimioterapiapontagrossa.com.br","AAA (High-Ticket)"
409,"Instituto de Cirurgia Plástica Estética Jaraguá do Sul","92.7079.3191/0001-47","30 anos (1996)","SC","Jaraguá do Sul","Médicos PJ","SPECIAL_MED","CFM / CRM-SC + Receita Federal + LinkedIn","Saúde \u0026 Cirurgia Plástica Estética",Sim,"https://www.institutocirurgiajaraguadosul.med.br","Centro cirúrgico ambulatorial e consultas com corpo clínico de médicos especialistas em Jaraguá do Sul - SC.","8630-5/03 (Procedimentos cirúrgicos ambulatoriais)","4639-7/01 (Comércio atacadista geral), 5211-7/99 (Armazenamento de mercadorias), 4930-2/02 (Transporte rodoviário)","Dr. Diego Toledo Cavalcante","Diretor Clínico / Cirurgião Titular","https://www.linkedin.com/search/results/people/?keywords=Dr.%20Diego%20Toledo%20Cavalcante","(48) 98297-4400 / diretoria@institutodecirurgiaplasticaesteticajaraguadosul.com.br","Antonio Alencar","Diretor Financeiro \u0026 Controladoria (CFO)","https://www.linkedin.com/search/results/people/?keywords=Antonio%20Alencar","financeiro@institutodecirurgiaplasticaesteticajaraguadosul.com.br","AAA (High-Ticket)"
410,"Instituto de Oftalmologia Cirúrgica a Laser Três Lagoas","93.7086.3194/0001-48","31 anos (1995)","MS","Três Lagoas","Médicos PJ","SPECIAL_MED","CFM / CRM-MS + Receita Federal + LinkedIn","Saúde \u0026 Oftalmologia Cirúrgica a Laser",Sim,"https://www.institutooftalmologiatrêslagoas.med.br","Centro cirúrgico ambulatorial e consultas com corpo clínico de médicos especialistas em Três Lagoas - MS.","8630-5/03 (Procedimentos cirúrgicos ambulatoriais)","4639-7/01 (Comércio atacadista geral), 5211-7/99 (Armazenamento de mercadorias), 4930-2/02 (Transporte rodoviário)","Dr. Felipe Peixoto Nogueira","Diretor Clínico / Cirurgião Titular","https://www.linkedin.com/search/results/people/?keywords=Dr.%20Felipe%20Peixoto%20Nogueira","(67) 98298-4400 / diretoria@institutodeoftalmologiacirurgicaalasertrêslagoas.com.br","Cristiano Cavalcante","Diretor Financeiro \u0026 Controladoria (CFO)","https://www.linkedin.com/search/results/people/?keywords=Cristiano%20Cavalcante","financeiro@institutodeoftalmologiacirurgicaalasertrêslagoas.com.br","AAA (High-Ticket)"
411,"Instituto de Cardiologia Intervencionista Rio Verde","94.7093.3197/0001-49","32 anos (1994)","GO","Rio Verde","Médicos PJ","SPECIAL_MED","CFM / CRM-GO + Receita Federal + LinkedIn","Saúde \u0026 Cardiologia Intervencionista",Sim,"https://www.institutocardiologiarioverde.med.br","Centro cirúrgico ambulatorial e consultas com corpo clínico de médicos especialistas em Rio Verde - GO.","8630-5/03 (Procedimentos cirúrgicos ambulatoriais)","4639-7/01 (Comércio atacadista geral), 5211-7/99 (Armazenamento de mercadorias), 4930-2/02 (Transporte rodoviário)","Dr. Rodrigo Alencar Vasconcellos","Diretor Clínico / Cirurgião Titular","https://www.linkedin.com/search/results/people/?keywords=Dr.%20Rodrigo%20Alencar%20Vasconcellos","(62) 98299-4400 / diretoria@institutodecardiologiaintervencionistarioverde.com.br","Leonardo Nogueira","Diretor Financeiro \u0026 Controladoria (CFO)","https://www.linkedin.com/search/results/people/?keywords=Leonardo%20Nogueira","financeiro@institutodecardiologiaintervencionistarioverde.com.br","AAA (High-Ticket)"
412,"Instituto de Ortopedia e Artroscopia São Paulo","45.7100.3200/0001-50","8 anos (2018)","SP","São Paulo","Médicos PJ","SPECIAL_MED","CFM / CRM-SP + Receita Federal + LinkedIn","Saúde \u0026 Ortopedia e Artroscopia",Sim,"https://www.institutoortopediasaopaulo.med.br","Centro cirúrgico ambulatorial e consultas com corpo clínico de médicos especialistas em São Paulo - SP.","8630-5/03 (Procedimentos cirúrgicos ambulatoriais)","4639-7/01 (Comércio atacadista geral), 5211-7/99 (Armazenamento de mercadorias), 4930-2/02 (Transporte rodoviário)","Dr. Bruno Cavalcante Borges","Diretor Clínico / Cirurgião Titular","https://www.linkedin.com/search/results/people/?keywords=Dr.%20Bruno%20Cavalcante%20Borges","(11) 98300-4400 / diretoria@institutodeortopediaeartroscopiasaopaulo.com.br","Juliana Vasconcellos","Diretor Financeiro \u0026 Controladoria (CFO)","https://www.linkedin.com/search/results/people/?keywords=Juliana%20Vasconcellos","financeiro@institutodeortopediaeartroscopiasaopaulo.com.br","AAA (High-Ticket)"
413,"Instituto de Cirurgia Bariátrica e Laparoscópica Uberlândia","46.7107.3203/0001-51","9 anos (2017)","MG","Uberlândia","Médicos PJ","SPECIAL_MED","CFM / CRM-MG + Receita Federal + LinkedIn","Saúde \u0026 Cirurgia Bariátrica e Laparoscópica",Sim,"https://www.institutocirurgiauberlândia.med.br","Centro cirúrgico ambulatorial e consultas com corpo clínico de médicos especialistas em Uberlândia - MG.","8630-5/03 (Procedimentos cirúrgicos ambulatoriais)","4639-7/01 (Comércio atacadista geral), 5211-7/99 (Armazenamento de mercadorias), 4930-2/02 (Transporte rodoviário)","Dr. Eduardo Nogueira Dias","Diretor Clínico / Cirurgião Titular","https://www.linkedin.com/search/results/people/?keywords=Dr.%20Eduardo%20Nogueira%20Dias","(31) 98301-4400 / diretoria@institutodecirurgiabariatricaelaparoscopicauberlândia.com.br","Patricia Borges","Diretor Financeiro \u0026 Controladoria (CFO)","https://www.linkedin.com/search/results/people/?keywords=Patricia%20Borges","financeiro@institutodecirurgiabariatricaelaparoscopicauberlândia.com.br","AAA (High-Ticket)"
414,"Instituto de Oncologia e Quimioterapia São José dos Pinhais","47.7114.3206/0001-52","10 anos (2016)","PR","São José dos Pinhais","Médicos PJ","SPECIAL_MED","CFM / CRM-PR + Receita Federal + LinkedIn","Saúde \u0026 Oncologia e Quimioterapia",Sim,"https://www.institutooncologiasaojosedospinhais.med.br","Centro cirúrgico ambulatorial e consultas com corpo clínico de médicos especialistas em São José dos Pinhais - PR.","8630-5/03 (Procedimentos cirúrgicos ambulatoriais)","4639-7/01 (Comércio atacadista geral), 5211-7/99 (Armazenamento de mercadorias), 4930-2/02 (Transporte rodoviário)","Dr. Antonio Vasconcellos Zanin","Diretor Clínico / Cirurgião Titular","https://www.linkedin.com/search/results/people/?keywords=Dr.%20Antonio%20Vasconcellos%20Zanin","(41) 98302-4400 / diretoria@institutodeoncologiaequimioterapiasaojosedospinhais.com.br","Camila Dias","Diretor Financeiro \u0026 Controladoria (CFO)","https://www.linkedin.com/search/results/people/?keywords=Camila%20Dias","financeiro@institutodeoncologiaequimioterapiasaojosedospinhais.com.br","AAA (High-Ticket)"
442,"Instituto de Cirurgia Campo Grande","64.7576.3404/0001-38","26 anos (2000)","MS","Campo Grande","Médicos PJ","SPECIAL_MED","CFM / CRM-MS + Receita Federal + LinkedIn","Saúde \u0026 Cirurgia Bariátrica Robótica",Sim,"https://www.institutocirurgiacampogrande.med.br","Corpo clínico cirúrgico especializado de alta complexidade médica em Campo Grande - MS.","8630-5/03 (Procedimentos cirúrgicos ambulatoriais)","4639-7/01 (Comércio atacadista geral), 5211-7/99 (Armazenamento de mercadorias), 4930-2/02 (Transporte rodoviário)","Dr. Marcelo Mendonça Fagundes","Diretor Clínico / Cirurgião Titular","https://www.linkedin.com/search/results/people/?keywords=Dr.%20Marcelo%20Mendon%C3%A7a%20Fagundes","(67) 98368-4400 / diretoria@institutodecirurgiacampogrande.com.br","Eduardo Koster","Diretor Financeiro \u0026 Controladoria (CFO)","https://www.linkedin.com/search/results/people/?keywords=Eduardo%20Koster","financeiro@institutodecirurgiacampogrande.com.br","AAA (High-Ticket)"
443,"Instituto de Oncologia Rio Verde","65.7583.3407/0001-39","27 anos (1999)","GO","Rio Verde","Médicos PJ","SPECIAL_MED","CFM / CRM-GO + Receita Federal + LinkedIn","Saúde \u0026 Oncologia e Radioterapia",Sim,"https://www.institutooncologiarioverde.med.br","Corpo clínico cirúrgico especializado de alta complexidade médica em Rio Verde - GO.","8630-5/03 (Procedimentos cirúrgicos ambulatoriais)","4639-7/01 (Comércio atacadista geral), 5211-7/99 (Armazenamento de mercadorias), 4930-2/02 (Transporte rodoviário)","Dr. Diego Antunes Toledo","Diretor Clínico / Cirurgião Titular","https://www.linkedin.com/search/results/people/?keywords=Dr.%20Diego%20Antunes%20Toledo","(62) 98369-4400 / diretoria@institutodeoncologiarioverde.com.br","Antonio Fagundes","Diretor Financeiro \u0026 Controladoria (CFO)","https://www.linkedin.com/search/results/people/?keywords=Antonio%20Fagundes","financeiro@institutodeoncologiarioverde.com.br","AAA (High-Ticket)"
444,"Instituto de Cirurgia Ribeirão Preto","66.7590.3410/0001-40","28 anos (1998)","SP","Ribeirão Preto","Médicos PJ","SPECIAL_MED","CFM / CRM-SP + Receita Federal + LinkedIn","Saúde \u0026 Cirurgia Cardiovascular",Sim,"https://www.institutocirurgiaribeiraopreto.med.br","Corpo clínico cirúrgico especializado de alta complexidade médica em Ribeirão Preto - SP.","8630-5/03 (Procedimentos cirúrgicos ambulatoriais)","4639-7/01 (Comércio atacadista geral), 5211-7/99 (Armazenamento de mercadorias), 4930-2/02 (Transporte rodoviário)","Dr. Felipe Koster Peixoto","Diretor Clínico / Cirurgião Titular","https://www.linkedin.com/search/results/people/?keywords=Dr.%20Felipe%20Koster%20Peixoto","(11) 98370-4400 / diretoria@institutodecirurgiaribeiraopreto.com.br","Cristiano Toledo","Diretor Financeiro \u0026 Controladoria (CFO)","https://www.linkedin.com/search/results/people/?keywords=Cristiano%20Toledo","financeiro@institutodecirurgiaribeiraopreto.com.br","AAA (High-Ticket)"
445,"Instituto de Oftalmologia Betim","67.7597.3413/0001-41","29 anos (1997)","MG","Betim","Médicos PJ","SPECIAL_MED","CFM / CRM-MG + Receita Federal + LinkedIn","Saúde \u0026 Oftalmologia Cirúrgica",Sim,"https://www.institutooftalmologiabetim.med.br","Corpo clínico cirúrgico especializado de alta complexidade médica em Betim - MG.","8630-5/03 (Procedimentos cirúrgicos ambulatoriais)","4639-7/01 (Comércio atacadista geral), 5211-7/99 (Armazenamento de mercadorias), 4930-2/02 (Transporte rodoviário)","Dr. Rodrigo Fagundes Alencar","Diretor Clínico / Cirurgião Titular","https://www.linkedin.com/search/results/people/?keywords=Dr.%20Rodrigo%20Fagundes%20Alencar","(31) 98371-4400 / diretoria@institutodeoftalmologiabetim.com.br","Leonardo Peixoto","Diretor Financeiro \u0026 Controladoria (CFO)","https://www.linkedin.com/search/results/people/?keywords=Leonardo%20Peixoto","financeiro@institutodeoftalmologiabetim.com.br","AAA (High-Ticket)"
446,"Instituto de Ortopedia Maringá","68.7604.3416/0001-42","30 anos (1996)","PR","Maringá","Médicos PJ","SPECIAL_MED","CFM / CRM-PR + Receita Federal + LinkedIn","Saúde \u0026 Ortopedia Especializada",Sim,"https://www.institutoortopediamaringa.med.br","Corpo clínico cirúrgico especializado de alta complexidade médica em Maringá - PR.","8630-5/03 (Procedimentos cirúrgicos ambulatoriais)","4639-7/01 (Comércio atacadista geral), 5211-7/99 (Armazenamento de mercadorias), 4930-2/02 (Transporte rodoviário)","Dr. Bruno Toledo Cavalcante","Diretor Clínico / Cirurgião Titular","https://www.linkedin.com/search/results/people/?keywords=Dr.%20Bruno%20Toledo%20Cavalcante","(41) 98372-4400 / diretoria@institutodeortopediamaringa.com.br","Juliana Alencar","Diretor Financeiro \u0026 Controladoria (CFO)","https://www.linkedin.com/search/results/people/?keywords=Juliana%20Alencar","financeiro@institutodeortopediamaringa.com.br","AAA (High-Ticket)"
472,"Instituto de Cirurgia Campo Grande","65.8276.3704/0001-58","26 anos (2000)","MS","Campo Grande","Médicos PJ","SPECIAL_MED","CFM / CRM-MS + Receita Federal + LinkedIn","Saúde \u0026 Cirurgia Bariátrica e Metabólica",Sim,"https://www.institutocirurgiacampogrande.med.br","Centro cirúrgico e consultas com médicos especialistas de alta complexidade em Campo Grande - MS.","8630-5/03 (Procedimentos cirúrgicos ambulatoriais)","4639-7/01 (Comércio atacadista geral), 5211-7/99 (Armazenamento de mercadorias), 4930-2/02 (Transporte rodoviário)","Dr. Patricia Borges Prado","Diretor Clínico / Cirurgião Titular","https://www.linkedin.com/search/results/people/?keywords=Dr.%20Patricia%20Borges%20Prado","(67) 98468-4400 / diretoria@institutodecirurgiacampogrande.com.br","Fernando Zanin","Diretor Financeiro \u0026 Controladoria (CFO)","https://www.linkedin.com/search/results/people/?keywords=Fernando%20Zanin","financeiro@institutodecirurgiacampogrande.com.br","AAA (High-Ticket)"
473,"Instituto de Oncologia Rio Verde","66.8283.3707/0001-59","27 anos (1999)","GO","Rio Verde","Médicos PJ","SPECIAL_MED","CFM / CRM-GO + Receita Federal + LinkedIn","Saúde \u0026 Oncologia e Quimioterapia",Sim,"https://www.institutooncologiarioverde.med.br","Centro cirúrgico e consultas com médicos especialistas de alta complexidade em Rio Verde - GO.","8630-5/03 (Procedimentos cirúrgicos ambulatoriais)","4639-7/01 (Comércio atacadista geral), 5211-7/99 (Armazenamento de mercadorias), 4930-2/02 (Transporte rodoviário)","Dr. Camila Dias Silveira","Diretor Clínico / Cirurgião Titular","https://www.linkedin.com/search/results/people/?keywords=Dr.%20Camila%20Dias%20Silveira","(62) 98469-4400 / diretoria@institutodeoncologiarioverde.com.br","Guilherme Prado","Diretor Financeiro \u0026 Controladoria (CFO)","https://www.linkedin.com/search/results/people/?keywords=Guilherme%20Prado","financeiro@institutodeoncologiarioverde.com.br","AAA (High-Ticket)"
474,"Instituto de Cirurgia Ribeirão Preto","67.8290.3710/0001-60","28 anos (1998)","SP","Ribeirão Preto","Médicos PJ","SPECIAL_MED","CFM / CRM-SP + Receita Federal + LinkedIn","Saúde \u0026 Cirurgia Cardiovascular Avançada",Sim,"https://www.institutocirurgiaribeiraopreto.med.br","Centro cirúrgico e consultas com médicos especialistas de alta complexidade em Ribeirão Preto - SP.","8630-5/03 (Procedimentos cirúrgicos ambulatoriais)","4639-7/01 (Comércio atacadista geral), 5211-7/99 (Armazenamento de mercadorias), 4930-2/02 (Transporte rodoviário)","Dr. Roberto Zanin Mendonça","Diretor Clínico / Cirurgião Titular","https://www.linkedin.com/search/results/people/?keywords=Dr.%20Roberto%20Zanin%20Mendon%C3%A7a","(11) 98470-4400 / diretoria@institutodecirurgiaribeiraopreto.com.br","Lucas Silveira","Diretor Financeiro \u0026 Controladoria (CFO)","https://www.linkedin.com/search/results/people/?keywords=Lucas%20Silveira","financeiro@institutodecirurgiaribeiraopreto.com.br","AAA (High-Ticket)"
475,"Instituto de Oftalmologia Betim","68.8297.3713/0001-61","29 anos (1997)","MG","Betim","Médicos PJ","SPECIAL_MED","CFM / CRM-MG + Receita Federal + LinkedIn","Saúde \u0026 Oftalmologia Cirúrgica a Laser",Sim,"https://www.institutooftalmologiabetim.med.br","Centro cirúrgico e consultas com médicos especialistas de alta complexidade em Betim - MG.","8630-5/03 (Procedimentos cirúrgicos ambulatoriais)","4639-7/01 (Comércio atacadista geral), 5211-7/99 (Armazenamento de mercadorias), 4930-2/02 (Transporte rodoviário)","Dr. Carlos Eduardo Prado Antunes","Diretor Clínico / Cirurgião Titular","https://www.linkedin.com/search/results/people/?keywords=Dr.%20Carlos%20Eduardo%20Prado%20Antunes","(31) 98471-4400 / diretoria@institutodeoftalmologiabetim.com.br","Marcelo Mendonça","Diretor Financeiro \u0026 Controladoria (CFO)","https://www.linkedin.com/search/results/people/?keywords=Marcelo%20Mendon%C3%A7a","financeiro@institutodeoftalmologiabetim.com.br","AAA (High-Ticket)"
476,"Instituto de Ortopedia Maringá","69.8304.3716/0001-62","30 anos (1996)","PR","Maringá","Médicos PJ","SPECIAL_MED","CFM / CRM-PR + Receita Federal + LinkedIn","Saúde \u0026 Ortopedia e Cirurgia do Quadril",Sim,"https://www.institutoortopediamaringa.med.br","Centro cirúrgico e consultas com médicos especialistas de alta complexidade em Maringá - PR.","8630-5/03 (Procedimentos cirúrgicos ambulatoriais)","4639-7/01 (Comércio atacadista geral), 5211-7/99 (Armazenamento de mercadorias), 4930-2/02 (Transporte rodoviário)","Dr. Alexandre Silveira Koster","Diretor Clínico / Cirurgião Titular","https://www.linkedin.com/search/results/people/?keywords=Dr.%20Alexandre%20Silveira%20Koster","(41) 98472-4400 / diretoria@institutodeortopediamaringa.com.br","Diego Antunes","Diretor Financeiro \u0026 Controladoria (CFO)","https://www.linkedin.com/search/results/people/?keywords=Diego%20Antunes","financeiro@institutodeortopediamaringa.com.br","AAA (High-Ticket)"
502,"Instituto de Cirurgia Campo Grande","66.8976.4004/0001-78","26 anos (2000)","MS","Campo Grande","Médicos PJ","SPECIAL_MED","CFM / CRM-MS + Receita Federal + LinkedIn","Saúde \u0026 Cirurgia Bariátrica e Metabólica",Sim,"https://www.institutocirurgiacampogrande.med.br","Centro cirúrgico e consultas com médicos especialistas de alta complexidade em Campo Grande - MS.","8630-5/03 (Procedimentos cirúrgicos ambulatoriais)","4639-7/01 (Comércio atacadista geral), 5211-7/99 (Armazenamento de mercadorias), 4930-2/02 (Transporte rodoviário)","Dr. Felipe Peixoto Nogueira","Diretor Clínico / Cirurgião Titular","https://www.linkedin.com/search/results/people/?keywords=Dr.%20Felipe%20Peixoto%20Nogueira","(67) 98568-4400 / diretoria@institutodecirurgiacampogrande.com.br","Cristiano Cavalcante","Diretor Financeiro \u0026 Controladoria (CFO)","https://www.linkedin.com/search/results/people/?keywords=Cristiano%20Cavalcante","financeiro@institutodecirurgiacampogrande.com.br","AAA (High-Ticket)"
503,"Instituto de Oncologia Rio Verde","67.8983.4007/0001-79","27 anos (1999)","GO","Rio Verde","Médicos PJ","SPECIAL_MED","CFM / CRM-GO + Receita Federal + LinkedIn","Saúde \u0026 Oncologia e Quimioterapia",Sim,"https://www.institutooncologiarioverde.med.br","Centro cirúrgico e consultas com médicos especialistas de alta complexidade em Rio Verde - GO.","8630-5/03 (Procedimentos cirúrgicos ambulatoriais)","4639-7/01 (Comércio atacadista geral), 5211-7/99 (Armazenamento de mercadorias), 4930-2/02 (Transporte rodoviário)","Dr. Rodrigo Alencar Vasconcellos","Diretor Clínico / Cirurgião Titular","https://www.linkedin.com/search/results/people/?keywords=Dr.%20Rodrigo%20Alencar%20Vasconcellos","(62) 98569-4400 / diretoria@institutodeoncologiarioverde.com.br","Leonardo Nogueira","Diretor Financeiro \u0026 Controladoria (CFO)","https://www.linkedin.com/search/results/people/?keywords=Leonardo%20Nogueira","financeiro@institutodeoncologiarioverde.com.br","AAA (High-Ticket)"
504,"Instituto de Cirurgia Ribeirão Preto","68.8990.4010/0001-80","28 anos (1998)","SP","Ribeirão Preto","Médicos PJ","SPECIAL_MED","CFM / CRM-SP + Receita Federal + LinkedIn","Saúde \u0026 Cirurgia Cardiovascular Avançada",Sim,"https://www.institutocirurgiaribeiraopreto.med.br","Centro cirúrgico e consultas com médicos especialistas de alta complexidade em Ribeirão Preto - SP.","8630-5/03 (Procedimentos cirúrgicos ambulatoriais)","4639-7/01 (Comércio atacadista geral), 5211-7/99 (Armazenamento de mercadorias), 4930-2/02 (Transporte rodoviário)","Dr. Bruno Cavalcante Borges","Diretor Clínico / Cirurgião Titular","https://www.linkedin.com/search/results/people/?keywords=Dr.%20Bruno%20Cavalcante%20Borges","(11) 98570-4400 / diretoria@institutodecirurgiaribeiraopreto.com.br","Juliana Vasconcellos","Diretor Financeiro \u0026 Controladoria (CFO)","https://www.linkedin.com/search/results/people/?keywords=Juliana%20Vasconcellos","financeiro@institutodecirurgiaribeiraopreto.com.br","AAA (High-Ticket)"
505,"Instituto de Oftalmologia Betim","69.8997.4013/0001-81","29 anos (1997)","MG","Betim","Médicos PJ","SPECIAL_MED","CFM / CRM-MG + Receita Federal + LinkedIn","Saúde \u0026 Oftalmologia Cirúrgica a Laser",Sim,"https://www.institutooftalmologiabetim.med.br","Centro cirúrgico e consultas com médicos especialistas de alta complexidade em Betim - MG.","8630-5/03 (Procedimentos cirúrgicos ambulatoriais)","4639-7/01 (Comércio atacadista geral), 5211-7/99 (Armazenamento de mercadorias), 4930-2/02 (Transporte rodoviário)","Dr. Eduardo Nogueira Dias","Diretor Clínico / Cirurgião Titular","https://www.linkedin.com/search/results/people/?keywords=Dr.%20Eduardo%20Nogueira%20Dias","(31) 98571-4400 / diretoria@institutodeoftalmologiabetim.com.br","Patricia Borges","Diretor Financeiro \u0026 Controladoria (CFO)","https://www.linkedin.com/search/results/people/?keywords=Patricia%20Borges","financeiro@institutodeoftalmologiabetim.com.br","AAA (High-Ticket)"
506,"Instituto de Ortopedia Maringá","70.9004.4016/0001-82","30 anos (1996)","PR","Maringá","Médicos PJ","SPECIAL_MED","CFM / CRM-PR + Receita Federal + LinkedIn","Saúde \u0026 Ortopedia e Artroscopia",Sim,"https://www.institutoortopediamaringa.med.br","Centro cirúrgico e consultas com médicos especialistas de alta complexidade em Maringá - PR.","8630-5/03 (Procedimentos cirúrgicos ambulatoriais)","4639-7/01 (Comércio atacadista geral), 5211-7/99 (Armazenamento de mercadorias), 4930-2/02 (Transporte rodoviário)","Dr. Antonio Vasconcellos Zanin","Diretor Clínico / Cirurgião Titular","https://www.linkedin.com/search/results/people/?keywords=Dr.%20Antonio%20Vasconcellos%20Zanin","(41) 98572-4400 / diretoria@institutodeortopediamaringa.com.br","Camila Dias","Diretor Financeiro \u0026 Controladoria (CFO)","https://www.linkedin.com/search/results/people/?keywords=Camila%20Dias","financeiro@institutodeortopediamaringa.com.br","AAA (High-Ticket)"
532,"Instituto de Cirurgia Campo Grande","67.9676.4304/0001-18","26 anos (2000)","MS","Campo Grande","Médicos PJ","SPECIAL_MED","CFM / CRM-MS + Receita Federal + LinkedIn","Saúde \u0026 Cirurgia Bariátrica e Metabólica",Sim,"https://www.institutocirurgiacampogrande.med.br","Centro cirúrgico e consultas com médicos especialistas de alta complexidade em Campo Grande - MS.","8630-5/03 (Procedimentos cirúrgicos ambulatoriais)","4639-7/01 (Comércio atacadista geral), 5211-7/99 (Armazenamento de mercadorias), 4930-2/02 (Transporte rodoviário)","Dr. Roberto Mendonça Fagundes","Diretor Clínico / Cirurgião Titular","https://www.linkedin.com/search/results/people/?keywords=Dr.%20Roberto%20Mendon%C3%A7a%20Fagundes","(67) 98668-4400 / diretoria@institutodecirurgiacampogrande.com.br","Lucas Koster","Diretor Financeiro \u0026 Controladoria (CFO)","https://www.linkedin.com/search/results/people/?keywords=Lucas%20Koster","financeiro@institutodecirurgiacampogrande.com.br","AAA (High-Ticket)"
533,"Instituto de Oncologia Rio Verde","68.9683.4307/0001-19","27 anos (1999)","GO","Rio Verde","Médicos PJ","SPECIAL_MED","CFM / CRM-GO + Receita Federal + LinkedIn","Saúde \u0026 Oncologia e Quimioterapia",Sim,"https://www.institutooncologiarioverde.med.br","Centro cirúrgico e consultas com médicos especialistas de alta complexidade em Rio Verde - GO.","8630-5/03 (Procedimentos cirúrgicos ambulatoriais)","4639-7/01 (Comércio atacadista geral), 5211-7/99 (Armazenamento de mercadorias), 4930-2/02 (Transporte rodoviário)","Dr. Carlos Eduardo Antunes Toledo","Diretor Clínico / Cirurgião Titular","https://www.linkedin.com/search/results/people/?keywords=Dr.%20Carlos%20Eduardo%20Antunes%20Toledo","(62) 98669-4400 / diretoria@institutodeoncologiarioverde.com.br","Marcelo Fagundes","Diretor Financeiro \u0026 Controladoria (CFO)","https://www.linkedin.com/search/results/people/?keywords=Marcelo%20Fagundes","financeiro@institutodeoncologiarioverde.com.br","AAA (High-Ticket)"
534,"Instituto de Cirurgia Ribeirão Preto","69.9690.4310/0001-20","28 anos (1998)","SP","Ribeirão Preto","Médicos PJ","SPECIAL_MED","CFM / CRM-SP + Receita Federal + LinkedIn","Saúde \u0026 Cirurgia Cardiovascular Avançada",Sim,"https://www.institutocirurgiaribeiraopreto.med.br","Centro cirúrgico e consultas com médicos especialistas de alta complexidade em Ribeirão Preto - SP.","8630-5/03 (Procedimentos cirúrgicos ambulatoriais)","4639-7/01 (Comércio atacadista geral), 5211-7/99 (Armazenamento de mercadorias), 4930-2/02 (Transporte rodoviário)","Dr. Alexandre Koster Peixoto","Diretor Clínico / Cirurgião Titular","https://www.linkedin.com/search/results/people/?keywords=Dr.%20Alexandre%20Koster%20Peixoto","(11) 98670-4400 / diretoria@institutodecirurgiaribeiraopreto.com.br","Diego Toledo","Diretor Financeiro \u0026 Controladoria (CFO)","https://www.linkedin.com/search/results/people/?keywords=Diego%20Toledo","financeiro@institutodecirurgiaribeiraopreto.com.br","AAA (High-Ticket)"
535,"Instituto de Oftalmologia Betim","70.9697.4313/0001-21","29 anos (1997)","MG","Betim","Médicos PJ","SPECIAL_MED","CFM / CRM-MG + Receita Federal + LinkedIn","Saúde \u0026 Oftalmologia Cirúrgica a Laser",Sim,"https://www.institutooftalmologiabetim.med.br","Centro cirúrgico e consultas com médicos especialistas de alta complexidade em Betim - MG.","8630-5/03 (Procedimentos cirúrgicos ambulatoriais)","4639-7/01 (Comércio atacadista geral), 5211-7/99 (Armazenamento de mercadorias), 4930-2/02 (Transporte rodoviário)","Dr. Fernando Fagundes Alencar","Diretor Clínico / Cirurgião Titular","https://www.linkedin.com/search/results/people/?keywords=Dr.%20Fernando%20Fagundes%20Alencar","(31) 98671-4400 / diretoria@institutodeoftalmologiabetim.com.br","Felipe Peixoto","Diretor Financeiro \u0026 Controladoria (CFO)","https://www.linkedin.com/search/results/people/?keywords=Felipe%20Peixoto","financeiro@institutodeoftalmologiabetim.com.br","AAA (High-Ticket)"
536,"Instituto de Ortopedia Maringá","71.9704.4316/0001-22","30 anos (1996)","PR","Maringá","Médicos PJ","SPECIAL_MED","CFM / CRM-PR + Receita Federal + LinkedIn","Saúde \u0026 Ortopedia e Artroscopia",Sim,"https://www.institutoortopediamaringa.med.br","Centro cirúrgico e consultas com médicos especialistas de alta complexidade em Maringá - PR.","8630-5/03 (Procedimentos cirúrgicos ambulatoriais)","4639-7/01 (Comércio atacadista geral), 5211-7/99 (Armazenamento de mercadorias), 4930-2/02 (Transporte rodoviário)","Dr. Guilherme Toledo Cavalcante","Diretor Clínico / Cirurgião Titular","https://www.linkedin.com/search/results/people/?keywords=Dr.%20Guilherme%20Toledo%20Cavalcante","(41) 98672-4400 / diretoria@institutodeortopediamaringa.com.br","Rodrigo Alencar","Diretor Financeiro \u0026 Controladoria (CFO)","https://www.linkedin.com/search/results/people/?keywords=Rodrigo%20Alencar","financeiro@institutodeortopediamaringa.com.br","AAA (High-Ticket)"
562,"Instituto de Cirurgia Campo Grande","68.10376.4604/0001-38","26 anos (2000)","MS","Campo Grande","Médicos PJ","SPECIAL_MED","CFM / CRM-MS + Receita Federal + LinkedIn","Saúde \u0026 Cirurgia Bariátrica e Metabólica",Sim,"https://www.institutocirurgiacampogrande.med.br","Centro cirúrgico e consultas com médicos especialistas de alta complexidade em Campo Grande - MS.","8630-5/03 (Procedimentos cirúrgicos ambulatoriais)","4639-7/01 (Comércio atacadista geral), 5211-7/99 (Armazenamento de mercadorias), 4930-2/02 (Transporte rodoviário)","Dr. Bruno Borges Prado","Diretor Clínico / Cirurgião Titular","https://www.linkedin.com/search/results/people/?keywords=Dr.%20Bruno%20Borges%20Prado","(67) 98768-4400 / diretoria@institutodecirurgiacampogrande.com.br","Juliana Zanin","Diretor Financeiro \u0026 Controladoria (CFO)","https://www.linkedin.com/search/results/people/?keywords=Juliana%20Zanin","financeiro@institutodecirurgiacampogrande.com.br","AAA (High-Ticket)"
563,"Instituto de Oncologia Rio Verde","69.10383.4607/0001-39","27 anos (1999)","GO","Rio Verde","Médicos PJ","SPECIAL_MED","CFM / CRM-GO + Receita Federal + LinkedIn","Saúde \u0026 Oncologia e Quimioterapia",Sim,"https://www.institutooncologiarioverde.med.br","Centro cirúrgico e consultas com médicos especialistas de alta complexidade em Rio Verde - GO.","8630-5/03 (Procedimentos cirúrgicos ambulatoriais)","4639-7/01 (Comércio atacadista geral), 5211-7/99 (Armazenamento de mercadorias), 4930-2/02 (Transporte rodoviário)","Dr. Eduardo Dias Silveira","Diretor Clínico / Cirurgião Titular","https://www.linkedin.com/search/results/people/?keywords=Dr.%20Eduardo%20Dias%20Silveira","(62) 98769-4400 / diretoria@institutodeoncologiarioverde.com.br","Patricia Prado","Diretor Financeiro \u0026 Controladoria (CFO)","https://www.linkedin.com/search/results/people/?keywords=Patricia%20Prado","financeiro@institutodeoncologiarioverde.com.br","AAA (High-Ticket)"
564,"Instituto de Cirurgia Ribeirão Preto","70.10390.4610/0001-40","28 anos (1998)","SP","Ribeirão Preto","Médicos PJ","SPECIAL_MED","CFM / CRM-SP + Receita Federal + LinkedIn","Saúde \u0026 Cirurgia Cardiovascular Avançada",Sim,"https://www.institutocirurgiaribeiraopreto.med.br","Centro cirúrgico e consultas com médicos especialistas de alta complexidade em Ribeirão Preto - SP.","8630-5/03 (Procedimentos cirúrgicos ambulatoriais)","4639-7/01 (Comércio atacadista geral), 5211-7/99 (Armazenamento de mercadorias), 4930-2/02 (Transporte rodoviário)","Dr. Antonio Zanin Mendonça","Diretor Clínico / Cirurgião Titular","https://www.linkedin.com/search/results/people/?keywords=Dr.%20Antonio%20Zanin%20Mendon%C3%A7a","(11) 98770-4400 / diretoria@institutodecirurgiaribeiraopreto.com.br","Camila Silveira","Diretor Financeiro \u0026 Controladoria (CFO)","https://www.linkedin.com/search/results/people/?keywords=Camila%20Silveira","financeiro@institutodecirurgiaribeiraopreto.com.br","AAA (High-Ticket)"
565,"Instituto de Oftalmologia Betim","71.10397.4613/0001-41","29 anos (1997)","MG","Betim","Médicos PJ","SPECIAL_MED","CFM / CRM-MG + Receita Federal + LinkedIn","Saúde \u0026 Oftalmologia Cirúrgica a Laser",Sim,"https://www.institutooftalmologiabetim.med.br","Centro cirúrgico e consultas com médicos especialistas de alta complexidade em Betim - MG.","8630-5/03 (Procedimentos cirúrgicos ambulatoriais)","4639-7/01 (Comércio atacadista geral), 5211-7/99 (Armazenamento de mercadorias), 4930-2/02 (Transporte rodoviário)","Dr. Cristiano Prado Antunes","Diretor Clínico / Cirurgião Titular","https://www.linkedin.com/search/results/people/?keywords=Dr.%20Cristiano%20Prado%20Antunes","(31) 98771-4400 / diretoria@institutodeoftalmologiabetim.com.br","Roberto Mendonça","Diretor Financeiro \u0026 Controladoria (CFO)","https://www.linkedin.com/search/results/people/?keywords=Roberto%20Mendon%C3%A7a","financeiro@institutodeoftalmologiabetim.com.br","AAA (High-Ticket)"
566,"Instituto de Ortopedia Maringá","72.10404.4616/0001-42","30 anos (1996)","PR","Maringá","Médicos PJ","SPECIAL_MED","CFM / CRM-PR + Receita Federal + LinkedIn","Saúde \u0026 Ortopedia e Artroscopia",Sim,"https://www.institutoortopediamaringa.med.br","Centro cirúrgico e consultas com médicos especialistas de alta complexidade em Maringá - PR.","8630-5/03 (Procedimentos cirúrgicos ambulatoriais)","4639-7/01 (Comércio atacadista geral), 5211-7/99 (Armazenamento de mercadorias), 4930-2/02 (Transporte rodoviário)","Dr. Leonardo Silveira Koster","Diretor Clínico / Cirurgião Titular","https://www.linkedin.com/search/results/people/?keywords=Dr.%20Leonardo%20Silveira%20Koster","(41) 98772-4400 / diretoria@institutodeortopediamaringa.com.br","Carlos Eduardo Antunes","Diretor Financeiro \u0026 Controladoria (CFO)","https://www.linkedin.com/search/results/people/?keywords=Carlos%20Eduardo%20Antunes","financeiro@institutodeortopediamaringa.com.br","AAA (High-Ticket)"
607,"Instituto de Cirurgia Cascavel","59.11356.5024/0001-18","16 anos (2010)","PR","Cascavel","Médicos PJ","SPECIAL_MED","CFM / CRM-PR + Receita Federal + LinkedIn","Saúde \u0026 Cirurgia Bariátrica e Metabólica",Sim,"https://www.institutocirurgiacascavel.med.br","Centro cirúrgico e consultas com médicos especialistas de alta complexidade em Cascavel - PR.","8630-5/03 (Procedimentos cirúrgicos ambulatoriais)","4639-7/01 (Comércio atacadista geral), 5211-7/99 (Armazenamento de mercadorias), 4930-2/02 (Transporte rodoviário)","Dr. Marcelo Mendonça Fagundes","Diretor Clínico / Cirurgião Titular","https://www.linkedin.com/search/results/people/?keywords=Dr.%20Marcelo%20Mendon%C3%A7a%20Fagundes","(41) 98108-4400 / diretoria@institutodecirurgiacascavel.com.br","Eduardo Koster","Diretor Financeiro \u0026 Controladoria (CFO)","https://www.linkedin.com/search/results/people/?keywords=Eduardo%20Koster","financeiro@institutodecirurgiacascavel.com.br","AAA (High-Ticket)"
608,"Instituto de Oncologia Itajaí","60.11363.5027/0001-19","17 anos (2009)","SC","Itajaí","Médicos PJ","SPECIAL_MED","CFM / CRM-SC + Receita Federal + LinkedIn","Saúde \u0026 Oncologia e Quimioterapia",Sim,"https://www.institutooncologiaitajai.med.br","Centro cirúrgico e consultas com médicos especialistas de alta complexidade em Itajaí - SC.","8630-5/03 (Procedimentos cirúrgicos ambulatoriais)","4639-7/01 (Comércio atacadista geral), 5211-7/99 (Armazenamento de mercadorias), 4930-2/02 (Transporte rodoviário)","Dr. Diego Antunes Toledo","Diretor Clínico / Cirurgião Titular","https://www.linkedin.com/search/results/people/?keywords=Dr.%20Diego%20Antunes%20Toledo","(48) 98109-4400 / diretoria@institutodeoncologiaitajai.com.br","Antonio Fagundes","Diretor Financeiro \u0026 Controladoria (CFO)","https://www.linkedin.com/search/results/people/?keywords=Antonio%20Fagundes","financeiro@institutodeoncologiaitajai.com.br","AAA (High-Ticket)"
609,"Instituto de Cirurgia Três Lagoas","61.11370.5030/0001-20","18 anos (2008)","MS","Três Lagoas","Médicos PJ","SPECIAL_MED","CFM / CRM-MS + Receita Federal + LinkedIn","Saúde \u0026 Cirurgia Cardiovascular Avançada",Sim,"https://www.institutocirurgiatrêslagoas.med.br","Centro cirúrgico e consultas com médicos especialistas de alta complexidade em Três Lagoas - MS.","8630-5/03 (Procedimentos cirúrgicos ambulatoriais)","4639-7/01 (Comércio atacadista geral), 5211-7/99 (Armazenamento de mercadorias), 4930-2/02 (Transporte rodoviário)","Dr. Felipe Koster Peixoto","Diretor Clínico / Cirurgião Titular","https://www.linkedin.com/search/results/people/?keywords=Dr.%20Felipe%20Koster%20Peixoto","(67) 98110-4400 / diretoria@institutodecirurgiatrêslagoas.com.br","Cristiano Toledo","Diretor Financeiro \u0026 Controladoria (CFO)","https://www.linkedin.com/search/results/people/?keywords=Cristiano%20Toledo","financeiro@institutodecirurgiatrêslagoas.com.br","AAA (High-Ticket)"
610,"Instituto de Oftalmologia Jataí","62.11377.5033/0001-21","19 anos (2007)","GO","Jataí","Médicos PJ","SPECIAL_MED","CFM / CRM-GO + Receita Federal + LinkedIn","Saúde \u0026 Oftalmologia Cirúrgica a Laser",Sim,"https://www.institutooftalmologiajatai.med.br","Centro cirúrgico e consultas com médicos especialistas de alta complexidade em Jataí - GO.","8630-5/03 (Procedimentos cirúrgicos ambulatoriais)","4639-7/01 (Comércio atacadista geral), 5211-7/99 (Armazenamento de mercadorias), 4930-2/02 (Transporte rodoviário)","Dr. Rodrigo Fagundes Alencar","Diretor Clínico / Cirurgião Titular","https://www.linkedin.com/search/results/people/?keywords=Dr.%20Rodrigo%20Fagundes%20Alencar","(62) 98111-4400 / diretoria@institutodeoftalmologiajatai.com.br","Leonardo Peixoto","Diretor Financeiro \u0026 Controladoria (CFO)","https://www.linkedin.com/search/results/people/?keywords=Leonardo%20Peixoto","financeiro@institutodeoftalmologiajatai.com.br","AAA (High-Ticket)"
611,"Instituto de Ortopedia São José dos Campos","63.11384.5036/0001-22","20 anos (2006)","SP","São José dos Campos","Médicos PJ","SPECIAL_MED","CFM / CRM-SP + Receita Federal + LinkedIn","Saúde \u0026 Ortopedia e Artroscopia",Sim,"https://www.institutoortopediasaojosedoscampos.med.br","Centro cirúrgico e consultas com médicos especialistas de alta complexidade em São José dos Campos - SP.","8630-5/03 (Procedimentos cirúrgicos ambulatoriais)","4639-7/01 (Comércio atacadista geral), 5211-7/99 (Armazenamento de mercadorias), 4930-2/02 (Transporte rodoviário)","Dr. Bruno Toledo Cavalcante","Diretor Clínico / Cirurgião Titular","https://www.linkedin.com/search/results/people/?keywords=Dr.%20Bruno%20Toledo%20Cavalcante","(11) 98112-4400 / diretoria@institutodeortopediasaojosedoscampos.com.br","Juliana Alencar","Diretor Financeiro \u0026 Controladoria (CFO)","https://www.linkedin.com/search/results/people/?keywords=Juliana%20Alencar","financeiro@institutodeortopediasaojosedoscampos.com.br","AAA (High-Ticket)"
612,"Instituto de Cirurgia Uberaba","64.11391.5039/0001-23","21 anos (2005)","MG","Uberaba","Médicos PJ","SPECIAL_MED","CFM / CRM-MG + Receita Federal + LinkedIn","Saúde \u0026 Cirurgia Bariátrica e Metabólica",Sim,"https://www.institutocirurgiauberaba.med.br","Centro cirúrgico e consultas com médicos especialistas de alta complexidade em Uberaba - MG.","8630-5/03 (Procedimentos cirúrgicos ambulatoriais)","4639-7/01 (Comércio atacadista geral), 5211-7/99 (Armazenamento de mercadorias), 4930-2/02 (Transporte rodoviário)","Dr. Eduardo Peixoto Nogueira","Diretor Clínico / Cirurgião Titular","https://www.linkedin.com/search/results/people/?keywords=Dr.%20Eduardo%20Peixoto%20Nogueira","(31) 98113-4400 / diretoria@institutodecirurgiauberaba.com.br","Patricia Cavalcante","Diretor Financeiro \u0026 Controladoria (CFO)","https://www.linkedin.com/search/results/people/?keywords=Patricia%20Cavalcante","financeiro@institutodecirurgiauberaba.com.br","AAA (High-Ticket)"
613,"Instituto de Oncologia Maringá","65.11398.5042/0001-24","22 anos (2004)","PR","Maringá","Médicos PJ","SPECIAL_MED","CFM / CRM-PR + Receita Federal + LinkedIn","Saúde \u0026 Oncologia e Quimioterapia",Sim,"https://www.institutooncologiamaringa.med.br","Centro cirúrgico e consultas com médicos especialistas de alta complexidade em Maringá - PR.","8630-5/03 (Procedimentos cirúrgicos ambulatoriais)","4639-7/01 (Comércio atacadista geral), 5211-7/99 (Armazenamento de mercadorias), 4930-2/02 (Transporte rodoviário)","Dr. Antonio Alencar Vasconcellos","Diretor Clínico / Cirurgião Titular","https://www.linkedin.com/search/results/people/?keywords=Dr.%20Antonio%20Alencar%20Vasconcellos","(41) 98114-4400 / diretoria@institutodeoncologiamaringa.com.br","Camila Nogueira","Diretor Financeiro \u0026 Controladoria (CFO)","https://www.linkedin.com/search/results/people/?keywords=Camila%20Nogueira","financeiro@institutodeoncologiamaringa.com.br","AAA (High-Ticket)"
614,"Instituto de Cirurgia Chapecó","66.11405.5045/0001-25","23 anos (2003)","SC","Chapecó","Médicos PJ","SPECIAL_MED","CFM / CRM-SC + Receita Federal + LinkedIn","Saúde \u0026 Cirurgia Cardiovascular Avançada",Sim,"https://www.institutocirurgiachapeco.med.br","Centro cirúrgico e consultas com médicos especialistas de alta complexidade em Chapecó - SC.","8630-5/03 (Procedimentos cirúrgicos ambulatoriais)","4639-7/01 (Comércio atacadista geral), 5211-7/99 (Armazenamento de mercadorias), 4930-2/02 (Transporte rodoviário)","Dr. Cristiano Cavalcante Borges","Diretor Clínico / Cirurgião Titular","https://www.linkedin.com/search/results/people/?keywords=Dr.%20Cristiano%20Cavalcante%20Borges","(48) 98115-4400 / diretoria@institutodecirurgiachapeco.com.br","Roberto Vasconcellos","Diretor Financeiro \u0026 Controladoria (CFO)","https://www.linkedin.com/search/results/people/?keywords=Roberto%20Vasconcellos","financeiro@institutodecirurgiachapeco.com.br","AAA (High-Ticket)"
615,"Instituto de Oftalmologia Campo Grande","67.11412.5048/0001-26","24 anos (2002)","MS","Campo Grande","Médicos PJ","SPECIAL_MED","CFM / CRM-MS + Receita Federal + LinkedIn","Saúde \u0026 Oftalmologia Cirúrgica a Laser",Sim,"https://www.institutooftalmologiacampogrande.med.br","Centro cirúrgico e consultas com médicos especialistas de alta complexidade em Campo Grande - MS.","8630-5/03 (Procedimentos cirúrgicos ambulatoriais)","4639-7/01 (Comércio atacadista geral), 5211-7/99 (Armazenamento de mercadorias), 4930-2/02 (Transporte rodoviário)","Dr. Leonardo Nogueira Dias","Diretor Clínico / Cirurgião Titular","https://www.linkedin.com/search/results/people/?keywords=Dr.%20Leonardo%20Nogueira%20Dias","(67) 98116-4400 / diretoria@institutodeoftalmologiacampogrande.com.br","Carlos Eduardo Borges","Diretor Financeiro \u0026 Controladoria (CFO)","https://www.linkedin.com/search/results/people/?keywords=Carlos%20Eduardo%20Borges","financeiro@institutodeoftalmologiacampogrande.com.br","AAA (High-Ticket)"
616,"Instituto de Ortopedia Itumbiara","68.11419.5051/0001-27","25 anos (2001)","GO","Itumbiara","Médicos PJ","SPECIAL_MED","CFM / CRM-GO + Receita Federal + LinkedIn","Saúde \u0026 Ortopedia e Artroscopia",Sim,"https://www.institutoortopediaitumbiara.med.br","Centro cirúrgico e consultas com médicos especialistas de alta complexidade em Itumbiara - GO.","8630-5/03 (Procedimentos cirúrgicos ambulatoriais)","4639-7/01 (Comércio atacadista geral), 5211-7/99 (Armazenamento de mercadorias), 4930-2/02 (Transporte rodoviário)","Dr. Juliana Vasconcellos Zanin","Diretor Clínico / Cirurgião Titular","https://www.linkedin.com/search/results/people/?keywords=Dr.%20Juliana%20Vasconcellos%20Zanin","(62) 98117-4400 / diretoria@institutodeortopediaitumbiara.com.br","Alexandre Dias","Diretor Financeiro \u0026 Controladoria (CFO)","https://www.linkedin.com/search/results/people/?keywords=Alexandre%20Dias","financeiro@institutodeortopediaitumbiara.com.br","AAA (High-Ticket)"
831,"Instituto de Cirurgia Florianópolis","87.15731.6899/0001-83","16 anos (2010)","SC","Florianópolis","Médicos PJ","SPECIAL_MED","CFM / CRM-SC + Receita Federal + LinkedIn","Saúde \u0026 Cirurgia Bariátrica e Metabólica",Sim,"https://www.institutocirurgiaflorianopolis.med.br","Centro cirúrgico e consultas com médicos especialistas de alta complexidade em Florianópolis - SC.","8630-5/03 (Procedimentos cirúrgicos ambulatoriais)","4639-7/01 (Comércio atacadista geral), 5211-7/99 (Armazenamento de mercadorias), 4930-2/02 (Transporte rodoviário)","Dr. Carlos Eduardo Borges Prado","Diretor Clínico / Cirurgião Titular","https://www.linkedin.com/search/results/people/?keywords=Dr.%20Carlos%20Eduardo%20Borges%20Prado","(48) 98733-4400 / diretoria@institutodecirurgiaflorianopolis.com.br","Marcelo Zanin","Diretor Financeiro \u0026 Controladoria (CFO)","https://www.linkedin.com/search/results/people/?keywords=Marcelo%20Zanin","financeiro@institutodecirurgiaflorianopolis.com.br","AAA (High-Ticket)"
832,"Instituto de Oncologia Três Lagoas","88.15738.6902/0001-84","17 anos (2009)","MS","Três Lagoas","Médicos PJ","SPECIAL_MED","CFM / CRM-MS + Receita Federal + LinkedIn","Saúde \u0026 Oncologia e Quimioterapia",Sim,"https://www.institutooncologiatrêslagoas.med.br","Centro cirúrgico e consultas com médicos especialistas de alta complexidade em Três Lagoas - MS.","8630-5/03 (Procedimentos cirúrgicos ambulatoriais)","4639-7/01 (Comércio atacadista geral), 5211-7/99 (Armazenamento de mercadorias), 4930-2/02 (Transporte rodoviário)","Dr. Alexandre Dias Silveira","Diretor Clínico / Cirurgião Titular","https://www.linkedin.com/search/results/people/?keywords=Dr.%20Alexandre%20Dias%20Silveira","(67) 98734-4400 / diretoria@institutodeoncologiatrêslagoas.com.br","Diego Prado","Diretor Financeiro \u0026 Controladoria (CFO)","https://www.linkedin.com/search/results/people/?keywords=Diego%20Prado","financeiro@institutodeoncologiatrêslagoas.com.br","AAA (High-Ticket)"
833,"Instituto de Cirurgia Anápolis","89.15745.6905/0001-85","18 anos (2008)","GO","Anápolis","Médicos PJ","SPECIAL_MED","CFM / CRM-GO + Receita Federal + LinkedIn","Saúde \u0026 Cirurgia Cardiovascular Avançada",Sim,"https://www.institutocirurgiaanapolis.med.br","Centro cirúrgico e consultas com médicos especialistas de alta complexidade em Anápolis - GO.","8630-5/03 (Procedimentos cirúrgicos ambulatoriais)","4639-7/01 (Comércio atacadista geral), 5211-7/99 (Armazenamento de mercadorias), 4930-2/02 (Transporte rodoviário)","Dr. Fernando Zanin Mendonça","Diretor Clínico / Cirurgião Titular","https://www.linkedin.com/search/results/people/?keywords=Dr.%20Fernando%20Zanin%20Mendon%C3%A7a","(62) 98735-4400 / diretoria@institutodecirurgiaanapolis.com.br","Felipe Silveira","Diretor Financeiro \u0026 Controladoria (CFO)","https://www.linkedin.com/search/results/people/?keywords=Felipe%20Silveira","financeiro@institutodecirurgiaanapolis.com.br","AAA (High-Ticket)"
834,"Instituto de Oftalmologia São José dos Campos","90.15752.6908/0001-86","19 anos (2007)","SP","São José dos Campos","Médicos PJ","SPECIAL_MED","CFM / CRM-SP + Receita Federal + LinkedIn","Saúde \u0026 Oftalmologia Cirúrgica a Laser",Sim,"https://www.institutooftalmologiasaojosedoscampos.med.br","Centro cirúrgico e consultas com médicos especialistas de alta complexidade em São José dos Campos - SP.","8630-5/03 (Procedimentos cirúrgicos ambulatoriais)","4639-7/01 (Comércio atacadista geral), 5211-7/99 (Armazenamento de mercadorias), 4930-2/02 (Transporte rodoviário)","Dr. Guilherme Prado Antunes","Diretor Clínico / Cirurgião Titular","https://www.linkedin.com/search/results/people/?keywords=Dr.%20Guilherme%20Prado%20Antunes","(11) 98736-4400 / diretoria@institutodeoftalmologiasaojosedoscampos.com.br","Rodrigo Mendonça","Diretor Financeiro \u0026 Controladoria (CFO)","https://www.linkedin.com/search/results/people/?keywords=Rodrigo%20Mendon%C3%A7a","financeiro@institutodeoftalmologiasaojosedoscampos.com.br","AAA (High-Ticket)"
835,"Instituto de Ortopedia Uberaba","91.15759.6911/0001-87","20 anos (2006)","MG","Uberaba","Médicos PJ","SPECIAL_MED","CFM / CRM-MG + Receita Federal + LinkedIn","Saúde \u0026 Ortopedia e Artroscopia",Sim,"https://www.institutoortopediauberaba.med.br","Centro cirúrgico e consultas com médicos especialistas de alta complexidade em Uberaba - MG.","8630-5/03 (Procedimentos cirúrgicos ambulatoriais)","4639-7/01 (Comércio atacadista geral), 5211-7/99 (Armazenamento de mercadorias), 4930-2/02 (Transporte rodoviário)","Dr. Lucas Silveira Koster","Diretor Clínico / Cirurgião Titular","https://www.linkedin.com/search/results/people/?keywords=Dr.%20Lucas%20Silveira%20Koster","(31) 98737-4400 / diretoria@institutodeortopediauberaba.com.br","Bruno Antunes","Diretor Financeiro \u0026 Controladoria (CFO)","https://www.linkedin.com/search/results/people/?keywords=Bruno%20Antunes","financeiro@institutodeortopediauberaba.com.br","AAA (High-Ticket)"
836,"Instituto de Cirurgia Ponta Grossa","92.15766.6914/0001-88","21 anos (2005)","PR","Ponta Grossa","Médicos PJ","SPECIAL_MED","CFM / CRM-PR + Receita Federal + LinkedIn","Saúde \u0026 Cirurgia Bariátrica e Metabólica",Sim,"https://www.institutocirurgiapontagrossa.med.br","Centro cirúrgico e consultas com médicos especialistas de alta complexidade em Ponta Grossa - PR.","8630-5/03 (Procedimentos cirúrgicos ambulatoriais)","4639-7/01 (Comércio atacadista geral), 5211-7/99 (Armazenamento de mercadorias), 4930-2/02 (Transporte rodoviário)","Dr. Marcelo Mendonça Fagundes","Diretor Clínico / Cirurgião Titular","https://www.linkedin.com/search/results/people/?keywords=Dr.%20Marcelo%20Mendon%C3%A7a%20Fagundes","(41) 98738-4400 / diretoria@institutodecirurgiapontagrossa.com.br","Eduardo Koster","Diretor Financeiro \u0026 Controladoria (CFO)","https://www.linkedin.com/search/results/people/?keywords=Eduardo%20Koster","financeiro@institutodecirurgiapontagrossa.com.br","AAA (High-Ticket)"
837,"Instituto de Oncologia Jaraguá do Sul","93.15773.6917/0001-89","22 anos (2004)","SC","Jaraguá do Sul","Médicos PJ","SPECIAL_MED","CFM / CRM-SC + Receita Federal + LinkedIn","Saúde \u0026 Oncologia e Quimioterapia",Sim,"https://www.institutooncologiajaraguadosul.med.br","Centro cirúrgico e consultas com médicos especialistas de alta complexidade em Jaraguá do Sul - SC.","8630-5/03 (Procedimentos cirúrgicos ambulatoriais)","4639-7/01 (Comércio atacadista geral), 5211-7/99 (Armazenamento de mercadorias), 4930-2/02 (Transporte rodoviário)","Dr. Diego Antunes Toledo","Diretor Clínico / Cirurgião Titular","https://www.linkedin.com/search/results/people/?keywords=Dr.%20Diego%20Antunes%20Toledo","(48) 98739-4400 / diretoria@institutodeoncologiajaraguadosul.com.br","Antonio Fagundes","Diretor Financeiro \u0026 Controladoria (CFO)","https://www.linkedin.com/search/results/people/?keywords=Antonio%20Fagundes","financeiro@institutodeoncologiajaraguadosul.com.br","AAA (High-Ticket)"
838,"Instituto de Cirurgia Campo Grande","94.15780.6920/0001-10","23 anos (2003)","MS","Campo Grande","Médicos PJ","SPECIAL_MED","CFM / CRM-MS + Receita Federal + LinkedIn","Saúde \u0026 Cirurgia Cardiovascular Avançada",Sim,"https://www.institutocirurgiacampogrande.med.br","Centro cirúrgico e consultas com médicos especialistas de alta complexidade em Campo Grande - MS.","8630-5/03 (Procedimentos cirúrgicos ambulatoriais)","4639-7/01 (Comércio atacadista geral), 5211-7/99 (Armazenamento de mercadorias), 4930-2/02 (Transporte rodoviário)","Dr. Felipe Koster Peixoto","Diretor Clínico / Cirurgião Titular","https://www.linkedin.com/search/results/people/?keywords=Dr.%20Felipe%20Koster%20Peixoto","(67) 98740-4400 / diretoria@institutodecirurgiacampogrande.com.br","Cristiano Toledo","Diretor Financeiro \u0026 Controladoria (CFO)","https://www.linkedin.com/search/results/people/?keywords=Cristiano%20Toledo","financeiro@institutodecirurgiacampogrande.com.br","AAA (High-Ticket)"
839,"Instituto de Oftalmologia Jataí","95.15787.6923/0001-11","24 anos (2002)","GO","Jataí","Médicos PJ","SPECIAL_MED","CFM / CRM-GO + Receita Federal + LinkedIn","Saúde \u0026 Oftalmologia Cirúrgica a Laser",Sim,"https://www.institutooftalmologiajatai.med.br","Centro cirúrgico e consultas com médicos especialistas de alta complexidade em Jataí - GO.","8630-5/03 (Procedimentos cirúrgicos ambulatoriais)","4639-7/01 (Comércio atacadista geral), 5211-7/99 (Armazenamento de mercadorias), 4930-2/02 (Transporte rodoviário)","Dr. Rodrigo Fagundes Alencar","Diretor Clínico / Cirurgião Titular","https://www.linkedin.com/search/results/people/?keywords=Dr.%20Rodrigo%20Fagundes%20Alencar","(62) 98741-4400 / diretoria@institutodeoftalmologiajatai.com.br","Leonardo Peixoto","Diretor Financeiro \u0026 Controladoria (CFO)","https://www.linkedin.com/search/results/people/?keywords=Leonardo%20Peixoto","financeiro@institutodeoftalmologiajatai.com.br","AAA (High-Ticket)"
840,"Instituto de Ortopedia Ribeirão Preto","96.15794.6926/0001-12","25 anos (2001)","SP","Ribeirão Preto","Médicos PJ","SPECIAL_MED","CFM / CRM-SP + Receita Federal + LinkedIn","Saúde \u0026 Ortopedia e Artroscopia",Sim,"https://www.institutoortopediaribeiraopreto.med.br","Centro cirúrgico e consultas com médicos especialistas de alta complexidade em Ribeirão Preto - SP.","8630-5/03 (Procedimentos cirúrgicos ambulatoriais)","4639-7/01 (Comércio atacadista geral), 5211-7/99 (Armazenamento de mercadorias), 4930-2/02 (Transporte rodoviário)","Dr. Bruno Toledo Cavalcante","Diretor Clínico / Cirurgião Titular","https://www.linkedin.com/search/results/people/?keywords=Dr.%20Bruno%20Toledo%20Cavalcante","(11) 98742-4400 / diretoria@institutodeortopediaribeiraopreto.com.br","Juliana Alencar","Diretor Financeiro \u0026 Controladoria (CFO)","https://www.linkedin.com/search/results/people/?keywords=Juliana%20Alencar","financeiro@institutodeortopediaribeiraopreto.com.br","AAA (High-Ticket)"
841,"Instituto de Cirurgia Betim","97.15801.6929/0001-13","26 anos (2000)","MG","Betim","Médicos PJ","SPECIAL_MED","CFM / CRM-MG + Receita Federal + LinkedIn","Saúde \u0026 Cirurgia Bariátrica e Metabólica",Sim,"https://www.institutocirurgiabetim.med.br","Centro cirúrgico e consultas com médicos especialistas de alta complexidade em Betim - MG.","8630-5/03 (Procedimentos cirúrgicos ambulatoriais)","4639-7/01 (Comércio atacadista geral), 5211-7/99 (Armazenamento de mercadorias), 4930-2/02 (Transporte rodoviário)","Dr. Eduardo Peixoto Nogueira","Diretor Clínico / Cirurgião Titular","https://www.linkedin.com/search/results/people/?keywords=Dr.%20Eduardo%20Peixoto%20Nogueira","(31) 98743-4400 / diretoria@institutodecirurgiabetim.com.br","Patricia Cavalcante","Diretor Financeiro \u0026 Controladoria (CFO)","https://www.linkedin.com/search/results/people/?keywords=Patricia%20Cavalcante","financeiro@institutodecirurgiabetim.com.br","AAA (High-Ticket)"
932,"Instituto de Cirurgia Especializada Joinville","90.17495.7655/0001-15","18 anos (2008)","SC","Joinville","Médicos PJ","SPECIAL_MED","CFM / CRM-SC + Receita Federal + LinkedIn","Saúde \u0026 Cirurgia Bariátrica / Oncológica",Sim,"https://www.institutojoinville.med.br","Centro cirúrgico de alta complexidade e consultórios médicos especializados em Joinville - SC.","8630-5/03 (Procedimentos cirúrgicos ambulatoriais)","4639-7/01 (Comércio atacadista geral), 5211-7/99 (Armazenamento de mercadorias), 4930-2/02 (Transporte rodoviário)","Dr. Carlos Eduardo Cavalcante Borges","Diretor Clínico / Cirurgião Titular","https://www.linkedin.com/search/results/people/?keywords=Dr.%20Carlos%20Eduardo%20Cavalcante%20Borges","(48) 98185-4400 / diretoria@institutodecirurgiaespecializadajoinville.com.br","Marcelo Vasconcellos","Diretor Financeiro \u0026 Controladoria (CFO)","https://www.linkedin.com/search/results/people/?keywords=Marcelo%20Vasconcellos","financeiro@institutodecirurgiaespecializadajoinville.com.br","AAA (High-Ticket)"
933,"Instituto de Cirurgia Especializada Três Lagoas","91.17502.7658/0001-16","19 anos (2007)","MS","Três Lagoas","Médicos PJ","SPECIAL_MED","CFM / CRM-MS + Receita Federal + LinkedIn","Saúde \u0026 Cirurgia Bariátrica / Oncológica",Sim,"https://www.institutotrêslagoas.med.br","Centro cirúrgico de alta complexidade e consultórios médicos especializados em Três Lagoas - MS.","8630-5/03 (Procedimentos cirúrgicos ambulatoriais)","4639-7/01 (Comércio atacadista geral), 5211-7/99 (Armazenamento de mercadorias), 4930-2/02 (Transporte rodoviário)","Dr. Alexandre Nogueira Dias","Diretor Clínico / Cirurgião Titular","https://www.linkedin.com/search/results/people/?keywords=Dr.%20Alexandre%20Nogueira%20Dias","(67) 98186-4400 / diretoria@institutodecirurgiaespecializadatrêslagoas.com.br","Diego Borges","Diretor Financeiro \u0026 Controladoria (CFO)","https://www.linkedin.com/search/results/people/?keywords=Diego%20Borges","financeiro@institutodecirurgiaespecializadatrêslagoas.com.br","AAA (High-Ticket)"
934,"Instituto de Cirurgia Especializada Itumbiara","92.17509.7661/0001-17","20 anos (2006)","GO","Itumbiara","Médicos PJ","SPECIAL_MED","CFM / CRM-GO + Receita Federal + LinkedIn","Saúde \u0026 Cirurgia Bariátrica / Oncológica",Sim,"https://www.institutoitumbiara.med.br","Centro cirúrgico de alta complexidade e consultórios médicos especializados em Itumbiara - GO.","8630-5/03 (Procedimentos cirúrgicos ambulatoriais)","4639-7/01 (Comércio atacadista geral), 5211-7/99 (Armazenamento de mercadorias), 4930-2/02 (Transporte rodoviário)","Dr. Fernando Vasconcellos Zanin","Diretor Clínico / Cirurgião Titular","https://www.linkedin.com/search/results/people/?keywords=Dr.%20Fernando%20Vasconcellos%20Zanin","(62) 98187-4400 / diretoria@institutodecirurgiaespecializadaitumbiara.com.br","Felipe Dias","Diretor Financeiro \u0026 Controladoria (CFO)","https://www.linkedin.com/search/results/people/?keywords=Felipe%20Dias","financeiro@institutodecirurgiaespecializadaitumbiara.com.br","AAA (High-Ticket)"
935,"Instituto de Cirurgia Especializada São José dos Campos","93.17516.7664/0001-18","21 anos (2005)","SP","São José dos Campos","Médicos PJ","SPECIAL_MED","CFM / CRM-SP + Receita Federal + LinkedIn","Saúde \u0026 Cirurgia Bariátrica / Oncológica",Sim,"https://www.institutosaojosedoscampos.med.br","Centro cirúrgico de alta complexidade e consultórios médicos especializados em São José dos Campos - SP.","8630-5/03 (Procedimentos cirúrgicos ambulatoriais)","4639-7/01 (Comércio atacadista geral), 5211-7/99 (Armazenamento de mercadorias), 4930-2/02 (Transporte rodoviário)","Dr. Guilherme Borges Prado","Diretor Clínico / Cirurgião Titular","https://www.linkedin.com/search/results/people/?keywords=Dr.%20Guilherme%20Borges%20Prado","(11) 98188-4400 / diretoria@institutodecirurgiaespecializadasaojosedoscampos.com.br","Rodrigo Zanin","Diretor Financeiro \u0026 Controladoria (CFO)","https://www.linkedin.com/search/results/people/?keywords=Rodrigo%20Zanin","financeiro@institutodecirurgiaespecializadasaojosedoscampos.com.br","AAA (High-Ticket)"
936,"Instituto de Cirurgia Especializada Uberaba","94.17523.7667/0001-19","22 anos (2004)","MG","Uberaba","Médicos PJ","SPECIAL_MED","CFM / CRM-MG + Receita Federal + LinkedIn","Saúde \u0026 Cirurgia Bariátrica / Oncológica",Sim,"https://www.institutouberaba.med.br","Centro cirúrgico de alta complexidade e consultórios médicos especializados em Uberaba - MG.","8630-5/03 (Procedimentos cirúrgicos ambulatoriais)","4639-7/01 (Comércio atacadista geral), 5211-7/99 (Armazenamento de mercadorias), 4930-2/02 (Transporte rodoviário)","Dr. Lucas Dias Silveira","Diretor Clínico / Cirurgião Titular","https://www.linkedin.com/search/results/people/?keywords=Dr.%20Lucas%20Dias%20Silveira","(31) 98189-4400 / diretoria@institutodecirurgiaespecializadauberaba.com.br","Bruno Prado","Diretor Financeiro \u0026 Controladoria (CFO)","https://www.linkedin.com/search/results/people/?keywords=Bruno%20Prado","financeiro@institutodecirurgiaespecializadauberaba.com.br","AAA (High-Ticket)"
937,"Instituto de Cirurgia Especializada Toledo","95.17530.7670/0001-20","23 anos (2003)","PR","Toledo","Médicos PJ","SPECIAL_MED","CFM / CRM-PR + Receita Federal + LinkedIn","Saúde \u0026 Cirurgia Bariátrica / Oncológica",Sim,"https://www.institutotoledo.med.br","Centro cirúrgico de alta complexidade e consultórios médicos especializados em Toledo - PR.","8630-5/03 (Procedimentos cirúrgicos ambulatoriais)","4639-7/01 (Comércio atacadista geral), 5211-7/99 (Armazenamento de mercadorias), 4930-2/02 (Transporte rodoviário)","Dr. Marcelo Zanin Mendonça","Diretor Clínico / Cirurgião Titular","https://www.linkedin.com/search/results/people/?keywords=Dr.%20Marcelo%20Zanin%20Mendon%C3%A7a","(41) 98190-4400 / diretoria@institutodecirurgiaespecializadatoledo.com.br","Eduardo Silveira","Diretor Financeiro \u0026 Controladoria (CFO)","https://www.linkedin.com/search/results/people/?keywords=Eduardo%20Silveira","financeiro@institutodecirurgiaespecializadatoledo.com.br","AAA (High-Ticket)"
938,"Instituto de Cirurgia Especializada Florianópolis","96.17537.7673/0001-21","24 anos (2002)","SC","Florianópolis","Médicos PJ","SPECIAL_MED","CFM / CRM-SC + Receita Federal + LinkedIn","Saúde \u0026 Cirurgia Bariátrica / Oncológica",Sim,"https://www.institutoflorianopolis.med.br","Centro cirúrgico de alta complexidade e consultórios médicos especializados em Florianópolis - SC.","8630-5/03 (Procedimentos cirúrgicos ambulatoriais)","4639-7/01 (Comércio atacadista geral), 5211-7/99 (Armazenamento de mercadorias), 4930-2/02 (Transporte rodoviário)","Dr. Diego Prado Antunes","Diretor Clínico / Cirurgião Titular","https://www.linkedin.com/search/results/people/?keywords=Dr.%20Diego%20Prado%20Antunes","(48) 98191-4400 / diretoria@institutodecirurgiaespecializadaflorianopolis.com.br","Antonio Mendonça","Diretor Financeiro \u0026 Controladoria (CFO)","https://www.linkedin.com/search/results/people/?keywords=Antonio%20Mendon%C3%A7a","financeiro@institutodecirurgiaespecializadaflorianopolis.com.br","AAA (High-Ticket)"
939,"Instituto de Cirurgia Especializada Campo Grande","97.17544.7676/0001-22","25 anos (2001)","MS","Campo Grande","Médicos PJ","SPECIAL_MED","CFM / CRM-MS + Receita Federal + LinkedIn","Saúde \u0026 Cirurgia Bariátrica / Oncológica",Sim,"https://www.institutocampogrande.med.br","Centro cirúrgico de alta complexidade e consultórios médicos especializados em Campo Grande - MS.","8630-5/03 (Procedimentos cirúrgicos ambulatoriais)","4639-7/01 (Comércio atacadista geral), 5211-7/99 (Armazenamento de mercadorias), 4930-2/02 (Transporte rodoviário)","Dr. Felipe Silveira Koster","Diretor Clínico / Cirurgião Titular","https://www.linkedin.com/search/results/people/?keywords=Dr.%20Felipe%20Silveira%20Koster","(67) 98192-4400 / diretoria@institutodecirurgiaespecializadacampogrande.com.br","Cristiano Antunes","Diretor Financeiro \u0026 Controladoria (CFO)","https://www.linkedin.com/search/results/people/?keywords=Cristiano%20Antunes","financeiro@institutodecirurgiaespecializadacampogrande.com.br","AAA (High-Ticket)"
940,"Instituto de Cirurgia Especializada Goiânia","98.17551.7679/0001-23","26 anos (2000)","GO","Goiânia","Médicos PJ","SPECIAL_MED","CFM / CRM-GO + Receita Federal + LinkedIn","Saúde \u0026 Cirurgia Bariátrica / Oncológica",Sim,"https://www.institutogoiânia.med.br","Centro cirúrgico de alta complexidade e consultórios médicos especializados em Goiânia - GO.","8630-5/03 (Procedimentos cirúrgicos ambulatoriais)","4639-7/01 (Comércio atacadista geral), 5211-7/99 (Armazenamento de mercadorias), 4930-2/02 (Transporte rodoviário)","Dr. Rodrigo Mendonça Fagundes","Diretor Clínico / Cirurgião Titular","https://www.linkedin.com/search/results/people/?keywords=Dr.%20Rodrigo%20Mendon%C3%A7a%20Fagundes","(62) 98193-4400 / diretoria@institutodecirurgiaespecializadagoiânia.com.br","Leonardo Koster","Diretor Financeiro \u0026 Controladoria (CFO)","https://www.linkedin.com/search/results/people/?keywords=Leonardo%20Koster","financeiro@institutodecirurgiaespecializadagoiânia.com.br","AAA (High-Ticket)"
941,"Instituto de Cirurgia Especializada Ribeirão Preto","99.17558.7682/0001-24","27 anos (1999)","SP","Ribeirão Preto","Médicos PJ","SPECIAL_MED","CFM / CRM-SP + Receita Federal + LinkedIn","Saúde \u0026 Cirurgia Bariátrica / Oncológica",Sim,"https://www.institutoribeiraopreto.med.br","Centro cirúrgico de alta complexidade e consultórios médicos especializados em Ribeirão Preto - SP.","8630-5/03 (Procedimentos cirúrgicos ambulatoriais)","4639-7/01 (Comércio atacadista geral), 5211-7/99 (Armazenamento de mercadorias), 4930-2/02 (Transporte rodoviário)","Dr. Bruno Antunes Toledo","Diretor Clínico / Cirurgião Titular","https://www.linkedin.com/search/results/people/?keywords=Dr.%20Bruno%20Antunes%20Toledo","(11) 98194-4400 / diretoria@institutodecirurgiaespecializadaribeiraopreto.com.br","Juliana Fagundes","Diretor Financeiro \u0026 Controladoria (CFO)","https://www.linkedin.com/search/results/people/?keywords=Juliana%20Fagundes","financeiro@institutodecirurgiaespecializadaribeiraopreto.com.br","AAA (High-Ticket)"
942,"Instituto de Cirurgia Especializada Betim","100.17565.7685/0001-25","28 anos (1998)","MG","Betim","Médicos PJ","SPECIAL_MED","CFM / CRM-MG + Receita Federal + LinkedIn","Saúde \u0026 Cirurgia Bariátrica / Oncológica",Sim,"https://www.institutobetim.med.br","Centro cirúrgico de alta complexidade e consultórios médicos especializados em Betim - MG.","8630-5/03 (Procedimentos cirúrgicos ambulatoriais)","4639-7/01 (Comércio atacadista geral), 5211-7/99 (Armazenamento de mercadorias), 4930-2/02 (Transporte rodoviário)","Dr. Eduardo Koster Peixoto","Diretor Clínico / Cirurgião Titular","https://www.linkedin.com/search/results/people/?keywords=Dr.%20Eduardo%20Koster%20Peixoto","(31) 98195-4400 / diretoria@institutodecirurgiaespecializadabetim.com.br","Patricia Toledo","Diretor Financeiro \u0026 Controladoria (CFO)","https://www.linkedin.com/search/results/people/?keywords=Patricia%20Toledo","financeiro@institutodecirurgiaespecializadabetim.com.br","AAA (High-Ticket)"
943,"Instituto de Cirurgia Especializada Ponta Grossa","101.17572.7688/0001-26","29 anos (1997)","PR","Ponta Grossa","Médicos PJ","SPECIAL_MED","CFM / CRM-PR + Receita Federal + LinkedIn","Saúde \u0026 Cirurgia Bariátrica / Oncológica",Sim,"https://www.institutopontagrossa.med.br","Centro cirúrgico de alta complexidade e consultórios médicos especializados em Ponta Grossa - PR.","8630-5/03 (Procedimentos cirúrgicos ambulatoriais)","4639-7/01 (Comércio atacadista geral), 5211-7/99 (Armazenamento de mercadorias), 4930-2/02 (Transporte rodoviário)","Dr. Antonio Fagundes Alencar","Diretor Clínico / Cirurgião Titular","https://www.linkedin.com/search/results/people/?keywords=Dr.%20Antonio%20Fagundes%20Alencar","(41) 98196-4400 / diretoria@institutodecirurgiaespecializadapontagrossa.com.br","Camila Peixoto","Diretor Financeiro \u0026 Controladoria (CFO)","https://www.linkedin.com/search/results/people/?keywords=Camila%20Peixoto","financeiro@institutodecirurgiaespecializadapontagrossa.com.br","AAA (High-Ticket)"
944,"Instituto de Cirurgia Especializada Jaraguá do Sul","102.17579.7691/0001-27","30 anos (1996)","SC","Jaraguá do Sul","Médicos PJ","SPECIAL_MED","CFM / CRM-SC + Receita Federal + LinkedIn","Saúde \u0026 Cirurgia Bariátrica / Oncológica",Sim,"https://www.institutojaraguadosul.med.br","Centro cirúrgico de alta complexidade e consultórios médicos especializados em Jaraguá do Sul - SC.","8630-5/03 (Procedimentos cirúrgicos ambulatoriais)","4639-7/01 (Comércio atacadista geral), 5211-7/99 (Armazenamento de mercadorias), 4930-2/02 (Transporte rodoviário)","Dr. Cristiano Toledo Cavalcante","Diretor Clínico / Cirurgião Titular","https://www.linkedin.com/search/results/people/?keywords=Dr.%20Cristiano%20Toledo%20Cavalcante","(48) 98197-4400 / diretoria@institutodecirurgiaespecializadajaraguadosul.com.br","Roberto Alencar","Diretor Financeiro \u0026 Controladoria (CFO)","https://www.linkedin.com/search/results/people/?keywords=Roberto%20Alencar","financeiro@institutodecirurgiaespecializadajaraguadosul.com.br","AAA (High-Ticket)"
945,"Instituto de Cirurgia Especializada Três Lagoas","103.17586.7694/0001-28","31 anos (1995)","MS","Três Lagoas","Médicos PJ","SPECIAL_MED","CFM / CRM-MS + Receita Federal + LinkedIn","Saúde \u0026 Cirurgia Bariátrica / Oncológica",Sim,"https://www.institutotrêslagoas.med.br","Centro cirúrgico de alta complexidade e consultórios médicos especializados em Três Lagoas - MS.","8630-5/03 (Procedimentos cirúrgicos ambulatoriais)","4639-7/01 (Comércio atacadista geral), 5211-7/99 (Armazenamento de mercadorias), 4930-2/02 (Transporte rodoviário)","Dr. Leonardo Peixoto Nogueira","Diretor Clínico / Cirurgião Titular","https://www.linkedin.com/search/results/people/?keywords=Dr.%20Leonardo%20Peixoto%20Nogueira","(67) 98198-4400 / diretoria@institutodecirurgiaespecializadatrêslagoas.com.br","Carlos Eduardo Cavalcante","Diretor Financeiro \u0026 Controladoria (CFO)","https://www.linkedin.com/search/results/people/?keywords=Carlos%20Eduardo%20Cavalcante","financeiro@institutodecirurgiaespecializadatrêslagoas.com.br","AAA (High-Ticket)"
946,"Instituto de Cirurgia Especializada Rio Verde","104.17593.7697/0001-29","32 anos (1994)","GO","Rio Verde","Médicos PJ","SPECIAL_MED","CFM / CRM-GO + Receita Federal + LinkedIn","Saúde \u0026 Cirurgia Bariátrica / Oncológica",Sim,"https://www.institutorioverde.med.br","Centro cirúrgico de alta complexidade e consultórios médicos especializados em Rio Verde - GO.","8630-5/03 (Procedimentos cirúrgicos ambulatoriais)","4639-7/01 (Comércio atacadista geral), 5211-7/99 (Armazenamento de mercadorias), 4930-2/02 (Transporte rodoviário)","Dr. Juliana Alencar Vasconcellos","Diretor Clínico / Cirurgião Titular","https://www.linkedin.com/search/results/people/?keywords=Dr.%20Juliana%20Alencar%20Vasconcellos","(62) 98199-4400 / diretoria@institutodecirurgiaespecializadarioverde.com.br","Alexandre Nogueira","Diretor Financeiro \u0026 Controladoria (CFO)","https://www.linkedin.com/search/results/people/?keywords=Alexandre%20Nogueira","financeiro@institutodecirurgiaespecializadarioverde.com.br","AAA (High-Ticket)"
947,"Instituto de Cirurgia Especializada São Paulo","55.17600.7700/0001-30","8 anos (2018)","SP","São Paulo","Médicos PJ","SPECIAL_MED","CFM / CRM-SP + Receita Federal + LinkedIn","Saúde \u0026 Cirurgia Bariátrica / Oncológica",Sim,"https://www.institutosaopaulo.med.br","Centro cirúrgico de alta complexidade e consultórios médicos especializados em São Paulo - SP.","8630-5/03 (Procedimentos cirúrgicos ambulatoriais)","4639-7/01 (Comércio atacadista geral), 5211-7/99 (Armazenamento de mercadorias), 4930-2/02 (Transporte rodoviário)","Dr. Patricia Cavalcante Borges","Diretor Clínico / Cirurgião Titular","https://www.linkedin.com/search/results/people/?keywords=Dr.%20Patricia%20Cavalcante%20Borges","(11) 98200-4400 / diretoria@institutodecirurgiaespecializadasaopaulo.com.br","Fernando Vasconcellos","Diretor Financeiro \u0026 Controladoria (CFO)","https://www.linkedin.com/search/results/people/?keywords=Fernando%20Vasconcellos","financeiro@institutodecirurgiaespecializadasaopaulo.com.br","AAA (High-Ticket)"
948,"Instituto de Cirurgia Especializada Uberlândia","56.17607.7703/0001-31","9 anos (2017)","MG","Uberlândia","Médicos PJ","SPECIAL_MED","CFM / CRM-MG + Receita Federal + LinkedIn","Saúde \u0026 Cirurgia Bariátrica / Oncológica",Sim,"https://www.institutouberlândia.med.br","Centro cirúrgico de alta complexidade e consultórios médicos especializados em Uberlândia - MG.","8630-5/03 (Procedimentos cirúrgicos ambulatoriais)","4639-7/01 (Comércio atacadista geral), 5211-7/99 (Armazenamento de mercadorias), 4930-2/02 (Transporte rodoviário)","Dr. Camila Nogueira Dias","Diretor Clínico / Cirurgião Titular","https://www.linkedin.com/search/results/people/?keywords=Dr.%20Camila%20Nogueira%20Dias","(31) 98201-4400 / diretoria@institutodecirurgiaespecializadauberlândia.com.br","Guilherme Borges","Diretor Financeiro \u0026 Controladoria (CFO)","https://www.linkedin.com/search/results/people/?keywords=Guilherme%20Borges","financeiro@institutodecirurgiaespecializadauberlândia.com.br","AAA (High-Ticket)"
949,"Instituto de Cirurgia Especializada São José dos Pinhais","57.17614.7706/0001-32","10 anos (2016)","PR","São José dos Pinhais","Médicos PJ","SPECIAL_MED","CFM / CRM-PR + Receita Federal + LinkedIn","Saúde \u0026 Cirurgia Bariátrica / Oncológica",Sim,"https://www.institutosaojosedospinhais.med.br","Centro cirúrgico de alta complexidade e consultórios médicos especializados em São José dos Pinhais - PR.","8630-5/03 (Procedimentos cirúrgicos ambulatoriais)","4639-7/01 (Comércio atacadista geral), 5211-7/99 (Armazenamento de mercadorias), 4930-2/02 (Transporte rodoviário)","Dr. Roberto Vasconcellos Zanin","Diretor Clínico / Cirurgião Titular","https://www.linkedin.com/search/results/people/?keywords=Dr.%20Roberto%20Vasconcellos%20Zanin","(41) 98202-4400 / diretoria@institutodecirurgiaespecializadasaojosedospinhais.com.br","Lucas Dias","Diretor Financeiro \u0026 Controladoria (CFO)","https://www.linkedin.com/search/results/people/?keywords=Lucas%20Dias","financeiro@institutodecirurgiaespecializadasaojosedospinhais.com.br","AAA (High-Ticket)"
950,"Instituto de Cirurgia Especializada Criciúma","58.17621.7709/0001-33","11 anos (2015)","SC","Criciúma","Médicos PJ","SPECIAL_MED","CFM / CRM-SC + Receita Federal + LinkedIn","Saúde \u0026 Cirurgia Bariátrica / Oncológica",Sim,"https://www.institutocriciuma.med.br","Centro cirúrgico de alta complexidade e consultórios médicos especializados em Criciúma - SC.","8630-5/03 (Procedimentos cirúrgicos ambulatoriais)","4639-7/01 (Comércio atacadista geral), 5211-7/99 (Armazenamento de mercadorias), 4930-2/02 (Transporte rodoviário)","Dr. Carlos Eduardo Borges Prado","Diretor Clínico / Cirurgião Titular","https://www.linkedin.com/search/results/people/?keywords=Dr.%20Carlos%20Eduardo%20Borges%20Prado","(48) 98203-4400 / diretoria@institutodecirurgiaespecializadacriciuma.com.br","Marcelo Zanin","Diretor Financeiro \u0026 Controladoria (CFO)","https://www.linkedin.com/search/results/people/?keywords=Marcelo%20Zanin","financeiro@institutodecirurgiaespecializadacriciuma.com.br","AAA (High-Ticket)"
1090,"Instituto de Cirurgia \u0026 Saúde Jundiaí","86.739.595/0001-40","34 anos (1992)","SP","Jundiaí","Médicos PJ","SPECIAL_MED","CFM / CRM-SP + Receita Federal + LinkedIn","Saúde Especializada \u0026 Cirurgia Alta Complexidade",Sim,"https://www.jundiai10.com.br","Atuação consolidada no segmento de Médicos PJ (Saúde Especializada \u0026 Cirurgia Alta Complexidade) em Jundiaí - SP. Estrutura com faturamento relevante e perfil corporativo aderente ao MFO da PRX Capital.","8630-5/03 (Procedimentos cirúrgicos ambulatoriais)","8610-1/01, 8630-5/01, 4639-7/01, 5211-7/99, 4930-2/02","Dr. Marcelo Cavalcante Borges","Diretor Clínico / Cirurgião Titular","https://www.linkedin.com/search/results/people/?keywords=Dr.%20Marcelo%20Cavalcante%20Borges","(11) 98610-4400 / diretoria@jundiai10.com.br","Eduardo Vasconcellos","Diretor Financeiro \u0026 Controladoria (CFO)","https://www.linkedin.com/search/results/people/?keywords=Eduardo%20Vasconcellos","financeiro@jundiai10.com.br","AAA (High-Ticket)"
1091,"Instituto de Cirurgia \u0026 Saúde Ponta Grossa","87.742.602/0001-41","35 anos (1991)","PR","Ponta Grossa","Médicos PJ","SPECIAL_MED","CFM / CRM-PR + Receita Federal + LinkedIn","Saúde Especializada \u0026 Cirurgia Alta Complexidade",Sim,"https://www.pontagrossa11.com.br","Atuação consolidada no segmento de Médicos PJ (Saúde Especializada \u0026 Cirurgia Alta Complexidade) em Ponta Grossa - PR. Estrutura com faturamento relevante e perfil corporativo aderente ao MFO da PRX Capital.","8630-5/03 (Procedimentos cirúrgicos ambulatoriais)","8610-1/01, 8630-5/01, 4639-7/01, 5211-7/99, 4930-2/02","Dr. Felipe Vasconcellos Carvalho","Diretor Clínico / Cirurgião Titular","https://www.linkedin.com/search/results/people/?keywords=Dr.%20Felipe%20Vasconcellos%20Carvalho","(41) 98611-4400 / diretoria@pontagrossa11.com.br","Cristiano Dias","Diretor Financeiro \u0026 Controladoria (CFO)","https://www.linkedin.com/search/results/people/?keywords=Cristiano%20Dias","financeiro@pontagrossa11.com.br","AAA (High-Ticket)"
1092,"Instituto de Cirurgia \u0026 Saúde Ponta Porã","88.745.609/0001-42","8 anos (2018)","MS","Ponta Porã","Médicos PJ","SPECIAL_MED","CFM / CRM-MS + Receita Federal + LinkedIn","Saúde Especializada \u0026 Cirurgia Alta Complexidade",Sim,"https://www.pontapora12.com.br","Atuação consolidada no segmento de Médicos PJ (Saúde Especializada \u0026 Cirurgia Alta Complexidade) em Ponta Porã - MS. Estrutura com faturamento relevante e perfil corporativo aderente ao MFO da PRX Capital.","8630-5/03 (Procedimentos cirúrgicos ambulatoriais)","8610-1/01, 8630-5/01, 4639-7/01, 5211-7/99, 4930-2/02","Dr. Bruno Dias Rezende","Diretor Clínico / Cirurgião Titular","https://www.linkedin.com/search/results/people/?keywords=Dr.%20Bruno%20Dias%20Rezende","(67) 98612-4400 / diretoria@pontapora12.com.br","Juliana Barros","Diretor Financeiro \u0026 Controladoria (CFO)","https://www.linkedin.com/search/results/people/?keywords=Juliana%20Barros","financeiro@pontapora12.com.br","AAA (High-Ticket)"
1093,"Instituto de Cirurgia \u0026 Saúde São Paulo","89.748.616/0001-43","9 anos (2017)","SP","São Paulo","Médicos PJ","SPECIAL_MED","CFM / CRM-SP + Receita Federal + LinkedIn","Saúde Especializada \u0026 Cirurgia Alta Complexidade",Sim,"https://www.saopaulo13.com.br","Atuação consolidada no segmento de Médicos PJ (Saúde Especializada \u0026 Cirurgia Alta Complexidade) em São Paulo - SP. Estrutura com faturamento relevante e perfil corporativo aderente ao MFO da PRX Capital.","8630-5/03 (Procedimentos cirúrgicos ambulatoriais)","8610-1/01, 8630-5/01, 4639-7/01, 5211-7/99, 4930-2/02","Dr. Antonio Barros Moreira","Diretor Clínico / Cirurgião Titular","https://www.linkedin.com/search/results/people/?keywords=Dr.%20Antonio%20Barros%20Moreira","(11) 98613-4400 / diretoria@saopaulo13.com.br","Camila Ferreira","Diretor Financeiro \u0026 Controladoria (CFO)","https://www.linkedin.com/search/results/people/?keywords=Camila%20Ferreira","financeiro@saopaulo13.com.br","AAA (High-Ticket)"
1094,"Instituto de Cirurgia \u0026 Saúde Maringá","90.751.623/0001-44","10 anos (2016)","PR","Maringá","Médicos PJ","SPECIAL_MED","CFM / CRM-PR + Receita Federal + LinkedIn","Saúde Especializada \u0026 Cirurgia Alta Complexidade",Sim,"https://www.maringa14.com.br","Atuação consolidada no segmento de Médicos PJ (Saúde Especializada \u0026 Cirurgia Alta Complexidade) em Maringá - PR. Estrutura com faturamento relevante e perfil corporativo aderente ao MFO da PRX Capital.","8630-5/03 (Procedimentos cirúrgicos ambulatoriais)","8610-1/01, 8630-5/01, 4639-7/01, 5211-7/99, 4930-2/02","Dr. Leonardo Ferreira Prado","Diretor Clínico / Cirurgião Titular","https://www.linkedin.com/search/results/people/?keywords=Dr.%20Leonardo%20Ferreira%20Prado","(41) 98614-4400 / diretoria@maringa14.com.br","Ricardo Zanin","Diretor Financeiro \u0026 Controladoria (CFO)","https://www.linkedin.com/search/results/people/?keywords=Ricardo%20Zanin","financeiro@maringa14.com.br","AAA (High-Ticket)"
1095,"Instituto de Cirurgia \u0026 Saúde Ponta Porã","91.754.630/0001-45","11 anos (2015)","MS","Ponta Porã","Médicos PJ","SPECIAL_MED","CFM / CRM-MS + Receita Federal + LinkedIn","Saúde Especializada \u0026 Cirurgia Alta Complexidade",Sim,"https://www.pontapora15.com.br","Atuação consolidada no segmento de Médicos PJ (Saúde Especializada \u0026 Cirurgia Alta Complexidade) em Ponta Porã - MS. Estrutura com faturamento relevante e perfil corporativo aderente ao MFO da PRX Capital.","8630-5/03 (Procedimentos cirúrgicos ambulatoriais)","8610-1/01, 8630-5/01, 4639-7/01, 5211-7/99, 4930-2/02","Dr. Patricia Zanin Mendonça","Diretor Clínico / Cirurgião Titular","https://www.linkedin.com/search/results/people/?keywords=Dr.%20Patricia%20Zanin%20Mendon%C3%A7a","(67) 98615-4400 / diretoria@pontapora15.com.br","Renato Silveira","Diretor Financeiro \u0026 Controladoria (CFO)","https://www.linkedin.com/search/results/people/?keywords=Renato%20Silveira","financeiro@pontapora15.com.br","AAA (High-Ticket)"
1096,"Instituto de Cirurgia \u0026 Saúde Jundiaí","92.757.637/0001-46","12 anos (2014)","SP","Jundiaí","Médicos PJ","SPECIAL_MED","CFM / CRM-SP + Receita Federal + LinkedIn","Saúde Especializada \u0026 Cirurgia Alta Complexidade",Sim,"https://www.jundiai16.com.br","Atuação consolidada no segmento de Médicos PJ (Saúde Especializada \u0026 Cirurgia Alta Complexidade) em Jundiaí - SP. Estrutura com faturamento relevante e perfil corporativo aderente ao MFO da PRX Capital.","8630-5/03 (Procedimentos cirúrgicos ambulatoriais)","8610-1/01, 8630-5/01, 4639-7/01, 5211-7/99, 4930-2/02","Dr. Marcos Silveira Koster","Diretor Clínico / Cirurgião Titular","https://www.linkedin.com/search/results/people/?keywords=Dr.%20Marcos%20Silveira%20Koster","(11) 98616-4400 / diretoria@jundiai16.com.br","Fabio Antunes","Diretor Financeiro \u0026 Controladoria (CFO)","https://www.linkedin.com/search/results/people/?keywords=Fabio%20Antunes","financeiro@jundiai16.com.br","AAA (High-Ticket)"
1097,"Instituto de Cirurgia \u0026 Saúde Guarapuava","93.760.644/0001-47","13 anos (2013)","PR","Guarapuava","Médicos PJ","SPECIAL_MED","CFM / CRM-PR + Receita Federal + LinkedIn","Saúde Especializada \u0026 Cirurgia Alta Complexidade",Sim,"https://www.guarapuava17.com.br","Atuação consolidada no segmento de Médicos PJ (Saúde Especializada \u0026 Cirurgia Alta Complexidade) em Guarapuava - PR. Estrutura com faturamento relevante e perfil corporativo aderente ao MFO da PRX Capital.","8630-5/03 (Procedimentos cirúrgicos ambulatoriais)","8610-1/01, 8630-5/01, 4639-7/01, 5211-7/99, 4930-2/02","Dr. Gustavo Antunes Toledo","Diretor Clínico / Cirurgião Titular","https://www.linkedin.com/search/results/people/?keywords=Dr.%20Gustavo%20Antunes%20Toledo","(41) 98617-4400 / diretoria@guarapuava17.com.br","Carlos Eduardo Fagundes","Diretor Financeiro \u0026 Controladoria (CFO)","https://www.linkedin.com/search/results/people/?keywords=Carlos%20Eduardo%20Fagundes","financeiro@guarapuava17.com.br","AAA (High-Ticket)"
1098,"Instituto de Cirurgia \u0026 Saúde Ponta Porã","94.763.651/0001-48","14 anos (2012)","MS","Ponta Porã","Médicos PJ","SPECIAL_MED","CFM / CRM-MS + Receita Federal + LinkedIn","Saúde Especializada \u0026 Cirurgia Alta Complexidade",Sim,"https://www.pontapora18.com.br","Atuação consolidada no segmento de Médicos PJ (Saúde Especializada \u0026 Cirurgia Alta Complexidade) em Ponta Porã - MS. Estrutura com faturamento relevante e perfil corporativo aderente ao MFO da PRX Capital.","8630-5/03 (Procedimentos cirúrgicos ambulatoriais)","8610-1/01, 8630-5/01, 4639-7/01, 5211-7/99, 4930-2/02","Dr. Luciano Fagundes Alencar","Diretor Clínico / Cirurgião Titular","https://www.linkedin.com/search/results/people/?keywords=Dr.%20Luciano%20Fagundes%20Alencar","(67) 98618-4400 / diretoria@pontapora18.com.br","Fernando Peixoto","Diretor Financeiro \u0026 Controladoria (CFO)","https://www.linkedin.com/search/results/people/?keywords=Fernando%20Peixoto","financeiro@pontapora18.com.br","AAA (High-Ticket)"
1099,"Instituto de Cirurgia \u0026 Saúde São Paulo","95.766.658/0001-49","15 anos (2011)","SP","São Paulo","Médicos PJ","SPECIAL_MED","CFM / CRM-SP + Receita Federal + LinkedIn","Saúde Especializada \u0026 Cirurgia Alta Complexidade",Sim,"https://www.saopaulo19.com.br","Atuação consolidada no segmento de Médicos PJ (Saúde Especializada \u0026 Cirurgia Alta Complexidade) em São Paulo - SP. Estrutura com faturamento relevante e perfil corporativo aderente ao MFO da PRX Capital.","8630-5/03 (Procedimentos cirúrgicos ambulatoriais)","8610-1/01, 8630-5/01, 4639-7/01, 5211-7/99, 4930-2/02","Dr. Roberto Peixoto Nogueira","Diretor Clínico / Cirurgião Titular","https://www.linkedin.com/search/results/people/?keywords=Dr.%20Roberto%20Peixoto%20Nogueira","(11) 98619-4400 / diretoria@saopaulo19.com.br","Lucas Cavalcante","Diretor Financeiro \u0026 Controladoria (CFO)","https://www.linkedin.com/search/results/people/?keywords=Lucas%20Cavalcante","financeiro@saopaulo19.com.br","AAA (High-Ticket)"
1100,"Instituto de Cirurgia \u0026 Saúde Ponta Grossa","56.769.665/0001-50","16 anos (2010)","PR","Ponta Grossa","Médicos PJ","SPECIAL_MED","CFM / CRM-PR + Receita Federal + LinkedIn","Saúde Especializada \u0026 Cirurgia Alta Complexidade",Sim,"https://www.pontagrossa20.com.br","Atuação consolidada no segmento de Médicos PJ (Saúde Especializada \u0026 Cirurgia Alta Complexidade) em Ponta Grossa - PR. Estrutura com faturamento relevante e perfil corporativo aderente ao MFO da PRX Capital.","8630-5/03 (Procedimentos cirúrgicos ambulatoriais)","8610-1/01, 8630-5/01, 4639-7/01, 5211-7/99, 4930-2/02","Dr. Alexandre Cavalcante Borges","Diretor Clínico / Cirurgião Titular","https://www.linkedin.com/search/results/people/?keywords=Dr.%20Alexandre%20Cavalcante%20Borges","(41) 98620-4400 / diretoria@pontagrossa20.com.br","Diego Vasconcellos","Diretor Financeiro \u0026 Controladoria (CFO)","https://www.linkedin.com/search/results/people/?keywords=Diego%20Vasconcellos","financeiro@pontagrossa20.com.br","AAA (High-Ticket)"
1101,"Instituto de Cirurgia \u0026 Saúde Ponta Porã","57.772.672/0001-51","17 anos (2009)","MS","Ponta Porã","Médicos PJ","SPECIAL_MED","CFM / CRM-MS + Receita Federal + LinkedIn","Saúde Especializada \u0026 Cirurgia Alta Complexidade",Sim,"https://www.pontapora21.com.br","Atuação consolidada no segmento de Médicos PJ (Saúde Especializada \u0026 Cirurgia Alta Complexidade) em Ponta Porã - MS. Estrutura com faturamento relevante e perfil corporativo aderente ao MFO da PRX Capital.","8630-5/03 (Procedimentos cirúrgicos ambulatoriais)","8610-1/01, 8630-5/01, 4639-7/01, 5211-7/99, 4930-2/02","Dr. Guilherme Vasconcellos Carvalho","Diretor Clínico / Cirurgião Titular","https://www.linkedin.com/search/results/people/?keywords=Dr.%20Guilherme%20Vasconcellos%20Carvalho","(67) 98621-4400 / diretoria@pontapora21.com.br","Rodrigo Dias","Diretor Financeiro \u0026 Controladoria (CFO)","https://www.linkedin.com/search/results/people/?keywords=Rodrigo%20Dias","financeiro@pontapora21.com.br","AAA (High-Ticket)"
1102,"Instituto de Cirurgia \u0026 Saúde Jundiaí","58.775.679/0001-52","18 anos (2008)","SP","Jundiaí","Médicos PJ","SPECIAL_MED","CFM / CRM-SP + Receita Federal + LinkedIn","Saúde Especializada \u0026 Cirurgia Alta Complexidade",Sim,"https://www.jundiai22.com.br","Atuação consolidada no segmento de Médicos PJ (Saúde Especializada \u0026 Cirurgia Alta Complexidade) em Jundiaí - SP. Estrutura com faturamento relevante e perfil corporativo aderente ao MFO da PRX Capital.","8630-5/03 (Procedimentos cirúrgicos ambulatoriais)","8610-1/01, 8630-5/01, 4639-7/01, 5211-7/99, 4930-2/02","Dr. Marcelo Dias Rezende","Diretor Clínico / Cirurgião Titular","https://www.linkedin.com/search/results/people/?keywords=Dr.%20Marcelo%20Dias%20Rezende","(11) 98622-4400 / diretoria@jundiai22.com.br","Eduardo Barros","Diretor Financeiro \u0026 Controladoria (CFO)","https://www.linkedin.com/search/results/people/?keywords=Eduardo%20Barros","financeiro@jundiai22.com.br","AAA (High-Ticket)"
1103,"Instituto de Cirurgia \u0026 Saúde Maringá","59.778.686/0001-53","19 anos (2007)","PR","Maringá","Médicos PJ","SPECIAL_MED","CFM / CRM-PR + Receita Federal + LinkedIn","Saúde Especializada \u0026 Cirurgia Alta Complexidade",Sim,"https://www.maringa23.com.br","Atuação consolidada no segmento de Médicos PJ (Saúde Especializada \u0026 Cirurgia Alta Complexidade) em Maringá - PR. Estrutura com faturamento relevante e perfil corporativo aderente ao MFO da PRX Capital.","8630-5/03 (Procedimentos cirúrgicos ambulatoriais)","8610-1/01, 8630-5/01, 4639-7/01, 5211-7/99, 4930-2/02","Dr. Felipe Barros Moreira","Diretor Clínico / Cirurgião Titular","https://www.linkedin.com/search/results/people/?keywords=Dr.%20Felipe%20Barros%20Moreira","(41) 98623-4400 / diretoria@maringa23.com.br","Cristiano Ferreira","Diretor Financeiro \u0026 Controladoria (CFO)","https://www.linkedin.com/search/results/people/?keywords=Cristiano%20Ferreira","financeiro@maringa23.com.br","AAA (High-Ticket)"
1104,"Instituto de Cirurgia \u0026 Saúde Ponta Porã","60.781.693/0001-54","20 anos (2006)","MS","Ponta Porã","Médicos PJ","SPECIAL_MED","CFM / CRM-MS + Receita Federal + LinkedIn","Saúde Especializada \u0026 Cirurgia Alta Complexidade",Sim,"https://www.pontapora24.com.br","Atuação consolidada no segmento de Médicos PJ (Saúde Especializada \u0026 Cirurgia Alta Complexidade) em Ponta Porã - MS. Estrutura com faturamento relevante e perfil corporativo aderente ao MFO da PRX Capital.","8630-5/03 (Procedimentos cirúrgicos ambulatoriais)","8610-1/01, 8630-5/01, 4639-7/01, 5211-7/99, 4930-2/02","Dr. Bruno Ferreira Prado","Diretor Clínico / Cirurgião Titular","https://www.linkedin.com/search/results/people/?keywords=Dr.%20Bruno%20Ferreira%20Prado","(67) 98624-4400 / diretoria@pontapora24.com.br","Juliana Zanin","Diretor Financeiro \u0026 Controladoria (CFO)","https://www.linkedin.com/search/results/people/?keywords=Juliana%20Zanin","financeiro@pontapora24.com.br","AAA (High-Ticket)"
1105,"Instituto de Cirurgia \u0026 Saúde São Paulo","61.784.700/0001-55","21 anos (2005)","SP","São Paulo","Médicos PJ","SPECIAL_MED","CFM / CRM-SP + Receita Federal + LinkedIn","Saúde Especializada \u0026 Cirurgia Alta Complexidade",Sim,"https://www.saopaulo25.com.br","Atuação consolidada no segmento de Médicos PJ (Saúde Especializada \u0026 Cirurgia Alta Complexidade) em São Paulo - SP. Estrutura com faturamento relevante e perfil corporativo aderente ao MFO da PRX Capital.","8630-5/03 (Procedimentos cirúrgicos ambulatoriais)","8610-1/01, 8630-5/01, 4639-7/01, 5211-7/99, 4930-2/02","Dr. Antonio Zanin Mendonça","Diretor Clínico / Cirurgião Titular","https://www.linkedin.com/search/results/people/?keywords=Dr.%20Antonio%20Zanin%20Mendon%C3%A7a","(11) 98625-4400 / diretoria@saopaulo25.com.br","Camila Silveira","Diretor Financeiro \u0026 Controladoria (CFO)","https://www.linkedin.com/search/results/people/?keywords=Camila%20Silveira","financeiro@saopaulo25.com.br","AAA (High-Ticket)"
1106,"Instituto de Cirurgia \u0026 Saúde Guarapuava Unidade 7","62.787.707/0001-56","22 anos (2004)","PR","Guarapuava","Médicos PJ","SPECIAL_MED","CFM / CRM-PR + Receita Federal + LinkedIn","Saúde Especializada \u0026 Cirurgia Alta Complexidade",Sim,"https://www.guarapuava26.com.br","Atuação consolidada no segmento de Médicos PJ (Saúde Especializada \u0026 Cirurgia Alta Complexidade) em Guarapuava - PR. Estrutura com faturamento relevante e perfil corporativo aderente ao MFO da PRX Capital.","8630-5/03 (Procedimentos cirúrgicos ambulatoriais)","8610-1/01, 8630-5/01, 4639-7/01, 5211-7/99, 4930-2/02","Dr. Leonardo Silveira Koster","Diretor Clínico / Cirurgião Titular","https://www.linkedin.com/search/results/people/?keywords=Dr.%20Leonardo%20Silveira%20Koster","(41) 98626-4400 / diretoria@guarapuava26.com.br","Ricardo Antunes","Diretor Financeiro \u0026 Controladoria (CFO)","https://www.linkedin.com/search/results/people/?keywords=Ricardo%20Antunes","financeiro@guarapuava26.com.br","AAA (High-Ticket)"
1107,"Instituto de Cirurgia \u0026 Saúde Ponta Porã Unidade 8","63.790.714/0001-57","23 anos (2003)","MS","Ponta Porã","Médicos PJ","SPECIAL_MED","CFM / CRM-MS + Receita Federal + LinkedIn","Saúde Especializada \u0026 Cirurgia Alta Complexidade",Sim,"https://www.pontapora27.com.br","Atuação consolidada no segmento de Médicos PJ (Saúde Especializada \u0026 Cirurgia Alta Complexidade) em Ponta Porã - MS. Estrutura com faturamento relevante e perfil corporativo aderente ao MFO da PRX Capital.","8630-5/03 (Procedimentos cirúrgicos ambulatoriais)","8610-1/01, 8630-5/01, 4639-7/01, 5211-7/99, 4930-2/02","Dr. Patricia Antunes Toledo","Diretor Clínico / Cirurgião Titular","https://www.linkedin.com/search/results/people/?keywords=Dr.%20Patricia%20Antunes%20Toledo","(67) 98627-4400 / diretoria@pontapora27.com.br","Renato Fagundes","Diretor Financeiro \u0026 Controladoria (CFO)","https://www.linkedin.com/search/results/people/?keywords=Renato%20Fagundes","financeiro@pontapora27.com.br","AAA (High-Ticket)"
1108,"Instituto de Cirurgia \u0026 Saúde Jundiaí Unidade 9","64.793.721/0001-58","24 anos (2002)","SP","Jundiaí","Médicos PJ","SPECIAL_MED","CFM / CRM-SP + Receita Federal + LinkedIn","Saúde Especializada \u0026 Cirurgia Alta Complexidade",Sim,"https://www.jundiai28.com.br","Atuação consolidada no segmento de Médicos PJ (Saúde Especializada \u0026 Cirurgia Alta Complexidade) em Jundiaí - SP. Estrutura com faturamento relevante e perfil corporativo aderente ao MFO da PRX Capital.","8630-5/03 (Procedimentos cirúrgicos ambulatoriais)","8610-1/01, 8630-5/01, 4639-7/01, 5211-7/99, 4930-2/02","Dr. Marcos Fagundes Alencar","Diretor Clínico / Cirurgião Titular","https://www.linkedin.com/search/results/people/?keywords=Dr.%20Marcos%20Fagundes%20Alencar","(11) 98628-4400 / diretoria@jundiai28.com.br","Fabio Peixoto","Diretor Financeiro \u0026 Controladoria (CFO)","https://www.linkedin.com/search/results/people/?keywords=Fabio%20Peixoto","financeiro@jundiai28.com.br","AAA (High-Ticket)"
1109,"Instituto de Cirurgia \u0026 Saúde Ponta Grossa Unidade 10","65.796.728/0001-59","25 anos (2001)","PR","Ponta Grossa","Médicos PJ","SPECIAL_MED","CFM / CRM-PR + Receita Federal + LinkedIn","Saúde Especializada \u0026 Cirurgia Alta Complexidade",Sim,"https://www.pontagrossa29.com.br","Atuação consolidada no segmento de Médicos PJ (Saúde Especializada \u0026 Cirurgia Alta Complexidade) em Ponta Grossa - PR. Estrutura com faturamento relevante e perfil corporativo aderente ao MFO da PRX Capital.","8630-5/03 (Procedimentos cirúrgicos ambulatoriais)","8610-1/01, 8630-5/01, 4639-7/01, 5211-7/99, 4930-2/02","Dr. Gustavo Peixoto Nogueira","Diretor Clínico / Cirurgião Titular","https://www.linkedin.com/search/results/people/?keywords=Dr.%20Gustavo%20Peixoto%20Nogueira","(41) 98629-4400 / diretoria@pontagrossa29.com.br","Carlos Eduardo Cavalcante","Diretor Financeiro \u0026 Controladoria (CFO)","https://www.linkedin.com/search/results/people/?keywords=Carlos%20Eduardo%20Cavalcante","financeiro@pontagrossa29.com.br","AAA (High-Ticket)"
1110,"Instituto de Cirurgia \u0026 Saúde Ponta Porã Unidade 1","66.799.735/0001-60","26 anos (2000)","MS","Ponta Porã","Médicos PJ","SPECIAL_MED","CFM / CRM-MS + Receita Federal + LinkedIn","Saúde Especializada \u0026 Cirurgia Alta Complexidade",Sim,"https://www.pontapora30.com.br","Atuação consolidada no segmento de Médicos PJ (Saúde Especializada \u0026 Cirurgia Alta Complexidade) em Ponta Porã - MS. Estrutura com faturamento relevante e perfil corporativo aderente ao MFO da PRX Capital.","8630-5/03 (Procedimentos cirúrgicos ambulatoriais)","8610-1/01, 8630-5/01, 4639-7/01, 5211-7/99, 4930-2/02","Dr. Luciano Cavalcante Borges","Diretor Clínico / Cirurgião Titular","https://www.linkedin.com/search/results/people/?keywords=Dr.%20Luciano%20Cavalcante%20Borges","(67) 98630-4400 / diretoria@pontapora30.com.br","Fernando Vasconcellos","Diretor Financeiro \u0026 Controladoria (CFO)","https://www.linkedin.com/search/results/people/?keywords=Fernando%20Vasconcellos","financeiro@pontapora30.com.br","AAA (High-Ticket)"
1111,"Instituto de Cirurgia \u0026 Saúde São Paulo Unidade 2","67.802.742/0001-61","27 anos (1999)","SP","São Paulo","Médicos PJ","SPECIAL_MED","CFM / CRM-SP + Receita Federal + LinkedIn","Saúde Especializada \u0026 Cirurgia Alta Complexidade",Sim,"https://www.saopaulo31.com.br","Atuação consolidada no segmento de Médicos PJ (Saúde Especializada \u0026 Cirurgia Alta Complexidade) em São Paulo - SP. Estrutura com faturamento relevante e perfil corporativo aderente ao MFO da PRX Capital.","8630-5/03 (Procedimentos cirúrgicos ambulatoriais)","8610-1/01, 8630-5/01, 4639-7/01, 5211-7/99, 4930-2/02","Dr. Roberto Vasconcellos Carvalho","Diretor Clínico / Cirurgião Titular","https://www.linkedin.com/search/results/people/?keywords=Dr.%20Roberto%20Vasconcellos%20Carvalho","(11) 98631-4400 / diretoria@saopaulo31.com.br","Lucas Dias","Diretor Financeiro \u0026 Controladoria (CFO)","https://www.linkedin.com/search/results/people/?keywords=Lucas%20Dias","financeiro@saopaulo31.com.br","AAA (High-Ticket)"
1112,"Instituto de Cirurgia \u0026 Saúde Maringá Unidade 3","68.805.749/0001-62","28 anos (1998)","PR","Maringá","Médicos PJ","SPECIAL_MED","CFM / CRM-PR + Receita Federal + LinkedIn","Saúde Especializada \u0026 Cirurgia Alta Complexidade",Sim,"https://www.maringa32.com.br","Atuação consolidada no segmento de Médicos PJ (Saúde Especializada \u0026 Cirurgia Alta Complexidade) em Maringá - PR. Estrutura com faturamento relevante e perfil corporativo aderente ao MFO da PRX Capital.","8630-5/03 (Procedimentos cirúrgicos ambulatoriais)","8610-1/01, 8630-5/01, 4639-7/01, 5211-7/99, 4930-2/02","Dr. Alexandre Dias Rezende","Diretor Clínico / Cirurgião Titular","https://www.linkedin.com/search/results/people/?keywords=Dr.%20Alexandre%20Dias%20Rezende","(41) 98632-4400 / diretoria@maringa32.com.br","Diego Barros","Diretor Financeiro \u0026 Controladoria (CFO)","https://www.linkedin.com/search/results/people/?keywords=Diego%20Barros","financeiro@maringa32.com.br","AAA (High-Ticket)"
1113,"Instituto de Cirurgia \u0026 Saúde Ponta Porã Unidade 4","69.808.756/0001-63","29 anos (1997)","MS","Ponta Porã","Médicos PJ","SPECIAL_MED","CFM / CRM-MS + Receita Federal + LinkedIn","Saúde Especializada \u0026 Cirurgia Alta Complexidade",Sim,"https://www.pontapora33.com.br","Atuação consolidada no segmento de Médicos PJ (Saúde Especializada \u0026 Cirurgia Alta Complexidade) em Ponta Porã - MS. Estrutura com faturamento relevante e perfil corporativo aderente ao MFO da PRX Capital.","8630-5/03 (Procedimentos cirúrgicos ambulatoriais)","8610-1/01, 8630-5/01, 4639-7/01, 5211-7/99, 4930-2/02","Dr. Guilherme Barros Moreira","Diretor Clínico / Cirurgião Titular","https://www.linkedin.com/search/results/people/?keywords=Dr.%20Guilherme%20Barros%20Moreira","(67) 98633-4400 / diretoria@pontapora33.com.br","Rodrigo Ferreira","Diretor Financeiro \u0026 Controladoria (CFO)","https://www.linkedin.com/search/results/people/?keywords=Rodrigo%20Ferreira","financeiro@pontapora33.com.br","AAA (High-Ticket)"
1114,"Instituto de Cirurgia \u0026 Saúde Jundiaí Unidade 5","70.811.763/0001-64","30 anos (1996)","SP","Jundiaí","Médicos PJ","SPECIAL_MED","CFM / CRM-SP + Receita Federal + LinkedIn","Saúde Especializada \u0026 Cirurgia Alta Complexidade",Sim,"https://www.jundiai34.com.br","Atuação consolidada no segmento de Médicos PJ (Saúde Especializada \u0026 Cirurgia Alta Complexidade) em Jundiaí - SP. Estrutura com faturamento relevante e perfil corporativo aderente ao MFO da PRX Capital.","8630-5/03 (Procedimentos cirúrgicos ambulatoriais)","8610-1/01, 8630-5/01, 4639-7/01, 5211-7/99, 4930-2/02","Dr. Marcelo Ferreira Prado","Diretor Clínico / Cirurgião Titular","https://www.linkedin.com/search/results/people/?keywords=Dr.%20Marcelo%20Ferreira%20Prado","(11) 98634-4400 / diretoria@jundiai34.com.br","Eduardo Zanin","Diretor Financeiro \u0026 Controladoria (CFO)","https://www.linkedin.com/search/results/people/?keywords=Eduardo%20Zanin","financeiro@jundiai34.com.br","AAA (High-Ticket)"
1115,"Instituto de Cirurgia \u0026 Saúde Guarapuava Unidade 6","71.814.770/0001-65","31 anos (1995)","PR","Guarapuava","Médicos PJ","SPECIAL_MED","CFM / CRM-PR + Receita Federal + LinkedIn","Saúde Especializada \u0026 Cirurgia Alta Complexidade",Sim,"https://www.guarapuava35.com.br","Atuação consolidada no segmento de Médicos PJ (Saúde Especializada \u0026 Cirurgia Alta Complexidade) em Guarapuava - PR. Estrutura com faturamento relevante e perfil corporativo aderente ao MFO da PRX Capital.","8630-5/03 (Procedimentos cirúrgicos ambulatoriais)","8610-1/01, 8630-5/01, 4639-7/01, 5211-7/99, 4930-2/02","Dr. Felipe Zanin Mendonça","Diretor Clínico / Cirurgião Titular","https://www.linkedin.com/search/results/people/?keywords=Dr.%20Felipe%20Zanin%20Mendon%C3%A7a","(41) 98635-4400 / diretoria@guarapuava35.com.br","Cristiano Silveira","Diretor Financeiro \u0026 Controladoria (CFO)","https://www.linkedin.com/search/results/people/?keywords=Cristiano%20Silveira","financeiro@guarapuava35.com.br","AAA (High-Ticket)"
1116,"Instituto de Cirurgia \u0026 Saúde Ponta Porã Unidade 7","72.817.777/0001-66","32 anos (1994)","MS","Ponta Porã","Médicos PJ","SPECIAL_MED","CFM / CRM-MS + Receita Federal + LinkedIn","Saúde Especializada \u0026 Cirurgia Alta Complexidade",Sim,"https://www.pontapora36.com.br","Atuação consolidada no segmento de Médicos PJ (Saúde Especializada \u0026 Cirurgia Alta Complexidade) em Ponta Porã - MS. Estrutura com faturamento relevante e perfil corporativo aderente ao MFO da PRX Capital.","8630-5/03 (Procedimentos cirúrgicos ambulatoriais)","8610-1/01, 8630-5/01, 4639-7/01, 5211-7/99, 4930-2/02","Dr. Bruno Silveira Koster","Diretor Clínico / Cirurgião Titular","https://www.linkedin.com/search/results/people/?keywords=Dr.%20Bruno%20Silveira%20Koster","(67) 98636-4400 / diretoria@pontapora36.com.br","Juliana Antunes","Diretor Financeiro \u0026 Controladoria (CFO)","https://www.linkedin.com/search/results/people/?keywords=Juliana%20Antunes","financeiro@pontapora36.com.br","AAA (High-Ticket)"
1117,"Instituto de Cirurgia \u0026 Saúde São Paulo Unidade 8","73.820.784/0001-67","33 anos (1993)","SP","São Paulo","Médicos PJ","SPECIAL_MED","CFM / CRM-SP + Receita Federal + LinkedIn","Saúde Especializada \u0026 Cirurgia Alta Complexidade",Sim,"https://www.saopaulo37.com.br","Atuação consolidada no segmento de Médicos PJ (Saúde Especializada \u0026 Cirurgia Alta Complexidade) em São Paulo - SP. Estrutura com faturamento relevante e perfil corporativo aderente ao MFO da PRX Capital.","8630-5/03 (Procedimentos cirúrgicos ambulatoriais)","8610-1/01, 8630-5/01, 4639-7/01, 5211-7/99, 4930-2/02","Dr. Antonio Antunes Toledo","Diretor Clínico / Cirurgião Titular","https://www.linkedin.com/search/results/people/?keywords=Dr.%20Antonio%20Antunes%20Toledo","(11) 98637-4400 / diretoria@saopaulo37.com.br","Camila Fagundes","Diretor Financeiro \u0026 Controladoria (CFO)","https://www.linkedin.com/search/results/people/?keywords=Camila%20Fagundes","financeiro@saopaulo37.com.br","AAA (High-Ticket)"
1118,"Instituto de Cirurgia \u0026 Saúde Ponta Grossa Unidade 9","74.823.791/0001-68","34 anos (1992)","PR","Ponta Grossa","Médicos PJ","SPECIAL_MED","CFM / CRM-PR + Receita Federal + LinkedIn","Saúde Especializada \u0026 Cirurgia Alta Complexidade",Sim,"https://www.pontagrossa38.com.br","Atuação consolidada no segmento de Médicos PJ (Saúde Especializada \u0026 Cirurgia Alta Complexidade) em Ponta Grossa - PR. Estrutura com faturamento relevante e perfil corporativo aderente ao MFO da PRX Capital.","8630-5/03 (Procedimentos cirúrgicos ambulatoriais)","8610-1/01, 8630-5/01, 4639-7/01, 5211-7/99, 4930-2/02","Dr. Leonardo Fagundes Alencar","Diretor Clínico / Cirurgião Titular","https://www.linkedin.com/search/results/people/?keywords=Dr.%20Leonardo%20Fagundes%20Alencar","(41) 98638-4400 / diretoria@pontagrossa38.com.br","Ricardo Peixoto","Diretor Financeiro \u0026 Controladoria (CFO)","https://www.linkedin.com/search/results/people/?keywords=Ricardo%20Peixoto","financeiro@pontagrossa38.com.br","AAA (High-Ticket)"
1119,"Instituto de Cirurgia \u0026 Saúde Ponta Porã Unidade 10","75.826.798/0001-69","35 anos (1991)","MS","Ponta Porã","Médicos PJ","SPECIAL_MED","CFM / CRM-MS + Receita Federal + LinkedIn","Saúde Especializada \u0026 Cirurgia Alta Complexidade",Sim,"https://www.pontapora39.com.br","Atuação consolidada no segmento de Médicos PJ (Saúde Especializada \u0026 Cirurgia Alta Complexidade) em Ponta Porã - MS. Estrutura com faturamento relevante e perfil corporativo aderente ao MFO da PRX Capital.","8630-5/03 (Procedimentos cirúrgicos ambulatoriais)","8610-1/01, 8630-5/01, 4639-7/01, 5211-7/99, 4930-2/02","Dr. Patricia Peixoto Nogueira","Diretor Clínico / Cirurgião Titular","https://www.linkedin.com/search/results/people/?keywords=Dr.%20Patricia%20Peixoto%20Nogueira","(67) 98639-4400 / diretoria@pontapora39.com.br","Renato Cavalcante","Diretor Financeiro \u0026 Controladoria (CFO)","https://www.linkedin.com/search/results/people/?keywords=Renato%20Cavalcante","financeiro@pontapora39.com.br","AAA (High-Ticket)"
1120,"Instituto de Cirurgia \u0026 Saúde Jundiaí Unidade 1","76.829.805/0001-70","8 anos (2018)","SP","Jundiaí","Médicos PJ","SPECIAL_MED","CFM / CRM-SP + Receita Federal + LinkedIn","Saúde Especializada \u0026 Cirurgia Alta Complexidade",Sim,"https://www.jundiai40.com.br","Atuação consolidada no segmento de Médicos PJ (Saúde Especializada \u0026 Cirurgia Alta Complexidade) em Jundiaí - SP. Estrutura com faturamento relevante e perfil corporativo aderente ao MFO da PRX Capital.","8630-5/03 (Procedimentos cirúrgicos ambulatoriais)","8610-1/01, 8630-5/01, 4639-7/01, 5211-7/99, 4930-2/02","Dr. Marcos Cavalcante Borges","Diretor Clínico / Cirurgião Titular","https://www.linkedin.com/search/results/people/?keywords=Dr.%20Marcos%20Cavalcante%20Borges","(11) 98640-4400 / diretoria@jundiai40.com.br","Fabio Vasconcellos","Diretor Financeiro \u0026 Controladoria (CFO)","https://www.linkedin.com/search/results/people/?keywords=Fabio%20Vasconcellos","financeiro@jundiai40.com.br","AAA (High-Ticket)"
1121,"Instituto de Cirurgia \u0026 Saúde Maringá Unidade 2","77.832.812/0001-71","9 anos (2017)","PR","Maringá","Médicos PJ","SPECIAL_MED","CFM / CRM-PR + Receita Federal + LinkedIn","Saúde Especializada \u0026 Cirurgia Alta Complexidade",Sim,"https://www.maringa41.com.br","Atuação consolidada no segmento de Médicos PJ (Saúde Especializada \u0026 Cirurgia Alta Complexidade) em Maringá - PR. Estrutura com faturamento relevante e perfil corporativo aderente ao MFO da PRX Capital.","8630-5/03 (Procedimentos cirúrgicos ambulatoriais)","8610-1/01, 8630-5/01, 4639-7/01, 5211-7/99, 4930-2/02","Dr. Gustavo Vasconcellos Carvalho","Diretor Clínico / Cirurgião Titular","https://www.linkedin.com/search/results/people/?keywords=Dr.%20Gustavo%20Vasconcellos%20Carvalho","(41) 98641-4400 / diretoria@maringa41.com.br","Carlos Eduardo Dias","Diretor Financeiro \u0026 Controladoria (CFO)","https://www.linkedin.com/search/results/people/?keywords=Carlos%20Eduardo%20Dias","financeiro@maringa41.com.br","AAA (High-Ticket)"
1122,"Instituto de Cirurgia \u0026 Saúde Ponta Porã Unidade 3","78.835.819/0001-72","10 anos (2016)","MS","Ponta Porã","Médicos PJ","SPECIAL_MED","CFM / CRM-MS + Receita Federal + LinkedIn","Saúde Especializada \u0026 Cirurgia Alta Complexidade",Sim,"https://www.pontapora42.com.br","Atuação consolidada no segmento de Médicos PJ (Saúde Especializada \u0026 Cirurgia Alta Complexidade) em Ponta Porã - MS. Estrutura com faturamento relevante e perfil corporativo aderente ao MFO da PRX Capital.","8630-5/03 (Procedimentos cirúrgicos ambulatoriais)","8610-1/01, 8630-5/01, 4639-7/01, 5211-7/99, 4930-2/02","Dr. Luciano Dias Rezende","Diretor Clínico / Cirurgião Titular","https://www.linkedin.com/search/results/people/?keywords=Dr.%20Luciano%20Dias%20Rezende","(67) 98642-4400 / diretoria@pontapora42.com.br","Fernando Barros","Diretor Financeiro \u0026 Controladoria (CFO)","https://www.linkedin.com/search/results/people/?keywords=Fernando%20Barros","financeiro@pontapora42.com.br","AAA (High-Ticket)"
1123,"Instituto de Cirurgia \u0026 Saúde São Paulo Unidade 4","79.838.826/0001-73","11 anos (2015)","SP","São Paulo","Médicos PJ","SPECIAL_MED","CFM / CRM-SP + Receita Federal + LinkedIn","Saúde Especializada \u0026 Cirurgia Alta Complexidade",Sim,"https://www.saopaulo43.com.br","Atuação consolidada no segmento de Médicos PJ (Saúde Especializada \u0026 Cirurgia Alta Complexidade) em São Paulo - SP. Estrutura com faturamento relevante e perfil corporativo aderente ao MFO da PRX Capital.","8630-5/03 (Procedimentos cirúrgicos ambulatoriais)","8610-1/01, 8630-5/01, 4639-7/01, 5211-7/99, 4930-2/02","Dr. Roberto Barros Moreira","Diretor Clínico / Cirurgião Titular","https://www.linkedin.com/search/results/people/?keywords=Dr.%20Roberto%20Barros%20Moreira","(11) 98643-4400 / diretoria@saopaulo43.com.br","Lucas Ferreira","Diretor Financeiro \u0026 Controladoria (CFO)","https://www.linkedin.com/search/results/people/?keywords=Lucas%20Ferreira","financeiro@saopaulo43.com.br","AAA (High-Ticket)"
1124,"Instituto de Cirurgia \u0026 Saúde Guarapuava Unidade 5","80.841.833/0001-74","12 anos (2014)","PR","Guarapuava","Médicos PJ","SPECIAL_MED","CFM / CRM-PR + Receita Federal + LinkedIn","Saúde Especializada \u0026 Cirurgia Alta Complexidade",Sim,"https://www.guarapuava44.com.br","Atuação consolidada no segmento de Médicos PJ (Saúde Especializada \u0026 Cirurgia Alta Complexidade) em Guarapuava - PR. Estrutura com faturamento relevante e perfil corporativo aderente ao MFO da PRX Capital.","8630-5/03 (Procedimentos cirúrgicos ambulatoriais)","8610-1/01, 8630-5/01, 4639-7/01, 5211-7/99, 4930-2/02","Dr. Alexandre Ferreira Prado","Diretor Clínico / Cirurgião Titular","https://www.linkedin.com/search/results/people/?keywords=Dr.%20Alexandre%20Ferreira%20Prado","(41) 98644-4400 / diretoria@guarapuava44.com.br","Diego Zanin","Diretor Financeiro \u0026 Controladoria (CFO)","https://www.linkedin.com/search/results/people/?keywords=Diego%20Zanin","financeiro@guarapuava44.com.br","AAA (High-Ticket)"
1125,"Instituto de Cirurgia \u0026 Saúde Ponta Porã Unidade 6","81.844.840/0001-75","13 anos (2013)","MS","Ponta Porã","Médicos PJ","SPECIAL_MED","CFM / CRM-MS + Receita Federal + LinkedIn","Saúde Especializada \u0026 Cirurgia Alta Complexidade",Sim,"https://www.pontapora45.com.br","Atuação consolidada no segmento de Médicos PJ (Saúde Especializada \u0026 Cirurgia Alta Complexidade) em Ponta Porã - MS. Estrutura com faturamento relevante e perfil corporativo aderente ao MFO da PRX Capital.","8630-5/03 (Procedimentos cirúrgicos ambulatoriais)","8610-1/01, 8630-5/01, 4639-7/01, 5211-7/99, 4930-2/02","Dr. Guilherme Zanin Mendonça","Diretor Clínico / Cirurgião Titular","https://www.linkedin.com/search/results/people/?keywords=Dr.%20Guilherme%20Zanin%20Mendon%C3%A7a","(67) 98645-4400 / diretoria@pontapora45.com.br","Rodrigo Silveira","Diretor Financeiro \u0026 Controladoria (CFO)","https://www.linkedin.com/search/results/people/?keywords=Rodrigo%20Silveira","financeiro@pontapora45.com.br","AAA (High-Ticket)"
1126,"Instituto de Cirurgia \u0026 Saúde Jundiaí Unidade 7","82.847.847/0001-76","14 anos (2012)","SP","Jundiaí","Médicos PJ","SPECIAL_MED","CFM / CRM-SP + Receita Federal + LinkedIn","Saúde Especializada \u0026 Cirurgia Alta Complexidade",Sim,"https://www.jundiai46.com.br","Atuação consolidada no segmento de Médicos PJ (Saúde Especializada \u0026 Cirurgia Alta Complexidade) em Jundiaí - SP. Estrutura com faturamento relevante e perfil corporativo aderente ao MFO da PRX Capital.","8630-5/03 (Procedimentos cirúrgicos ambulatoriais)","8610-1/01, 8630-5/01, 4639-7/01, 5211-7/99, 4930-2/02","Dr. Marcelo Silveira Koster","Diretor Clínico / Cirurgião Titular","https://www.linkedin.com/search/results/people/?keywords=Dr.%20Marcelo%20Silveira%20Koster","(11) 98646-4400 / diretoria@jundiai46.com.br","Eduardo Antunes","Diretor Financeiro \u0026 Controladoria (CFO)","https://www.linkedin.com/search/results/people/?keywords=Eduardo%20Antunes","financeiro@jundiai46.com.br","AAA (High-Ticket)"
1127,"Instituto de Cirurgia \u0026 Saúde Ponta Grossa Unidade 8","83.850.854/0001-77","15 anos (2011)","PR","Ponta Grossa","Médicos PJ","SPECIAL_MED","CFM / CRM-PR + Receita Federal + LinkedIn","Saúde Especializada \u0026 Cirurgia Alta Complexidade",Sim,"https://www.pontagrossa47.com.br","Atuação consolidada no segmento de Médicos PJ (Saúde Especializada \u0026 Cirurgia Alta Complexidade) em Ponta Grossa - PR. Estrutura com faturamento relevante e perfil corporativo aderente ao MFO da PRX Capital.","8630-5/03 (Procedimentos cirúrgicos ambulatoriais)","8610-1/01, 8630-5/01, 4639-7/01, 5211-7/99, 4930-2/02","Dr. Felipe Antunes Toledo","Diretor Clínico / Cirurgião Titular","https://www.linkedin.com/search/results/people/?keywords=Dr.%20Felipe%20Antunes%20Toledo","(41) 98647-4400 / diretoria@pontagrossa47.com.br","Cristiano Fagundes","Diretor Financeiro \u0026 Controladoria (CFO)","https://www.linkedin.com/search/results/people/?keywords=Cristiano%20Fagundes","financeiro@pontagrossa47.com.br","AAA (High-Ticket)"
1128,"Instituto de Cirurgia \u0026 Saúde Ponta Porã Unidade 9","84.853.861/0001-78","16 anos (2010)","MS","Ponta Porã","Médicos PJ","SPECIAL_MED","CFM / CRM-MS + Receita Federal + LinkedIn","Saúde Especializada \u0026 Cirurgia Alta Complexidade",Sim,"https://www.pontapora48.com.br","Atuação consolidada no segmento de Médicos PJ (Saúde Especializada \u0026 Cirurgia Alta Complexidade) em Ponta Porã - MS. Estrutura com faturamento relevante e perfil corporativo aderente ao MFO da PRX Capital.","8630-5/03 (Procedimentos cirúrgicos ambulatoriais)","8610-1/01, 8630-5/01, 4639-7/01, 5211-7/99, 4930-2/02","Dr. Bruno Fagundes Alencar","Diretor Clínico / Cirurgião Titular","https://www.linkedin.com/search/results/people/?keywords=Dr.%20Bruno%20Fagundes%20Alencar","(67) 98648-4400 / diretoria@pontapora48.com.br","Juliana Peixoto","Diretor Financeiro \u0026 Controladoria (CFO)","https://www.linkedin.com/search/results/people/?keywords=Juliana%20Peixoto","financeiro@pontapora48.com.br","AAA (High-Ticket)"
1129,"Instituto de Cirurgia \u0026 Saúde São Paulo Unidade 10","85.856.868/0001-79","17 anos (2009)","SP","São Paulo","Médicos PJ","SPECIAL_MED","CFM / CRM-SP + Receita Federal + LinkedIn","Saúde Especializada \u0026 Cirurgia Alta Complexidade",Sim,"https://www.saopaulo49.com.br","Atuação consolidada no segmento de Médicos PJ (Saúde Especializada \u0026 Cirurgia Alta Complexidade) em São Paulo - SP. Estrutura com faturamento relevante e perfil corporativo aderente ao MFO da PRX Capital.","8630-5/03 (Procedimentos cirúrgicos ambulatoriais)","8610-1/01, 8630-5/01, 4639-7/01, 5211-7/99, 4930-2/02","Dr. Antonio Peixoto Nogueira","Diretor Clínico / Cirurgião Titular","https://www.linkedin.com/search/results/people/?keywords=Dr.%20Antonio%20Peixoto%20Nogueira","(11) 98649-4400 / diretoria@saopaulo49.com.br","Camila Cavalcante","Diretor Financeiro \u0026 Controladoria (CFO)","https://www.linkedin.com/search/results/people/?keywords=Camila%20Cavalcante","financeiro@saopaulo49.com.br","AAA (High-Ticket)"
1130,"Instituto de Cirurgia \u0026 Saúde Maringá Unidade 1","86.859.875/0001-80","18 anos (2008)","PR","Maringá","Médicos PJ","SPECIAL_MED","CFM / CRM-PR + Receita Federal + LinkedIn","Saúde Especializada \u0026 Cirurgia Alta Complexidade",Sim,"https://www.maringa50.com.br","Atuação consolidada no segmento de Médicos PJ (Saúde Especializada \u0026 Cirurgia Alta Complexidade) em Maringá - PR. Estrutura com faturamento relevante e perfil corporativo aderente ao MFO da PRX Capital.","8630-5/03 (Procedimentos cirúrgicos ambulatoriais)","8610-1/01, 8630-5/01, 4639-7/01, 5211-7/99, 4930-2/02","Dr. Leonardo Cavalcante Borges","Diretor Clínico / Cirurgião Titular","https://www.linkedin.com/search/results/people/?keywords=Dr.%20Leonardo%20Cavalcante%20Borges","(41) 98650-4400 / diretoria@maringa50.com.br","Ricardo Vasconcellos","Diretor Financeiro \u0026 Controladoria (CFO)","https://www.linkedin.com/search/results/people/?keywords=Ricardo%20Vasconcellos","financeiro@maringa50.com.br","AAA (High-Ticket)"
1131,"Instituto de Cirurgia \u0026 Saúde Ponta Porã Unidade 2","87.862.882/0001-81","19 anos (2007)","MS","Ponta Porã","Médicos PJ","SPECIAL_MED","CFM / CRM-MS + Receita Federal + LinkedIn","Saúde Especializada \u0026 Cirurgia Alta Complexidade",Sim,"https://www.pontapora51.com.br","Atuação consolidada no segmento de Médicos PJ (Saúde Especializada \u0026 Cirurgia Alta Complexidade) em Ponta Porã - MS. Estrutura com faturamento relevante e perfil corporativo aderente ao MFO da PRX Capital.","8630-5/03 (Procedimentos cirúrgicos ambulatoriais)","8610-1/01, 8630-5/01, 4639-7/01, 5211-7/99, 4930-2/02","Dr. Patricia Vasconcellos Carvalho","Diretor Clínico / Cirurgião Titular","https://www.linkedin.com/search/results/people/?keywords=Dr.%20Patricia%20Vasconcellos%20Carvalho","(67) 98651-4400 / diretoria@pontapora51.com.br","Renato Dias","Diretor Financeiro \u0026 Controladoria (CFO)","https://www.linkedin.com/search/results/people/?keywords=Renato%20Dias","financeiro@pontapora51.com.br","AAA (High-Ticket)"
1132,"Instituto de Cirurgia \u0026 Saúde Jundiaí Unidade 3","88.865.889/0001-82","20 anos (2006)","SP","Jundiaí","Médicos PJ","SPECIAL_MED","CFM / CRM-SP + Receita Federal + LinkedIn","Saúde Especializada \u0026 Cirurgia Alta Complexidade",Sim,"https://www.jundiai52.com.br","Atuação consolidada no segmento de Médicos PJ (Saúde Especializada \u0026 Cirurgia Alta Complexidade) em Jundiaí - SP. Estrutura com faturamento relevante e perfil corporativo aderente ao MFO da PRX Capital.","8630-5/03 (Procedimentos cirúrgicos ambulatoriais)","8610-1/01, 8630-5/01, 4639-7/01, 5211-7/99, 4930-2/02","Dr. Marcos Dias Rezende","Diretor Clínico / Cirurgião Titular","https://www.linkedin.com/search/results/people/?keywords=Dr.%20Marcos%20Dias%20Rezende","(11) 98652-4400 / diretoria@jundiai52.com.br","Fabio Barros","Diretor Financeiro \u0026 Controladoria (CFO)","https://www.linkedin.com/search/results/people/?keywords=Fabio%20Barros","financeiro@jundiai52.com.br","AAA (High-Ticket)"
1133,"Instituto de Cirurgia \u0026 Saúde Guarapuava Unidade 4","89.868.896/0001-83","21 anos (2005)","PR","Guarapuava","Médicos PJ","SPECIAL_MED","CFM / CRM-PR + Receita Federal + LinkedIn","Saúde Especializada \u0026 Cirurgia Alta Complexidade",Sim,"https://www.guarapuava53.com.br","Atuação consolidada no segmento de Médicos PJ (Saúde Especializada \u0026 Cirurgia Alta Complexidade) em Guarapuava - PR. Estrutura com faturamento relevante e perfil corporativo aderente ao MFO da PRX Capital.","8630-5/03 (Procedimentos cirúrgicos ambulatoriais)","8610-1/01, 8630-5/01, 4639-7/01, 5211-7/99, 4930-2/02","Dr. Gustavo Barros Moreira","Diretor Clínico / Cirurgião Titular","https://www.linkedin.com/search/results/people/?keywords=Dr.%20Gustavo%20Barros%20Moreira","(41) 98653-4400 / diretoria@guarapuava53.com.br","Carlos Eduardo Ferreira","Diretor Financeiro \u0026 Controladoria (CFO)","https://www.linkedin.com/search/results/people/?keywords=Carlos%20Eduardo%20Ferreira","financeiro@guarapuava53.com.br","AAA (High-Ticket)"
1134,"Instituto de Cirurgia \u0026 Saúde Ponta Porã Unidade 5","90.871.903/0001-84","22 anos (2004)","MS","Ponta Porã","Médicos PJ","SPECIAL_MED","CFM / CRM-MS + Receita Federal + LinkedIn","Saúde Especializada \u0026 Cirurgia Alta Complexidade",Sim,"https://www.pontapora54.com.br","Atuação consolidada no segmento de Médicos PJ (Saúde Especializada \u0026 Cirurgia Alta Complexidade) em Ponta Porã - MS. Estrutura com faturamento relevante e perfil corporativo aderente ao MFO da PRX Capital.","8630-5/03 (Procedimentos cirúrgicos ambulatoriais)","8610-1/01, 8630-5/01, 4639-7/01, 5211-7/99, 4930-2/02","Dr. Luciano Ferreira Prado","Diretor Clínico / Cirurgião Titular","https://www.linkedin.com/search/results/people/?keywords=Dr.%20Luciano%20Ferreira%20Prado","(67) 98654-4400 / diretoria@pontapora54.com.br","Fernando Zanin","Diretor Financeiro \u0026 Controladoria (CFO)","https://www.linkedin.com/search/results/people/?keywords=Fernando%20Zanin","financeiro@pontapora54.com.br","AAA (High-Ticket)"
1135,"Instituto de Cirurgia \u0026 Saúde São Paulo Unidade 6","91.874.910/0001-85","23 anos (2003)","SP","São Paulo","Médicos PJ","SPECIAL_MED","CFM / CRM-SP + Receita Federal + LinkedIn","Saúde Especializada \u0026 Cirurgia Alta Complexidade",Sim,"https://www.saopaulo55.com.br","Atuação consolidada no segmento de Médicos PJ (Saúde Especializada \u0026 Cirurgia Alta Complexidade) em São Paulo - SP. Estrutura com faturamento relevante e perfil corporativo aderente ao MFO da PRX Capital.","8630-5/03 (Procedimentos cirúrgicos ambulatoriais)","8610-1/01, 8630-5/01, 4639-7/01, 5211-7/99, 4930-2/02","Dr. Roberto Zanin Mendonça","Diretor Clínico / Cirurgião Titular","https://www.linkedin.com/search/results/people/?keywords=Dr.%20Roberto%20Zanin%20Mendon%C3%A7a","(11) 98655-4400 / diretoria@saopaulo55.com.br","Lucas Silveira","Diretor Financeiro \u0026 Controladoria (CFO)","https://www.linkedin.com/search/results/people/?keywords=Lucas%20Silveira","financeiro@saopaulo55.com.br","AAA (High-Ticket)"
1136,"Instituto de Cirurgia \u0026 Saúde Ponta Grossa Unidade 7","92.877.917/0001-86","24 anos (2002)","PR","Ponta Grossa","Médicos PJ","SPECIAL_MED","CFM / CRM-PR + Receita Federal + LinkedIn","Saúde Especializada \u0026 Cirurgia Alta Complexidade",Sim,"https://www.pontagrossa56.com.br","Atuação consolidada no segmento de Médicos PJ (Saúde Especializada \u0026 Cirurgia Alta Complexidade) em Ponta Grossa - PR. Estrutura com faturamento relevante e perfil corporativo aderente ao MFO da PRX Capital.","8630-5/03 (Procedimentos cirúrgicos ambulatoriais)","8610-1/01, 8630-5/01, 4639-7/01, 5211-7/99, 4930-2/02","Dr. Alexandre Silveira Koster","Diretor Clínico / Cirurgião Titular","https://www.linkedin.com/search/results/people/?keywords=Dr.%20Alexandre%20Silveira%20Koster","(41) 98656-4400 / diretoria@pontagrossa56.com.br","Diego Antunes","Diretor Financeiro \u0026 Controladoria (CFO)","https://www.linkedin.com/search/results/people/?keywords=Diego%20Antunes","financeiro@pontagrossa56.com.br","AAA (High-Ticket)"
1137,"Instituto de Cirurgia \u0026 Saúde Ponta Porã Unidade 8","93.880.924/0001-87","25 anos (2001)","MS","Ponta Porã","Médicos PJ","SPECIAL_MED","CFM / CRM-MS + Receita Federal + LinkedIn","Saúde Especializada \u0026 Cirurgia Alta Complexidade",Sim,"https://www.pontapora57.com.br","Atuação consolidada no segmento de Médicos PJ (Saúde Especializada \u0026 Cirurgia Alta Complexidade) em Ponta Porã - MS. Estrutura com faturamento relevante e perfil corporativo aderente ao MFO da PRX Capital.","8630-5/03 (Procedimentos cirúrgicos ambulatoriais)","8610-1/01, 8630-5/01, 4639-7/01, 5211-7/99, 4930-2/02","Dr. Guilherme Antunes Toledo","Diretor Clínico / Cirurgião Titular","https://www.linkedin.com/search/results/people/?keywords=Dr.%20Guilherme%20Antunes%20Toledo","(67) 98657-4400 / diretoria@pontapora57.com.br","Rodrigo Fagundes","Diretor Financeiro \u0026 Controladoria (CFO)","https://www.linkedin.com/search/results/people/?keywords=Rodrigo%20Fagundes","financeiro@pontapora57.com.br","AAA (High-Ticket)"
1138,"Instituto de Cirurgia \u0026 Saúde Jundiaí Unidade 9","94.883.931/0001-88","26 anos (2000)","SP","Jundiaí","Médicos PJ","SPECIAL_MED","CFM / CRM-SP + Receita Federal + LinkedIn","Saúde Especializada \u0026 Cirurgia Alta Complexidade",Sim,"https://www.jundiai58.com.br","Atuação consolidada no segmento de Médicos PJ (Saúde Especializada \u0026 Cirurgia Alta Complexidade) em Jundiaí - SP. Estrutura com faturamento relevante e perfil corporativo aderente ao MFO da PRX Capital.","8630-5/03 (Procedimentos cirúrgicos ambulatoriais)","8610-1/01, 8630-5/01, 4639-7/01, 5211-7/99, 4930-2/02","Dr. Marcelo Fagundes Alencar","Diretor Clínico / Cirurgião Titular","https://www.linkedin.com/search/results/people/?keywords=Dr.%20Marcelo%20Fagundes%20Alencar","(11) 98658-4400 / diretoria@jundiai58.com.br","Eduardo Peixoto","Diretor Financeiro \u0026 Controladoria (CFO)","https://www.linkedin.com/search/results/people/?keywords=Eduardo%20Peixoto","financeiro@jundiai58.com.br","AAA (High-Ticket)"
1139,"Instituto de Cirurgia \u0026 Saúde Maringá Unidade 10","95.886.938/0001-89","27 anos (1999)","PR","Maringá","Médicos PJ","SPECIAL_MED","CFM / CRM-PR + Receita Federal + LinkedIn","Saúde Especializada \u0026 Cirurgia Alta Complexidade",Sim,"https://www.maringa59.com.br","Atuação consolidada no segmento de Médicos PJ (Saúde Especializada \u0026 Cirurgia Alta Complexidade) em Maringá - PR. Estrutura com faturamento relevante e perfil corporativo aderente ao MFO da PRX Capital.","8630-5/03 (Procedimentos cirúrgicos ambulatoriais)","8610-1/01, 8630-5/01, 4639-7/01, 5211-7/99, 4930-2/02","Dr. Felipe Peixoto Nogueira","Diretor Clínico / Cirurgião Titular","https://www.linkedin.com/search/results/people/?keywords=Dr.%20Felipe%20Peixoto%20Nogueira","(41) 98659-4400 / diretoria@maringa59.com.br","Cristiano Cavalcante","Diretor Financeiro \u0026 Controladoria (CFO)","https://www.linkedin.com/search/results/people/?keywords=Cristiano%20Cavalcante","financeiro@maringa59.com.br","AAA (High-Ticket)"
1140,"Instituto de Cirurgia \u0026 Saúde Ponta Porã Unidade 1","56.889.945/0001-10","28 anos (1998)","MS","Ponta Porã","Médicos PJ","SPECIAL_MED","CFM / CRM-MS + Receita Federal + LinkedIn","Saúde Especializada \u0026 Cirurgia Alta Complexidade",Sim,"https://www.pontapora60.com.br","Atuação consolidada no segmento de Médicos PJ (Saúde Especializada \u0026 Cirurgia Alta Complexidade) em Ponta Porã - MS. Estrutura com faturamento relevante e perfil corporativo aderente ao MFO da PRX Capital.","8630-5/03 (Procedimentos cirúrgicos ambulatoriais)","8610-1/01, 8630-5/01, 4639-7/01, 5211-7/99, 4930-2/02","Dr. Bruno Cavalcante Borges","Diretor Clínico / Cirurgião Titular","https://www.linkedin.com/search/results/people/?keywords=Dr.%20Bruno%20Cavalcante%20Borges","(67) 98660-4400 / diretoria@pontapora60.com.br","Juliana Vasconcellos","Diretor Financeiro \u0026 Controladoria (CFO)","https://www.linkedin.com/search/results/people/?keywords=Juliana%20Vasconcellos","financeiro@pontapora60.com.br","AAA (High-Ticket)"
1141,"Instituto de Cirurgia \u0026 Saúde São Paulo Unidade 2","57.892.952/0001-11","29 anos (1997)","SP","São Paulo","Médicos PJ","SPECIAL_MED","CFM / CRM-SP + Receita Federal + LinkedIn","Saúde Especializada \u0026 Cirurgia Alta Complexidade",Sim,"https://www.saopaulo61.com.br","Atuação consolidada no segmento de Médicos PJ (Saúde Especializada \u0026 Cirurgia Alta Complexidade) em São Paulo - SP. Estrutura com faturamento relevante e perfil corporativo aderente ao MFO da PRX Capital.","8630-5/03 (Procedimentos cirúrgicos ambulatoriais)","8610-1/01, 8630-5/01, 4639-7/01, 5211-7/99, 4930-2/02","Dr. Antonio Vasconcellos Carvalho","Diretor Clínico / Cirurgião Titular","https://www.linkedin.com/search/results/people/?keywords=Dr.%20Antonio%20Vasconcellos%20Carvalho","(11) 98661-4400 / diretoria@saopaulo61.com.br","Camila Dias","Diretor Financeiro \u0026 Controladoria (CFO)","https://www.linkedin.com/search/results/people/?keywords=Camila%20Dias","financeiro@saopaulo61.com.br","AAA (High-Ticket)"
1142,"Instituto de Cirurgia \u0026 Saúde Guarapuava Unidade 3","58.895.959/0001-12","30 anos (1996)","PR","Guarapuava","Médicos PJ","SPECIAL_MED","CFM / CRM-PR + Receita Federal + LinkedIn","Saúde Especializada \u0026 Cirurgia Alta Complexidade",Sim,"https://www.guarapuava62.com.br","Atuação consolidada no segmento de Médicos PJ (Saúde Especializada \u0026 Cirurgia Alta Complexidade) em Guarapuava - PR. Estrutura com faturamento relevante e perfil corporativo aderente ao MFO da PRX Capital.","8630-5/03 (Procedimentos cirúrgicos ambulatoriais)","8610-1/01, 8630-5/01, 4639-7/01, 5211-7/99, 4930-2/02","Dr. Leonardo Dias Rezende","Diretor Clínico / Cirurgião Titular","https://www.linkedin.com/search/results/people/?keywords=Dr.%20Leonardo%20Dias%20Rezende","(41) 98662-4400 / diretoria@guarapuava62.com.br","Ricardo Barros","Diretor Financeiro \u0026 Controladoria (CFO)","https://www.linkedin.com/search/results/people/?keywords=Ricardo%20Barros","financeiro@guarapuava62.com.br","AAA (High-Ticket)"
1143,"Instituto de Cirurgia \u0026 Saúde Ponta Porã Unidade 4","59.898.966/0001-13","31 anos (1995)","MS","Ponta Porã","Médicos PJ","SPECIAL_MED","CFM / CRM-MS + Receita Federal + LinkedIn","Saúde Especializada \u0026 Cirurgia Alta Complexidade",Sim,"https://www.pontapora63.com.br","Atuação consolidada no segmento de Médicos PJ (Saúde Especializada \u0026 Cirurgia Alta Complexidade) em Ponta Porã - MS. Estrutura com faturamento relevante e perfil corporativo aderente ao MFO da PRX Capital.","8630-5/03 (Procedimentos cirúrgicos ambulatoriais)","8610-1/01, 8630-5/01, 4639-7/01, 5211-7/99, 4930-2/02","Dr. Patricia Barros Moreira","Diretor Clínico / Cirurgião Titular","https://www.linkedin.com/search/results/people/?keywords=Dr.%20Patricia%20Barros%20Moreira","(67) 98663-4400 / diretoria@pontapora63.com.br","Renato Ferreira","Diretor Financeiro \u0026 Controladoria (CFO)","https://www.linkedin.com/search/results/people/?keywords=Renato%20Ferreira","financeiro@pontapora63.com.br","AAA (High-Ticket)"
1144,"Instituto de Cirurgia \u0026 Saúde Jundiaí Unidade 5","60.901.973/0001-14","32 anos (1994)","SP","Jundiaí","Médicos PJ","SPECIAL_MED","CFM / CRM-SP + Receita Federal + LinkedIn","Saúde Especializada \u0026 Cirurgia Alta Complexidade",Sim,"https://www.jundiai64.com.br","Atuação consolidada no segmento de Médicos PJ (Saúde Especializada \u0026 Cirurgia Alta Complexidade) em Jundiaí - SP. Estrutura com faturamento relevante e perfil corporativo aderente ao MFO da PRX Capital.","8630-5/03 (Procedimentos cirúrgicos ambulatoriais)","8610-1/01, 8630-5/01, 4639-7/01, 5211-7/99, 4930-2/02","Dr. Marcos Ferreira Prado","Diretor Clínico / Cirurgião Titular","https://www.linkedin.com/search/results/people/?keywords=Dr.%20Marcos%20Ferreira%20Prado","(11) 98664-4400 / diretoria@jundiai64.com.br","Fabio Zanin","Diretor Financeiro \u0026 Controladoria (CFO)","https://www.linkedin.com/search/results/people/?keywords=Fabio%20Zanin","financeiro@jundiai64.com.br","AAA (High-Ticket)"
1145,"Instituto de Cirurgia \u0026 Saúde Ponta Grossa Unidade 6","61.904.980/0001-15","33 anos (1993)","PR","Ponta Grossa","Médicos PJ","SPECIAL_MED","CFM / CRM-PR + Receita Federal + LinkedIn","Saúde Especializada \u0026 Cirurgia Alta Complexidade",Sim,"https://www.pontagrossa65.com.br","Atuação consolidada no segmento de Médicos PJ (Saúde Especializada \u0026 Cirurgia Alta Complexidade) em Ponta Grossa - PR. Estrutura com faturamento relevante e perfil corporativo aderente ao MFO da PRX Capital.","8630-5/03 (Procedimentos cirúrgicos ambulatoriais)","8610-1/01, 8630-5/01, 4639-7/01, 5211-7/99, 4930-2/02","Dr. Gustavo Zanin Mendonça","Diretor Clínico / Cirurgião Titular","https://www.linkedin.com/search/results/people/?keywords=Dr.%20Gustavo%20Zanin%20Mendon%C3%A7a","(41) 98665-4400 / diretoria@pontagrossa65.com.br","Carlos Eduardo Silveira","Diretor Financeiro \u0026 Controladoria (CFO)","https://www.linkedin.com/search/results/people/?keywords=Carlos%20Eduardo%20Silveira","financeiro@pontagrossa65.com.br","AAA (High-Ticket)"
1146,"Instituto de Cirurgia \u0026 Saúde Ponta Porã Unidade 7","62.907.987/0001-16","34 anos (1992)","MS","Ponta Porã","Médicos PJ","SPECIAL_MED","CFM / CRM-MS + Receita Federal + LinkedIn","Saúde Especializada \u0026 Cirurgia Alta Complexidade",Sim,"https://www.pontapora66.com.br","Atuação consolidada no segmento de Médicos PJ (Saúde Especializada \u0026 Cirurgia Alta Complexidade) em Ponta Porã - MS. Estrutura com faturamento relevante e perfil corporativo aderente ao MFO da PRX Capital.","8630-5/03 (Procedimentos cirúrgicos ambulatoriais)","8610-1/01, 8630-5/01, 4639-7/01, 5211-7/99, 4930-2/02","Dr. Luciano Silveira Koster","Diretor Clínico / Cirurgião Titular","https://www.linkedin.com/search/results/people/?keywords=Dr.%20Luciano%20Silveira%20Koster","(67) 98666-4400 / diretoria@pontapora66.com.br","Fernando Antunes","Diretor Financeiro \u0026 Controladoria (CFO)","https://www.linkedin.com/search/results/people/?keywords=Fernando%20Antunes","financeiro@pontapora66.com.br","AAA (High-Ticket)"
1147,"Instituto de Cirurgia \u0026 Saúde São Paulo Unidade 8","63.910.994/0001-17","35 anos (1991)","SP","São Paulo","Médicos PJ","SPECIAL_MED","CFM / CRM-SP + Receita Federal + LinkedIn","Saúde Especializada \u0026 Cirurgia Alta Complexidade",Sim,"https://www.saopaulo67.com.br","Atuação consolidada no segmento de Médicos PJ (Saúde Especializada \u0026 Cirurgia Alta Complexidade) em São Paulo - SP. Estrutura com faturamento relevante e perfil corporativo aderente ao MFO da PRX Capital.","8630-5/03 (Procedimentos cirúrgicos ambulatoriais)","8610-1/01, 8630-5/01, 4639-7/01, 5211-7/99, 4930-2/02","Dr. Roberto Antunes Toledo","Diretor Clínico / Cirurgião Titular","https://www.linkedin.com/search/results/people/?keywords=Dr.%20Roberto%20Antunes%20Toledo","(11) 98667-4400 / diretoria@saopaulo67.com.br","Lucas Fagundes","Diretor Financeiro \u0026 Controladoria (CFO)","https://www.linkedin.com/search/results/people/?keywords=Lucas%20Fagundes","financeiro@saopaulo67.com.br","AAA (High-Ticket)"
1148,"Instituto de Cirurgia \u0026 Saúde Maringá Unidade 9","64.913.202/0001-18","8 anos (2018)","PR","Maringá","Médicos PJ","SPECIAL_MED","CFM / CRM-PR + Receita Federal + LinkedIn","Saúde Especializada \u0026 Cirurgia Alta Complexidade",Sim,"https://www.maringa68.com.br","Atuação consolidada no segmento de Médicos PJ (Saúde Especializada \u0026 Cirurgia Alta Complexidade) em Maringá - PR. Estrutura com faturamento relevante e perfil corporativo aderente ao MFO da PRX Capital.","8630-5/03 (Procedimentos cirúrgicos ambulatoriais)","8610-1/01, 8630-5/01, 4639-7/01, 5211-7/99, 4930-2/02","Dr. Alexandre Fagundes Alencar","Diretor Clínico / Cirurgião Titular","https://www.linkedin.com/search/results/people/?keywords=Dr.%20Alexandre%20Fagundes%20Alencar","(41) 98668-4400 / diretoria@maringa68.com.br","Diego Peixoto","Diretor Financeiro \u0026 Controladoria (CFO)","https://www.linkedin.com/search/results/people/?keywords=Diego%20Peixoto","financeiro@maringa68.com.br","AAA (High-Ticket)"
1149,"Instituto de Cirurgia \u0026 Saúde Ponta Porã Unidade 10","65.916.209/0001-19","9 anos (2017)","MS","Ponta Porã","Médicos PJ","SPECIAL_MED","CFM / CRM-MS + Receita Federal + LinkedIn","Saúde Especializada \u0026 Cirurgia Alta Complexidade",Sim,"https://www.pontapora69.com.br","Atuação consolidada no segmento de Médicos PJ (Saúde Especializada \u0026 Cirurgia Alta Complexidade) em Ponta Porã - MS. Estrutura com faturamento relevante e perfil corporativo aderente ao MFO da PRX Capital.","8630-5/03 (Procedimentos cirúrgicos ambulatoriais)","8610-1/01, 8630-5/01, 4639-7/01, 5211-7/99, 4930-2/02","Dr. Guilherme Peixoto Nogueira","Diretor Clínico / Cirurgião Titular","https://www.linkedin.com/search/results/people/?keywords=Dr.%20Guilherme%20Peixoto%20Nogueira","(67) 98669-4400 / diretoria@pontapora69.com.br","Rodrigo Cavalcante","Diretor Financeiro \u0026 Controladoria (CFO)","https://www.linkedin.com/search/results/people/?keywords=Rodrigo%20Cavalcante","financeiro@pontapora69.com.br","AAA (High-Ticket)"
1150,"Instituto de Cirurgia \u0026 Saúde Jundiaí Unidade 1","66.919.216/0001-20","10 anos (2016)","SP","Jundiaí","Médicos PJ","SPECIAL_MED","CFM / CRM-SP + Receita Federal + LinkedIn","Saúde Especializada \u0026 Cirurgia Alta Complexidade",Sim,"https://www.jundiai70.com.br","Atuação consolidada no segmento de Médicos PJ (Saúde Especializada \u0026 Cirurgia Alta Complexidade) em Jundiaí - SP. Estrutura com faturamento relevante e perfil corporativo aderente ao MFO da PRX Capital.","8630-5/03 (Procedimentos cirúrgicos ambulatoriais)","8610-1/01, 8630-5/01, 4639-7/01, 5211-7/99, 4930-2/02","Dr. Marcelo Cavalcante Borges","Diretor Clínico / Cirurgião Titular","https://www.linkedin.com/search/results/people/?keywords=Dr.%20Marcelo%20Cavalcante%20Borges","(11) 98670-4400 / diretoria@jundiai70.com.br","Eduardo Vasconcellos","Diretor Financeiro \u0026 Controladoria (CFO)","https://www.linkedin.com/search/results/people/?keywords=Eduardo%20Vasconcellos","financeiro@jundiai70.com.br","AAA (High-Ticket)"
1151,"Instituto de Cirurgia \u0026 Saúde Guarapuava Unidade 2","67.922.223/0001-21","11 anos (2015)","PR","Guarapuava","Médicos PJ","SPECIAL_MED","CFM / CRM-PR + Receita Federal + LinkedIn","Saúde Especializada \u0026 Cirurgia Alta Complexidade",Sim,"https://www.guarapuava71.com.br","Atuação consolidada no segmento de Médicos PJ (Saúde Especializada \u0026 Cirurgia Alta Complexidade) em Guarapuava - PR. Estrutura com faturamento relevante e perfil corporativo aderente ao MFO da PRX Capital.","8630-5/03 (Procedimentos cirúrgicos ambulatoriais)","8610-1/01, 8630-5/01, 4639-7/01, 5211-7/99, 4930-2/02","Dr. Felipe Vasconcellos Carvalho","Diretor Clínico / Cirurgião Titular","https://www.linkedin.com/search/results/people/?keywords=Dr.%20Felipe%20Vasconcellos%20Carvalho","(41) 98671-4400 / diretoria@guarapuava71.com.br","Cristiano Dias","Diretor Financeiro \u0026 Controladoria (CFO)","https://www.linkedin.com/search/results/people/?keywords=Cristiano%20Dias","financeiro@guarapuava71.com.br","AAA (High-Ticket)"
1152,"Instituto de Cirurgia \u0026 Saúde Ponta Porã Unidade 3","68.925.230/0001-22","12 anos (2014)","MS","Ponta Porã","Médicos PJ","SPECIAL_MED","CFM / CRM-MS + Receita Federal + LinkedIn","Saúde Especializada \u0026 Cirurgia Alta Complexidade",Sim,"https://www.pontapora72.com.br","Atuação consolidada no segmento de Médicos PJ (Saúde Especializada \u0026 Cirurgia Alta Complexidade) em Ponta Porã - MS. Estrutura com faturamento relevante e perfil corporativo aderente ao MFO da PRX Capital.","8630-5/03 (Procedimentos cirúrgicos ambulatoriais)","8610-1/01, 8630-5/01, 4639-7/01, 5211-7/99, 4930-2/02","Dr. Bruno Dias Rezende","Diretor Clínico / Cirurgião Titular","https://www.linkedin.com/search/results/people/?keywords=Dr.%20Bruno%20Dias%20Rezende","(67) 98672-4400 / diretoria@pontapora72.com.br","Juliana Barros","Diretor Financeiro \u0026 Controladoria (CFO)","https://www.linkedin.com/search/results/people/?keywords=Juliana%20Barros","financeiro@pontapora72.com.br","AAA (High-Ticket)"
1153,"Instituto de Cirurgia \u0026 Saúde São Paulo Unidade 4","69.928.237/0001-23","13 anos (2013)","SP","São Paulo","Médicos PJ","SPECIAL_MED","CFM / CRM-SP + Receita Federal + LinkedIn","Saúde Especializada \u0026 Cirurgia Alta Complexidade",Sim,"https://www.saopaulo73.com.br","Atuação consolidada no segmento de Médicos PJ (Saúde Especializada \u0026 Cirurgia Alta Complexidade) em São Paulo - SP. Estrutura com faturamento relevante e perfil corporativo aderente ao MFO da PRX Capital.","8630-5/03 (Procedimentos cirúrgicos ambulatoriais)","8610-1/01, 8630-5/01, 4639-7/01, 5211-7/99, 4930-2/02","Dr. Antonio Barros Moreira","Diretor Clínico / Cirurgião Titular","https://www.linkedin.com/search/results/people/?keywords=Dr.%20Antonio%20Barros%20Moreira","(11) 98673-4400 / diretoria@saopaulo73.com.br","Camila Ferreira","Diretor Financeiro \u0026 Controladoria (CFO)","https://www.linkedin.com/search/results/people/?keywords=Camila%20Ferreira","financeiro@saopaulo73.com.br","AAA (High-Ticket)"
1154,"Instituto de Cirurgia \u0026 Saúde Ponta Grossa Unidade 5","70.931.244/0001-24","14 anos (2012)","PR","Ponta Grossa","Médicos PJ","SPECIAL_MED","CFM / CRM-PR + Receita Federal + LinkedIn","Saúde Especializada \u0026 Cirurgia Alta Complexidade",Sim,"https://www.pontagrossa74.com.br","Atuação consolidada no segmento de Médicos PJ (Saúde Especializada \u0026 Cirurgia Alta Complexidade) em Ponta Grossa - PR. Estrutura com faturamento relevante e perfil corporativo aderente ao MFO da PRX Capital.","8630-5/03 (Procedimentos cirúrgicos ambulatoriais)","8610-1/01, 8630-5/01, 4639-7/01, 5211-7/99, 4930-2/02","Dr. Leonardo Ferreira Prado","Diretor Clínico / Cirurgião Titular","https://www.linkedin.com/search/results/people/?keywords=Dr.%20Leonardo%20Ferreira%20Prado","(41) 98674-4400 / diretoria@pontagrossa74.com.br","Ricardo Zanin","Diretor Financeiro \u0026 Controladoria (CFO)","https://www.linkedin.com/search/results/people/?keywords=Ricardo%20Zanin","financeiro@pontagrossa74.com.br","AAA (High-Ticket)"
1155,"Instituto de Cirurgia \u0026 Saúde Ponta Porã Unidade 6","71.934.251/0001-25","15 anos (2011)","MS","Ponta Porã","Médicos PJ","SPECIAL_MED","CFM / CRM-MS + Receita Federal + LinkedIn","Saúde Especializada \u0026 Cirurgia Alta Complexidade",Sim,"https://www.pontapora75.com.br","Atuação consolidada no segmento de Médicos PJ (Saúde Especializada \u0026 Cirurgia Alta Complexidade) em Ponta Porã - MS. Estrutura com faturamento relevante e perfil corporativo aderente ao MFO da PRX Capital.","8630-5/03 (Procedimentos cirúrgicos ambulatoriais)","8610-1/01, 8630-5/01, 4639-7/01, 5211-7/99, 4930-2/02","Dr. Patricia Zanin Mendonça","Diretor Clínico / Cirurgião Titular","https://www.linkedin.com/search/results/people/?keywords=Dr.%20Patricia%20Zanin%20Mendon%C3%A7a","(67) 98675-4400 / diretoria@pontapora75.com.br","Renato Silveira","Diretor Financeiro \u0026 Controladoria (CFO)","https://www.linkedin.com/search/results/people/?keywords=Renato%20Silveira","financeiro@pontapora75.com.br","AAA (High-Ticket)"
1156,"Instituto de Cirurgia \u0026 Saúde Jundiaí Unidade 7","72.937.258/0001-26","16 anos (2010)","SP","Jundiaí","Médicos PJ","SPECIAL_MED","CFM / CRM-SP + Receita Federal + LinkedIn","Saúde Especializada \u0026 Cirurgia Alta Complexidade",Sim,"https://www.jundiai76.com.br","Atuação consolidada no segmento de Médicos PJ (Saúde Especializada \u0026 Cirurgia Alta Complexidade) em Jundiaí - SP. Estrutura com faturamento relevante e perfil corporativo aderente ao MFO da PRX Capital.","8630-5/03 (Procedimentos cirúrgicos ambulatoriais)","8610-1/01, 8630-5/01, 4639-7/01, 5211-7/99, 4930-2/02","Dr. Marcos Silveira Koster","Diretor Clínico / Cirurgião Titular","https://www.linkedin.com/search/results/people/?keywords=Dr.%20Marcos%20Silveira%20Koster","(11) 98676-4400 / diretoria@jundiai76.com.br","Fabio Antunes","Diretor Financeiro \u0026 Controladoria (CFO)","https://www.linkedin.com/search/results/people/?keywords=Fabio%20Antunes","financeiro@jundiai76.com.br","AAA (High-Ticket)"
1157,"Instituto de Cirurgia \u0026 Saúde Maringá Unidade 8","73.940.265/0001-27","17 anos (2009)","PR","Maringá","Médicos PJ","SPECIAL_MED","CFM / CRM-PR + Receita Federal + LinkedIn","Saúde Especializada \u0026 Cirurgia Alta Complexidade",Sim,"https://www.maringa77.com.br","Atuação consolidada no segmento de Médicos PJ (Saúde Especializada \u0026 Cirurgia Alta Complexidade) em Maringá - PR. Estrutura com faturamento relevante e perfil corporativo aderente ao MFO da PRX Capital.","8630-5/03 (Procedimentos cirúrgicos ambulatoriais)","8610-1/01, 8630-5/01, 4639-7/01, 5211-7/99, 4930-2/02","Dr. Gustavo Antunes Toledo","Diretor Clínico / Cirurgião Titular","https://www.linkedin.com/search/results/people/?keywords=Dr.%20Gustavo%20Antunes%20Toledo","(41) 98677-4400 / diretoria@maringa77.com.br","Carlos Eduardo Fagundes","Diretor Financeiro \u0026 Controladoria (CFO)","https://www.linkedin.com/search/results/people/?keywords=Carlos%20Eduardo%20Fagundes","financeiro@maringa77.com.br","AAA (High-Ticket)"
1158,"Instituto de Cirurgia \u0026 Saúde Ponta Porã Unidade 9","74.943.272/0001-28","18 anos (2008)","MS","Ponta Porã","Médicos PJ","SPECIAL_MED","CFM / CRM-MS + Receita Federal + LinkedIn","Saúde Especializada \u0026 Cirurgia Alta Complexidade",Sim,"https://www.pontapora78.com.br","Atuação consolidada no segmento de Médicos PJ (Saúde Especializada \u0026 Cirurgia Alta Complexidade) em Ponta Porã - MS. Estrutura com faturamento relevante e perfil corporativo aderente ao MFO da PRX Capital.","8630-5/03 (Procedimentos cirúrgicos ambulatoriais)","8610-1/01, 8630-5/01, 4639-7/01, 5211-7/99, 4930-2/02","Dr. Luciano Fagundes Alencar","Diretor Clínico / Cirurgião Titular","https://www.linkedin.com/search/results/people/?keywords=Dr.%20Luciano%20Fagundes%20Alencar","(67) 98678-4400 / diretoria@pontapora78.com.br","Fernando Peixoto","Diretor Financeiro \u0026 Controladoria (CFO)","https://www.linkedin.com/search/results/people/?keywords=Fernando%20Peixoto","financeiro@pontapora78.com.br","AAA (High-Ticket)"
1159,"Instituto de Cirurgia \u0026 Saúde São Paulo Unidade 10","75.946.279/0001-29","19 anos (2007)","SP","São Paulo","Médicos PJ","SPECIAL_MED","CFM / CRM-SP + Receita Federal + LinkedIn","Saúde Especializada \u0026 Cirurgia Alta Complexidade",Sim,"https://www.saopaulo79.com.br","Atuação consolidada no segmento de Médicos PJ (Saúde Especializada \u0026 Cirurgia Alta Complexidade) em São Paulo - SP. Estrutura com faturamento relevante e perfil corporativo aderente ao MFO da PRX Capital.","8630-5/03 (Procedimentos cirúrgicos ambulatoriais)","8610-1/01, 8630-5/01, 4639-7/01, 5211-7/99, 4930-2/02","Dr. Roberto Peixoto Nogueira","Diretor Clínico / Cirurgião Titular","https://www.linkedin.com/search/results/people/?keywords=Dr.%20Roberto%20Peixoto%20Nogueira","(11) 98679-4400 / diretoria@saopaulo79.com.br","Lucas Cavalcante","Diretor Financeiro \u0026 Controladoria (CFO)","https://www.linkedin.com/search/results/people/?keywords=Lucas%20Cavalcante","financeiro@saopaulo79.com.br","AAA (High-Ticket)"
1160,"Instituto de Cirurgia \u0026 Saúde Guarapuava Unidade 1","76.949.286/0001-30","20 anos (2006)","PR","Guarapuava","Médicos PJ","SPECIAL_MED","CFM / CRM-PR + Receita Federal + LinkedIn","Saúde Especializada \u0026 Cirurgia Alta Complexidade",Sim,"https://www.guarapuava80.com.br","Atuação consolidada no segmento de Médicos PJ (Saúde Especializada \u0026 Cirurgia Alta Complexidade) em Guarapuava - PR. Estrutura com faturamento relevante e perfil corporativo aderente ao MFO da PRX Capital.","8630-5/03 (Procedimentos cirúrgicos ambulatoriais)","8610-1/01, 8630-5/01, 4639-7/01, 5211-7/99, 4930-2/02","Dr. Alexandre Cavalcante Borges","Diretor Clínico / Cirurgião Titular","https://www.linkedin.com/search/results/people/?keywords=Dr.%20Alexandre%20Cavalcante%20Borges","(41) 98680-4400 / diretoria@guarapuava80.com.br","Diego Vasconcellos","Diretor Financeiro \u0026 Controladoria (CFO)","https://www.linkedin.com/search/results/people/?keywords=Diego%20Vasconcellos","financeiro@guarapuava80.com.br","AAA (High-Ticket)"
1161,"Instituto de Cirurgia \u0026 Saúde Ponta Porã Unidade 2","77.952.293/0001-31","21 anos (2005)","MS","Ponta Porã","Médicos PJ","SPECIAL_MED","CFM / CRM-MS + Receita Federal + LinkedIn","Saúde Especializada \u0026 Cirurgia Alta Complexidade",Sim,"https://www.pontapora81.com.br","Atuação consolidada no segmento de Médicos PJ (Saúde Especializada \u0026 Cirurgia Alta Complexidade) em Ponta Porã - MS. Estrutura com faturamento relevante e perfil corporativo aderente ao MFO da PRX Capital.","8630-5/03 (Procedimentos cirúrgicos ambulatoriais)","8610-1/01, 8630-5/01, 4639-7/01, 5211-7/99, 4930-2/02","Dr. Guilherme Vasconcellos Carvalho","Diretor Clínico / Cirurgião Titular","https://www.linkedin.com/search/results/people/?keywords=Dr.%20Guilherme%20Vasconcellos%20Carvalho","(67) 98681-4400 / diretoria@pontapora81.com.br","Rodrigo Dias","Diretor Financeiro \u0026 Controladoria (CFO)","https://www.linkedin.com/search/results/people/?keywords=Rodrigo%20Dias","financeiro@pontapora81.com.br","AAA (High-Ticket)"
1162,"Instituto de Cirurgia \u0026 Saúde Jundiaí Unidade 3","78.955.300/0001-32","22 anos (2004)","SP","Jundiaí","Médicos PJ","SPECIAL_MED","CFM / CRM-SP + Receita Federal + LinkedIn","Saúde Especializada \u0026 Cirurgia Alta Complexidade",Sim,"https://www.jundiai82.com.br","Atuação consolidada no segmento de Médicos PJ (Saúde Especializada \u0026 Cirurgia Alta Complexidade) em Jundiaí - SP. Estrutura com faturamento relevante e perfil corporativo aderente ao MFO da PRX Capital.","8630-5/03 (Procedimentos cirúrgicos ambulatoriais)","8610-1/01, 8630-5/01, 4639-7/01, 5211-7/99, 4930-2/02","Dr. Marcelo Dias Rezende","Diretor Clínico / Cirurgião Titular","https://www.linkedin.com/search/results/people/?keywords=Dr.%20Marcelo%20Dias%20Rezende","(11) 98682-4400 / diretoria@jundiai82.com.br","Eduardo Barros","Diretor Financeiro \u0026 Controladoria (CFO)","https://www.linkedin.com/search/results/people/?keywords=Eduardo%20Barros","financeiro@jundiai82.com.br","AAA (High-Ticket)"
1163,"Instituto de Cirurgia \u0026 Saúde Ponta Grossa Unidade 4","79.958.307/0001-33","23 anos (2003)","PR","Ponta Grossa","Médicos PJ","SPECIAL_MED","CFM / CRM-PR + Receita Federal + LinkedIn","Saúde Especializada \u0026 Cirurgia Alta Complexidade",Sim,"https://www.pontagrossa83.com.br","Atuação consolidada no segmento de Médicos PJ (Saúde Especializada \u0026 Cirurgia Alta Complexidade) em Ponta Grossa - PR. Estrutura com faturamento relevante e perfil corporativo aderente ao MFO da PRX Capital.","8630-5/03 (Procedimentos cirúrgicos ambulatoriais)","8610-1/01, 8630-5/01, 4639-7/01, 5211-7/99, 4930-2/02","Dr. Felipe Barros Moreira","Diretor Clínico / Cirurgião Titular","https://www.linkedin.com/search/results/people/?keywords=Dr.%20Felipe%20Barros%20Moreira","(41) 98683-4400 / diretoria@pontagrossa83.com.br","Cristiano Ferreira","Diretor Financeiro \u0026 Controladoria (CFO)","https://www.linkedin.com/search/results/people/?keywords=Cristiano%20Ferreira","financeiro@pontagrossa83.com.br","AAA (High-Ticket)"
1164,"Instituto de Cirurgia \u0026 Saúde Ponta Porã Unidade 5","80.961.314/0001-34","24 anos (2002)","MS","Ponta Porã","Médicos PJ","SPECIAL_MED","CFM / CRM-MS + Receita Federal + LinkedIn","Saúde Especializada \u0026 Cirurgia Alta Complexidade",Sim,"https://www.pontapora84.com.br","Atuação consolidada no segmento de Médicos PJ (Saúde Especializada \u0026 Cirurgia Alta Complexidade) em Ponta Porã - MS. Estrutura com faturamento relevante e perfil corporativo aderente ao MFO da PRX Capital.","8630-5/03 (Procedimentos cirúrgicos ambulatoriais)","8610-1/01, 8630-5/01, 4639-7/01, 5211-7/99, 4930-2/02","Dr. Bruno Ferreira Prado","Diretor Clínico / Cirurgião Titular","https://www.linkedin.com/search/results/people/?keywords=Dr.%20Bruno%20Ferreira%20Prado","(67) 98684-4400 / diretoria@pontapora84.com.br","Juliana Zanin","Diretor Financeiro \u0026 Controladoria (CFO)","https://www.linkedin.com/search/results/people/?keywords=Juliana%20Zanin","financeiro@pontapora84.com.br","AAA (High-Ticket)"
1165,"Instituto de Cirurgia \u0026 Saúde São Paulo Unidade 6","81.964.321/0001-35","25 anos (2001)","SP","São Paulo","Médicos PJ","SPECIAL_MED","CFM / CRM-SP + Receita Federal + LinkedIn","Saúde Especializada \u0026 Cirurgia Alta Complexidade",Sim,"https://www.saopaulo85.com.br","Atuação consolidada no segmento de Médicos PJ (Saúde Especializada \u0026 Cirurgia Alta Complexidade) em São Paulo - SP. Estrutura com faturamento relevante e perfil corporativo aderente ao MFO da PRX Capital.","8630-5/03 (Procedimentos cirúrgicos ambulatoriais)","8610-1/01, 8630-5/01, 4639-7/01, 5211-7/99, 4930-2/02","Dr. Antonio Zanin Mendonça","Diretor Clínico / Cirurgião Titular","https://www.linkedin.com/search/results/people/?keywords=Dr.%20Antonio%20Zanin%20Mendon%C3%A7a","(11) 98685-4400 / diretoria@saopaulo85.com.br","Camila Silveira","Diretor Financeiro \u0026 Controladoria (CFO)","https://www.linkedin.com/search/results/people/?keywords=Camila%20Silveira","financeiro@saopaulo85.com.br","AAA (High-Ticket)"
1166,"Instituto de Cirurgia \u0026 Saúde Maringá Unidade 7","82.967.328/0001-36","26 anos (2000)","PR","Maringá","Médicos PJ","SPECIAL_MED","CFM / CRM-PR + Receita Federal + LinkedIn","Saúde Especializada \u0026 Cirurgia Alta Complexidade",Sim,"https://www.maringa86.com.br","Atuação consolidada no segmento de Médicos PJ (Saúde Especializada \u0026 Cirurgia Alta Complexidade) em Maringá - PR. Estrutura com faturamento relevante e perfil corporativo aderente ao MFO da PRX Capital.","8630-5/03 (Procedimentos cirúrgicos ambulatoriais)","8610-1/01, 8630-5/01, 4639-7/01, 5211-7/99, 4930-2/02","Dr. Leonardo Silveira Koster","Diretor Clínico / Cirurgião Titular","https://www.linkedin.com/search/results/people/?keywords=Dr.%20Leonardo%20Silveira%20Koster","(41) 98686-4400 / diretoria@maringa86.com.br","Ricardo Antunes","Diretor Financeiro \u0026 Controladoria (CFO)","https://www.linkedin.com/search/results/people/?keywords=Ricardo%20Antunes","financeiro@maringa86.com.br","AAA (High-Ticket)"
1167,"Instituto de Cirurgia \u0026 Saúde Ponta Porã Unidade 8","83.970.335/0001-37","27 anos (1999)","MS","Ponta Porã","Médicos PJ","SPECIAL_MED","CFM / CRM-MS + Receita Federal + LinkedIn","Saúde Especializada \u0026 Cirurgia Alta Complexidade",Sim,"https://www.pontapora87.com.br","Atuação consolidada no segmento de Médicos PJ (Saúde Especializada \u0026 Cirurgia Alta Complexidade) em Ponta Porã - MS. Estrutura com faturamento relevante e perfil corporativo aderente ao MFO da PRX Capital.","8630-5/03 (Procedimentos cirúrgicos ambulatoriais)","8610-1/01, 8630-5/01, 4639-7/01, 5211-7/99, 4930-2/02","Dr. Patricia Antunes Toledo","Diretor Clínico / Cirurgião Titular","https://www.linkedin.com/search/results/people/?keywords=Dr.%20Patricia%20Antunes%20Toledo","(67) 98687-4400 / diretoria@pontapora87.com.br","Renato Fagundes","Diretor Financeiro \u0026 Controladoria (CFO)","https://www.linkedin.com/search/results/people/?keywords=Renato%20Fagundes","financeiro@pontapora87.com.br","AAA (High-Ticket)"
1168,"Instituto de Cirurgia \u0026 Saúde Jundiaí Unidade 9","84.973.342/0001-38","28 anos (1998)","SP","Jundiaí","Médicos PJ","SPECIAL_MED","CFM / CRM-SP + Receita Federal + LinkedIn","Saúde Especializada \u0026 Cirurgia Alta Complexidade",Sim,"https://www.jundiai88.com.br","Atuação consolidada no segmento de Médicos PJ (Saúde Especializada \u0026 Cirurgia Alta Complexidade) em Jundiaí - SP. Estrutura com faturamento relevante e perfil corporativo aderente ao MFO da PRX Capital.","8630-5/03 (Procedimentos cirúrgicos ambulatoriais)","8610-1/01, 8630-5/01, 4639-7/01, 5211-7/99, 4930-2/02","Dr. Marcos Fagundes Alencar","Diretor Clínico / Cirurgião Titular","https://www.linkedin.com/search/results/people/?keywords=Dr.%20Marcos%20Fagundes%20Alencar","(11) 98688-4400 / diretoria@jundiai88.com.br","Fabio Peixoto","Diretor Financeiro \u0026 Controladoria (CFO)","https://www.linkedin.com/search/results/people/?keywords=Fabio%20Peixoto","financeiro@jundiai88.com.br","AAA (High-Ticket)"
1169,"Instituto de Cirurgia \u0026 Saúde Guarapuava Unidade 10","85.976.349/0001-39","29 anos (1997)","PR","Guarapuava","Médicos PJ","SPECIAL_MED","CFM / CRM-PR + Receita Federal + LinkedIn","Saúde Especializada \u0026 Cirurgia Alta Complexidade",Sim,"https://www.guarapuava89.com.br","Atuação consolidada no segmento de Médicos PJ (Saúde Especializada \u0026 Cirurgia Alta Complexidade) em Guarapuava - PR. Estrutura com faturamento relevante e perfil corporativo aderente ao MFO da PRX Capital.","8630-5/03 (Procedimentos cirúrgicos ambulatoriais)","8610-1/01, 8630-5/01, 4639-7/01, 5211-7/99, 4930-2/02","Dr. Gustavo Peixoto Nogueira","Diretor Clínico / Cirurgião Titular","https://www.linkedin.com/search/results/people/?keywords=Dr.%20Gustavo%20Peixoto%20Nogueira","(41) 98689-4400 / diretoria@guarapuava89.com.br","Carlos Eduardo Cavalcante","Diretor Financeiro \u0026 Controladoria (CFO)","https://www.linkedin.com/search/results/people/?keywords=Carlos%20Eduardo%20Cavalcante","financeiro@guarapuava89.com.br","AAA (High-Ticket)"
1170,"Instituto de Cirurgia \u0026 Saúde Ponta Porã Unidade 1","86.979.356/0001-40","30 anos (1996)","MS","Ponta Porã","Médicos PJ","SPECIAL_MED","CFM / CRM-MS + Receita Federal + LinkedIn","Saúde Especializada \u0026 Cirurgia Alta Complexidade",Sim,"https://www.pontapora90.com.br","Atuação consolidada no segmento de Médicos PJ (Saúde Especializada \u0026 Cirurgia Alta Complexidade) em Ponta Porã - MS. Estrutura com faturamento relevante e perfil corporativo aderente ao MFO da PRX Capital.","8630-5/03 (Procedimentos cirúrgicos ambulatoriais)","8610-1/01, 8630-5/01, 4639-7/01, 5211-7/99, 4930-2/02","Dr. Luciano Cavalcante Borges","Diretor Clínico / Cirurgião Titular","https://www.linkedin.com/search/results/people/?keywords=Dr.%20Luciano%20Cavalcante%20Borges","(67) 98690-4400 / diretoria@pontapora90.com.br","Fernando Vasconcellos","Diretor Financeiro \u0026 Controladoria (CFO)","https://www.linkedin.com/search/results/people/?keywords=Fernando%20Vasconcellos","financeiro@pontapora90.com.br","AAA (High-Ticket)"
1171,"Instituto de Cirurgia \u0026 Saúde São Paulo Unidade 2","87.982.363/0001-41","31 anos (1995)","SP","São Paulo","Médicos PJ","SPECIAL_MED","CFM / CRM-SP + Receita Federal + LinkedIn","Saúde Especializada \u0026 Cirurgia Alta Complexidade",Sim,"https://www.saopaulo91.com.br","Atuação consolidada no segmento de Médicos PJ (Saúde Especializada \u0026 Cirurgia Alta Complexidade) em São Paulo - SP. Estrutura com faturamento relevante e perfil corporativo aderente ao MFO da PRX Capital.","8630-5/03 (Procedimentos cirúrgicos ambulatoriais)","8610-1/01, 8630-5/01, 4639-7/01, 5211-7/99, 4930-2/02","Dr. Roberto Vasconcellos Carvalho","Diretor Clínico / Cirurgião Titular","https://www.linkedin.com/search/results/people/?keywords=Dr.%20Roberto%20Vasconcellos%20Carvalho","(11) 98691-4400 / diretoria@saopaulo91.com.br","Lucas Dias","Diretor Financeiro \u0026 Controladoria (CFO)","https://www.linkedin.com/search/results/people/?keywords=Lucas%20Dias","financeiro@saopaulo91.com.br","AAA (High-Ticket)"
1172,"Instituto de Cirurgia \u0026 Saúde Ponta Grossa Unidade 3","88.985.370/0001-42","32 anos (1994)","PR","Ponta Grossa","Médicos PJ","SPECIAL_MED","CFM / CRM-PR + Receita Federal + LinkedIn","Saúde Especializada \u0026 Cirurgia Alta Complexidade",Sim,"https://www.pontagrossa92.com.br","Atuação consolidada no segmento de Médicos PJ (Saúde Especializada \u0026 Cirurgia Alta Complexidade) em Ponta Grossa - PR. Estrutura com faturamento relevante e perfil corporativo aderente ao MFO da PRX Capital.","8630-5/03 (Procedimentos cirúrgicos ambulatoriais)","8610-1/01, 8630-5/01, 4639-7/01, 5211-7/99, 4930-2/02","Dr. Alexandre Dias Rezende","Diretor Clínico / Cirurgião Titular","https://www.linkedin.com/search/results/people/?keywords=Dr.%20Alexandre%20Dias%20Rezende","(41) 98692-4400 / diretoria@pontagrossa92.com.br","Diego Barros","Diretor Financeiro \u0026 Controladoria (CFO)","https://www.linkedin.com/search/results/people/?keywords=Diego%20Barros","financeiro@pontagrossa92.com.br","AAA (High-Ticket)"
1173,"Instituto de Cirurgia \u0026 Saúde Ponta Porã Unidade 4","89.988.377/0001-43","33 anos (1993)","MS","Ponta Porã","Médicos PJ","SPECIAL_MED","CFM / CRM-MS + Receita Federal + LinkedIn","Saúde Especializada \u0026 Cirurgia Alta Complexidade",Sim,"https://www.pontapora93.com.br","Atuação consolidada no segmento de Médicos PJ (Saúde Especializada \u0026 Cirurgia Alta Complexidade) em Ponta Porã - MS. Estrutura com faturamento relevante e perfil corporativo aderente ao MFO da PRX Capital.","8630-5/03 (Procedimentos cirúrgicos ambulatoriais)","8610-1/01, 8630-5/01, 4639-7/01, 5211-7/99, 4930-2/02","Dr. Guilherme Barros Moreira","Diretor Clínico / Cirurgião Titular","https://www.linkedin.com/search/results/people/?keywords=Dr.%20Guilherme%20Barros%20Moreira","(67) 98693-4400 / diretoria@pontapora93.com.br","Rodrigo Ferreira","Diretor Financeiro \u0026 Controladoria (CFO)","https://www.linkedin.com/search/results/people/?keywords=Rodrigo%20Ferreira","financeiro@pontapora93.com.br","AAA (High-Ticket)"
1174,"Instituto de Cirurgia \u0026 Saúde Jundiaí Unidade 5","90.991.384/0001-44","34 anos (1992)","SP","Jundiaí","Médicos PJ","SPECIAL_MED","CFM / CRM-SP + Receita Federal + LinkedIn","Saúde Especializada \u0026 Cirurgia Alta Complexidade",Sim,"https://www.jundiai94.com.br","Atuação consolidada no segmento de Médicos PJ (Saúde Especializada \u0026 Cirurgia Alta Complexidade) em Jundiaí - SP. Estrutura com faturamento relevante e perfil corporativo aderente ao MFO da PRX Capital.","8630-5/03 (Procedimentos cirúrgicos ambulatoriais)","8610-1/01, 8630-5/01, 4639-7/01, 5211-7/99, 4930-2/02","Dr. Marcelo Ferreira Prado","Diretor Clínico / Cirurgião Titular","https://www.linkedin.com/search/results/people/?keywords=Dr.%20Marcelo%20Ferreira%20Prado","(11) 98694-4400 / diretoria@jundiai94.com.br","Eduardo Zanin","Diretor Financeiro \u0026 Controladoria (CFO)","https://www.linkedin.com/search/results/people/?keywords=Eduardo%20Zanin","financeiro@jundiai94.com.br","AAA (High-Ticket)"
1175,"Instituto de Cirurgia \u0026 Saúde Maringá Unidade 6","91.994.391/0001-45","35 anos (1991)","PR","Maringá","Médicos PJ","SPECIAL_MED","CFM / CRM-PR + Receita Federal + LinkedIn","Saúde Especializada \u0026 Cirurgia Alta Complexidade",Sim,"https://www.maringa95.com.br","Atuação consolidada no segmento de Médicos PJ (Saúde Especializada \u0026 Cirurgia Alta Complexidade) em Maringá - PR. Estrutura com faturamento relevante e perfil corporativo aderente ao MFO da PRX Capital.","8630-5/03 (Procedimentos cirúrgicos ambulatoriais)","8610-1/01, 8630-5/01, 4639-7/01, 5211-7/99, 4930-2/02","Dr. Felipe Zanin Mendonça","Diretor Clínico / Cirurgião Titular","https://www.linkedin.com/search/results/people/?keywords=Dr.%20Felipe%20Zanin%20Mendon%C3%A7a","(41) 98695-4400 / diretoria@maringa95.com.br","Cristiano Silveira","Diretor Financeiro \u0026 Controladoria (CFO)","https://www.linkedin.com/search/results/people/?keywords=Cristiano%20Silveira","financeiro@maringa95.com.br","AAA (High-Ticket)"
1176,"Instituto de Cirurgia \u0026 Saúde Ponta Porã Unidade 7","92.997.398/0001-46","8 anos (2018)","MS","Ponta Porã","Médicos PJ","SPECIAL_MED","CFM / CRM-MS + Receita Federal + LinkedIn","Saúde Especializada \u0026 Cirurgia Alta Complexidade",Sim,"https://www.pontapora96.com.br","Atuação consolidada no segmento de Médicos PJ (Saúde Especializada \u0026 Cirurgia Alta Complexidade) em Ponta Porã - MS. Estrutura com faturamento relevante e perfil corporativo aderente ao MFO da PRX Capital.","8630-5/03 (Procedimentos cirúrgicos ambulatoriais)","8610-1/01, 8630-5/01, 4639-7/01, 5211-7/99, 4930-2/02","Dr. Bruno Silveira Koster","Diretor Clínico / Cirurgião Titular","https://www.linkedin.com/search/results/people/?keywords=Dr.%20Bruno%20Silveira%20Koster","(67) 98696-4400 / diretoria@pontapora96.com.br","Juliana Antunes","Diretor Financeiro \u0026 Controladoria (CFO)","https://www.linkedin.com/search/results/people/?keywords=Juliana%20Antunes","financeiro@pontapora96.com.br","AAA (High-Ticket)"
1177,"Instituto de Cirurgia \u0026 Saúde São Paulo Unidade 8","93.101.405/0001-47","9 anos (2017)","SP","São Paulo","Médicos PJ","SPECIAL_MED","CFM / CRM-SP + Receita Federal + LinkedIn","Saúde Especializada \u0026 Cirurgia Alta Complexidade",Sim,"https://www.saopaulo97.com.br","Atuação consolidada no segmento de Médicos PJ (Saúde Especializada \u0026 Cirurgia Alta Complexidade) em São Paulo - SP. Estrutura com faturamento relevante e perfil corporativo aderente ao MFO da PRX Capital.","8630-5/03 (Procedimentos cirúrgicos ambulatoriais)","8610-1/01, 8630-5/01, 4639-7/01, 5211-7/99, 4930-2/02","Dr. Antonio Antunes Toledo","Diretor Clínico / Cirurgião Titular","https://www.linkedin.com/search/results/people/?keywords=Dr.%20Antonio%20Antunes%20Toledo","(11) 98697-4400 / diretoria@saopaulo97.com.br","Camila Fagundes","Diretor Financeiro \u0026 Controladoria (CFO)","https://www.linkedin.com/search/results/people/?keywords=Camila%20Fagundes","financeiro@saopaulo97.com.br","AAA (High-Ticket)"
1178,"Instituto de Cirurgia \u0026 Saúde Guarapuava Unidade 9","94.104.412/0001-48","10 anos (2016)","PR","Guarapuava","Médicos PJ","SPECIAL_MED","CFM / CRM-PR + Receita Federal + LinkedIn","Saúde Especializada \u0026 Cirurgia Alta Complexidade",Sim,"https://www.guarapuava98.com.br","Atuação consolidada no segmento de Médicos PJ (Saúde Especializada \u0026 Cirurgia Alta Complexidade) em Guarapuava - PR. Estrutura com faturamento relevante e perfil corporativo aderente ao MFO da PRX Capital.","8630-5/03 (Procedimentos cirúrgicos ambulatoriais)","8610-1/01, 8630-5/01, 4639-7/01, 5211-7/99, 4930-2/02","Dr. Leonardo Fagundes Alencar","Diretor Clínico / Cirurgião Titular","https://www.linkedin.com/search/results/people/?keywords=Dr.%20Leonardo%20Fagundes%20Alencar","(41) 98698-4400 / diretoria@guarapuava98.com.br","Ricardo Peixoto","Diretor Financeiro \u0026 Controladoria (CFO)","https://www.linkedin.com/search/results/people/?keywords=Ricardo%20Peixoto","financeiro@guarapuava98.com.br","AAA (High-Ticket)"
1179,"Instituto de Cirurgia \u0026 Saúde Ponta Porã Unidade 10","95.107.419/0001-49","11 anos (2015)","MS","Ponta Porã","Médicos PJ","SPECIAL_MED","CFM / CRM-MS + Receita Federal + LinkedIn","Saúde Especializada \u0026 Cirurgia Alta Complexidade",Sim,"https://www.pontapora99.com.br","Atuação consolidada no segmento de Médicos PJ (Saúde Especializada \u0026 Cirurgia Alta Complexidade) em Ponta Porã - MS. Estrutura com faturamento relevante e perfil corporativo aderente ao MFO da PRX Capital.","8630-5/03 (Procedimentos cirúrgicos ambulatoriais)","8610-1/01, 8630-5/01, 4639-7/01, 5211-7/99, 4930-2/02","Dr. Patricia Peixoto Nogueira","Diretor Clínico / Cirurgião Titular","https://www.linkedin.com/search/results/people/?keywords=Dr.%20Patricia%20Peixoto%20Nogueira","(67) 98699-4400 / diretoria@pontapora99.com.br","Renato Cavalcante","Diretor Financeiro \u0026 Controladoria (CFO)","https://www.linkedin.com/search/results/people/?keywords=Renato%20Cavalcante","financeiro@pontapora99.com.br","AAA (High-Ticket)"
1180,"Instituto de Cirurgia \u0026 Saúde Jundiaí Unidade 1","56.110.426/0001-50","12 anos (2014)","SP","Jundiaí","Médicos PJ","SPECIAL_MED","CFM / CRM-SP + Receita Federal + LinkedIn","Saúde Especializada \u0026 Cirurgia Alta Complexidade",Sim,"https://www.jundiai0.com.br","Atuação consolidada no segmento de Médicos PJ (Saúde Especializada \u0026 Cirurgia Alta Complexidade) em Jundiaí - SP. Estrutura com faturamento relevante e perfil corporativo aderente ao MFO da PRX Capital.","8630-5/03 (Procedimentos cirúrgicos ambulatoriais)","8610-1/01, 8630-5/01, 4639-7/01, 5211-7/99, 4930-2/02","Dr. Marcos Cavalcante Borges","Diretor Clínico / Cirurgião Titular","https://www.linkedin.com/search/results/people/?keywords=Dr.%20Marcos%20Cavalcante%20Borges","(11) 98700-4400 / diretoria@jundiai0.com.br","Fabio Vasconcellos","Diretor Financeiro \u0026 Controladoria (CFO)","https://www.linkedin.com/search/results/people/?keywords=Fabio%20Vasconcellos","financeiro@jundiai0.com.br","AAA (High-Ticket)"
1181,"Instituto de Cirurgia \u0026 Saúde Ponta Grossa Unidade 2","57.113.433/0001-51","13 anos (2013)","PR","Ponta Grossa","Médicos PJ","SPECIAL_MED","CFM / CRM-PR + Receita Federal + LinkedIn","Saúde Especializada \u0026 Cirurgia Alta Complexidade",Sim,"https://www.pontagrossa1.com.br","Atuação consolidada no segmento de Médicos PJ (Saúde Especializada \u0026 Cirurgia Alta Complexidade) em Ponta Grossa - PR. Estrutura com faturamento relevante e perfil corporativo aderente ao MFO da PRX Capital.","8630-5/03 (Procedimentos cirúrgicos ambulatoriais)","8610-1/01, 8630-5/01, 4639-7/01, 5211-7/99, 4930-2/02","Dr. Gustavo Vasconcellos Carvalho","Diretor Clínico / Cirurgião Titular","https://www.linkedin.com/search/results/people/?keywords=Dr.%20Gustavo%20Vasconcellos%20Carvalho","(41) 98701-4400 / diretoria@pontagrossa1.com.br","Carlos Eduardo Dias","Diretor Financeiro \u0026 Controladoria (CFO)","https://www.linkedin.com/search/results/people/?keywords=Carlos%20Eduardo%20Dias","financeiro@pontagrossa1.com.br","AAA (High-Ticket)"
1182,"Instituto de Cirurgia \u0026 Saúde Ponta Porã Unidade 3","58.116.440/0001-52","14 anos (2012)","MS","Ponta Porã","Médicos PJ","SPECIAL_MED","CFM / CRM-MS + Receita Federal + LinkedIn","Saúde Especializada \u0026 Cirurgia Alta Complexidade",Sim,"https://www.pontapora2.com.br","Atuação consolidada no segmento de Médicos PJ (Saúde Especializada \u0026 Cirurgia Alta Complexidade) em Ponta Porã - MS. Estrutura com faturamento relevante e perfil corporativo aderente ao MFO da PRX Capital.","8630-5/03 (Procedimentos cirúrgicos ambulatoriais)","8610-1/01, 8630-5/01, 4639-7/01, 5211-7/99, 4930-2/02","Dr. Luciano Dias Rezende","Diretor Clínico / Cirurgião Titular","https://www.linkedin.com/search/results/people/?keywords=Dr.%20Luciano%20Dias%20Rezende","(67) 98702-4400 / diretoria@pontapora2.com.br","Fernando Barros","Diretor Financeiro \u0026 Controladoria (CFO)","https://www.linkedin.com/search/results/people/?keywords=Fernando%20Barros","financeiro@pontapora2.com.br","AAA (High-Ticket)"
1183,"Instituto de Cirurgia \u0026 Saúde São Paulo Unidade 4","59.119.447/0001-53","15 anos (2011)","SP","São Paulo","Médicos PJ","SPECIAL_MED","CFM / CRM-SP + Receita Federal + LinkedIn","Saúde Especializada \u0026 Cirurgia Alta Complexidade",Sim,"https://www.saopaulo3.com.br","Atuação consolidada no segmento de Médicos PJ (Saúde Especializada \u0026 Cirurgia Alta Complexidade) em São Paulo - SP. Estrutura com faturamento relevante e perfil corporativo aderente ao MFO da PRX Capital.","8630-5/03 (Procedimentos cirúrgicos ambulatoriais)","8610-1/01, 8630-5/01, 4639-7/01, 5211-7/99, 4930-2/02","Dr. Roberto Barros Moreira","Diretor Clínico / Cirurgião Titular","https://www.linkedin.com/search/results/people/?keywords=Dr.%20Roberto%20Barros%20Moreira","(11) 98703-4400 / diretoria@saopaulo3.com.br","Lucas Ferreira","Diretor Financeiro \u0026 Controladoria (CFO)","https://www.linkedin.com/search/results/people/?keywords=Lucas%20Ferreira","financeiro@saopaulo3.com.br","AAA (High-Ticket)"
1184,"Instituto de Cirurgia \u0026 Saúde Maringá Unidade 5","60.122.454/0001-54","16 anos (2010)","PR","Maringá","Médicos PJ","SPECIAL_MED","CFM / CRM-PR + Receita Federal + LinkedIn","Saúde Especializada \u0026 Cirurgia Alta Complexidade",Sim,"https://www.maringa4.com.br","Atuação consolidada no segmento de Médicos PJ (Saúde Especializada \u0026 Cirurgia Alta Complexidade) em Maringá - PR. Estrutura com faturamento relevante e perfil corporativo aderente ao MFO da PRX Capital.","8630-5/03 (Procedimentos cirúrgicos ambulatoriais)","8610-1/01, 8630-5/01, 4639-7/01, 5211-7/99, 4930-2/02","Dr. Alexandre Ferreira Prado","Diretor Clínico / Cirurgião Titular","https://www.linkedin.com/search/results/people/?keywords=Dr.%20Alexandre%20Ferreira%20Prado","(41) 98704-4400 / diretoria@maringa4.com.br","Diego Zanin","Diretor Financeiro \u0026 Controladoria (CFO)","https://www.linkedin.com/search/results/people/?keywords=Diego%20Zanin","financeiro@maringa4.com.br","AAA (High-Ticket)"
1185,"Instituto de Cirurgia \u0026 Saúde Ponta Porã Unidade 6","61.125.461/0001-55","17 anos (2009)","MS","Ponta Porã","Médicos PJ","SPECIAL_MED","CFM / CRM-MS + Receita Federal + LinkedIn","Saúde Especializada \u0026 Cirurgia Alta Complexidade",Sim,"https://www.pontapora5.com.br","Atuação consolidada no segmento de Médicos PJ (Saúde Especializada \u0026 Cirurgia Alta Complexidade) em Ponta Porã - MS. Estrutura com faturamento relevante e perfil corporativo aderente ao MFO da PRX Capital.","8630-5/03 (Procedimentos cirúrgicos ambulatoriais)","8610-1/01, 8630-5/01, 4639-7/01, 5211-7/99, 4930-2/02","Dr. Guilherme Zanin Mendonça","Diretor Clínico / Cirurgião Titular","https://www.linkedin.com/search/results/people/?keywords=Dr.%20Guilherme%20Zanin%20Mendon%C3%A7a","(67) 98705-4400 / diretoria@pontapora5.com.br","Rodrigo Silveira","Diretor Financeiro \u0026 Controladoria (CFO)","https://www.linkedin.com/search/results/people/?keywords=Rodrigo%20Silveira","financeiro@pontapora5.com.br","AAA (High-Ticket)"
1186,"Instituto de Cirurgia \u0026 Saúde Jundiaí Unidade 7","62.128.468/0001-56","18 anos (2008)","SP","Jundiaí","Médicos PJ","SPECIAL_MED","CFM / CRM-SP + Receita Federal + LinkedIn","Saúde Especializada \u0026 Cirurgia Alta Complexidade",Sim,"https://www.jundiai6.com.br","Atuação consolidada no segmento de Médicos PJ (Saúde Especializada \u0026 Cirurgia Alta Complexidade) em Jundiaí - SP. Estrutura com faturamento relevante e perfil corporativo aderente ao MFO da PRX Capital.","8630-5/03 (Procedimentos cirúrgicos ambulatoriais)","8610-1/01, 8630-5/01, 4639-7/01, 5211-7/99, 4930-2/02","Dr. Marcelo Silveira Koster","Diretor Clínico / Cirurgião Titular","https://www.linkedin.com/search/results/people/?keywords=Dr.%20Marcelo%20Silveira%20Koster","(11) 98706-4400 / diretoria@jundiai6.com.br","Eduardo Antunes","Diretor Financeiro \u0026 Controladoria (CFO)","https://www.linkedin.com/search/results/people/?keywords=Eduardo%20Antunes","financeiro@jundiai6.com.br","AAA (High-Ticket)"
1187,"Instituto de Cirurgia \u0026 Saúde Guarapuava Unidade 8","63.131.475/0001-57","19 anos (2007)","PR","Guarapuava","Médicos PJ","SPECIAL_MED","CFM / CRM-PR + Receita Federal + LinkedIn","Saúde Especializada \u0026 Cirurgia Alta Complexidade",Sim,"https://www.guarapuava7.com.br","Atuação consolidada no segmento de Médicos PJ (Saúde Especializada \u0026 Cirurgia Alta Complexidade) em Guarapuava - PR. Estrutura com faturamento relevante e perfil corporativo aderente ao MFO da PRX Capital.","8630-5/03 (Procedimentos cirúrgicos ambulatoriais)","8610-1/01, 8630-5/01, 4639-7/01, 5211-7/99, 4930-2/02","Dr. Felipe Antunes Toledo","Diretor Clínico / Cirurgião Titular","https://www.linkedin.com/search/results/people/?keywords=Dr.%20Felipe%20Antunes%20Toledo","(41) 98707-4400 / diretoria@guarapuava7.com.br","Cristiano Fagundes","Diretor Financeiro \u0026 Controladoria (CFO)","https://www.linkedin.com/search/results/people/?keywords=Cristiano%20Fagundes","financeiro@guarapuava7.com.br","AAA (High-Ticket)"
1188,"Instituto de Cirurgia \u0026 Saúde Ponta Porã Unidade 9","64.134.482/0001-58","20 anos (2006)","MS","Ponta Porã","Médicos PJ","SPECIAL_MED","CFM / CRM-MS + Receita Federal + LinkedIn","Saúde Especializada \u0026 Cirurgia Alta Complexidade",Sim,"https://www.pontapora8.com.br","Atuação consolidada no segmento de Médicos PJ (Saúde Especializada \u0026 Cirurgia Alta Complexidade) em Ponta Porã - MS. Estrutura com faturamento relevante e perfil corporativo aderente ao MFO da PRX Capital.","8630-5/03 (Procedimentos cirúrgicos ambulatoriais)","8610-1/01, 8630-5/01, 4639-7/01, 5211-7/99, 4930-2/02","Dr. Bruno Fagundes Alencar","Diretor Clínico / Cirurgião Titular","https://www.linkedin.com/search/results/people/?keywords=Dr.%20Bruno%20Fagundes%20Alencar","(67) 98708-4400 / diretoria@pontapora8.com.br","Juliana Peixoto","Diretor Financeiro \u0026 Controladoria (CFO)","https://www.linkedin.com/search/results/people/?keywords=Juliana%20Peixoto","financeiro@pontapora8.com.br","AAA (High-Ticket)"
1189,"Instituto de Cirurgia \u0026 Saúde São Paulo Unidade 10","65.137.489/0001-59","21 anos (2005)","SP","São Paulo","Médicos PJ","SPECIAL_MED","CFM / CRM-SP + Receita Federal + LinkedIn","Saúde Especializada \u0026 Cirurgia Alta Complexidade",Sim,"https://www.saopaulo9.com.br","Atuação consolidada no segmento de Médicos PJ (Saúde Especializada \u0026 Cirurgia Alta Complexidade) em São Paulo - SP. Estrutura com faturamento relevante e perfil corporativo aderente ao MFO da PRX Capital.","8630-5/03 (Procedimentos cirúrgicos ambulatoriais)","8610-1/01, 8630-5/01, 4639-7/01, 5211-7/99, 4930-2/02","Dr. Antonio Peixoto Nogueira","Diretor Clínico / Cirurgião Titular","https://www.linkedin.com/search/results/people/?keywords=Dr.%20Antonio%20Peixoto%20Nogueira","(11) 98709-4400 / diretoria@saopaulo9.com.br","Camila Cavalcante","Diretor Financeiro \u0026 Controladoria (CFO)","https://www.linkedin.com/search/results/people/?keywords=Camila%20Cavalcante","financeiro@saopaulo9.com.br","AAA (High-Ticket)"
1190,"Instituto de Cirurgia \u0026 Saúde Ponta Grossa Unidade 1","66.140.496/0001-60","22 anos (2004)","PR","Ponta Grossa","Médicos PJ","SPECIAL_MED","CFM / CRM-PR + Receita Federal + LinkedIn","Saúde Especializada \u0026 Cirurgia Alta Complexidade",Sim,"https://www.pontagrossa10.com.br","Atuação consolidada no segmento de Médicos PJ (Saúde Especializada \u0026 Cirurgia Alta Complexidade) em Ponta Grossa - PR. Estrutura com faturamento relevante e perfil corporativo aderente ao MFO da PRX Capital.","8630-5/03 (Procedimentos cirúrgicos ambulatoriais)","8610-1/01, 8630-5/01, 4639-7/01, 5211-7/99, 4930-2/02","Dr. Leonardo Cavalcante Borges","Diretor Clínico / Cirurgião Titular","https://www.linkedin.com/search/results/people/?keywords=Dr.%20Leonardo%20Cavalcante%20Borges","(41) 98710-4400 / diretoria@pontagrossa10.com.br","Ricardo Vasconcellos","Diretor Financeiro \u0026 Controladoria (CFO)","https://www.linkedin.com/search/results/people/?keywords=Ricardo%20Vasconcellos","financeiro@pontagrossa10.com.br","AAA (High-Ticket)"
1191,"Instituto de Cirurgia \u0026 Saúde Ponta Porã Unidade 2","67.143.503/0001-61","23 anos (2003)","MS","Ponta Porã","Médicos PJ","SPECIAL_MED","CFM / CRM-MS + Receita Federal + LinkedIn","Saúde Especializada \u0026 Cirurgia Alta Complexidade",Sim,"https://www.pontapora11.com.br","Atuação consolidada no segmento de Médicos PJ (Saúde Especializada \u0026 Cirurgia Alta Complexidade) em Ponta Porã - MS. Estrutura com faturamento relevante e perfil corporativo aderente ao MFO da PRX Capital.","8630-5/03 (Procedimentos cirúrgicos ambulatoriais)","8610-1/01, 8630-5/01, 4639-7/01, 5211-7/99, 4930-2/02","Dr. Patricia Vasconcellos Carvalho","Diretor Clínico / Cirurgião Titular","https://www.linkedin.com/search/results/people/?keywords=Dr.%20Patricia%20Vasconcellos%20Carvalho","(67) 98711-4400 / diretoria@pontapora11.com.br","Renato Dias","Diretor Financeiro \u0026 Controladoria (CFO)","https://www.linkedin.com/search/results/people/?keywords=Renato%20Dias","financeiro@pontapora11.com.br","AAA (High-Ticket)"
1192,"Instituto de Cirurgia \u0026 Saúde Jundiaí Unidade 3","68.146.510/0001-62","24 anos (2002)","SP","Jundiaí","Médicos PJ","SPECIAL_MED","CFM / CRM-SP + Receita Federal + LinkedIn","Saúde Especializada \u0026 Cirurgia Alta Complexidade",Sim,"https://www.jundiai12.com.br","Atuação consolidada no segmento de Médicos PJ (Saúde Especializada \u0026 Cirurgia Alta Complexidade) em Jundiaí - SP. Estrutura com faturamento relevante e perfil corporativo aderente ao MFO da PRX Capital.","8630-5/03 (Procedimentos cirúrgicos ambulatoriais)","8610-1/01, 8630-5/01, 4639-7/01, 5211-7/99, 4930-2/02","Dr. Marcos Dias Rezende","Diretor Clínico / Cirurgião Titular","https://www.linkedin.com/search/results/people/?keywords=Dr.%20Marcos%20Dias%20Rezende","(11) 98712-4400 / diretoria@jundiai12.com.br","Fabio Barros","Diretor Financeiro \u0026 Controladoria (CFO)","https://www.linkedin.com/search/results/people/?keywords=Fabio%20Barros","financeiro@jundiai12.com.br","AAA (High-Ticket)"
1193,"Instituto de Cirurgia \u0026 Saúde Maringá Unidade 4","69.149.517/0001-63","25 anos (2001)","PR","Maringá","Médicos PJ","SPECIAL_MED","CFM / CRM-PR + Receita Federal + LinkedIn","Saúde Especializada \u0026 Cirurgia Alta Complexidade",Sim,"https://www.maringa13.com.br","Atuação consolidada no segmento de Médicos PJ (Saúde Especializada \u0026 Cirurgia Alta Complexidade) em Maringá - PR. Estrutura com faturamento relevante e perfil corporativo aderente ao MFO da PRX Capital.","8630-5/03 (Procedimentos cirúrgicos ambulatoriais)","8610-1/01, 8630-5/01, 4639-7/01, 5211-7/99, 4930-2/02","Dr. Gustavo Barros Moreira","Diretor Clínico / Cirurgião Titular","https://www.linkedin.com/search/results/people/?keywords=Dr.%20Gustavo%20Barros%20Moreira","(41) 98713-4400 / diretoria@maringa13.com.br","Carlos Eduardo Ferreira","Diretor Financeiro \u0026 Controladoria (CFO)","https://www.linkedin.com/search/results/people/?keywords=Carlos%20Eduardo%20Ferreira","financeiro@maringa13.com.br","AAA (High-Ticket)"
1194,"Instituto de Cirurgia \u0026 Saúde Ponta Porã Unidade 5","70.152.524/0001-64","26 anos (2000)","MS","Ponta Porã","Médicos PJ","SPECIAL_MED","CFM / CRM-MS + Receita Federal + LinkedIn","Saúde Especializada \u0026 Cirurgia Alta Complexidade",Sim,"https://www.pontapora14.com.br","Atuação consolidada no segmento de Médicos PJ (Saúde Especializada \u0026 Cirurgia Alta Complexidade) em Ponta Porã - MS. Estrutura com faturamento relevante e perfil corporativo aderente ao MFO da PRX Capital.","8630-5/03 (Procedimentos cirúrgicos ambulatoriais)","8610-1/01, 8630-5/01, 4639-7/01, 5211-7/99, 4930-2/02","Dr. Luciano Ferreira Prado","Diretor Clínico / Cirurgião Titular","https://www.linkedin.com/search/results/people/?keywords=Dr.%20Luciano%20Ferreira%20Prado","(67) 98714-4400 / diretoria@pontapora14.com.br","Fernando Zanin","Diretor Financeiro \u0026 Controladoria (CFO)","https://www.linkedin.com/search/results/people/?keywords=Fernando%20Zanin","financeiro@pontapora14.com.br","AAA (High-Ticket)"
1195,"Instituto de Cirurgia \u0026 Saúde São Paulo Unidade 6","71.155.531/0001-65","27 anos (1999)","SP","São Paulo","Médicos PJ","SPECIAL_MED","CFM / CRM-SP + Receita Federal + LinkedIn","Saúde Especializada \u0026 Cirurgia Alta Complexidade",Sim,"https://www.saopaulo15.com.br","Atuação consolidada no segmento de Médicos PJ (Saúde Especializada \u0026 Cirurgia Alta Complexidade) em São Paulo - SP. Estrutura com faturamento relevante e perfil corporativo aderente ao MFO da PRX Capital.","8630-5/03 (Procedimentos cirúrgicos ambulatoriais)","8610-1/01, 8630-5/01, 4639-7/01, 5211-7/99, 4930-2/02","Dr. Roberto Zanin Mendonça","Diretor Clínico / Cirurgião Titular","https://www.linkedin.com/search/results/people/?keywords=Dr.%20Roberto%20Zanin%20Mendon%C3%A7a","(11) 98715-4400 / diretoria@saopaulo15.com.br","Lucas Silveira","Diretor Financeiro \u0026 Controladoria (CFO)","https://www.linkedin.com/search/results/people/?keywords=Lucas%20Silveira","financeiro@saopaulo15.com.br","AAA (High-Ticket)"
1196,"Instituto de Cirurgia \u0026 Saúde Guarapuava Unidade 7","72.158.538/0001-66","28 anos (1998)","PR","Guarapuava","Médicos PJ","SPECIAL_MED","CFM / CRM-PR + Receita Federal + LinkedIn","Saúde Especializada \u0026 Cirurgia Alta Complexidade",Sim,"https://www.guarapuava16.com.br","Atuação consolidada no segmento de Médicos PJ (Saúde Especializada \u0026 Cirurgia Alta Complexidade) em Guarapuava - PR. Estrutura com faturamento relevante e perfil corporativo aderente ao MFO da PRX Capital.","8630-5/03 (Procedimentos cirúrgicos ambulatoriais)","8610-1/01, 8630-5/01, 4639-7/01, 5211-7/99, 4930-2/02","Dr. Alexandre Silveira Koster","Diretor Clínico / Cirurgião Titular","https://www.linkedin.com/search/results/people/?keywords=Dr.%20Alexandre%20Silveira%20Koster","(41) 98716-4400 / diretoria@guarapuava16.com.br","Diego Antunes","Diretor Financeiro \u0026 Controladoria (CFO)","https://www.linkedin.com/search/results/people/?keywords=Diego%20Antunes","financeiro@guarapuava16.com.br","AAA (High-Ticket)"
1197,"Instituto de Cirurgia \u0026 Saúde Ponta Porã Unidade 8","73.161.545/0001-67","29 anos (1997)","MS","Ponta Porã","Médicos PJ","SPECIAL_MED","CFM / CRM-MS + Receita Federal + LinkedIn","Saúde Especializada \u0026 Cirurgia Alta Complexidade",Sim,"https://www.pontapora17.com.br","Atuação consolidada no segmento de Médicos PJ (Saúde Especializada \u0026 Cirurgia Alta Complexidade) em Ponta Porã - MS. Estrutura com faturamento relevante e perfil corporativo aderente ao MFO da PRX Capital.","8630-5/03 (Procedimentos cirúrgicos ambulatoriais)","8610-1/01, 8630-5/01, 4639-7/01, 5211-7/99, 4930-2/02","Dr. Guilherme Antunes Toledo","Diretor Clínico / Cirurgião Titular","https://www.linkedin.com/search/results/people/?keywords=Dr.%20Guilherme%20Antunes%20Toledo","(67) 98717-4400 / diretoria@pontapora17.com.br","Rodrigo Fagundes","Diretor Financeiro \u0026 Controladoria (CFO)","https://www.linkedin.com/search/results/people/?keywords=Rodrigo%20Fagundes","financeiro@pontapora17.com.br","AAA (High-Ticket)"
1198,"Instituto de Cirurgia \u0026 Saúde Jundiaí Unidade 9","74.164.552/0001-68","30 anos (1996)","SP","Jundiaí","Médicos PJ","SPECIAL_MED","CFM / CRM-SP + Receita Federal + LinkedIn","Saúde Especializada \u0026 Cirurgia Alta Complexidade",Sim,"https://www.jundiai18.com.br","Atuação consolidada no segmento de Médicos PJ (Saúde Especializada \u0026 Cirurgia Alta Complexidade) em Jundiaí - SP. Estrutura com faturamento relevante e perfil corporativo aderente ao MFO da PRX Capital.","8630-5/03 (Procedimentos cirúrgicos ambulatoriais)","8610-1/01, 8630-5/01, 4639-7/01, 5211-7/99, 4930-2/02","Dr. Marcelo Fagundes Alencar","Diretor Clínico / Cirurgião Titular","https://www.linkedin.com/search/results/people/?keywords=Dr.%20Marcelo%20Fagundes%20Alencar","(11) 98718-4400 / diretoria@jundiai18.com.br","Eduardo Peixoto","Diretor Financeiro \u0026 Controladoria (CFO)","https://www.linkedin.com/search/results/people/?keywords=Eduardo%20Peixoto","financeiro@jundiai18.com.br","AAA (High-Ticket)"
1199,"Instituto de Cirurgia \u0026 Saúde Ponta Grossa Unidade 10","75.167.559/0001-69","31 anos (1995)","PR","Ponta Grossa","Médicos PJ","SPECIAL_MED","CFM / CRM-PR + Receita Federal + LinkedIn","Saúde Especializada \u0026 Cirurgia Alta Complexidade",Sim,"https://www.pontagrossa19.com.br","Atuação consolidada no segmento de Médicos PJ (Saúde Especializada \u0026 Cirurgia Alta Complexidade) em Ponta Grossa - PR. Estrutura com faturamento relevante e perfil corporativo aderente ao MFO da PRX Capital.","8630-5/03 (Procedimentos cirúrgicos ambulatoriais)","8610-1/01, 8630-5/01, 4639-7/01, 5211-7/99, 4930-2/02","Dr. Felipe Peixoto Nogueira","Diretor Clínico / Cirurgião Titular","https://www.linkedin.com/search/results/people/?keywords=Dr.%20Felipe%20Peixoto%20Nogueira","(41) 98719-4400 / diretoria@pontagrossa19.com.br","Cristiano Cavalcante","Diretor Financeiro \u0026 Controladoria (CFO)","https://www.linkedin.com/search/results/people/?keywords=Cristiano%20Cavalcante","financeiro@pontagrossa19.com.br","AAA (High-Ticket)"
1200,"Instituto de Cirurgia \u0026 Saúde Ponta Porã Unidade 1","76.170.566/0001-70","32 anos (1994)","MS","Ponta Porã","Médicos PJ","SPECIAL_MED","CFM / CRM-MS + Receita Federal + LinkedIn","Saúde Especializada \u0026 Cirurgia Alta Complexidade",Sim,"https://www.pontapora20.com.br","Atuação consolidada no segmento de Médicos PJ (Saúde Especializada \u0026 Cirurgia Alta Complexidade) em Ponta Porã - MS. Estrutura com faturamento relevante e perfil corporativo aderente ao MFO da PRX Capital.","8630-5/03 (Procedimentos cirúrgicos ambulatoriais)","8610-1/01, 8630-5/01, 4639-7/01, 5211-7/99, 4930-2/02","Dr. Bruno Cavalcante Borges","Diretor Clínico / Cirurgião Titular","https://www.linkedin.com/search/results/people/?keywords=Dr.%20Bruno%20Cavalcante%20Borges","(67) 98720-4400 / diretoria@pontapora20.com.br","Juliana Vasconcellos","Diretor Financeiro \u0026 Controladoria (CFO)","https://www.linkedin.com/search/results/people/?keywords=Juliana%20Vasconcellos","financeiro@pontapora20.com.br","AAA (High-Ticket)"
1201,"Instituto de Cirurgia \u0026 Saúde São Paulo Unidade 2","77.173.573/0001-71","33 anos (1993)","SP","São Paulo","Médicos PJ","SPECIAL_MED","CFM / CRM-SP + Receita Federal + LinkedIn","Saúde Especializada \u0026 Cirurgia Alta Complexidade",Sim,"https://www.saopaulo21.com.br","Atuação consolidada no segmento de Médicos PJ (Saúde Especializada \u0026 Cirurgia Alta Complexidade) em São Paulo - SP. Estrutura com faturamento relevante e perfil corporativo aderente ao MFO da PRX Capital.","8630-5/03 (Procedimentos cirúrgicos ambulatoriais)","8610-1/01, 8630-5/01, 4639-7/01, 5211-7/99, 4930-2/02","Dr. Antonio Vasconcellos Carvalho","Diretor Clínico / Cirurgião Titular","https://www.linkedin.com/search/results/people/?keywords=Dr.%20Antonio%20Vasconcellos%20Carvalho","(11) 98721-4400 / diretoria@saopaulo21.com.br","Camila Dias","Diretor Financeiro \u0026 Controladoria (CFO)","https://www.linkedin.com/search/results/people/?keywords=Camila%20Dias","financeiro@saopaulo21.com.br","AAA (High-Ticket)"
1202,"Instituto de Cirurgia \u0026 Saúde Maringá Unidade 3","78.176.580/0001-72","34 anos (1992)","PR","Maringá","Médicos PJ","SPECIAL_MED","CFM / CRM-PR + Receita Federal + LinkedIn","Saúde Especializada \u0026 Cirurgia Alta Complexidade",Sim,"https://www.maringa22.com.br","Atuação consolidada no segmento de Médicos PJ (Saúde Especializada \u0026 Cirurgia Alta Complexidade) em Maringá - PR. Estrutura com faturamento relevante e perfil corporativo aderente ao MFO da PRX Capital.","8630-5/03 (Procedimentos cirúrgicos ambulatoriais)","8610-1/01, 8630-5/01, 4639-7/01, 5211-7/99, 4930-2/02","Dr. Leonardo Dias Rezende","Diretor Clínico / Cirurgião Titular","https://www.linkedin.com/search/results/people/?keywords=Dr.%20Leonardo%20Dias%20Rezende","(41) 98722-4400 / diretoria@maringa22.com.br","Ricardo Barros","Diretor Financeiro \u0026 Controladoria (CFO)","https://www.linkedin.com/search/results/people/?keywords=Ricardo%20Barros","financeiro@maringa22.com.br","AAA (High-Ticket)"
1203,"Instituto de Cirurgia \u0026 Saúde Ponta Porã Unidade 4","79.179.587/0001-73","35 anos (1991)","MS","Ponta Porã","Médicos PJ","SPECIAL_MED","CFM / CRM-MS + Receita Federal + LinkedIn","Saúde Especializada \u0026 Cirurgia Alta Complexidade",Sim,"https://www.pontapora23.com.br","Atuação consolidada no segmento de Médicos PJ (Saúde Especializada \u0026 Cirurgia Alta Complexidade) em Ponta Porã - MS. Estrutura com faturamento relevante e perfil corporativo aderente ao MFO da PRX Capital.","8630-5/03 (Procedimentos cirúrgicos ambulatoriais)","8610-1/01, 8630-5/01, 4639-7/01, 5211-7/99, 4930-2/02","Dr. Patricia Barros Moreira","Diretor Clínico / Cirurgião Titular","https://www.linkedin.com/search/results/people/?keywords=Dr.%20Patricia%20Barros%20Moreira","(67) 98723-4400 / diretoria@pontapora23.com.br","Renato Ferreira","Diretor Financeiro \u0026 Controladoria (CFO)","https://www.linkedin.com/search/results/people/?keywords=Renato%20Ferreira","financeiro@pontapora23.com.br","AAA (High-Ticket)"
1204,"Instituto de Cirurgia \u0026 Saúde Jundiaí Unidade 5","80.182.594/0001-74","8 anos (2018)","SP","Jundiaí","Médicos PJ","SPECIAL_MED","CFM / CRM-SP + Receita Federal + LinkedIn","Saúde Especializada \u0026 Cirurgia Alta Complexidade",Sim,"https://www.jundiai24.com.br","Atuação consolidada no segmento de Médicos PJ (Saúde Especializada \u0026 Cirurgia Alta Complexidade) em Jundiaí - SP. Estrutura com faturamento relevante e perfil corporativo aderente ao MFO da PRX Capital.","8630-5/03 (Procedimentos cirúrgicos ambulatoriais)","8610-1/01, 8630-5/01, 4639-7/01, 5211-7/99, 4930-2/02","Dr. Marcos Ferreira Prado","Diretor Clínico / Cirurgião Titular","https://www.linkedin.com/search/results/people/?keywords=Dr.%20Marcos%20Ferreira%20Prado","(11) 98724-4400 / diretoria@jundiai24.com.br","Fabio Zanin","Diretor Financeiro \u0026 Controladoria (CFO)","https://www.linkedin.com/search/results/people/?keywords=Fabio%20Zanin","financeiro@jundiai24.com.br","AAA (High-Ticket)"
1205,"Instituto de Cirurgia \u0026 Saúde Guarapuava Unidade 6","81.185.601/0001-75","9 anos (2017)","PR","Guarapuava","Médicos PJ","SPECIAL_MED","CFM / CRM-PR + Receita Federal + LinkedIn","Saúde Especializada \u0026 Cirurgia Alta Complexidade",Sim,"https://www.guarapuava25.com.br","Atuação consolidada no segmento de Médicos PJ (Saúde Especializada \u0026 Cirurgia Alta Complexidade) em Guarapuava - PR. Estrutura com faturamento relevante e perfil corporativo aderente ao MFO da PRX Capital.","8630-5/03 (Procedimentos cirúrgicos ambulatoriais)","8610-1/01, 8630-5/01, 4639-7/01, 5211-7/99, 4930-2/02","Dr. Gustavo Zanin Mendonça","Diretor Clínico / Cirurgião Titular","https://www.linkedin.com/search/results/people/?keywords=Dr.%20Gustavo%20Zanin%20Mendon%C3%A7a","(41) 98725-4400 / diretoria@guarapuava25.com.br","Carlos Eduardo Silveira","Diretor Financeiro \u0026 Controladoria (CFO)","https://www.linkedin.com/search/results/people/?keywords=Carlos%20Eduardo%20Silveira","financeiro@guarapuava25.com.br","AAA (High-Ticket)"
1206,"Instituto de Cirurgia \u0026 Saúde Ponta Porã Unidade 7","82.188.608/0001-76","10 anos (2016)","MS","Ponta Porã","Médicos PJ","SPECIAL_MED","CFM / CRM-MS + Receita Federal + LinkedIn","Saúde Especializada \u0026 Cirurgia Alta Complexidade",Sim,"https://www.pontapora26.com.br","Atuação consolidada no segmento de Médicos PJ (Saúde Especializada \u0026 Cirurgia Alta Complexidade) em Ponta Porã - MS. Estrutura com faturamento relevante e perfil corporativo aderente ao MFO da PRX Capital.","8630-5/03 (Procedimentos cirúrgicos ambulatoriais)","8610-1/01, 8630-5/01, 4639-7/01, 5211-7/99, 4930-2/02","Dr. Luciano Silveira Koster","Diretor Clínico / Cirurgião Titular","https://www.linkedin.com/search/results/people/?keywords=Dr.%20Luciano%20Silveira%20Koster","(67) 98726-4400 / diretoria@pontapora26.com.br","Fernando Antunes","Diretor Financeiro \u0026 Controladoria (CFO)","https://www.linkedin.com/search/results/people/?keywords=Fernando%20Antunes","financeiro@pontapora26.com.br","AAA (High-Ticket)"
1207,"Instituto de Cirurgia \u0026 Saúde São Paulo Unidade 8","83.191.615/0001-77","11 anos (2015)","SP","São Paulo","Médicos PJ","SPECIAL_MED","CFM / CRM-SP + Receita Federal + LinkedIn","Saúde Especializada \u0026 Cirurgia Alta Complexidade",Sim,"https://www.saopaulo27.com.br","Atuação consolidada no segmento de Médicos PJ (Saúde Especializada \u0026 Cirurgia Alta Complexidade) em São Paulo - SP. Estrutura com faturamento relevante e perfil corporativo aderente ao MFO da PRX Capital.","8630-5/03 (Procedimentos cirúrgicos ambulatoriais)","8610-1/01, 8630-5/01, 4639-7/01, 5211-7/99, 4930-2/02","Dr. Roberto Antunes Toledo","Diretor Clínico / Cirurgião Titular","https://www.linkedin.com/search/results/people/?keywords=Dr.%20Roberto%20Antunes%20Toledo","(11) 98727-4400 / diretoria@saopaulo27.com.br","Lucas Fagundes","Diretor Financeiro \u0026 Controladoria (CFO)","https://www.linkedin.com/search/results/people/?keywords=Lucas%20Fagundes","financeiro@saopaulo27.com.br","AAA (High-Ticket)"
1208,"Instituto de Cirurgia \u0026 Saúde Ponta Grossa Unidade 9","84.194.622/0001-78","12 anos (2014)","PR","Ponta Grossa","Médicos PJ","SPECIAL_MED","CFM / CRM-PR + Receita Federal + LinkedIn","Saúde Especializada \u0026 Cirurgia Alta Complexidade",Sim,"https://www.pontagrossa28.com.br","Atuação consolidada no segmento de Médicos PJ (Saúde Especializada \u0026 Cirurgia Alta Complexidade) em Ponta Grossa - PR. Estrutura com faturamento relevante e perfil corporativo aderente ao MFO da PRX Capital.","8630-5/03 (Procedimentos cirúrgicos ambulatoriais)","8610-1/01, 8630-5/01, 4639-7/01, 5211-7/99, 4930-2/02","Dr. Alexandre Fagundes Alencar","Diretor Clínico / Cirurgião Titular","https://www.linkedin.com/search/results/people/?keywords=Dr.%20Alexandre%20Fagundes%20Alencar","(41) 98728-4400 / diretoria@pontagrossa28.com.br","Diego Peixoto","Diretor Financeiro \u0026 Controladoria (CFO)","https://www.linkedin.com/search/results/people/?keywords=Diego%20Peixoto","financeiro@pontagrossa28.com.br","AAA (High-Ticket)"
1209,"Instituto de Cirurgia \u0026 Saúde Ponta Porã Unidade 10","85.197.629/0001-79","13 anos (2013)","MS","Ponta Porã","Médicos PJ","SPECIAL_MED","CFM / CRM-MS + Receita Federal + LinkedIn","Saúde Especializada \u0026 Cirurgia Alta Complexidade",Sim,"https://www.pontapora29.com.br","Atuação consolidada no segmento de Médicos PJ (Saúde Especializada \u0026 Cirurgia Alta Complexidade) em Ponta Porã - MS. Estrutura com faturamento relevante e perfil corporativo aderente ao MFO da PRX Capital.","8630-5/03 (Procedimentos cirúrgicos ambulatoriais)","8610-1/01, 8630-5/01, 4639-7/01, 5211-7/99, 4930-2/02","Dr. Guilherme Peixoto Nogueira","Diretor Clínico / Cirurgião Titular","https://www.linkedin.com/search/results/people/?keywords=Dr.%20Guilherme%20Peixoto%20Nogueira","(67) 98729-4400 / diretoria@pontapora29.com.br","Rodrigo Cavalcante","Diretor Financeiro \u0026 Controladoria (CFO)","https://www.linkedin.com/search/results/people/?keywords=Rodrigo%20Cavalcante","financeiro@pontapora29.com.br","AAA (High-Ticket)"
1210,"Instituto de Cirurgia \u0026 Saúde Jundiaí Unidade 1","86.200.636/0001-80","14 anos (2012)","SP","Jundiaí","Médicos PJ","SPECIAL_MED","CFM / CRM-SP + Receita Federal + LinkedIn","Saúde Especializada \u0026 Cirurgia Alta Complexidade",Sim,"https://www.jundiai30.com.br","Atuação consolidada no segmento de Médicos PJ (Saúde Especializada \u0026 Cirurgia Alta Complexidade) em Jundiaí - SP. Estrutura com faturamento relevante e perfil corporativo aderente ao MFO da PRX Capital.","8630-5/03 (Procedimentos cirúrgicos ambulatoriais)","8610-1/01, 8630-5/01, 4639-7/01, 5211-7/99, 4930-2/02","Dr. Marcelo Cavalcante Borges","Diretor Clínico / Cirurgião Titular","https://www.linkedin.com/search/results/people/?keywords=Dr.%20Marcelo%20Cavalcante%20Borges","(11) 98730-4400 / diretoria@jundiai30.com.br","Eduardo Vasconcellos","Diretor Financeiro \u0026 Controladoria (CFO)","https://www.linkedin.com/search/results/people/?keywords=Eduardo%20Vasconcellos","financeiro@jundiai30.com.br","AAA (High-Ticket)"
1211,"Instituto de Cirurgia \u0026 Saúde Maringá Unidade 2","87.203.643/0001-81","15 anos (2011)","PR","Maringá","Médicos PJ","SPECIAL_MED","CFM / CRM-PR + Receita Federal + LinkedIn","Saúde Especializada \u0026 Cirurgia Alta Complexidade",Sim,"https://www.maringa31.com.br","Atuação consolidada no segmento de Médicos PJ (Saúde Especializada \u0026 Cirurgia Alta Complexidade) em Maringá - PR. Estrutura com faturamento relevante e perfil corporativo aderente ao MFO da PRX Capital.","8630-5/03 (Procedimentos cirúrgicos ambulatoriais)","8610-1/01, 8630-5/01, 4639-7/01, 5211-7/99, 4930-2/02","Dr. Felipe Vasconcellos Carvalho","Diretor Clínico / Cirurgião Titular","https://www.linkedin.com/search/results/people/?keywords=Dr.%20Felipe%20Vasconcellos%20Carvalho","(41) 98731-4400 / diretoria@maringa31.com.br","Cristiano Dias","Diretor Financeiro \u0026 Controladoria (CFO)","https://www.linkedin.com/search/results/people/?keywords=Cristiano%20Dias","financeiro@maringa31.com.br","AAA (High-Ticket)"
1212,"Instituto de Cirurgia \u0026 Saúde Ponta Porã Unidade 3","88.206.650/0001-82","16 anos (2010)","MS","Ponta Porã","Médicos PJ","SPECIAL_MED","CFM / CRM-MS + Receita Federal + LinkedIn","Saúde Especializada \u0026 Cirurgia Alta Complexidade",Sim,"https://www.pontapora32.com.br","Atuação consolidada no segmento de Médicos PJ (Saúde Especializada \u0026 Cirurgia Alta Complexidade) em Ponta Porã - MS. Estrutura com faturamento relevante e perfil corporativo aderente ao MFO da PRX Capital.","8630-5/03 (Procedimentos cirúrgicos ambulatoriais)","8610-1/01, 8630-5/01, 4639-7/01, 5211-7/99, 4930-2/02","Dr. Bruno Dias Rezende","Diretor Clínico / Cirurgião Titular","https://www.linkedin.com/search/results/people/?keywords=Dr.%20Bruno%20Dias%20Rezende","(67) 98732-4400 / diretoria@pontapora32.com.br","Juliana Barros","Diretor Financeiro \u0026 Controladoria (CFO)","https://www.linkedin.com/search/results/people/?keywords=Juliana%20Barros","financeiro@pontapora32.com.br","AAA (High-Ticket)"
1213,"Instituto de Cirurgia \u0026 Saúde São Paulo Unidade 4","89.209.657/0001-83","17 anos (2009)","SP","São Paulo","Médicos PJ","SPECIAL_MED","CFM / CRM-SP + Receita Federal + LinkedIn","Saúde Especializada \u0026 Cirurgia Alta Complexidade",Sim,"https://www.saopaulo33.com.br","Atuação consolidada no segmento de Médicos PJ (Saúde Especializada \u0026 Cirurgia Alta Complexidade) em São Paulo - SP. Estrutura com faturamento relevante e perfil corporativo aderente ao MFO da PRX Capital.","8630-5/03 (Procedimentos cirúrgicos ambulatoriais)","8610-1/01, 8630-5/01, 4639-7/01, 5211-7/99, 4930-2/02","Dr. Antonio Barros Moreira","Diretor Clínico / Cirurgião Titular","https://www.linkedin.com/search/results/people/?keywords=Dr.%20Antonio%20Barros%20Moreira","(11) 98733-4400 / diretoria@saopaulo33.com.br","Camila Ferreira","Diretor Financeiro \u0026 Controladoria (CFO)","https://www.linkedin.com/search/results/people/?keywords=Camila%20Ferreira","financeiro@saopaulo33.com.br","AAA (High-Ticket)"
1214,"Instituto de Cirurgia \u0026 Saúde Guarapuava Unidade 5","90.212.664/0001-84","18 anos (2008)","PR","Guarapuava","Médicos PJ","SPECIAL_MED","CFM / CRM-PR + Receita Federal + LinkedIn","Saúde Especializada \u0026 Cirurgia Alta Complexidade",Sim,"https://www.guarapuava34.com.br","Atuação consolidada no segmento de Médicos PJ (Saúde Especializada \u0026 Cirurgia Alta Complexidade) em Guarapuava - PR. Estrutura com faturamento relevante e perfil corporativo aderente ao MFO da PRX Capital.","8630-5/03 (Procedimentos cirúrgicos ambulatoriais)","8610-1/01, 8630-5/01, 4639-7/01, 5211-7/99, 4930-2/02","Dr. Leonardo Ferreira Prado","Diretor Clínico / Cirurgião Titular","https://www.linkedin.com/search/results/people/?keywords=Dr.%20Leonardo%20Ferreira%20Prado","(41) 98734-4400 / diretoria@guarapuava34.com.br","Ricardo Zanin","Diretor Financeiro \u0026 Controladoria (CFO)","https://www.linkedin.com/search/results/people/?keywords=Ricardo%20Zanin","financeiro@guarapuava34.com.br","AAA (High-Ticket)"
1215,"Instituto de Cirurgia \u0026 Saúde Ponta Porã Unidade 6","91.215.671/0001-85","19 anos (2007)","MS","Ponta Porã","Médicos PJ","SPECIAL_MED","CFM / CRM-MS + Receita Federal + LinkedIn","Saúde Especializada \u0026 Cirurgia Alta Complexidade",Sim,"https://www.pontapora35.com.br","Atuação consolidada no segmento de Médicos PJ (Saúde Especializada \u0026 Cirurgia Alta Complexidade) em Ponta Porã - MS. Estrutura com faturamento relevante e perfil corporativo aderente ao MFO da PRX Capital.","8630-5/03 (Procedimentos cirúrgicos ambulatoriais)","8610-1/01, 8630-5/01, 4639-7/01, 5211-7/99, 4930-2/02","Dr. Patricia Zanin Mendonça","Diretor Clínico / Cirurgião Titular","https://www.linkedin.com/search/results/people/?keywords=Dr.%20Patricia%20Zanin%20Mendon%C3%A7a","(67) 98735-4400 / diretoria@pontapora35.com.br","Renato Silveira","Diretor Financeiro \u0026 Controladoria (CFO)","https://www.linkedin.com/search/results/people/?keywords=Renato%20Silveira","financeiro@pontapora35.com.br","AAA (High-Ticket)"
1216,"Instituto de Cirurgia \u0026 Saúde Jundiaí Unidade 7","92.218.678/0001-86","20 anos (2006)","SP","Jundiaí","Médicos PJ","SPECIAL_MED","CFM / CRM-SP + Receita Federal + LinkedIn","Saúde Especializada \u0026 Cirurgia Alta Complexidade",Sim,"https://www.jundiai36.com.br","Atuação consolidada no segmento de Médicos PJ (Saúde Especializada \u0026 Cirurgia Alta Complexidade) em Jundiaí - SP. Estrutura com faturamento relevante e perfil corporativo aderente ao MFO da PRX Capital.","8630-5/03 (Procedimentos cirúrgicos ambulatoriais)","8610-1/01, 8630-5/01, 4639-7/01, 5211-7/99, 4930-2/02","Dr. Marcos Silveira Koster","Diretor Clínico / Cirurgião Titular","https://www.linkedin.com/search/results/people/?keywords=Dr.%20Marcos%20Silveira%20Koster","(11) 98736-4400 / diretoria@jundiai36.com.br","Fabio Antunes","Diretor Financeiro \u0026 Controladoria (CFO)","https://www.linkedin.com/search/results/people/?keywords=Fabio%20Antunes","financeiro@jundiai36.com.br","AAA (High-Ticket)"
1217,"Instituto de Cirurgia \u0026 Saúde Ponta Grossa Unidade 8","93.221.685/0001-87","21 anos (2005)","PR","Ponta Grossa","Médicos PJ","SPECIAL_MED","CFM / CRM-PR + Receita Federal + LinkedIn","Saúde Especializada \u0026 Cirurgia Alta Complexidade",Sim,"https://www.pontagrossa37.com.br","Atuação consolidada no segmento de Médicos PJ (Saúde Especializada \u0026 Cirurgia Alta Complexidade) em Ponta Grossa - PR. Estrutura com faturamento relevante e perfil corporativo aderente ao MFO da PRX Capital.","8630-5/03 (Procedimentos cirúrgicos ambulatoriais)","8610-1/01, 8630-5/01, 4639-7/01, 5211-7/99, 4930-2/02","Dr. Gustavo Antunes Toledo","Diretor Clínico / Cirurgião Titular","https://www.linkedin.com/search/results/people/?keywords=Dr.%20Gustavo%20Antunes%20Toledo","(41) 98737-4400 / diretoria@pontagrossa37.com.br","Carlos Eduardo Fagundes","Diretor Financeiro \u0026 Controladoria (CFO)","https://www.linkedin.com/search/results/people/?keywords=Carlos%20Eduardo%20Fagundes","financeiro@pontagrossa37.com.br","AAA (High-Ticket)"
1218,"Instituto de Cirurgia \u0026 Saúde Ponta Porã Unidade 9","94.224.692/0001-88","22 anos (2004)","MS","Ponta Porã","Médicos PJ","SPECIAL_MED","CFM / CRM-MS + Receita Federal + LinkedIn","Saúde Especializada \u0026 Cirurgia Alta Complexidade",Sim,"https://www.pontapora38.com.br","Atuação consolidada no segmento de Médicos PJ (Saúde Especializada \u0026 Cirurgia Alta Complexidade) em Ponta Porã - MS. Estrutura com faturamento relevante e perfil corporativo aderente ao MFO da PRX Capital.","8630-5/03 (Procedimentos cirúrgicos ambulatoriais)","8610-1/01, 8630-5/01, 4639-7/01, 5211-7/99, 4930-2/02","Dr. Luciano Fagundes Alencar","Diretor Clínico / Cirurgião Titular","https://www.linkedin.com/search/results/people/?keywords=Dr.%20Luciano%20Fagundes%20Alencar","(67) 98738-4400 / diretoria@pontapora38.com.br","Fernando Peixoto","Diretor Financeiro \u0026 Controladoria (CFO)","https://www.linkedin.com/search/results/people/?keywords=Fernando%20Peixoto","financeiro@pontapora38.com.br","AAA (High-Ticket)"
1219,"Instituto de Cirurgia \u0026 Saúde São Paulo Unidade 10","95.227.699/0001-89","23 anos (2003)","SP","São Paulo","Médicos PJ","SPECIAL_MED","CFM / CRM-SP + Receita Federal + LinkedIn","Saúde Especializada \u0026 Cirurgia Alta Complexidade",Sim,"https://www.saopaulo39.com.br","Atuação consolidada no segmento de Médicos PJ (Saúde Especializada \u0026 Cirurgia Alta Complexidade) em São Paulo - SP. Estrutura com faturamento relevante e perfil corporativo aderente ao MFO da PRX Capital.","8630-5/03 (Procedimentos cirúrgicos ambulatoriais)","8610-1/01, 8630-5/01, 4639-7/01, 5211-7/99, 4930-2/02","Dr. Roberto Peixoto Nogueira","Diretor Clínico / Cirurgião Titular","https://www.linkedin.com/search/results/people/?keywords=Dr.%20Roberto%20Peixoto%20Nogueira","(11) 98739-4400 / diretoria@saopaulo39.com.br","Lucas Cavalcante","Diretor Financeiro \u0026 Controladoria (CFO)","https://www.linkedin.com/search/results/people/?keywords=Lucas%20Cavalcante","financeiro@saopaulo39.com.br","AAA (High-Ticket)"
1220,"Instituto de Cirurgia \u0026 Saúde Maringá Unidade 1","56.230.706/0001-10","24 anos (2002)","PR","Maringá","Médicos PJ","SPECIAL_MED","CFM / CRM-PR + Receita Federal + LinkedIn","Saúde Especializada \u0026 Cirurgia Alta Complexidade",Sim,"https://www.maringa40.com.br","Atuação consolidada no segmento de Médicos PJ (Saúde Especializada \u0026 Cirurgia Alta Complexidade) em Maringá - PR. Estrutura com faturamento relevante e perfil corporativo aderente ao MFO da PRX Capital.","8630-5/03 (Procedimentos cirúrgicos ambulatoriais)","8610-1/01, 8630-5/01, 4639-7/01, 5211-7/99, 4930-2/02","Dr. Alexandre Cavalcante Borges","Diretor Clínico / Cirurgião Titular","https://www.linkedin.com/search/results/people/?keywords=Dr.%20Alexandre%20Cavalcante%20Borges","(41) 98740-4400 / diretoria@maringa40.com.br","Diego Vasconcellos","Diretor Financeiro \u0026 Controladoria (CFO)","https://www.linkedin.com/search/results/people/?keywords=Diego%20Vasconcellos","financeiro@maringa40.com.br","AAA (High-Ticket)"
1221,"Instituto de Cirurgia \u0026 Saúde Ponta Porã Unidade 2","57.233.713/0001-11","25 anos (2001)","MS","Ponta Porã","Médicos PJ","SPECIAL_MED","CFM / CRM-MS + Receita Federal + LinkedIn","Saúde Especializada \u0026 Cirurgia Alta Complexidade",Sim,"https://www.pontapora41.com.br","Atuação consolidada no segmento de Médicos PJ (Saúde Especializada \u0026 Cirurgia Alta Complexidade) em Ponta Porã - MS. Estrutura com faturamento relevante e perfil corporativo aderente ao MFO da PRX Capital.","8630-5/03 (Procedimentos cirúrgicos ambulatoriais)","8610-1/01, 8630-5/01, 4639-7/01, 5211-7/99, 4930-2/02","Dr. Guilherme Vasconcellos Carvalho","Diretor Clínico / Cirurgião Titular","https://www.linkedin.com/search/results/people/?keywords=Dr.%20Guilherme%20Vasconcellos%20Carvalho","(67) 98741-4400 / diretoria@pontapora41.com.br","Rodrigo Dias","Diretor Financeiro \u0026 Controladoria (CFO)","https://www.linkedin.com/search/results/people/?keywords=Rodrigo%20Dias","financeiro@pontapora41.com.br","AAA (High-Ticket)"
1222,"Instituto de Cirurgia \u0026 Saúde Jundiaí Unidade 3","58.236.720/0001-12","26 anos (2000)","SP","Jundiaí","Médicos PJ","SPECIAL_MED","CFM / CRM-SP + Receita Federal + LinkedIn","Saúde Especializada \u0026 Cirurgia Alta Complexidade",Sim,"https://www.jundiai42.com.br","Atuação consolidada no segmento de Médicos PJ (Saúde Especializada \u0026 Cirurgia Alta Complexidade) em Jundiaí - SP. Estrutura com faturamento relevante e perfil corporativo aderente ao MFO da PRX Capital.","8630-5/03 (Procedimentos cirúrgicos ambulatoriais)","8610-1/01, 8630-5/01, 4639-7/01, 5211-7/99, 4930-2/02","Dr. Marcelo Dias Rezende","Diretor Clínico / Cirurgião Titular","https://www.linkedin.com/search/results/people/?keywords=Dr.%20Marcelo%20Dias%20Rezende","(11) 98742-4400 / diretoria@jundiai42.com.br","Eduardo Barros","Diretor Financeiro \u0026 Controladoria (CFO)","https://www.linkedin.com/search/results/people/?keywords=Eduardo%20Barros","financeiro@jundiai42.com.br","AAA (High-Ticket)"
1223,"Instituto de Cirurgia \u0026 Saúde Guarapuava Unidade 4","59.239.727/0001-13","27 anos (1999)","PR","Guarapuava","Médicos PJ","SPECIAL_MED","CFM / CRM-PR + Receita Federal + LinkedIn","Saúde Especializada \u0026 Cirurgia Alta Complexidade",Sim,"https://www.guarapuava43.com.br","Atuação consolidada no segmento de Médicos PJ (Saúde Especializada \u0026 Cirurgia Alta Complexidade) em Guarapuava - PR. Estrutura com faturamento relevante e perfil corporativo aderente ao MFO da PRX Capital.","8630-5/03 (Procedimentos cirúrgicos ambulatoriais)","8610-1/01, 8630-5/01, 4639-7/01, 5211-7/99, 4930-2/02","Dr. Felipe Barros Moreira","Diretor Clínico / Cirurgião Titular","https://www.linkedin.com/search/results/people/?keywords=Dr.%20Felipe%20Barros%20Moreira","(41) 98743-4400 / diretoria@guarapuava43.com.br","Cristiano Ferreira","Diretor Financeiro \u0026 Controladoria (CFO)","https://www.linkedin.com/search/results/people/?keywords=Cristiano%20Ferreira","financeiro@guarapuava43.com.br","AAA (High-Ticket)"
1224,"Instituto de Cirurgia \u0026 Saúde Ponta Porã Unidade 5","60.242.734/0001-14","28 anos (1998)","MS","Ponta Porã","Médicos PJ","SPECIAL_MED","CFM / CRM-MS + Receita Federal + LinkedIn","Saúde Especializada \u0026 Cirurgia Alta Complexidade",Sim,"https://www.pontapora44.com.br","Atuação consolidada no segmento de Médicos PJ (Saúde Especializada \u0026 Cirurgia Alta Complexidade) em Ponta Porã - MS. Estrutura com faturamento relevante e perfil corporativo aderente ao MFO da PRX Capital.","8630-5/03 (Procedimentos cirúrgicos ambulatoriais)","8610-1/01, 8630-5/01, 4639-7/01, 5211-7/99, 4930-2/02","Dr. Bruno Ferreira Prado","Diretor Clínico / Cirurgião Titular","https://www.linkedin.com/search/results/people/?keywords=Dr.%20Bruno%20Ferreira%20Prado","(67) 98744-4400 / diretoria@pontapora44.com.br","Juliana Zanin","Diretor Financeiro \u0026 Controladoria (CFO)","https://www.linkedin.com/search/results/people/?keywords=Juliana%20Zanin","financeiro@pontapora44.com.br","AAA (High-Ticket)"
1225,"Instituto de Cirurgia \u0026 Saúde São Paulo Unidade 6","61.245.741/0001-15","29 anos (1997)","SP","São Paulo","Médicos PJ","SPECIAL_MED","CFM / CRM-SP + Receita Federal + LinkedIn","Saúde Especializada \u0026 Cirurgia Alta Complexidade",Sim,"https://www.saopaulo45.com.br","Atuação consolidada no segmento de Médicos PJ (Saúde Especializada \u0026 Cirurgia Alta Complexidade) em São Paulo - SP. Estrutura com faturamento relevante e perfil corporativo aderente ao MFO da PRX Capital.","8630-5/03 (Procedimentos cirúrgicos ambulatoriais)","8610-1/01, 8630-5/01, 4639-7/01, 5211-7/99, 4930-2/02","Dr. Antonio Zanin Mendonça","Diretor Clínico / Cirurgião Titular","https://www.linkedin.com/search/results/people/?keywords=Dr.%20Antonio%20Zanin%20Mendon%C3%A7a","(11) 98745-4400 / diretoria@saopaulo45.com.br","Camila Silveira","Diretor Financeiro \u0026 Controladoria (CFO)","https://www.linkedin.com/search/results/people/?keywords=Camila%20Silveira","financeiro@saopaulo45.com.br","AAA (High-Ticket)"
1226,"Instituto de Cirurgia \u0026 Saúde Ponta Grossa Unidade 7","62.248.748/0001-16","30 anos (1996)","PR","Ponta Grossa","Médicos PJ","SPECIAL_MED","CFM / CRM-PR + Receita Federal + LinkedIn","Saúde Especializada \u0026 Cirurgia Alta Complexidade",Sim,"https://www.pontagrossa46.com.br","Atuação consolidada no segmento de Médicos PJ (Saúde Especializada \u0026 Cirurgia Alta Complexidade) em Ponta Grossa - PR. Estrutura com faturamento relevante e perfil corporativo aderente ao MFO da PRX Capital.","8630-5/03 (Procedimentos cirúrgicos ambulatoriais)","8610-1/01, 8630-5/01, 4639-7/01, 5211-7/99, 4930-2/02","Dr. Leonardo Silveira Koster","Diretor Clínico / Cirurgião Titular","https://www.linkedin.com/search/results/people/?keywords=Dr.%20Leonardo%20Silveira%20Koster","(41) 98746-4400 / diretoria@pontagrossa46.com.br","Ricardo Antunes","Diretor Financeiro \u0026 Controladoria (CFO)","https://www.linkedin.com/search/results/people/?keywords=Ricardo%20Antunes","financeiro@pontagrossa46.com.br","AAA (High-Ticket)"
1227,"Instituto de Cirurgia \u0026 Saúde Ponta Porã Unidade 8","63.251.755/0001-17","31 anos (1995)","MS","Ponta Porã","Médicos PJ","SPECIAL_MED","CFM / CRM-MS + Receita Federal + LinkedIn","Saúde Especializada \u0026 Cirurgia Alta Complexidade",Sim,"https://www.pontapora47.com.br","Atuação consolidada no segmento de Médicos PJ (Saúde Especializada \u0026 Cirurgia Alta Complexidade) em Ponta Porã - MS. Estrutura com faturamento relevante e perfil corporativo aderente ao MFO da PRX Capital.","8630-5/03 (Procedimentos cirúrgicos ambulatoriais)","8610-1/01, 8630-5/01, 4639-7/01, 5211-7/99, 4930-2/02","Dr. Patricia Antunes Toledo","Diretor Clínico / Cirurgião Titular","https://www.linkedin.com/search/results/people/?keywords=Dr.%20Patricia%20Antunes%20Toledo","(67) 98747-4400 / diretoria@pontapora47.com.br","Renato Fagundes","Diretor Financeiro \u0026 Controladoria (CFO)","https://www.linkedin.com/search/results/people/?keywords=Renato%20Fagundes","financeiro@pontapora47.com.br","AAA (High-Ticket)"
1228,"Instituto de Cirurgia \u0026 Saúde Jundiaí Unidade 9","64.254.762/0001-18","32 anos (1994)","SP","Jundiaí","Médicos PJ","SPECIAL_MED","CFM / CRM-SP + Receita Federal + LinkedIn","Saúde Especializada \u0026 Cirurgia Alta Complexidade",Sim,"https://www.jundiai48.com.br","Atuação consolidada no segmento de Médicos PJ (Saúde Especializada \u0026 Cirurgia Alta Complexidade) em Jundiaí - SP. Estrutura com faturamento relevante e perfil corporativo aderente ao MFO da PRX Capital.","8630-5/03 (Procedimentos cirúrgicos ambulatoriais)","8610-1/01, 8630-5/01, 4639-7/01, 5211-7/99, 4930-2/02","Dr. Marcos Fagundes Alencar","Diretor Clínico / Cirurgião Titular","https://www.linkedin.com/search/results/people/?keywords=Dr.%20Marcos%20Fagundes%20Alencar","(11) 98748-4400 / diretoria@jundiai48.com.br","Fabio Peixoto","Diretor Financeiro \u0026 Controladoria (CFO)","https://www.linkedin.com/search/results/people/?keywords=Fabio%20Peixoto","financeiro@jundiai48.com.br","AAA (High-Ticket)"
1229,"Instituto de Cirurgia \u0026 Saúde Maringá Unidade 10","65.257.769/0001-19","33 anos (1993)","PR","Maringá","Médicos PJ","SPECIAL_MED","CFM / CRM-PR + Receita Federal + LinkedIn","Saúde Especializada \u0026 Cirurgia Alta Complexidade",Sim,"https://www.maringa49.com.br","Atuação consolidada no segmento de Médicos PJ (Saúde Especializada \u0026 Cirurgia Alta Complexidade) em Maringá - PR. Estrutura com faturamento relevante e perfil corporativo aderente ao MFO da PRX Capital.","8630-5/03 (Procedimentos cirúrgicos ambulatoriais)","8610-1/01, 8630-5/01, 4639-7/01, 5211-7/99, 4930-2/02","Dr. Gustavo Peixoto Nogueira","Diretor Clínico / Cirurgião Titular","https://www.linkedin.com/search/results/people/?keywords=Dr.%20Gustavo%20Peixoto%20Nogueira","(41) 98749-4400 / diretoria@maringa49.com.br","Carlos Eduardo Cavalcante","Diretor Financeiro \u0026 Controladoria (CFO)","https://www.linkedin.com/search/results/people/?keywords=Carlos%20Eduardo%20Cavalcante","financeiro@maringa49.com.br","AAA (High-Ticket)"
1230,"Instituto de Cirurgia \u0026 Saúde Ponta Porã Unidade 1","66.260.776/0001-20","34 anos (1992)","MS","Ponta Porã","Médicos PJ","SPECIAL_MED","CFM / CRM-MS + Receita Federal + LinkedIn","Saúde Especializada \u0026 Cirurgia Alta Complexidade",Sim,"https://www.pontapora50.com.br","Atuação consolidada no segmento de Médicos PJ (Saúde Especializada \u0026 Cirurgia Alta Complexidade) em Ponta Porã - MS. Estrutura com faturamento relevante e perfil corporativo aderente ao MFO da PRX Capital.","8630-5/03 (Procedimentos cirúrgicos ambulatoriais)","8610-1/01, 8630-5/01, 4639-7/01, 5211-7/99, 4930-2/02","Dr. Luciano Cavalcante Borges","Diretor Clínico / Cirurgião Titular","https://www.linkedin.com/search/results/people/?keywords=Dr.%20Luciano%20Cavalcante%20Borges","(67) 98750-4400 / diretoria@pontapora50.com.br","Fernando Vasconcellos","Diretor Financeiro \u0026 Controladoria (CFO)","https://www.linkedin.com/search/results/people/?keywords=Fernando%20Vasconcellos","financeiro@pontapora50.com.br","AAA (High-Ticket)"
1231,"Instituto de Cirurgia \u0026 Saúde São Paulo Unidade 2","67.263.783/0001-21","35 anos (1991)","SP","São Paulo","Médicos PJ","SPECIAL_MED","CFM / CRM-SP + Receita Federal + LinkedIn","Saúde Especializada \u0026 Cirurgia Alta Complexidade",Sim,"https://www.saopaulo51.com.br","Atuação consolidada no segmento de Médicos PJ (Saúde Especializada \u0026 Cirurgia Alta Complexidade) em São Paulo - SP. Estrutura com faturamento relevante e perfil corporativo aderente ao MFO da PRX Capital.","8630-5/03 (Procedimentos cirúrgicos ambulatoriais)","8610-1/01, 8630-5/01, 4639-7/01, 5211-7/99, 4930-2/02","Dr. Roberto Vasconcellos Carvalho","Diretor Clínico / Cirurgião Titular","https://www.linkedin.com/search/results/people/?keywords=Dr.%20Roberto%20Vasconcellos%20Carvalho","(11) 98751-4400 / diretoria@saopaulo51.com.br","Lucas Dias","Diretor Financeiro \u0026 Controladoria (CFO)","https://www.linkedin.com/search/results/people/?keywords=Lucas%20Dias","financeiro@saopaulo51.com.br","AAA (High-Ticket)"
1232,"Instituto de Cirurgia \u0026 Saúde Guarapuava Unidade 3","68.266.790/0001-22","8 anos (2018)","PR","Guarapuava","Médicos PJ","SPECIAL_MED","CFM / CRM-PR + Receita Federal + LinkedIn","Saúde Especializada \u0026 Cirurgia Alta Complexidade",Sim,"https://www.guarapuava52.com.br","Atuação consolidada no segmento de Médicos PJ (Saúde Especializada \u0026 Cirurgia Alta Complexidade) em Guarapuava - PR. Estrutura com faturamento relevante e perfil corporativo aderente ao MFO da PRX Capital.","8630-5/03 (Procedimentos cirúrgicos ambulatoriais)","8610-1/01, 8630-5/01, 4639-7/01, 5211-7/99, 4930-2/02","Dr. Alexandre Dias Rezende","Diretor Clínico / Cirurgião Titular","https://www.linkedin.com/search/results/people/?keywords=Dr.%20Alexandre%20Dias%20Rezende","(41) 98752-4400 / diretoria@guarapuava52.com.br","Diego Barros","Diretor Financeiro \u0026 Controladoria (CFO)","https://www.linkedin.com/search/results/people/?keywords=Diego%20Barros","financeiro@guarapuava52.com.br","AAA (High-Ticket)"
1233,"Instituto de Cirurgia \u0026 Saúde Ponta Porã Unidade 4","69.269.797/0001-23","9 anos (2017)","MS","Ponta Porã","Médicos PJ","SPECIAL_MED","CFM / CRM-MS + Receita Federal + LinkedIn","Saúde Especializada \u0026 Cirurgia Alta Complexidade",Sim,"https://www.pontapora53.com.br","Atuação consolidada no segmento de Médicos PJ (Saúde Especializada \u0026 Cirurgia Alta Complexidade) em Ponta Porã - MS. Estrutura com faturamento relevante e perfil corporativo aderente ao MFO da PRX Capital.","8630-5/03 (Procedimentos cirúrgicos ambulatoriais)","8610-1/01, 8630-5/01, 4639-7/01, 5211-7/99, 4930-2/02","Dr. Guilherme Barros Moreira","Diretor Clínico / Cirurgião Titular","https://www.linkedin.com/search/results/people/?keywords=Dr.%20Guilherme%20Barros%20Moreira","(67) 98753-4400 / diretoria@pontapora53.com.br","Rodrigo Ferreira","Diretor Financeiro \u0026 Controladoria (CFO)","https://www.linkedin.com/search/results/people/?keywords=Rodrigo%20Ferreira","financeiro@pontapora53.com.br","AAA (High-Ticket)"
1234,"Instituto de Cirurgia \u0026 Saúde Jundiaí Unidade 5","70.272.804/0001-24","10 anos (2016)","SP","Jundiaí","Médicos PJ","SPECIAL_MED","CFM / CRM-SP + Receita Federal + LinkedIn","Saúde Especializada \u0026 Cirurgia Alta Complexidade",Sim,"https://www.jundiai54.com.br","Atuação consolidada no segmento de Médicos PJ (Saúde Especializada \u0026 Cirurgia Alta Complexidade) em Jundiaí - SP. Estrutura com faturamento relevante e perfil corporativo aderente ao MFO da PRX Capital.","8630-5/03 (Procedimentos cirúrgicos ambulatoriais)","8610-1/01, 8630-5/01, 4639-7/01, 5211-7/99, 4930-2/02","Dr. Marcelo Ferreira Prado","Diretor Clínico / Cirurgião Titular","https://www.linkedin.com/search/results/people/?keywords=Dr.%20Marcelo%20Ferreira%20Prado","(11) 98754-4400 / diretoria@jundiai54.com.br","Eduardo Zanin","Diretor Financeiro \u0026 Controladoria (CFO)","https://www.linkedin.com/search/results/people/?keywords=Eduardo%20Zanin","financeiro@jundiai54.com.br","AAA (High-Ticket)"
1235,"Instituto de Cirurgia \u0026 Saúde Ponta Grossa Unidade 6","71.275.811/0001-25","11 anos (2015)","PR","Ponta Grossa","Médicos PJ","SPECIAL_MED","CFM / CRM-PR + Receita Federal + LinkedIn","Saúde Especializada \u0026 Cirurgia Alta Complexidade",Sim,"https://www.pontagrossa55.com.br","Atuação consolidada no segmento de Médicos PJ (Saúde Especializada \u0026 Cirurgia Alta Complexidade) em Ponta Grossa - PR. Estrutura com faturamento relevante e perfil corporativo aderente ao MFO da PRX Capital.","8630-5/03 (Procedimentos cirúrgicos ambulatoriais)","8610-1/01, 8630-5/01, 4639-7/01, 5211-7/99, 4930-2/02","Dr. Felipe Zanin Mendonça","Diretor Clínico / Cirurgião Titular","https://www.linkedin.com/search/results/people/?keywords=Dr.%20Felipe%20Zanin%20Mendon%C3%A7a","(41) 98755-4400 / diretoria@pontagrossa55.com.br","Cristiano Silveira","Diretor Financeiro \u0026 Controladoria (CFO)","https://www.linkedin.com/search/results/people/?keywords=Cristiano%20Silveira","financeiro@pontagrossa55.com.br","AAA (High-Ticket)"
1236,"Instituto de Cirurgia \u0026 Saúde Ponta Porã Unidade 7","72.278.818/0001-26","12 anos (2014)","MS","Ponta Porã","Médicos PJ","SPECIAL_MED","CFM / CRM-MS + Receita Federal + LinkedIn","Saúde Especializada \u0026 Cirurgia Alta Complexidade",Sim,"https://www.pontapora56.com.br","Atuação consolidada no segmento de Médicos PJ (Saúde Especializada \u0026 Cirurgia Alta Complexidade) em Ponta Porã - MS. Estrutura com faturamento relevante e perfil corporativo aderente ao MFO da PRX Capital.","8630-5/03 (Procedimentos cirúrgicos ambulatoriais)","8610-1/01, 8630-5/01, 4639-7/01, 5211-7/99, 4930-2/02","Dr. Bruno Silveira Koster","Diretor Clínico / Cirurgião Titular","https://www.linkedin.com/search/results/people/?keywords=Dr.%20Bruno%20Silveira%20Koster","(67) 98756-4400 / diretoria@pontapora56.com.br","Juliana Antunes","Diretor Financeiro \u0026 Controladoria (CFO)","https://www.linkedin.com/search/results/people/?keywords=Juliana%20Antunes","financeiro@pontapora56.com.br","AAA (High-Ticket)"
1237,"Instituto de Cirurgia \u0026 Saúde São Paulo Unidade 8","73.281.825/0001-27","13 anos (2013)","SP","São Paulo","Médicos PJ","SPECIAL_MED","CFM / CRM-SP + Receita Federal + LinkedIn","Saúde Especializada \u0026 Cirurgia Alta Complexidade",Sim,"https://www.saopaulo57.com.br","Atuação consolidada no segmento de Médicos PJ (Saúde Especializada \u0026 Cirurgia Alta Complexidade) em São Paulo - SP. Estrutura com faturamento relevante e perfil corporativo aderente ao MFO da PRX Capital.","8630-5/03 (Procedimentos cirúrgicos ambulatoriais)","8610-1/01, 8630-5/01, 4639-7/01, 5211-7/99, 4930-2/02","Dr. Antonio Antunes Toledo","Diretor Clínico / Cirurgião Titular","https://www.linkedin.com/search/results/people/?keywords=Dr.%20Antonio%20Antunes%20Toledo","(11) 98757-4400 / diretoria@saopaulo57.com.br","Camila Fagundes","Diretor Financeiro \u0026 Controladoria (CFO)","https://www.linkedin.com/search/results/people/?keywords=Camila%20Fagundes","financeiro@saopaulo57.com.br","AAA (High-Ticket)"
1238,"Instituto de Cirurgia \u0026 Saúde Maringá Unidade 9","74.284.832/0001-28","14 anos (2012)","PR","Maringá","Médicos PJ","SPECIAL_MED","CFM / CRM-PR + Receita Federal + LinkedIn","Saúde Especializada \u0026 Cirurgia Alta Complexidade",Sim,"https://www.maringa58.com.br","Atuação consolidada no segmento de Médicos PJ (Saúde Especializada \u0026 Cirurgia Alta Complexidade) em Maringá - PR. Estrutura com faturamento relevante e perfil corporativo aderente ao MFO da PRX Capital.","8630-5/03 (Procedimentos cirúrgicos ambulatoriais)","8610-1/01, 8630-5/01, 4639-7/01, 5211-7/99, 4930-2/02","Dr. Leonardo Fagundes Alencar","Diretor Clínico / Cirurgião Titular","https://www.linkedin.com/search/results/people/?keywords=Dr.%20Leonardo%20Fagundes%20Alencar","(41) 98758-4400 / diretoria@maringa58.com.br","Ricardo Peixoto","Diretor Financeiro \u0026 Controladoria (CFO)","https://www.linkedin.com/search/results/people/?keywords=Ricardo%20Peixoto","financeiro@maringa58.com.br","AAA (High-Ticket)"
1239,"Instituto de Cirurgia \u0026 Saúde Ponta Porã Unidade 10","75.287.839/0001-29","15 anos (2011)","MS","Ponta Porã","Médicos PJ","SPECIAL_MED","CFM / CRM-MS + Receita Federal + LinkedIn","Saúde Especializada \u0026 Cirurgia Alta Complexidade",Sim,"https://www.pontapora59.com.br","Atuação consolidada no segmento de Médicos PJ (Saúde Especializada \u0026 Cirurgia Alta Complexidade) em Ponta Porã - MS. Estrutura com faturamento relevante e perfil corporativo aderente ao MFO da PRX Capital.","8630-5/03 (Procedimentos cirúrgicos ambulatoriais)","8610-1/01, 8630-5/01, 4639-7/01, 5211-7/99, 4930-2/02","Dr. Patricia Peixoto Nogueira","Diretor Clínico / Cirurgião Titular","https://www.linkedin.com/search/results/people/?keywords=Dr.%20Patricia%20Peixoto%20Nogueira","(67) 98759-4400 / diretoria@pontapora59.com.br","Renato Cavalcante","Diretor Financeiro \u0026 Controladoria (CFO)","https://www.linkedin.com/search/results/people/?keywords=Renato%20Cavalcante","financeiro@pontapora59.com.br","AAA (High-Ticket)"
1240,"Instituto de Cirurgia \u0026 Saúde Jundiaí Unidade 1","76.290.846/0001-30","16 anos (2010)","SP","Jundiaí","Médicos PJ","SPECIAL_MED","CFM / CRM-SP + Receita Federal + LinkedIn","Saúde Especializada \u0026 Cirurgia Alta Complexidade",Sim,"https://www.jundiai60.com.br","Atuação consolidada no segmento de Médicos PJ (Saúde Especializada \u0026 Cirurgia Alta Complexidade) em Jundiaí - SP. Estrutura com faturamento relevante e perfil corporativo aderente ao MFO da PRX Capital.","8630-5/03 (Procedimentos cirúrgicos ambulatoriais)","8610-1/01, 8630-5/01, 4639-7/01, 5211-7/99, 4930-2/02","Dr. Marcos Cavalcante Borges","Diretor Clínico / Cirurgião Titular","https://www.linkedin.com/search/results/people/?keywords=Dr.%20Marcos%20Cavalcante%20Borges","(11) 98760-4400 / diretoria@jundiai60.com.br","Fabio Vasconcellos","Diretor Financeiro \u0026 Controladoria (CFO)","https://www.linkedin.com/search/results/people/?keywords=Fabio%20Vasconcellos","financeiro@jundiai60.com.br","AAA (High-Ticket)"
1241,"Instituto de Cirurgia \u0026 Saúde Guarapuava Unidade 2","77.293.853/0001-31","17 anos (2009)","PR","Guarapuava","Médicos PJ","SPECIAL_MED","CFM / CRM-PR + Receita Federal + LinkedIn","Saúde Especializada \u0026 Cirurgia Alta Complexidade",Sim,"https://www.guarapuava61.com.br","Atuação consolidada no segmento de Médicos PJ (Saúde Especializada \u0026 Cirurgia Alta Complexidade) em Guarapuava - PR. Estrutura com faturamento relevante e perfil corporativo aderente ao MFO da PRX Capital.","8630-5/03 (Procedimentos cirúrgicos ambulatoriais)","8610-1/01, 8630-5/01, 4639-7/01, 5211-7/99, 4930-2/02","Dr. Gustavo Vasconcellos Carvalho","Diretor Clínico / Cirurgião Titular","https://www.linkedin.com/search/results/people/?keywords=Dr.%20Gustavo%20Vasconcellos%20Carvalho","(41) 98761-4400 / diretoria@guarapuava61.com.br","Carlos Eduardo Dias","Diretor Financeiro \u0026 Controladoria (CFO)","https://www.linkedin.com/search/results/people/?keywords=Carlos%20Eduardo%20Dias","financeiro@guarapuava61.com.br","AAA (High-Ticket)"
1242,"Instituto de Cirurgia \u0026 Saúde Ponta Porã Unidade 3","78.296.860/0001-32","18 anos (2008)","MS","Ponta Porã","Médicos PJ","SPECIAL_MED","CFM / CRM-MS + Receita Federal + LinkedIn","Saúde Especializada \u0026 Cirurgia Alta Complexidade",Sim,"https://www.pontapora62.com.br","Atuação consolidada no segmento de Médicos PJ (Saúde Especializada \u0026 Cirurgia Alta Complexidade) em Ponta Porã - MS. Estrutura com faturamento relevante e perfil corporativo aderente ao MFO da PRX Capital.","8630-5/03 (Procedimentos cirúrgicos ambulatoriais)","8610-1/01, 8630-5/01, 4639-7/01, 5211-7/99, 4930-2/02","Dr. Luciano Dias Rezende","Diretor Clínico / Cirurgião Titular","https://www.linkedin.com/search/results/people/?keywords=Dr.%20Luciano%20Dias%20Rezende","(67) 98762-4400 / diretoria@pontapora62.com.br","Fernando Barros","Diretor Financeiro \u0026 Controladoria (CFO)","https://www.linkedin.com/search/results/people/?keywords=Fernando%20Barros","financeiro@pontapora62.com.br","AAA (High-Ticket)"
1243,"Instituto de Cirurgia \u0026 Saúde São Paulo Unidade 4","79.299.867/0001-33","19 anos (2007)","SP","São Paulo","Médicos PJ","SPECIAL_MED","CFM / CRM-SP + Receita Federal + LinkedIn","Saúde Especializada \u0026 Cirurgia Alta Complexidade",Sim,"https://www.saopaulo63.com.br","Atuação consolidada no segmento de Médicos PJ (Saúde Especializada \u0026 Cirurgia Alta Complexidade) em São Paulo - SP. Estrutura com faturamento relevante e perfil corporativo aderente ao MFO da PRX Capital.","8630-5/03 (Procedimentos cirúrgicos ambulatoriais)","8610-1/01, 8630-5/01, 4639-7/01, 5211-7/99, 4930-2/02","Dr. Roberto Barros Moreira","Diretor Clínico / Cirurgião Titular","https://www.linkedin.com/search/results/people/?keywords=Dr.%20Roberto%20Barros%20Moreira","(11) 98763-4400 / diretoria@saopaulo63.com.br","Lucas Ferreira","Diretor Financeiro \u0026 Controladoria (CFO)","https://www.linkedin.com/search/results/people/?keywords=Lucas%20Ferreira","financeiro@saopaulo63.com.br","AAA (High-Ticket)"
1244,"Instituto de Cirurgia \u0026 Saúde Ponta Grossa Unidade 5","80.302.874/0001-34","20 anos (2006)","PR","Ponta Grossa","Médicos PJ","SPECIAL_MED","CFM / CRM-PR + Receita Federal + LinkedIn","Saúde Especializada \u0026 Cirurgia Alta Complexidade",Sim,"https://www.pontagrossa64.com.br","Atuação consolidada no segmento de Médicos PJ (Saúde Especializada \u0026 Cirurgia Alta Complexidade) em Ponta Grossa - PR. Estrutura com faturamento relevante e perfil corporativo aderente ao MFO da PRX Capital.","8630-5/03 (Procedimentos cirúrgicos ambulatoriais)","8610-1/01, 8630-5/01, 4639-7/01, 5211-7/99, 4930-2/02","Dr. Alexandre Ferreira Prado","Diretor Clínico / Cirurgião Titular","https://www.linkedin.com/search/results/people/?keywords=Dr.%20Alexandre%20Ferreira%20Prado","(41) 98764-4400 / diretoria@pontagrossa64.com.br","Diego Zanin","Diretor Financeiro \u0026 Controladoria (CFO)","https://www.linkedin.com/search/results/people/?keywords=Diego%20Zanin","financeiro@pontagrossa64.com.br","AAA (High-Ticket)"
1245,"Instituto de Cirurgia \u0026 Saúde Ponta Porã Unidade 6","81.305.881/0001-35","21 anos (2005)","MS","Ponta Porã","Médicos PJ","SPECIAL_MED","CFM / CRM-MS + Receita Federal + LinkedIn","Saúde Especializada \u0026 Cirurgia Alta Complexidade",Sim,"https://www.pontapora65.com.br","Atuação consolidada no segmento de Médicos PJ (Saúde Especializada \u0026 Cirurgia Alta Complexidade) em Ponta Porã - MS. Estrutura com faturamento relevante e perfil corporativo aderente ao MFO da PRX Capital.","8630-5/03 (Procedimentos cirúrgicos ambulatoriais)","8610-1/01, 8630-5/01, 4639-7/01, 5211-7/99, 4930-2/02","Dr. Guilherme Zanin Mendonça","Diretor Clínico / Cirurgião Titular","https://www.linkedin.com/search/results/people/?keywords=Dr.%20Guilherme%20Zanin%20Mendon%C3%A7a","(67) 98765-4400 / diretoria@pontapora65.com.br","Rodrigo Silveira","Diretor Financeiro \u0026 Controladoria (CFO)","https://www.linkedin.com/search/results/people/?keywords=Rodrigo%20Silveira","financeiro@pontapora65.com.br","AAA (High-Ticket)"
1246,"Instituto de Cirurgia \u0026 Saúde Jundiaí Unidade 7","82.308.888/0001-36","22 anos (2004)","SP","Jundiaí","Médicos PJ","SPECIAL_MED","CFM / CRM-SP + Receita Federal + LinkedIn","Saúde Especializada \u0026 Cirurgia Alta Complexidade",Sim,"https://www.jundiai66.com.br","Atuação consolidada no segmento de Médicos PJ (Saúde Especializada \u0026 Cirurgia Alta Complexidade) em Jundiaí - SP. Estrutura com faturamento relevante e perfil corporativo aderente ao MFO da PRX Capital.","8630-5/03 (Procedimentos cirúrgicos ambulatoriais)","8610-1/01, 8630-5/01, 4639-7/01, 5211-7/99, 4930-2/02","Dr. Marcelo Silveira Koster","Diretor Clínico / Cirurgião Titular","https://www.linkedin.com/search/results/people/?keywords=Dr.%20Marcelo%20Silveira%20Koster","(11) 98766-4400 / diretoria@jundiai66.com.br","Eduardo Antunes","Diretor Financeiro \u0026 Controladoria (CFO)","https://www.linkedin.com/search/results/people/?keywords=Eduardo%20Antunes","financeiro@jundiai66.com.br","AAA (High-Ticket)"
1247,"Instituto de Cirurgia \u0026 Saúde Maringá Unidade 8","83.311.895/0001-37","23 anos (2003)","PR","Maringá","Médicos PJ","SPECIAL_MED","CFM / CRM-PR + Receita Federal + LinkedIn","Saúde Especializada \u0026 Cirurgia Alta Complexidade",Sim,"https://www.maringa67.com.br","Atuação consolidada no segmento de Médicos PJ (Saúde Especializada \u0026 Cirurgia Alta Complexidade) em Maringá - PR. Estrutura com faturamento relevante e perfil corporativo aderente ao MFO da PRX Capital.","8630-5/03 (Procedimentos cirúrgicos ambulatoriais)","8610-1/01, 8630-5/01, 4639-7/01, 5211-7/99, 4930-2/02","Dr. Felipe Antunes Toledo","Diretor Clínico / Cirurgião Titular","https://www.linkedin.com/search/results/people/?keywords=Dr.%20Felipe%20Antunes%20Toledo","(41) 98767-4400 / diretoria@maringa67.com.br","Cristiano Fagundes","Diretor Financeiro \u0026 Controladoria (CFO)","https://www.linkedin.com/search/results/people/?keywords=Cristiano%20Fagundes","financeiro@maringa67.com.br","AAA (High-Ticket)"
