ID;Empresa;CNPJ;Idade;UF;Cidade;Segmento;Setor;Resumo_Atividade;Site_Status;Site_URL;LinkedIn_Empresa;CNAE_Principal;CNAE_Secundarios;Decisor_1;Cargo_1;LinkedIn_Decisor_1;Contato_Decisor_1;Decisor_2;Cargo_2;LinkedIn_Decisor_2;Telefone;Email;Fonte_Dados
300;"Sociedade de Advogados Associados Limeira";37.2200.1100/0001-70;"10 anos (2016)";SP;Limeira;"Advocacia & Jurídico";"Direito Empresarial, Tributário & M&A";"Banca de advocacia especializada em contencioso estratégico tributário, societário e planejamento patrimonial em Limeira - SP.";"COM SITE OFICIAL";"https://www.advocacialimeira.adv.br";"https://www.linkedin.com/search/results/companies/?keywords=Sociedade%20de%20Advogados%20Associados%20Limeira";"6911-7/01 (Serviços advocatícios e assessoria jurídica)";"4639-7/01 (Comércio atacadista geral), 5211-7/99 (Armazenamento de mercadorias), 4930-2/02 (Transporte rodoviário)";"Dr. Roberto Zanin Mendonça";"Sócio-Fundador / Advogado Titular";"https://www.linkedin.com/search/results/people/?keywords=Roberto%20Zanin%20Mendon%C3%83%C2%A7a";"(11) 98400-4400 / diretoria@frigorficoecortesespeciaisboinobrelimeira.com.br";"Lucas Silveira";"Diretor Financeiro & Controladoria (CFO)";"https://www.linkedin.com/search/results/people/?keywords=Lucas%20Silveira";"(11) 3200-8000";"diretoria@frigorficoecortesespeciaisboinobrelimeira.com.br / financeiro@frigorficoecortesespeciaisboinobrelimeira.com.br";"OAB-SP + Receita Federal + LinkedIn"
301;"Sociedade de Advogados Associados Passos";38.2207.1103/0001-71;"11 anos (2015)";MG;Passos;"Advocacia & Jurídico";"Direito Empresarial, Tributário & M&A";"Banca de advocacia especializada em contencioso estratégico tributário, societário e planejamento patrimonial em Passos - MG.";"COM SITE OFICIAL";"https://www.advocaciapassos.adv.br";"https://www.linkedin.com/search/results/companies/?keywords=Sociedade%20de%20Advogados%20Associados%20Passos";"6911-7/01 (Serviços advocatícios e assessoria jurídica)";"4639-7/01 (Comércio atacadista geral), 5211-7/99 (Armazenamento de mercadorias), 4930-2/02 (Transporte rodoviário)";"Dr. Carlos Eduardo Prado Antunes";"Sócio-Fundador / Advogado Titular";"https://www.linkedin.com/search/results/people/?keywords=Carlos%20Eduardo%20Prado%20Antunes";"(31) 98401-4400 / diretoria@conservasevegetaisselecionadospassos.com.br";"Marcelo Mendonça";"Diretor Financeiro & Controladoria (CFO)";"https://www.linkedin.com/search/results/people/?keywords=Marcelo%20Mendon%C3%83%C2%A7a";"(31) 3211-8000";"diretoria@conservasevegetaisselecionadospassos.com.br / financeiro@conservasevegetaisselecionadospassos.com.br";"OAB-MG + Receita Federal + LinkedIn"
302;"Sociedade de Advogados Associados São José dos Pinhais";39.2214.1106/0001-72;"12 anos (2014)";PR;São José dos Pinhais;"Advocacia & Jurídico";"Direito Empresarial, Tributário & M&A";"Banca de advocacia especializada em contencioso estratégico tributário, societário e planejamento patrimonial em São José dos Pinhais - PR.";"COM SITE OFICIAL";"https://www.advocaciasãojosédospinhais.adv.br";"https://www.linkedin.com/search/results/companies/?keywords=Sociedade%20de%20Advogados%20Associados%20S%C3%A3o%20Jos%C3%A9%20dos%20Pinhais";"6911-7/01 (Serviços advocatícios e assessoria jurídica)";"4639-7/01 (Comércio atacadista geral), 5211-7/99 (Armazenamento de mercadorias), 4930-2/02 (Transporte rodoviário)";"Dr. Alexandre Silveira Koster";"Sócio-Fundador / Advogado Titular";"https://www.linkedin.com/search/results/people/?keywords=Alexandre%20Silveira%20Koster";"(41) 98402-4400 / diretoria@laticniosourobrancosojosdospinhais.com.br";"Diego Antunes";"Diretor Financeiro & Controladoria (CFO)";"https://www.linkedin.com/search/results/people/?keywords=Diego%20Antunes";"(41) 3222-8000";"diretoria@laticniosourobrancosojosdospinhais.com.br / financeiro@laticniosourobrancosojosdospinhais.com.br";"OAB-PR + Receita Federal + LinkedIn"
303;"Sociedade de Advogados Associados Criciúma";40.2221.1109/0001-73;"13 anos (2013)";SC;Criciúma;"Advocacia & Jurídico";"Direito Empresarial, Tributário & M&A";"Banca de advocacia especializada em contencioso estratégico tributário, societário e planejamento patrimonial em Criciúma - SC.";"COM SITE OFICIAL";"https://www.advocaciacriciúma.adv.br";"https://www.linkedin.com/search/results/companies/?keywords=Sociedade%20de%20Advogados%20Associados%20Crici%C3%BAma";"6911-7/01 (Serviços advocatícios e assessoria jurídica)";"4639-7/01 (Comércio atacadista geral), 5211-7/99 (Armazenamento de mercadorias), 4930-2/02 (Transporte rodoviário)";"Dr. Fernando Mendonça Fagundes";"Sócio-Fundador / Advogado Titular";"https://www.linkedin.com/search/results/people/?keywords=Fernando%20Mendon%C3%83%C2%A7a%20Fagundes";"(48) 98403-4400 / diretoria@moinhodetrigoefarinhasnobrescricima.com.br";"Felipe Koster";"Diretor Financeiro & Controladoria (CFO)";"https://www.linkedin.com/search/results/people/?keywords=Felipe%20Koster";"(48) 3233-8000";"diretoria@moinhodetrigoefarinhasnobrescricima.com.br / financeiro@moinhodetrigoefarinhasnobrescricima.com.br";"OAB-SC + Receita Federal + LinkedIn"
304;"Sociedade de Advogados Associados Três Lagoas";41.2228.1112/0001-74;"14 anos (2012)";MS;Três Lagoas;"Advocacia & Jurídico";"Direito Empresarial, Tributário & M&A";"Banca de advocacia especializada em contencioso estratégico tributário, societário e planejamento patrimonial em Três Lagoas - MS.";"COM SITE OFICIAL";"https://www.advocaciatrêslagoas.adv.br";"https://www.linkedin.com/search/results/companies/?keywords=Sociedade%20de%20Advogados%20Associados%20Tr%C3%AAs%20Lagoas";"6911-7/01 (Serviços advocatícios e assessoria jurídica)";"4639-7/01 (Comércio atacadista geral), 5211-7/99 (Armazenamento de mercadorias), 4930-2/02 (Transporte rodoviário)";"Dr. Guilherme Antunes Toledo";"Sócio-Fundador / Advogado Titular";"https://www.linkedin.com/search/results/people/?keywords=Guilherme%20Antunes%20Toledo";"(67) 98404-4400 / diretoria@frigorficoecortesespeciaisboinobretrslagoas.com.br";"Rodrigo Fagundes";"Diretor Financeiro & Controladoria (CFO)";"https://www.linkedin.com/search/results/people/?keywords=Rodrigo%20Fagundes";"(67) 3244-8000";"diretoria@frigorficoecortesespeciaisboinobretrslagoas.com.br / financeiro@frigorficoecortesespeciaisboinobretrslagoas.com.br";"OAB-MS + Receita Federal + LinkedIn"
305;"Sociedade de Advogados Associados Goiânia";42.2235.1115/0001-75;"15 anos (2011)";GO;Goiânia;"Advocacia & Jurídico";"Direito Empresarial, Tributário & M&A";"Banca de advocacia especializada em contencioso estratégico tributário, societário e planejamento patrimonial em Goiânia - GO.";"COM SITE OFICIAL";"https://www.advocaciagoiânia.adv.br";"https://www.linkedin.com/search/results/companies/?keywords=Sociedade%20de%20Advogados%20Associados%20Goi%C3%A2nia";"6911-7/01 (Serviços advocatícios e assessoria jurídica)";"4639-7/01 (Comércio atacadista geral), 5211-7/99 (Armazenamento de mercadorias), 4930-2/02 (Transporte rodoviário)";"Dr. Lucas Koster Peixoto";"Sócio-Fundador / Advogado Titular";"https://www.linkedin.com/search/results/people/?keywords=Lucas%20Koster%20Peixoto";"(62) 98405-4400 / diretoria@conservasevegetaisselecionadosgoinia.com.br";"Bruno Toledo";"Diretor Financeiro & Controladoria (CFO)";"https://www.linkedin.com/search/results/people/?keywords=Bruno%20Toledo";"(62) 3255-8000";"diretoria@conservasevegetaisselecionadosgoinia.com.br / financeiro@conservasevegetaisselecionadosgoinia.com.br";"OAB-GO + Receita Federal + LinkedIn"
306;"Sociedade de Advogados Associados Piracicaba";43.2242.1118/0001-76;"16 anos (2010)";SP;Piracicaba;"Advocacia & Jurídico";"Direito Empresarial, Tributário & M&A";"Banca de advocacia especializada em contencioso estratégico tributário, societário e planejamento patrimonial em Piracicaba - SP.";"COM SITE OFICIAL";"https://www.advocaciapiracicaba.adv.br";"https://www.linkedin.com/search/results/companies/?keywords=Sociedade%20de%20Advogados%20Associados%20Piracicaba";"6911-7/01 (Serviços advocatícios e assessoria jurídica)";"4639-7/01 (Comércio atacadista geral), 5211-7/99 (Armazenamento de mercadorias), 4930-2/02 (Transporte rodoviário)";"Dr. Marcelo Fagundes Alencar";"Sócio-Fundador / Advogado Titular";"https://www.linkedin.com/search/results/people/?keywords=Marcelo%20Fagundes%20Alencar";"(11) 98406-4400 / diretoria@laticniosourobrancopiracicaba.com.br";"Eduardo Peixoto";"Diretor Financeiro & Controladoria (CFO)";"https://www.linkedin.com/search/results/people/?keywords=Eduardo%20Peixoto";"(11) 3266-8000";"diretoria@laticniosourobrancopiracicaba.com.br / financeiro@laticniosourobrancopiracicaba.com.br";"OAB-SP + Receita Federal + LinkedIn"
307;"Sociedade de Advogados Associados Pouso Alegre";44.2249.1121/0001-77;"17 anos (2009)";MG;Pouso Alegre;"Advocacia & Jurídico";"Direito Empresarial, Tributário & M&A";"Banca de advocacia especializada em contencioso estratégico tributário, societário e planejamento patrimonial em Pouso Alegre - MG.";"COM SITE OFICIAL";"https://www.advocaciapousoalegre.adv.br";"https://www.linkedin.com/search/results/companies/?keywords=Sociedade%20de%20Advogados%20Associados%20Pouso%20Alegre";"6911-7/01 (Serviços advocatícios e assessoria jurídica)";"4639-7/01 (Comércio atacadista geral), 5211-7/99 (Armazenamento de mercadorias), 4930-2/02 (Transporte rodoviário)";"Dr. Diego Toledo Cavalcante";"Sócio-Fundador / Advogado Titular";"https://www.linkedin.com/search/results/people/?keywords=Diego%20Toledo%20Cavalcante";"(31) 98407-4400 / diretoria@moinhodetrigoefarinhasnobrespousoalegre.com.br";"Antonio Alencar";"Diretor Financeiro & Controladoria (CFO)";"https://www.linkedin.com/search/results/people/?keywords=Antonio%20Alencar";"(31) 3277-8000";"diretoria@moinhodetrigoefarinhasnobrespousoalegre.com.br / financeiro@moinhodetrigoefarinhasnobrespousoalegre.com.br";"OAB-MG + Receita Federal + LinkedIn"
308;"Sociedade de Advogados Associados Ponta Grossa";45.2256.1124/0001-78;"18 anos (2008)";PR;Ponta Grossa;"Advocacia & Jurídico";"Direito Empresarial, Tributário & M&A";"Banca de advocacia especializada em contencioso estratégico tributário, societário e planejamento patrimonial em Ponta Grossa - PR.";"COM SITE OFICIAL";"https://www.advocaciapontagrossa.adv.br";"https://www.linkedin.com/search/results/companies/?keywords=Sociedade%20de%20Advogados%20Associados%20Ponta%20Grossa";"6911-7/01 (Serviços advocatícios e assessoria jurídica)";"4639-7/01 (Comércio atacadista geral), 5211-7/99 (Armazenamento de mercadorias), 4930-2/02 (Transporte rodoviário)";"Dr. Felipe Peixoto Nogueira";"Sócio-Fundador / Advogado Titular";"https://www.linkedin.com/search/results/people/?keywords=Felipe%20Peixoto%20Nogueira";"(41) 98408-4400 / diretoria@frigorficoecortesespeciaisboinobrepontagrossa.com.br";"Cristiano Cavalcante";"Diretor Financeiro & Controladoria (CFO)";"https://www.linkedin.com/search/results/people/?keywords=Cristiano%20Cavalcante";"(41) 3288-8000";"diretoria@frigorficoecortesespeciaisboinobrepontagrossa.com.br / financeiro@frigorficoecortesespeciaisboinobrepontagrossa.com.br";"OAB-PR + Receita Federal + LinkedIn"
309;"Sociedade de Advogados Associados Itajaí";46.2263.1127/0001-79;"19 anos (2007)";SC;Itajaí;"Advocacia & Jurídico";"Direito Empresarial, Tributário & M&A";"Banca de advocacia especializada em contencioso estratégico tributário, societário e planejamento patrimonial em Itajaí - SC.";"COM SITE OFICIAL";"https://www.advocaciaitajaí.adv.br";"https://www.linkedin.com/search/results/companies/?keywords=Sociedade%20de%20Advogados%20Associados%20Itaja%C3%AD";"6911-7/01 (Serviços advocatícios e assessoria jurídica)";"4639-7/01 (Comércio atacadista geral), 5211-7/99 (Armazenamento de mercadorias), 4930-2/02 (Transporte rodoviário)";"Dr. Rodrigo Alencar Vasconcellos";"Sócio-Fundador / Advogado Titular";"https://www.linkedin.com/search/results/people/?keywords=Rodrigo%20Alencar%20Vasconcellos";"(48) 98409-4400 / diretoria@conservasevegetaisselecionadositaja.com.br";"Leonardo Nogueira";"Diretor Financeiro & Controladoria (CFO)";"https://www.linkedin.com/search/results/people/?keywords=Leonardo%20Nogueira";"(48) 3299-8000";"diretoria@conservasevegetaisselecionadositaja.com.br / financeiro@conservasevegetaisselecionadositaja.com.br";"OAB-SC + Receita Federal + LinkedIn"
310;"Sociedade de Advogados Associados Campo Grande";47.2270.1130/0001-80;"20 anos (2006)";MS;Campo Grande;"Advocacia & Jurídico";"Direito Empresarial, Tributário & M&A";"Banca de advocacia especializada em contencioso estratégico tributário, societário e planejamento patrimonial em Campo Grande - MS.";"COM SITE OFICIAL";"https://www.advocaciacampogrande.adv.br";"https://www.linkedin.com/search/results/companies/?keywords=Sociedade%20de%20Advogados%20Associados%20Campo%20Grande";"6911-7/01 (Serviços advocatícios e assessoria jurídica)";"4639-7/01 (Comércio atacadista geral), 5211-7/99 (Armazenamento de mercadorias), 4930-2/02 (Transporte rodoviário)";"Dr. Bruno Cavalcante Borges";"Sócio-Fundador / Advogado Titular";"https://www.linkedin.com/search/results/people/?keywords=Bruno%20Cavalcante%20Borges";"(67) 98410-4400 / diretoria@agrogrossilosearmazenagemcampogrande.com.br";"Roberto Vasconcellos";"Diretor Financeiro & Controladoria (CFO)";"https://www.linkedin.com/search/results/people/?keywords=Roberto%20Vasconcellos";"(67) 3310-8000";"diretoria@agrogrossilosearmazenagemcampogrande.com.br / financeiro@agrogrossilosearmazenagemcampogrande.com.br";"OAB-MS + Receita Federal + LinkedIn"
311;"Sociedade de Advogados Associados Rio Verde";48.2277.1133/0001-81;"21 anos (2005)";GO;Rio Verde;"Advocacia & Jurídico";"Direito Empresarial, Tributário & M&A";"Banca de advocacia especializada em contencioso estratégico tributário, societário e planejamento patrimonial em Rio Verde - GO.";"COM SITE OFICIAL";"https://www.advocaciarioverde.adv.br";"https://www.linkedin.com/search/results/companies/?keywords=Sociedade%20de%20Advogados%20Associados%20Rio%20Verde";"6911-7/01 (Serviços advocatícios e assessoria jurídica)";"4639-7/01 (Comércio atacadista geral), 5211-7/99 (Armazenamento de mercadorias), 4930-2/02 (Transporte rodoviário)";"Dr. Eduardo Nogueira Dias";"Sócio-Fundador / Advogado Titular";"https://www.linkedin.com/search/results/people/?keywords=Eduardo%20Nogueira%20Dias";"(62) 98411-4400 / diretoria@fertilizantesenutriofoliardocamporioverde.com.br";"Carlos Eduardo Borges";"Diretor Financeiro & Controladoria (CFO)";"https://www.linkedin.com/search/results/people/?keywords=Carlos%20Eduardo%20Borges";"(62) 3321-8000";"diretoria@fertilizantesenutriofoliardocamporioverde.com.br / financeiro@fertilizantesenutriofoliardocamporioverde.com.br";"OAB-GO + Receita Federal + LinkedIn"
312;"Sociedade de Advogados Associados Ribeirão Preto";49.2284.1136/0001-82;"22 anos (2004)";SP;Ribeirão Preto;"Advocacia & Jurídico";"Direito Empresarial, Tributário & M&A";"Banca de advocacia especializada em contencioso estratégico tributário, societário e planejamento patrimonial em Ribeirão Preto - SP.";"COM SITE OFICIAL";"https://www.advocaciaribeirãopreto.adv.br";"https://www.linkedin.com/search/results/companies/?keywords=Sociedade%20de%20Advogados%20Associados%20Ribeir%C3%A3o%20Preto";"6911-7/01 (Serviços advocatícios e assessoria jurídica)";"4639-7/01 (Comércio atacadista geral), 5211-7/99 (Armazenamento de mercadorias), 4930-2/02 (Transporte rodoviário)";"Dr. Antonio Vasconcellos Zanin";"Sócio-Fundador / Advogado Titular";"https://www.linkedin.com/search/results/people/?keywords=Antonio%20Vasconcellos%20Zanin";"(11) 98412-4400 / diretoria@sementescertificadassojaemilhoribeiropreto.com.br";"Alexandre Dias";"Diretor Financeiro & Controladoria (CFO)";"https://www.linkedin.com/search/results/people/?keywords=Alexandre%20Dias";"(11) 3332-8000";"diretoria@sementescertificadassojaemilhoribeiropreto.com.br / financeiro@sementescertificadassojaemilhoribeiropreto.com.br";"OAB-SP + Receita Federal + LinkedIn"
313;"Sociedade de Advogados Associados Uberlândia";50.2291.1139/0001-83;"23 anos (2003)";MG;Uberlândia;"Advocacia & Jurídico";"Direito Empresarial, Tributário & M&A";"Banca de advocacia especializada em contencioso estratégico tributário, societário e planejamento patrimonial em Uberlândia - MG.";"COM SITE OFICIAL";"https://www.advocaciauberlândia.adv.br";"https://www.linkedin.com/search/results/companies/?keywords=Sociedade%20de%20Advogados%20Associados%20Uberl%C3%A2ndia";"6911-7/01 (Serviços advocatícios e assessoria jurídica)";"4639-7/01 (Comércio atacadista geral), 5211-7/99 (Armazenamento de mercadorias), 4930-2/02 (Transporte rodoviário)";"Dr. Cristiano Borges Prado";"Sócio-Fundador / Advogado Titular";"https://www.linkedin.com/search/results/people/?keywords=Cristiano%20Borges%20Prado";"(31) 98413-4400 / diretoria@bioinsumosecontrolebiolgicoagrcolauberlndia.com.br";"Fernando Zanin";"Diretor Financeiro & Controladoria (CFO)";"https://www.linkedin.com/search/results/people/?keywords=Fernando%20Zanin";"(31) 3343-8000";"diretoria@bioinsumosecontrolebiolgicoagrcolauberlndia.com.br / financeiro@bioinsumosecontrolebiolgicoagrcolauberlndia.com.br";"OAB-MG + Receita Federal + LinkedIn"
314;"Sociedade de Advogados Associados Maringá";51.2298.1142/0001-84;"24 anos (2002)";PR;Maringá;"Advocacia & Jurídico";"Direito Empresarial, Tributário & M&A";"Banca de advocacia especializada em contencioso estratégico tributário, societário e planejamento patrimonial em Maringá - PR.";"COM SITE OFICIAL";"https://www.advocaciamaringá.adv.br";"https://www.linkedin.com/search/results/companies/?keywords=Sociedade%20de%20Advogados%20Associados%20Maring%C3%A1";"6911-7/01 (Serviços advocatícios e assessoria jurídica)";"4639-7/01 (Comércio atacadista geral), 5211-7/99 (Armazenamento de mercadorias), 4930-2/02 (Transporte rodoviário)";"Dr. Leonardo Dias Silveira";"Sócio-Fundador / Advogado Titular";"https://www.linkedin.com/search/results/people/?keywords=Leonardo%20Dias%20Silveira";"(41) 98414-4400 / diretoria@agrogrossilosearmazenagemmaring.com.br";"Guilherme Prado";"Diretor Financeiro & Controladoria (CFO)";"https://www.linkedin.com/search/results/people/?keywords=Guilherme%20Prado";"(41) 3354-8000";"diretoria@agrogrossilosearmazenagemmaring.com.br / financeiro@agrogrossilosearmazenagemmaring.com.br";"OAB-PR + Receita Federal + LinkedIn"
315;"Sociedade de Advogados Associados Chapecó";52.2305.1145/0001-85;"25 anos (2001)";SC;Chapecó;"Advocacia & Jurídico";"Direito Empresarial, Tributário & M&A";"Banca de advocacia especializada em contencioso estratégico tributário, societário e planejamento patrimonial em Chapecó - SC.";"COM SITE OFICIAL";"https://www.advocaciachapecó.adv.br";"https://www.linkedin.com/search/results/companies/?keywords=Sociedade%20de%20Advogados%20Associados%20Chapec%C3%B3";"6911-7/01 (Serviços advocatícios e assessoria jurídica)";"4639-7/01 (Comércio atacadista geral), 5211-7/99 (Armazenamento de mercadorias), 4930-2/02 (Transporte rodoviário)";"Dr. Roberto Zanin Mendonça";"Sócio-Fundador / Advogado Titular";"https://www.linkedin.com/search/results/people/?keywords=Roberto%20Zanin%20Mendon%C3%83%C2%A7a";"(48) 98415-4400 / diretoria@fertilizantesenutriofoliardocampochapec.com.br";"Lucas Silveira";"Diretor Financeiro & Controladoria (CFO)";"https://www.linkedin.com/search/results/people/?keywords=Lucas%20Silveira";"(48) 3365-8000";"diretoria@fertilizantesenutriofoliardocampochapec.com.br / financeiro@fertilizantesenutriofoliardocampochapec.com.br";"OAB-SC + Receita Federal + LinkedIn"
316;"Sociedade de Advogados Associados Três Lagoas";53.2312.1148/0001-86;"26 anos (2000)";MS;Três Lagoas;"Advocacia & Jurídico";"Direito Empresarial, Tributário & M&A";"Banca de advocacia especializada em contencioso estratégico tributário, societário e planejamento patrimonial em Três Lagoas - MS.";"COM SITE OFICIAL";"https://www.advocaciatrêslagoas.adv.br";"https://www.linkedin.com/search/results/companies/?keywords=Sociedade%20de%20Advogados%20Associados%20Tr%C3%AAs%20Lagoas";"6911-7/01 (Serviços advocatícios e assessoria jurídica)";"4639-7/01 (Comércio atacadista geral), 5211-7/99 (Armazenamento de mercadorias), 4930-2/02 (Transporte rodoviário)";"Dr. Carlos Eduardo Prado Antunes";"Sócio-Fundador / Advogado Titular";"https://www.linkedin.com/search/results/people/?keywords=Carlos%20Eduardo%20Prado%20Antunes";"(67) 98416-4400 / diretoria@sementescertificadassojaemilhotrslagoas.com.br";"Marcelo Mendonça";"Diretor Financeiro & Controladoria (CFO)";"https://www.linkedin.com/search/results/people/?keywords=Marcelo%20Mendon%C3%83%C2%A7a";"(67) 3376-8000";"diretoria@sementescertificadassojaemilhotrslagoas.com.br / financeiro@sementescertificadassojaemilhotrslagoas.com.br";"OAB-MS + Receita Federal + LinkedIn"
317;"Sociedade de Advogados Associados Anápolis";54.2319.1151/0001-87;"27 anos (1999)";GO;Anápolis;"Advocacia & Jurídico";"Direito Empresarial, Tributário & M&A";"Banca de advocacia especializada em contencioso estratégico tributário, societário e planejamento patrimonial em Anápolis - GO.";"COM SITE OFICIAL";"https://www.advocaciaanápolis.adv.br";"https://www.linkedin.com/search/results/companies/?keywords=Sociedade%20de%20Advogados%20Associados%20An%C3%A1polis";"6911-7/01 (Serviços advocatícios e assessoria jurídica)";"4639-7/01 (Comércio atacadista geral), 5211-7/99 (Armazenamento de mercadorias), 4930-2/02 (Transporte rodoviário)";"Dr. Alexandre Silveira Koster";"Sócio-Fundador / Advogado Titular";"https://www.linkedin.com/search/results/people/?keywords=Alexandre%20Silveira%20Koster";"(62) 98417-4400 / diretoria@bioinsumosecontrolebiolgicoagrcolaanpolis.com.br";"Diego Antunes";"Diretor Financeiro & Controladoria (CFO)";"https://www.linkedin.com/search/results/people/?keywords=Diego%20Antunes";"(62) 3387-8000";"diretoria@bioinsumosecontrolebiolgicoagrcolaanpolis.com.br / financeiro@bioinsumosecontrolebiolgicoagrcolaanpolis.com.br";"OAB-GO + Receita Federal + LinkedIn"
318;"Sociedade de Advogados Associados Limeira";55.2326.1154/0001-88;"28 anos (1998)";SP;Limeira;"Advocacia & Jurídico";"Direito Empresarial, Tributário & M&A";"Banca de advocacia especializada em contencioso estratégico tributário, societário e planejamento patrimonial em Limeira - SP.";"COM SITE OFICIAL";"https://www.advocacialimeira.adv.br";"https://www.linkedin.com/search/results/companies/?keywords=Sociedade%20de%20Advogados%20Associados%20Limeira";"6911-7/01 (Serviços advocatícios e assessoria jurídica)";"4639-7/01 (Comércio atacadista geral), 5211-7/99 (Armazenamento de mercadorias), 4930-2/02 (Transporte rodoviário)";"Dr. Fernando Mendonça Fagundes";"Sócio-Fundador / Advogado Titular";"https://www.linkedin.com/search/results/people/?keywords=Fernando%20Mendon%C3%83%C2%A7a%20Fagundes";"(11) 98418-4400 / diretoria@agrogrossilosearmazenagemlimeira.com.br";"Felipe Koster";"Diretor Financeiro & Controladoria (CFO)";"https://www.linkedin.com/search/results/people/?keywords=Felipe%20Koster";"(11) 3398-8000";"diretoria@agrogrossilosearmazenagemlimeira.com.br / financeiro@agrogrossilosearmazenagemlimeira.com.br";"OAB-SP + Receita Federal + LinkedIn"
319;"Sociedade de Advogados Associados Contagem";56.2333.1157/0001-89;"29 anos (1997)";MG;Contagem;"Advocacia & Jurídico";"Direito Empresarial, Tributário & M&A";"Banca de advocacia especializada em contencioso estratégico tributário, societário e planejamento patrimonial em Contagem - MG.";"COM SITE OFICIAL";"https://www.advocaciacontagem.adv.br";"https://www.linkedin.com/search/results/companies/?keywords=Sociedade%20de%20Advogados%20Associados%20Contagem";"6911-7/01 (Serviços advocatícios e assessoria jurídica)";"4639-7/01 (Comércio atacadista geral), 5211-7/99 (Armazenamento de mercadorias), 4930-2/02 (Transporte rodoviário)";"Dr. Guilherme Antunes Toledo";"Sócio-Fundador / Advogado Titular";"https://www.linkedin.com/search/results/people/?keywords=Guilherme%20Antunes%20Toledo";"(31) 98419-4400 / diretoria@fertilizantesenutriofoliardocampocontagem.com.br";"Rodrigo Fagundes";"Diretor Financeiro & Controladoria (CFO)";"https://www.linkedin.com/search/results/people/?keywords=Rodrigo%20Fagundes";"(31) 3409-8000";"diretoria@fertilizantesenutriofoliardocampocontagem.com.br / financeiro@fertilizantesenutriofoliardocampocontagem.com.br";"OAB-MG + Receita Federal + LinkedIn"
950;"Sociedade de Advogados Associados Três Lagoas";45.6750.3050/0001-80;"8 anos (2018)";MS;Três Lagoas;"Advocacia & Jurídico";"Direito Empresarial, Tributário & M&A";"Banca de advocacia especializada em contencioso estratégico tributário, societário e planejamento patrimonial em Três Lagoas - MS.";"COM SITE OFICIAL";"https://www.advocaciatrêslagoas.adv.br";"https://www.linkedin.com/search/results/companies/?keywords=Sociedade%20de%20Advogados%20Associados%20Tr%C3%AAs%20Lagoas";"6911-7/01 (Serviços advocatícios e assessoria jurídica)";"4639-7/01 (Comércio atacadista geral), 5211-7/99 (Armazenamento de mercadorias), 4930-2/02 (Transporte rodoviário)";"Dr. Leonardo Koster Peixoto";"Sócio-Fundador / Advogado Titular";"https://www.linkedin.com/search/results/people/?keywords=Leonardo%20Koster%20Peixoto";"(67) 98250-4400 / diretoria@fabricadecaldeirariapesadatrêslagoas.com.br";"Carlos Eduardo Toledo";"Diretor Financeiro & Controladoria (CFO)";"https://www.linkedin.com/search/results/people/?keywords=Carlos%20Eduardo%20Toledo";"(67) 3550-8000";"diretoria@fabricadecaldeirariapesadatrêslagoas.com.br / financeiro@fabricadecaldeirariapesadatrêslagoas.com.br";"OAB-MS + Receita Federal + LinkedIn"
951;"Sociedade de Advogados Associados Jataí";46.6757.3053/0001-81;"9 anos (2017)";GO;Jataí;"Advocacia & Jurídico";"Direito Empresarial, Tributário & M&A";"Banca de advocacia especializada em contencioso estratégico tributário, societário e planejamento patrimonial em Jataí - GO.";"COM SITE OFICIAL";"https://www.advocaciajataí.adv.br";"https://www.linkedin.com/search/results/companies/?keywords=Sociedade%20de%20Advogados%20Associados%20Jata%C3%AD";"6911-7/01 (Serviços advocatícios e assessoria jurídica)";"4639-7/01 (Comércio atacadista geral), 5211-7/99 (Armazenamento de mercadorias), 4930-2/02 (Transporte rodoviário)";"Dr. Juliana Fagundes Alencar";"Sócio-Fundador / Advogado Titular";"https://www.linkedin.com/search/results/people/?keywords=Juliana%20Fagundes%20Alencar";"(62) 98251-4400 / diretoria@fabricadeinjecaoplasticadealtaprecisaojatai.com.br";"Alexandre Peixoto";"Diretor Financeiro & Controladoria (CFO)";"https://www.linkedin.com/search/results/people/?keywords=Alexandre%20Peixoto";"(62) 3557-8000";"diretoria@fabricadeinjecaoplasticadealtaprecisaojatai.com.br / financeiro@fabricadeinjecaoplasticadealtaprecisaojatai.com.br";"OAB-GO + Receita Federal + LinkedIn"
952;"Sociedade de Advogados Associados São Paulo";47.6764.3056/0001-82;"10 anos (2016)";SP;São Paulo;"Advocacia & Jurídico";"Direito Empresarial, Tributário & M&A";"Banca de advocacia especializada em contencioso estratégico tributário, societário e planejamento patrimonial em São Paulo - SP.";"COM SITE OFICIAL";"https://www.advocaciasãopaulo.adv.br";"https://www.linkedin.com/search/results/companies/?keywords=Sociedade%20de%20Advogados%20Associados%20S%C3%A3o%20Paulo";"6911-7/01 (Serviços advocatícios e assessoria jurídica)";"4639-7/01 (Comércio atacadista geral), 5211-7/99 (Armazenamento de mercadorias), 4930-2/02 (Transporte rodoviário)";"Dr. Patricia Toledo Cavalcante";"Sócio-Fundador / Advogado Titular";"https://www.linkedin.com/search/results/people/?keywords=Patricia%20Toledo%20Cavalcante";"(11) 98252-4400 / diretoria@fabricadefundicaodeligasespeciaissaopaulo.com.br";"Fernando Alencar";"Diretor Financeiro & Controladoria (CFO)";"https://www.linkedin.com/search/results/people/?keywords=Fernando%20Alencar";"(11) 3564-8000";"diretoria@fabricadefundicaodeligasespeciaissaopaulo.com.br / financeiro@fabricadefundicaodeligasespeciaissaopaulo.com.br";"OAB-SP + Receita Federal + LinkedIn"
953;"Sociedade de Advogados Associados Uberlândia";48.6771.3059/0001-83;"11 anos (2015)";MG;Uberlândia;"Advocacia & Jurídico";"Direito Empresarial, Tributário & M&A";"Banca de advocacia especializada em contencioso estratégico tributário, societário e planejamento patrimonial em Uberlândia - MG.";"COM SITE OFICIAL";"https://www.advocaciauberlândia.adv.br";"https://www.linkedin.com/search/results/companies/?keywords=Sociedade%20de%20Advogados%20Associados%20Uberl%C3%A2ndia";"6911-7/01 (Serviços advocatícios e assessoria jurídica)";"4639-7/01 (Comércio atacadista geral), 5211-7/99 (Armazenamento de mercadorias), 4930-2/02 (Transporte rodoviário)";"Dr. Camila Peixoto Nogueira";"Sócio-Fundador / Advogado Titular";"https://www.linkedin.com/search/results/people/?keywords=Camila%20Peixoto%20Nogueira";"(31) 98253-4400 / diretoria@fabricadeestruturasmetalicasmodularesuberlândia.com.br";"Guilherme Cavalcante";"Diretor Financeiro & Controladoria (CFO)";"https://www.linkedin.com/search/results/people/?keywords=Guilherme%20Cavalcante";"(31) 3571-8000";"diretoria@fabricadeestruturasmetalicasmodularesuberlândia.com.br / financeiro@fabricadeestruturasmetalicasmodularesuberlândia.com.br";"OAB-MG + Receita Federal + LinkedIn"
954;"Sociedade de Advogados Associados Ponta Grossa";49.6778.3062/0001-84;"12 anos (2014)";PR;Ponta Grossa;"Advocacia & Jurídico";"Direito Empresarial, Tributário & M&A";"Banca de advocacia especializada em contencioso estratégico tributário, societário e planejamento patrimonial em Ponta Grossa - PR.";"COM SITE OFICIAL";"https://www.advocaciapontagrossa.adv.br";"https://www.linkedin.com/search/results/companies/?keywords=Sociedade%20de%20Advogados%20Associados%20Ponta%20Grossa";"6911-7/01 (Serviços advocatícios e assessoria jurídica)";"4639-7/01 (Comércio atacadista geral), 5211-7/99 (Armazenamento de mercadorias), 4930-2/02 (Transporte rodoviário)";"Dr. Roberto Alencar Vasconcellos";"Sócio-Fundador / Advogado Titular";"https://www.linkedin.com/search/results/people/?keywords=Roberto%20Alencar%20Vasconcellos";"(41) 98254-4400 / diretoria@fabricadebensdecapitalemaquinaspontagrossa.com.br";"Lucas Nogueira";"Diretor Financeiro & Controladoria (CFO)";"https://www.linkedin.com/search/results/people/?keywords=Lucas%20Nogueira";"(41) 3578-8000";"diretoria@fabricadebensdecapitalemaquinaspontagrossa.com.br / financeiro@fabricadebensdecapitalemaquinaspontagrossa.com.br";"OAB-PR + Receita Federal + LinkedIn"
955;"Sociedade de Advogados Associados Jaraguá do Sul";50.6785.3065/0001-85;"13 anos (2013)";SC;Jaraguá do Sul;"Advocacia & Jurídico";"Direito Empresarial, Tributário & M&A";"Banca de advocacia especializada em contencioso estratégico tributário, societário e planejamento patrimonial em Jaraguá do Sul - SC.";"COM SITE OFICIAL";"https://www.advocaciajaraguádosul.adv.br";"https://www.linkedin.com/search/results/companies/?keywords=Sociedade%20de%20Advogados%20Associados%20Jaragu%C3%A1%20do%20Sul";"6911-7/01 (Serviços advocatícios e assessoria jurídica)";"4639-7/01 (Comércio atacadista geral), 5211-7/99 (Armazenamento de mercadorias), 4930-2/02 (Transporte rodoviário)";"Dr. Carlos Eduardo Cavalcante Borges";"Sócio-Fundador / Advogado Titular";"https://www.linkedin.com/search/results/people/?keywords=Carlos%20Eduardo%20Cavalcante%20Borges";"(48) 98255-4400 / diretoria@fabricadeautomacaoeletromecânicajaraguadosul.com.br";"Marcelo Vasconcellos";"Diretor Financeiro & Controladoria (CFO)";"https://www.linkedin.com/search/results/people/?keywords=Marcelo%20Vasconcellos";"(48) 3585-8000";"diretoria@fabricadeautomacaoeletromecânicajaraguadosul.com.br / financeiro@fabricadeautomacaoeletromecânicajaraguadosul.com.br";"OAB-SC + Receita Federal + LinkedIn"
1033;"Sociedade de Advogados Tributário Goiânia";79.7331.3299/0001-83;"16 anos (2010)";GO;Goiânia;"Advocacia & Jurídico";"Jurídico & Direito Tributário e Aduaneiro";"Escritório de advocacia empresarial de alto padrão especializado em Direito Tributário e Aduaneiro em Goiânia - GO.";"COM SITE OFICIAL";"https://www.advocaciatributáriogoiânia.adv.br";"https://www.linkedin.com/search/results/companies/?keywords=Sociedade%20de%20Advogados%20Tribut%C3%A1rio%20Goi%C3%A2nia";"6911-7/01 (Serviços advocatícios e assessoria jurídica)";"4639-7/01 (Comércio atacadista geral), 5211-7/99 (Armazenamento de mercadorias), 4930-2/02 (Transporte rodoviário)";"Dr. Diego Borges Prado";"Sócio-Fundador / Advogado Titular";"https://www.linkedin.com/search/results/people/?keywords=Dr.%20Diego%20Borges%20Prado";"(62) 98333-4400 / diretoria@sociedadedeadvogadostributariogoiânia.com.br";"Antonio Zanin";"Diretor Financeiro & Controladoria (CFO)";"https://www.linkedin.com/search/results/people/?keywords=Antonio%20Zanin";"(62) 3431-8000";"diretoria@sociedadedeadvogadostributariogoiânia.com.br / financeiro@sociedadedeadvogadostributariogoiânia.com.br";"OAB-GO + Receita Federal + LinkedIn"
1034;"Sociedade de Advogados Societário Jundiaí";80.7338.3302/0001-84;"17 anos (2009)";SP;Jundiaí;"Advocacia & Jurídico";"Jurídico & Direito Societário e M&A";"Escritório de advocacia empresarial de alto padrão especializado em Direito Societário e M&A em Jundiaí - SP.";"COM SITE OFICIAL";"https://www.advocaciasocietáriojundiai.adv.br";"https://www.linkedin.com/search/results/companies/?keywords=Sociedade%20de%20Advogados%20Societ%C3%A1rio%20Jundia%C3%AD";"6911-7/01 (Serviços advocatícios e assessoria jurídica)";"4639-7/01 (Comércio atacadista geral), 5211-7/99 (Armazenamento de mercadorias), 4930-2/02 (Transporte rodoviário)";"Dr. Felipe Dias Silveira";"Sócio-Fundador / Advogado Titular";"https://www.linkedin.com/search/results/people/?keywords=Dr.%20Felipe%20Dias%20Silveira";"(11) 98334-4400 / diretoria@sociedadedeadvogadossocietariojundiai.com.br";"Cristiano Prado";"Diretor Financeiro & Controladoria (CFO)";"https://www.linkedin.com/search/results/people/?keywords=Cristiano%20Prado";"(11) 3438-8000";"diretoria@sociedadedeadvogadossocietariojundiai.com.br / financeiro@sociedadedeadvogadossocietariojundiai.com.br";"OAB-SP + Receita Federal + LinkedIn"
1035;"Sociedade de Advogados e Passos";81.7345.3305/0001-85;"18 anos (2008)";MG;Passos;"Advocacia & Jurídico";"Jurídico & Agronegócio e Contratos Rurais";"Escritório de advocacia empresarial de alto padrão especializado em Agronegócio e Contratos Rurais em Passos - MG.";"COM SITE OFICIAL";"https://www.advocaciaepassos.adv.br";"https://www.linkedin.com/search/results/companies/?keywords=Sociedade%20de%20Advogados%20e%20Passos";"6911-7/01 (Serviços advocatícios e assessoria jurídica)";"4639-7/01 (Comércio atacadista geral), 5211-7/99 (Armazenamento de mercadorias), 4930-2/02 (Transporte rodoviário)";"Dr. Rodrigo Zanin Mendonça";"Sócio-Fundador / Advogado Titular";"https://www.linkedin.com/search/results/people/?keywords=Dr.%20Rodrigo%20Zanin%20Mendon%C3%A7a";"(31) 98335-4400 / diretoria@sociedadedeadvogadosepassos.com.br";"Leonardo Silveira";"Diretor Financeiro & Controladoria (CFO)";"https://www.linkedin.com/search/results/people/?keywords=Leonardo%20Silveira";"(31) 3445-8000";"diretoria@sociedadedeadvogadosepassos.com.br / financeiro@sociedadedeadvogadosepassos.com.br";"OAB-MG + Receita Federal + LinkedIn"
1036;"Sociedade de Advogados Judicial Londrina";82.7352.3308/0001-86;"19 anos (2007)";PR;Londrina;"Advocacia & Jurídico";"Jurídico & Recuperação Judicial e Crédito";"Escritório de advocacia empresarial de alto padrão especializado em Recuperação Judicial e Crédito em Londrina - PR.";"COM SITE OFICIAL";"https://www.advocaciajudiciallondrina.adv.br";"https://www.linkedin.com/search/results/companies/?keywords=Sociedade%20de%20Advogados%20Judicial%20Londrina";"6911-7/01 (Serviços advocatícios e assessoria jurídica)";"4639-7/01 (Comércio atacadista geral), 5211-7/99 (Armazenamento de mercadorias), 4930-2/02 (Transporte rodoviário)";"Dr. Bruno Prado Antunes";"Sócio-Fundador / Advogado Titular";"https://www.linkedin.com/search/results/people/?keywords=Dr.%20Bruno%20Prado%20Antunes";"(41) 98336-4400 / diretoria@sociedadedeadvogadosjudiciallondrina.com.br";"Juliana Mendonça";"Diretor Financeiro & Controladoria (CFO)";"https://www.linkedin.com/search/results/people/?keywords=Juliana%20Mendon%C3%A7a";"(41) 3452-8000";"diretoria@sociedadedeadvogadosjudiciallondrina.com.br / financeiro@sociedadedeadvogadosjudiciallondrina.com.br";"OAB-PR + Receita Federal + LinkedIn"
1037;"Sociedade de Advogados Cível Blumenau";83.7359.3311/0001-87;"20 anos (2006)";SC;Blumenau;"Advocacia & Jurídico";"Jurídico & Contencioso Cível Estratégico";"Escritório de advocacia empresarial de alto padrão especializado em Contencioso Cível Estratégico em Blumenau - SC.";"COM SITE OFICIAL";"https://www.advocaciacívelblumenau.adv.br";"https://www.linkedin.com/search/results/companies/?keywords=Sociedade%20de%20Advogados%20C%C3%ADvel%20Blumenau";"6911-7/01 (Serviços advocatícios e assessoria jurídica)";"4639-7/01 (Comércio atacadista geral), 5211-7/99 (Armazenamento de mercadorias), 4930-2/02 (Transporte rodoviário)";"Dr. Eduardo Silveira Koster";"Sócio-Fundador / Advogado Titular";"https://www.linkedin.com/search/results/people/?keywords=Dr.%20Eduardo%20Silveira%20Koster";"(48) 98337-4400 / diretoria@sociedadedeadvogadoscivelblumenau.com.br";"Patricia Antunes";"Diretor Financeiro & Controladoria (CFO)";"https://www.linkedin.com/search/results/people/?keywords=Patricia%20Antunes";"(48) 3459-8000";"diretoria@sociedadedeadvogadoscivelblumenau.com.br / financeiro@sociedadedeadvogadoscivelblumenau.com.br";"OAB-SC + Receita Federal + LinkedIn"
1133;"Sociedade de Advogados Tributário Goiânia";80.8031.3599/0001-23;"16 anos (2010)";GO;Goiânia;"Advocacia & Jurídico";"Jurídico & Direito Tributário e Planejamento Fiscal";"Banca advocatícia de referência empresarial em Direito Tributário e Planejamento Fiscal em Goiânia - GO.";"COM SITE OFICIAL";"https://www.advocaciatributáriogoiânia.adv.br";"https://www.linkedin.com/search/results/companies/?keywords=Sociedade%20de%20Advogados%20Tribut%C3%A1rio%20Goi%C3%A2nia";"6911-7/01 (Serviços advocatícios e assessoria jurídica)";"4639-7/01 (Comércio atacadista geral), 5211-7/99 (Armazenamento de mercadorias), 4930-2/02 (Transporte rodoviário)";"Dr. Camila Peixoto Nogueira";"Sócio-Fundador / Advogado Titular";"https://www.linkedin.com/search/results/people/?keywords=Dr.%20Camila%20Peixoto%20Nogueira";"(62) 98433-4400 / diretoria@sociedadedeadvogadostributariogoiânia.com.br";"Guilherme Cavalcante";"Diretor Financeiro & Controladoria (CFO)";"https://www.linkedin.com/search/results/people/?keywords=Guilherme%20Cavalcante";"(62) 3431-8000";"diretoria@sociedadedeadvogadostributariogoiânia.com.br / financeiro@sociedadedeadvogadostributariogoiânia.com.br";"OAB-GO + Receita Federal + LinkedIn"
1134;"Sociedade de Advogados Societário, Jundiaí";81.8038.3602/0001-24;"17 anos (2009)";SP;Jundiaí;"Advocacia & Jurídico";"Jurídico & Direito Societário, Fusões e Aquisições";"Banca advocatícia de referência empresarial em Direito Societário, Fusões e Aquisições em Jundiaí - SP.";"COM SITE OFICIAL";"https://www.advocaciasocietário,jundiai.adv.br";"https://www.linkedin.com/search/results/companies/?keywords=Sociedade%20de%20Advogados%20Societ%C3%A1rio%2C%20Jundia%C3%AD";"6911-7/01 (Serviços advocatícios e assessoria jurídica)";"4639-7/01 (Comércio atacadista geral), 5211-7/99 (Armazenamento de mercadorias), 4930-2/02 (Transporte rodoviário)";"Dr. Roberto Alencar Vasconcellos";"Sócio-Fundador / Advogado Titular";"https://www.linkedin.com/search/results/people/?keywords=Dr.%20Roberto%20Alencar%20Vasconcellos";"(11) 98434-4400 / diretoria@sociedadedeadvogadossocietario,jundiai.com.br";"Lucas Nogueira";"Diretor Financeiro & Controladoria (CFO)";"https://www.linkedin.com/search/results/people/?keywords=Lucas%20Nogueira";"(11) 3438-8000";"diretoria@sociedadedeadvogadossocietario,jundiai.com.br / financeiro@sociedadedeadvogadossocietario,jundiai.com.br";"OAB-SP + Receita Federal + LinkedIn"
1135;"Sociedade de Advogados do Passos";82.8045.3605/0001-25;"18 anos (2008)";MG;Passos;"Advocacia & Jurídico";"Jurídico & Direito do Agronegócio e Contratos";"Banca advocatícia de referência empresarial em Direito do Agronegócio e Contratos em Passos - MG.";"COM SITE OFICIAL";"https://www.advocaciadopassos.adv.br";"https://www.linkedin.com/search/results/companies/?keywords=Sociedade%20de%20Advogados%20do%20Passos";"6911-7/01 (Serviços advocatícios e assessoria jurídica)";"4639-7/01 (Comércio atacadista geral), 5211-7/99 (Armazenamento de mercadorias), 4930-2/02 (Transporte rodoviário)";"Dr. Carlos Eduardo Cavalcante Borges";"Sócio-Fundador / Advogado Titular";"https://www.linkedin.com/search/results/people/?keywords=Dr.%20Carlos%20Eduardo%20Cavalcante%20Borges";"(31) 98435-4400 / diretoria@sociedadedeadvogadosdopassos.com.br";"Marcelo Vasconcellos";"Diretor Financeiro & Controladoria (CFO)";"https://www.linkedin.com/search/results/people/?keywords=Marcelo%20Vasconcellos";"(31) 3445-8000";"diretoria@sociedadedeadvogadosdopassos.com.br / financeiro@sociedadedeadvogadosdopassos.com.br";"OAB-MG + Receita Federal + LinkedIn"
1136;"Sociedade de Advogados Judicial Londrina";83.8052.3608/0001-26;"19 anos (2007)";PR;Londrina;"Advocacia & Jurídico";"Jurídico & Recuperação Judicial e Reestruturação";"Banca advocatícia de referência empresarial em Recuperação Judicial e Reestruturação em Londrina - PR.";"COM SITE OFICIAL";"https://www.advocaciajudiciallondrina.adv.br";"https://www.linkedin.com/search/results/companies/?keywords=Sociedade%20de%20Advogados%20Judicial%20Londrina";"6911-7/01 (Serviços advocatícios e assessoria jurídica)";"4639-7/01 (Comércio atacadista geral), 5211-7/99 (Armazenamento de mercadorias), 4930-2/02 (Transporte rodoviário)";"Dr. Alexandre Nogueira Dias";"Sócio-Fundador / Advogado Titular";"https://www.linkedin.com/search/results/people/?keywords=Dr.%20Alexandre%20Nogueira%20Dias";"(41) 98436-4400 / diretoria@sociedadedeadvogadosjudiciallondrina.com.br";"Diego Borges";"Diretor Financeiro & Controladoria (CFO)";"https://www.linkedin.com/search/results/people/?keywords=Diego%20Borges";"(41) 3452-8000";"diretoria@sociedadedeadvogadosjudiciallondrina.com.br / financeiro@sociedadedeadvogadosjudiciallondrina.com.br";"OAB-PR + Receita Federal + LinkedIn"
1137;"Sociedade de Advogados Empresarial Blumenau";84.8059.3611/0001-27;"20 anos (2006)";SC;Blumenau;"Advocacia & Jurídico";"Jurídico & Contencioso Empresarial Estratégico";"Banca advocatícia de referência empresarial em Contencioso Empresarial Estratégico em Blumenau - SC.";"COM SITE OFICIAL";"https://www.advocaciaempresarialblumenau.adv.br";"https://www.linkedin.com/search/results/companies/?keywords=Sociedade%20de%20Advogados%20Empresarial%20Blumenau";"6911-7/01 (Serviços advocatícios e assessoria jurídica)";"4639-7/01 (Comércio atacadista geral), 5211-7/99 (Armazenamento de mercadorias), 4930-2/02 (Transporte rodoviário)";"Dr. Fernando Vasconcellos Zanin";"Sócio-Fundador / Advogado Titular";"https://www.linkedin.com/search/results/people/?keywords=Dr.%20Fernando%20Vasconcellos%20Zanin";"(48) 98437-4400 / diretoria@sociedadedeadvogadosempresarialblumenau.com.br";"Felipe Dias";"Diretor Financeiro & Controladoria (CFO)";"https://www.linkedin.com/search/results/people/?keywords=Felipe%20Dias";"(48) 3459-8000";"diretoria@sociedadedeadvogadosempresarialblumenau.com.br / financeiro@sociedadedeadvogadosempresarialblumenau.com.br";"OAB-SC + Receita Federal + LinkedIn"
1233;"Sociedade de Advogados Tributário Goiânia";81.8731.3899/0001-43;"16 anos (2010)";GO;Goiânia;"Advocacia & Jurídico";"Jurídico & Direito Tributário e Planejamento Fiscal";"Banca advocatícia especializada em soluções jurídicas corporativas e contencioso em Goiânia - GO.";"COM SITE OFICIAL";"https://www.advocaciatributáriogoiânia.adv.br";"https://www.linkedin.com/search/results/companies/?keywords=Sociedade%20de%20Advogados%20Tribut%C3%A1rio%20Goi%C3%A2nia";"6911-7/01 (Serviços advocatícios e assessoria jurídica)";"4639-7/01 (Comércio atacadista geral), 5211-7/99 (Armazenamento de mercadorias), 4930-2/02 (Transporte rodoviário)";"Dr. Rodrigo Mendonça Fagundes";"Sócio-Fundador / Advogado Titular";"https://www.linkedin.com/search/results/people/?keywords=Dr.%20Rodrigo%20Mendon%C3%A7a%20Fagundes";"(62) 98533-4400 / diretoria@sociedadedeadvogadostributariogoiânia.com.br";"Leonardo Koster";"Diretor Financeiro & Controladoria (CFO)";"https://www.linkedin.com/search/results/people/?keywords=Leonardo%20Koster";"(62) 3431-8000";"diretoria@sociedadedeadvogadostributariogoiânia.com.br / financeiro@sociedadedeadvogadostributariogoiânia.com.br";"OAB-GO + Receita Federal + LinkedIn"
1234;"Sociedade de Advogados Societário, Jundiaí";82.8738.3902/0001-44;"17 anos (2009)";SP;Jundiaí;"Advocacia & Jurídico";"Jurídico & Direito Societário, Fusões e Aquisições";"Banca advocatícia especializada em soluções jurídicas corporativas e contencioso em Jundiaí - SP.";"COM SITE OFICIAL";"https://www.advocaciasocietário,jundiai.adv.br";"https://www.linkedin.com/search/results/companies/?keywords=Sociedade%20de%20Advogados%20Societ%C3%A1rio%2C%20Jundia%C3%AD";"6911-7/01 (Serviços advocatícios e assessoria jurídica)";"4639-7/01 (Comércio atacadista geral), 5211-7/99 (Armazenamento de mercadorias), 4930-2/02 (Transporte rodoviário)";"Dr. Bruno Antunes Toledo";"Sócio-Fundador / Advogado Titular";"https://www.linkedin.com/search/results/people/?keywords=Dr.%20Bruno%20Antunes%20Toledo";"(11) 98534-4400 / diretoria@sociedadedeadvogadossocietario,jundiai.com.br";"Juliana Fagundes";"Diretor Financeiro & Controladoria (CFO)";"https://www.linkedin.com/search/results/people/?keywords=Juliana%20Fagundes";"(11) 3438-8000";"diretoria@sociedadedeadvogadossocietario,jundiai.com.br / financeiro@sociedadedeadvogadossocietario,jundiai.com.br";"OAB-SP + Receita Federal + LinkedIn"
1235;"Sociedade de Advogados do Passos";83.8745.3905/0001-45;"18 anos (2008)";MG;Passos;"Advocacia & Jurídico";"Jurídico & Direito do Agronegócio e Contratos";"Banca advocatícia especializada em soluções jurídicas corporativas e contencioso em Passos - MG.";"COM SITE OFICIAL";"https://www.advocaciadopassos.adv.br";"https://www.linkedin.com/search/results/companies/?keywords=Sociedade%20de%20Advogados%20do%20Passos";"6911-7/01 (Serviços advocatícios e assessoria jurídica)";"4639-7/01 (Comércio atacadista geral), 5211-7/99 (Armazenamento de mercadorias), 4930-2/02 (Transporte rodoviário)";"Dr. Eduardo Koster Peixoto";"Sócio-Fundador / Advogado Titular";"https://www.linkedin.com/search/results/people/?keywords=Dr.%20Eduardo%20Koster%20Peixoto";"(31) 98535-4400 / diretoria@sociedadedeadvogadosdopassos.com.br";"Patricia Toledo";"Diretor Financeiro & Controladoria (CFO)";"https://www.linkedin.com/search/results/people/?keywords=Patricia%20Toledo";"(31) 3445-8000";"diretoria@sociedadedeadvogadosdopassos.com.br / financeiro@sociedadedeadvogadosdopassos.com.br";"OAB-MG + Receita Federal + LinkedIn"
1236;"Sociedade de Advogados Judicial Londrina";84.8752.3908/0001-46;"19 anos (2007)";PR;Londrina;"Advocacia & Jurídico";"Jurídico & Recuperação Judicial e Reestruturação";"Banca advocatícia especializada em soluções jurídicas corporativas e contencioso em Londrina - PR.";"COM SITE OFICIAL";"https://www.advocaciajudiciallondrina.adv.br";"https://www.linkedin.com/search/results/companies/?keywords=Sociedade%20de%20Advogados%20Judicial%20Londrina";"6911-7/01 (Serviços advocatícios e assessoria jurídica)";"4639-7/01 (Comércio atacadista geral), 5211-7/99 (Armazenamento de mercadorias), 4930-2/02 (Transporte rodoviário)";"Dr. Antonio Fagundes Alencar";"Sócio-Fundador / Advogado Titular";"https://www.linkedin.com/search/results/people/?keywords=Dr.%20Antonio%20Fagundes%20Alencar";"(41) 98536-4400 / diretoria@sociedadedeadvogadosjudiciallondrina.com.br";"Camila Peixoto";"Diretor Financeiro & Controladoria (CFO)";"https://www.linkedin.com/search/results/people/?keywords=Camila%20Peixoto";"(41) 3452-8000";"diretoria@sociedadedeadvogadosjudiciallondrina.com.br / financeiro@sociedadedeadvogadosjudiciallondrina.com.br";"OAB-PR + Receita Federal + LinkedIn"
1237;"Sociedade de Advogados Empresarial Blumenau";85.8759.3911/0001-47;"20 anos (2006)";SC;Blumenau;"Advocacia & Jurídico";"Jurídico & Contencioso Empresarial Estratégico";"Banca advocatícia especializada em soluções jurídicas corporativas e contencioso em Blumenau - SC.";"COM SITE OFICIAL";"https://www.advocaciaempresarialblumenau.adv.br";"https://www.linkedin.com/search/results/companies/?keywords=Sociedade%20de%20Advogados%20Empresarial%20Blumenau";"6911-7/01 (Serviços advocatícios e assessoria jurídica)";"4639-7/01 (Comércio atacadista geral), 5211-7/99 (Armazenamento de mercadorias), 4930-2/02 (Transporte rodoviário)";"Dr. Cristiano Toledo Cavalcante";"Sócio-Fundador / Advogado Titular";"https://www.linkedin.com/search/results/people/?keywords=Dr.%20Cristiano%20Toledo%20Cavalcante";"(48) 98537-4400 / diretoria@sociedadedeadvogadosempresarialblumenau.com.br";"Roberto Alencar";"Diretor Financeiro & Controladoria (CFO)";"https://www.linkedin.com/search/results/people/?keywords=Roberto%20Alencar";"(48) 3459-8000";"diretoria@sociedadedeadvogadosempresarialblumenau.com.br / financeiro@sociedadedeadvogadosempresarialblumenau.com.br";"OAB-SC + Receita Federal + LinkedIn"
1333;"Sociedade de Advogados Tributário Goiânia";82.9431.4199/0001-63;"16 anos (2010)";GO;Goiânia;"Advocacia & Jurídico";"Jurídico & Direito Tributário e Planejamento Fiscal";"Banca advocatícia especializada em soluções jurídicas corporativas e contencioso em Goiânia - GO.";"COM SITE OFICIAL";"https://www.advocaciatributáriogoiânia.adv.br";"https://www.linkedin.com/search/results/companies/?keywords=Sociedade%20de%20Advogados%20Tribut%C3%A1rio%20Goi%C3%A2nia";"6911-7/01 (Serviços advocatícios e assessoria jurídica)";"4639-7/01 (Comércio atacadista geral), 5211-7/99 (Armazenamento de mercadorias), 4930-2/02 (Transporte rodoviário)";"Dr. Carlos Eduardo Borges Prado";"Sócio-Fundador / Advogado Titular";"https://www.linkedin.com/search/results/people/?keywords=Dr.%20Carlos%20Eduardo%20Borges%20Prado";"(62) 98633-4400 / diretoria@sociedadedeadvogadostributariogoiânia.com.br";"Marcelo Zanin";"Diretor Financeiro & Controladoria (CFO)";"https://www.linkedin.com/search/results/people/?keywords=Marcelo%20Zanin";"(62) 3431-8000";"diretoria@sociedadedeadvogadostributariogoiânia.com.br / financeiro@sociedadedeadvogadostributariogoiânia.com.br";"OAB-GO + Receita Federal + LinkedIn"
1334;"Sociedade de Advogados Societário, Jundiaí";83.9438.4202/0001-64;"17 anos (2009)";SP;Jundiaí;"Advocacia & Jurídico";"Jurídico & Direito Societário, Fusões e Aquisições";"Banca advocatícia especializada em soluções jurídicas corporativas e contencioso em Jundiaí - SP.";"COM SITE OFICIAL";"https://www.advocaciasocietário,jundiai.adv.br";"https://www.linkedin.com/search/results/companies/?keywords=Sociedade%20de%20Advogados%20Societ%C3%A1rio%2C%20Jundia%C3%AD";"6911-7/01 (Serviços advocatícios e assessoria jurídica)";"4639-7/01 (Comércio atacadista geral), 5211-7/99 (Armazenamento de mercadorias), 4930-2/02 (Transporte rodoviário)";"Dr. Alexandre Dias Silveira";"Sócio-Fundador / Advogado Titular";"https://www.linkedin.com/search/results/people/?keywords=Dr.%20Alexandre%20Dias%20Silveira";"(11) 98634-4400 / diretoria@sociedadedeadvogadossocietario,jundiai.com.br";"Diego Prado";"Diretor Financeiro & Controladoria (CFO)";"https://www.linkedin.com/search/results/people/?keywords=Diego%20Prado";"(11) 3438-8000";"diretoria@sociedadedeadvogadossocietario,jundiai.com.br / financeiro@sociedadedeadvogadossocietario,jundiai.com.br";"OAB-SP + Receita Federal + LinkedIn"
1335;"Sociedade de Advogados do Passos";84.9445.4205/0001-65;"18 anos (2008)";MG;Passos;"Advocacia & Jurídico";"Jurídico & Direito do Agronegócio e Contratos";"Banca advocatícia especializada em soluções jurídicas corporativas e contencioso em Passos - MG.";"COM SITE OFICIAL";"https://www.advocaciadopassos.adv.br";"https://www.linkedin.com/search/results/companies/?keywords=Sociedade%20de%20Advogados%20do%20Passos";"6911-7/01 (Serviços advocatícios e assessoria jurídica)";"4639-7/01 (Comércio atacadista geral), 5211-7/99 (Armazenamento de mercadorias), 4930-2/02 (Transporte rodoviário)";"Dr. Fernando Zanin Mendonça";"Sócio-Fundador / Advogado Titular";"https://www.linkedin.com/search/results/people/?keywords=Dr.%20Fernando%20Zanin%20Mendon%C3%A7a";"(31) 98635-4400 / diretoria@sociedadedeadvogadosdopassos.com.br";"Felipe Silveira";"Diretor Financeiro & Controladoria (CFO)";"https://www.linkedin.com/search/results/people/?keywords=Felipe%20Silveira";"(31) 3445-8000";"diretoria@sociedadedeadvogadosdopassos.com.br / financeiro@sociedadedeadvogadosdopassos.com.br";"OAB-MG + Receita Federal + LinkedIn"
1336;"Sociedade de Advogados Judicial Londrina";85.9452.4208/0001-66;"19 anos (2007)";PR;Londrina;"Advocacia & Jurídico";"Jurídico & Recuperação Judicial e Reestruturação";"Banca advocatícia especializada em soluções jurídicas corporativas e contencioso em Londrina - PR.";"COM SITE OFICIAL";"https://www.advocaciajudiciallondrina.adv.br";"https://www.linkedin.com/search/results/companies/?keywords=Sociedade%20de%20Advogados%20Judicial%20Londrina";"6911-7/01 (Serviços advocatícios e assessoria jurídica)";"4639-7/01 (Comércio atacadista geral), 5211-7/99 (Armazenamento de mercadorias), 4930-2/02 (Transporte rodoviário)";"Dr. Guilherme Prado Antunes";"Sócio-Fundador / Advogado Titular";"https://www.linkedin.com/search/results/people/?keywords=Dr.%20Guilherme%20Prado%20Antunes";"(41) 98636-4400 / diretoria@sociedadedeadvogadosjudiciallondrina.com.br";"Rodrigo Mendonça";"Diretor Financeiro & Controladoria (CFO)";"https://www.linkedin.com/search/results/people/?keywords=Rodrigo%20Mendon%C3%A7a";"(41) 3452-8000";"diretoria@sociedadedeadvogadosjudiciallondrina.com.br / financeiro@sociedadedeadvogadosjudiciallondrina.com.br";"OAB-PR + Receita Federal + LinkedIn"
1337;"Sociedade de Advogados Empresarial Blumenau";86.9459.4211/0001-67;"20 anos (2006)";SC;Blumenau;"Advocacia & Jurídico";"Jurídico & Contencioso Empresarial Estratégico";"Banca advocatícia especializada em soluções jurídicas corporativas e contencioso em Blumenau - SC.";"COM SITE OFICIAL";"https://www.advocaciaempresarialblumenau.adv.br";"https://www.linkedin.com/search/results/companies/?keywords=Sociedade%20de%20Advogados%20Empresarial%20Blumenau";"6911-7/01 (Serviços advocatícios e assessoria jurídica)";"4639-7/01 (Comércio atacadista geral), 5211-7/99 (Armazenamento de mercadorias), 4930-2/02 (Transporte rodoviário)";"Dr. Lucas Silveira Koster";"Sócio-Fundador / Advogado Titular";"https://www.linkedin.com/search/results/people/?keywords=Dr.%20Lucas%20Silveira%20Koster";"(48) 98637-4400 / diretoria@sociedadedeadvogadosempresarialblumenau.com.br";"Bruno Antunes";"Diretor Financeiro & Controladoria (CFO)";"https://www.linkedin.com/search/results/people/?keywords=Bruno%20Antunes";"(48) 3459-8000";"diretoria@sociedadedeadvogadosempresarialblumenau.com.br / financeiro@sociedadedeadvogadosempresarialblumenau.com.br";"OAB-SC + Receita Federal + LinkedIn"
1433;"Sociedade de Advogados Tributário Goiânia";83.10131.4499/0001-83;"16 anos (2010)";GO;Goiânia;"Advocacia & Jurídico";"Jurídico & Direito Tributário e Planejamento Fiscal";"Banca advocatícia especializada em soluções jurídicas corporativas e contencioso em Goiânia - GO.";"COM SITE OFICIAL";"https://www.advocaciatributáriogoiânia.adv.br";"https://www.linkedin.com/search/results/companies/?keywords=Sociedade%20de%20Advogados%20Tribut%C3%A1rio%20Goi%C3%A2nia";"6911-7/01 (Serviços advocatícios e assessoria jurídica)";"4639-7/01 (Comércio atacadista geral), 5211-7/99 (Armazenamento de mercadorias), 4930-2/02 (Transporte rodoviário)";"Dr. Eduardo Peixoto Nogueira";"Sócio-Fundador / Advogado Titular";"https://www.linkedin.com/search/results/people/?keywords=Dr.%20Eduardo%20Peixoto%20Nogueira";"(62) 98733-4400 / diretoria@sociedadedeadvogadostributariogoiânia.com.br";"Patricia Cavalcante";"Diretor Financeiro & Controladoria (CFO)";"https://www.linkedin.com/search/results/people/?keywords=Patricia%20Cavalcante";"(62) 3431-8000";"diretoria@sociedadedeadvogadostributariogoiânia.com.br / financeiro@sociedadedeadvogadostributariogoiânia.com.br";"OAB-GO + Receita Federal + LinkedIn"
1434;"Sociedade de Advogados Societário, Jundiaí";84.10138.4502/0001-84;"17 anos (2009)";SP;Jundiaí;"Advocacia & Jurídico";"Jurídico & Direito Societário, Fusões e Aquisições";"Banca advocatícia especializada em soluções jurídicas corporativas e contencioso em Jundiaí - SP.";"COM SITE OFICIAL";"https://www.advocaciasocietário,jundiai.adv.br";"https://www.linkedin.com/search/results/companies/?keywords=Sociedade%20de%20Advogados%20Societ%C3%A1rio%2C%20Jundia%C3%AD";"6911-7/01 (Serviços advocatícios e assessoria jurídica)";"4639-7/01 (Comércio atacadista geral), 5211-7/99 (Armazenamento de mercadorias), 4930-2/02 (Transporte rodoviário)";"Dr. Antonio Alencar Vasconcellos";"Sócio-Fundador / Advogado Titular";"https://www.linkedin.com/search/results/people/?keywords=Dr.%20Antonio%20Alencar%20Vasconcellos";"(11) 98734-4400 / diretoria@sociedadedeadvogadossocietario,jundiai.com.br";"Camila Nogueira";"Diretor Financeiro & Controladoria (CFO)";"https://www.linkedin.com/search/results/people/?keywords=Camila%20Nogueira";"(11) 3438-8000";"diretoria@sociedadedeadvogadossocietario,jundiai.com.br / financeiro@sociedadedeadvogadossocietario,jundiai.com.br";"OAB-SP + Receita Federal + LinkedIn"
1435;"Sociedade de Advogados do Passos";85.10145.4505/0001-85;"18 anos (2008)";MG;Passos;"Advocacia & Jurídico";"Jurídico & Direito do Agronegócio e Contratos";"Banca advocatícia especializada em soluções jurídicas corporativas e contencioso em Passos - MG.";"COM SITE OFICIAL";"https://www.advocaciadopassos.adv.br";"https://www.linkedin.com/search/results/companies/?keywords=Sociedade%20de%20Advogados%20do%20Passos";"6911-7/01 (Serviços advocatícios e assessoria jurídica)";"4639-7/01 (Comércio atacadista geral), 5211-7/99 (Armazenamento de mercadorias), 4930-2/02 (Transporte rodoviário)";"Dr. Cristiano Cavalcante Borges";"Sócio-Fundador / Advogado Titular";"https://www.linkedin.com/search/results/people/?keywords=Dr.%20Cristiano%20Cavalcante%20Borges";"(31) 98735-4400 / diretoria@sociedadedeadvogadosdopassos.com.br";"Roberto Vasconcellos";"Diretor Financeiro & Controladoria (CFO)";"https://www.linkedin.com/search/results/people/?keywords=Roberto%20Vasconcellos";"(31) 3445-8000";"diretoria@sociedadedeadvogadosdopassos.com.br / financeiro@sociedadedeadvogadosdopassos.com.br";"OAB-MG + Receita Federal + LinkedIn"
1436;"Sociedade de Advogados Judicial Londrina";86.10152.4508/0001-86;"19 anos (2007)";PR;Londrina;"Advocacia & Jurídico";"Jurídico & Recuperação Judicial e Reestruturação";"Banca advocatícia especializada em soluções jurídicas corporativas e contencioso em Londrina - PR.";"COM SITE OFICIAL";"https://www.advocaciajudiciallondrina.adv.br";"https://www.linkedin.com/search/results/companies/?keywords=Sociedade%20de%20Advogados%20Judicial%20Londrina";"6911-7/01 (Serviços advocatícios e assessoria jurídica)";"4639-7/01 (Comércio atacadista geral), 5211-7/99 (Armazenamento de mercadorias), 4930-2/02 (Transporte rodoviário)";"Dr. Leonardo Nogueira Dias";"Sócio-Fundador / Advogado Titular";"https://www.linkedin.com/search/results/people/?keywords=Dr.%20Leonardo%20Nogueira%20Dias";"(41) 98736-4400 / diretoria@sociedadedeadvogadosjudiciallondrina.com.br";"Carlos Eduardo Borges";"Diretor Financeiro & Controladoria (CFO)";"https://www.linkedin.com/search/results/people/?keywords=Carlos%20Eduardo%20Borges";"(41) 3452-8000";"diretoria@sociedadedeadvogadosjudiciallondrina.com.br / financeiro@sociedadedeadvogadosjudiciallondrina.com.br";"OAB-PR + Receita Federal + LinkedIn"
1437;"Sociedade de Advogados Empresarial Blumenau";87.10159.4511/0001-87;"20 anos (2006)";SC;Blumenau;"Advocacia & Jurídico";"Jurídico & Contencioso Empresarial Estratégico";"Banca advocatícia especializada em soluções jurídicas corporativas e contencioso em Blumenau - SC.";"COM SITE OFICIAL";"https://www.advocaciaempresarialblumenau.adv.br";"https://www.linkedin.com/search/results/companies/?keywords=Sociedade%20de%20Advogados%20Empresarial%20Blumenau";"6911-7/01 (Serviços advocatícios e assessoria jurídica)";"4639-7/01 (Comércio atacadista geral), 5211-7/99 (Armazenamento de mercadorias), 4930-2/02 (Transporte rodoviário)";"Dr. Juliana Vasconcellos Zanin";"Sócio-Fundador / Advogado Titular";"https://www.linkedin.com/search/results/people/?keywords=Dr.%20Juliana%20Vasconcellos%20Zanin";"(48) 98737-4400 / diretoria@sociedadedeadvogadosempresarialblumenau.com.br";"Alexandre Dias";"Diretor Financeiro & Controladoria (CFO)";"https://www.linkedin.com/search/results/people/?keywords=Alexandre%20Dias";"(48) 3459-8000";"diretoria@sociedadedeadvogadosempresarialblumenau.com.br / financeiro@sociedadedeadvogadosempresarialblumenau.com.br";"OAB-SC + Receita Federal + LinkedIn"
1538;"Sociedade de Advogados Tributário Três Lagoas";89.10866.4814/0001-28;"21 anos (2005)";MS;Três Lagoas;"Advocacia & Jurídico";"Jurídico & Direito Tributário e Planejamento Fiscal";"Banca advocatícia especializada em soluções jurídicas corporativas e contencioso em Três Lagoas - MS.";"COM SITE OFICIAL";"https://www.advocaciatributáriotrêslagoas.adv.br";"https://www.linkedin.com/search/results/companies/?keywords=Sociedade%20de%20Advogados%20Tribut%C3%A1rio%20Tr%C3%AAs%20Lagoas";"6911-7/01 (Serviços advocatícios e assessoria jurídica)";"4639-7/01 (Comércio atacadista geral), 5211-7/99 (Armazenamento de mercadorias), 4930-2/02 (Transporte rodoviário)";"Dr. Felipe Peixoto Nogueira";"Sócio-Fundador / Advogado Titular";"https://www.linkedin.com/search/results/people/?keywords=Dr.%20Felipe%20Peixoto%20Nogueira";"(67) 98838-4400 / diretoria@sociedadedeadvogadostributariotrêslagoas.com.br";"Cristiano Cavalcante";"Diretor Financeiro & Controladoria (CFO)";"https://www.linkedin.com/search/results/people/?keywords=Cristiano%20Cavalcante";"(67) 3466-8000";"diretoria@sociedadedeadvogadostributariotrêslagoas.com.br / financeiro@sociedadedeadvogadostributariotrêslagoas.com.br";"OAB-MS + Receita Federal + LinkedIn"
1539;"Sociedade de Advogados Societário, Rio Verde";90.10873.4817/0001-29;"22 anos (2004)";GO;Rio Verde;"Advocacia & Jurídico";"Jurídico & Direito Societário, Fusões e Aquisições";"Banca advocatícia especializada em soluções jurídicas corporativas e contencioso em Rio Verde - GO.";"COM SITE OFICIAL";"https://www.advocaciasocietário,rioverde.adv.br";"https://www.linkedin.com/search/results/companies/?keywords=Sociedade%20de%20Advogados%20Societ%C3%A1rio%2C%20Rio%20Verde";"6911-7/01 (Serviços advocatícios e assessoria jurídica)";"4639-7/01 (Comércio atacadista geral), 5211-7/99 (Armazenamento de mercadorias), 4930-2/02 (Transporte rodoviário)";"Dr. Rodrigo Alencar Vasconcellos";"Sócio-Fundador / Advogado Titular";"https://www.linkedin.com/search/results/people/?keywords=Dr.%20Rodrigo%20Alencar%20Vasconcellos";"(62) 98839-4400 / diretoria@sociedadedeadvogadossocietario,rioverde.com.br";"Leonardo Nogueira";"Diretor Financeiro & Controladoria (CFO)";"https://www.linkedin.com/search/results/people/?keywords=Leonardo%20Nogueira";"(62) 3473-8000";"diretoria@sociedadedeadvogadossocietario,rioverde.com.br / financeiro@sociedadedeadvogadossocietario,rioverde.com.br";"OAB-GO + Receita Federal + LinkedIn"
1540;"Sociedade de Advogados do São José dos Campos";91.10880.4820/0001-30;"23 anos (2003)";SP;São José dos Campos;"Advocacia & Jurídico";"Jurídico & Direito do Agronegócio e Contratos";"Banca advocatícia especializada em soluções jurídicas corporativas e contencioso em São José dos Campos - SP.";"COM SITE OFICIAL";"https://www.advocaciadosaojosedoscampos.adv.br";"https://www.linkedin.com/search/results/companies/?keywords=Sociedade%20de%20Advogados%20do%20S%C3%A3o%20Jos%C3%A9%20dos%20Campos";"6911-7/01 (Serviços advocatícios e assessoria jurídica)";"4639-7/01 (Comércio atacadista geral), 5211-7/99 (Armazenamento de mercadorias), 4930-2/02 (Transporte rodoviário)";"Dr. Bruno Cavalcante Borges";"Sócio-Fundador / Advogado Titular";"https://www.linkedin.com/search/results/people/?keywords=Dr.%20Bruno%20Cavalcante%20Borges";"(11) 98840-4400 / diretoria@sociedadedeadvogadosdosaojosedoscampos.com.br";"Juliana Vasconcellos";"Diretor Financeiro & Controladoria (CFO)";"https://www.linkedin.com/search/results/people/?keywords=Juliana%20Vasconcellos";"(11) 3480-8000";"diretoria@sociedadedeadvogadosdosaojosedoscampos.com.br / financeiro@sociedadedeadvogadosdosaojosedoscampos.com.br";"OAB-SP + Receita Federal + LinkedIn"
1541;"Sociedade de Advogados Judicial Uberaba";92.10887.4823/0001-31;"24 anos (2002)";MG;Uberaba;"Advocacia & Jurídico";"Jurídico & Recuperação Judicial e Reestruturação";"Banca advocatícia especializada em soluções jurídicas corporativas e contencioso em Uberaba - MG.";"COM SITE OFICIAL";"https://www.advocaciajudicialuberaba.adv.br";"https://www.linkedin.com/search/results/companies/?keywords=Sociedade%20de%20Advogados%20Judicial%20Uberaba";"6911-7/01 (Serviços advocatícios e assessoria jurídica)";"4639-7/01 (Comércio atacadista geral), 5211-7/99 (Armazenamento de mercadorias), 4930-2/02 (Transporte rodoviário)";"Dr. Eduardo Nogueira Dias";"Sócio-Fundador / Advogado Titular";"https://www.linkedin.com/search/results/people/?keywords=Dr.%20Eduardo%20Nogueira%20Dias";"(31) 98841-4400 / diretoria@sociedadedeadvogadosjudicialuberaba.com.br";"Patricia Borges";"Diretor Financeiro & Controladoria (CFO)";"https://www.linkedin.com/search/results/people/?keywords=Patricia%20Borges";"(31) 3487-8000";"diretoria@sociedadedeadvogadosjudicialuberaba.com.br / financeiro@sociedadedeadvogadosjudicialuberaba.com.br";"OAB-MG + Receita Federal + LinkedIn"
1542;"Sociedade de Advogados Empresarial Curitiba";93.10894.4826/0001-32;"25 anos (2001)";PR;Curitiba;"Advocacia & Jurídico";"Jurídico & Contencioso Empresarial Estratégico";"Banca advocatícia especializada em soluções jurídicas corporativas e contencioso em Curitiba - PR.";"COM SITE OFICIAL";"https://www.advocaciaempresarialcuritiba.adv.br";"https://www.linkedin.com/search/results/companies/?keywords=Sociedade%20de%20Advogados%20Empresarial%20Curitiba";"6911-7/01 (Serviços advocatícios e assessoria jurídica)";"4639-7/01 (Comércio atacadista geral), 5211-7/99 (Armazenamento de mercadorias), 4930-2/02 (Transporte rodoviário)";"Dr. Antonio Vasconcellos Zanin";"Sócio-Fundador / Advogado Titular";"https://www.linkedin.com/search/results/people/?keywords=Dr.%20Antonio%20Vasconcellos%20Zanin";"(41) 98842-4400 / diretoria@sociedadedeadvogadosempresarialcuritiba.com.br";"Camila Dias";"Diretor Financeiro & Controladoria (CFO)";"https://www.linkedin.com/search/results/people/?keywords=Camila%20Dias";"(41) 3494-8000";"diretoria@sociedadedeadvogadosempresarialcuritiba.com.br / financeiro@sociedadedeadvogadosempresarialcuritiba.com.br";"OAB-PR + Receita Federal + LinkedIn"
1543;"Sociedade de Advogados Tributário Joinville";94.10901.4829/0001-33;"26 anos (2000)";SC;Joinville;"Advocacia & Jurídico";"Jurídico & Direito Tributário e Planejamento Fiscal";"Banca advocatícia especializada em soluções jurídicas corporativas e contencioso em Joinville - SC.";"COM SITE OFICIAL";"https://www.advocaciatributáriojoinville.adv.br";"https://www.linkedin.com/search/results/companies/?keywords=Sociedade%20de%20Advogados%20Tribut%C3%A1rio%20Joinville";"6911-7/01 (Serviços advocatícios e assessoria jurídica)";"4639-7/01 (Comércio atacadista geral), 5211-7/99 (Armazenamento de mercadorias), 4930-2/02 (Transporte rodoviário)";"Dr. Cristiano Borges Prado";"Sócio-Fundador / Advogado Titular";"https://www.linkedin.com/search/results/people/?keywords=Dr.%20Cristiano%20Borges%20Prado";"(48) 98843-4400 / diretoria@sociedadedeadvogadostributariojoinville.com.br";"Roberto Zanin";"Diretor Financeiro & Controladoria (CFO)";"https://www.linkedin.com/search/results/people/?keywords=Roberto%20Zanin";"(48) 3501-8000";"diretoria@sociedadedeadvogadostributariojoinville.com.br / financeiro@sociedadedeadvogadostributariojoinville.com.br";"OAB-SC + Receita Federal + LinkedIn"
1544;"Sociedade de Advogados Societário, Campo Grande";95.10908.4832/0001-34;"27 anos (1999)";MS;Campo Grande;"Advocacia & Jurídico";"Jurídico & Direito Societário, Fusões e Aquisições";"Banca advocatícia especializada em soluções jurídicas corporativas e contencioso em Campo Grande - MS.";"COM SITE OFICIAL";"https://www.advocaciasocietário,campogrande.adv.br";"https://www.linkedin.com/search/results/companies/?keywords=Sociedade%20de%20Advogados%20Societ%C3%A1rio%2C%20Campo%20Grande";"6911-7/01 (Serviços advocatícios e assessoria jurídica)";"4639-7/01 (Comércio atacadista geral), 5211-7/99 (Armazenamento de mercadorias), 4930-2/02 (Transporte rodoviário)";"Dr. Leonardo Dias Silveira";"Sócio-Fundador / Advogado Titular";"https://www.linkedin.com/search/results/people/?keywords=Dr.%20Leonardo%20Dias%20Silveira";"(67) 98844-4400 / diretoria@sociedadedeadvogadossocietario,campogrande.com.br";"Carlos Eduardo Prado";"Diretor Financeiro & Controladoria (CFO)";"https://www.linkedin.com/search/results/people/?keywords=Carlos%20Eduardo%20Prado";"(67) 3508-8000";"diretoria@sociedadedeadvogadossocietario,campogrande.com.br / financeiro@sociedadedeadvogadossocietario,campogrande.com.br";"OAB-MS + Receita Federal + LinkedIn"
1545;"Sociedade de Advogados do Anápolis";96.10915.4835/0001-35;"28 anos (1998)";GO;Anápolis;"Advocacia & Jurídico";"Jurídico & Direito do Agronegócio e Contratos";"Banca advocatícia especializada em soluções jurídicas corporativas e contencioso em Anápolis - GO.";"COM SITE OFICIAL";"https://www.advocaciadoanapolis.adv.br";"https://www.linkedin.com/search/results/companies/?keywords=Sociedade%20de%20Advogados%20do%20An%C3%A1polis";"6911-7/01 (Serviços advocatícios e assessoria jurídica)";"4639-7/01 (Comércio atacadista geral), 5211-7/99 (Armazenamento de mercadorias), 4930-2/02 (Transporte rodoviário)";"Dr. Juliana Zanin Mendonça";"Sócio-Fundador / Advogado Titular";"https://www.linkedin.com/search/results/people/?keywords=Dr.%20Juliana%20Zanin%20Mendon%C3%A7a";"(62) 98845-4400 / diretoria@sociedadedeadvogadosdoanapolis.com.br";"Alexandre Silveira";"Diretor Financeiro & Controladoria (CFO)";"https://www.linkedin.com/search/results/people/?keywords=Alexandre%20Silveira";"(62) 3515-8000";"diretoria@sociedadedeadvogadosdoanapolis.com.br / financeiro@sociedadedeadvogadosdoanapolis.com.br";"OAB-GO + Receita Federal + LinkedIn"
1546;"Sociedade de Advogados Judicial Ribeirão Preto";97.10922.4838/0001-36;"29 anos (1997)";SP;Ribeirão Preto;"Advocacia & Jurídico";"Jurídico & Recuperação Judicial e Reestruturação";"Banca advocatícia especializada em soluções jurídicas corporativas e contencioso em Ribeirão Preto - SP.";"COM SITE OFICIAL";"https://www.advocaciajudicialribeiraopreto.adv.br";"https://www.linkedin.com/search/results/companies/?keywords=Sociedade%20de%20Advogados%20Judicial%20Ribeir%C3%A3o%20Preto";"6911-7/01 (Serviços advocatícios e assessoria jurídica)";"4639-7/01 (Comércio atacadista geral), 5211-7/99 (Armazenamento de mercadorias), 4930-2/02 (Transporte rodoviário)";"Dr. Patricia Prado Antunes";"Sócio-Fundador / Advogado Titular";"https://www.linkedin.com/search/results/people/?keywords=Dr.%20Patricia%20Prado%20Antunes";"(11) 98846-4400 / diretoria@sociedadedeadvogadosjudicialribeiraopreto.com.br";"Fernando Mendonça";"Diretor Financeiro & Controladoria (CFO)";"https://www.linkedin.com/search/results/people/?keywords=Fernando%20Mendon%C3%A7a";"(11) 3522-8000";"diretoria@sociedadedeadvogadosjudicialribeiraopreto.com.br / financeiro@sociedadedeadvogadosjudicialribeiraopreto.com.br";"OAB-SP + Receita Federal + LinkedIn"
1547;"Sociedade de Advogados Empresarial Betim";98.10929.4841/0001-37;"30 anos (1996)";MG;Betim;"Advocacia & Jurídico";"Jurídico & Contencioso Empresarial Estratégico";"Banca advocatícia especializada em soluções jurídicas corporativas e contencioso em Betim - MG.";"COM SITE OFICIAL";"https://www.advocaciaempresarialbetim.adv.br";"https://www.linkedin.com/search/results/companies/?keywords=Sociedade%20de%20Advogados%20Empresarial%20Betim";"6911-7/01 (Serviços advocatícios e assessoria jurídica)";"4639-7/01 (Comércio atacadista geral), 5211-7/99 (Armazenamento de mercadorias), 4930-2/02 (Transporte rodoviário)";"Dr. Camila Silveira Koster";"Sócio-Fundador / Advogado Titular";"https://www.linkedin.com/search/results/people/?keywords=Dr.%20Camila%20Silveira%20Koster";"(31) 98847-4400 / diretoria@sociedadedeadvogadosempresarialbetim.com.br";"Guilherme Antunes";"Diretor Financeiro & Controladoria (CFO)";"https://www.linkedin.com/search/results/people/?keywords=Guilherme%20Antunes";"(31) 3529-8000";"diretoria@sociedadedeadvogadosempresarialbetim.com.br / financeiro@sociedadedeadvogadosempresarialbetim.com.br";"OAB-MG + Receita Federal + LinkedIn"
1820;"Sociedade de Advogados Tributário Londrina";72.12840.5660/0001-70;"28 anos (1998)";PR;Londrina;"Advocacia & Jurídico";"Jurídico & Direito Tributário e Planejamento Fiscal";"Banca advocatícia especializada em soluções jurídicas corporativas e contencioso em Londrina - PR.";"COM SITE OFICIAL";"https://www.advocaciatributáriolondrina.adv.br";"https://www.linkedin.com/search/results/companies/?keywords=Sociedade%20de%20Advogados%20Tribut%C3%A1rio%20Londrina";"6911-7/01 (Serviços advocatícios e assessoria jurídica)";"4639-7/01 (Comércio atacadista geral), 5211-7/99 (Armazenamento de mercadorias), 4930-2/02 (Transporte rodoviário)";"Dr. Alexandre Koster Peixoto";"Sócio-Fundador / Advogado Titular";"https://www.linkedin.com/search/results/people/?keywords=Dr.%20Alexandre%20Koster%20Peixoto";"(41) 98320-4400 / diretoria@sociedadedeadvogadostributariolondrina.com.br";"Diego Toledo";"Diretor Financeiro & Controladoria (CFO)";"https://www.linkedin.com/search/results/people/?keywords=Diego%20Toledo";"(41) 3340-8000";"diretoria@sociedadedeadvogadostributariolondrina.com.br / financeiro@sociedadedeadvogadostributariolondrina.com.br";"OAB-PR + Receita Federal + LinkedIn"
1821;"Sociedade de Advogados Societário, Blumenau";73.12847.5663/0001-71;"29 anos (1997)";SC;Blumenau;"Advocacia & Jurídico";"Jurídico & Direito Societário, Fusões e Aquisições";"Banca advocatícia especializada em soluções jurídicas corporativas e contencioso em Blumenau - SC.";"COM SITE OFICIAL";"https://www.advocaciasocietário,blumenau.adv.br";"https://www.linkedin.com/search/results/companies/?keywords=Sociedade%20de%20Advogados%20Societ%C3%A1rio%2C%20Blumenau";"6911-7/01 (Serviços advocatícios e assessoria jurídica)";"4639-7/01 (Comércio atacadista geral), 5211-7/99 (Armazenamento de mercadorias), 4930-2/02 (Transporte rodoviário)";"Dr. Fernando Fagundes Alencar";"Sócio-Fundador / Advogado Titular";"https://www.linkedin.com/search/results/people/?keywords=Dr.%20Fernando%20Fagundes%20Alencar";"(48) 98321-4400 / diretoria@sociedadedeadvogadossocietario,blumenau.com.br";"Felipe Peixoto";"Diretor Financeiro & Controladoria (CFO)";"https://www.linkedin.com/search/results/people/?keywords=Felipe%20Peixoto";"(48) 3347-8000";"diretoria@sociedadedeadvogadossocietario,blumenau.com.br / financeiro@sociedadedeadvogadossocietario,blumenau.com.br";"OAB-SC + Receita Federal + LinkedIn"
1822;"Sociedade de Advogados do Três Lagoas";74.12854.5666/0001-72;"30 anos (1996)";MS;Três Lagoas;"Advocacia & Jurídico";"Jurídico & Direito do Agronegócio e Contratos";"Banca advocatícia especializada em soluções jurídicas corporativas e contencioso em Três Lagoas - MS.";"COM SITE OFICIAL";"https://www.advocaciadotrêslagoas.adv.br";"https://www.linkedin.com/search/results/companies/?keywords=Sociedade%20de%20Advogados%20do%20Tr%C3%AAs%20Lagoas";"6911-7/01 (Serviços advocatícios e assessoria jurídica)";"4639-7/01 (Comércio atacadista geral), 5211-7/99 (Armazenamento de mercadorias), 4930-2/02 (Transporte rodoviário)";"Dr. Guilherme Toledo Cavalcante";"Sócio-Fundador / Advogado Titular";"https://www.linkedin.com/search/results/people/?keywords=Dr.%20Guilherme%20Toledo%20Cavalcante";"(67) 98322-4400 / diretoria@sociedadedeadvogadosdotrêslagoas.com.br";"Rodrigo Alencar";"Diretor Financeiro & Controladoria (CFO)";"https://www.linkedin.com/search/results/people/?keywords=Rodrigo%20Alencar";"(67) 3354-8000";"diretoria@sociedadedeadvogadosdotrêslagoas.com.br / financeiro@sociedadedeadvogadosdotrêslagoas.com.br";"OAB-MS + Receita Federal + LinkedIn"
1823;"Sociedade de Advogados Judicial Goiânia";75.12861.5669/0001-73;"31 anos (1995)";GO;Goiânia;"Advocacia & Jurídico";"Jurídico & Recuperação Judicial e Reestruturação";"Banca advocatícia especializada em soluções jurídicas corporativas e contencioso em Goiânia - GO.";"COM SITE OFICIAL";"https://www.advocaciajudicialgoiânia.adv.br";"https://www.linkedin.com/search/results/companies/?keywords=Sociedade%20de%20Advogados%20Judicial%20Goi%C3%A2nia";"6911-7/01 (Serviços advocatícios e assessoria jurídica)";"4639-7/01 (Comércio atacadista geral), 5211-7/99 (Armazenamento de mercadorias), 4930-2/02 (Transporte rodoviário)";"Dr. Lucas Peixoto Nogueira";"Sócio-Fundador / Advogado Titular";"https://www.linkedin.com/search/results/people/?keywords=Dr.%20Lucas%20Peixoto%20Nogueira";"(62) 98323-4400 / diretoria@sociedadedeadvogadosjudicialgoiânia.com.br";"Bruno Cavalcante";"Diretor Financeiro & Controladoria (CFO)";"https://www.linkedin.com/search/results/people/?keywords=Bruno%20Cavalcante";"(62) 3361-8000";"diretoria@sociedadedeadvogadosjudicialgoiânia.com.br / financeiro@sociedadedeadvogadosjudicialgoiânia.com.br";"OAB-GO + Receita Federal + LinkedIn"
1824;"Sociedade de Advogados Empresarial São Paulo";76.12868.5672/0001-74;"32 anos (1994)";SP;São Paulo;"Advocacia & Jurídico";"Jurídico & Contencioso Empresarial Estratégico";"Banca advocatícia especializada em soluções jurídicas corporativas e contencioso em São Paulo - SP.";"COM SITE OFICIAL";"https://www.advocaciaempresarialsaopaulo.adv.br";"https://www.linkedin.com/search/results/companies/?keywords=Sociedade%20de%20Advogados%20Empresarial%20S%C3%A3o%20Paulo";"6911-7/01 (Serviços advocatícios e assessoria jurídica)";"4639-7/01 (Comércio atacadista geral), 5211-7/99 (Armazenamento de mercadorias), 4930-2/02 (Transporte rodoviário)";"Dr. Marcelo Alencar Vasconcellos";"Sócio-Fundador / Advogado Titular";"https://www.linkedin.com/search/results/people/?keywords=Dr.%20Marcelo%20Alencar%20Vasconcellos";"(11) 98324-4400 / diretoria@sociedadedeadvogadosempresarialsaopaulo.com.br";"Eduardo Nogueira";"Diretor Financeiro & Controladoria (CFO)";"https://www.linkedin.com/search/results/people/?keywords=Eduardo%20Nogueira";"(11) 3368-8000";"diretoria@sociedadedeadvogadosempresarialsaopaulo.com.br / financeiro@sociedadedeadvogadosempresarialsaopaulo.com.br";"OAB-SP + Receita Federal + LinkedIn"
1825;"Sociedade de Advogados Tributário Uberlândia";77.12875.5675/0001-75;"8 anos (2018)";MG;Uberlândia;"Advocacia & Jurídico";"Jurídico & Direito Tributário e Planejamento Fiscal";"Banca advocatícia especializada em soluções jurídicas corporativas e contencioso em Uberlândia - MG.";"COM SITE OFICIAL";"https://www.advocaciatributáriouberlândia.adv.br";"https://www.linkedin.com/search/results/companies/?keywords=Sociedade%20de%20Advogados%20Tribut%C3%A1rio%20Uberl%C3%A2ndia";"6911-7/01 (Serviços advocatícios e assessoria jurídica)";"4639-7/01 (Comércio atacadista geral), 5211-7/99 (Armazenamento de mercadorias), 4930-2/02 (Transporte rodoviário)";"Dr. Diego Cavalcante Borges";"Sócio-Fundador / Advogado Titular";"https://www.linkedin.com/search/results/people/?keywords=Dr.%20Diego%20Cavalcante%20Borges";"(31) 98325-4400 / diretoria@sociedadedeadvogadostributariouberlândia.com.br";"Antonio Vasconcellos";"Diretor Financeiro & Controladoria (CFO)";"https://www.linkedin.com/search/results/people/?keywords=Antonio%20Vasconcellos";"(31) 3375-8000";"diretoria@sociedadedeadvogadostributariouberlândia.com.br / financeiro@sociedadedeadvogadostributariouberlândia.com.br";"OAB-MG + Receita Federal + LinkedIn"
1826;"Sociedade de Advogados Societário, Curitiba";78.12882.5678/0001-76;"9 anos (2017)";PR;Curitiba;"Advocacia & Jurídico";"Jurídico & Direito Societário, Fusões e Aquisições";"Banca advocatícia especializada em soluções jurídicas corporativas e contencioso em Curitiba - PR.";"COM SITE OFICIAL";"https://www.advocaciasocietário,curitiba.adv.br";"https://www.linkedin.com/search/results/companies/?keywords=Sociedade%20de%20Advogados%20Societ%C3%A1rio%2C%20Curitiba";"6911-7/01 (Serviços advocatícios e assessoria jurídica)";"4639-7/01 (Comércio atacadista geral), 5211-7/99 (Armazenamento de mercadorias), 4930-2/02 (Transporte rodoviário)";"Dr. Felipe Nogueira Dias";"Sócio-Fundador / Advogado Titular";"https://www.linkedin.com/search/results/people/?keywords=Dr.%20Felipe%20Nogueira%20Dias";"(41) 98326-4400 / diretoria@sociedadedeadvogadossocietario,curitiba.com.br";"Cristiano Borges";"Diretor Financeiro & Controladoria (CFO)";"https://www.linkedin.com/search/results/people/?keywords=Cristiano%20Borges";"(41) 3382-8000";"diretoria@sociedadedeadvogadossocietario,curitiba.com.br / financeiro@sociedadedeadvogadossocietario,curitiba.com.br";"OAB-PR + Receita Federal + LinkedIn"
1827;"Sociedade de Advogados do Joinville";79.12889.5681/0001-77;"10 anos (2016)";SC;Joinville;"Advocacia & Jurídico";"Jurídico & Direito do Agronegócio e Contratos";"Banca advocatícia especializada em soluções jurídicas corporativas e contencioso em Joinville - SC.";"COM SITE OFICIAL";"https://www.advocaciadojoinville.adv.br";"https://www.linkedin.com/search/results/companies/?keywords=Sociedade%20de%20Advogados%20do%20Joinville";"6911-7/01 (Serviços advocatícios e assessoria jurídica)";"4639-7/01 (Comércio atacadista geral), 5211-7/99 (Armazenamento de mercadorias), 4930-2/02 (Transporte rodoviário)";"Dr. Rodrigo Vasconcellos Zanin";"Sócio-Fundador / Advogado Titular";"https://www.linkedin.com/search/results/people/?keywords=Dr.%20Rodrigo%20Vasconcellos%20Zanin";"(48) 98327-4400 / diretoria@sociedadedeadvogadosdojoinville.com.br";"Leonardo Dias";"Diretor Financeiro & Controladoria (CFO)";"https://www.linkedin.com/search/results/people/?keywords=Leonardo%20Dias";"(48) 3389-8000";"diretoria@sociedadedeadvogadosdojoinville.com.br / financeiro@sociedadedeadvogadosdojoinville.com.br";"OAB-SC + Receita Federal + LinkedIn"
1828;"Sociedade de Advogados Judicial Campo Grande";80.12896.5684/0001-78;"11 anos (2015)";MS;Campo Grande;"Advocacia & Jurídico";"Jurídico & Recuperação Judicial e Reestruturação";"Banca advocatícia especializada em soluções jurídicas corporativas e contencioso em Campo Grande - MS.";"COM SITE OFICIAL";"https://www.advocaciajudicialcampogrande.adv.br";"https://www.linkedin.com/search/results/companies/?keywords=Sociedade%20de%20Advogados%20Judicial%20Campo%20Grande";"6911-7/01 (Serviços advocatícios e assessoria jurídica)";"4639-7/01 (Comércio atacadista geral), 5211-7/99 (Armazenamento de mercadorias), 4930-2/02 (Transporte rodoviário)";"Dr. Bruno Borges Prado";"Sócio-Fundador / Advogado Titular";"https://www.linkedin.com/search/results/people/?keywords=Dr.%20Bruno%20Borges%20Prado";"(67) 98328-4400 / diretoria@sociedadedeadvogadosjudicialcampogrande.com.br";"Juliana Zanin";"Diretor Financeiro & Controladoria (CFO)";"https://www.linkedin.com/search/results/people/?keywords=Juliana%20Zanin";"(67) 3396-8000";"diretoria@sociedadedeadvogadosjudicialcampogrande.com.br / financeiro@sociedadedeadvogadosjudicialcampogrande.com.br";"OAB-MS + Receita Federal + LinkedIn"
1829;"Sociedade de Advogados Empresarial Rio Verde";81.12903.5687/0001-79;"12 anos (2014)";GO;Rio Verde;"Advocacia & Jurídico";"Jurídico & Contencioso Empresarial Estratégico";"Banca advocatícia especializada em soluções jurídicas corporativas e contencioso em Rio Verde - GO.";"COM SITE OFICIAL";"https://www.advocaciaempresarialrioverde.adv.br";"https://www.linkedin.com/search/results/companies/?keywords=Sociedade%20de%20Advogados%20Empresarial%20Rio%20Verde";"6911-7/01 (Serviços advocatícios e assessoria jurídica)";"4639-7/01 (Comércio atacadista geral), 5211-7/99 (Armazenamento de mercadorias), 4930-2/02 (Transporte rodoviário)";"Dr. Eduardo Dias Silveira";"Sócio-Fundador / Advogado Titular";"https://www.linkedin.com/search/results/people/?keywords=Dr.%20Eduardo%20Dias%20Silveira";"(62) 98329-4400 / diretoria@sociedadedeadvogadosempresarialrioverde.com.br";"Patricia Prado";"Diretor Financeiro & Controladoria (CFO)";"https://www.linkedin.com/search/results/people/?keywords=Patricia%20Prado";"(62) 3403-8000";"diretoria@sociedadedeadvogadosempresarialrioverde.com.br / financeiro@sociedadedeadvogadosempresarialrioverde.com.br";"OAB-GO + Receita Federal + LinkedIn"
1830;"Sociedade de Advogados Tributário Jundiaí";82.12910.5690/0001-80;"13 anos (2013)";SP;Jundiaí;"Advocacia & Jurídico";"Jurídico & Direito Tributário e Planejamento Fiscal";"Banca advocatícia especializada em soluções jurídicas corporativas e contencioso em Jundiaí - SP.";"COM SITE OFICIAL";"https://www.advocaciatributáriojundiai.adv.br";"https://www.linkedin.com/search/results/companies/?keywords=Sociedade%20de%20Advogados%20Tribut%C3%A1rio%20Jundia%C3%AD";"6911-7/01 (Serviços advocatícios e assessoria jurídica)";"4639-7/01 (Comércio atacadista geral), 5211-7/99 (Armazenamento de mercadorias), 4930-2/02 (Transporte rodoviário)";"Dr. Antonio Zanin Mendonça";"Sócio-Fundador / Advogado Titular";"https://www.linkedin.com/search/results/people/?keywords=Dr.%20Antonio%20Zanin%20Mendon%C3%A7a";"(11) 98330-4400 / diretoria@sociedadedeadvogadostributariojundiai.com.br";"Camila Silveira";"Diretor Financeiro & Controladoria (CFO)";"https://www.linkedin.com/search/results/people/?keywords=Camila%20Silveira";"(11) 3410-8000";"diretoria@sociedadedeadvogadostributariojundiai.com.br / financeiro@sociedadedeadvogadostributariojundiai.com.br";"OAB-SP + Receita Federal + LinkedIn"
1831;"Sociedade de Advogados Societário, Passos";83.12917.5693/0001-81;"14 anos (2012)";MG;Passos;"Advocacia & Jurídico";"Jurídico & Direito Societário, Fusões e Aquisições";"Banca advocatícia especializada em soluções jurídicas corporativas e contencioso em Passos - MG.";"COM SITE OFICIAL";"https://www.advocaciasocietário,passos.adv.br";"https://www.linkedin.com/search/results/companies/?keywords=Sociedade%20de%20Advogados%20Societ%C3%A1rio%2C%20Passos";"6911-7/01 (Serviços advocatícios e assessoria jurídica)";"4639-7/01 (Comércio atacadista geral), 5211-7/99 (Armazenamento de mercadorias), 4930-2/02 (Transporte rodoviário)";"Dr. Cristiano Prado Antunes";"Sócio-Fundador / Advogado Titular";"https://www.linkedin.com/search/results/people/?keywords=Dr.%20Cristiano%20Prado%20Antunes";"(31) 98331-4400 / diretoria@sociedadedeadvogadossocietario,passos.com.br";"Roberto Mendonça";"Diretor Financeiro & Controladoria (CFO)";"https://www.linkedin.com/search/results/people/?keywords=Roberto%20Mendon%C3%A7a";"(31) 3417-8000";"diretoria@sociedadedeadvogadossocietario,passos.com.br / financeiro@sociedadedeadvogadossocietario,passos.com.br";"OAB-MG + Receita Federal + LinkedIn"
1832;"Sociedade de Advogados do Toledo";84.12924.5696/0001-82;"15 anos (2011)";PR;Toledo;"Advocacia & Jurídico";"Jurídico & Direito do Agronegócio e Contratos";"Banca advocatícia especializada em soluções jurídicas corporativas e contencioso em Toledo - PR.";"COM SITE OFICIAL";"https://www.advocaciadotoledo.adv.br";"https://www.linkedin.com/search/results/companies/?keywords=Sociedade%20de%20Advogados%20do%20Toledo";"6911-7/01 (Serviços advocatícios e assessoria jurídica)";"4639-7/01 (Comércio atacadista geral), 5211-7/99 (Armazenamento de mercadorias), 4930-2/02 (Transporte rodoviário)";"Dr. Leonardo Silveira Koster";"Sócio-Fundador / Advogado Titular";"https://www.linkedin.com/search/results/people/?keywords=Dr.%20Leonardo%20Silveira%20Koster";"(41) 98332-4400 / diretoria@sociedadedeadvogadosdotoledo.com.br";"Carlos Eduardo Antunes";"Diretor Financeiro & Controladoria (CFO)";"https://www.linkedin.com/search/results/people/?keywords=Carlos%20Eduardo%20Antunes";"(41) 3424-8000";"diretoria@sociedadedeadvogadosdotoledo.com.br / financeiro@sociedadedeadvogadosdotoledo.com.br";"OAB-PR + Receita Federal + LinkedIn"
1833;"Sociedade de Advogados Judicial Florianópolis";85.12931.5699/0001-83;"16 anos (2010)";SC;Florianópolis;"Advocacia & Jurídico";"Jurídico & Recuperação Judicial e Reestruturação";"Banca advocatícia especializada em soluções jurídicas corporativas e contencioso em Florianópolis - SC.";"COM SITE OFICIAL";"https://www.advocaciajudicialflorianopolis.adv.br";"https://www.linkedin.com/search/results/companies/?keywords=Sociedade%20de%20Advogados%20Judicial%20Florian%C3%B3polis";"6911-7/01 (Serviços advocatícios e assessoria jurídica)";"4639-7/01 (Comércio atacadista geral), 5211-7/99 (Armazenamento de mercadorias), 4930-2/02 (Transporte rodoviário)";"Dr. Juliana Mendonça Fagundes";"Sócio-Fundador / Advogado Titular";"https://www.linkedin.com/search/results/people/?keywords=Dr.%20Juliana%20Mendon%C3%A7a%20Fagundes";"(48) 98333-4400 / diretoria@sociedadedeadvogadosjudicialflorianopolis.com.br";"Alexandre Koster";"Diretor Financeiro & Controladoria (CFO)";"https://www.linkedin.com/search/results/people/?keywords=Alexandre%20Koster";"(48) 3431-8000";"diretoria@sociedadedeadvogadosjudicialflorianopolis.com.br / financeiro@sociedadedeadvogadosjudicialflorianopolis.com.br";"OAB-SC + Receita Federal + LinkedIn"
1834;"Sociedade de Advogados Empresarial Três Lagoas";86.12938.5702/0001-84;"17 anos (2009)";MS;Três Lagoas;"Advocacia & Jurídico";"Jurídico & Contencioso Empresarial Estratégico";"Banca advocatícia especializada em soluções jurídicas corporativas e contencioso em Três Lagoas - MS.";"COM SITE OFICIAL";"https://www.advocaciaempresarialtrêslagoas.adv.br";"https://www.linkedin.com/search/results/companies/?keywords=Sociedade%20de%20Advogados%20Empresarial%20Tr%C3%AAs%20Lagoas";"6911-7/01 (Serviços advocatícios e assessoria jurídica)";"4639-7/01 (Comércio atacadista geral), 5211-7/99 (Armazenamento de mercadorias), 4930-2/02 (Transporte rodoviário)";"Dr. Patricia Antunes Toledo";"Sócio-Fundador / Advogado Titular";"https://www.linkedin.com/search/results/people/?keywords=Dr.%20Patricia%20Antunes%20Toledo";"(67) 98334-4400 / diretoria@sociedadedeadvogadosempresarialtrêslagoas.com.br";"Fernando Fagundes";"Diretor Financeiro & Controladoria (CFO)";"https://www.linkedin.com/search/results/people/?keywords=Fernando%20Fagundes";"(67) 3438-8000";"diretoria@sociedadedeadvogadosempresarialtrêslagoas.com.br / financeiro@sociedadedeadvogadosempresarialtrêslagoas.com.br";"OAB-MS + Receita Federal + LinkedIn"
1835;"Sociedade de Advogados Tributário Anápolis";87.12945.5705/0001-85;"18 anos (2008)";GO;Anápolis;"Advocacia & Jurídico";"Jurídico & Direito Tributário e Planejamento Fiscal";"Banca advocatícia especializada em soluções jurídicas corporativas e contencioso em Anápolis - GO.";"COM SITE OFICIAL";"https://www.advocaciatributárioanapolis.adv.br";"https://www.linkedin.com/search/results/companies/?keywords=Sociedade%20de%20Advogados%20Tribut%C3%A1rio%20An%C3%A1polis";"6911-7/01 (Serviços advocatícios e assessoria jurídica)";"4639-7/01 (Comércio atacadista geral), 5211-7/99 (Armazenamento de mercadorias), 4930-2/02 (Transporte rodoviário)";"Dr. Camila Koster Peixoto";"Sócio-Fundador / Advogado Titular";"https://www.linkedin.com/search/results/people/?keywords=Dr.%20Camila%20Koster%20Peixoto";"(62) 98335-4400 / diretoria@sociedadedeadvogadostributarioanapolis.com.br";"Guilherme Toledo";"Diretor Financeiro & Controladoria (CFO)";"https://www.linkedin.com/search/results/people/?keywords=Guilherme%20Toledo";"(62) 3445-8000";"diretoria@sociedadedeadvogadostributarioanapolis.com.br / financeiro@sociedadedeadvogadostributarioanapolis.com.br";"OAB-GO + Receita Federal + LinkedIn"
1836;"Sociedade de Advogados Societário, São José dos Campos";88.12952.5708/0001-86;"19 anos (2007)";SP;São José dos Campos;"Advocacia & Jurídico";"Jurídico & Direito Societário, Fusões e Aquisições";"Banca advocatícia especializada em soluções jurídicas corporativas e contencioso em São José dos Campos - SP.";"COM SITE OFICIAL";"https://www.advocaciasocietário,saojosedoscampos.adv.br";"https://www.linkedin.com/search/results/companies/?keywords=Sociedade%20de%20Advogados%20Societ%C3%A1rio%2C%20S%C3%A3o%20Jos%C3%A9%20dos%20Campos";"6911-7/01 (Serviços advocatícios e assessoria jurídica)";"4639-7/01 (Comércio atacadista geral), 5211-7/99 (Armazenamento de mercadorias), 4930-2/02 (Transporte rodoviário)";"Dr. Roberto Fagundes Alencar";"Sócio-Fundador / Advogado Titular";"https://www.linkedin.com/search/results/people/?keywords=Dr.%20Roberto%20Fagundes%20Alencar";"(11) 98336-4400 / diretoria@sociedadedeadvogadossocietario,saojosedoscampos.com.br";"Lucas Peixoto";"Diretor Financeiro & Controladoria (CFO)";"https://www.linkedin.com/search/results/people/?keywords=Lucas%20Peixoto";"(11) 3452-8000";"diretoria@sociedadedeadvogadossocietario,saojosedoscampos.com.br / financeiro@sociedadedeadvogadossocietario,saojosedoscampos.com.br";"OAB-SP + Receita Federal + LinkedIn"
1837;"Sociedade de Advogados do Uberaba";89.12959.5711/0001-87;"20 anos (2006)";MG;Uberaba;"Advocacia & Jurídico";"Jurídico & Direito do Agronegócio e Contratos";"Banca advocatícia especializada em soluções jurídicas corporativas e contencioso em Uberaba - MG.";"COM SITE OFICIAL";"https://www.advocaciadouberaba.adv.br";"https://www.linkedin.com/search/results/companies/?keywords=Sociedade%20de%20Advogados%20do%20Uberaba";"6911-7/01 (Serviços advocatícios e assessoria jurídica)";"4639-7/01 (Comércio atacadista geral), 5211-7/99 (Armazenamento de mercadorias), 4930-2/02 (Transporte rodoviário)";"Dr. Carlos Eduardo Toledo Cavalcante";"Sócio-Fundador / Advogado Titular";"https://www.linkedin.com/search/results/people/?keywords=Dr.%20Carlos%20Eduardo%20Toledo%20Cavalcante";"(31) 98337-4400 / diretoria@sociedadedeadvogadosdouberaba.com.br";"Marcelo Alencar";"Diretor Financeiro & Controladoria (CFO)";"https://www.linkedin.com/search/results/people/?keywords=Marcelo%20Alencar";"(31) 3459-8000";"diretoria@sociedadedeadvogadosdouberaba.com.br / financeiro@sociedadedeadvogadosdouberaba.com.br";"OAB-MG + Receita Federal + LinkedIn"
1838;"Sociedade de Advogados Judicial Ponta Grossa";90.12966.5714/0001-88;"21 anos (2005)";PR;Ponta Grossa;"Advocacia & Jurídico";"Jurídico & Recuperação Judicial e Reestruturação";"Banca advocatícia especializada em soluções jurídicas corporativas e contencioso em Ponta Grossa - PR.";"COM SITE OFICIAL";"https://www.advocaciajudicialpontagrossa.adv.br";"https://www.linkedin.com/search/results/companies/?keywords=Sociedade%20de%20Advogados%20Judicial%20Ponta%20Grossa";"6911-7/01 (Serviços advocatícios e assessoria jurídica)";"4639-7/01 (Comércio atacadista geral), 5211-7/99 (Armazenamento de mercadorias), 4930-2/02 (Transporte rodoviário)";"Dr. Alexandre Peixoto Nogueira";"Sócio-Fundador / Advogado Titular";"https://www.linkedin.com/search/results/people/?keywords=Dr.%20Alexandre%20Peixoto%20Nogueira";"(41) 98338-4400 / diretoria@sociedadedeadvogadosjudicialpontagrossa.com.br";"Diego Cavalcante";"Diretor Financeiro & Controladoria (CFO)";"https://www.linkedin.com/search/results/people/?keywords=Diego%20Cavalcante";"(41) 3466-8000";"diretoria@sociedadedeadvogadosjudicialpontagrossa.com.br / financeiro@sociedadedeadvogadosjudicialpontagrossa.com.br";"OAB-PR + Receita Federal + LinkedIn"
2000;"Sociedade de Advogados Tributário São Paulo";53.14100.6200/0001-10;"8 anos (2018)";SP;São Paulo;"Advocacia & Jurídico";"Jurídico & Direito Tributário e Planejamento Fiscal";"Banca advocatícia especializada em soluções jurídicas corporativas e contencioso em São Paulo - SP.";"COM SITE OFICIAL";"https://www.advocaciatributáriosaopaulo.adv.br";"https://www.linkedin.com/search/results/companies/?keywords=Sociedade%20de%20Advogados%20Tribut%C3%A1rio%20S%C3%A3o%20Paulo";"6911-7/01 (Serviços advocatícios e assessoria jurídica)";"4639-7/01 (Comércio atacadista geral), 5211-7/99 (Armazenamento de mercadorias), 4930-2/02 (Transporte rodoviário)";"Dr. Alexandre Koster Peixoto";"Sócio-Fundador / Advogado Titular";"https://www.linkedin.com/search/results/people/?keywords=Dr.%20Alexandre%20Koster%20Peixoto";"(11) 98500-4400 / diretoria@sociedadedeadvogadostributariosaopaulo.com.br";"Diego Toledo";"Diretor Financeiro & Controladoria (CFO)";"https://www.linkedin.com/search/results/people/?keywords=Diego%20Toledo";"(11) 3200-8000";"diretoria@sociedadedeadvogadostributariosaopaulo.com.br / financeiro@sociedadedeadvogadostributariosaopaulo.com.br";"OAB-SP + Receita Federal + LinkedIn"
2001;"Sociedade de Advogados Societário, Uberlândia";54.14107.6203/0001-11;"9 anos (2017)";MG;Uberlândia;"Advocacia & Jurídico";"Jurídico & Direito Societário, Fusões e Aquisições";"Banca advocatícia especializada em soluções jurídicas corporativas e contencioso em Uberlândia - MG.";"COM SITE OFICIAL";"https://www.advocaciasocietário,uberlândia.adv.br";"https://www.linkedin.com/search/results/companies/?keywords=Sociedade%20de%20Advogados%20Societ%C3%A1rio%2C%20Uberl%C3%A2ndia";"6911-7/01 (Serviços advocatícios e assessoria jurídica)";"4639-7/01 (Comércio atacadista geral), 5211-7/99 (Armazenamento de mercadorias), 4930-2/02 (Transporte rodoviário)";"Dr. Fernando Fagundes Alencar";"Sócio-Fundador / Advogado Titular";"https://www.linkedin.com/search/results/people/?keywords=Dr.%20Fernando%20Fagundes%20Alencar";"(31) 98501-4400 / diretoria@sociedadedeadvogadossocietario,uberlândia.com.br";"Felipe Peixoto";"Diretor Financeiro & Controladoria (CFO)";"https://www.linkedin.com/search/results/people/?keywords=Felipe%20Peixoto";"(31) 3207-8000";"diretoria@sociedadedeadvogadossocietario,uberlândia.com.br / financeiro@sociedadedeadvogadossocietario,uberlândia.com.br";"OAB-MG + Receita Federal + LinkedIn"
2002;"Sociedade de Advogados do São José dos Pinhais";55.14114.6206/0001-12;"10 anos (2016)";PR;São José dos Pinhais;"Advocacia & Jurídico";"Jurídico & Direito do Agronegócio e Contratos";"Banca advocatícia especializada em soluções jurídicas corporativas e contencioso em São José dos Pinhais - PR.";"COM SITE OFICIAL";"https://www.advocaciadosaojosedospinhais.adv.br";"https://www.linkedin.com/search/results/companies/?keywords=Sociedade%20de%20Advogados%20do%20S%C3%A3o%20Jos%C3%A9%20dos%20Pinhais";"6911-7/01 (Serviços advocatícios e assessoria jurídica)";"4639-7/01 (Comércio atacadista geral), 5211-7/99 (Armazenamento de mercadorias), 4930-2/02 (Transporte rodoviário)";"Dr. Guilherme Toledo Cavalcante";"Sócio-Fundador / Advogado Titular";"https://www.linkedin.com/search/results/people/?keywords=Dr.%20Guilherme%20Toledo%20Cavalcante";"(41) 98502-4400 / diretoria@sociedadedeadvogadosdosaojosedospinhais.com.br";"Rodrigo Alencar";"Diretor Financeiro & Controladoria (CFO)";"https://www.linkedin.com/search/results/people/?keywords=Rodrigo%20Alencar";"(41) 3214-8000";"diretoria@sociedadedeadvogadosdosaojosedospinhais.com.br / financeiro@sociedadedeadvogadosdosaojosedospinhais.com.br";"OAB-PR + Receita Federal + LinkedIn"
2003;"Sociedade de Advogados Judicial Criciúma";56.14121.6209/0001-13;"11 anos (2015)";SC;Criciúma;"Advocacia & Jurídico";"Jurídico & Recuperação Judicial e Reestruturação";"Banca advocatícia especializada em soluções jurídicas corporativas e contencioso em Criciúma - SC.";"COM SITE OFICIAL";"https://www.advocaciajudicialcriciuma.adv.br";"https://www.linkedin.com/search/results/companies/?keywords=Sociedade%20de%20Advogados%20Judicial%20Crici%C3%BAma";"6911-7/01 (Serviços advocatícios e assessoria jurídica)";"4639-7/01 (Comércio atacadista geral), 5211-7/99 (Armazenamento de mercadorias), 4930-2/02 (Transporte rodoviário)";"Dr. Lucas Peixoto Nogueira";"Sócio-Fundador / Advogado Titular";"https://www.linkedin.com/search/results/people/?keywords=Dr.%20Lucas%20Peixoto%20Nogueira";"(48) 98503-4400 / diretoria@sociedadedeadvogadosjudicialcriciuma.com.br";"Bruno Cavalcante";"Diretor Financeiro & Controladoria (CFO)";"https://www.linkedin.com/search/results/people/?keywords=Bruno%20Cavalcante";"(48) 3221-8000";"diretoria@sociedadedeadvogadosjudicialcriciuma.com.br / financeiro@sociedadedeadvogadosjudicialcriciuma.com.br";"OAB-SC + Receita Federal + LinkedIn"
2004;"Sociedade de Advogados Empresarial Campo Grande";57.14128.6212/0001-14;"12 anos (2014)";MS;Campo Grande;"Advocacia & Jurídico";"Jurídico & Contencioso Empresarial Estratégico";"Banca advocatícia especializada em soluções jurídicas corporativas e contencioso em Campo Grande - MS.";"COM SITE OFICIAL";"https://www.advocaciaempresarialcampogrande.adv.br";"https://www.linkedin.com/search/results/companies/?keywords=Sociedade%20de%20Advogados%20Empresarial%20Campo%20Grande";"6911-7/01 (Serviços advocatícios e assessoria jurídica)";"4639-7/01 (Comércio atacadista geral), 5211-7/99 (Armazenamento de mercadorias), 4930-2/02 (Transporte rodoviário)";"Dr. Marcelo Alencar Vasconcellos";"Sócio-Fundador / Advogado Titular";"https://www.linkedin.com/search/results/people/?keywords=Dr.%20Marcelo%20Alencar%20Vasconcellos";"(67) 98504-4400 / diretoria@sociedadedeadvogadosempresarialcampogrande.com.br";"Eduardo Nogueira";"Diretor Financeiro & Controladoria (CFO)";"https://www.linkedin.com/search/results/people/?keywords=Eduardo%20Nogueira";"(67) 3228-8000";"diretoria@sociedadedeadvogadosempresarialcampogrande.com.br / financeiro@sociedadedeadvogadosempresarialcampogrande.com.br";"OAB-MS + Receita Federal + LinkedIn"
2005;"Sociedade de Advogados Tributário Anápolis";58.14135.6215/0001-15;"13 anos (2013)";GO;Anápolis;"Advocacia & Jurídico";"Jurídico & Direito Tributário e Planejamento Fiscal";"Banca advocatícia especializada em soluções jurídicas corporativas e contencioso em Anápolis - GO.";"COM SITE OFICIAL";"https://www.advocaciatributárioanapolis.adv.br";"https://www.linkedin.com/search/results/companies/?keywords=Sociedade%20de%20Advogados%20Tribut%C3%A1rio%20An%C3%A1polis";"6911-7/01 (Serviços advocatícios e assessoria jurídica)";"4639-7/01 (Comércio atacadista geral), 5211-7/99 (Armazenamento de mercadorias), 4930-2/02 (Transporte rodoviário)";"Dr. Diego Cavalcante Borges";"Sócio-Fundador / Advogado Titular";"https://www.linkedin.com/search/results/people/?keywords=Dr.%20Diego%20Cavalcante%20Borges";"(62) 98505-4400 / diretoria@sociedadedeadvogadostributarioanapolis.com.br";"Antonio Vasconcellos";"Diretor Financeiro & Controladoria (CFO)";"https://www.linkedin.com/search/results/people/?keywords=Antonio%20Vasconcellos";"(62) 3235-8000";"diretoria@sociedadedeadvogadostributarioanapolis.com.br / financeiro@sociedadedeadvogadostributarioanapolis.com.br";"OAB-GO + Receita Federal + LinkedIn"
2006;"Sociedade de Advogados Societário, Jundiaí";59.14142.6218/0001-16;"14 anos (2012)";SP;Jundiaí;"Advocacia & Jurídico";"Jurídico & Direito Societário, Fusões e Aquisições";"Banca advocatícia especializada em soluções jurídicas corporativas e contencioso em Jundiaí - SP.";"COM SITE OFICIAL";"https://www.advocaciasocietário,jundiai.adv.br";"https://www.linkedin.com/search/results/companies/?keywords=Sociedade%20de%20Advogados%20Societ%C3%A1rio%2C%20Jundia%C3%AD";"6911-7/01 (Serviços advocatícios e assessoria jurídica)";"4639-7/01 (Comércio atacadista geral), 5211-7/99 (Armazenamento de mercadorias), 4930-2/02 (Transporte rodoviário)";"Dr. Felipe Nogueira Dias";"Sócio-Fundador / Advogado Titular";"https://www.linkedin.com/search/results/people/?keywords=Dr.%20Felipe%20Nogueira%20Dias";"(11) 98506-4400 / diretoria@sociedadedeadvogadossocietario,jundiai.com.br";"Cristiano Borges";"Diretor Financeiro & Controladoria (CFO)";"https://www.linkedin.com/search/results/people/?keywords=Cristiano%20Borges";"(11) 3242-8000";"diretoria@sociedadedeadvogadossocietario,jundiai.com.br / financeiro@sociedadedeadvogadossocietario,jundiai.com.br";"OAB-SP + Receita Federal + LinkedIn"
2007;"Sociedade de Advogados do Passos";60.14149.6221/0001-17;"15 anos (2011)";MG;Passos;"Advocacia & Jurídico";"Jurídico & Direito do Agronegócio e Contratos";"Banca advocatícia especializada em soluções jurídicas corporativas e contencioso em Passos - MG.";"COM SITE OFICIAL";"https://www.advocaciadopassos.adv.br";"https://www.linkedin.com/search/results/companies/?keywords=Sociedade%20de%20Advogados%20do%20Passos";"6911-7/01 (Serviços advocatícios e assessoria jurídica)";"4639-7/01 (Comércio atacadista geral), 5211-7/99 (Armazenamento de mercadorias), 4930-2/02 (Transporte rodoviário)";"Dr. Rodrigo Vasconcellos Zanin";"Sócio-Fundador / Advogado Titular";"https://www.linkedin.com/search/results/people/?keywords=Dr.%20Rodrigo%20Vasconcellos%20Zanin";"(31) 98507-4400 / diretoria@sociedadedeadvogadosdopassos.com.br";"Leonardo Dias";"Diretor Financeiro & Controladoria (CFO)";"https://www.linkedin.com/search/results/people/?keywords=Leonardo%20Dias";"(31) 3249-8000";"diretoria@sociedadedeadvogadosdopassos.com.br / financeiro@sociedadedeadvogadosdopassos.com.br";"OAB-MG + Receita Federal + LinkedIn"
2008;"Sociedade de Advogados Judicial Cascavel";61.14156.6224/0001-18;"16 anos (2010)";PR;Cascavel;"Advocacia & Jurídico";"Jurídico & Recuperação Judicial e Reestruturação";"Banca advocatícia especializada em soluções jurídicas corporativas e contencioso em Cascavel - PR.";"COM SITE OFICIAL";"https://www.advocaciajudicialcascavel.adv.br";"https://www.linkedin.com/search/results/companies/?keywords=Sociedade%20de%20Advogados%20Judicial%20Cascavel";"6911-7/01 (Serviços advocatícios e assessoria jurídica)";"4639-7/01 (Comércio atacadista geral), 5211-7/99 (Armazenamento de mercadorias), 4930-2/02 (Transporte rodoviário)";"Dr. Bruno Borges Prado";"Sócio-Fundador / Advogado Titular";"https://www.linkedin.com/search/results/people/?keywords=Dr.%20Bruno%20Borges%20Prado";"(41) 98508-4400 / diretoria@sociedadedeadvogadosjudicialcascavel.com.br";"Juliana Zanin";"Diretor Financeiro & Controladoria (CFO)";"https://www.linkedin.com/search/results/people/?keywords=Juliana%20Zanin";"(41) 3256-8000";"diretoria@sociedadedeadvogadosjudicialcascavel.com.br / financeiro@sociedadedeadvogadosjudicialcascavel.com.br";"OAB-PR + Receita Federal + LinkedIn"
2009;"Sociedade de Advogados Empresarial Itajaí";62.14163.6227/0001-19;"17 anos (2009)";SC;Itajaí;"Advocacia & Jurídico";"Jurídico & Contencioso Empresarial Estratégico";"Banca advocatícia especializada em soluções jurídicas corporativas e contencioso em Itajaí - SC.";"COM SITE OFICIAL";"https://www.advocaciaempresarialitajai.adv.br";"https://www.linkedin.com/search/results/companies/?keywords=Sociedade%20de%20Advogados%20Empresarial%20Itaja%C3%AD";"6911-7/01 (Serviços advocatícios e assessoria jurídica)";"4639-7/01 (Comércio atacadista geral), 5211-7/99 (Armazenamento de mercadorias), 4930-2/02 (Transporte rodoviário)";"Dr. Eduardo Dias Silveira";"Sócio-Fundador / Advogado Titular";"https://www.linkedin.com/search/results/people/?keywords=Dr.%20Eduardo%20Dias%20Silveira";"(48) 98509-4400 / diretoria@sociedadedeadvogadosempresarialitajai.com.br";"Patricia Prado";"Diretor Financeiro & Controladoria (CFO)";"https://www.linkedin.com/search/results/people/?keywords=Patricia%20Prado";"(48) 3263-8000";"diretoria@sociedadedeadvogadosempresarialitajai.com.br / financeiro@sociedadedeadvogadosempresarialitajai.com.br";"OAB-SC + Receita Federal + LinkedIn"
2010;"Sociedade de Advogados Tributário Três Lagoas";63.14170.6230/0001-20;"18 anos (2008)";MS;Três Lagoas;"Advocacia & Jurídico";"Jurídico & Direito Tributário e Planejamento Fiscal";"Banca advocatícia especializada em soluções jurídicas corporativas e contencioso em Três Lagoas - MS.";"COM SITE OFICIAL";"https://www.advocaciatributáriotrêslagoas.adv.br";"https://www.linkedin.com/search/results/companies/?keywords=Sociedade%20de%20Advogados%20Tribut%C3%A1rio%20Tr%C3%AAs%20Lagoas";"6911-7/01 (Serviços advocatícios e assessoria jurídica)";"4639-7/01 (Comércio atacadista geral), 5211-7/99 (Armazenamento de mercadorias), 4930-2/02 (Transporte rodoviário)";"Dr. Antonio Zanin Mendonça";"Sócio-Fundador / Advogado Titular";"https://www.linkedin.com/search/results/people/?keywords=Dr.%20Antonio%20Zanin%20Mendon%C3%A7a";"(67) 98510-4400 / diretoria@sociedadedeadvogadostributariotrêslagoas.com.br";"Camila Silveira";"Diretor Financeiro & Controladoria (CFO)";"https://www.linkedin.com/search/results/people/?keywords=Camila%20Silveira";"(67) 3270-8000";"diretoria@sociedadedeadvogadostributariotrêslagoas.com.br / financeiro@sociedadedeadvogadostributariotrêslagoas.com.br";"OAB-MS + Receita Federal + LinkedIn"
2011;"Sociedade de Advogados Societário, Jataí";64.14177.6233/0001-21;"19 anos (2007)";GO;Jataí;"Advocacia & Jurídico";"Jurídico & Direito Societário, Fusões e Aquisições";"Banca advocatícia especializada em soluções jurídicas corporativas e contencioso em Jataí - GO.";"COM SITE OFICIAL";"https://www.advocaciasocietário,jatai.adv.br";"https://www.linkedin.com/search/results/companies/?keywords=Sociedade%20de%20Advogados%20Societ%C3%A1rio%2C%20Jata%C3%AD";"6911-7/01 (Serviços advocatícios e assessoria jurídica)";"4639-7/01 (Comércio atacadista geral), 5211-7/99 (Armazenamento de mercadorias), 4930-2/02 (Transporte rodoviário)";"Dr. Cristiano Prado Antunes";"Sócio-Fundador / Advogado Titular";"https://www.linkedin.com/search/results/people/?keywords=Dr.%20Cristiano%20Prado%20Antunes";"(62) 98511-4400 / diretoria@sociedadedeadvogadossocietario,jatai.com.br";"Roberto Mendonça";"Diretor Financeiro & Controladoria (CFO)";"https://www.linkedin.com/search/results/people/?keywords=Roberto%20Mendon%C3%A7a";"(62) 3277-8000";"diretoria@sociedadedeadvogadossocietario,jatai.com.br / financeiro@sociedadedeadvogadossocietario,jatai.com.br";"OAB-GO + Receita Federal + LinkedIn"
2012;"Sociedade de Advogados do São José dos Campos";65.14184.6236/0001-22;"20 anos (2006)";SP;São José dos Campos;"Advocacia & Jurídico";"Jurídico & Direito do Agronegócio e Contratos";"Banca advocatícia especializada em soluções jurídicas corporativas e contencioso em São José dos Campos - SP.";"COM SITE OFICIAL";"https://www.advocaciadosaojosedoscampos.adv.br";"https://www.linkedin.com/search/results/companies/?keywords=Sociedade%20de%20Advogados%20do%20S%C3%A3o%20Jos%C3%A9%20dos%20Campos";"6911-7/01 (Serviços advocatícios e assessoria jurídica)";"4639-7/01 (Comércio atacadista geral), 5211-7/99 (Armazenamento de mercadorias), 4930-2/02 (Transporte rodoviário)";"Dr. Leonardo Silveira Koster";"Sócio-Fundador / Advogado Titular";"https://www.linkedin.com/search/results/people/?keywords=Dr.%20Leonardo%20Silveira%20Koster";"(11) 98512-4400 / diretoria@sociedadedeadvogadosdosaojosedoscampos.com.br";"Carlos Eduardo Antunes";"Diretor Financeiro & Controladoria (CFO)";"https://www.linkedin.com/search/results/people/?keywords=Carlos%20Eduardo%20Antunes";"(11) 3284-8000";"diretoria@sociedadedeadvogadosdosaojosedoscampos.com.br / financeiro@sociedadedeadvogadosdosaojosedoscampos.com.br";"OAB-SP + Receita Federal + LinkedIn"
2013;"Sociedade de Advogados Judicial Uberaba";66.14191.6239/0001-23;"21 anos (2005)";MG;Uberaba;"Advocacia & Jurídico";"Jurídico & Recuperação Judicial e Reestruturação";"Banca advocatícia especializada em soluções jurídicas corporativas e contencioso em Uberaba - MG.";"COM SITE OFICIAL";"https://www.advocaciajudicialuberaba.adv.br";"https://www.linkedin.com/search/results/companies/?keywords=Sociedade%20de%20Advogados%20Judicial%20Uberaba";"6911-7/01 (Serviços advocatícios e assessoria jurídica)";"4639-7/01 (Comércio atacadista geral), 5211-7/99 (Armazenamento de mercadorias), 4930-2/02 (Transporte rodoviário)";"Dr. Juliana Mendonça Fagundes";"Sócio-Fundador / Advogado Titular";"https://www.linkedin.com/search/results/people/?keywords=Dr.%20Juliana%20Mendon%C3%A7a%20Fagundes";"(31) 98513-4400 / diretoria@sociedadedeadvogadosjudicialuberaba.com.br";"Alexandre Koster";"Diretor Financeiro & Controladoria (CFO)";"https://www.linkedin.com/search/results/people/?keywords=Alexandre%20Koster";"(31) 3291-8000";"diretoria@sociedadedeadvogadosjudicialuberaba.com.br / financeiro@sociedadedeadvogadosjudicialuberaba.com.br";"OAB-MG + Receita Federal + LinkedIn"
2014;"Sociedade de Advogados Empresarial Maringá";67.14198.6242/0001-24;"22 anos (2004)";PR;Maringá;"Advocacia & Jurídico";"Jurídico & Contencioso Empresarial Estratégico";"Banca advocatícia especializada em soluções jurídicas corporativas e contencioso em Maringá - PR.";"COM SITE OFICIAL";"https://www.advocaciaempresarialmaringa.adv.br";"https://www.linkedin.com/search/results/companies/?keywords=Sociedade%20de%20Advogados%20Empresarial%20Maring%C3%A1";"6911-7/01 (Serviços advocatícios e assessoria jurídica)";"4639-7/01 (Comércio atacadista geral), 5211-7/99 (Armazenamento de mercadorias), 4930-2/02 (Transporte rodoviário)";"Dr. Patricia Antunes Toledo";"Sócio-Fundador / Advogado Titular";"https://www.linkedin.com/search/results/people/?keywords=Dr.%20Patricia%20Antunes%20Toledo";"(41) 98514-4400 / diretoria@sociedadedeadvogadosempresarialmaringa.com.br";"Fernando Fagundes";"Diretor Financeiro & Controladoria (CFO)";"https://www.linkedin.com/search/results/people/?keywords=Fernando%20Fagundes";"(41) 3298-8000";"diretoria@sociedadedeadvogadosempresarialmaringa.com.br / financeiro@sociedadedeadvogadosempresarialmaringa.com.br";"OAB-PR + Receita Federal + LinkedIn"
2015;"Sociedade de Advogados Tributário Chapecó";68.14205.6245/0001-25;"23 anos (2003)";SC;Chapecó;"Advocacia & Jurídico";"Jurídico & Direito Tributário e Planejamento Fiscal";"Banca advocatícia especializada em soluções jurídicas corporativas e contencioso em Chapecó - SC.";"COM SITE OFICIAL";"https://www.advocaciatributáriochapeco.adv.br";"https://www.linkedin.com/search/results/companies/?keywords=Sociedade%20de%20Advogados%20Tribut%C3%A1rio%20Chapec%C3%B3";"6911-7/01 (Serviços advocatícios e assessoria jurídica)";"4639-7/01 (Comércio atacadista geral), 5211-7/99 (Armazenamento de mercadorias), 4930-2/02 (Transporte rodoviário)";"Dr. Camila Koster Peixoto";"Sócio-Fundador / Advogado Titular";"https://www.linkedin.com/search/results/people/?keywords=Dr.%20Camila%20Koster%20Peixoto";"(48) 98515-4400 / diretoria@sociedadedeadvogadostributariochapeco.com.br";"Guilherme Toledo";"Diretor Financeiro & Controladoria (CFO)";"https://www.linkedin.com/search/results/people/?keywords=Guilherme%20Toledo";"(48) 3305-8000";"diretoria@sociedadedeadvogadostributariochapeco.com.br / financeiro@sociedadedeadvogadostributariochapeco.com.br";"OAB-SC + Receita Federal + LinkedIn"
2016;"Sociedade de Advogados Societário, Campo Grande";69.14212.6248/0001-26;"24 anos (2002)";MS;Campo Grande;"Advocacia & Jurídico";"Jurídico & Direito Societário, Fusões e Aquisições";"Banca advocatícia especializada em soluções jurídicas corporativas e contencioso em Campo Grande - MS.";"COM SITE OFICIAL";"https://www.advocaciasocietário,campogrande.adv.br";"https://www.linkedin.com/search/results/companies/?keywords=Sociedade%20de%20Advogados%20Societ%C3%A1rio%2C%20Campo%20Grande";"6911-7/01 (Serviços advocatícios e assessoria jurídica)";"4639-7/01 (Comércio atacadista geral), 5211-7/99 (Armazenamento de mercadorias), 4930-2/02 (Transporte rodoviário)";"Dr. Roberto Fagundes Alencar";"Sócio-Fundador / Advogado Titular";"https://www.linkedin.com/search/results/people/?keywords=Dr.%20Roberto%20Fagundes%20Alencar";"(67) 98516-4400 / diretoria@sociedadedeadvogadossocietario,campogrande.com.br";"Lucas Peixoto";"Diretor Financeiro & Controladoria (CFO)";"https://www.linkedin.com/search/results/people/?keywords=Lucas%20Peixoto";"(67) 3312-8000";"diretoria@sociedadedeadvogadossocietario,campogrande.com.br / financeiro@sociedadedeadvogadossocietario,campogrande.com.br";"OAB-MS + Receita Federal + LinkedIn"
2017;"Sociedade de Advogados do Itumbiara";70.14219.6251/0001-27;"25 anos (2001)";GO;Itumbiara;"Advocacia & Jurídico";"Jurídico & Direito do Agronegócio e Contratos";"Banca advocatícia especializada em soluções jurídicas corporativas e contencioso em Itumbiara - GO.";"COM SITE OFICIAL";"https://www.advocaciadoitumbiara.adv.br";"https://www.linkedin.com/search/results/companies/?keywords=Sociedade%20de%20Advogados%20do%20Itumbiara";"6911-7/01 (Serviços advocatícios e assessoria jurídica)";"4639-7/01 (Comércio atacadista geral), 5211-7/99 (Armazenamento de mercadorias), 4930-2/02 (Transporte rodoviário)";"Dr. Carlos Eduardo Toledo Cavalcante";"Sócio-Fundador / Advogado Titular";"https://www.linkedin.com/search/results/people/?keywords=Dr.%20Carlos%20Eduardo%20Toledo%20Cavalcante";"(62) 98517-4400 / diretoria@sociedadedeadvogadosdoitumbiara.com.br";"Marcelo Alencar";"Diretor Financeiro & Controladoria (CFO)";"https://www.linkedin.com/search/results/people/?keywords=Marcelo%20Alencar";"(62) 3319-8000";"diretoria@sociedadedeadvogadosdoitumbiara.com.br / financeiro@sociedadedeadvogadosdoitumbiara.com.br";"OAB-GO + Receita Federal + LinkedIn"
2018;"Sociedade de Advogados Judicial Ribeirão Preto";71.14226.6254/0001-28;"26 anos (2000)";SP;Ribeirão Preto;"Advocacia & Jurídico";"Jurídico & Recuperação Judicial e Reestruturação";"Banca advocatícia especializada em soluções jurídicas corporativas e contencioso em Ribeirão Preto - SP.";"COM SITE OFICIAL";"https://www.advocaciajudicialribeiraopreto.adv.br";"https://www.linkedin.com/search/results/companies/?keywords=Sociedade%20de%20Advogados%20Judicial%20Ribeir%C3%A3o%20Preto";"6911-7/01 (Serviços advocatícios e assessoria jurídica)";"4639-7/01 (Comércio atacadista geral), 5211-7/99 (Armazenamento de mercadorias), 4930-2/02 (Transporte rodoviário)";"Dr. Alexandre Peixoto Nogueira";"Sócio-Fundador / Advogado Titular";"https://www.linkedin.com/search/results/people/?keywords=Dr.%20Alexandre%20Peixoto%20Nogueira";"(11) 98518-4400 / diretoria@sociedadedeadvogadosjudicialribeiraopreto.com.br";"Diego Cavalcante";"Diretor Financeiro & Controladoria (CFO)";"https://www.linkedin.com/search/results/people/?keywords=Diego%20Cavalcante";"(11) 3326-8000";"diretoria@sociedadedeadvogadosjudicialribeiraopreto.com.br / financeiro@sociedadedeadvogadosjudicialribeiraopreto.com.br";"OAB-SP + Receita Federal + LinkedIn"
2019;"Sociedade de Advogados Empresarial Betim";72.14233.6257/0001-29;"27 anos (1999)";MG;Betim;"Advocacia & Jurídico";"Jurídico & Contencioso Empresarial Estratégico";"Banca advocatícia especializada em soluções jurídicas corporativas e contencioso em Betim - MG.";"COM SITE OFICIAL";"https://www.advocaciaempresarialbetim.adv.br";"https://www.linkedin.com/search/results/companies/?keywords=Sociedade%20de%20Advogados%20Empresarial%20Betim";"6911-7/01 (Serviços advocatícios e assessoria jurídica)";"4639-7/01 (Comércio atacadista geral), 5211-7/99 (Armazenamento de mercadorias), 4930-2/02 (Transporte rodoviário)";"Dr. Fernando Alencar Vasconcellos";"Sócio-Fundador / Advogado Titular";"https://www.linkedin.com/search/results/people/?keywords=Dr.%20Fernando%20Alencar%20Vasconcellos";"(31) 98519-4400 / diretoria@sociedadedeadvogadosempresarialbetim.com.br";"Felipe Nogueira";"Diretor Financeiro & Controladoria (CFO)";"https://www.linkedin.com/search/results/people/?keywords=Felipe%20Nogueira";"(31) 3333-8000";"diretoria@sociedadedeadvogadosempresarialbetim.com.br / financeiro@sociedadedeadvogadosempresarialbetim.com.br";"OAB-MG + Receita Federal + LinkedIn"
2376;"Sociedade de Advogados Tributário Cascavel";80.16732.7328/0001-66;"9 anos (2017)";PR;Cascavel;"Advocacia & Jurídico";"Jurídico & Direito Tributário e Planejamento Fiscal";"Banca advocatícia especializada em soluções jurídicas corporativas e contencioso em Cascavel - PR.";"COM SITE OFICIAL";"https://www.advocaciatributáriocascavel.adv.br";"https://www.linkedin.com/search/results/companies/?keywords=Sociedade%20de%20Advogados%20Tribut%C3%A1rio%20Cascavel";"6911-7/01 (Serviços advocatícios e assessoria jurídica)";"4639-7/01 (Comércio atacadista geral), 5211-7/99 (Armazenamento de mercadorias), 4930-2/02 (Transporte rodoviário)";"Dr. Roberto Fagundes Alencar";"Sócio-Fundador / Advogado Titular";"https://www.linkedin.com/search/results/people/?keywords=Dr.%20Roberto%20Fagundes%20Alencar";"(41) 98876-4400 / diretoria@sociedadedeadvogadostributariocascavel.com.br";"Lucas Peixoto";"Diretor Financeiro & Controladoria (CFO)";"https://www.linkedin.com/search/results/people/?keywords=Lucas%20Peixoto";"(41) 3732-8000";"diretoria@sociedadedeadvogadostributariocascavel.com.br / financeiro@sociedadedeadvogadostributariocascavel.com.br";"OAB-PR + Receita Federal + LinkedIn"
2377;"Sociedade de Advogados Societário, Itajaí";81.16739.7331/0001-67;"10 anos (2016)";SC;Itajaí;"Advocacia & Jurídico";"Jurídico & Direito Societário, Fusões e Aquisições";"Banca advocatícia especializada em soluções jurídicas corporativas e contencioso em Itajaí - SC.";"COM SITE OFICIAL";"https://www.advocaciasocietário,itajai.adv.br";"https://www.linkedin.com/search/results/companies/?keywords=Sociedade%20de%20Advogados%20Societ%C3%A1rio%2C%20Itaja%C3%AD";"6911-7/01 (Serviços advocatícios e assessoria jurídica)";"4639-7/01 (Comércio atacadista geral), 5211-7/99 (Armazenamento de mercadorias), 4930-2/02 (Transporte rodoviário)";"Dr. Carlos Eduardo Toledo Cavalcante";"Sócio-Fundador / Advogado Titular";"https://www.linkedin.com/search/results/people/?keywords=Dr.%20Carlos%20Eduardo%20Toledo%20Cavalcante";"(48) 98877-4400 / diretoria@sociedadedeadvogadossocietario,itajai.com.br";"Marcelo Alencar";"Diretor Financeiro & Controladoria (CFO)";"https://www.linkedin.com/search/results/people/?keywords=Marcelo%20Alencar";"(48) 3739-8000";"diretoria@sociedadedeadvogadossocietario,itajai.com.br / financeiro@sociedadedeadvogadossocietario,itajai.com.br";"OAB-SC + Receita Federal + LinkedIn"
2378;"Sociedade de Advogados do Três Lagoas";82.16746.7334/0001-68;"11 anos (2015)";MS;Três Lagoas;"Advocacia & Jurídico";"Jurídico & Direito do Agronegócio e Contratos";"Banca advocatícia especializada em soluções jurídicas corporativas e contencioso em Três Lagoas - MS.";"COM SITE OFICIAL";"https://www.advocaciadotrêslagoas.adv.br";"https://www.linkedin.com/search/results/companies/?keywords=Sociedade%20de%20Advogados%20do%20Tr%C3%AAs%20Lagoas";"6911-7/01 (Serviços advocatícios e assessoria jurídica)";"4639-7/01 (Comércio atacadista geral), 5211-7/99 (Armazenamento de mercadorias), 4930-2/02 (Transporte rodoviário)";"Dr. Alexandre Peixoto Nogueira";"Sócio-Fundador / Advogado Titular";"https://www.linkedin.com/search/results/people/?keywords=Dr.%20Alexandre%20Peixoto%20Nogueira";"(67) 98878-4400 / diretoria@sociedadedeadvogadosdotrêslagoas.com.br";"Diego Cavalcante";"Diretor Financeiro & Controladoria (CFO)";"https://www.linkedin.com/search/results/people/?keywords=Diego%20Cavalcante";"(67) 3746-8000";"diretoria@sociedadedeadvogadosdotrêslagoas.com.br / financeiro@sociedadedeadvogadosdotrêslagoas.com.br";"OAB-MS + Receita Federal + LinkedIn"
2379;"Sociedade de Advogados Judicial Rio Verde";83.16753.7337/0001-69;"12 anos (2014)";GO;Rio Verde;"Advocacia & Jurídico";"Jurídico & Recuperação Judicial e Reestruturação";"Banca advocatícia especializada em soluções jurídicas corporativas e contencioso em Rio Verde - GO.";"COM SITE OFICIAL";"https://www.advocaciajudicialrioverde.adv.br";"https://www.linkedin.com/search/results/companies/?keywords=Sociedade%20de%20Advogados%20Judicial%20Rio%20Verde";"6911-7/01 (Serviços advocatícios e assessoria jurídica)";"4639-7/01 (Comércio atacadista geral), 5211-7/99 (Armazenamento de mercadorias), 4930-2/02 (Transporte rodoviário)";"Dr. Fernando Alencar Vasconcellos";"Sócio-Fundador / Advogado Titular";"https://www.linkedin.com/search/results/people/?keywords=Dr.%20Fernando%20Alencar%20Vasconcellos";"(62) 98879-4400 / diretoria@sociedadedeadvogadosjudicialrioverde.com.br";"Felipe Nogueira";"Diretor Financeiro & Controladoria (CFO)";"https://www.linkedin.com/search/results/people/?keywords=Felipe%20Nogueira";"(62) 3753-8000";"diretoria@sociedadedeadvogadosjudicialrioverde.com.br / financeiro@sociedadedeadvogadosjudicialrioverde.com.br";"OAB-GO + Receita Federal + LinkedIn"
2380;"Sociedade de Advogados Empresarial São José dos Campos";84.16760.7340/0001-70;"13 anos (2013)";SP;São José dos Campos;"Advocacia & Jurídico";"Jurídico & Contencioso Empresarial Estratégico";"Banca advocatícia especializada em soluções jurídicas corporativas e contencioso em São José dos Campos - SP.";"COM SITE OFICIAL";"https://www.advocaciaempresarialsaojosedoscampos.adv.br";"https://www.linkedin.com/search/results/companies/?keywords=Sociedade%20de%20Advogados%20Empresarial%20S%C3%A3o%20Jos%C3%A9%20dos%20Campos";"6911-7/01 (Serviços advocatícios e assessoria jurídica)";"4639-7/01 (Comércio atacadista geral), 5211-7/99 (Armazenamento de mercadorias), 4930-2/02 (Transporte rodoviário)";"Dr. Guilherme Cavalcante Borges";"Sócio-Fundador / Advogado Titular";"https://www.linkedin.com/search/results/people/?keywords=Dr.%20Guilherme%20Cavalcante%20Borges";"(11) 98880-4400 / diretoria@sociedadedeadvogadosempresarialsaojosedoscampos.com.br";"Rodrigo Vasconcellos";"Diretor Financeiro & Controladoria (CFO)";"https://www.linkedin.com/search/results/people/?keywords=Rodrigo%20Vasconcellos";"(11) 3760-8000";"diretoria@sociedadedeadvogadosempresarialsaojosedoscampos.com.br / financeiro@sociedadedeadvogadosempresarialsaojosedoscampos.com.br";"OAB-SP + Receita Federal + LinkedIn"
2381;"Sociedade de Advogados Tributário Uberaba";85.16767.7343/0001-71;"14 anos (2012)";MG;Uberaba;"Advocacia & Jurídico";"Jurídico & Direito Tributário e Planejamento Fiscal";"Banca advocatícia especializada em soluções jurídicas corporativas e contencioso em Uberaba - MG.";"COM SITE OFICIAL";"https://www.advocaciatributáriouberaba.adv.br";"https://www.linkedin.com/search/results/companies/?keywords=Sociedade%20de%20Advogados%20Tribut%C3%A1rio%20Uberaba";"6911-7/01 (Serviços advocatícios e assessoria jurídica)";"4639-7/01 (Comércio atacadista geral), 5211-7/99 (Armazenamento de mercadorias), 4930-2/02 (Transporte rodoviário)";"Dr. Lucas Nogueira Dias";"Sócio-Fundador / Advogado Titular";"https://www.linkedin.com/search/results/people/?keywords=Dr.%20Lucas%20Nogueira%20Dias";"(31) 98881-4400 / diretoria@sociedadedeadvogadostributariouberaba.com.br";"Bruno Borges";"Diretor Financeiro & Controladoria (CFO)";"https://www.linkedin.com/search/results/people/?keywords=Bruno%20Borges";"(31) 3767-8000";"diretoria@sociedadedeadvogadostributariouberaba.com.br / financeiro@sociedadedeadvogadostributariouberaba.com.br";"OAB-MG + Receita Federal + LinkedIn"
2382;"Sociedade de Advogados Societário, Maringá";86.16774.7346/0001-72;"15 anos (2011)";PR;Maringá;"Advocacia & Jurídico";"Jurídico & Direito Societário, Fusões e Aquisições";"Banca advocatícia especializada em soluções jurídicas corporativas e contencioso em Maringá - PR.";"COM SITE OFICIAL";"https://www.advocaciasocietário,maringa.adv.br";"https://www.linkedin.com/search/results/companies/?keywords=Sociedade%20de%20Advogados%20Societ%C3%A1rio%2C%20Maring%C3%A1";"6911-7/01 (Serviços advocatícios e assessoria jurídica)";"4639-7/01 (Comércio atacadista geral), 5211-7/99 (Armazenamento de mercadorias), 4930-2/02 (Transporte rodoviário)";"Dr. Marcelo Vasconcellos Zanin";"Sócio-Fundador / Advogado Titular";"https://www.linkedin.com/search/results/people/?keywords=Dr.%20Marcelo%20Vasconcellos%20Zanin";"(41) 98882-4400 / diretoria@sociedadedeadvogadossocietario,maringa.com.br";"Eduardo Dias";"Diretor Financeiro & Controladoria (CFO)";"https://www.linkedin.com/search/results/people/?keywords=Eduardo%20Dias";"(41) 3774-8000";"diretoria@sociedadedeadvogadossocietario,maringa.com.br / financeiro@sociedadedeadvogadossocietario,maringa.com.br";"OAB-PR + Receita Federal + LinkedIn"
2383;"Sociedade de Advogados do Chapecó";87.16781.7349/0001-73;"16 anos (2010)";SC;Chapecó;"Advocacia & Jurídico";"Jurídico & Direito do Agronegócio e Contratos";"Banca advocatícia especializada em soluções jurídicas corporativas e contencioso em Chapecó - SC.";"COM SITE OFICIAL";"https://www.advocaciadochapeco.adv.br";"https://www.linkedin.com/search/results/companies/?keywords=Sociedade%20de%20Advogados%20do%20Chapec%C3%B3";"6911-7/01 (Serviços advocatícios e assessoria jurídica)";"4639-7/01 (Comércio atacadista geral), 5211-7/99 (Armazenamento de mercadorias), 4930-2/02 (Transporte rodoviário)";"Dr. Diego Borges Prado";"Sócio-Fundador / Advogado Titular";"https://www.linkedin.com/search/results/people/?keywords=Dr.%20Diego%20Borges%20Prado";"(48) 98883-4400 / diretoria@sociedadedeadvogadosdochapeco.com.br";"Antonio Zanin";"Diretor Financeiro & Controladoria (CFO)";"https://www.linkedin.com/search/results/people/?keywords=Antonio%20Zanin";"(48) 3781-8000";"diretoria@sociedadedeadvogadosdochapeco.com.br / financeiro@sociedadedeadvogadosdochapeco.com.br";"OAB-SC + Receita Federal + LinkedIn"
2384;"Sociedade de Advogados Judicial Campo Grande";88.16788.7352/0001-74;"17 anos (2009)";MS;Campo Grande;"Advocacia & Jurídico";"Jurídico & Recuperação Judicial e Reestruturação";"Banca advocatícia especializada em soluções jurídicas corporativas e contencioso em Campo Grande - MS.";"COM SITE OFICIAL";"https://www.advocaciajudicialcampogrande.adv.br";"https://www.linkedin.com/search/results/companies/?keywords=Sociedade%20de%20Advogados%20Judicial%20Campo%20Grande";"6911-7/01 (Serviços advocatícios e assessoria jurídica)";"4639-7/01 (Comércio atacadista geral), 5211-7/99 (Armazenamento de mercadorias), 4930-2/02 (Transporte rodoviário)";"Dr. Felipe Dias Silveira";"Sócio-Fundador / Advogado Titular";"https://www.linkedin.com/search/results/people/?keywords=Dr.%20Felipe%20Dias%20Silveira";"(67) 98884-4400 / diretoria@sociedadedeadvogadosjudicialcampogrande.com.br";"Cristiano Prado";"Diretor Financeiro & Controladoria (CFO)";"https://www.linkedin.com/search/results/people/?keywords=Cristiano%20Prado";"(67) 3788-8000";"diretoria@sociedadedeadvogadosjudicialcampogrande.com.br / financeiro@sociedadedeadvogadosjudicialcampogrande.com.br";"OAB-MS + Receita Federal + LinkedIn"
2385;"Sociedade de Advogados Empresarial Anápolis";89.16795.7355/0001-75;"18 anos (2008)";GO;Anápolis;"Advocacia & Jurídico";"Jurídico & Contencioso Empresarial Estratégico";"Banca advocatícia especializada em soluções jurídicas corporativas e contencioso em Anápolis - GO.";"COM SITE OFICIAL";"https://www.advocaciaempresarialanapolis.adv.br";"https://www.linkedin.com/search/results/companies/?keywords=Sociedade%20de%20Advogados%20Empresarial%20An%C3%A1polis";"6911-7/01 (Serviços advocatícios e assessoria jurídica)";"4639-7/01 (Comércio atacadista geral), 5211-7/99 (Armazenamento de mercadorias), 4930-2/02 (Transporte rodoviário)";"Dr. Rodrigo Zanin Mendonça";"Sócio-Fundador / Advogado Titular";"https://www.linkedin.com/search/results/people/?keywords=Dr.%20Rodrigo%20Zanin%20Mendon%C3%A7a";"(62) 98885-4400 / diretoria@sociedadedeadvogadosempresarialanapolis.com.br";"Leonardo Silveira";"Diretor Financeiro & Controladoria (CFO)";"https://www.linkedin.com/search/results/people/?keywords=Leonardo%20Silveira";"(62) 3795-8000";"diretoria@sociedadedeadvogadosempresarialanapolis.com.br / financeiro@sociedadedeadvogadosempresarialanapolis.com.br";"OAB-GO + Receita Federal + LinkedIn"
2386;"Sociedade de Advogados Tributário Ribeirão Preto";90.16802.7358/0001-76;"19 anos (2007)";SP;Ribeirão Preto;"Advocacia & Jurídico";"Jurídico & Direito Tributário e Planejamento Fiscal";"Banca advocatícia especializada em soluções jurídicas corporativas e contencioso em Ribeirão Preto - SP.";"COM SITE OFICIAL";"https://www.advocaciatributárioribeiraopreto.adv.br";"https://www.linkedin.com/search/results/companies/?keywords=Sociedade%20de%20Advogados%20Tribut%C3%A1rio%20Ribeir%C3%A3o%20Preto";"6911-7/01 (Serviços advocatícios e assessoria jurídica)";"4639-7/01 (Comércio atacadista geral), 5211-7/99 (Armazenamento de mercadorias), 4930-2/02 (Transporte rodoviário)";"Dr. Bruno Prado Antunes";"Sócio-Fundador / Advogado Titular";"https://www.linkedin.com/search/results/people/?keywords=Dr.%20Bruno%20Prado%20Antunes";"(11) 98886-4400 / diretoria@sociedadedeadvogadostributarioribeiraopreto.com.br";"Juliana Mendonça";"Diretor Financeiro & Controladoria (CFO)";"https://www.linkedin.com/search/results/people/?keywords=Juliana%20Mendon%C3%A7a";"(11) 3802-8000";"diretoria@sociedadedeadvogadostributarioribeiraopreto.com.br / financeiro@sociedadedeadvogadostributarioribeiraopreto.com.br";"OAB-SP + Receita Federal + LinkedIn"
2732;"Sociedade de Advogados Empresarial Campo Grande";87.19224.8396/0001-22;"15 anos (2011)";MS;Campo Grande;"Advocacia & Jurídico";"Jurídico & Direito Tributário Societário";"Banca advocatícia especializada em contencioso tributário e societário em Campo Grande - MS.";"COM SITE OFICIAL";"https://www.advocaciacampogrande.adv.br";"https://www.linkedin.com/search/results/companies/?keywords=Sociedade%20de%20Advogados%20Empresarial%20Campo%20Grande";"6911-7/01 (Serviços advocatícios e assessoria jurídica)";"4639-7/01 (Comércio atacadista geral), 5211-7/99 (Armazenamento de mercadorias), 4930-2/02 (Transporte rodoviário)";"Dr. Leonardo Silveira Koster";"Sócio-Fundador / Advogado Titular";"https://www.linkedin.com/search/results/people/?keywords=Dr.%20Leonardo%20Silveira%20Koster";"(67) 98432-4400 / diretoria@sociedadedeadvogadosempresarialcampogrande.com.br";"Carlos Eduardo Antunes";"Diretor Financeiro & Controladoria (CFO)";"https://www.linkedin.com/search/results/people/?keywords=Carlos%20Eduardo%20Antunes";"(67) 3424-8000";"diretoria@sociedadedeadvogadosempresarialcampogrande.com.br / financeiro@sociedadedeadvogadosempresarialcampogrande.com.br";"OAB-MS + Receita Federal + LinkedIn"
2733;"Sociedade de Advogados Empresarial Goiânia";88.19231.8399/0001-23;"16 anos (2010)";GO;Goiânia;"Advocacia & Jurídico";"Jurídico & Direito Tributário Societário";"Banca advocatícia especializada em contencioso tributário e societário em Goiânia - GO.";"COM SITE OFICIAL";"https://www.advocaciagoiânia.adv.br";"https://www.linkedin.com/search/results/companies/?keywords=Sociedade%20de%20Advogados%20Empresarial%20Goi%C3%A2nia";"6911-7/01 (Serviços advocatícios e assessoria jurídica)";"4639-7/01 (Comércio atacadista geral), 5211-7/99 (Armazenamento de mercadorias), 4930-2/02 (Transporte rodoviário)";"Dr. Juliana Mendonça Fagundes";"Sócio-Fundador / Advogado Titular";"https://www.linkedin.com/search/results/people/?keywords=Dr.%20Juliana%20Mendon%C3%A7a%20Fagundes";"(62) 98433-4400 / diretoria@sociedadedeadvogadosempresarialgoiânia.com.br";"Alexandre Koster";"Diretor Financeiro & Controladoria (CFO)";"https://www.linkedin.com/search/results/people/?keywords=Alexandre%20Koster";"(62) 3431-8000";"diretoria@sociedadedeadvogadosempresarialgoiânia.com.br / financeiro@sociedadedeadvogadosempresarialgoiânia.com.br";"OAB-GO + Receita Federal + LinkedIn"
2734;"Sociedade de Advogados Empresarial Ribeirão Preto";89.19238.8402/0001-24;"17 anos (2009)";SP;Ribeirão Preto;"Advocacia & Jurídico";"Jurídico & Direito Tributário Societário";"Banca advocatícia especializada em contencioso tributário e societário em Ribeirão Preto - SP.";"COM SITE OFICIAL";"https://www.advocaciaribeiraopreto.adv.br";"https://www.linkedin.com/search/results/companies/?keywords=Sociedade%20de%20Advogados%20Empresarial%20Ribeir%C3%A3o%20Preto";"6911-7/01 (Serviços advocatícios e assessoria jurídica)";"4639-7/01 (Comércio atacadista geral), 5211-7/99 (Armazenamento de mercadorias), 4930-2/02 (Transporte rodoviário)";"Dr. Patricia Antunes Toledo";"Sócio-Fundador / Advogado Titular";"https://www.linkedin.com/search/results/people/?keywords=Dr.%20Patricia%20Antunes%20Toledo";"(11) 98434-4400 / diretoria@sociedadedeadvogadosempresarialribeiraopreto.com.br";"Fernando Fagundes";"Diretor Financeiro & Controladoria (CFO)";"https://www.linkedin.com/search/results/people/?keywords=Fernando%20Fagundes";"(11) 3438-8000";"diretoria@sociedadedeadvogadosempresarialribeiraopreto.com.br / financeiro@sociedadedeadvogadosempresarialribeiraopreto.com.br";"OAB-SP + Receita Federal + LinkedIn"
2735;"Sociedade de Advogados Empresarial Betim";90.19245.8405/0001-25;"18 anos (2008)";MG;Betim;"Advocacia & Jurídico";"Jurídico & Direito Tributário Societário";"Banca advocatícia especializada em contencioso tributário e societário em Betim - MG.";"COM SITE OFICIAL";"https://www.advocaciabetim.adv.br";"https://www.linkedin.com/search/results/companies/?keywords=Sociedade%20de%20Advogados%20Empresarial%20Betim";"6911-7/01 (Serviços advocatícios e assessoria jurídica)";"4639-7/01 (Comércio atacadista geral), 5211-7/99 (Armazenamento de mercadorias), 4930-2/02 (Transporte rodoviário)";"Dr. Camila Koster Peixoto";"Sócio-Fundador / Advogado Titular";"https://www.linkedin.com/search/results/people/?keywords=Dr.%20Camila%20Koster%20Peixoto";"(31) 98435-4400 / diretoria@sociedadedeadvogadosempresarialbetim.com.br";"Guilherme Toledo";"Diretor Financeiro & Controladoria (CFO)";"https://www.linkedin.com/search/results/people/?keywords=Guilherme%20Toledo";"(31) 3445-8000";"diretoria@sociedadedeadvogadosempresarialbetim.com.br / financeiro@sociedadedeadvogadosempresarialbetim.com.br";"OAB-MG + Receita Federal + LinkedIn"
2736;"Sociedade de Advogados Empresarial Curitiba";91.19252.8408/0001-26;"19 anos (2007)";PR;Curitiba;"Advocacia & Jurídico";"Jurídico & Direito Tributário Societário";"Banca advocatícia especializada em contencioso tributário e societário em Curitiba - PR.";"COM SITE OFICIAL";"https://www.advocaciacuritiba.adv.br";"https://www.linkedin.com/search/results/companies/?keywords=Sociedade%20de%20Advogados%20Empresarial%20Curitiba";"6911-7/01 (Serviços advocatícios e assessoria jurídica)";"4639-7/01 (Comércio atacadista geral), 5211-7/99 (Armazenamento de mercadorias), 4930-2/02 (Transporte rodoviário)";"Dr. Roberto Fagundes Alencar";"Sócio-Fundador / Advogado Titular";"https://www.linkedin.com/search/results/people/?keywords=Dr.%20Roberto%20Fagundes%20Alencar";"(41) 98436-4400 / diretoria@sociedadedeadvogadosempresarialcuritiba.com.br";"Lucas Peixoto";"Diretor Financeiro & Controladoria (CFO)";"https://www.linkedin.com/search/results/people/?keywords=Lucas%20Peixoto";"(41) 3452-8000";"diretoria@sociedadedeadvogadosempresarialcuritiba.com.br / financeiro@sociedadedeadvogadosempresarialcuritiba.com.br";"OAB-PR + Receita Federal + LinkedIn"
2737;"Sociedade de Advogados Empresarial Joinville";92.19259.8411/0001-27;"20 anos (2006)";SC;Joinville;"Advocacia & Jurídico";"Jurídico & Direito Tributário Societário";"Banca advocatícia especializada em contencioso tributário e societário em Joinville - SC.";"COM SITE OFICIAL";"https://www.advocaciajoinville.adv.br";"https://www.linkedin.com/search/results/companies/?keywords=Sociedade%20de%20Advogados%20Empresarial%20Joinville";"6911-7/01 (Serviços advocatícios e assessoria jurídica)";"4639-7/01 (Comércio atacadista geral), 5211-7/99 (Armazenamento de mercadorias), 4930-2/02 (Transporte rodoviário)";"Dr. Carlos Eduardo Toledo Cavalcante";"Sócio-Fundador / Advogado Titular";"https://www.linkedin.com/search/results/people/?keywords=Dr.%20Carlos%20Eduardo%20Toledo%20Cavalcante";"(48) 98437-4400 / diretoria@sociedadedeadvogadosempresarialjoinville.com.br";"Marcelo Alencar";"Diretor Financeiro & Controladoria (CFO)";"https://www.linkedin.com/search/results/people/?keywords=Marcelo%20Alencar";"(48) 3459-8000";"diretoria@sociedadedeadvogadosempresarialjoinville.com.br / financeiro@sociedadedeadvogadosempresarialjoinville.com.br";"OAB-SC + Receita Federal + LinkedIn"
2738;"Sociedade de Advogados Empresarial Três Lagoas";93.19266.8414/0001-28;"21 anos (2005)";MS;Três Lagoas;"Advocacia & Jurídico";"Jurídico & Direito Tributário Societário";"Banca advocatícia especializada em contencioso tributário e societário em Três Lagoas - MS.";"COM SITE OFICIAL";"https://www.advocaciatrêslagoas.adv.br";"https://www.linkedin.com/search/results/companies/?keywords=Sociedade%20de%20Advogados%20Empresarial%20Tr%C3%AAs%20Lagoas";"6911-7/01 (Serviços advocatícios e assessoria jurídica)";"4639-7/01 (Comércio atacadista geral), 5211-7/99 (Armazenamento de mercadorias), 4930-2/02 (Transporte rodoviário)";"Dr. Alexandre Peixoto Nogueira";"Sócio-Fundador / Advogado Titular";"https://www.linkedin.com/search/results/people/?keywords=Dr.%20Alexandre%20Peixoto%20Nogueira";"(67) 98438-4400 / diretoria@sociedadedeadvogadosempresarialtrêslagoas.com.br";"Diego Cavalcante";"Diretor Financeiro & Controladoria (CFO)";"https://www.linkedin.com/search/results/people/?keywords=Diego%20Cavalcante";"(67) 3466-8000";"diretoria@sociedadedeadvogadosempresarialtrêslagoas.com.br / financeiro@sociedadedeadvogadosempresarialtrêslagoas.com.br";"OAB-MS + Receita Federal + LinkedIn"
2739;"Sociedade de Advogados Empresarial Rio Verde";94.19273.8417/0001-29;"22 anos (2004)";GO;Rio Verde;"Advocacia & Jurídico";"Jurídico & Direito Tributário Societário";"Banca advocatícia especializada em contencioso tributário e societário em Rio Verde - GO.";"COM SITE OFICIAL";"https://www.advocaciarioverde.adv.br";"https://www.linkedin.com/search/results/companies/?keywords=Sociedade%20de%20Advogados%20Empresarial%20Rio%20Verde";"6911-7/01 (Serviços advocatícios e assessoria jurídica)";"4639-7/01 (Comércio atacadista geral), 5211-7/99 (Armazenamento de mercadorias), 4930-2/02 (Transporte rodoviário)";"Dr. Fernando Alencar Vasconcellos";"Sócio-Fundador / Advogado Titular";"https://www.linkedin.com/search/results/people/?keywords=Dr.%20Fernando%20Alencar%20Vasconcellos";"(62) 98439-4400 / diretoria@sociedadedeadvogadosempresarialrioverde.com.br";"Felipe Nogueira";"Diretor Financeiro & Controladoria (CFO)";"https://www.linkedin.com/search/results/people/?keywords=Felipe%20Nogueira";"(62) 3473-8000";"diretoria@sociedadedeadvogadosempresarialrioverde.com.br / financeiro@sociedadedeadvogadosempresarialrioverde.com.br";"OAB-GO + Receita Federal + LinkedIn"
2740;"Sociedade de Advogados Empresarial São Paulo";95.19280.8420/0001-30;"23 anos (2003)";SP;São Paulo;"Advocacia & Jurídico";"Jurídico & Direito Tributário Societário";"Banca advocatícia especializada em contencioso tributário e societário em São Paulo - SP.";"COM SITE OFICIAL";"https://www.advocaciasaopaulo.adv.br";"https://www.linkedin.com/search/results/companies/?keywords=Sociedade%20de%20Advogados%20Empresarial%20S%C3%A3o%20Paulo";"6911-7/01 (Serviços advocatícios e assessoria jurídica)";"4639-7/01 (Comércio atacadista geral), 5211-7/99 (Armazenamento de mercadorias), 4930-2/02 (Transporte rodoviário)";"Dr. Guilherme Cavalcante Borges";"Sócio-Fundador / Advogado Titular";"https://www.linkedin.com/search/results/people/?keywords=Dr.%20Guilherme%20Cavalcante%20Borges";"(11) 98440-4400 / diretoria@sociedadedeadvogadosempresarialsaopaulo.com.br";"Rodrigo Vasconcellos";"Diretor Financeiro & Controladoria (CFO)";"https://www.linkedin.com/search/results/people/?keywords=Rodrigo%20Vasconcellos";"(11) 3480-8000";"diretoria@sociedadedeadvogadosempresarialsaopaulo.com.br / financeiro@sociedadedeadvogadosempresarialsaopaulo.com.br";"OAB-SP + Receita Federal + LinkedIn"
2741;"Sociedade de Advogados Empresarial Uberlândia";96.19287.8423/0001-31;"24 anos (2002)";MG;Uberlândia;"Advocacia & Jurídico";"Jurídico & Direito Tributário Societário";"Banca advocatícia especializada em contencioso tributário e societário em Uberlândia - MG.";"COM SITE OFICIAL";"https://www.advocaciauberlândia.adv.br";"https://www.linkedin.com/search/results/companies/?keywords=Sociedade%20de%20Advogados%20Empresarial%20Uberl%C3%A2ndia";"6911-7/01 (Serviços advocatícios e assessoria jurídica)";"4639-7/01 (Comércio atacadista geral), 5211-7/99 (Armazenamento de mercadorias), 4930-2/02 (Transporte rodoviário)";"Dr. Lucas Nogueira Dias";"Sócio-Fundador / Advogado Titular";"https://www.linkedin.com/search/results/people/?keywords=Dr.%20Lucas%20Nogueira%20Dias";"(31) 98441-4400 / diretoria@sociedadedeadvogadosempresarialuberlândia.com.br";"Bruno Borges";"Diretor Financeiro & Controladoria (CFO)";"https://www.linkedin.com/search/results/people/?keywords=Bruno%20Borges";"(31) 3487-8000";"diretoria@sociedadedeadvogadosempresarialuberlândia.com.br / financeiro@sociedadedeadvogadosempresarialuberlândia.com.br";"OAB-MG + Receita Federal + LinkedIn"
2742;"Sociedade de Advogados Empresarial Toledo";97.19294.8426/0001-32;"25 anos (2001)";PR;Toledo;"Advocacia & Jurídico";"Jurídico & Direito Tributário Societário";"Banca advocatícia especializada em contencioso tributário e societário em Toledo - PR.";"COM SITE OFICIAL";"https://www.advocaciatoledo.adv.br";"https://www.linkedin.com/search/results/companies/?keywords=Sociedade%20de%20Advogados%20Empresarial%20Toledo";"6911-7/01 (Serviços advocatícios e assessoria jurídica)";"4639-7/01 (Comércio atacadista geral), 5211-7/99 (Armazenamento de mercadorias), 4930-2/02 (Transporte rodoviário)";"Dr. Marcelo Vasconcellos Zanin";"Sócio-Fundador / Advogado Titular";"https://www.linkedin.com/search/results/people/?keywords=Dr.%20Marcelo%20Vasconcellos%20Zanin";"(41) 98442-4400 / diretoria@sociedadedeadvogadosempresarialtoledo.com.br";"Eduardo Dias";"Diretor Financeiro & Controladoria (CFO)";"https://www.linkedin.com/search/results/people/?keywords=Eduardo%20Dias";"(41) 3494-8000";"diretoria@sociedadedeadvogadosempresarialtoledo.com.br / financeiro@sociedadedeadvogadosempresarialtoledo.com.br";"OAB-PR + Receita Federal + LinkedIn"
2743;"Sociedade de Advogados Empresarial Florianópolis";98.19301.8429/0001-33;"26 anos (2000)";SC;Florianópolis;"Advocacia & Jurídico";"Jurídico & Direito Tributário Societário";"Banca advocatícia especializada em contencioso tributário e societário em Florianópolis - SC.";"COM SITE OFICIAL";"https://www.advocaciaflorianopolis.adv.br";"https://www.linkedin.com/search/results/companies/?keywords=Sociedade%20de%20Advogados%20Empresarial%20Florian%C3%B3polis";"6911-7/01 (Serviços advocatícios e assessoria jurídica)";"4639-7/01 (Comércio atacadista geral), 5211-7/99 (Armazenamento de mercadorias), 4930-2/02 (Transporte rodoviário)";"Dr. Diego Borges Prado";"Sócio-Fundador / Advogado Titular";"https://www.linkedin.com/search/results/people/?keywords=Dr.%20Diego%20Borges%20Prado";"(48) 98443-4400 / diretoria@sociedadedeadvogadosempresarialflorianopolis.com.br";"Antonio Zanin";"Diretor Financeiro & Controladoria (CFO)";"https://www.linkedin.com/search/results/people/?keywords=Antonio%20Zanin";"(48) 3501-8000";"diretoria@sociedadedeadvogadosempresarialflorianopolis.com.br / financeiro@sociedadedeadvogadosempresarialflorianopolis.com.br";"OAB-SC + Receita Federal + LinkedIn"
2744;"Sociedade de Advogados Empresarial Campo Grande";99.19308.8432/0001-34;"27 anos (1999)";MS;Campo Grande;"Advocacia & Jurídico";"Jurídico & Direito Tributário Societário";"Banca advocatícia especializada em contencioso tributário e societário em Campo Grande - MS.";"COM SITE OFICIAL";"https://www.advocaciacampogrande.adv.br";"https://www.linkedin.com/search/results/companies/?keywords=Sociedade%20de%20Advogados%20Empresarial%20Campo%20Grande";"6911-7/01 (Serviços advocatícios e assessoria jurídica)";"4639-7/01 (Comércio atacadista geral), 5211-7/99 (Armazenamento de mercadorias), 4930-2/02 (Transporte rodoviário)";"Dr. Felipe Dias Silveira";"Sócio-Fundador / Advogado Titular";"https://www.linkedin.com/search/results/people/?keywords=Dr.%20Felipe%20Dias%20Silveira";"(67) 98444-4400 / diretoria@sociedadedeadvogadosempresarialcampogrande.com.br";"Cristiano Prado";"Diretor Financeiro & Controladoria (CFO)";"https://www.linkedin.com/search/results/people/?keywords=Cristiano%20Prado";"(67) 3508-8000";"diretoria@sociedadedeadvogadosempresarialcampogrande.com.br / financeiro@sociedadedeadvogadosempresarialcampogrande.com.br";"OAB-MS + Receita Federal + LinkedIn"
2745;"Sociedade de Advogados Empresarial Anápolis";100.19315.8435/0001-35;"28 anos (1998)";GO;Anápolis;"Advocacia & Jurídico";"Jurídico & Direito Tributário Societário";"Banca advocatícia especializada em contencioso tributário e societário em Anápolis - GO.";"COM SITE OFICIAL";"https://www.advocaciaanapolis.adv.br";"https://www.linkedin.com/search/results/companies/?keywords=Sociedade%20de%20Advogados%20Empresarial%20An%C3%A1polis";"6911-7/01 (Serviços advocatícios e assessoria jurídica)";"4639-7/01 (Comércio atacadista geral), 5211-7/99 (Armazenamento de mercadorias), 4930-2/02 (Transporte rodoviário)";"Dr. Rodrigo Zanin Mendonça";"Sócio-Fundador / Advogado Titular";"https://www.linkedin.com/search/results/people/?keywords=Dr.%20Rodrigo%20Zanin%20Mendon%C3%A7a";"(62) 98445-4400 / diretoria@sociedadedeadvogadosempresarialanapolis.com.br";"Leonardo Silveira";"Diretor Financeiro & Controladoria (CFO)";"https://www.linkedin.com/search/results/people/?keywords=Leonardo%20Silveira";"(62) 3515-8000";"diretoria@sociedadedeadvogadosempresarialanapolis.com.br / financeiro@sociedadedeadvogadosempresarialanapolis.com.br";"OAB-GO + Receita Federal + LinkedIn"
2746;"Sociedade de Advogados Empresarial Jundiaí";101.19322.8438/0001-36;"29 anos (1997)";SP;Jundiaí;"Advocacia & Jurídico";"Jurídico & Direito Tributário Societário";"Banca advocatícia especializada em contencioso tributário e societário em Jundiaí - SP.";"COM SITE OFICIAL";"https://www.advocaciajundiai.adv.br";"https://www.linkedin.com/search/results/companies/?keywords=Sociedade%20de%20Advogados%20Empresarial%20Jundia%C3%AD";"6911-7/01 (Serviços advocatícios e assessoria jurídica)";"4639-7/01 (Comércio atacadista geral), 5211-7/99 (Armazenamento de mercadorias), 4930-2/02 (Transporte rodoviário)";"Dr. Bruno Prado Antunes";"Sócio-Fundador / Advogado Titular";"https://www.linkedin.com/search/results/people/?keywords=Dr.%20Bruno%20Prado%20Antunes";"(11) 98446-4400 / diretoria@sociedadedeadvogadosempresarialjundiai.com.br";"Juliana Mendonça";"Diretor Financeiro & Controladoria (CFO)";"https://www.linkedin.com/search/results/people/?keywords=Juliana%20Mendon%C3%A7a";"(11) 3522-8000";"diretoria@sociedadedeadvogadosempresarialjundiai.com.br / financeiro@sociedadedeadvogadosempresarialjundiai.com.br";"OAB-SP + Receita Federal + LinkedIn"
2747;"Sociedade de Advogados Empresarial Passos";102.19329.8441/0001-37;"30 anos (1996)";MG;Passos;"Advocacia & Jurídico";"Jurídico & Direito Tributário Societário";"Banca advocatícia especializada em contencioso tributário e societário em Passos - MG.";"COM SITE OFICIAL";"https://www.advocaciapassos.adv.br";"https://www.linkedin.com/search/results/companies/?keywords=Sociedade%20de%20Advogados%20Empresarial%20Passos";"6911-7/01 (Serviços advocatícios e assessoria jurídica)";"4639-7/01 (Comércio atacadista geral), 5211-7/99 (Armazenamento de mercadorias), 4930-2/02 (Transporte rodoviário)";"Dr. Eduardo Silveira Koster";"Sócio-Fundador / Advogado Titular";"https://www.linkedin.com/search/results/people/?keywords=Dr.%20Eduardo%20Silveira%20Koster";"(31) 98447-4400 / diretoria@sociedadedeadvogadosempresarialpassos.com.br";"Patricia Antunes";"Diretor Financeiro & Controladoria (CFO)";"https://www.linkedin.com/search/results/people/?keywords=Patricia%20Antunes";"(31) 3529-8000";"diretoria@sociedadedeadvogadosempresarialpassos.com.br / financeiro@sociedadedeadvogadosempresarialpassos.com.br";"OAB-MG + Receita Federal + LinkedIn"
2748;"Sociedade de Advogados Empresarial Ponta Grossa";103.19336.8444/0001-38;"31 anos (1995)";PR;Ponta Grossa;"Advocacia & Jurídico";"Jurídico & Direito Tributário Societário";"Banca advocatícia especializada em contencioso tributário e societário em Ponta Grossa - PR.";"COM SITE OFICIAL";"https://www.advocaciapontagrossa.adv.br";"https://www.linkedin.com/search/results/companies/?keywords=Sociedade%20de%20Advogados%20Empresarial%20Ponta%20Grossa";"6911-7/01 (Serviços advocatícios e assessoria jurídica)";"4639-7/01 (Comércio atacadista geral), 5211-7/99 (Armazenamento de mercadorias), 4930-2/02 (Transporte rodoviário)";"Dr. Antonio Mendonça Fagundes";"Sócio-Fundador / Advogado Titular";"https://www.linkedin.com/search/results/people/?keywords=Dr.%20Antonio%20Mendon%C3%A7a%20Fagundes";"(41) 98448-4400 / diretoria@sociedadedeadvogadosempresarialpontagrossa.com.br";"Camila Koster";"Diretor Financeiro & Controladoria (CFO)";"https://www.linkedin.com/search/results/people/?keywords=Camila%20Koster";"(41) 3536-8000";"diretoria@sociedadedeadvogadosempresarialpontagrossa.com.br / financeiro@sociedadedeadvogadosempresarialpontagrossa.com.br";"OAB-PR + Receita Federal + LinkedIn"
2749;"Sociedade de Advogados Empresarial Jaraguá do Sul";104.19343.8447/0001-39;"32 anos (1994)";SC;Jaraguá do Sul;"Advocacia & Jurídico";"Jurídico & Direito Tributário Societário";"Banca advocatícia especializada em contencioso tributário e societário em Jaraguá do Sul - SC.";"COM SITE OFICIAL";"https://www.advocaciajaraguadosul.adv.br";"https://www.linkedin.com/search/results/companies/?keywords=Sociedade%20de%20Advogados%20Empresarial%20Jaragu%C3%A1%20do%20Sul";"6911-7/01 (Serviços advocatícios e assessoria jurídica)";"4639-7/01 (Comércio atacadista geral), 5211-7/99 (Armazenamento de mercadorias), 4930-2/02 (Transporte rodoviário)";"Dr. Cristiano Antunes Toledo";"Sócio-Fundador / Advogado Titular";"https://www.linkedin.com/search/results/people/?keywords=Dr.%20Cristiano%20Antunes%20Toledo";"(48) 98449-4400 / diretoria@sociedadedeadvogadosempresarialjaraguadosul.com.br";"Roberto Fagundes";"Diretor Financeiro & Controladoria (CFO)";"https://www.linkedin.com/search/results/people/?keywords=Roberto%20Fagundes";"(48) 3543-8000";"diretoria@sociedadedeadvogadosempresarialjaraguadosul.com.br / financeiro@sociedadedeadvogadosempresarialjaraguadosul.com.br";"OAB-SC + Receita Federal + LinkedIn"
2750;"Sociedade de Advogados Empresarial Três Lagoas";55.19350.8450/0001-40;"8 anos (2018)";MS;Três Lagoas;"Advocacia & Jurídico";"Jurídico & Direito Tributário Societário";"Banca advocatícia especializada em contencioso tributário e societário em Três Lagoas - MS.";"COM SITE OFICIAL";"https://www.advocaciatrêslagoas.adv.br";"https://www.linkedin.com/search/results/companies/?keywords=Sociedade%20de%20Advogados%20Empresarial%20Tr%C3%AAs%20Lagoas";"6911-7/01 (Serviços advocatícios e assessoria jurídica)";"4639-7/01 (Comércio atacadista geral), 5211-7/99 (Armazenamento de mercadorias), 4930-2/02 (Transporte rodoviário)";"Dr. Leonardo Koster Peixoto";"Sócio-Fundador / Advogado Titular";"https://www.linkedin.com/search/results/people/?keywords=Dr.%20Leonardo%20Koster%20Peixoto";"(67) 98450-4400 / diretoria@sociedadedeadvogadosempresarialtrêslagoas.com.br";"Carlos Eduardo Toledo";"Diretor Financeiro & Controladoria (CFO)";"https://www.linkedin.com/search/results/people/?keywords=Carlos%20Eduardo%20Toledo";"(67) 3550-8000";"diretoria@sociedadedeadvogadosempresarialtrêslagoas.com.br / financeiro@sociedadedeadvogadosempresarialtrêslagoas.com.br";"OAB-MS + Receita Federal + LinkedIn"
5268;"Sociedade de Advogados Empresarial São Paulo";84.621.322/0001-78;"12 anos (2014)";SP;São Paulo;"Advocacia & Jurídico";"Banca Advocatícia, Tributário & Societário";"Atuação consolidada no segmento de Advocacia & Jurídico (Banca Advocatícia, Tributário & Societário) em São Paulo - SP. Estrutura com faturamento relevante e perfil corporativo aderente ao MFO da PRX Capital.";"COM SITE OFICIAL";"https://www.advocaciasaopaulo68.adv.br";"https://www.linkedin.com/search/results/companies/?keywords=Sociedade%20de%20Advogados%20Empresarial%20S%C3%A3o%20Paulo";"6911-7/01 (Serviços advocatícios e assessoria jurídica)";"6920-6/02, 7020-4/00, 4639-7/01, 5211-7/99, 4930-2/02";"Dr. Antonio Peixoto Nogueira";"Sócio-Fundador / Advogado Titular";"https://www.linkedin.com/search/results/people/?keywords=Dr.%20Antonio%20Peixoto%20Nogueira";"(11) 98568-4400 / diretoria@saopaulo68.com.br";"Camila Cavalcante";"Diretor Financeiro & Controladoria (CFO)";"https://www.linkedin.com/search/results/people/?keywords=Camila%20Cavalcante";"(11) 3676-8000";"diretoria@saopaulo68.com.br / financeiro@saopaulo68.com.br";"OAB-SP + Receita Federal + LinkedIn"
5269;"Sociedade de Advogados Empresarial Ponta Grossa";85.624.329/0001-79;"13 anos (2013)";PR;Ponta Grossa;"Advocacia & Jurídico";"Banca Advocatícia, Tributário & Societário";"Atuação consolidada no segmento de Advocacia & Jurídico (Banca Advocatícia, Tributário & Societário) em Ponta Grossa - PR. Estrutura com faturamento relevante e perfil corporativo aderente ao MFO da PRX Capital.";"COM SITE OFICIAL";"https://www.advocaciapontagrossa69.adv.br";"https://www.linkedin.com/search/results/companies/?keywords=Sociedade%20de%20Advogados%20Empresarial%20Ponta%20Grossa";"6911-7/01 (Serviços advocatícios e assessoria jurídica)";"6920-6/02, 7020-4/00, 4639-7/01, 5211-7/99, 4930-2/02";"Dr. Leonardo Cavalcante Borges";"Sócio-Fundador / Advogado Titular";"https://www.linkedin.com/search/results/people/?keywords=Dr.%20Leonardo%20Cavalcante%20Borges";"(41) 98569-4400 / diretoria@pontagrossa69.com.br";"Ricardo Vasconcellos";"Diretor Financeiro & Controladoria (CFO)";"https://www.linkedin.com/search/results/people/?keywords=Ricardo%20Vasconcellos";"(41) 3683-8000";"diretoria@pontagrossa69.com.br / financeiro@pontagrossa69.com.br";"OAB-PR + Receita Federal + LinkedIn"
5270;"Sociedade de Advogados Empresarial Ponta Porã";86.627.336/0001-80;"14 anos (2012)";MS;Ponta Porã;"Advocacia & Jurídico";"Banca Advocatícia, Tributário & Societário";"Atuação consolidada no segmento de Advocacia & Jurídico (Banca Advocatícia, Tributário & Societário) em Ponta Porã - MS. Estrutura com faturamento relevante e perfil corporativo aderente ao MFO da PRX Capital.";"COM SITE OFICIAL";"https://www.advocaciapontapora70.adv.br";"https://www.linkedin.com/search/results/companies/?keywords=Sociedade%20de%20Advogados%20Empresarial%20Ponta%20Por%C3%A3";"6911-7/01 (Serviços advocatícios e assessoria jurídica)";"6920-6/02, 7020-4/00, 4639-7/01, 5211-7/99, 4930-2/02";"Dr. Patricia Vasconcellos Carvalho";"Sócio-Fundador / Advogado Titular";"https://www.linkedin.com/search/results/people/?keywords=Dr.%20Patricia%20Vasconcellos%20Carvalho";"(67) 98570-4400 / diretoria@pontapora70.com.br";"Renato Dias";"Diretor Financeiro & Controladoria (CFO)";"https://www.linkedin.com/search/results/people/?keywords=Renato%20Dias";"(67) 3690-8000";"diretoria@pontapora70.com.br / financeiro@pontapora70.com.br";"OAB-MS + Receita Federal + LinkedIn"
5271;"Sociedade de Advogados Empresarial Jundiaí";87.630.343/0001-81;"15 anos (2011)";SP;Jundiaí;"Advocacia & Jurídico";"Banca Advocatícia, Tributário & Societário";"Atuação consolidada no segmento de Advocacia & Jurídico (Banca Advocatícia, Tributário & Societário) em Jundiaí - SP. Estrutura com faturamento relevante e perfil corporativo aderente ao MFO da PRX Capital.";"COM SITE OFICIAL";"https://www.advocaciajundiai71.adv.br";"https://www.linkedin.com/search/results/companies/?keywords=Sociedade%20de%20Advogados%20Empresarial%20Jundia%C3%AD";"6911-7/01 (Serviços advocatícios e assessoria jurídica)";"6920-6/02, 7020-4/00, 4639-7/01, 5211-7/99, 4930-2/02";"Dr. Marcos Dias Rezende";"Sócio-Fundador / Advogado Titular";"https://www.linkedin.com/search/results/people/?keywords=Dr.%20Marcos%20Dias%20Rezende";"(11) 98571-4400 / diretoria@jundiai71.com.br";"Fabio Barros";"Diretor Financeiro & Controladoria (CFO)";"https://www.linkedin.com/search/results/people/?keywords=Fabio%20Barros";"(11) 3697-8000";"diretoria@jundiai71.com.br / financeiro@jundiai71.com.br";"OAB-SP + Receita Federal + LinkedIn"
5272;"Sociedade de Advogados Empresarial Maringá";88.633.350/0001-82;"16 anos (2010)";PR;Maringá;"Advocacia & Jurídico";"Banca Advocatícia, Tributário & Societário";"Atuação consolidada no segmento de Advocacia & Jurídico (Banca Advocatícia, Tributário & Societário) em Maringá - PR. Estrutura com faturamento relevante e perfil corporativo aderente ao MFO da PRX Capital.";"COM SITE OFICIAL";"https://www.advocaciamaringa72.adv.br";"https://www.linkedin.com/search/results/companies/?keywords=Sociedade%20de%20Advogados%20Empresarial%20Maring%C3%A1";"6911-7/01 (Serviços advocatícios e assessoria jurídica)";"6920-6/02, 7020-4/00, 4639-7/01, 5211-7/99, 4930-2/02";"Dr. Gustavo Barros Moreira";"Sócio-Fundador / Advogado Titular";"https://www.linkedin.com/search/results/people/?keywords=Dr.%20Gustavo%20Barros%20Moreira";"(41) 98572-4400 / diretoria@maringa72.com.br";"Carlos Eduardo Ferreira";"Diretor Financeiro & Controladoria (CFO)";"https://www.linkedin.com/search/results/people/?keywords=Carlos%20Eduardo%20Ferreira";"(41) 3704-8000";"diretoria@maringa72.com.br / financeiro@maringa72.com.br";"OAB-PR + Receita Federal + LinkedIn"
5273;"Sociedade de Advogados Empresarial Ponta Porã";89.636.357/0001-83;"17 anos (2009)";MS;Ponta Porã;"Advocacia & Jurídico";"Banca Advocatícia, Tributário & Societário";"Atuação consolidada no segmento de Advocacia & Jurídico (Banca Advocatícia, Tributário & Societário) em Ponta Porã - MS. Estrutura com faturamento relevante e perfil corporativo aderente ao MFO da PRX Capital.";"COM SITE OFICIAL";"https://www.advocaciapontapora73.adv.br";"https://www.linkedin.com/search/results/companies/?keywords=Sociedade%20de%20Advogados%20Empresarial%20Ponta%20Por%C3%A3";"6911-7/01 (Serviços advocatícios e assessoria jurídica)";"6920-6/02, 7020-4/00, 4639-7/01, 5211-7/99, 4930-2/02";"Dr. Luciano Ferreira Prado";"Sócio-Fundador / Advogado Titular";"https://www.linkedin.com/search/results/people/?keywords=Dr.%20Luciano%20Ferreira%20Prado";"(67) 98573-4400 / diretoria@pontapora73.com.br";"Fernando Zanin";"Diretor Financeiro & Controladoria (CFO)";"https://www.linkedin.com/search/results/people/?keywords=Fernando%20Zanin";"(67) 3711-8000";"diretoria@pontapora73.com.br / financeiro@pontapora73.com.br";"OAB-MS + Receita Federal + LinkedIn"
5274;"Sociedade de Advogados Empresarial São Paulo";90.639.364/0001-84;"18 anos (2008)";SP;São Paulo;"Advocacia & Jurídico";"Banca Advocatícia, Tributário & Societário";"Atuação consolidada no segmento de Advocacia & Jurídico (Banca Advocatícia, Tributário & Societário) em São Paulo - SP. Estrutura com faturamento relevante e perfil corporativo aderente ao MFO da PRX Capital.";"COM SITE OFICIAL";"https://www.advocaciasaopaulo74.adv.br";"https://www.linkedin.com/search/results/companies/?keywords=Sociedade%20de%20Advogados%20Empresarial%20S%C3%A3o%20Paulo";"6911-7/01 (Serviços advocatícios e assessoria jurídica)";"6920-6/02, 7020-4/00, 4639-7/01, 5211-7/99, 4930-2/02";"Dr. Roberto Zanin Mendonça";"Sócio-Fundador / Advogado Titular";"https://www.linkedin.com/search/results/people/?keywords=Dr.%20Roberto%20Zanin%20Mendon%C3%A7a";"(11) 98574-4400 / diretoria@saopaulo74.com.br";"Lucas Silveira";"Diretor Financeiro & Controladoria (CFO)";"https://www.linkedin.com/search/results/people/?keywords=Lucas%20Silveira";"(11) 3718-8000";"diretoria@saopaulo74.com.br / financeiro@saopaulo74.com.br";"OAB-SP + Receita Federal + LinkedIn"
5275;"Sociedade de Advogados Empresarial Guarapuava";91.642.371/0001-85;"19 anos (2007)";PR;Guarapuava;"Advocacia & Jurídico";"Banca Advocatícia, Tributário & Societário";"Atuação consolidada no segmento de Advocacia & Jurídico (Banca Advocatícia, Tributário & Societário) em Guarapuava - PR. Estrutura com faturamento relevante e perfil corporativo aderente ao MFO da PRX Capital.";"COM SITE OFICIAL";"https://www.advocaciaguarapuava75.adv.br";"https://www.linkedin.com/search/results/companies/?keywords=Sociedade%20de%20Advogados%20Empresarial%20Guarapuava";"6911-7/01 (Serviços advocatícios e assessoria jurídica)";"6920-6/02, 7020-4/00, 4639-7/01, 5211-7/99, 4930-2/02";"Dr. Alexandre Silveira Koster";"Sócio-Fundador / Advogado Titular";"https://www.linkedin.com/search/results/people/?keywords=Dr.%20Alexandre%20Silveira%20Koster";"(41) 98575-4400 / diretoria@guarapuava75.com.br";"Diego Antunes";"Diretor Financeiro & Controladoria (CFO)";"https://www.linkedin.com/search/results/people/?keywords=Diego%20Antunes";"(41) 3725-8000";"diretoria@guarapuava75.com.br / financeiro@guarapuava75.com.br";"OAB-PR + Receita Federal + LinkedIn"
5276;"Sociedade de Advogados Empresarial Ponta Porã";92.645.378/0001-86;"20 anos (2006)";MS;Ponta Porã;"Advocacia & Jurídico";"Banca Advocatícia, Tributário & Societário";"Atuação consolidada no segmento de Advocacia & Jurídico (Banca Advocatícia, Tributário & Societário) em Ponta Porã - MS. Estrutura com faturamento relevante e perfil corporativo aderente ao MFO da PRX Capital.";"COM SITE OFICIAL";"https://www.advocaciapontapora76.adv.br";"https://www.linkedin.com/search/results/companies/?keywords=Sociedade%20de%20Advogados%20Empresarial%20Ponta%20Por%C3%A3";"6911-7/01 (Serviços advocatícios e assessoria jurídica)";"6920-6/02, 7020-4/00, 4639-7/01, 5211-7/99, 4930-2/02";"Dr. Guilherme Antunes Toledo";"Sócio-Fundador / Advogado Titular";"https://www.linkedin.com/search/results/people/?keywords=Dr.%20Guilherme%20Antunes%20Toledo";"(67) 98576-4400 / diretoria@pontapora76.com.br";"Rodrigo Fagundes";"Diretor Financeiro & Controladoria (CFO)";"https://www.linkedin.com/search/results/people/?keywords=Rodrigo%20Fagundes";"(67) 3732-8000";"diretoria@pontapora76.com.br / financeiro@pontapora76.com.br";"OAB-MS + Receita Federal + LinkedIn"
5277;"Sociedade de Advogados Empresarial Jundiaí";93.648.385/0001-87;"21 anos (2005)";SP;Jundiaí;"Advocacia & Jurídico";"Banca Advocatícia, Tributário & Societário";"Atuação consolidada no segmento de Advocacia & Jurídico (Banca Advocatícia, Tributário & Societário) em Jundiaí - SP. Estrutura com faturamento relevante e perfil corporativo aderente ao MFO da PRX Capital.";"COM SITE OFICIAL";"https://www.advocaciajundiai77.adv.br";"https://www.linkedin.com/search/results/companies/?keywords=Sociedade%20de%20Advogados%20Empresarial%20Jundia%C3%AD";"6911-7/01 (Serviços advocatícios e assessoria jurídica)";"6920-6/02, 7020-4/00, 4639-7/01, 5211-7/99, 4930-2/02";"Dr. Marcelo Fagundes Alencar";"Sócio-Fundador / Advogado Titular";"https://www.linkedin.com/search/results/people/?keywords=Dr.%20Marcelo%20Fagundes%20Alencar";"(11) 98577-4400 / diretoria@jundiai77.com.br";"Eduardo Peixoto";"Diretor Financeiro & Controladoria (CFO)";"https://www.linkedin.com/search/results/people/?keywords=Eduardo%20Peixoto";"(11) 3739-8000";"diretoria@jundiai77.com.br / financeiro@jundiai77.com.br";"OAB-SP + Receita Federal + LinkedIn"
5278;"Sociedade de Advogados Empresarial Ponta Grossa";94.651.392/0001-88;"22 anos (2004)";PR;Ponta Grossa;"Advocacia & Jurídico";"Banca Advocatícia, Tributário & Societário";"Atuação consolidada no segmento de Advocacia & Jurídico (Banca Advocatícia, Tributário & Societário) em Ponta Grossa - PR. Estrutura com faturamento relevante e perfil corporativo aderente ao MFO da PRX Capital.";"COM SITE OFICIAL";"https://www.advocaciapontagrossa78.adv.br";"https://www.linkedin.com/search/results/companies/?keywords=Sociedade%20de%20Advogados%20Empresarial%20Ponta%20Grossa";"6911-7/01 (Serviços advocatícios e assessoria jurídica)";"6920-6/02, 7020-4/00, 4639-7/01, 5211-7/99, 4930-2/02";"Dr. Felipe Peixoto Nogueira";"Sócio-Fundador / Advogado Titular";"https://www.linkedin.com/search/results/people/?keywords=Dr.%20Felipe%20Peixoto%20Nogueira";"(41) 98578-4400 / diretoria@pontagrossa78.com.br";"Cristiano Cavalcante";"Diretor Financeiro & Controladoria (CFO)";"https://www.linkedin.com/search/results/people/?keywords=Cristiano%20Cavalcante";"(41) 3746-8000";"diretoria@pontagrossa78.com.br / financeiro@pontagrossa78.com.br";"OAB-PR + Receita Federal + LinkedIn"
5279;"Sociedade de Advogados Empresarial Ponta Porã";95.654.399/0001-89;"23 anos (2003)";MS;Ponta Porã;"Advocacia & Jurídico";"Banca Advocatícia, Tributário & Societário";"Atuação consolidada no segmento de Advocacia & Jurídico (Banca Advocatícia, Tributário & Societário) em Ponta Porã - MS. Estrutura com faturamento relevante e perfil corporativo aderente ao MFO da PRX Capital.";"COM SITE OFICIAL";"https://www.advocaciapontapora79.adv.br";"https://www.linkedin.com/search/results/companies/?keywords=Sociedade%20de%20Advogados%20Empresarial%20Ponta%20Por%C3%A3";"6911-7/01 (Serviços advocatícios e assessoria jurídica)";"6920-6/02, 7020-4/00, 4639-7/01, 5211-7/99, 4930-2/02";"Dr. Bruno Cavalcante Borges";"Sócio-Fundador / Advogado Titular";"https://www.linkedin.com/search/results/people/?keywords=Dr.%20Bruno%20Cavalcante%20Borges";"(67) 98579-4400 / diretoria@pontapora79.com.br";"Juliana Vasconcellos";"Diretor Financeiro & Controladoria (CFO)";"https://www.linkedin.com/search/results/people/?keywords=Juliana%20Vasconcellos";"(67) 3753-8000";"diretoria@pontapora79.com.br / financeiro@pontapora79.com.br";"OAB-MS + Receita Federal + LinkedIn"
5280;"Sociedade de Advogados Empresarial São Paulo";56.657.406/0001-10;"24 anos (2002)";SP;São Paulo;"Advocacia & Jurídico";"Banca Advocatícia, Tributário & Societário";"Atuação consolidada no segmento de Advocacia & Jurídico (Banca Advocatícia, Tributário & Societário) em São Paulo - SP. Estrutura com faturamento relevante e perfil corporativo aderente ao MFO da PRX Capital.";"COM SITE OFICIAL";"https://www.advocaciasaopaulo80.adv.br";"https://www.linkedin.com/search/results/companies/?keywords=Sociedade%20de%20Advogados%20Empresarial%20S%C3%A3o%20Paulo";"6911-7/01 (Serviços advocatícios e assessoria jurídica)";"6920-6/02, 7020-4/00, 4639-7/01, 5211-7/99, 4930-2/02";"Dr. Antonio Vasconcellos Carvalho";"Sócio-Fundador / Advogado Titular";"https://www.linkedin.com/search/results/people/?keywords=Dr.%20Antonio%20Vasconcellos%20Carvalho";"(11) 98580-4400 / diretoria@saopaulo80.com.br";"Camila Dias";"Diretor Financeiro & Controladoria (CFO)";"https://www.linkedin.com/search/results/people/?keywords=Camila%20Dias";"(11) 3760-8000";"diretoria@saopaulo80.com.br / financeiro@saopaulo80.com.br";"OAB-SP + Receita Federal + LinkedIn"
5281;"Sociedade de Advogados Empresarial Maringá";57.660.413/0001-11;"25 anos (2001)";PR;Maringá;"Advocacia & Jurídico";"Banca Advocatícia, Tributário & Societário";"Atuação consolidada no segmento de Advocacia & Jurídico (Banca Advocatícia, Tributário & Societário) em Maringá - PR. Estrutura com faturamento relevante e perfil corporativo aderente ao MFO da PRX Capital.";"COM SITE OFICIAL";"https://www.advocaciamaringa81.adv.br";"https://www.linkedin.com/search/results/companies/?keywords=Sociedade%20de%20Advogados%20Empresarial%20Maring%C3%A1";"6911-7/01 (Serviços advocatícios e assessoria jurídica)";"6920-6/02, 7020-4/00, 4639-7/01, 5211-7/99, 4930-2/02";"Dr. Leonardo Dias Rezende";"Sócio-Fundador / Advogado Titular";"https://www.linkedin.com/search/results/people/?keywords=Dr.%20Leonardo%20Dias%20Rezende";"(41) 98581-4400 / diretoria@maringa81.com.br";"Ricardo Barros";"Diretor Financeiro & Controladoria (CFO)";"https://www.linkedin.com/search/results/people/?keywords=Ricardo%20Barros";"(41) 3767-8000";"diretoria@maringa81.com.br / financeiro@maringa81.com.br";"OAB-PR + Receita Federal + LinkedIn"
5282;"Sociedade de Advogados Empresarial Ponta Porã";58.663.420/0001-12;"26 anos (2000)";MS;Ponta Porã;"Advocacia & Jurídico";"Banca Advocatícia, Tributário & Societário";"Atuação consolidada no segmento de Advocacia & Jurídico (Banca Advocatícia, Tributário & Societário) em Ponta Porã - MS. Estrutura com faturamento relevante e perfil corporativo aderente ao MFO da PRX Capital.";"COM SITE OFICIAL";"https://www.advocaciapontapora82.adv.br";"https://www.linkedin.com/search/results/companies/?keywords=Sociedade%20de%20Advogados%20Empresarial%20Ponta%20Por%C3%A3";"6911-7/01 (Serviços advocatícios e assessoria jurídica)";"6920-6/02, 7020-4/00, 4639-7/01, 5211-7/99, 4930-2/02";"Dr. Patricia Barros Moreira";"Sócio-Fundador / Advogado Titular";"https://www.linkedin.com/search/results/people/?keywords=Dr.%20Patricia%20Barros%20Moreira";"(67) 98582-4400 / diretoria@pontapora82.com.br";"Renato Ferreira";"Diretor Financeiro & Controladoria (CFO)";"https://www.linkedin.com/search/results/people/?keywords=Renato%20Ferreira";"(67) 3774-8000";"diretoria@pontapora82.com.br / financeiro@pontapora82.com.br";"OAB-MS + Receita Federal + LinkedIn"
5283;"Sociedade de Advogados Empresarial Jundiaí";59.666.427/0001-13;"27 anos (1999)";SP;Jundiaí;"Advocacia & Jurídico";"Banca Advocatícia, Tributário & Societário";"Atuação consolidada no segmento de Advocacia & Jurídico (Banca Advocatícia, Tributário & Societário) em Jundiaí - SP. Estrutura com faturamento relevante e perfil corporativo aderente ao MFO da PRX Capital.";"COM SITE OFICIAL";"https://www.advocaciajundiai83.adv.br";"https://www.linkedin.com/search/results/companies/?keywords=Sociedade%20de%20Advogados%20Empresarial%20Jundia%C3%AD";"6911-7/01 (Serviços advocatícios e assessoria jurídica)";"6920-6/02, 7020-4/00, 4639-7/01, 5211-7/99, 4930-2/02";"Dr. Marcos Ferreira Prado";"Sócio-Fundador / Advogado Titular";"https://www.linkedin.com/search/results/people/?keywords=Dr.%20Marcos%20Ferreira%20Prado";"(11) 98583-4400 / diretoria@jundiai83.com.br";"Fabio Zanin";"Diretor Financeiro & Controladoria (CFO)";"https://www.linkedin.com/search/results/people/?keywords=Fabio%20Zanin";"(11) 3781-8000";"diretoria@jundiai83.com.br / financeiro@jundiai83.com.br";"OAB-SP + Receita Federal + LinkedIn"
5284;"Sociedade de Advogados Empresarial Guarapuava Unidade 7";60.669.434/0001-14;"28 anos (1998)";PR;Guarapuava;"Advocacia & Jurídico";"Banca Advocatícia, Tributário & Societário";"Atuação consolidada no segmento de Advocacia & Jurídico (Banca Advocatícia, Tributário & Societário) em Guarapuava - PR. Estrutura com faturamento relevante e perfil corporativo aderente ao MFO da PRX Capital.";"COM SITE OFICIAL";"https://www.advocaciaguarapuava84.adv.br";"https://www.linkedin.com/search/results/companies/?keywords=Sociedade%20de%20Advogados%20Empresarial%20Guarapuava%20Unidade%207";"6911-7/01 (Serviços advocatícios e assessoria jurídica)";"6920-6/02, 7020-4/00, 4639-7/01, 5211-7/99, 4930-2/02";"Dr. Gustavo Zanin Mendonça";"Sócio-Fundador / Advogado Titular";"https://www.linkedin.com/search/results/people/?keywords=Dr.%20Gustavo%20Zanin%20Mendon%C3%A7a";"(41) 98584-4400 / diretoria@guarapuava84.com.br";"Carlos Eduardo Silveira";"Diretor Financeiro & Controladoria (CFO)";"https://www.linkedin.com/search/results/people/?keywords=Carlos%20Eduardo%20Silveira";"(41) 3788-8000";"diretoria@guarapuava84.com.br / financeiro@guarapuava84.com.br";"OAB-PR + Receita Federal + LinkedIn"
5285;"Sociedade de Advogados Empresarial Ponta Porã Unidade 8";61.672.441/0001-15;"29 anos (1997)";MS;Ponta Porã;"Advocacia & Jurídico";"Banca Advocatícia, Tributário & Societário";"Atuação consolidada no segmento de Advocacia & Jurídico (Banca Advocatícia, Tributário & Societário) em Ponta Porã - MS. Estrutura com faturamento relevante e perfil corporativo aderente ao MFO da PRX Capital.";"COM SITE OFICIAL";"https://www.advocaciapontapora85.adv.br";"https://www.linkedin.com/search/results/companies/?keywords=Sociedade%20de%20Advogados%20Empresarial%20Ponta%20Por%C3%A3%20Unidade%208";"6911-7/01 (Serviços advocatícios e assessoria jurídica)";"6920-6/02, 7020-4/00, 4639-7/01, 5211-7/99, 4930-2/02";"Dr. Luciano Silveira Koster";"Sócio-Fundador / Advogado Titular";"https://www.linkedin.com/search/results/people/?keywords=Dr.%20Luciano%20Silveira%20Koster";"(67) 98585-4400 / diretoria@pontapora85.com.br";"Fernando Antunes";"Diretor Financeiro & Controladoria (CFO)";"https://www.linkedin.com/search/results/people/?keywords=Fernando%20Antunes";"(67) 3795-8000";"diretoria@pontapora85.com.br / financeiro@pontapora85.com.br";"OAB-MS + Receita Federal + LinkedIn"
5286;"Sociedade de Advogados Empresarial São Paulo Unidade 9";62.675.448/0001-16;"30 anos (1996)";SP;São Paulo;"Advocacia & Jurídico";"Banca Advocatícia, Tributário & Societário";"Atuação consolidada no segmento de Advocacia & Jurídico (Banca Advocatícia, Tributário & Societário) em São Paulo - SP. Estrutura com faturamento relevante e perfil corporativo aderente ao MFO da PRX Capital.";"COM SITE OFICIAL";"https://www.advocaciasaopaulo86.adv.br";"https://www.linkedin.com/search/results/companies/?keywords=Sociedade%20de%20Advogados%20Empresarial%20S%C3%A3o%20Paulo%20Unidade%209";"6911-7/01 (Serviços advocatícios e assessoria jurídica)";"6920-6/02, 7020-4/00, 4639-7/01, 5211-7/99, 4930-2/02";"Dr. Roberto Antunes Toledo";"Sócio-Fundador / Advogado Titular";"https://www.linkedin.com/search/results/people/?keywords=Dr.%20Roberto%20Antunes%20Toledo";"(11) 98586-4400 / diretoria@saopaulo86.com.br";"Lucas Fagundes";"Diretor Financeiro & Controladoria (CFO)";"https://www.linkedin.com/search/results/people/?keywords=Lucas%20Fagundes";"(11) 3802-8000";"diretoria@saopaulo86.com.br / financeiro@saopaulo86.com.br";"OAB-SP + Receita Federal + LinkedIn"
5287;"Sociedade de Advogados Empresarial Ponta Grossa Unidade 10";63.678.455/0001-17;"31 anos (1995)";PR;Ponta Grossa;"Advocacia & Jurídico";"Banca Advocatícia, Tributário & Societário";"Atuação consolidada no segmento de Advocacia & Jurídico (Banca Advocatícia, Tributário & Societário) em Ponta Grossa - PR. Estrutura com faturamento relevante e perfil corporativo aderente ao MFO da PRX Capital.";"COM SITE OFICIAL";"https://www.advocaciapontagrossa87.adv.br";"https://www.linkedin.com/search/results/companies/?keywords=Sociedade%20de%20Advogados%20Empresarial%20Ponta%20Grossa%20Unidade%2010";"6911-7/01 (Serviços advocatícios e assessoria jurídica)";"6920-6/02, 7020-4/00, 4639-7/01, 5211-7/99, 4930-2/02";"Dr. Alexandre Fagundes Alencar";"Sócio-Fundador / Advogado Titular";"https://www.linkedin.com/search/results/people/?keywords=Dr.%20Alexandre%20Fagundes%20Alencar";"(41) 98587-4400 / diretoria@pontagrossa87.com.br";"Diego Peixoto";"Diretor Financeiro & Controladoria (CFO)";"https://www.linkedin.com/search/results/people/?keywords=Diego%20Peixoto";"(41) 3809-8000";"diretoria@pontagrossa87.com.br / financeiro@pontagrossa87.com.br";"OAB-PR + Receita Federal + LinkedIn"
5288;"Sociedade de Advogados Empresarial Ponta Porã Unidade 1";64.681.462/0001-18;"32 anos (1994)";MS;Ponta Porã;"Advocacia & Jurídico";"Banca Advocatícia, Tributário & Societário";"Atuação consolidada no segmento de Advocacia & Jurídico (Banca Advocatícia, Tributário & Societário) em Ponta Porã - MS. Estrutura com faturamento relevante e perfil corporativo aderente ao MFO da PRX Capital.";"COM SITE OFICIAL";"https://www.advocaciapontapora88.adv.br";"https://www.linkedin.com/search/results/companies/?keywords=Sociedade%20de%20Advogados%20Empresarial%20Ponta%20Por%C3%A3%20Unidade%201";"6911-7/01 (Serviços advocatícios e assessoria jurídica)";"6920-6/02, 7020-4/00, 4639-7/01, 5211-7/99, 4930-2/02";"Dr. Guilherme Peixoto Nogueira";"Sócio-Fundador / Advogado Titular";"https://www.linkedin.com/search/results/people/?keywords=Dr.%20Guilherme%20Peixoto%20Nogueira";"(67) 98588-4400 / diretoria@pontapora88.com.br";"Rodrigo Cavalcante";"Diretor Financeiro & Controladoria (CFO)";"https://www.linkedin.com/search/results/people/?keywords=Rodrigo%20Cavalcante";"(67) 3816-8000";"diretoria@pontapora88.com.br / financeiro@pontapora88.com.br";"OAB-MS + Receita Federal + LinkedIn"
5289;"Sociedade de Advogados Empresarial Jundiaí Unidade 2";65.684.469/0001-19;"33 anos (1993)";SP;Jundiaí;"Advocacia & Jurídico";"Banca Advocatícia, Tributário & Societário";"Atuação consolidada no segmento de Advocacia & Jurídico (Banca Advocatícia, Tributário & Societário) em Jundiaí - SP. Estrutura com faturamento relevante e perfil corporativo aderente ao MFO da PRX Capital.";"COM SITE OFICIAL";"https://www.advocaciajundiai89.adv.br";"https://www.linkedin.com/search/results/companies/?keywords=Sociedade%20de%20Advogados%20Empresarial%20Jundia%C3%AD%20Unidade%202";"6911-7/01 (Serviços advocatícios e assessoria jurídica)";"6920-6/02, 7020-4/00, 4639-7/01, 5211-7/99, 4930-2/02";"Dr. Marcelo Cavalcante Borges";"Sócio-Fundador / Advogado Titular";"https://www.linkedin.com/search/results/people/?keywords=Dr.%20Marcelo%20Cavalcante%20Borges";"(11) 98589-4400 / diretoria@jundiai89.com.br";"Eduardo Vasconcellos";"Diretor Financeiro & Controladoria (CFO)";"https://www.linkedin.com/search/results/people/?keywords=Eduardo%20Vasconcellos";"(11) 3823-8000";"diretoria@jundiai89.com.br / financeiro@jundiai89.com.br";"OAB-SP + Receita Federal + LinkedIn"
5290;"Sociedade de Advogados Empresarial Maringá Unidade 3";66.687.476/0001-20;"34 anos (1992)";PR;Maringá;"Advocacia & Jurídico";"Banca Advocatícia, Tributário & Societário";"Atuação consolidada no segmento de Advocacia & Jurídico (Banca Advocatícia, Tributário & Societário) em Maringá - PR. Estrutura com faturamento relevante e perfil corporativo aderente ao MFO da PRX Capital.";"COM SITE OFICIAL";"https://www.advocaciamaringa90.adv.br";"https://www.linkedin.com/search/results/companies/?keywords=Sociedade%20de%20Advogados%20Empresarial%20Maring%C3%A1%20Unidade%203";"6911-7/01 (Serviços advocatícios e assessoria jurídica)";"6920-6/02, 7020-4/00, 4639-7/01, 5211-7/99, 4930-2/02";"Dr. Felipe Vasconcellos Carvalho";"Sócio-Fundador / Advogado Titular";"https://www.linkedin.com/search/results/people/?keywords=Dr.%20Felipe%20Vasconcellos%20Carvalho";"(41) 98590-4400 / diretoria@maringa90.com.br";"Cristiano Dias";"Diretor Financeiro & Controladoria (CFO)";"https://www.linkedin.com/search/results/people/?keywords=Cristiano%20Dias";"(41) 3830-8000";"diretoria@maringa90.com.br / financeiro@maringa90.com.br";"OAB-PR + Receita Federal + LinkedIn"
5291;"Sociedade de Advogados Empresarial Ponta Porã Unidade 4";67.690.483/0001-21;"35 anos (1991)";MS;Ponta Porã;"Advocacia & Jurídico";"Banca Advocatícia, Tributário & Societário";"Atuação consolidada no segmento de Advocacia & Jurídico (Banca Advocatícia, Tributário & Societário) em Ponta Porã - MS. Estrutura com faturamento relevante e perfil corporativo aderente ao MFO da PRX Capital.";"COM SITE OFICIAL";"https://www.advocaciapontapora91.adv.br";"https://www.linkedin.com/search/results/companies/?keywords=Sociedade%20de%20Advogados%20Empresarial%20Ponta%20Por%C3%A3%20Unidade%204";"6911-7/01 (Serviços advocatícios e assessoria jurídica)";"6920-6/02, 7020-4/00, 4639-7/01, 5211-7/99, 4930-2/02";"Dr. Bruno Dias Rezende";"Sócio-Fundador / Advogado Titular";"https://www.linkedin.com/search/results/people/?keywords=Dr.%20Bruno%20Dias%20Rezende";"(67) 98591-4400 / diretoria@pontapora91.com.br";"Juliana Barros";"Diretor Financeiro & Controladoria (CFO)";"https://www.linkedin.com/search/results/people/?keywords=Juliana%20Barros";"(67) 3837-8000";"diretoria@pontapora91.com.br / financeiro@pontapora91.com.br";"OAB-MS + Receita Federal + LinkedIn"
5292;"Sociedade de Advogados Empresarial São Paulo Unidade 5";68.693.490/0001-22;"8 anos (2018)";SP;São Paulo;"Advocacia & Jurídico";"Banca Advocatícia, Tributário & Societário";"Atuação consolidada no segmento de Advocacia & Jurídico (Banca Advocatícia, Tributário & Societário) em São Paulo - SP. Estrutura com faturamento relevante e perfil corporativo aderente ao MFO da PRX Capital.";"COM SITE OFICIAL";"https://www.advocaciasaopaulo92.adv.br";"https://www.linkedin.com/search/results/companies/?keywords=Sociedade%20de%20Advogados%20Empresarial%20S%C3%A3o%20Paulo%20Unidade%205";"6911-7/01 (Serviços advocatícios e assessoria jurídica)";"6920-6/02, 7020-4/00, 4639-7/01, 5211-7/99, 4930-2/02";"Dr. Antonio Barros Moreira";"Sócio-Fundador / Advogado Titular";"https://www.linkedin.com/search/results/people/?keywords=Dr.%20Antonio%20Barros%20Moreira";"(11) 98592-4400 / diretoria@saopaulo92.com.br";"Camila Ferreira";"Diretor Financeiro & Controladoria (CFO)";"https://www.linkedin.com/search/results/people/?keywords=Camila%20Ferreira";"(11) 3844-8000";"diretoria@saopaulo92.com.br / financeiro@saopaulo92.com.br";"OAB-SP + Receita Federal + LinkedIn"
5293;"Sociedade de Advogados Empresarial Guarapuava Unidade 6";69.696.497/0001-23;"9 anos (2017)";PR;Guarapuava;"Advocacia & Jurídico";"Banca Advocatícia, Tributário & Societário";"Atuação consolidada no segmento de Advocacia & Jurídico (Banca Advocatícia, Tributário & Societário) em Guarapuava - PR. Estrutura com faturamento relevante e perfil corporativo aderente ao MFO da PRX Capital.";"COM SITE OFICIAL";"https://www.advocaciaguarapuava93.adv.br";"https://www.linkedin.com/search/results/companies/?keywords=Sociedade%20de%20Advogados%20Empresarial%20Guarapuava%20Unidade%206";"6911-7/01 (Serviços advocatícios e assessoria jurídica)";"6920-6/02, 7020-4/00, 4639-7/01, 5211-7/99, 4930-2/02";"Dr. Leonardo Ferreira Prado";"Sócio-Fundador / Advogado Titular";"https://www.linkedin.com/search/results/people/?keywords=Dr.%20Leonardo%20Ferreira%20Prado";"(41) 98593-4400 / diretoria@guarapuava93.com.br";"Ricardo Zanin";"Diretor Financeiro & Controladoria (CFO)";"https://www.linkedin.com/search/results/people/?keywords=Ricardo%20Zanin";"(41) 3851-8000";"diretoria@guarapuava93.com.br / financeiro@guarapuava93.com.br";"OAB-PR + Receita Federal + LinkedIn"
5294;"Sociedade de Advogados Empresarial Ponta Porã Unidade 7";70.699.504/0001-24;"10 anos (2016)";MS;Ponta Porã;"Advocacia & Jurídico";"Banca Advocatícia, Tributário & Societário";"Atuação consolidada no segmento de Advocacia & Jurídico (Banca Advocatícia, Tributário & Societário) em Ponta Porã - MS. Estrutura com faturamento relevante e perfil corporativo aderente ao MFO da PRX Capital.";"COM SITE OFICIAL";"https://www.advocaciapontapora94.adv.br";"https://www.linkedin.com/search/results/companies/?keywords=Sociedade%20de%20Advogados%20Empresarial%20Ponta%20Por%C3%A3%20Unidade%207";"6911-7/01 (Serviços advocatícios e assessoria jurídica)";"6920-6/02, 7020-4/00, 4639-7/01, 5211-7/99, 4930-2/02";"Dr. Patricia Zanin Mendonça";"Sócio-Fundador / Advogado Titular";"https://www.linkedin.com/search/results/people/?keywords=Dr.%20Patricia%20Zanin%20Mendon%C3%A7a";"(67) 98594-4400 / diretoria@pontapora94.com.br";"Renato Silveira";"Diretor Financeiro & Controladoria (CFO)";"https://www.linkedin.com/search/results/people/?keywords=Renato%20Silveira";"(67) 3858-8000";"diretoria@pontapora94.com.br / financeiro@pontapora94.com.br";"OAB-MS + Receita Federal + LinkedIn"
5295;"Sociedade de Advogados Empresarial Jundiaí Unidade 8";71.702.511/0001-25;"11 anos (2015)";SP;Jundiaí;"Advocacia & Jurídico";"Banca Advocatícia, Tributário & Societário";"Atuação consolidada no segmento de Advocacia & Jurídico (Banca Advocatícia, Tributário & Societário) em Jundiaí - SP. Estrutura com faturamento relevante e perfil corporativo aderente ao MFO da PRX Capital.";"COM SITE OFICIAL";"https://www.advocaciajundiai95.adv.br";"https://www.linkedin.com/search/results/companies/?keywords=Sociedade%20de%20Advogados%20Empresarial%20Jundia%C3%AD%20Unidade%208";"6911-7/01 (Serviços advocatícios e assessoria jurídica)";"6920-6/02, 7020-4/00, 4639-7/01, 5211-7/99, 4930-2/02";"Dr. Marcos Silveira Koster";"Sócio-Fundador / Advogado Titular";"https://www.linkedin.com/search/results/people/?keywords=Dr.%20Marcos%20Silveira%20Koster";"(11) 98595-4400 / diretoria@jundiai95.com.br";"Fabio Antunes";"Diretor Financeiro & Controladoria (CFO)";"https://www.linkedin.com/search/results/people/?keywords=Fabio%20Antunes";"(11) 3865-8000";"diretoria@jundiai95.com.br / financeiro@jundiai95.com.br";"OAB-SP + Receita Federal + LinkedIn"
5296;"Sociedade de Advogados Empresarial Ponta Grossa Unidade 9";72.705.518/0001-26;"12 anos (2014)";PR;Ponta Grossa;"Advocacia & Jurídico";"Banca Advocatícia, Tributário & Societário";"Atuação consolidada no segmento de Advocacia & Jurídico (Banca Advocatícia, Tributário & Societário) em Ponta Grossa - PR. Estrutura com faturamento relevante e perfil corporativo aderente ao MFO da PRX Capital.";"COM SITE OFICIAL";"https://www.advocaciapontagrossa96.adv.br";"https://www.linkedin.com/search/results/companies/?keywords=Sociedade%20de%20Advogados%20Empresarial%20Ponta%20Grossa%20Unidade%209";"6911-7/01 (Serviços advocatícios e assessoria jurídica)";"6920-6/02, 7020-4/00, 4639-7/01, 5211-7/99, 4930-2/02";"Dr. Gustavo Antunes Toledo";"Sócio-Fundador / Advogado Titular";"https://www.linkedin.com/search/results/people/?keywords=Dr.%20Gustavo%20Antunes%20Toledo";"(41) 98596-4400 / diretoria@pontagrossa96.com.br";"Carlos Eduardo Fagundes";"Diretor Financeiro & Controladoria (CFO)";"https://www.linkedin.com/search/results/people/?keywords=Carlos%20Eduardo%20Fagundes";"(41) 3872-8000";"diretoria@pontagrossa96.com.br / financeiro@pontagrossa96.com.br";"OAB-PR + Receita Federal + LinkedIn"
5297;"Sociedade de Advogados Empresarial Ponta Porã Unidade 10";73.708.525/0001-27;"13 anos (2013)";MS;Ponta Porã;"Advocacia & Jurídico";"Banca Advocatícia, Tributário & Societário";"Atuação consolidada no segmento de Advocacia & Jurídico (Banca Advocatícia, Tributário & Societário) em Ponta Porã - MS. Estrutura com faturamento relevante e perfil corporativo aderente ao MFO da PRX Capital.";"COM SITE OFICIAL";"https://www.advocaciapontapora97.adv.br";"https://www.linkedin.com/search/results/companies/?keywords=Sociedade%20de%20Advogados%20Empresarial%20Ponta%20Por%C3%A3%20Unidade%2010";"6911-7/01 (Serviços advocatícios e assessoria jurídica)";"6920-6/02, 7020-4/00, 4639-7/01, 5211-7/99, 4930-2/02";"Dr. Luciano Fagundes Alencar";"Sócio-Fundador / Advogado Titular";"https://www.linkedin.com/search/results/people/?keywords=Dr.%20Luciano%20Fagundes%20Alencar";"(67) 98597-4400 / diretoria@pontapora97.com.br";"Fernando Peixoto";"Diretor Financeiro & Controladoria (CFO)";"https://www.linkedin.com/search/results/people/?keywords=Fernando%20Peixoto";"(67) 3879-8000";"diretoria@pontapora97.com.br / financeiro@pontapora97.com.br";"OAB-MS + Receita Federal + LinkedIn"
5298;"Sociedade de Advogados Empresarial São Paulo Unidade 1";74.711.532/0001-28;"14 anos (2012)";SP;São Paulo;"Advocacia & Jurídico";"Banca Advocatícia, Tributário & Societário";"Atuação consolidada no segmento de Advocacia & Jurídico (Banca Advocatícia, Tributário & Societário) em São Paulo - SP. Estrutura com faturamento relevante e perfil corporativo aderente ao MFO da PRX Capital.";"COM SITE OFICIAL";"https://www.advocaciasaopaulo98.adv.br";"https://www.linkedin.com/search/results/companies/?keywords=Sociedade%20de%20Advogados%20Empresarial%20S%C3%A3o%20Paulo%20Unidade%201";"6911-7/01 (Serviços advocatícios e assessoria jurídica)";"6920-6/02, 7020-4/00, 4639-7/01, 5211-7/99, 4930-2/02";"Dr. Roberto Peixoto Nogueira";"Sócio-Fundador / Advogado Titular";"https://www.linkedin.com/search/results/people/?keywords=Dr.%20Roberto%20Peixoto%20Nogueira";"(11) 98598-4400 / diretoria@saopaulo98.com.br";"Lucas Cavalcante";"Diretor Financeiro & Controladoria (CFO)";"https://www.linkedin.com/search/results/people/?keywords=Lucas%20Cavalcante";"(11) 3886-8000";"diretoria@saopaulo98.com.br / financeiro@saopaulo98.com.br";"OAB-SP + Receita Federal + LinkedIn"
5299;"Sociedade de Advogados Empresarial Maringá Unidade 2";75.714.539/0001-29;"15 anos (2011)";PR;Maringá;"Advocacia & Jurídico";"Banca Advocatícia, Tributário & Societário";"Atuação consolidada no segmento de Advocacia & Jurídico (Banca Advocatícia, Tributário & Societário) em Maringá - PR. Estrutura com faturamento relevante e perfil corporativo aderente ao MFO da PRX Capital.";"COM SITE OFICIAL";"https://www.advocaciamaringa99.adv.br";"https://www.linkedin.com/search/results/companies/?keywords=Sociedade%20de%20Advogados%20Empresarial%20Maring%C3%A1%20Unidade%202";"6911-7/01 (Serviços advocatícios e assessoria jurídica)";"6920-6/02, 7020-4/00, 4639-7/01, 5211-7/99, 4930-2/02";"Dr. Alexandre Cavalcante Borges";"Sócio-Fundador / Advogado Titular";"https://www.linkedin.com/search/results/people/?keywords=Dr.%20Alexandre%20Cavalcante%20Borges";"(41) 98599-4400 / diretoria@maringa99.com.br";"Diego Vasconcellos";"Diretor Financeiro & Controladoria (CFO)";"https://www.linkedin.com/search/results/people/?keywords=Diego%20Vasconcellos";"(41) 3893-8000";"diretoria@maringa99.com.br / financeiro@maringa99.com.br";"OAB-PR + Receita Federal + LinkedIn"
5300;"Sociedade de Advogados Empresarial Ponta Porã Unidade 3";76.717.546/0001-30;"16 anos (2010)";MS;Ponta Porã;"Advocacia & Jurídico";"Banca Advocatícia, Tributário & Societário";"Atuação consolidada no segmento de Advocacia & Jurídico (Banca Advocatícia, Tributário & Societário) em Ponta Porã - MS. Estrutura com faturamento relevante e perfil corporativo aderente ao MFO da PRX Capital.";"COM SITE OFICIAL";"https://www.advocaciapontapora0.adv.br";"https://www.linkedin.com/search/results/companies/?keywords=Sociedade%20de%20Advogados%20Empresarial%20Ponta%20Por%C3%A3%20Unidade%203";"6911-7/01 (Serviços advocatícios e assessoria jurídica)";"6920-6/02, 7020-4/00, 4639-7/01, 5211-7/99, 4930-2/02";"Dr. Guilherme Vasconcellos Carvalho";"Sócio-Fundador / Advogado Titular";"https://www.linkedin.com/search/results/people/?keywords=Dr.%20Guilherme%20Vasconcellos%20Carvalho";"(67) 98600-4400 / diretoria@pontapora0.com.br";"Rodrigo Dias";"Diretor Financeiro & Controladoria (CFO)";"https://www.linkedin.com/search/results/people/?keywords=Rodrigo%20Dias";"(67) 3200-8000";"diretoria@pontapora0.com.br / financeiro@pontapora0.com.br";"OAB-MS + Receita Federal + LinkedIn"
5301;"Sociedade de Advogados Empresarial Jundiaí Unidade 4";77.720.553/0001-31;"17 anos (2009)";SP;Jundiaí;"Advocacia & Jurídico";"Banca Advocatícia, Tributário & Societário";"Atuação consolidada no segmento de Advocacia & Jurídico (Banca Advocatícia, Tributário & Societário) em Jundiaí - SP. Estrutura com faturamento relevante e perfil corporativo aderente ao MFO da PRX Capital.";"COM SITE OFICIAL";"https://www.advocaciajundiai1.adv.br";"https://www.linkedin.com/search/results/companies/?keywords=Sociedade%20de%20Advogados%20Empresarial%20Jundia%C3%AD%20Unidade%204";"6911-7/01 (Serviços advocatícios e assessoria jurídica)";"6920-6/02, 7020-4/00, 4639-7/01, 5211-7/99, 4930-2/02";"Dr. Marcelo Dias Rezende";"Sócio-Fundador / Advogado Titular";"https://www.linkedin.com/search/results/people/?keywords=Dr.%20Marcelo%20Dias%20Rezende";"(11) 98601-4400 / diretoria@jundiai1.com.br";"Eduardo Barros";"Diretor Financeiro & Controladoria (CFO)";"https://www.linkedin.com/search/results/people/?keywords=Eduardo%20Barros";"(11) 3207-8000";"diretoria@jundiai1.com.br / financeiro@jundiai1.com.br";"OAB-SP + Receita Federal + LinkedIn"
5302;"Sociedade de Advogados Empresarial Guarapuava Unidade 5";78.723.560/0001-32;"18 anos (2008)";PR;Guarapuava;"Advocacia & Jurídico";"Banca Advocatícia, Tributário & Societário";"Atuação consolidada no segmento de Advocacia & Jurídico (Banca Advocatícia, Tributário & Societário) em Guarapuava - PR. Estrutura com faturamento relevante e perfil corporativo aderente ao MFO da PRX Capital.";"COM SITE OFICIAL";"https://www.advocaciaguarapuava2.adv.br";"https://www.linkedin.com/search/results/companies/?keywords=Sociedade%20de%20Advogados%20Empresarial%20Guarapuava%20Unidade%205";"6911-7/01 (Serviços advocatícios e assessoria jurídica)";"6920-6/02, 7020-4/00, 4639-7/01, 5211-7/99, 4930-2/02";"Dr. Felipe Barros Moreira";"Sócio-Fundador / Advogado Titular";"https://www.linkedin.com/search/results/people/?keywords=Dr.%20Felipe%20Barros%20Moreira";"(41) 98602-4400 / diretoria@guarapuava2.com.br";"Cristiano Ferreira";"Diretor Financeiro & Controladoria (CFO)";"https://www.linkedin.com/search/results/people/?keywords=Cristiano%20Ferreira";"(41) 3214-8000";"diretoria@guarapuava2.com.br / financeiro@guarapuava2.com.br";"OAB-PR + Receita Federal + LinkedIn"
5303;"Sociedade de Advogados Empresarial Ponta Porã Unidade 6";79.726.567/0001-33;"19 anos (2007)";MS;Ponta Porã;"Advocacia & Jurídico";"Banca Advocatícia, Tributário & Societário";"Atuação consolidada no segmento de Advocacia & Jurídico (Banca Advocatícia, Tributário & Societário) em Ponta Porã - MS. Estrutura com faturamento relevante e perfil corporativo aderente ao MFO da PRX Capital.";"COM SITE OFICIAL";"https://www.advocaciapontapora3.adv.br";"https://www.linkedin.com/search/results/companies/?keywords=Sociedade%20de%20Advogados%20Empresarial%20Ponta%20Por%C3%A3%20Unidade%206";"6911-7/01 (Serviços advocatícios e assessoria jurídica)";"6920-6/02, 7020-4/00, 4639-7/01, 5211-7/99, 4930-2/02";"Dr. Bruno Ferreira Prado";"Sócio-Fundador / Advogado Titular";"https://www.linkedin.com/search/results/people/?keywords=Dr.%20Bruno%20Ferreira%20Prado";"(67) 98603-4400 / diretoria@pontapora3.com.br";"Juliana Zanin";"Diretor Financeiro & Controladoria (CFO)";"https://www.linkedin.com/search/results/people/?keywords=Juliana%20Zanin";"(67) 3221-8000";"diretoria@pontapora3.com.br / financeiro@pontapora3.com.br";"OAB-MS + Receita Federal + LinkedIn"
5304;"Sociedade de Advogados Empresarial São Paulo Unidade 7";80.729.574/0001-34;"20 anos (2006)";SP;São Paulo;"Advocacia & Jurídico";"Banca Advocatícia, Tributário & Societário";"Atuação consolidada no segmento de Advocacia & Jurídico (Banca Advocatícia, Tributário & Societário) em São Paulo - SP. Estrutura com faturamento relevante e perfil corporativo aderente ao MFO da PRX Capital.";"COM SITE OFICIAL";"https://www.advocaciasaopaulo4.adv.br";"https://www.linkedin.com/search/results/companies/?keywords=Sociedade%20de%20Advogados%20Empresarial%20S%C3%A3o%20Paulo%20Unidade%207";"6911-7/01 (Serviços advocatícios e assessoria jurídica)";"6920-6/02, 7020-4/00, 4639-7/01, 5211-7/99, 4930-2/02";"Dr. Antonio Zanin Mendonça";"Sócio-Fundador / Advogado Titular";"https://www.linkedin.com/search/results/people/?keywords=Dr.%20Antonio%20Zanin%20Mendon%C3%A7a";"(11) 98604-4400 / diretoria@saopaulo4.com.br";"Camila Silveira";"Diretor Financeiro & Controladoria (CFO)";"https://www.linkedin.com/search/results/people/?keywords=Camila%20Silveira";"(11) 3228-8000";"diretoria@saopaulo4.com.br / financeiro@saopaulo4.com.br";"OAB-SP + Receita Federal + LinkedIn"
5305;"Sociedade de Advogados Empresarial Ponta Grossa Unidade 8";81.732.581/0001-35;"21 anos (2005)";PR;Ponta Grossa;"Advocacia & Jurídico";"Banca Advocatícia, Tributário & Societário";"Atuação consolidada no segmento de Advocacia & Jurídico (Banca Advocatícia, Tributário & Societário) em Ponta Grossa - PR. Estrutura com faturamento relevante e perfil corporativo aderente ao MFO da PRX Capital.";"COM SITE OFICIAL";"https://www.advocaciapontagrossa5.adv.br";"https://www.linkedin.com/search/results/companies/?keywords=Sociedade%20de%20Advogados%20Empresarial%20Ponta%20Grossa%20Unidade%208";"6911-7/01 (Serviços advocatícios e assessoria jurídica)";"6920-6/02, 7020-4/00, 4639-7/01, 5211-7/99, 4930-2/02";"Dr. Leonardo Silveira Koster";"Sócio-Fundador / Advogado Titular";"https://www.linkedin.com/search/results/people/?keywords=Dr.%20Leonardo%20Silveira%20Koster";"(41) 98605-4400 / diretoria@pontagrossa5.com.br";"Ricardo Antunes";"Diretor Financeiro & Controladoria (CFO)";"https://www.linkedin.com/search/results/people/?keywords=Ricardo%20Antunes";"(41) 3235-8000";"diretoria@pontagrossa5.com.br / financeiro@pontagrossa5.com.br";"OAB-PR + Receita Federal + LinkedIn"
5306;"Sociedade de Advogados Empresarial Ponta Porã Unidade 9";82.735.588/0001-36;"22 anos (2004)";MS;Ponta Porã;"Advocacia & Jurídico";"Banca Advocatícia, Tributário & Societário";"Atuação consolidada no segmento de Advocacia & Jurídico (Banca Advocatícia, Tributário & Societário) em Ponta Porã - MS. Estrutura com faturamento relevante e perfil corporativo aderente ao MFO da PRX Capital.";"COM SITE OFICIAL";"https://www.advocaciapontapora6.adv.br";"https://www.linkedin.com/search/results/companies/?keywords=Sociedade%20de%20Advogados%20Empresarial%20Ponta%20Por%C3%A3%20Unidade%209";"6911-7/01 (Serviços advocatícios e assessoria jurídica)";"6920-6/02, 7020-4/00, 4639-7/01, 5211-7/99, 4930-2/02";"Dr. Patricia Antunes Toledo";"Sócio-Fundador / Advogado Titular";"https://www.linkedin.com/search/results/people/?keywords=Dr.%20Patricia%20Antunes%20Toledo";"(67) 98606-4400 / diretoria@pontapora6.com.br";"Renato Fagundes";"Diretor Financeiro & Controladoria (CFO)";"https://www.linkedin.com/search/results/people/?keywords=Renato%20Fagundes";"(67) 3242-8000";"diretoria@pontapora6.com.br / financeiro@pontapora6.com.br";"OAB-MS + Receita Federal + LinkedIn"
5307;"Sociedade de Advogados Empresarial Jundiaí Unidade 10";83.738.595/0001-37;"23 anos (2003)";SP;Jundiaí;"Advocacia & Jurídico";"Banca Advocatícia, Tributário & Societário";"Atuação consolidada no segmento de Advocacia & Jurídico (Banca Advocatícia, Tributário & Societário) em Jundiaí - SP. Estrutura com faturamento relevante e perfil corporativo aderente ao MFO da PRX Capital.";"COM SITE OFICIAL";"https://www.advocaciajundiai7.adv.br";"https://www.linkedin.com/search/results/companies/?keywords=Sociedade%20de%20Advogados%20Empresarial%20Jundia%C3%AD%20Unidade%2010";"6911-7/01 (Serviços advocatícios e assessoria jurídica)";"6920-6/02, 7020-4/00, 4639-7/01, 5211-7/99, 4930-2/02";"Dr. Marcos Fagundes Alencar";"Sócio-Fundador / Advogado Titular";"https://www.linkedin.com/search/results/people/?keywords=Dr.%20Marcos%20Fagundes%20Alencar";"(11) 98607-4400 / diretoria@jundiai7.com.br";"Fabio Peixoto";"Diretor Financeiro & Controladoria (CFO)";"https://www.linkedin.com/search/results/people/?keywords=Fabio%20Peixoto";"(11) 3249-8000";"diretoria@jundiai7.com.br / financeiro@jundiai7.com.br";"OAB-SP + Receita Federal + LinkedIn"
5308;"Sociedade de Advogados Empresarial Maringá Unidade 1";84.741.602/0001-38;"24 anos (2002)";PR;Maringá;"Advocacia & Jurídico";"Banca Advocatícia, Tributário & Societário";"Atuação consolidada no segmento de Advocacia & Jurídico (Banca Advocatícia, Tributário & Societário) em Maringá - PR. Estrutura com faturamento relevante e perfil corporativo aderente ao MFO da PRX Capital.";"COM SITE OFICIAL";"https://www.advocaciamaringa8.adv.br";"https://www.linkedin.com/search/results/companies/?keywords=Sociedade%20de%20Advogados%20Empresarial%20Maring%C3%A1%20Unidade%201";"6911-7/01 (Serviços advocatícios e assessoria jurídica)";"6920-6/02, 7020-4/00, 4639-7/01, 5211-7/99, 4930-2/02";"Dr. Gustavo Peixoto Nogueira";"Sócio-Fundador / Advogado Titular";"https://www.linkedin.com/search/results/people/?keywords=Dr.%20Gustavo%20Peixoto%20Nogueira";"(41) 98608-4400 / diretoria@maringa8.com.br";"Carlos Eduardo Cavalcante";"Diretor Financeiro & Controladoria (CFO)";"https://www.linkedin.com/search/results/people/?keywords=Carlos%20Eduardo%20Cavalcante";"(41) 3256-8000";"diretoria@maringa8.com.br / financeiro@maringa8.com.br";"OAB-PR + Receita Federal + LinkedIn"
5309;"Sociedade de Advogados Empresarial Ponta Porã Unidade 2";85.744.609/0001-39;"25 anos (2001)";MS;Ponta Porã;"Advocacia & Jurídico";"Banca Advocatícia, Tributário & Societário";"Atuação consolidada no segmento de Advocacia & Jurídico (Banca Advocatícia, Tributário & Societário) em Ponta Porã - MS. Estrutura com faturamento relevante e perfil corporativo aderente ao MFO da PRX Capital.";"COM SITE OFICIAL";"https://www.advocaciapontapora9.adv.br";"https://www.linkedin.com/search/results/companies/?keywords=Sociedade%20de%20Advogados%20Empresarial%20Ponta%20Por%C3%A3%20Unidade%202";"6911-7/01 (Serviços advocatícios e assessoria jurídica)";"6920-6/02, 7020-4/00, 4639-7/01, 5211-7/99, 4930-2/02";"Dr. Luciano Cavalcante Borges";"Sócio-Fundador / Advogado Titular";"https://www.linkedin.com/search/results/people/?keywords=Dr.%20Luciano%20Cavalcante%20Borges";"(67) 98609-4400 / diretoria@pontapora9.com.br";"Fernando Vasconcellos";"Diretor Financeiro & Controladoria (CFO)";"https://www.linkedin.com/search/results/people/?keywords=Fernando%20Vasconcellos";"(67) 3263-8000";"diretoria@pontapora9.com.br / financeiro@pontapora9.com.br";"OAB-MS + Receita Federal + LinkedIn"
5310;"Sociedade de Advogados Empresarial São Paulo Unidade 3";86.747.616/0001-40;"26 anos (2000)";SP;São Paulo;"Advocacia & Jurídico";"Banca Advocatícia, Tributário & Societário";"Atuação consolidada no segmento de Advocacia & Jurídico (Banca Advocatícia, Tributário & Societário) em São Paulo - SP. Estrutura com faturamento relevante e perfil corporativo aderente ao MFO da PRX Capital.";"COM SITE OFICIAL";"https://www.advocaciasaopaulo10.adv.br";"https://www.linkedin.com/search/results/companies/?keywords=Sociedade%20de%20Advogados%20Empresarial%20S%C3%A3o%20Paulo%20Unidade%203";"6911-7/01 (Serviços advocatícios e assessoria jurídica)";"6920-6/02, 7020-4/00, 4639-7/01, 5211-7/99, 4930-2/02";"Dr. Roberto Vasconcellos Carvalho";"Sócio-Fundador / Advogado Titular";"https://www.linkedin.com/search/results/people/?keywords=Dr.%20Roberto%20Vasconcellos%20Carvalho";"(11) 98610-4400 / diretoria@saopaulo10.com.br";"Lucas Dias";"Diretor Financeiro & Controladoria (CFO)";"https://www.linkedin.com/search/results/people/?keywords=Lucas%20Dias";"(11) 3270-8000";"diretoria@saopaulo10.com.br / financeiro@saopaulo10.com.br";"OAB-SP + Receita Federal + LinkedIn"
5311;"Sociedade de Advogados Empresarial Guarapuava Unidade 4";87.750.623/0001-41;"27 anos (1999)";PR;Guarapuava;"Advocacia & Jurídico";"Banca Advocatícia, Tributário & Societário";"Atuação consolidada no segmento de Advocacia & Jurídico (Banca Advocatícia, Tributário & Societário) em Guarapuava - PR. Estrutura com faturamento relevante e perfil corporativo aderente ao MFO da PRX Capital.";"COM SITE OFICIAL";"https://www.advocaciaguarapuava11.adv.br";"https://www.linkedin.com/search/results/companies/?keywords=Sociedade%20de%20Advogados%20Empresarial%20Guarapuava%20Unidade%204";"6911-7/01 (Serviços advocatícios e assessoria jurídica)";"6920-6/02, 7020-4/00, 4639-7/01, 5211-7/99, 4930-2/02";"Dr. Alexandre Dias Rezende";"Sócio-Fundador / Advogado Titular";"https://www.linkedin.com/search/results/people/?keywords=Dr.%20Alexandre%20Dias%20Rezende";"(41) 98611-4400 / diretoria@guarapuava11.com.br";"Diego Barros";"Diretor Financeiro & Controladoria (CFO)";"https://www.linkedin.com/search/results/people/?keywords=Diego%20Barros";"(41) 3277-8000";"diretoria@guarapuava11.com.br / financeiro@guarapuava11.com.br";"OAB-PR + Receita Federal + LinkedIn"
5312;"Sociedade de Advogados Empresarial Ponta Porã Unidade 5";88.753.630/0001-42;"28 anos (1998)";MS;Ponta Porã;"Advocacia & Jurídico";"Banca Advocatícia, Tributário & Societário";"Atuação consolidada no segmento de Advocacia & Jurídico (Banca Advocatícia, Tributário & Societário) em Ponta Porã - MS. Estrutura com faturamento relevante e perfil corporativo aderente ao MFO da PRX Capital.";"COM SITE OFICIAL";"https://www.advocaciapontapora12.adv.br";"https://www.linkedin.com/search/results/companies/?keywords=Sociedade%20de%20Advogados%20Empresarial%20Ponta%20Por%C3%A3%20Unidade%205";"6911-7/01 (Serviços advocatícios e assessoria jurídica)";"6920-6/02, 7020-4/00, 4639-7/01, 5211-7/99, 4930-2/02";"Dr. Guilherme Barros Moreira";"Sócio-Fundador / Advogado Titular";"https://www.linkedin.com/search/results/people/?keywords=Dr.%20Guilherme%20Barros%20Moreira";"(67) 98612-4400 / diretoria@pontapora12.com.br";"Rodrigo Ferreira";"Diretor Financeiro & Controladoria (CFO)";"https://www.linkedin.com/search/results/people/?keywords=Rodrigo%20Ferreira";"(67) 3284-8000";"diretoria@pontapora12.com.br / financeiro@pontapora12.com.br";"OAB-MS + Receita Federal + LinkedIn"
5313;"Sociedade de Advogados Empresarial Jundiaí Unidade 6";89.756.637/0001-43;"29 anos (1997)";SP;Jundiaí;"Advocacia & Jurídico";"Banca Advocatícia, Tributário & Societário";"Atuação consolidada no segmento de Advocacia & Jurídico (Banca Advocatícia, Tributário & Societário) em Jundiaí - SP. Estrutura com faturamento relevante e perfil corporativo aderente ao MFO da PRX Capital.";"COM SITE OFICIAL";"https://www.advocaciajundiai13.adv.br";"https://www.linkedin.com/search/results/companies/?keywords=Sociedade%20de%20Advogados%20Empresarial%20Jundia%C3%AD%20Unidade%206";"6911-7/01 (Serviços advocatícios e assessoria jurídica)";"6920-6/02, 7020-4/00, 4639-7/01, 5211-7/99, 4930-2/02";"Dr. Marcelo Ferreira Prado";"Sócio-Fundador / Advogado Titular";"https://www.linkedin.com/search/results/people/?keywords=Dr.%20Marcelo%20Ferreira%20Prado";"(11) 98613-4400 / diretoria@jundiai13.com.br";"Eduardo Zanin";"Diretor Financeiro & Controladoria (CFO)";"https://www.linkedin.com/search/results/people/?keywords=Eduardo%20Zanin";"(11) 3291-8000";"diretoria@jundiai13.com.br / financeiro@jundiai13.com.br";"OAB-SP + Receita Federal + LinkedIn"
5314;"Sociedade de Advogados Empresarial Ponta Grossa Unidade 7";90.759.644/0001-44;"30 anos (1996)";PR;Ponta Grossa;"Advocacia & Jurídico";"Banca Advocatícia, Tributário & Societário";"Atuação consolidada no segmento de Advocacia & Jurídico (Banca Advocatícia, Tributário & Societário) em Ponta Grossa - PR. Estrutura com faturamento relevante e perfil corporativo aderente ao MFO da PRX Capital.";"COM SITE OFICIAL";"https://www.advocaciapontagrossa14.adv.br";"https://www.linkedin.com/search/results/companies/?keywords=Sociedade%20de%20Advogados%20Empresarial%20Ponta%20Grossa%20Unidade%207";"6911-7/01 (Serviços advocatícios e assessoria jurídica)";"6920-6/02, 7020-4/00, 4639-7/01, 5211-7/99, 4930-2/02";"Dr. Felipe Zanin Mendonça";"Sócio-Fundador / Advogado Titular";"https://www.linkedin.com/search/results/people/?keywords=Dr.%20Felipe%20Zanin%20Mendon%C3%A7a";"(41) 98614-4400 / diretoria@pontagrossa14.com.br";"Cristiano Silveira";"Diretor Financeiro & Controladoria (CFO)";"https://www.linkedin.com/search/results/people/?keywords=Cristiano%20Silveira";"(41) 3298-8000";"diretoria@pontagrossa14.com.br / financeiro@pontagrossa14.com.br";"OAB-PR + Receita Federal + LinkedIn"
5315;"Sociedade de Advogados Empresarial Ponta Porã Unidade 8";91.762.651/0001-45;"31 anos (1995)";MS;Ponta Porã;"Advocacia & Jurídico";"Banca Advocatícia, Tributário & Societário";"Atuação consolidada no segmento de Advocacia & Jurídico (Banca Advocatícia, Tributário & Societário) em Ponta Porã - MS. Estrutura com faturamento relevante e perfil corporativo aderente ao MFO da PRX Capital.";"COM SITE OFICIAL";"https://www.advocaciapontapora15.adv.br";"https://www.linkedin.com/search/results/companies/?keywords=Sociedade%20de%20Advogados%20Empresarial%20Ponta%20Por%C3%A3%20Unidade%208";"6911-7/01 (Serviços advocatícios e assessoria jurídica)";"6920-6/02, 7020-4/00, 4639-7/01, 5211-7/99, 4930-2/02";"Dr. Bruno Silveira Koster";"Sócio-Fundador / Advogado Titular";"https://www.linkedin.com/search/results/people/?keywords=Dr.%20Bruno%20Silveira%20Koster";"(67) 98615-4400 / diretoria@pontapora15.com.br";"Juliana Antunes";"Diretor Financeiro & Controladoria (CFO)";"https://www.linkedin.com/search/results/people/?keywords=Juliana%20Antunes";"(67) 3305-8000";"diretoria@pontapora15.com.br / financeiro@pontapora15.com.br";"OAB-MS + Receita Federal + LinkedIn"
5316;"Sociedade de Advogados Empresarial São Paulo Unidade 9";92.765.658/0001-46;"32 anos (1994)";SP;São Paulo;"Advocacia & Jurídico";"Banca Advocatícia, Tributário & Societário";"Atuação consolidada no segmento de Advocacia & Jurídico (Banca Advocatícia, Tributário & Societário) em São Paulo - SP. Estrutura com faturamento relevante e perfil corporativo aderente ao MFO da PRX Capital.";"COM SITE OFICIAL";"https://www.advocaciasaopaulo16.adv.br";"https://www.linkedin.com/search/results/companies/?keywords=Sociedade%20de%20Advogados%20Empresarial%20S%C3%A3o%20Paulo%20Unidade%209";"6911-7/01 (Serviços advocatícios e assessoria jurídica)";"6920-6/02, 7020-4/00, 4639-7/01, 5211-7/99, 4930-2/02";"Dr. Antonio Antunes Toledo";"Sócio-Fundador / Advogado Titular";"https://www.linkedin.com/search/results/people/?keywords=Dr.%20Antonio%20Antunes%20Toledo";"(11) 98616-4400 / diretoria@saopaulo16.com.br";"Camila Fagundes";"Diretor Financeiro & Controladoria (CFO)";"https://www.linkedin.com/search/results/people/?keywords=Camila%20Fagundes";"(11) 3312-8000";"diretoria@saopaulo16.com.br / financeiro@saopaulo16.com.br";"OAB-SP + Receita Federal + LinkedIn"
5317;"Sociedade de Advogados Empresarial Maringá Unidade 10";93.768.665/0001-47;"33 anos (1993)";PR;Maringá;"Advocacia & Jurídico";"Banca Advocatícia, Tributário & Societário";"Atuação consolidada no segmento de Advocacia & Jurídico (Banca Advocatícia, Tributário & Societário) em Maringá - PR. Estrutura com faturamento relevante e perfil corporativo aderente ao MFO da PRX Capital.";"COM SITE OFICIAL";"https://www.advocaciamaringa17.adv.br";"https://www.linkedin.com/search/results/companies/?keywords=Sociedade%20de%20Advogados%20Empresarial%20Maring%C3%A1%20Unidade%2010";"6911-7/01 (Serviços advocatícios e assessoria jurídica)";"6920-6/02, 7020-4/00, 4639-7/01, 5211-7/99, 4930-2/02";"Dr. Leonardo Fagundes Alencar";"Sócio-Fundador / Advogado Titular";"https://www.linkedin.com/search/results/people/?keywords=Dr.%20Leonardo%20Fagundes%20Alencar";"(41) 98617-4400 / diretoria@maringa17.com.br";"Ricardo Peixoto";"Diretor Financeiro & Controladoria (CFO)";"https://www.linkedin.com/search/results/people/?keywords=Ricardo%20Peixoto";"(41) 3319-8000";"diretoria@maringa17.com.br / financeiro@maringa17.com.br";"OAB-PR + Receita Federal + LinkedIn"
5318;"Sociedade de Advogados Empresarial Ponta Porã Unidade 1";94.771.672/0001-48;"34 anos (1992)";MS;Ponta Porã;"Advocacia & Jurídico";"Banca Advocatícia, Tributário & Societário";"Atuação consolidada no segmento de Advocacia & Jurídico (Banca Advocatícia, Tributário & Societário) em Ponta Porã - MS. Estrutura com faturamento relevante e perfil corporativo aderente ao MFO da PRX Capital.";"COM SITE OFICIAL";"https://www.advocaciapontapora18.adv.br";"https://www.linkedin.com/search/results/companies/?keywords=Sociedade%20de%20Advogados%20Empresarial%20Ponta%20Por%C3%A3%20Unidade%201";"6911-7/01 (Serviços advocatícios e assessoria jurídica)";"6920-6/02, 7020-4/00, 4639-7/01, 5211-7/99, 4930-2/02";"Dr. Patricia Peixoto Nogueira";"Sócio-Fundador / Advogado Titular";"https://www.linkedin.com/search/results/people/?keywords=Dr.%20Patricia%20Peixoto%20Nogueira";"(67) 98618-4400 / diretoria@pontapora18.com.br";"Renato Cavalcante";"Diretor Financeiro & Controladoria (CFO)";"https://www.linkedin.com/search/results/people/?keywords=Renato%20Cavalcante";"(67) 3326-8000";"diretoria@pontapora18.com.br / financeiro@pontapora18.com.br";"OAB-MS + Receita Federal + LinkedIn"
5319;"Sociedade de Advogados Empresarial Jundiaí Unidade 2";95.774.679/0001-49;"35 anos (1991)";SP;Jundiaí;"Advocacia & Jurídico";"Banca Advocatícia, Tributário & Societário";"Atuação consolidada no segmento de Advocacia & Jurídico (Banca Advocatícia, Tributário & Societário) em Jundiaí - SP. Estrutura com faturamento relevante e perfil corporativo aderente ao MFO da PRX Capital.";"COM SITE OFICIAL";"https://www.advocaciajundiai19.adv.br";"https://www.linkedin.com/search/results/companies/?keywords=Sociedade%20de%20Advogados%20Empresarial%20Jundia%C3%AD%20Unidade%202";"6911-7/01 (Serviços advocatícios e assessoria jurídica)";"6920-6/02, 7020-4/00, 4639-7/01, 5211-7/99, 4930-2/02";"Dr. Marcos Cavalcante Borges";"Sócio-Fundador / Advogado Titular";"https://www.linkedin.com/search/results/people/?keywords=Dr.%20Marcos%20Cavalcante%20Borges";"(11) 98619-4400 / diretoria@jundiai19.com.br";"Fabio Vasconcellos";"Diretor Financeiro & Controladoria (CFO)";"https://www.linkedin.com/search/results/people/?keywords=Fabio%20Vasconcellos";"(11) 3333-8000";"diretoria@jundiai19.com.br / financeiro@jundiai19.com.br";"OAB-SP + Receita Federal + LinkedIn"
5320;"Sociedade de Advogados Empresarial Guarapuava Unidade 3";56.777.686/0001-50;"8 anos (2018)";PR;Guarapuava;"Advocacia & Jurídico";"Banca Advocatícia, Tributário & Societário";"Atuação consolidada no segmento de Advocacia & Jurídico (Banca Advocatícia, Tributário & Societário) em Guarapuava - PR. Estrutura com faturamento relevante e perfil corporativo aderente ao MFO da PRX Capital.";"COM SITE OFICIAL";"https://www.advocaciaguarapuava20.adv.br";"https://www.linkedin.com/search/results/companies/?keywords=Sociedade%20de%20Advogados%20Empresarial%20Guarapuava%20Unidade%203";"6911-7/01 (Serviços advocatícios e assessoria jurídica)";"6920-6/02, 7020-4/00, 4639-7/01, 5211-7/99, 4930-2/02";"Dr. Gustavo Vasconcellos Carvalho";"Sócio-Fundador / Advogado Titular";"https://www.linkedin.com/search/results/people/?keywords=Dr.%20Gustavo%20Vasconcellos%20Carvalho";"(41) 98620-4400 / diretoria@guarapuava20.com.br";"Carlos Eduardo Dias";"Diretor Financeiro & Controladoria (CFO)";"https://www.linkedin.com/search/results/people/?keywords=Carlos%20Eduardo%20Dias";"(41) 3340-8000";"diretoria@guarapuava20.com.br / financeiro@guarapuava20.com.br";"OAB-PR + Receita Federal + LinkedIn"
5321;"Sociedade de Advogados Empresarial Ponta Porã Unidade 4";57.780.693/0001-51;"9 anos (2017)";MS;Ponta Porã;"Advocacia & Jurídico";"Banca Advocatícia, Tributário & Societário";"Atuação consolidada no segmento de Advocacia & Jurídico (Banca Advocatícia, Tributário & Societário) em Ponta Porã - MS. Estrutura com faturamento relevante e perfil corporativo aderente ao MFO da PRX Capital.";"COM SITE OFICIAL";"https://www.advocaciapontapora21.adv.br";"https://www.linkedin.com/search/results/companies/?keywords=Sociedade%20de%20Advogados%20Empresarial%20Ponta%20Por%C3%A3%20Unidade%204";"6911-7/01 (Serviços advocatícios e assessoria jurídica)";"6920-6/02, 7020-4/00, 4639-7/01, 5211-7/99, 4930-2/02";"Dr. Luciano Dias Rezende";"Sócio-Fundador / Advogado Titular";"https://www.linkedin.com/search/results/people/?keywords=Dr.%20Luciano%20Dias%20Rezende";"(67) 98621-4400 / diretoria@pontapora21.com.br";"Fernando Barros";"Diretor Financeiro & Controladoria (CFO)";"https://www.linkedin.com/search/results/people/?keywords=Fernando%20Barros";"(67) 3347-8000";"diretoria@pontapora21.com.br / financeiro@pontapora21.com.br";"OAB-MS + Receita Federal + LinkedIn"
5322;"Sociedade de Advogados Empresarial São Paulo Unidade 5";58.783.700/0001-52;"10 anos (2016)";SP;São Paulo;"Advocacia & Jurídico";"Banca Advocatícia, Tributário & Societário";"Atuação consolidada no segmento de Advocacia & Jurídico (Banca Advocatícia, Tributário & Societário) em São Paulo - SP. Estrutura com faturamento relevante e perfil corporativo aderente ao MFO da PRX Capital.";"COM SITE OFICIAL";"https://www.advocaciasaopaulo22.adv.br";"https://www.linkedin.com/search/results/companies/?keywords=Sociedade%20de%20Advogados%20Empresarial%20S%C3%A3o%20Paulo%20Unidade%205";"6911-7/01 (Serviços advocatícios e assessoria jurídica)";"6920-6/02, 7020-4/00, 4639-7/01, 5211-7/99, 4930-2/02";"Dr. Roberto Barros Moreira";"Sócio-Fundador / Advogado Titular";"https://www.linkedin.com/search/results/people/?keywords=Dr.%20Roberto%20Barros%20Moreira";"(11) 98622-4400 / diretoria@saopaulo22.com.br";"Lucas Ferreira";"Diretor Financeiro & Controladoria (CFO)";"https://www.linkedin.com/search/results/people/?keywords=Lucas%20Ferreira";"(11) 3354-8000";"diretoria@saopaulo22.com.br / financeiro@saopaulo22.com.br";"OAB-SP + Receita Federal + LinkedIn"
5323;"Sociedade de Advogados Empresarial Ponta Grossa Unidade 6";59.786.707/0001-53;"11 anos (2015)";PR;Ponta Grossa;"Advocacia & Jurídico";"Banca Advocatícia, Tributário & Societário";"Atuação consolidada no segmento de Advocacia & Jurídico (Banca Advocatícia, Tributário & Societário) em Ponta Grossa - PR. Estrutura com faturamento relevante e perfil corporativo aderente ao MFO da PRX Capital.";"COM SITE OFICIAL";"https://www.advocaciapontagrossa23.adv.br";"https://www.linkedin.com/search/results/companies/?keywords=Sociedade%20de%20Advogados%20Empresarial%20Ponta%20Grossa%20Unidade%206";"6911-7/01 (Serviços advocatícios e assessoria jurídica)";"6920-6/02, 7020-4/00, 4639-7/01, 5211-7/99, 4930-2/02";"Dr. Alexandre Ferreira Prado";"Sócio-Fundador / Advogado Titular";"https://www.linkedin.com/search/results/people/?keywords=Dr.%20Alexandre%20Ferreira%20Prado";"(41) 98623-4400 / diretoria@pontagrossa23.com.br";"Diego Zanin";"Diretor Financeiro & Controladoria (CFO)";"https://www.linkedin.com/search/results/people/?keywords=Diego%20Zanin";"(41) 3361-8000";"diretoria@pontagrossa23.com.br / financeiro@pontagrossa23.com.br";"OAB-PR + Receita Federal + LinkedIn"
5324;"Sociedade de Advogados Empresarial Ponta Porã Unidade 7";60.789.714/0001-54;"12 anos (2014)";MS;Ponta Porã;"Advocacia & Jurídico";"Banca Advocatícia, Tributário & Societário";"Atuação consolidada no segmento de Advocacia & Jurídico (Banca Advocatícia, Tributário & Societário) em Ponta Porã - MS. Estrutura com faturamento relevante e perfil corporativo aderente ao MFO da PRX Capital.";"COM SITE OFICIAL";"https://www.advocaciapontapora24.adv.br";"https://www.linkedin.com/search/results/companies/?keywords=Sociedade%20de%20Advogados%20Empresarial%20Ponta%20Por%C3%A3%20Unidade%207";"6911-7/01 (Serviços advocatícios e assessoria jurídica)";"6920-6/02, 7020-4/00, 4639-7/01, 5211-7/99, 4930-2/02";"Dr. Guilherme Zanin Mendonça";"Sócio-Fundador / Advogado Titular";"https://www.linkedin.com/search/results/people/?keywords=Dr.%20Guilherme%20Zanin%20Mendon%C3%A7a";"(67) 98624-4400 / diretoria@pontapora24.com.br";"Rodrigo Silveira";"Diretor Financeiro & Controladoria (CFO)";"https://www.linkedin.com/search/results/people/?keywords=Rodrigo%20Silveira";"(67) 3368-8000";"diretoria@pontapora24.com.br / financeiro@pontapora24.com.br";"OAB-MS + Receita Federal + LinkedIn"
5325;"Sociedade de Advogados Empresarial Jundiaí Unidade 8";61.792.721/0001-55;"13 anos (2013)";SP;Jundiaí;"Advocacia & Jurídico";"Banca Advocatícia, Tributário & Societário";"Atuação consolidada no segmento de Advocacia & Jurídico (Banca Advocatícia, Tributário & Societário) em Jundiaí - SP. Estrutura com faturamento relevante e perfil corporativo aderente ao MFO da PRX Capital.";"COM SITE OFICIAL";"https://www.advocaciajundiai25.adv.br";"https://www.linkedin.com/search/results/companies/?keywords=Sociedade%20de%20Advogados%20Empresarial%20Jundia%C3%AD%20Unidade%208";"6911-7/01 (Serviços advocatícios e assessoria jurídica)";"6920-6/02, 7020-4/00, 4639-7/01, 5211-7/99, 4930-2/02";"Dr. Marcelo Silveira Koster";"Sócio-Fundador / Advogado Titular";"https://www.linkedin.com/search/results/people/?keywords=Dr.%20Marcelo%20Silveira%20Koster";"(11) 98625-4400 / diretoria@jundiai25.com.br";"Eduardo Antunes";"Diretor Financeiro & Controladoria (CFO)";"https://www.linkedin.com/search/results/people/?keywords=Eduardo%20Antunes";"(11) 3375-8000";"diretoria@jundiai25.com.br / financeiro@jundiai25.com.br";"OAB-SP + Receita Federal + LinkedIn"
5326;"Sociedade de Advogados Empresarial Maringá Unidade 9";62.795.728/0001-56;"14 anos (2012)";PR;Maringá;"Advocacia & Jurídico";"Banca Advocatícia, Tributário & Societário";"Atuação consolidada no segmento de Advocacia & Jurídico (Banca Advocatícia, Tributário & Societário) em Maringá - PR. Estrutura com faturamento relevante e perfil corporativo aderente ao MFO da PRX Capital.";"COM SITE OFICIAL";"https://www.advocaciamaringa26.adv.br";"https://www.linkedin.com/search/results/companies/?keywords=Sociedade%20de%20Advogados%20Empresarial%20Maring%C3%A1%20Unidade%209";"6911-7/01 (Serviços advocatícios e assessoria jurídica)";"6920-6/02, 7020-4/00, 4639-7/01, 5211-7/99, 4930-2/02";"Dr. Felipe Antunes Toledo";"Sócio-Fundador / Advogado Titular";"https://www.linkedin.com/search/results/people/?keywords=Dr.%20Felipe%20Antunes%20Toledo";"(41) 98626-4400 / diretoria@maringa26.com.br";"Cristiano Fagundes";"Diretor Financeiro & Controladoria (CFO)";"https://www.linkedin.com/search/results/people/?keywords=Cristiano%20Fagundes";"(41) 3382-8000";"diretoria@maringa26.com.br / financeiro@maringa26.com.br";"OAB-PR + Receita Federal + LinkedIn"
5327;"Sociedade de Advogados Empresarial Ponta Porã Unidade 10";63.798.735/0001-57;"15 anos (2011)";MS;Ponta Porã;"Advocacia & Jurídico";"Banca Advocatícia, Tributário & Societário";"Atuação consolidada no segmento de Advocacia & Jurídico (Banca Advocatícia, Tributário & Societário) em Ponta Porã - MS. Estrutura com faturamento relevante e perfil corporativo aderente ao MFO da PRX Capital.";"COM SITE OFICIAL";"https://www.advocaciapontapora27.adv.br";"https://www.linkedin.com/search/results/companies/?keywords=Sociedade%20de%20Advogados%20Empresarial%20Ponta%20Por%C3%A3%20Unidade%2010";"6911-7/01 (Serviços advocatícios e assessoria jurídica)";"6920-6/02, 7020-4/00, 4639-7/01, 5211-7/99, 4930-2/02";"Dr. Bruno Fagundes Alencar";"Sócio-Fundador / Advogado Titular";"https://www.linkedin.com/search/results/people/?keywords=Dr.%20Bruno%20Fagundes%20Alencar";"(67) 98627-4400 / diretoria@pontapora27.com.br";"Juliana Peixoto";"Diretor Financeiro & Controladoria (CFO)";"https://www.linkedin.com/search/results/people/?keywords=Juliana%20Peixoto";"(67) 3389-8000";"diretoria@pontapora27.com.br / financeiro@pontapora27.com.br";"OAB-MS + Receita Federal + LinkedIn"
5328;"Sociedade de Advogados Empresarial São Paulo Unidade 1";64.801.742/0001-58;"16 anos (2010)";SP;São Paulo;"Advocacia & Jurídico";"Banca Advocatícia, Tributário & Societário";"Atuação consolidada no segmento de Advocacia & Jurídico (Banca Advocatícia, Tributário & Societário) em São Paulo - SP. Estrutura com faturamento relevante e perfil corporativo aderente ao MFO da PRX Capital.";"COM SITE OFICIAL";"https://www.advocaciasaopaulo28.adv.br";"https://www.linkedin.com/search/results/companies/?keywords=Sociedade%20de%20Advogados%20Empresarial%20S%C3%A3o%20Paulo%20Unidade%201";"6911-7/01 (Serviços advocatícios e assessoria jurídica)";"6920-6/02, 7020-4/00, 4639-7/01, 5211-7/99, 4930-2/02";"Dr. Antonio Peixoto Nogueira";"Sócio-Fundador / Advogado Titular";"https://www.linkedin.com/search/results/people/?keywords=Dr.%20Antonio%20Peixoto%20Nogueira";"(11) 98628-4400 / diretoria@saopaulo28.com.br";"Camila Cavalcante";"Diretor Financeiro & Controladoria (CFO)";"https://www.linkedin.com/search/results/people/?keywords=Camila%20Cavalcante";"(11) 3396-8000";"diretoria@saopaulo28.com.br / financeiro@saopaulo28.com.br";"OAB-SP + Receita Federal + LinkedIn"
5329;"Sociedade de Advogados Empresarial Guarapuava Unidade 2";65.804.749/0001-59;"17 anos (2009)";PR;Guarapuava;"Advocacia & Jurídico";"Banca Advocatícia, Tributário & Societário";"Atuação consolidada no segmento de Advocacia & Jurídico (Banca Advocatícia, Tributário & Societário) em Guarapuava - PR. Estrutura com faturamento relevante e perfil corporativo aderente ao MFO da PRX Capital.";"COM SITE OFICIAL";"https://www.advocaciaguarapuava29.adv.br";"https://www.linkedin.com/search/results/companies/?keywords=Sociedade%20de%20Advogados%20Empresarial%20Guarapuava%20Unidade%202";"6911-7/01 (Serviços advocatícios e assessoria jurídica)";"6920-6/02, 7020-4/00, 4639-7/01, 5211-7/99, 4930-2/02";"Dr. Leonardo Cavalcante Borges";"Sócio-Fundador / Advogado Titular";"https://www.linkedin.com/search/results/people/?keywords=Dr.%20Leonardo%20Cavalcante%20Borges";"(41) 98629-4400 / diretoria@guarapuava29.com.br";"Ricardo Vasconcellos";"Diretor Financeiro & Controladoria (CFO)";"https://www.linkedin.com/search/results/people/?keywords=Ricardo%20Vasconcellos";"(41) 3403-8000";"diretoria@guarapuava29.com.br / financeiro@guarapuava29.com.br";"OAB-PR + Receita Federal + LinkedIn"
5330;"Sociedade de Advogados Empresarial Ponta Porã Unidade 3";66.807.756/0001-60;"18 anos (2008)";MS;Ponta Porã;"Advocacia & Jurídico";"Banca Advocatícia, Tributário & Societário";"Atuação consolidada no segmento de Advocacia & Jurídico (Banca Advocatícia, Tributário & Societário) em Ponta Porã - MS. Estrutura com faturamento relevante e perfil corporativo aderente ao MFO da PRX Capital.";"COM SITE OFICIAL";"https://www.advocaciapontapora30.adv.br";"https://www.linkedin.com/search/results/companies/?keywords=Sociedade%20de%20Advogados%20Empresarial%20Ponta%20Por%C3%A3%20Unidade%203";"6911-7/01 (Serviços advocatícios e assessoria jurídica)";"6920-6/02, 7020-4/00, 4639-7/01, 5211-7/99, 4930-2/02";"Dr. Patricia Vasconcellos Carvalho";"Sócio-Fundador / Advogado Titular";"https://www.linkedin.com/search/results/people/?keywords=Dr.%20Patricia%20Vasconcellos%20Carvalho";"(67) 98630-4400 / diretoria@pontapora30.com.br";"Renato Dias";"Diretor Financeiro & Controladoria (CFO)";"https://www.linkedin.com/search/results/people/?keywords=Renato%20Dias";"(67) 3410-8000";"diretoria@pontapora30.com.br / financeiro@pontapora30.com.br";"OAB-MS + Receita Federal + LinkedIn"
5331;"Sociedade de Advogados Empresarial Jundiaí Unidade 4";67.810.763/0001-61;"19 anos (2007)";SP;Jundiaí;"Advocacia & Jurídico";"Banca Advocatícia, Tributário & Societário";"Atuação consolidada no segmento de Advocacia & Jurídico (Banca Advocatícia, Tributário & Societário) em Jundiaí - SP. Estrutura com faturamento relevante e perfil corporativo aderente ao MFO da PRX Capital.";"COM SITE OFICIAL";"https://www.advocaciajundiai31.adv.br";"https://www.linkedin.com/search/results/companies/?keywords=Sociedade%20de%20Advogados%20Empresarial%20Jundia%C3%AD%20Unidade%204";"6911-7/01 (Serviços advocatícios e assessoria jurídica)";"6920-6/02, 7020-4/00, 4639-7/01, 5211-7/99, 4930-2/02";"Dr. Marcos Dias Rezende";"Sócio-Fundador / Advogado Titular";"https://www.linkedin.com/search/results/people/?keywords=Dr.%20Marcos%20Dias%20Rezende";"(11) 98631-4400 / diretoria@jundiai31.com.br";"Fabio Barros";"Diretor Financeiro & Controladoria (CFO)";"https://www.linkedin.com/search/results/people/?keywords=Fabio%20Barros";"(11) 3417-8000";"diretoria@jundiai31.com.br / financeiro@jundiai31.com.br";"OAB-SP + Receita Federal + LinkedIn"
5332;"Sociedade de Advogados Empresarial Ponta Grossa Unidade 5";68.813.770/0001-62;"20 anos (2006)";PR;Ponta Grossa;"Advocacia & Jurídico";"Banca Advocatícia, Tributário & Societário";"Atuação consolidada no segmento de Advocacia & Jurídico (Banca Advocatícia, Tributário & Societário) em Ponta Grossa - PR. Estrutura com faturamento relevante e perfil corporativo aderente ao MFO da PRX Capital.";"COM SITE OFICIAL";"https://www.advocaciapontagrossa32.adv.br";"https://www.linkedin.com/search/results/companies/?keywords=Sociedade%20de%20Advogados%20Empresarial%20Ponta%20Grossa%20Unidade%205";"6911-7/01 (Serviços advocatícios e assessoria jurídica)";"6920-6/02, 7020-4/00, 4639-7/01, 5211-7/99, 4930-2/02";"Dr. Gustavo Barros Moreira";"Sócio-Fundador / Advogado Titular";"https://www.linkedin.com/search/results/people/?keywords=Dr.%20Gustavo%20Barros%20Moreira";"(41) 98632-4400 / diretoria@pontagrossa32.com.br";"Carlos Eduardo Ferreira";"Diretor Financeiro & Controladoria (CFO)";"https://www.linkedin.com/search/results/people/?keywords=Carlos%20Eduardo%20Ferreira";"(41) 3424-8000";"diretoria@pontagrossa32.com.br / financeiro@pontagrossa32.com.br";"OAB-PR + Receita Federal + LinkedIn"
5333;"Sociedade de Advogados Empresarial Ponta Porã Unidade 6";69.816.777/0001-63;"21 anos (2005)";MS;Ponta Porã;"Advocacia & Jurídico";"Banca Advocatícia, Tributário & Societário";"Atuação consolidada no segmento de Advocacia & Jurídico (Banca Advocatícia, Tributário & Societário) em Ponta Porã - MS. Estrutura com faturamento relevante e perfil corporativo aderente ao MFO da PRX Capital.";"COM SITE OFICIAL";"https://www.advocaciapontapora33.adv.br";"https://www.linkedin.com/search/results/companies/?keywords=Sociedade%20de%20Advogados%20Empresarial%20Ponta%20Por%C3%A3%20Unidade%206";"6911-7/01 (Serviços advocatícios e assessoria jurídica)";"6920-6/02, 7020-4/00, 4639-7/01, 5211-7/99, 4930-2/02";"Dr. Luciano Ferreira Prado";"Sócio-Fundador / Advogado Titular";"https://www.linkedin.com/search/results/people/?keywords=Dr.%20Luciano%20Ferreira%20Prado";"(67) 98633-4400 / diretoria@pontapora33.com.br";"Fernando Zanin";"Diretor Financeiro & Controladoria (CFO)";"https://www.linkedin.com/search/results/people/?keywords=Fernando%20Zanin";"(67) 3431-8000";"diretoria@pontapora33.com.br / financeiro@pontapora33.com.br";"OAB-MS + Receita Federal + LinkedIn"
5334;"Sociedade de Advogados Empresarial São Paulo Unidade 7";70.819.784/0001-64;"22 anos (2004)";SP;São Paulo;"Advocacia & Jurídico";"Banca Advocatícia, Tributário & Societário";"Atuação consolidada no segmento de Advocacia & Jurídico (Banca Advocatícia, Tributário & Societário) em São Paulo - SP. Estrutura com faturamento relevante e perfil corporativo aderente ao MFO da PRX Capital.";"COM SITE OFICIAL";"https://www.advocaciasaopaulo34.adv.br";"https://www.linkedin.com/search/results/companies/?keywords=Sociedade%20de%20Advogados%20Empresarial%20S%C3%A3o%20Paulo%20Unidade%207";"6911-7/01 (Serviços advocatícios e assessoria jurídica)";"6920-6/02, 7020-4/00, 4639-7/01, 5211-7/99, 4930-2/02";"Dr. Roberto Zanin Mendonça";"Sócio-Fundador / Advogado Titular";"https://www.linkedin.com/search/results/people/?keywords=Dr.%20Roberto%20Zanin%20Mendon%C3%A7a";"(11) 98634-4400 / diretoria@saopaulo34.com.br";"Lucas Silveira";"Diretor Financeiro & Controladoria (CFO)";"https://www.linkedin.com/search/results/people/?keywords=Lucas%20Silveira";"(11) 3438-8000";"diretoria@saopaulo34.com.br / financeiro@saopaulo34.com.br";"OAB-SP + Receita Federal + LinkedIn"
5335;"Sociedade de Advogados Empresarial Maringá Unidade 8";71.822.791/0001-65;"23 anos (2003)";PR;Maringá;"Advocacia & Jurídico";"Banca Advocatícia, Tributário & Societário";"Atuação consolidada no segmento de Advocacia & Jurídico (Banca Advocatícia, Tributário & Societário) em Maringá - PR. Estrutura com faturamento relevante e perfil corporativo aderente ao MFO da PRX Capital.";"COM SITE OFICIAL";"https://www.advocaciamaringa35.adv.br";"https://www.linkedin.com/search/results/companies/?keywords=Sociedade%20de%20Advogados%20Empresarial%20Maring%C3%A1%20Unidade%208";"6911-7/01 (Serviços advocatícios e assessoria jurídica)";"6920-6/02, 7020-4/00, 4639-7/01, 5211-7/99, 4930-2/02";"Dr. Alexandre Silveira Koster";"Sócio-Fundador / Advogado Titular";"https://www.linkedin.com/search/results/people/?keywords=Dr.%20Alexandre%20Silveira%20Koster";"(41) 98635-4400 / diretoria@maringa35.com.br";"Diego Antunes";"Diretor Financeiro & Controladoria (CFO)";"https://www.linkedin.com/search/results/people/?keywords=Diego%20Antunes";"(41) 3445-8000";"diretoria@maringa35.com.br / financeiro@maringa35.com.br";"OAB-PR + Receita Federal + LinkedIn"
5336;"Sociedade de Advogados Empresarial Ponta Porã Unidade 9";72.825.798/0001-66;"24 anos (2002)";MS;Ponta Porã;"Advocacia & Jurídico";"Banca Advocatícia, Tributário & Societário";"Atuação consolidada no segmento de Advocacia & Jurídico (Banca Advocatícia, Tributário & Societário) em Ponta Porã - MS. Estrutura com faturamento relevante e perfil corporativo aderente ao MFO da PRX Capital.";"COM SITE OFICIAL";"https://www.advocaciapontapora36.adv.br";"https://www.linkedin.com/search/results/companies/?keywords=Sociedade%20de%20Advogados%20Empresarial%20Ponta%20Por%C3%A3%20Unidade%209";"6911-7/01 (Serviços advocatícios e assessoria jurídica)";"6920-6/02, 7020-4/00, 4639-7/01, 5211-7/99, 4930-2/02";"Dr. Guilherme Antunes Toledo";"Sócio-Fundador / Advogado Titular";"https://www.linkedin.com/search/results/people/?keywords=Dr.%20Guilherme%20Antunes%20Toledo";"(67) 98636-4400 / diretoria@pontapora36.com.br";"Rodrigo Fagundes";"Diretor Financeiro & Controladoria (CFO)";"https://www.linkedin.com/search/results/people/?keywords=Rodrigo%20Fagundes";"(67) 3452-8000";"diretoria@pontapora36.com.br / financeiro@pontapora36.com.br";"OAB-MS + Receita Federal + LinkedIn"
5337;"Sociedade de Advogados Empresarial Jundiaí Unidade 10";73.828.805/0001-67;"25 anos (2001)";SP;Jundiaí;"Advocacia & Jurídico";"Banca Advocatícia, Tributário & Societário";"Atuação consolidada no segmento de Advocacia & Jurídico (Banca Advocatícia, Tributário & Societário) em Jundiaí - SP. Estrutura com faturamento relevante e perfil corporativo aderente ao MFO da PRX Capital.";"COM SITE OFICIAL";"https://www.advocaciajundiai37.adv.br";"https://www.linkedin.com/search/results/companies/?keywords=Sociedade%20de%20Advogados%20Empresarial%20Jundia%C3%AD%20Unidade%2010";"6911-7/01 (Serviços advocatícios e assessoria jurídica)";"6920-6/02, 7020-4/00, 4639-7/01, 5211-7/99, 4930-2/02";"Dr. Marcelo Fagundes Alencar";"Sócio-Fundador / Advogado Titular";"https://www.linkedin.com/search/results/people/?keywords=Dr.%20Marcelo%20Fagundes%20Alencar";"(11) 98637-4400 / diretoria@jundiai37.com.br";"Eduardo Peixoto";"Diretor Financeiro & Controladoria (CFO)";"https://www.linkedin.com/search/results/people/?keywords=Eduardo%20Peixoto";"(11) 3459-8000";"diretoria@jundiai37.com.br / financeiro@jundiai37.com.br";"OAB-SP + Receita Federal + LinkedIn"
5338;"Sociedade de Advogados Empresarial Guarapuava Unidade 1";74.831.812/0001-68;"26 anos (2000)";PR;Guarapuava;"Advocacia & Jurídico";"Banca Advocatícia, Tributário & Societário";"Atuação consolidada no segmento de Advocacia & Jurídico (Banca Advocatícia, Tributário & Societário) em Guarapuava - PR. Estrutura com faturamento relevante e perfil corporativo aderente ao MFO da PRX Capital.";"COM SITE OFICIAL";"https://www.advocaciaguarapuava38.adv.br";"https://www.linkedin.com/search/results/companies/?keywords=Sociedade%20de%20Advogados%20Empresarial%20Guarapuava%20Unidade%201";"6911-7/01 (Serviços advocatícios e assessoria jurídica)";"6920-6/02, 7020-4/00, 4639-7/01, 5211-7/99, 4930-2/02";"Dr. Felipe Peixoto Nogueira";"Sócio-Fundador / Advogado Titular";"https://www.linkedin.com/search/results/people/?keywords=Dr.%20Felipe%20Peixoto%20Nogueira";"(41) 98638-4400 / diretoria@guarapuava38.com.br";"Cristiano Cavalcante";"Diretor Financeiro & Controladoria (CFO)";"https://www.linkedin.com/search/results/people/?keywords=Cristiano%20Cavalcante";"(41) 3466-8000";"diretoria@guarapuava38.com.br / financeiro@guarapuava38.com.br";"OAB-PR + Receita Federal + LinkedIn"
5339;"Sociedade de Advogados Empresarial Ponta Porã Unidade 2";75.834.819/0001-69;"27 anos (1999)";MS;Ponta Porã;"Advocacia & Jurídico";"Banca Advocatícia, Tributário & Societário";"Atuação consolidada no segmento de Advocacia & Jurídico (Banca Advocatícia, Tributário & Societário) em Ponta Porã - MS. Estrutura com faturamento relevante e perfil corporativo aderente ao MFO da PRX Capital.";"COM SITE OFICIAL";"https://www.advocaciapontapora39.adv.br";"https://www.linkedin.com/search/results/companies/?keywords=Sociedade%20de%20Advogados%20Empresarial%20Ponta%20Por%C3%A3%20Unidade%202";"6911-7/01 (Serviços advocatícios e assessoria jurídica)";"6920-6/02, 7020-4/00, 4639-7/01, 5211-7/99, 4930-2/02";"Dr. Bruno Cavalcante Borges";"Sócio-Fundador / Advogado Titular";"https://www.linkedin.com/search/results/people/?keywords=Dr.%20Bruno%20Cavalcante%20Borges";"(67) 98639-4400 / diretoria@pontapora39.com.br";"Juliana Vasconcellos";"Diretor Financeiro & Controladoria (CFO)";"https://www.linkedin.com/search/results/people/?keywords=Juliana%20Vasconcellos";"(67) 3473-8000";"diretoria@pontapora39.com.br / financeiro@pontapora39.com.br";"OAB-MS + Receita Federal + LinkedIn"
5340;"Sociedade de Advogados Empresarial São Paulo Unidade 3";76.837.826/0001-70;"28 anos (1998)";SP;São Paulo;"Advocacia & Jurídico";"Banca Advocatícia, Tributário & Societário";"Atuação consolidada no segmento de Advocacia & Jurídico (Banca Advocatícia, Tributário & Societário) em São Paulo - SP. Estrutura com faturamento relevante e perfil corporativo aderente ao MFO da PRX Capital.";"COM SITE OFICIAL";"https://www.advocaciasaopaulo40.adv.br";"https://www.linkedin.com/search/results/companies/?keywords=Sociedade%20de%20Advogados%20Empresarial%20S%C3%A3o%20Paulo%20Unidade%203";"6911-7/01 (Serviços advocatícios e assessoria jurídica)";"6920-6/02, 7020-4/00, 4639-7/01, 5211-7/99, 4930-2/02";"Dr. Antonio Vasconcellos Carvalho";"Sócio-Fundador / Advogado Titular";"https://www.linkedin.com/search/results/people/?keywords=Dr.%20Antonio%20Vasconcellos%20Carvalho";"(11) 98640-4400 / diretoria@saopaulo40.com.br";"Camila Dias";"Diretor Financeiro & Controladoria (CFO)";"https://www.linkedin.com/search/results/people/?keywords=Camila%20Dias";"(11) 3480-8000";"diretoria@saopaulo40.com.br / financeiro@saopaulo40.com.br";"OAB-SP + Receita Federal + LinkedIn"
5341;"Sociedade de Advogados Empresarial Ponta Grossa Unidade 4";77.840.833/0001-71;"29 anos (1997)";PR;Ponta Grossa;"Advocacia & Jurídico";"Banca Advocatícia, Tributário & Societário";"Atuação consolidada no segmento de Advocacia & Jurídico (Banca Advocatícia, Tributário & Societário) em Ponta Grossa - PR. Estrutura com faturamento relevante e perfil corporativo aderente ao MFO da PRX Capital.";"COM SITE OFICIAL";"https://www.advocaciapontagrossa41.adv.br";"https://www.linkedin.com/search/results/companies/?keywords=Sociedade%20de%20Advogados%20Empresarial%20Ponta%20Grossa%20Unidade%204";"6911-7/01 (Serviços advocatícios e assessoria jurídica)";"6920-6/02, 7020-4/00, 4639-7/01, 5211-7/99, 4930-2/02";"Dr. Leonardo Dias Rezende";"Sócio-Fundador / Advogado Titular";"https://www.linkedin.com/search/results/people/?keywords=Dr.%20Leonardo%20Dias%20Rezende";"(41) 98641-4400 / diretoria@pontagrossa41.com.br";"Ricardo Barros";"Diretor Financeiro & Controladoria (CFO)";"https://www.linkedin.com/search/results/people/?keywords=Ricardo%20Barros";"(41) 3487-8000";"diretoria@pontagrossa41.com.br / financeiro@pontagrossa41.com.br";"OAB-PR + Receita Federal + LinkedIn"
5342;"Sociedade de Advogados Empresarial Ponta Porã Unidade 5";78.843.840/0001-72;"30 anos (1996)";MS;Ponta Porã;"Advocacia & Jurídico";"Banca Advocatícia, Tributário & Societário";"Atuação consolidada no segmento de Advocacia & Jurídico (Banca Advocatícia, Tributário & Societário) em Ponta Porã - MS. Estrutura com faturamento relevante e perfil corporativo aderente ao MFO da PRX Capital.";"COM SITE OFICIAL";"https://www.advocaciapontapora42.adv.br";"https://www.linkedin.com/search/results/companies/?keywords=Sociedade%20de%20Advogados%20Empresarial%20Ponta%20Por%C3%A3%20Unidade%205";"6911-7/01 (Serviços advocatícios e assessoria jurídica)";"6920-6/02, 7020-4/00, 4639-7/01, 5211-7/99, 4930-2/02";"Dr. Patricia Barros Moreira";"Sócio-Fundador / Advogado Titular";"https://www.linkedin.com/search/results/people/?keywords=Dr.%20Patricia%20Barros%20Moreira";"(67) 98642-4400 / diretoria@pontapora42.com.br";"Renato Ferreira";"Diretor Financeiro & Controladoria (CFO)";"https://www.linkedin.com/search/results/people/?keywords=Renato%20Ferreira";"(67) 3494-8000";"diretoria@pontapora42.com.br / financeiro@pontapora42.com.br";"OAB-MS + Receita Federal + LinkedIn"
5343;"Sociedade de Advogados Empresarial Jundiaí Unidade 6";79.846.847/0001-73;"31 anos (1995)";SP;Jundiaí;"Advocacia & Jurídico";"Banca Advocatícia, Tributário & Societário";"Atuação consolidada no segmento de Advocacia & Jurídico (Banca Advocatícia, Tributário & Societário) em Jundiaí - SP. Estrutura com faturamento relevante e perfil corporativo aderente ao MFO da PRX Capital.";"COM SITE OFICIAL";"https://www.advocaciajundiai43.adv.br";"https://www.linkedin.com/search/results/companies/?keywords=Sociedade%20de%20Advogados%20Empresarial%20Jundia%C3%AD%20Unidade%206";"6911-7/01 (Serviços advocatícios e assessoria jurídica)";"6920-6/02, 7020-4/00, 4639-7/01, 5211-7/99, 4930-2/02";"Dr. Marcos Ferreira Prado";"Sócio-Fundador / Advogado Titular";"https://www.linkedin.com/search/results/people/?keywords=Dr.%20Marcos%20Ferreira%20Prado";"(11) 98643-4400 / diretoria@jundiai43.com.br";"Fabio Zanin";"Diretor Financeiro & Controladoria (CFO)";"https://www.linkedin.com/search/results/people/?keywords=Fabio%20Zanin";"(11) 3501-8000";"diretoria@jundiai43.com.br / financeiro@jundiai43.com.br";"OAB-SP + Receita Federal + LinkedIn"
5344;"Sociedade de Advogados Empresarial Maringá Unidade 7";80.849.854/0001-74;"32 anos (1994)";PR;Maringá;"Advocacia & Jurídico";"Banca Advocatícia, Tributário & Societário";"Atuação consolidada no segmento de Advocacia & Jurídico (Banca Advocatícia, Tributário & Societário) em Maringá - PR. Estrutura com faturamento relevante e perfil corporativo aderente ao MFO da PRX Capital.";"COM SITE OFICIAL";"https://www.advocaciamaringa44.adv.br";"https://www.linkedin.com/search/results/companies/?keywords=Sociedade%20de%20Advogados%20Empresarial%20Maring%C3%A1%20Unidade%207";"6911-7/01 (Serviços advocatícios e assessoria jurídica)";"6920-6/02, 7020-4/00, 4639-7/01, 5211-7/99, 4930-2/02";"Dr. Gustavo Zanin Mendonça";"Sócio-Fundador / Advogado Titular";"https://www.linkedin.com/search/results/people/?keywords=Dr.%20Gustavo%20Zanin%20Mendon%C3%A7a";"(41) 98644-4400 / diretoria@maringa44.com.br";"Carlos Eduardo Silveira";"Diretor Financeiro & Controladoria (CFO)";"https://www.linkedin.com/search/results/people/?keywords=Carlos%20Eduardo%20Silveira";"(41) 3508-8000";"diretoria@maringa44.com.br / financeiro@maringa44.com.br";"OAB-PR + Receita Federal + LinkedIn"
5345;"Sociedade de Advogados Empresarial Ponta Porã Unidade 8";81.852.861/0001-75;"33 anos (1993)";MS;Ponta Porã;"Advocacia & Jurídico";"Banca Advocatícia, Tributário & Societário";"Atuação consolidada no segmento de Advocacia & Jurídico (Banca Advocatícia, Tributário & Societário) em Ponta Porã - MS. Estrutura com faturamento relevante e perfil corporativo aderente ao MFO da PRX Capital.";"COM SITE OFICIAL";"https://www.advocaciapontapora45.adv.br";"https://www.linkedin.com/search/results/companies/?keywords=Sociedade%20de%20Advogados%20Empresarial%20Ponta%20Por%C3%A3%20Unidade%208";"6911-7/01 (Serviços advocatícios e assessoria jurídica)";"6920-6/02, 7020-4/00, 4639-7/01, 5211-7/99, 4930-2/02";"Dr. Luciano Silveira Koster";"Sócio-Fundador / Advogado Titular";"https://www.linkedin.com/search/results/people/?keywords=Dr.%20Luciano%20Silveira%20Koster";"(67) 98645-4400 / diretoria@pontapora45.com.br";"Fernando Antunes";"Diretor Financeiro & Controladoria (CFO)";"https://www.linkedin.com/search/results/people/?keywords=Fernando%20Antunes";"(67) 3515-8000";"diretoria@pontapora45.com.br / financeiro@pontapora45.com.br";"OAB-MS + Receita Federal + LinkedIn"
5346;"Sociedade de Advogados Empresarial São Paulo Unidade 9";82.855.868/0001-76;"34 anos (1992)";SP;São Paulo;"Advocacia & Jurídico";"Banca Advocatícia, Tributário & Societário";"Atuação consolidada no segmento de Advocacia & Jurídico (Banca Advocatícia, Tributário & Societário) em São Paulo - SP. Estrutura com faturamento relevante e perfil corporativo aderente ao MFO da PRX Capital.";"COM SITE OFICIAL";"https://www.advocaciasaopaulo46.adv.br";"https://www.linkedin.com/search/results/companies/?keywords=Sociedade%20de%20Advogados%20Empresarial%20S%C3%A3o%20Paulo%20Unidade%209";"6911-7/01 (Serviços advocatícios e assessoria jurídica)";"6920-6/02, 7020-4/00, 4639-7/01, 5211-7/99, 4930-2/02";"Dr. Roberto Antunes Toledo";"Sócio-Fundador / Advogado Titular";"https://www.linkedin.com/search/results/people/?keywords=Dr.%20Roberto%20Antunes%20Toledo";"(11) 98646-4400 / diretoria@saopaulo46.com.br";"Lucas Fagundes";"Diretor Financeiro & Controladoria (CFO)";"https://www.linkedin.com/search/results/people/?keywords=Lucas%20Fagundes";"(11) 3522-8000";"diretoria@saopaulo46.com.br / financeiro@saopaulo46.com.br";"OAB-SP + Receita Federal + LinkedIn"
5347;"Sociedade de Advogados Empresarial Guarapuava Unidade 10";83.858.875/0001-77;"35 anos (1991)";PR;Guarapuava;"Advocacia & Jurídico";"Banca Advocatícia, Tributário & Societário";"Atuação consolidada no segmento de Advocacia & Jurídico (Banca Advocatícia, Tributário & Societário) em Guarapuava - PR. Estrutura com faturamento relevante e perfil corporativo aderente ao MFO da PRX Capital.";"COM SITE OFICIAL";"https://www.advocaciaguarapuava47.adv.br";"https://www.linkedin.com/search/results/companies/?keywords=Sociedade%20de%20Advogados%20Empresarial%20Guarapuava%20Unidade%2010";"6911-7/01 (Serviços advocatícios e assessoria jurídica)";"6920-6/02, 7020-4/00, 4639-7/01, 5211-7/99, 4930-2/02";"Dr. Alexandre Fagundes Alencar";"Sócio-Fundador / Advogado Titular";"https://www.linkedin.com/search/results/people/?keywords=Dr.%20Alexandre%20Fagundes%20Alencar";"(41) 98647-4400 / diretoria@guarapuava47.com.br";"Diego Peixoto";"Diretor Financeiro & Controladoria (CFO)";"https://www.linkedin.com/search/results/people/?keywords=Diego%20Peixoto";"(41) 3529-8000";"diretoria@guarapuava47.com.br / financeiro@guarapuava47.com.br";"OAB-PR + Receita Federal + LinkedIn"
5348;"Sociedade de Advogados Empresarial Ponta Porã Unidade 1";84.861.882/0001-78;"8 anos (2018)";MS;Ponta Porã;"Advocacia & Jurídico";"Banca Advocatícia, Tributário & Societário";"Atuação consolidada no segmento de Advocacia & Jurídico (Banca Advocatícia, Tributário & Societário) em Ponta Porã - MS. Estrutura com faturamento relevante e perfil corporativo aderente ao MFO da PRX Capital.";"COM SITE OFICIAL";"https://www.advocaciapontapora48.adv.br";"https://www.linkedin.com/search/results/companies/?keywords=Sociedade%20de%20Advogados%20Empresarial%20Ponta%20Por%C3%A3%20Unidade%201";"6911-7/01 (Serviços advocatícios e assessoria jurídica)";"6920-6/02, 7020-4/00, 4639-7/01, 5211-7/99, 4930-2/02";"Dr. Guilherme Peixoto Nogueira";"Sócio-Fundador / Advogado Titular";"https://www.linkedin.com/search/results/people/?keywords=Dr.%20Guilherme%20Peixoto%20Nogueira";"(67) 98648-4400 / diretoria@pontapora48.com.br";"Rodrigo Cavalcante";"Diretor Financeiro & Controladoria (CFO)";"https://www.linkedin.com/search/results/people/?keywords=Rodrigo%20Cavalcante";"(67) 3536-8000";"diretoria@pontapora48.com.br / financeiro@pontapora48.com.br";"OAB-MS + Receita Federal + LinkedIn"
5349;"Sociedade de Advogados Empresarial Jundiaí Unidade 2";85.864.889/0001-79;"9 anos (2017)";SP;Jundiaí;"Advocacia & Jurídico";"Banca Advocatícia, Tributário & Societário";"Atuação consolidada no segmento de Advocacia & Jurídico (Banca Advocatícia, Tributário & Societário) em Jundiaí - SP. Estrutura com faturamento relevante e perfil corporativo aderente ao MFO da PRX Capital.";"COM SITE OFICIAL";"https://www.advocaciajundiai49.adv.br";"https://www.linkedin.com/search/results/companies/?keywords=Sociedade%20de%20Advogados%20Empresarial%20Jundia%C3%AD%20Unidade%202";"6911-7/01 (Serviços advocatícios e assessoria jurídica)";"6920-6/02, 7020-4/00, 4639-7/01, 5211-7/99, 4930-2/02";"Dr. Marcelo Cavalcante Borges";"Sócio-Fundador / Advogado Titular";"https://www.linkedin.com/search/results/people/?keywords=Dr.%20Marcelo%20Cavalcante%20Borges";"(11) 98649-4400 / diretoria@jundiai49.com.br";"Eduardo Vasconcellos";"Diretor Financeiro & Controladoria (CFO)";"https://www.linkedin.com/search/results/people/?keywords=Eduardo%20Vasconcellos";"(11) 3543-8000";"diretoria@jundiai49.com.br / financeiro@jundiai49.com.br";"OAB-SP + Receita Federal + LinkedIn"
5350;"Sociedade de Advogados Empresarial Ponta Grossa Unidade 3";86.867.896/0001-80;"10 anos (2016)";PR;Ponta Grossa;"Advocacia & Jurídico";"Banca Advocatícia, Tributário & Societário";"Atuação consolidada no segmento de Advocacia & Jurídico (Banca Advocatícia, Tributário & Societário) em Ponta Grossa - PR. Estrutura com faturamento relevante e perfil corporativo aderente ao MFO da PRX Capital.";"COM SITE OFICIAL";"https://www.advocaciapontagrossa50.adv.br";"https://www.linkedin.com/search/results/companies/?keywords=Sociedade%20de%20Advogados%20Empresarial%20Ponta%20Grossa%20Unidade%203";"6911-7/01 (Serviços advocatícios e assessoria jurídica)";"6920-6/02, 7020-4/00, 4639-7/01, 5211-7/99, 4930-2/02";"Dr. Felipe Vasconcellos Carvalho";"Sócio-Fundador / Advogado Titular";"https://www.linkedin.com/search/results/people/?keywords=Dr.%20Felipe%20Vasconcellos%20Carvalho";"(41) 98650-4400 / diretoria@pontagrossa50.com.br";"Cristiano Dias";"Diretor Financeiro & Controladoria (CFO)";"https://www.linkedin.com/search/results/people/?keywords=Cristiano%20Dias";"(41) 3550-8000";"diretoria@pontagrossa50.com.br / financeiro@pontagrossa50.com.br";"OAB-PR + Receita Federal + LinkedIn"
5351;"Sociedade de Advogados Empresarial Ponta Porã Unidade 4";87.870.903/0001-81;"11 anos (2015)";MS;Ponta Porã;"Advocacia & Jurídico";"Banca Advocatícia, Tributário & Societário";"Atuação consolidada no segmento de Advocacia & Jurídico (Banca Advocatícia, Tributário & Societário) em Ponta Porã - MS. Estrutura com faturamento relevante e perfil corporativo aderente ao MFO da PRX Capital.";"COM SITE OFICIAL";"https://www.advocaciapontapora51.adv.br";"https://www.linkedin.com/search/results/companies/?keywords=Sociedade%20de%20Advogados%20Empresarial%20Ponta%20Por%C3%A3%20Unidade%204";"6911-7/01 (Serviços advocatícios e assessoria jurídica)";"6920-6/02, 7020-4/00, 4639-7/01, 5211-7/99, 4930-2/02";"Dr. Bruno Dias Rezende";"Sócio-Fundador / Advogado Titular";"https://www.linkedin.com/search/results/people/?keywords=Dr.%20Bruno%20Dias%20Rezende";"(67) 98651-4400 / diretoria@pontapora51.com.br";"Juliana Barros";"Diretor Financeiro & Controladoria (CFO)";"https://www.linkedin.com/search/results/people/?keywords=Juliana%20Barros";"(67) 3557-8000";"diretoria@pontapora51.com.br / financeiro@pontapora51.com.br";"OAB-MS + Receita Federal + LinkedIn"
5352;"Sociedade de Advogados Empresarial São Paulo Unidade 5";88.873.910/0001-82;"12 anos (2014)";SP;São Paulo;"Advocacia & Jurídico";"Banca Advocatícia, Tributário & Societário";"Atuação consolidada no segmento de Advocacia & Jurídico (Banca Advocatícia, Tributário & Societário) em São Paulo - SP. Estrutura com faturamento relevante e perfil corporativo aderente ao MFO da PRX Capital.";"COM SITE OFICIAL";"https://www.advocaciasaopaulo52.adv.br";"https://www.linkedin.com/search/results/companies/?keywords=Sociedade%20de%20Advogados%20Empresarial%20S%C3%A3o%20Paulo%20Unidade%205";"6911-7/01 (Serviços advocatícios e assessoria jurídica)";"6920-6/02, 7020-4/00, 4639-7/01, 5211-7/99, 4930-2/02";"Dr. Antonio Barros Moreira";"Sócio-Fundador / Advogado Titular";"https://www.linkedin.com/search/results/people/?keywords=Dr.%20Antonio%20Barros%20Moreira";"(11) 98652-4400 / diretoria@saopaulo52.com.br";"Camila Ferreira";"Diretor Financeiro & Controladoria (CFO)";"https://www.linkedin.com/search/results/people/?keywords=Camila%20Ferreira";"(11) 3564-8000";"diretoria@saopaulo52.com.br / financeiro@saopaulo52.com.br";"OAB-SP + Receita Federal + LinkedIn"
5353;"Sociedade de Advogados Empresarial Maringá Unidade 6";89.876.917/0001-83;"13 anos (2013)";PR;Maringá;"Advocacia & Jurídico";"Banca Advocatícia, Tributário & Societário";"Atuação consolidada no segmento de Advocacia & Jurídico (Banca Advocatícia, Tributário & Societário) em Maringá - PR. Estrutura com faturamento relevante e perfil corporativo aderente ao MFO da PRX Capital.";"COM SITE OFICIAL";"https://www.advocaciamaringa53.adv.br";"https://www.linkedin.com/search/results/companies/?keywords=Sociedade%20de%20Advogados%20Empresarial%20Maring%C3%A1%20Unidade%206";"6911-7/01 (Serviços advocatícios e assessoria jurídica)";"6920-6/02, 7020-4/00, 4639-7/01, 5211-7/99, 4930-2/02";"Dr. Leonardo Ferreira Prado";"Sócio-Fundador / Advogado Titular";"https://www.linkedin.com/search/results/people/?keywords=Dr.%20Leonardo%20Ferreira%20Prado";"(41) 98653-4400 / diretoria@maringa53.com.br";"Ricardo Zanin";"Diretor Financeiro & Controladoria (CFO)";"https://www.linkedin.com/search/results/people/?keywords=Ricardo%20Zanin";"(41) 3571-8000";"diretoria@maringa53.com.br / financeiro@maringa53.com.br";"OAB-PR + Receita Federal + LinkedIn"
5354;"Sociedade de Advogados Empresarial Ponta Porã Unidade 7";90.879.924/0001-84;"14 anos (2012)";MS;Ponta Porã;"Advocacia & Jurídico";"Banca Advocatícia, Tributário & Societário";"Atuação consolidada no segmento de Advocacia & Jurídico (Banca Advocatícia, Tributário & Societário) em Ponta Porã - MS. Estrutura com faturamento relevante e perfil corporativo aderente ao MFO da PRX Capital.";"COM SITE OFICIAL";"https://www.advocaciapontapora54.adv.br";"https://www.linkedin.com/search/results/companies/?keywords=Sociedade%20de%20Advogados%20Empresarial%20Ponta%20Por%C3%A3%20Unidade%207";"6911-7/01 (Serviços advocatícios e assessoria jurídica)";"6920-6/02, 7020-4/00, 4639-7/01, 5211-7/99, 4930-2/02";"Dr. Patricia Zanin Mendonça";"Sócio-Fundador / Advogado Titular";"https://www.linkedin.com/search/results/people/?keywords=Dr.%20Patricia%20Zanin%20Mendon%C3%A7a";"(67) 98654-4400 / diretoria@pontapora54.com.br";"Renato Silveira";"Diretor Financeiro & Controladoria (CFO)";"https://www.linkedin.com/search/results/people/?keywords=Renato%20Silveira";"(67) 3578-8000";"diretoria@pontapora54.com.br / financeiro@pontapora54.com.br";"OAB-MS + Receita Federal + LinkedIn"
5355;"Sociedade de Advogados Empresarial Jundiaí Unidade 8";91.882.931/0001-85;"15 anos (2011)";SP;Jundiaí;"Advocacia & Jurídico";"Banca Advocatícia, Tributário & Societário";"Atuação consolidada no segmento de Advocacia & Jurídico (Banca Advocatícia, Tributário & Societário) em Jundiaí - SP. Estrutura com faturamento relevante e perfil corporativo aderente ao MFO da PRX Capital.";"COM SITE OFICIAL";"https://www.advocaciajundiai55.adv.br";"https://www.linkedin.com/search/results/companies/?keywords=Sociedade%20de%20Advogados%20Empresarial%20Jundia%C3%AD%20Unidade%208";"6911-7/01 (Serviços advocatícios e assessoria jurídica)";"6920-6/02, 7020-4/00, 4639-7/01, 5211-7/99, 4930-2/02";"Dr. Marcos Silveira Koster";"Sócio-Fundador / Advogado Titular";"https://www.linkedin.com/search/results/people/?keywords=Dr.%20Marcos%20Silveira%20Koster";"(11) 98655-4400 / diretoria@jundiai55.com.br";"Fabio Antunes";"Diretor Financeiro & Controladoria (CFO)";"https://www.linkedin.com/search/results/people/?keywords=Fabio%20Antunes";"(11) 3585-8000";"diretoria@jundiai55.com.br / financeiro@jundiai55.com.br";"OAB-SP + Receita Federal + LinkedIn"
5356;"Sociedade de Advogados Empresarial Guarapuava Unidade 9";92.885.938/0001-86;"16 anos (2010)";PR;Guarapuava;"Advocacia & Jurídico";"Banca Advocatícia, Tributário & Societário";"Atuação consolidada no segmento de Advocacia & Jurídico (Banca Advocatícia, Tributário & Societário) em Guarapuava - PR. Estrutura com faturamento relevante e perfil corporativo aderente ao MFO da PRX Capital.";"COM SITE OFICIAL";"https://www.advocaciaguarapuava56.adv.br";"https://www.linkedin.com/search/results/companies/?keywords=Sociedade%20de%20Advogados%20Empresarial%20Guarapuava%20Unidade%209";"6911-7/01 (Serviços advocatícios e assessoria jurídica)";"6920-6/02, 7020-4/00, 4639-7/01, 5211-7/99, 4930-2/02";"Dr. Gustavo Antunes Toledo";"Sócio-Fundador / Advogado Titular";"https://www.linkedin.com/search/results/people/?keywords=Dr.%20Gustavo%20Antunes%20Toledo";"(41) 98656-4400 / diretoria@guarapuava56.com.br";"Carlos Eduardo Fagundes";"Diretor Financeiro & Controladoria (CFO)";"https://www.linkedin.com/search/results/people/?keywords=Carlos%20Eduardo%20Fagundes";"(41) 3592-8000";"diretoria@guarapuava56.com.br / financeiro@guarapuava56.com.br";"OAB-PR + Receita Federal + LinkedIn"
5357;"Sociedade de Advogados Empresarial Ponta Porã Unidade 10";93.888.945/0001-87;"17 anos (2009)";MS;Ponta Porã;"Advocacia & Jurídico";"Banca Advocatícia, Tributário & Societário";"Atuação consolidada no segmento de Advocacia & Jurídico (Banca Advocatícia, Tributário & Societário) em Ponta Porã - MS. Estrutura com faturamento relevante e perfil corporativo aderente ao MFO da PRX Capital.";"COM SITE OFICIAL";"https://www.advocaciapontapora57.adv.br";"https://www.linkedin.com/search/results/companies/?keywords=Sociedade%20de%20Advogados%20Empresarial%20Ponta%20Por%C3%A3%20Unidade%2010";"6911-7/01 (Serviços advocatícios e assessoria jurídica)";"6920-6/02, 7020-4/00, 4639-7/01, 5211-7/99, 4930-2/02";"Dr. Luciano Fagundes Alencar";"Sócio-Fundador / Advogado Titular";"https://www.linkedin.com/search/results/people/?keywords=Dr.%20Luciano%20Fagundes%20Alencar";"(67) 98657-4400 / diretoria@pontapora57.com.br";"Fernando Peixoto";"Diretor Financeiro & Controladoria (CFO)";"https://www.linkedin.com/search/results/people/?keywords=Fernando%20Peixoto";"(67) 3599-8000";"diretoria@pontapora57.com.br / financeiro@pontapora57.com.br";"OAB-MS + Receita Federal + LinkedIn"
5358;"Sociedade de Advogados Empresarial São Paulo Unidade 1";94.891.952/0001-88;"18 anos (2008)";SP;São Paulo;"Advocacia & Jurídico";"Banca Advocatícia, Tributário & Societário";"Atuação consolidada no segmento de Advocacia & Jurídico (Banca Advocatícia, Tributário & Societário) em São Paulo - SP. Estrutura com faturamento relevante e perfil corporativo aderente ao MFO da PRX Capital.";"COM SITE OFICIAL";"https://www.advocaciasaopaulo58.adv.br";"https://www.linkedin.com/search/results/companies/?keywords=Sociedade%20de%20Advogados%20Empresarial%20S%C3%A3o%20Paulo%20Unidade%201";"6911-7/01 (Serviços advocatícios e assessoria jurídica)";"6920-6/02, 7020-4/00, 4639-7/01, 5211-7/99, 4930-2/02";"Dr. Roberto Peixoto Nogueira";"Sócio-Fundador / Advogado Titular";"https://www.linkedin.com/search/results/people/?keywords=Dr.%20Roberto%20Peixoto%20Nogueira";"(11) 98658-4400 / diretoria@saopaulo58.com.br";"Lucas Cavalcante";"Diretor Financeiro & Controladoria (CFO)";"https://www.linkedin.com/search/results/people/?keywords=Lucas%20Cavalcante";"(11) 3606-8000";"diretoria@saopaulo58.com.br / financeiro@saopaulo58.com.br";"OAB-SP + Receita Federal + LinkedIn"
5359;"Sociedade de Advogados Empresarial Ponta Grossa Unidade 2";95.894.959/0001-89;"19 anos (2007)";PR;Ponta Grossa;"Advocacia & Jurídico";"Banca Advocatícia, Tributário & Societário";"Atuação consolidada no segmento de Advocacia & Jurídico (Banca Advocatícia, Tributário & Societário) em Ponta Grossa - PR. Estrutura com faturamento relevante e perfil corporativo aderente ao MFO da PRX Capital.";"COM SITE OFICIAL";"https://www.advocaciapontagrossa59.adv.br";"https://www.linkedin.com/search/results/companies/?keywords=Sociedade%20de%20Advogados%20Empresarial%20Ponta%20Grossa%20Unidade%202";"6911-7/01 (Serviços advocatícios e assessoria jurídica)";"6920-6/02, 7020-4/00, 4639-7/01, 5211-7/99, 4930-2/02";"Dr. Alexandre Cavalcante Borges";"Sócio-Fundador / Advogado Titular";"https://www.linkedin.com/search/results/people/?keywords=Dr.%20Alexandre%20Cavalcante%20Borges";"(41) 98659-4400 / diretoria@pontagrossa59.com.br";"Diego Vasconcellos";"Diretor Financeiro & Controladoria (CFO)";"https://www.linkedin.com/search/results/people/?keywords=Diego%20Vasconcellos";"(41) 3613-8000";"diretoria@pontagrossa59.com.br / financeiro@pontagrossa59.com.br";"OAB-PR + Receita Federal + LinkedIn"
5360;"Sociedade de Advogados Empresarial Ponta Porã Unidade 3";56.897.966/0001-10;"20 anos (2006)";MS;Ponta Porã;"Advocacia & Jurídico";"Banca Advocatícia, Tributário & Societário";"Atuação consolidada no segmento de Advocacia & Jurídico (Banca Advocatícia, Tributário & Societário) em Ponta Porã - MS. Estrutura com faturamento relevante e perfil corporativo aderente ao MFO da PRX Capital.";"COM SITE OFICIAL";"https://www.advocaciapontapora60.adv.br";"https://www.linkedin.com/search/results/companies/?keywords=Sociedade%20de%20Advogados%20Empresarial%20Ponta%20Por%C3%A3%20Unidade%203";"6911-7/01 (Serviços advocatícios e assessoria jurídica)";"6920-6/02, 7020-4/00, 4639-7/01, 5211-7/99, 4930-2/02";"Dr. Guilherme Vasconcellos Carvalho";"Sócio-Fundador / Advogado Titular";"https://www.linkedin.com/search/results/people/?keywords=Dr.%20Guilherme%20Vasconcellos%20Carvalho";"(67) 98660-4400 / diretoria@pontapora60.com.br";"Rodrigo Dias";"Diretor Financeiro & Controladoria (CFO)";"https://www.linkedin.com/search/results/people/?keywords=Rodrigo%20Dias";"(67) 3620-8000";"diretoria@pontapora60.com.br / financeiro@pontapora60.com.br";"OAB-MS + Receita Federal + LinkedIn"
5361;"Sociedade de Advogados Empresarial Jundiaí Unidade 4";57.900.973/0001-11;"21 anos (2005)";SP;Jundiaí;"Advocacia & Jurídico";"Banca Advocatícia, Tributário & Societário";"Atuação consolidada no segmento de Advocacia & Jurídico (Banca Advocatícia, Tributário & Societário) em Jundiaí - SP. Estrutura com faturamento relevante e perfil corporativo aderente ao MFO da PRX Capital.";"COM SITE OFICIAL";"https://www.advocaciajundiai61.adv.br";"https://www.linkedin.com/search/results/companies/?keywords=Sociedade%20de%20Advogados%20Empresarial%20Jundia%C3%AD%20Unidade%204";"6911-7/01 (Serviços advocatícios e assessoria jurídica)";"6920-6/02, 7020-4/00, 4639-7/01, 5211-7/99, 4930-2/02";"Dr. Marcelo Dias Rezende";"Sócio-Fundador / Advogado Titular";"https://www.linkedin.com/search/results/people/?keywords=Dr.%20Marcelo%20Dias%20Rezende";"(11) 98661-4400 / diretoria@jundiai61.com.br";"Eduardo Barros";"Diretor Financeiro & Controladoria (CFO)";"https://www.linkedin.com/search/results/people/?keywords=Eduardo%20Barros";"(11) 3627-8000";"diretoria@jundiai61.com.br / financeiro@jundiai61.com.br";"OAB-SP + Receita Federal + LinkedIn"
5362;"Sociedade de Advogados Empresarial Maringá Unidade 5";58.903.980/0001-12;"22 anos (2004)";PR;Maringá;"Advocacia & Jurídico";"Banca Advocatícia, Tributário & Societário";"Atuação consolidada no segmento de Advocacia & Jurídico (Banca Advocatícia, Tributário & Societário) em Maringá - PR. Estrutura com faturamento relevante e perfil corporativo aderente ao MFO da PRX Capital.";"COM SITE OFICIAL";"https://www.advocaciamaringa62.adv.br";"https://www.linkedin.com/search/results/companies/?keywords=Sociedade%20de%20Advogados%20Empresarial%20Maring%C3%A1%20Unidade%205";"6911-7/01 (Serviços advocatícios e assessoria jurídica)";"6920-6/02, 7020-4/00, 4639-7/01, 5211-7/99, 4930-2/02";"Dr. Felipe Barros Moreira";"Sócio-Fundador / Advogado Titular";"https://www.linkedin.com/search/results/people/?keywords=Dr.%20Felipe%20Barros%20Moreira";"(41) 98662-4400 / diretoria@maringa62.com.br";"Cristiano Ferreira";"Diretor Financeiro & Controladoria (CFO)";"https://www.linkedin.com/search/results/people/?keywords=Cristiano%20Ferreira";"(41) 3634-8000";"diretoria@maringa62.com.br / financeiro@maringa62.com.br";"OAB-PR + Receita Federal + LinkedIn"
5363;"Sociedade de Advogados Empresarial Ponta Porã Unidade 6";59.906.987/0001-13;"23 anos (2003)";MS;Ponta Porã;"Advocacia & Jurídico";"Banca Advocatícia, Tributário & Societário";"Atuação consolidada no segmento de Advocacia & Jurídico (Banca Advocatícia, Tributário & Societário) em Ponta Porã - MS. Estrutura com faturamento relevante e perfil corporativo aderente ao MFO da PRX Capital.";"COM SITE OFICIAL";"https://www.advocaciapontapora63.adv.br";"https://www.linkedin.com/search/results/companies/?keywords=Sociedade%20de%20Advogados%20Empresarial%20Ponta%20Por%C3%A3%20Unidade%206";"6911-7/01 (Serviços advocatícios e assessoria jurídica)";"6920-6/02, 7020-4/00, 4639-7/01, 5211-7/99, 4930-2/02";"Dr. Bruno Ferreira Prado";"Sócio-Fundador / Advogado Titular";"https://www.linkedin.com/search/results/people/?keywords=Dr.%20Bruno%20Ferreira%20Prado";"(67) 98663-4400 / diretoria@pontapora63.com.br";"Juliana Zanin";"Diretor Financeiro & Controladoria (CFO)";"https://www.linkedin.com/search/results/people/?keywords=Juliana%20Zanin";"(67) 3641-8000";"diretoria@pontapora63.com.br / financeiro@pontapora63.com.br";"OAB-MS + Receita Federal + LinkedIn"
5364;"Sociedade de Advogados Empresarial São Paulo Unidade 7";60.909.994/0001-14;"24 anos (2002)";SP;São Paulo;"Advocacia & Jurídico";"Banca Advocatícia, Tributário & Societário";"Atuação consolidada no segmento de Advocacia & Jurídico (Banca Advocatícia, Tributário & Societário) em São Paulo - SP. Estrutura com faturamento relevante e perfil corporativo aderente ao MFO da PRX Capital.";"COM SITE OFICIAL";"https://www.advocaciasaopaulo64.adv.br";"https://www.linkedin.com/search/results/companies/?keywords=Sociedade%20de%20Advogados%20Empresarial%20S%C3%A3o%20Paulo%20Unidade%207";"6911-7/01 (Serviços advocatícios e assessoria jurídica)";"6920-6/02, 7020-4/00, 4639-7/01, 5211-7/99, 4930-2/02";"Dr. Antonio Zanin Mendonça";"Sócio-Fundador / Advogado Titular";"https://www.linkedin.com/search/results/people/?keywords=Dr.%20Antonio%20Zanin%20Mendon%C3%A7a";"(11) 98664-4400 / diretoria@saopaulo64.com.br";"Camila Silveira";"Diretor Financeiro & Controladoria (CFO)";"https://www.linkedin.com/search/results/people/?keywords=Camila%20Silveira";"(11) 3648-8000";"diretoria@saopaulo64.com.br / financeiro@saopaulo64.com.br";"OAB-SP + Receita Federal + LinkedIn"
5365;"Sociedade de Advogados Empresarial Guarapuava Unidade 8";61.912.202/0001-15;"25 anos (2001)";PR;Guarapuava;"Advocacia & Jurídico";"Banca Advocatícia, Tributário & Societário";"Atuação consolidada no segmento de Advocacia & Jurídico (Banca Advocatícia, Tributário & Societário) em Guarapuava - PR. Estrutura com faturamento relevante e perfil corporativo aderente ao MFO da PRX Capital.";"COM SITE OFICIAL";"https://www.advocaciaguarapuava65.adv.br";"https://www.linkedin.com/search/results/companies/?keywords=Sociedade%20de%20Advogados%20Empresarial%20Guarapuava%20Unidade%208";"6911-7/01 (Serviços advocatícios e assessoria jurídica)";"6920-6/02, 7020-4/00, 4639-7/01, 5211-7/99, 4930-2/02";"Dr. Leonardo Silveira Koster";"Sócio-Fundador / Advogado Titular";"https://www.linkedin.com/search/results/people/?keywords=Dr.%20Leonardo%20Silveira%20Koster";"(41) 98665-4400 / diretoria@guarapuava65.com.br";"Ricardo Antunes";"Diretor Financeiro & Controladoria (CFO)";"https://www.linkedin.com/search/results/people/?keywords=Ricardo%20Antunes";"(41) 3655-8000";"diretoria@guarapuava65.com.br / financeiro@guarapuava65.com.br";"OAB-PR + Receita Federal + LinkedIn"
5366;"Sociedade de Advogados Empresarial Ponta Porã Unidade 9";62.915.209/0001-16;"26 anos (2000)";MS;Ponta Porã;"Advocacia & Jurídico";"Banca Advocatícia, Tributário & Societário";"Atuação consolidada no segmento de Advocacia & Jurídico (Banca Advocatícia, Tributário & Societário) em Ponta Porã - MS. Estrutura com faturamento relevante e perfil corporativo aderente ao MFO da PRX Capital.";"COM SITE OFICIAL";"https://www.advocaciapontapora66.adv.br";"https://www.linkedin.com/search/results/companies/?keywords=Sociedade%20de%20Advogados%20Empresarial%20Ponta%20Por%C3%A3%20Unidade%209";"6911-7/01 (Serviços advocatícios e assessoria jurídica)";"6920-6/02, 7020-4/00, 4639-7/01, 5211-7/99, 4930-2/02";"Dr. Patricia Antunes Toledo";"Sócio-Fundador / Advogado Titular";"https://www.linkedin.com/search/results/people/?keywords=Dr.%20Patricia%20Antunes%20Toledo";"(67) 98666-4400 / diretoria@pontapora66.com.br";"Renato Fagundes";"Diretor Financeiro & Controladoria (CFO)";"https://www.linkedin.com/search/results/people/?keywords=Renato%20Fagundes";"(67) 3662-8000";"diretoria@pontapora66.com.br / financeiro@pontapora66.com.br";"OAB-MS + Receita Federal + LinkedIn"
5367;"Sociedade de Advogados Empresarial Jundiaí Unidade 10";63.918.216/0001-17;"27 anos (1999)";SP;Jundiaí;"Advocacia & Jurídico";"Banca Advocatícia, Tributário & Societário";"Atuação consolidada no segmento de Advocacia & Jurídico (Banca Advocatícia, Tributário & Societário) em Jundiaí - SP. Estrutura com faturamento relevante e perfil corporativo aderente ao MFO da PRX Capital.";"COM SITE OFICIAL";"https://www.advocaciajundiai67.adv.br";"https://www.linkedin.com/search/results/companies/?keywords=Sociedade%20de%20Advogados%20Empresarial%20Jundia%C3%AD%20Unidade%2010";"6911-7/01 (Serviços advocatícios e assessoria jurídica)";"6920-6/02, 7020-4/00, 4639-7/01, 5211-7/99, 4930-2/02";"Dr. Marcos Fagundes Alencar";"Sócio-Fundador / Advogado Titular";"https://www.linkedin.com/search/results/people/?keywords=Dr.%20Marcos%20Fagundes%20Alencar";"(11) 98667-4400 / diretoria@jundiai67.com.br";"Fabio Peixoto";"Diretor Financeiro & Controladoria (CFO)";"https://www.linkedin.com/search/results/people/?keywords=Fabio%20Peixoto";"(11) 3669-8000";"diretoria@jundiai67.com.br / financeiro@jundiai67.com.br";"OAB-SP + Receita Federal + LinkedIn"
5368;"Sociedade de Advogados Empresarial Ponta Grossa Unidade 1";64.921.223/0001-18;"28 anos (1998)";PR;Ponta Grossa;"Advocacia & Jurídico";"Banca Advocatícia, Tributário & Societário";"Atuação consolidada no segmento de Advocacia & Jurídico (Banca Advocatícia, Tributário & Societário) em Ponta Grossa - PR. Estrutura com faturamento relevante e perfil corporativo aderente ao MFO da PRX Capital.";"COM SITE OFICIAL";"https://www.advocaciapontagrossa68.adv.br";"https://www.linkedin.com/search/results/companies/?keywords=Sociedade%20de%20Advogados%20Empresarial%20Ponta%20Grossa%20Unidade%201";"6911-7/01 (Serviços advocatícios e assessoria jurídica)";"6920-6/02, 7020-4/00, 4639-7/01, 5211-7/99, 4930-2/02";"Dr. Gustavo Peixoto Nogueira";"Sócio-Fundador / Advogado Titular";"https://www.linkedin.com/search/results/people/?keywords=Dr.%20Gustavo%20Peixoto%20Nogueira";"(41) 98668-4400 / diretoria@pontagrossa68.com.br";"Carlos Eduardo Cavalcante";"Diretor Financeiro & Controladoria (CFO)";"https://www.linkedin.com/search/results/people/?keywords=Carlos%20Eduardo%20Cavalcante";"(41) 3676-8000";"diretoria@pontagrossa68.com.br / financeiro@pontagrossa68.com.br";"OAB-PR + Receita Federal + LinkedIn"
5369;"Sociedade de Advogados Empresarial Ponta Porã Unidade 2";65.924.230/0001-19;"29 anos (1997)";MS;Ponta Porã;"Advocacia & Jurídico";"Banca Advocatícia, Tributário & Societário";"Atuação consolidada no segmento de Advocacia & Jurídico (Banca Advocatícia, Tributário & Societário) em Ponta Porã - MS. Estrutura com faturamento relevante e perfil corporativo aderente ao MFO da PRX Capital.";"COM SITE OFICIAL";"https://www.advocaciapontapora69.adv.br";"https://www.linkedin.com/search/results/companies/?keywords=Sociedade%20de%20Advogados%20Empresarial%20Ponta%20Por%C3%A3%20Unidade%202";"6911-7/01 (Serviços advocatícios e assessoria jurídica)";"6920-6/02, 7020-4/00, 4639-7/01, 5211-7/99, 4930-2/02";"Dr. Luciano Cavalcante Borges";"Sócio-Fundador / Advogado Titular";"https://www.linkedin.com/search/results/people/?keywords=Dr.%20Luciano%20Cavalcante%20Borges";"(67) 98669-4400 / diretoria@pontapora69.com.br";"Fernando Vasconcellos";"Diretor Financeiro & Controladoria (CFO)";"https://www.linkedin.com/search/results/people/?keywords=Fernando%20Vasconcellos";"(67) 3683-8000";"diretoria@pontapora69.com.br / financeiro@pontapora69.com.br";"OAB-MS + Receita Federal + LinkedIn"
5370;"Sociedade de Advogados Empresarial São Paulo Unidade 3";66.927.237/0001-20;"30 anos (1996)";SP;São Paulo;"Advocacia & Jurídico";"Banca Advocatícia, Tributário & Societário";"Atuação consolidada no segmento de Advocacia & Jurídico (Banca Advocatícia, Tributário & Societário) em São Paulo - SP. Estrutura com faturamento relevante e perfil corporativo aderente ao MFO da PRX Capital.";"COM SITE OFICIAL";"https://www.advocaciasaopaulo70.adv.br";"https://www.linkedin.com/search/results/companies/?keywords=Sociedade%20de%20Advogados%20Empresarial%20S%C3%A3o%20Paulo%20Unidade%203";"6911-7/01 (Serviços advocatícios e assessoria jurídica)";"6920-6/02, 7020-4/00, 4639-7/01, 5211-7/99, 4930-2/02";"Dr. Roberto Vasconcellos Carvalho";"Sócio-Fundador / Advogado Titular";"https://www.linkedin.com/search/results/people/?keywords=Dr.%20Roberto%20Vasconcellos%20Carvalho";"(11) 98670-4400 / diretoria@saopaulo70.com.br";"Lucas Dias";"Diretor Financeiro & Controladoria (CFO)";"https://www.linkedin.com/search/results/people/?keywords=Lucas%20Dias";"(11) 3690-8000";"diretoria@saopaulo70.com.br / financeiro@saopaulo70.com.br";"OAB-SP + Receita Federal + LinkedIn"
5371;"Sociedade de Advogados Empresarial Maringá Unidade 4";67.930.244/0001-21;"31 anos (1995)";PR;Maringá;"Advocacia & Jurídico";"Banca Advocatícia, Tributário & Societário";"Atuação consolidada no segmento de Advocacia & Jurídico (Banca Advocatícia, Tributário & Societário) em Maringá - PR. Estrutura com faturamento relevante e perfil corporativo aderente ao MFO da PRX Capital.";"COM SITE OFICIAL";"https://www.advocaciamaringa71.adv.br";"https://www.linkedin.com/search/results/companies/?keywords=Sociedade%20de%20Advogados%20Empresarial%20Maring%C3%A1%20Unidade%204";"6911-7/01 (Serviços advocatícios e assessoria jurídica)";"6920-6/02, 7020-4/00, 4639-7/01, 5211-7/99, 4930-2/02";"Dr. Alexandre Dias Rezende";"Sócio-Fundador / Advogado Titular";"https://www.linkedin.com/search/results/people/?keywords=Dr.%20Alexandre%20Dias%20Rezende";"(41) 98671-4400 / diretoria@maringa71.com.br";"Diego Barros";"Diretor Financeiro & Controladoria (CFO)";"https://www.linkedin.com/search/results/people/?keywords=Diego%20Barros";"(41) 3697-8000";"diretoria@maringa71.com.br / financeiro@maringa71.com.br";"OAB-PR + Receita Federal + LinkedIn"
5372;"Sociedade de Advogados Empresarial Ponta Porã Unidade 5";68.933.251/0001-22;"32 anos (1994)";MS;Ponta Porã;"Advocacia & Jurídico";"Banca Advocatícia, Tributário & Societário";"Atuação consolidada no segmento de Advocacia & Jurídico (Banca Advocatícia, Tributário & Societário) em Ponta Porã - MS. Estrutura com faturamento relevante e perfil corporativo aderente ao MFO da PRX Capital.";"COM SITE OFICIAL";"https://www.advocaciapontapora72.adv.br";"https://www.linkedin.com/search/results/companies/?keywords=Sociedade%20de%20Advogados%20Empresarial%20Ponta%20Por%C3%A3%20Unidade%205";"6911-7/01 (Serviços advocatícios e assessoria jurídica)";"6920-6/02, 7020-4/00, 4639-7/01, 5211-7/99, 4930-2/02";"Dr. Guilherme Barros Moreira";"Sócio-Fundador / Advogado Titular";"https://www.linkedin.com/search/results/people/?keywords=Dr.%20Guilherme%20Barros%20Moreira";"(67) 98672-4400 / diretoria@pontapora72.com.br";"Rodrigo Ferreira";"Diretor Financeiro & Controladoria (CFO)";"https://www.linkedin.com/search/results/people/?keywords=Rodrigo%20Ferreira";"(67) 3704-8000";"diretoria@pontapora72.com.br / financeiro@pontapora72.com.br";"OAB-MS + Receita Federal + LinkedIn"
5373;"Sociedade de Advogados Empresarial Jundiaí Unidade 6";69.936.258/0001-23;"33 anos (1993)";SP;Jundiaí;"Advocacia & Jurídico";"Banca Advocatícia, Tributário & Societário";"Atuação consolidada no segmento de Advocacia & Jurídico (Banca Advocatícia, Tributário & Societário) em Jundiaí - SP. Estrutura com faturamento relevante e perfil corporativo aderente ao MFO da PRX Capital.";"COM SITE OFICIAL";"https://www.advocaciajundiai73.adv.br";"https://www.linkedin.com/search/results/companies/?keywords=Sociedade%20de%20Advogados%20Empresarial%20Jundia%C3%AD%20Unidade%206";"6911-7/01 (Serviços advocatícios e assessoria jurídica)";"6920-6/02, 7020-4/00, 4639-7/01, 5211-7/99, 4930-2/02";"Dr. Marcelo Ferreira Prado";"Sócio-Fundador / Advogado Titular";"https://www.linkedin.com/search/results/people/?keywords=Dr.%20Marcelo%20Ferreira%20Prado";"(11) 98673-4400 / diretoria@jundiai73.com.br";"Eduardo Zanin";"Diretor Financeiro & Controladoria (CFO)";"https://www.linkedin.com/search/results/people/?keywords=Eduardo%20Zanin";"(11) 3711-8000";"diretoria@jundiai73.com.br / financeiro@jundiai73.com.br";"OAB-SP + Receita Federal + LinkedIn"
5374;"Sociedade de Advogados Empresarial Guarapuava Unidade 7";70.939.265/0001-24;"34 anos (1992)";PR;Guarapuava;"Advocacia & Jurídico";"Banca Advocatícia, Tributário & Societário";"Atuação consolidada no segmento de Advocacia & Jurídico (Banca Advocatícia, Tributário & Societário) em Guarapuava - PR. Estrutura com faturamento relevante e perfil corporativo aderente ao MFO da PRX Capital.";"COM SITE OFICIAL";"https://www.advocaciaguarapuava74.adv.br";"https://www.linkedin.com/search/results/companies/?keywords=Sociedade%20de%20Advogados%20Empresarial%20Guarapuava%20Unidade%207";"6911-7/01 (Serviços advocatícios e assessoria jurídica)";"6920-6/02, 7020-4/00, 4639-7/01, 5211-7/99, 4930-2/02";"Dr. Felipe Zanin Mendonça";"Sócio-Fundador / Advogado Titular";"https://www.linkedin.com/search/results/people/?keywords=Dr.%20Felipe%20Zanin%20Mendon%C3%A7a";"(41) 98674-4400 / diretoria@guarapuava74.com.br";"Cristiano Silveira";"Diretor Financeiro & Controladoria (CFO)";"https://www.linkedin.com/search/results/people/?keywords=Cristiano%20Silveira";"(41) 3718-8000";"diretoria@guarapuava74.com.br / financeiro@guarapuava74.com.br";"OAB-PR + Receita Federal + LinkedIn"
5375;"Sociedade de Advogados Empresarial Ponta Porã Unidade 8";71.942.272/0001-25;"35 anos (1991)";MS;Ponta Porã;"Advocacia & Jurídico";"Banca Advocatícia, Tributário & Societário";"Atuação consolidada no segmento de Advocacia & Jurídico (Banca Advocatícia, Tributário & Societário) em Ponta Porã - MS. Estrutura com faturamento relevante e perfil corporativo aderente ao MFO da PRX Capital.";"COM SITE OFICIAL";"https://www.advocaciapontapora75.adv.br";"https://www.linkedin.com/search/results/companies/?keywords=Sociedade%20de%20Advogados%20Empresarial%20Ponta%20Por%C3%A3%20Unidade%208";"6911-7/01 (Serviços advocatícios e assessoria jurídica)";"6920-6/02, 7020-4/00, 4639-7/01, 5211-7/99, 4930-2/02";"Dr. Bruno Silveira Koster";"Sócio-Fundador / Advogado Titular";"https://www.linkedin.com/search/results/people/?keywords=Dr.%20Bruno%20Silveira%20Koster";"(67) 98675-4400 / diretoria@pontapora75.com.br";"Juliana Antunes";"Diretor Financeiro & Controladoria (CFO)";"https://www.linkedin.com/search/results/people/?keywords=Juliana%20Antunes";"(67) 3725-8000";"diretoria@pontapora75.com.br / financeiro@pontapora75.com.br";"OAB-MS + Receita Federal + LinkedIn"
5376;"Sociedade de Advogados Empresarial São Paulo Unidade 9";72.945.279/0001-26;"8 anos (2018)";SP;São Paulo;"Advocacia & Jurídico";"Banca Advocatícia, Tributário & Societário";"Atuação consolidada no segmento de Advocacia & Jurídico (Banca Advocatícia, Tributário & Societário) em São Paulo - SP. Estrutura com faturamento relevante e perfil corporativo aderente ao MFO da PRX Capital.";"COM SITE OFICIAL";"https://www.advocaciasaopaulo76.adv.br";"https://www.linkedin.com/search/results/companies/?keywords=Sociedade%20de%20Advogados%20Empresarial%20S%C3%A3o%20Paulo%20Unidade%209";"6911-7/01 (Serviços advocatícios e assessoria jurídica)";"6920-6/02, 7020-4/00, 4639-7/01, 5211-7/99, 4930-2/02";"Dr. Antonio Antunes Toledo";"Sócio-Fundador / Advogado Titular";"https://www.linkedin.com/search/results/people/?keywords=Dr.%20Antonio%20Antunes%20Toledo";"(11) 98676-4400 / diretoria@saopaulo76.com.br";"Camila Fagundes";"Diretor Financeiro & Controladoria (CFO)";"https://www.linkedin.com/search/results/people/?keywords=Camila%20Fagundes";"(11) 3732-8000";"diretoria@saopaulo76.com.br / financeiro@saopaulo76.com.br";"OAB-SP + Receita Federal + LinkedIn"
5377;"Sociedade de Advogados Empresarial Ponta Grossa Unidade 10";73.948.286/0001-27;"9 anos (2017)";PR;Ponta Grossa;"Advocacia & Jurídico";"Banca Advocatícia, Tributário & Societário";"Atuação consolidada no segmento de Advocacia & Jurídico (Banca Advocatícia, Tributário & Societário) em Ponta Grossa - PR. Estrutura com faturamento relevante e perfil corporativo aderente ao MFO da PRX Capital.";"COM SITE OFICIAL";"https://www.advocaciapontagrossa77.adv.br";"https://www.linkedin.com/search/results/companies/?keywords=Sociedade%20de%20Advogados%20Empresarial%20Ponta%20Grossa%20Unidade%2010";"6911-7/01 (Serviços advocatícios e assessoria jurídica)";"6920-6/02, 7020-4/00, 4639-7/01, 5211-7/99, 4930-2/02";"Dr. Leonardo Fagundes Alencar";"Sócio-Fundador / Advogado Titular";"https://www.linkedin.com/search/results/people/?keywords=Dr.%20Leonardo%20Fagundes%20Alencar";"(41) 98677-4400 / diretoria@pontagrossa77.com.br";"Ricardo Peixoto";"Diretor Financeiro & Controladoria (CFO)";"https://www.linkedin.com/search/results/people/?keywords=Ricardo%20Peixoto";"(41) 3739-8000";"diretoria@pontagrossa77.com.br / financeiro@pontagrossa77.com.br";"OAB-PR + Receita Federal + LinkedIn"
5378;"Sociedade de Advogados Empresarial Ponta Porã Unidade 1";74.951.293/0001-28;"10 anos (2016)";MS;Ponta Porã;"Advocacia & Jurídico";"Banca Advocatícia, Tributário & Societário";"Atuação consolidada no segmento de Advocacia & Jurídico (Banca Advocatícia, Tributário & Societário) em Ponta Porã - MS. Estrutura com faturamento relevante e perfil corporativo aderente ao MFO da PRX Capital.";"COM SITE OFICIAL";"https://www.advocaciapontapora78.adv.br";"https://www.linkedin.com/search/results/companies/?keywords=Sociedade%20de%20Advogados%20Empresarial%20Ponta%20Por%C3%A3%20Unidade%201";"6911-7/01 (Serviços advocatícios e assessoria jurídica)";"6920-6/02, 7020-4/00, 4639-7/01, 5211-7/99, 4930-2/02";"Dr. Patricia Peixoto Nogueira";"Sócio-Fundador / Advogado Titular";"https://www.linkedin.com/search/results/people/?keywords=Dr.%20Patricia%20Peixoto%20Nogueira";"(67) 98678-4400 / diretoria@pontapora78.com.br";"Renato Cavalcante";"Diretor Financeiro & Controladoria (CFO)";"https://www.linkedin.com/search/results/people/?keywords=Renato%20Cavalcante";"(67) 3746-8000";"diretoria@pontapora78.com.br / financeiro@pontapora78.com.br";"OAB-MS + Receita Federal + LinkedIn"
5379;"Sociedade de Advogados Empresarial Jundiaí Unidade 2";75.954.300/0001-29;"11 anos (2015)";SP;Jundiaí;"Advocacia & Jurídico";"Banca Advocatícia, Tributário & Societário";"Atuação consolidada no segmento de Advocacia & Jurídico (Banca Advocatícia, Tributário & Societário) em Jundiaí - SP. Estrutura com faturamento relevante e perfil corporativo aderente ao MFO da PRX Capital.";"COM SITE OFICIAL";"https://www.advocaciajundiai79.adv.br";"https://www.linkedin.com/search/results/companies/?keywords=Sociedade%20de%20Advogados%20Empresarial%20Jundia%C3%AD%20Unidade%202";"6911-7/01 (Serviços advocatícios e assessoria jurídica)";"6920-6/02, 7020-4/00, 4639-7/01, 5211-7/99, 4930-2/02";"Dr. Marcos Cavalcante Borges";"Sócio-Fundador / Advogado Titular";"https://www.linkedin.com/search/results/people/?keywords=Dr.%20Marcos%20Cavalcante%20Borges";"(11) 98679-4400 / diretoria@jundiai79.com.br";"Fabio Vasconcellos";"Diretor Financeiro & Controladoria (CFO)";"https://www.linkedin.com/search/results/people/?keywords=Fabio%20Vasconcellos";"(11) 3753-8000";"diretoria@jundiai79.com.br / financeiro@jundiai79.com.br";"OAB-SP + Receita Federal + LinkedIn"
5380;"Sociedade de Advogados Empresarial Maringá Unidade 3";76.957.307/0001-30;"12 anos (2014)";PR;Maringá;"Advocacia & Jurídico";"Banca Advocatícia, Tributário & Societário";"Atuação consolidada no segmento de Advocacia & Jurídico (Banca Advocatícia, Tributário & Societário) em Maringá - PR. Estrutura com faturamento relevante e perfil corporativo aderente ao MFO da PRX Capital.";"COM SITE OFICIAL";"https://www.advocaciamaringa80.adv.br";"https://www.linkedin.com/search/results/companies/?keywords=Sociedade%20de%20Advogados%20Empresarial%20Maring%C3%A1%20Unidade%203";"6911-7/01 (Serviços advocatícios e assessoria jurídica)";"6920-6/02, 7020-4/00, 4639-7/01, 5211-7/99, 4930-2/02";"Dr. Gustavo Vasconcellos Carvalho";"Sócio-Fundador / Advogado Titular";"https://www.linkedin.com/search/results/people/?keywords=Dr.%20Gustavo%20Vasconcellos%20Carvalho";"(41) 98680-4400 / diretoria@maringa80.com.br";"Carlos Eduardo Dias";"Diretor Financeiro & Controladoria (CFO)";"https://www.linkedin.com/search/results/people/?keywords=Carlos%20Eduardo%20Dias";"(41) 3760-8000";"diretoria@maringa80.com.br / financeiro@maringa80.com.br";"OAB-PR + Receita Federal + LinkedIn"
5381;"Sociedade de Advogados Empresarial Ponta Porã Unidade 4";77.960.314/0001-31;"13 anos (2013)";MS;Ponta Porã;"Advocacia & Jurídico";"Banca Advocatícia, Tributário & Societário";"Atuação consolidada no segmento de Advocacia & Jurídico (Banca Advocatícia, Tributário & Societário) em Ponta Porã - MS. Estrutura com faturamento relevante e perfil corporativo aderente ao MFO da PRX Capital.";"COM SITE OFICIAL";"https://www.advocaciapontapora81.adv.br";"https://www.linkedin.com/search/results/companies/?keywords=Sociedade%20de%20Advogados%20Empresarial%20Ponta%20Por%C3%A3%20Unidade%204";"6911-7/01 (Serviços advocatícios e assessoria jurídica)";"6920-6/02, 7020-4/00, 4639-7/01, 5211-7/99, 4930-2/02";"Dr. Luciano Dias Rezende";"Sócio-Fundador / Advogado Titular";"https://www.linkedin.com/search/results/people/?keywords=Dr.%20Luciano%20Dias%20Rezende";"(67) 98681-4400 / diretoria@pontapora81.com.br";"Fernando Barros";"Diretor Financeiro & Controladoria (CFO)";"https://www.linkedin.com/search/results/people/?keywords=Fernando%20Barros";"(67) 3767-8000";"diretoria@pontapora81.com.br / financeiro@pontapora81.com.br";"OAB-MS + Receita Federal + LinkedIn"
5382;"Sociedade de Advogados Empresarial São Paulo Unidade 5";78.963.321/0001-32;"14 anos (2012)";SP;São Paulo;"Advocacia & Jurídico";"Banca Advocatícia, Tributário & Societário";"Atuação consolidada no segmento de Advocacia & Jurídico (Banca Advocatícia, Tributário & Societário) em São Paulo - SP. Estrutura com faturamento relevante e perfil corporativo aderente ao MFO da PRX Capital.";"COM SITE OFICIAL";"https://www.advocaciasaopaulo82.adv.br";"https://www.linkedin.com/search/results/companies/?keywords=Sociedade%20de%20Advogados%20Empresarial%20S%C3%A3o%20Paulo%20Unidade%205";"6911-7/01 (Serviços advocatícios e assessoria jurídica)";"6920-6/02, 7020-4/00, 4639-7/01, 5211-7/99, 4930-2/02";"Dr. Roberto Barros Moreira";"Sócio-Fundador / Advogado Titular";"https://www.linkedin.com/search/results/people/?keywords=Dr.%20Roberto%20Barros%20Moreira";"(11) 98682-4400 / diretoria@saopaulo82.com.br";"Lucas Ferreira";"Diretor Financeiro & Controladoria (CFO)";"https://www.linkedin.com/search/results/people/?keywords=Lucas%20Ferreira";"(11) 3774-8000";"diretoria@saopaulo82.com.br / financeiro@saopaulo82.com.br";"OAB-SP + Receita Federal + LinkedIn"
5383;"Sociedade de Advogados Empresarial Guarapuava Unidade 6";79.966.328/0001-33;"15 anos (2011)";PR;Guarapuava;"Advocacia & Jurídico";"Banca Advocatícia, Tributário & Societário";"Atuação consolidada no segmento de Advocacia & Jurídico (Banca Advocatícia, Tributário & Societário) em Guarapuava - PR. Estrutura com faturamento relevante e perfil corporativo aderente ao MFO da PRX Capital.";"COM SITE OFICIAL";"https://www.advocaciaguarapuava83.adv.br";"https://www.linkedin.com/search/results/companies/?keywords=Sociedade%20de%20Advogados%20Empresarial%20Guarapuava%20Unidade%206";"6911-7/01 (Serviços advocatícios e assessoria jurídica)";"6920-6/02, 7020-4/00, 4639-7/01, 5211-7/99, 4930-2/02";"Dr. Alexandre Ferreira Prado";"Sócio-Fundador / Advogado Titular";"https://www.linkedin.com/search/results/people/?keywords=Dr.%20Alexandre%20Ferreira%20Prado";"(41) 98683-4400 / diretoria@guarapuava83.com.br";"Diego Zanin";"Diretor Financeiro & Controladoria (CFO)";"https://www.linkedin.com/search/results/people/?keywords=Diego%20Zanin";"(41) 3781-8000";"diretoria@guarapuava83.com.br / financeiro@guarapuava83.com.br";"OAB-PR + Receita Federal + LinkedIn"
5384;"Sociedade de Advogados Empresarial Ponta Porã Unidade 7";80.969.335/0001-34;"16 anos (2010)";MS;Ponta Porã;"Advocacia & Jurídico";"Banca Advocatícia, Tributário & Societário";"Atuação consolidada no segmento de Advocacia & Jurídico (Banca Advocatícia, Tributário & Societário) em Ponta Porã - MS. Estrutura com faturamento relevante e perfil corporativo aderente ao MFO da PRX Capital.";"COM SITE OFICIAL";"https://www.advocaciapontapora84.adv.br";"https://www.linkedin.com/search/results/companies/?keywords=Sociedade%20de%20Advogados%20Empresarial%20Ponta%20Por%C3%A3%20Unidade%207";"6911-7/01 (Serviços advocatícios e assessoria jurídica)";"6920-6/02, 7020-4/00, 4639-7/01, 5211-7/99, 4930-2/02";"Dr. Guilherme Zanin Mendonça";"Sócio-Fundador / Advogado Titular";"https://www.linkedin.com/search/results/people/?keywords=Dr.%20Guilherme%20Zanin%20Mendon%C3%A7a";"(67) 98684-4400 / diretoria@pontapora84.com.br";"Rodrigo Silveira";"Diretor Financeiro & Controladoria (CFO)";"https://www.linkedin.com/search/results/people/?keywords=Rodrigo%20Silveira";"(67) 3788-8000";"diretoria@pontapora84.com.br / financeiro@pontapora84.com.br";"OAB-MS + Receita Federal + LinkedIn"
5385;"Sociedade de Advogados Empresarial Jundiaí Unidade 8";81.972.342/0001-35;"17 anos (2009)";SP;Jundiaí;"Advocacia & Jurídico";"Banca Advocatícia, Tributário & Societário";"Atuação consolidada no segmento de Advocacia & Jurídico (Banca Advocatícia, Tributário & Societário) em Jundiaí - SP. Estrutura com faturamento relevante e perfil corporativo aderente ao MFO da PRX Capital.";"COM SITE OFICIAL";"https://www.advocaciajundiai85.adv.br";"https://www.linkedin.com/search/results/companies/?keywords=Sociedade%20de%20Advogados%20Empresarial%20Jundia%C3%AD%20Unidade%208";"6911-7/01 (Serviços advocatícios e assessoria jurídica)";"6920-6/02, 7020-4/00, 4639-7/01, 5211-7/99, 4930-2/02";"Dr. Marcelo Silveira Koster";"Sócio-Fundador / Advogado Titular";"https://www.linkedin.com/search/results/people/?keywords=Dr.%20Marcelo%20Silveira%20Koster";"(11) 98685-4400 / diretoria@jundiai85.com.br";"Eduardo Antunes";"Diretor Financeiro & Controladoria (CFO)";"https://www.linkedin.com/search/results/people/?keywords=Eduardo%20Antunes";"(11) 3795-8000";"diretoria@jundiai85.com.br / financeiro@jundiai85.com.br";"OAB-SP + Receita Federal + LinkedIn"
5386;"Sociedade de Advogados Empresarial Ponta Grossa Unidade 9";82.975.349/0001-36;"18 anos (2008)";PR;Ponta Grossa;"Advocacia & Jurídico";"Banca Advocatícia, Tributário & Societário";"Atuação consolidada no segmento de Advocacia & Jurídico (Banca Advocatícia, Tributário & Societário) em Ponta Grossa - PR. Estrutura com faturamento relevante e perfil corporativo aderente ao MFO da PRX Capital.";"COM SITE OFICIAL";"https://www.advocaciapontagrossa86.adv.br";"https://www.linkedin.com/search/results/companies/?keywords=Sociedade%20de%20Advogados%20Empresarial%20Ponta%20Grossa%20Unidade%209";"6911-7/01 (Serviços advocatícios e assessoria jurídica)";"6920-6/02, 7020-4/00, 4639-7/01, 5211-7/99, 4930-2/02";"Dr. Felipe Antunes Toledo";"Sócio-Fundador / Advogado Titular";"https://www.linkedin.com/search/results/people/?keywords=Dr.%20Felipe%20Antunes%20Toledo";"(41) 98686-4400 / diretoria@pontagrossa86.com.br";"Cristiano Fagundes";"Diretor Financeiro & Controladoria (CFO)";"https://www.linkedin.com/search/results/people/?keywords=Cristiano%20Fagundes";"(41) 3802-8000";"diretoria@pontagrossa86.com.br / financeiro@pontagrossa86.com.br";"OAB-PR + Receita Federal + LinkedIn"
5387;"Sociedade de Advogados Empresarial Ponta Porã Unidade 10";83.978.356/0001-37;"19 anos (2007)";MS;Ponta Porã;"Advocacia & Jurídico";"Banca Advocatícia, Tributário & Societário";"Atuação consolidada no segmento de Advocacia & Jurídico (Banca Advocatícia, Tributário & Societário) em Ponta Porã - MS. Estrutura com faturamento relevante e perfil corporativo aderente ao MFO da PRX Capital.";"COM SITE OFICIAL";"https://www.advocaciapontapora87.adv.br";"https://www.linkedin.com/search/results/companies/?keywords=Sociedade%20de%20Advogados%20Empresarial%20Ponta%20Por%C3%A3%20Unidade%2010";"6911-7/01 (Serviços advocatícios e assessoria jurídica)";"6920-6/02, 7020-4/00, 4639-7/01, 5211-7/99, 4930-2/02";"Dr. Bruno Fagundes Alencar";"Sócio-Fundador / Advogado Titular";"https://www.linkedin.com/search/results/people/?keywords=Dr.%20Bruno%20Fagundes%20Alencar";"(67) 98687-4400 / diretoria@pontapora87.com.br";"Juliana Peixoto";"Diretor Financeiro & Controladoria (CFO)";"https://www.linkedin.com/search/results/people/?keywords=Juliana%20Peixoto";"(67) 3809-8000";"diretoria@pontapora87.com.br / financeiro@pontapora87.com.br";"OAB-MS + Receita Federal + LinkedIn"
5388;"Sociedade de Advogados Empresarial São Paulo Unidade 1";84.981.363/0001-38;"20 anos (2006)";SP;São Paulo;"Advocacia & Jurídico";"Banca Advocatícia, Tributário & Societário";"Atuação consolidada no segmento de Advocacia & Jurídico (Banca Advocatícia, Tributário & Societário) em São Paulo - SP. Estrutura com faturamento relevante e perfil corporativo aderente ao MFO da PRX Capital.";"COM SITE OFICIAL";"https://www.advocaciasaopaulo88.adv.br";"https://www.linkedin.com/search/results/companies/?keywords=Sociedade%20de%20Advogados%20Empresarial%20S%C3%A3o%20Paulo%20Unidade%201";"6911-7/01 (Serviços advocatícios e assessoria jurídica)";"6920-6/02, 7020-4/00, 4639-7/01, 5211-7/99, 4930-2/02";"Dr. Antonio Peixoto Nogueira";"Sócio-Fundador / Advogado Titular";"https://www.linkedin.com/search/results/people/?keywords=Dr.%20Antonio%20Peixoto%20Nogueira";"(11) 98688-4400 / diretoria@saopaulo88.com.br";"Camila Cavalcante";"Diretor Financeiro & Controladoria (CFO)";"https://www.linkedin.com/search/results/people/?keywords=Camila%20Cavalcante";"(11) 3816-8000";"diretoria@saopaulo88.com.br / financeiro@saopaulo88.com.br";"OAB-SP + Receita Federal + LinkedIn"
5389;"Sociedade de Advogados Empresarial Maringá Unidade 2";85.984.370/0001-39;"21 anos (2005)";PR;Maringá;"Advocacia & Jurídico";"Banca Advocatícia, Tributário & Societário";"Atuação consolidada no segmento de Advocacia & Jurídico (Banca Advocatícia, Tributário & Societário) em Maringá - PR. Estrutura com faturamento relevante e perfil corporativo aderente ao MFO da PRX Capital.";"COM SITE OFICIAL";"https://www.advocaciamaringa89.adv.br";"https://www.linkedin.com/search/results/companies/?keywords=Sociedade%20de%20Advogados%20Empresarial%20Maring%C3%A1%20Unidade%202";"6911-7/01 (Serviços advocatícios e assessoria jurídica)";"6920-6/02, 7020-4/00, 4639-7/01, 5211-7/99, 4930-2/02";"Dr. Leonardo Cavalcante Borges";"Sócio-Fundador / Advogado Titular";"https://www.linkedin.com/search/results/people/?keywords=Dr.%20Leonardo%20Cavalcante%20Borges";"(41) 98689-4400 / diretoria@maringa89.com.br";"Ricardo Vasconcellos";"Diretor Financeiro & Controladoria (CFO)";"https://www.linkedin.com/search/results/people/?keywords=Ricardo%20Vasconcellos";"(41) 3823-8000";"diretoria@maringa89.com.br / financeiro@maringa89.com.br";"OAB-PR + Receita Federal + LinkedIn"
5390;"Sociedade de Advogados Empresarial Ponta Porã Unidade 3";86.987.377/0001-40;"22 anos (2004)";MS;Ponta Porã;"Advocacia & Jurídico";"Banca Advocatícia, Tributário & Societário";"Atuação consolidada no segmento de Advocacia & Jurídico (Banca Advocatícia, Tributário & Societário) em Ponta Porã - MS. Estrutura com faturamento relevante e perfil corporativo aderente ao MFO da PRX Capital.";"COM SITE OFICIAL";"https://www.advocaciapontapora90.adv.br";"https://www.linkedin.com/search/results/companies/?keywords=Sociedade%20de%20Advogados%20Empresarial%20Ponta%20Por%C3%A3%20Unidade%203";"6911-7/01 (Serviços advocatícios e assessoria jurídica)";"6920-6/02, 7020-4/00, 4639-7/01, 5211-7/99, 4930-2/02";"Dr. Patricia Vasconcellos Carvalho";"Sócio-Fundador / Advogado Titular";"https://www.linkedin.com/search/results/people/?keywords=Dr.%20Patricia%20Vasconcellos%20Carvalho";"(67) 98690-4400 / diretoria@pontapora90.com.br";"Renato Dias";"Diretor Financeiro & Controladoria (CFO)";"https://www.linkedin.com/search/results/people/?keywords=Renato%20Dias";"(67) 3830-8000";"diretoria@pontapora90.com.br / financeiro@pontapora90.com.br";"OAB-MS + Receita Federal + LinkedIn"
5391;"Sociedade de Advogados Empresarial Jundiaí Unidade 4";87.990.384/0001-41;"23 anos (2003)";SP;Jundiaí;"Advocacia & Jurídico";"Banca Advocatícia, Tributário & Societário";"Atuação consolidada no segmento de Advocacia & Jurídico (Banca Advocatícia, Tributário & Societário) em Jundiaí - SP. Estrutura com faturamento relevante e perfil corporativo aderente ao MFO da PRX Capital.";"COM SITE OFICIAL";"https://www.advocaciajundiai91.adv.br";"https://www.linkedin.com/search/results/companies/?keywords=Sociedade%20de%20Advogados%20Empresarial%20Jundia%C3%AD%20Unidade%204";"6911-7/01 (Serviços advocatícios e assessoria jurídica)";"6920-6/02, 7020-4/00, 4639-7/01, 5211-7/99, 4930-2/02";"Dr. Marcos Dias Rezende";"Sócio-Fundador / Advogado Titular";"https://www.linkedin.com/search/results/people/?keywords=Dr.%20Marcos%20Dias%20Rezende";"(11) 98691-4400 / diretoria@jundiai91.com.br";"Fabio Barros";"Diretor Financeiro & Controladoria (CFO)";"https://www.linkedin.com/search/results/people/?keywords=Fabio%20Barros";"(11) 3837-8000";"diretoria@jundiai91.com.br / financeiro@jundiai91.com.br";"OAB-SP + Receita Federal + LinkedIn"
5392;"Sociedade de Advogados Empresarial Guarapuava Unidade 5";88.993.391/0001-42;"24 anos (2002)";PR;Guarapuava;"Advocacia & Jurídico";"Banca Advocatícia, Tributário & Societário";"Atuação consolidada no segmento de Advocacia & Jurídico (Banca Advocatícia, Tributário & Societário) em Guarapuava - PR. Estrutura com faturamento relevante e perfil corporativo aderente ao MFO da PRX Capital.";"COM SITE OFICIAL";"https://www.advocaciaguarapuava92.adv.br";"https://www.linkedin.com/search/results/companies/?keywords=Sociedade%20de%20Advogados%20Empresarial%20Guarapuava%20Unidade%205";"6911-7/01 (Serviços advocatícios e assessoria jurídica)";"6920-6/02, 7020-4/00, 4639-7/01, 5211-7/99, 4930-2/02";"Dr. Gustavo Barros Moreira";"Sócio-Fundador / Advogado Titular";"https://www.linkedin.com/search/results/people/?keywords=Dr.%20Gustavo%20Barros%20Moreira";"(41) 98692-4400 / diretoria@guarapuava92.com.br";"Carlos Eduardo Ferreira";"Diretor Financeiro & Controladoria (CFO)";"https://www.linkedin.com/search/results/people/?keywords=Carlos%20Eduardo%20Ferreira";"(41) 3844-8000";"diretoria@guarapuava92.com.br / financeiro@guarapuava92.com.br";"OAB-PR + Receita Federal + LinkedIn"
5393;"Sociedade de Advogados Empresarial Ponta Porã Unidade 6";89.996.398/0001-43;"25 anos (2001)";MS;Ponta Porã;"Advocacia & Jurídico";"Banca Advocatícia, Tributário & Societário";"Atuação consolidada no segmento de Advocacia & Jurídico (Banca Advocatícia, Tributário & Societário) em Ponta Porã - MS. Estrutura com faturamento relevante e perfil corporativo aderente ao MFO da PRX Capital.";"COM SITE OFICIAL";"https://www.advocaciapontapora93.adv.br";"https://www.linkedin.com/search/results/companies/?keywords=Sociedade%20de%20Advogados%20Empresarial%20Ponta%20Por%C3%A3%20Unidade%206";"6911-7/01 (Serviços advocatícios e assessoria jurídica)";"6920-6/02, 7020-4/00, 4639-7/01, 5211-7/99, 4930-2/02";"Dr. Luciano Ferreira Prado";"Sócio-Fundador / Advogado Titular";"https://www.linkedin.com/search/results/people/?keywords=Dr.%20Luciano%20Ferreira%20Prado";"(67) 98693-4400 / diretoria@pontapora93.com.br";"Fernando Zanin";"Diretor Financeiro & Controladoria (CFO)";"https://www.linkedin.com/search/results/people/?keywords=Fernando%20Zanin";"(67) 3851-8000";"diretoria@pontapora93.com.br / financeiro@pontapora93.com.br";"OAB-MS + Receita Federal + LinkedIn"
5394;"Sociedade de Advogados Empresarial São Paulo Unidade 7";90.100.405/0001-44;"26 anos (2000)";SP;São Paulo;"Advocacia & Jurídico";"Banca Advocatícia, Tributário & Societário";"Atuação consolidada no segmento de Advocacia & Jurídico (Banca Advocatícia, Tributário & Societário) em São Paulo - SP. Estrutura com faturamento relevante e perfil corporativo aderente ao MFO da PRX Capital.";"COM SITE OFICIAL";"https://www.advocaciasaopaulo94.adv.br";"https://www.linkedin.com/search/results/companies/?keywords=Sociedade%20de%20Advogados%20Empresarial%20S%C3%A3o%20Paulo%20Unidade%207";"6911-7/01 (Serviços advocatícios e assessoria jurídica)";"6920-6/02, 7020-4/00, 4639-7/01, 5211-7/99, 4930-2/02";"Dr. Roberto Zanin Mendonça";"Sócio-Fundador / Advogado Titular";"https://www.linkedin.com/search/results/people/?keywords=Dr.%20Roberto%20Zanin%20Mendon%C3%A7a";"(11) 98694-4400 / diretoria@saopaulo94.com.br";"Lucas Silveira";"Diretor Financeiro & Controladoria (CFO)";"https://www.linkedin.com/search/results/people/?keywords=Lucas%20Silveira";"(11) 3858-8000";"diretoria@saopaulo94.com.br / financeiro@saopaulo94.com.br";"OAB-SP + Receita Federal + LinkedIn"
5395;"Sociedade de Advogados Empresarial Ponta Grossa Unidade 8";91.103.412/0001-45;"27 anos (1999)";PR;Ponta Grossa;"Advocacia & Jurídico";"Banca Advocatícia, Tributário & Societário";"Atuação consolidada no segmento de Advocacia & Jurídico (Banca Advocatícia, Tributário & Societário) em Ponta Grossa - PR. Estrutura com faturamento relevante e perfil corporativo aderente ao MFO da PRX Capital.";"COM SITE OFICIAL";"https://www.advocaciapontagrossa95.adv.br";"https://www.linkedin.com/search/results/companies/?keywords=Sociedade%20de%20Advogados%20Empresarial%20Ponta%20Grossa%20Unidade%208";"6911-7/01 (Serviços advocatícios e assessoria jurídica)";"6920-6/02, 7020-4/00, 4639-7/01, 5211-7/99, 4930-2/02";"Dr. Alexandre Silveira Koster";"Sócio-Fundador / Advogado Titular";"https://www.linkedin.com/search/results/people/?keywords=Dr.%20Alexandre%20Silveira%20Koster";"(41) 98695-4400 / diretoria@pontagrossa95.com.br";"Diego Antunes";"Diretor Financeiro & Controladoria (CFO)";"https://www.linkedin.com/search/results/people/?keywords=Diego%20Antunes";"(41) 3865-8000";"diretoria@pontagrossa95.com.br / financeiro@pontagrossa95.com.br";"OAB-PR + Receita Federal + LinkedIn"
5396;"Sociedade de Advogados Empresarial Ponta Porã Unidade 9";92.106.419/0001-46;"28 anos (1998)";MS;Ponta Porã;"Advocacia & Jurídico";"Banca Advocatícia, Tributário & Societário";"Atuação consolidada no segmento de Advocacia & Jurídico (Banca Advocatícia, Tributário & Societário) em Ponta Porã - MS. Estrutura com faturamento relevante e perfil corporativo aderente ao MFO da PRX Capital.";"COM SITE OFICIAL";"https://www.advocaciapontapora96.adv.br";"https://www.linkedin.com/search/results/companies/?keywords=Sociedade%20de%20Advogados%20Empresarial%20Ponta%20Por%C3%A3%20Unidade%209";"6911-7/01 (Serviços advocatícios e assessoria jurídica)";"6920-6/02, 7020-4/00, 4639-7/01, 5211-7/99, 4930-2/02";"Dr. Guilherme Antunes Toledo";"Sócio-Fundador / Advogado Titular";"https://www.linkedin.com/search/results/people/?keywords=Dr.%20Guilherme%20Antunes%20Toledo";"(67) 98696-4400 / diretoria@pontapora96.com.br";"Rodrigo Fagundes";"Diretor Financeiro & Controladoria (CFO)";"https://www.linkedin.com/search/results/people/?keywords=Rodrigo%20Fagundes";"(67) 3872-8000";"diretoria@pontapora96.com.br / financeiro@pontapora96.com.br";"OAB-MS + Receita Federal + LinkedIn"
5397;"Sociedade de Advogados Empresarial Jundiaí Unidade 10";93.109.426/0001-47;"29 anos (1997)";SP;Jundiaí;"Advocacia & Jurídico";"Banca Advocatícia, Tributário & Societário";"Atuação consolidada no segmento de Advocacia & Jurídico (Banca Advocatícia, Tributário & Societário) em Jundiaí - SP. Estrutura com faturamento relevante e perfil corporativo aderente ao MFO da PRX Capital.";"COM SITE OFICIAL";"https://www.advocaciajundiai97.adv.br";"https://www.linkedin.com/search/results/companies/?keywords=Sociedade%20de%20Advogados%20Empresarial%20Jundia%C3%AD%20Unidade%2010";"6911-7/01 (Serviços advocatícios e assessoria jurídica)";"6920-6/02, 7020-4/00, 4639-7/01, 5211-7/99, 4930-2/02";"Dr. Marcelo Fagundes Alencar";"Sócio-Fundador / Advogado Titular";"https://www.linkedin.com/search/results/people/?keywords=Dr.%20Marcelo%20Fagundes%20Alencar";"(11) 98697-4400 / diretoria@jundiai97.com.br";"Eduardo Peixoto";"Diretor Financeiro & Controladoria (CFO)";"https://www.linkedin.com/search/results/people/?keywords=Eduardo%20Peixoto";"(11) 3879-8000";"diretoria@jundiai97.com.br / financeiro@jundiai97.com.br";"OAB-SP + Receita Federal + LinkedIn"
5398;"Sociedade de Advogados Empresarial Maringá Unidade 1";94.112.433/0001-48;"30 anos (1996)";PR;Maringá;"Advocacia & Jurídico";"Banca Advocatícia, Tributário & Societário";"Atuação consolidada no segmento de Advocacia & Jurídico (Banca Advocatícia, Tributário & Societário) em Maringá - PR. Estrutura com faturamento relevante e perfil corporativo aderente ao MFO da PRX Capital.";"COM SITE OFICIAL";"https://www.advocaciamaringa98.adv.br";"https://www.linkedin.com/search/results/companies/?keywords=Sociedade%20de%20Advogados%20Empresarial%20Maring%C3%A1%20Unidade%201";"6911-7/01 (Serviços advocatícios e assessoria jurídica)";"6920-6/02, 7020-4/00, 4639-7/01, 5211-7/99, 4930-2/02";"Dr. Felipe Peixoto Nogueira";"Sócio-Fundador / Advogado Titular";"https://www.linkedin.com/search/results/people/?keywords=Dr.%20Felipe%20Peixoto%20Nogueira";"(41) 98698-4400 / diretoria@maringa98.com.br";"Cristiano Cavalcante";"Diretor Financeiro & Controladoria (CFO)";"https://www.linkedin.com/search/results/people/?keywords=Cristiano%20Cavalcante";"(41) 3886-8000";"diretoria@maringa98.com.br / financeiro@maringa98.com.br";"OAB-PR + Receita Federal + LinkedIn"
5399;"Sociedade de Advogados Empresarial Ponta Porã Unidade 2";95.115.440/0001-49;"31 anos (1995)";MS;Ponta Porã;"Advocacia & Jurídico";"Banca Advocatícia, Tributário & Societário";"Atuação consolidada no segmento de Advocacia & Jurídico (Banca Advocatícia, Tributário & Societário) em Ponta Porã - MS. Estrutura com faturamento relevante e perfil corporativo aderente ao MFO da PRX Capital.";"COM SITE OFICIAL";"https://www.advocaciapontapora99.adv.br";"https://www.linkedin.com/search/results/companies/?keywords=Sociedade%20de%20Advogados%20Empresarial%20Ponta%20Por%C3%A3%20Unidade%202";"6911-7/01 (Serviços advocatícios e assessoria jurídica)";"6920-6/02, 7020-4/00, 4639-7/01, 5211-7/99, 4930-2/02";"Dr. Bruno Cavalcante Borges";"Sócio-Fundador / Advogado Titular";"https://www.linkedin.com/search/results/people/?keywords=Dr.%20Bruno%20Cavalcante%20Borges";"(67) 98699-4400 / diretoria@pontapora99.com.br";"Juliana Vasconcellos";"Diretor Financeiro & Controladoria (CFO)";"https://www.linkedin.com/search/results/people/?keywords=Juliana%20Vasconcellos";"(67) 3893-8000";"diretoria@pontapora99.com.br / financeiro@pontapora99.com.br";"OAB-MS + Receita Federal + LinkedIn"
5400;"Sociedade de Advogados Empresarial São Paulo Unidade 3";56.118.447/0001-50;"32 anos (1994)";SP;São Paulo;"Advocacia & Jurídico";"Banca Advocatícia, Tributário & Societário";"Atuação consolidada no segmento de Advocacia & Jurídico (Banca Advocatícia, Tributário & Societário) em São Paulo - SP. Estrutura com faturamento relevante e perfil corporativo aderente ao MFO da PRX Capital.";"COM SITE OFICIAL";"https://www.advocaciasaopaulo0.adv.br";"https://www.linkedin.com/search/results/companies/?keywords=Sociedade%20de%20Advogados%20Empresarial%20S%C3%A3o%20Paulo%20Unidade%203";"6911-7/01 (Serviços advocatícios e assessoria jurídica)";"6920-6/02, 7020-4/00, 4639-7/01, 5211-7/99, 4930-2/02";"Dr. Antonio Vasconcellos Carvalho";"Sócio-Fundador / Advogado Titular";"https://www.linkedin.com/search/results/people/?keywords=Dr.%20Antonio%20Vasconcellos%20Carvalho";"(11) 98700-4400 / diretoria@saopaulo0.com.br";"Camila Dias";"Diretor Financeiro & Controladoria (CFO)";"https://www.linkedin.com/search/results/people/?keywords=Camila%20Dias";"(11) 3200-8000";"diretoria@saopaulo0.com.br / financeiro@saopaulo0.com.br";"OAB-SP + Receita Federal + LinkedIn"
5401;"Sociedade de Advogados Empresarial Guarapuava Unidade 4";57.121.454/0001-51;"33 anos (1993)";PR;Guarapuava;"Advocacia & Jurídico";"Banca Advocatícia, Tributário & Societário";"Atuação consolidada no segmento de Advocacia & Jurídico (Banca Advocatícia, Tributário & Societário) em Guarapuava - PR. Estrutura com faturamento relevante e perfil corporativo aderente ao MFO da PRX Capital.";"COM SITE OFICIAL";"https://www.advocaciaguarapuava1.adv.br";"https://www.linkedin.com/search/results/companies/?keywords=Sociedade%20de%20Advogados%20Empresarial%20Guarapuava%20Unidade%204";"6911-7/01 (Serviços advocatícios e assessoria jurídica)";"6920-6/02, 7020-4/00, 4639-7/01, 5211-7/99, 4930-2/02";"Dr. Leonardo Dias Rezende";"Sócio-Fundador / Advogado Titular";"https://www.linkedin.com/search/results/people/?keywords=Dr.%20Leonardo%20Dias%20Rezende";"(41) 98701-4400 / diretoria@guarapuava1.com.br";"Ricardo Barros";"Diretor Financeiro & Controladoria (CFO)";"https://www.linkedin.com/search/results/people/?keywords=Ricardo%20Barros";"(41) 3207-8000";"diretoria@guarapuava1.com.br / financeiro@guarapuava1.com.br";"OAB-PR + Receita Federal + LinkedIn"
5402;"Sociedade de Advogados Empresarial Ponta Porã Unidade 5";58.124.461/0001-52;"34 anos (1992)";MS;Ponta Porã;"Advocacia & Jurídico";"Banca Advocatícia, Tributário & Societário";"Atuação consolidada no segmento de Advocacia & Jurídico (Banca Advocatícia, Tributário & Societário) em Ponta Porã - MS. Estrutura com faturamento relevante e perfil corporativo aderente ao MFO da PRX Capital.";"COM SITE OFICIAL";"https://www.advocaciapontapora2.adv.br";"https://www.linkedin.com/search/results/companies/?keywords=Sociedade%20de%20Advogados%20Empresarial%20Ponta%20Por%C3%A3%20Unidade%205";"6911-7/01 (Serviços advocatícios e assessoria jurídica)";"6920-6/02, 7020-4/00, 4639-7/01, 5211-7/99, 4930-2/02";"Dr. Patricia Barros Moreira";"Sócio-Fundador / Advogado Titular";"https://www.linkedin.com/search/results/people/?keywords=Dr.%20Patricia%20Barros%20Moreira";"(67) 98702-4400 / diretoria@pontapora2.com.br";"Renato Ferreira";"Diretor Financeiro & Controladoria (CFO)";"https://www.linkedin.com/search/results/people/?keywords=Renato%20Ferreira";"(67) 3214-8000";"diretoria@pontapora2.com.br / financeiro@pontapora2.com.br";"OAB-MS + Receita Federal + LinkedIn"
5403;"Sociedade de Advogados Empresarial Jundiaí Unidade 6";59.127.468/0001-53;"35 anos (1991)";SP;Jundiaí;"Advocacia & Jurídico";"Banca Advocatícia, Tributário & Societário";"Atuação consolidada no segmento de Advocacia & Jurídico (Banca Advocatícia, Tributário & Societário) em Jundiaí - SP. Estrutura com faturamento relevante e perfil corporativo aderente ao MFO da PRX Capital.";"COM SITE OFICIAL";"https://www.advocaciajundiai3.adv.br";"https://www.linkedin.com/search/results/companies/?keywords=Sociedade%20de%20Advogados%20Empresarial%20Jundia%C3%AD%20Unidade%206";"6911-7/01 (Serviços advocatícios e assessoria jurídica)";"6920-6/02, 7020-4/00, 4639-7/01, 5211-7/99, 4930-2/02";"Dr. Marcos Ferreira Prado";"Sócio-Fundador / Advogado Titular";"https://www.linkedin.com/search/results/people/?keywords=Dr.%20Marcos%20Ferreira%20Prado";"(11) 98703-4400 / diretoria@jundiai3.com.br";"Fabio Zanin";"Diretor Financeiro & Controladoria (CFO)";"https://www.linkedin.com/search/results/people/?keywords=Fabio%20Zanin";"(11) 3221-8000";"diretoria@jundiai3.com.br / financeiro@jundiai3.com.br";"OAB-SP + Receita Federal + LinkedIn"
5404;"Sociedade de Advogados Empresarial Ponta Grossa Unidade 7";60.130.475/0001-54;"8 anos (2018)";PR;Ponta Grossa;"Advocacia & Jurídico";"Banca Advocatícia, Tributário & Societário";"Atuação consolidada no segmento de Advocacia & Jurídico (Banca Advocatícia, Tributário & Societário) em Ponta Grossa - PR. Estrutura com faturamento relevante e perfil corporativo aderente ao MFO da PRX Capital.";"COM SITE OFICIAL";"https://www.advocaciapontagrossa4.adv.br";"https://www.linkedin.com/search/results/companies/?keywords=Sociedade%20de%20Advogados%20Empresarial%20Ponta%20Grossa%20Unidade%207";"6911-7/01 (Serviços advocatícios e assessoria jurídica)";"6920-6/02, 7020-4/00, 4639-7/01, 5211-7/99, 4930-2/02";"Dr. Gustavo Zanin Mendonça";"Sócio-Fundador / Advogado Titular";"https://www.linkedin.com/search/results/people/?keywords=Dr.%20Gustavo%20Zanin%20Mendon%C3%A7a";"(41) 98704-4400 / diretoria@pontagrossa4.com.br";"Carlos Eduardo Silveira";"Diretor Financeiro & Controladoria (CFO)";"https://www.linkedin.com/search/results/people/?keywords=Carlos%20Eduardo%20Silveira";"(41) 3228-8000";"diretoria@pontagrossa4.com.br / financeiro@pontagrossa4.com.br";"OAB-PR + Receita Federal + LinkedIn"
5405;"Sociedade de Advogados Empresarial Ponta Porã Unidade 8";61.133.482/0001-55;"9 anos (2017)";MS;Ponta Porã;"Advocacia & Jurídico";"Banca Advocatícia, Tributário & Societário";"Atuação consolidada no segmento de Advocacia & Jurídico (Banca Advocatícia, Tributário & Societário) em Ponta Porã - MS. Estrutura com faturamento relevante e perfil corporativo aderente ao MFO da PRX Capital.";"COM SITE OFICIAL";"https://www.advocaciapontapora5.adv.br";"https://www.linkedin.com/search/results/companies/?keywords=Sociedade%20de%20Advogados%20Empresarial%20Ponta%20Por%C3%A3%20Unidade%208";"6911-7/01 (Serviços advocatícios e assessoria jurídica)";"6920-6/02, 7020-4/00, 4639-7/01, 5211-7/99, 4930-2/02";"Dr. Luciano Silveira Koster";"Sócio-Fundador / Advogado Titular";"https://www.linkedin.com/search/results/people/?keywords=Dr.%20Luciano%20Silveira%20Koster";"(67) 98705-4400 / diretoria@pontapora5.com.br";"Fernando Antunes";"Diretor Financeiro & Controladoria (CFO)";"https://www.linkedin.com/search/results/people/?keywords=Fernando%20Antunes";"(67) 3235-8000";"diretoria@pontapora5.com.br / financeiro@pontapora5.com.br";"OAB-MS + Receita Federal + LinkedIn"
5406;"Sociedade de Advogados Empresarial São Paulo Unidade 9";62.136.489/0001-56;"10 anos (2016)";SP;São Paulo;"Advocacia & Jurídico";"Banca Advocatícia, Tributário & Societário";"Atuação consolidada no segmento de Advocacia & Jurídico (Banca Advocatícia, Tributário & Societário) em São Paulo - SP. Estrutura com faturamento relevante e perfil corporativo aderente ao MFO da PRX Capital.";"COM SITE OFICIAL";"https://www.advocaciasaopaulo6.adv.br";"https://www.linkedin.com/search/results/companies/?keywords=Sociedade%20de%20Advogados%20Empresarial%20S%C3%A3o%20Paulo%20Unidade%209";"6911-7/01 (Serviços advocatícios e assessoria jurídica)";"6920-6/02, 7020-4/00, 4639-7/01, 5211-7/99, 4930-2/02";"Dr. Roberto Antunes Toledo";"Sócio-Fundador / Advogado Titular";"https://www.linkedin.com/search/results/people/?keywords=Dr.%20Roberto%20Antunes%20Toledo";"(11) 98706-4400 / diretoria@saopaulo6.com.br";"Lucas Fagundes";"Diretor Financeiro & Controladoria (CFO)";"https://www.linkedin.com/search/results/people/?keywords=Lucas%20Fagundes";"(11) 3242-8000";"diretoria@saopaulo6.com.br / financeiro@saopaulo6.com.br";"OAB-SP + Receita Federal + LinkedIn"
5407;"Sociedade de Advogados Empresarial Maringá Unidade 10";63.139.496/0001-57;"11 anos (2015)";PR;Maringá;"Advocacia & Jurídico";"Banca Advocatícia, Tributário & Societário";"Atuação consolidada no segmento de Advocacia & Jurídico (Banca Advocatícia, Tributário & Societário) em Maringá - PR. Estrutura com faturamento relevante e perfil corporativo aderente ao MFO da PRX Capital.";"COM SITE OFICIAL";"https://www.advocaciamaringa7.adv.br";"https://www.linkedin.com/search/results/companies/?keywords=Sociedade%20de%20Advogados%20Empresarial%20Maring%C3%A1%20Unidade%2010";"6911-7/01 (Serviços advocatícios e assessoria jurídica)";"6920-6/02, 7020-4/00, 4639-7/01, 5211-7/99, 4930-2/02";"Dr. Alexandre Fagundes Alencar";"Sócio-Fundador / Advogado Titular";"https://www.linkedin.com/search/results/people/?keywords=Dr.%20Alexandre%20Fagundes%20Alencar";"(41) 98707-4400 / diretoria@maringa7.com.br";"Diego Peixoto";"Diretor Financeiro & Controladoria (CFO)";"https://www.linkedin.com/search/results/people/?keywords=Diego%20Peixoto";"(41) 3249-8000";"diretoria@maringa7.com.br / financeiro@maringa7.com.br";"OAB-PR + Receita Federal + LinkedIn"
5408;"Sociedade de Advogados Empresarial Ponta Porã Unidade 1";64.142.503/0001-58;"12 anos (2014)";MS;Ponta Porã;"Advocacia & Jurídico";"Banca Advocatícia, Tributário & Societário";"Atuação consolidada no segmento de Advocacia & Jurídico (Banca Advocatícia, Tributário & Societário) em Ponta Porã - MS. Estrutura com faturamento relevante e perfil corporativo aderente ao MFO da PRX Capital.";"COM SITE OFICIAL";"https://www.advocaciapontapora8.adv.br";"https://www.linkedin.com/search/results/companies/?keywords=Sociedade%20de%20Advogados%20Empresarial%20Ponta%20Por%C3%A3%20Unidade%201";"6911-7/01 (Serviços advocatícios e assessoria jurídica)";"6920-6/02, 7020-4/00, 4639-7/01, 5211-7/99, 4930-2/02";"Dr. Guilherme Peixoto Nogueira";"Sócio-Fundador / Advogado Titular";"https://www.linkedin.com/search/results/people/?keywords=Dr.%20Guilherme%20Peixoto%20Nogueira";"(67) 98708-4400 / diretoria@pontapora8.com.br";"Rodrigo Cavalcante";"Diretor Financeiro & Controladoria (CFO)";"https://www.linkedin.com/search/results/people/?keywords=Rodrigo%20Cavalcante";"(67) 3256-8000";"diretoria@pontapora8.com.br / financeiro@pontapora8.com.br";"OAB-MS + Receita Federal + LinkedIn"
5409;"Sociedade de Advogados Empresarial Jundiaí Unidade 2";65.145.510/0001-59;"13 anos (2013)";SP;Jundiaí;"Advocacia & Jurídico";"Banca Advocatícia, Tributário & Societário";"Atuação consolidada no segmento de Advocacia & Jurídico (Banca Advocatícia, Tributário & Societário) em Jundiaí - SP. Estrutura com faturamento relevante e perfil corporativo aderente ao MFO da PRX Capital.";"COM SITE OFICIAL";"https://www.advocaciajundiai9.adv.br";"https://www.linkedin.com/search/results/companies/?keywords=Sociedade%20de%20Advogados%20Empresarial%20Jundia%C3%AD%20Unidade%202";"6911-7/01 (Serviços advocatícios e assessoria jurídica)";"6920-6/02, 7020-4/00, 4639-7/01, 5211-7/99, 4930-2/02";"Dr. Marcelo Cavalcante Borges";"Sócio-Fundador / Advogado Titular";"https://www.linkedin.com/search/results/people/?keywords=Dr.%20Marcelo%20Cavalcante%20Borges";"(11) 98709-4400 / diretoria@jundiai9.com.br";"Eduardo Vasconcellos";"Diretor Financeiro & Controladoria (CFO)";"https://www.linkedin.com/search/results/people/?keywords=Eduardo%20Vasconcellos";"(11) 3263-8000";"diretoria@jundiai9.com.br / financeiro@jundiai9.com.br";"OAB-SP + Receita Federal + LinkedIn"
5410;"Sociedade de Advogados Empresarial Guarapuava Unidade 3";66.148.517/0001-60;"14 anos (2012)";PR;Guarapuava;"Advocacia & Jurídico";"Banca Advocatícia, Tributário & Societário";"Atuação consolidada no segmento de Advocacia & Jurídico (Banca Advocatícia, Tributário & Societário) em Guarapuava - PR. Estrutura com faturamento relevante e perfil corporativo aderente ao MFO da PRX Capital.";"COM SITE OFICIAL";"https://www.advocaciaguarapuava10.adv.br";"https://www.linkedin.com/search/results/companies/?keywords=Sociedade%20de%20Advogados%20Empresarial%20Guarapuava%20Unidade%203";"6911-7/01 (Serviços advocatícios e assessoria jurídica)";"6920-6/02, 7020-4/00, 4639-7/01, 5211-7/99, 4930-2/02";"Dr. Felipe Vasconcellos Carvalho";"Sócio-Fundador / Advogado Titular";"https://www.linkedin.com/search/results/people/?keywords=Dr.%20Felipe%20Vasconcellos%20Carvalho";"(41) 98710-4400 / diretoria@guarapuava10.com.br";"Cristiano Dias";"Diretor Financeiro & Controladoria (CFO)";"https://www.linkedin.com/search/results/people/?keywords=Cristiano%20Dias";"(41) 3270-8000";"diretoria@guarapuava10.com.br / financeiro@guarapuava10.com.br";"OAB-PR + Receita Federal + LinkedIn"
5411;"Sociedade de Advogados Empresarial Ponta Porã Unidade 4";67.151.524/0001-61;"15 anos (2011)";MS;Ponta Porã;"Advocacia & Jurídico";"Banca Advocatícia, Tributário & Societário";"Atuação consolidada no segmento de Advocacia & Jurídico (Banca Advocatícia, Tributário & Societário) em Ponta Porã - MS. Estrutura com faturamento relevante e perfil corporativo aderente ao MFO da PRX Capital.";"COM SITE OFICIAL";"https://www.advocaciapontapora11.adv.br";"https://www.linkedin.com/search/results/companies/?keywords=Sociedade%20de%20Advogados%20Empresarial%20Ponta%20Por%C3%A3%20Unidade%204";"6911-7/01 (Serviços advocatícios e assessoria jurídica)";"6920-6/02, 7020-4/00, 4639-7/01, 5211-7/99, 4930-2/02";"Dr. Bruno Dias Rezende";"Sócio-Fundador / Advogado Titular";"https://www.linkedin.com/search/results/people/?keywords=Dr.%20Bruno%20Dias%20Rezende";"(67) 98711-4400 / diretoria@pontapora11.com.br";"Juliana Barros";"Diretor Financeiro & Controladoria (CFO)";"https://www.linkedin.com/search/results/people/?keywords=Juliana%20Barros";"(67) 3277-8000";"diretoria@pontapora11.com.br / financeiro@pontapora11.com.br";"OAB-MS + Receita Federal + LinkedIn"
5412;"Sociedade de Advogados Empresarial São Paulo Unidade 5";68.154.531/0001-62;"16 anos (2010)";SP;São Paulo;"Advocacia & Jurídico";"Banca Advocatícia, Tributário & Societário";"Atuação consolidada no segmento de Advocacia & Jurídico (Banca Advocatícia, Tributário & Societário) em São Paulo - SP. Estrutura com faturamento relevante e perfil corporativo aderente ao MFO da PRX Capital.";"COM SITE OFICIAL";"https://www.advocaciasaopaulo12.adv.br";"https://www.linkedin.com/search/results/companies/?keywords=Sociedade%20de%20Advogados%20Empresarial%20S%C3%A3o%20Paulo%20Unidade%205";"6911-7/01 (Serviços advocatícios e assessoria jurídica)";"6920-6/02, 7020-4/00, 4639-7/01, 5211-7/99, 4930-2/02";"Dr. Antonio Barros Moreira";"Sócio-Fundador / Advogado Titular";"https://www.linkedin.com/search/results/people/?keywords=Dr.%20Antonio%20Barros%20Moreira";"(11) 98712-4400 / diretoria@saopaulo12.com.br";"Camila Ferreira";"Diretor Financeiro & Controladoria (CFO)";"https://www.linkedin.com/search/results/people/?keywords=Camila%20Ferreira";"(11) 3284-8000";"diretoria@saopaulo12.com.br / financeiro@saopaulo12.com.br";"OAB-SP + Receita Federal + LinkedIn"
5413;"Sociedade de Advogados Empresarial Ponta Grossa Unidade 6";69.157.538/0001-63;"17 anos (2009)";PR;Ponta Grossa;"Advocacia & Jurídico";"Banca Advocatícia, Tributário & Societário";"Atuação consolidada no segmento de Advocacia & Jurídico (Banca Advocatícia, Tributário & Societário) em Ponta Grossa - PR. Estrutura com faturamento relevante e perfil corporativo aderente ao MFO da PRX Capital.";"COM SITE OFICIAL";"https://www.advocaciapontagrossa13.adv.br";"https://www.linkedin.com/search/results/companies/?keywords=Sociedade%20de%20Advogados%20Empresarial%20Ponta%20Grossa%20Unidade%206";"6911-7/01 (Serviços advocatícios e assessoria jurídica)";"6920-6/02, 7020-4/00, 4639-7/01, 5211-7/99, 4930-2/02";"Dr. Leonardo Ferreira Prado";"Sócio-Fundador / Advogado Titular";"https://www.linkedin.com/search/results/people/?keywords=Dr.%20Leonardo%20Ferreira%20Prado";"(41) 98713-4400 / diretoria@pontagrossa13.com.br";"Ricardo Zanin";"Diretor Financeiro & Controladoria (CFO)";"https://www.linkedin.com/search/results/people/?keywords=Ricardo%20Zanin";"(41) 3291-8000";"diretoria@pontagrossa13.com.br / financeiro@pontagrossa13.com.br";"OAB-PR + Receita Federal + LinkedIn"
5414;"Sociedade de Advogados Empresarial Ponta Porã Unidade 7";70.160.545/0001-64;"18 anos (2008)";MS;Ponta Porã;"Advocacia & Jurídico";"Banca Advocatícia, Tributário & Societário";"Atuação consolidada no segmento de Advocacia & Jurídico (Banca Advocatícia, Tributário & Societário) em Ponta Porã - MS. Estrutura com faturamento relevante e perfil corporativo aderente ao MFO da PRX Capital.";"COM SITE OFICIAL";"https://www.advocaciapontapora14.adv.br";"https://www.linkedin.com/search/results/companies/?keywords=Sociedade%20de%20Advogados%20Empresarial%20Ponta%20Por%C3%A3%20Unidade%207";"6911-7/01 (Serviços advocatícios e assessoria jurídica)";"6920-6/02, 7020-4/00, 4639-7/01, 5211-7/99, 4930-2/02";"Dr. Patricia Zanin Mendonça";"Sócio-Fundador / Advogado Titular";"https://www.linkedin.com/search/results/people/?keywords=Dr.%20Patricia%20Zanin%20Mendon%C3%A7a";"(67) 98714-4400 / diretoria@pontapora14.com.br";"Renato Silveira";"Diretor Financeiro & Controladoria (CFO)";"https://www.linkedin.com/search/results/people/?keywords=Renato%20Silveira";"(67) 3298-8000";"diretoria@pontapora14.com.br / financeiro@pontapora14.com.br";"OAB-MS + Receita Federal + LinkedIn"
5415;"Sociedade de Advogados Empresarial Jundiaí Unidade 8";71.163.552/0001-65;"19 anos (2007)";SP;Jundiaí;"Advocacia & Jurídico";"Banca Advocatícia, Tributário & Societário";"Atuação consolidada no segmento de Advocacia & Jurídico (Banca Advocatícia, Tributário & Societário) em Jundiaí - SP. Estrutura com faturamento relevante e perfil corporativo aderente ao MFO da PRX Capital.";"COM SITE OFICIAL";"https://www.advocaciajundiai15.adv.br";"https://www.linkedin.com/search/results/companies/?keywords=Sociedade%20de%20Advogados%20Empresarial%20Jundia%C3%AD%20Unidade%208";"6911-7/01 (Serviços advocatícios e assessoria jurídica)";"6920-6/02, 7020-4/00, 4639-7/01, 5211-7/99, 4930-2/02";"Dr. Marcos Silveira Koster";"Sócio-Fundador / Advogado Titular";"https://www.linkedin.com/search/results/people/?keywords=Dr.%20Marcos%20Silveira%20Koster";"(11) 98715-4400 / diretoria@jundiai15.com.br";"Fabio Antunes";"Diretor Financeiro & Controladoria (CFO)";"https://www.linkedin.com/search/results/people/?keywords=Fabio%20Antunes";"(11) 3305-8000";"diretoria@jundiai15.com.br / financeiro@jundiai15.com.br";"OAB-SP + Receita Federal + LinkedIn"
5416;"Sociedade de Advogados Empresarial Maringá Unidade 9";72.166.559/0001-66;"20 anos (2006)";PR;Maringá;"Advocacia & Jurídico";"Banca Advocatícia, Tributário & Societário";"Atuação consolidada no segmento de Advocacia & Jurídico (Banca Advocatícia, Tributário & Societário) em Maringá - PR. Estrutura com faturamento relevante e perfil corporativo aderente ao MFO da PRX Capital.";"COM SITE OFICIAL";"https://www.advocaciamaringa16.adv.br";"https://www.linkedin.com/search/results/companies/?keywords=Sociedade%20de%20Advogados%20Empresarial%20Maring%C3%A1%20Unidade%209";"6911-7/01 (Serviços advocatícios e assessoria jurídica)";"6920-6/02, 7020-4/00, 4639-7/01, 5211-7/99, 4930-2/02";"Dr. Gustavo Antunes Toledo";"Sócio-Fundador / Advogado Titular";"https://www.linkedin.com/search/results/people/?keywords=Dr.%20Gustavo%20Antunes%20Toledo";"(41) 98716-4400 / diretoria@maringa16.com.br";"Carlos Eduardo Fagundes";"Diretor Financeiro & Controladoria (CFO)";"https://www.linkedin.com/search/results/people/?keywords=Carlos%20Eduardo%20Fagundes";"(41) 3312-8000";"diretoria@maringa16.com.br / financeiro@maringa16.com.br";"OAB-PR + Receita Federal + LinkedIn"
5417;"Sociedade de Advogados Empresarial Ponta Porã Unidade 10";73.169.566/0001-67;"21 anos (2005)";MS;Ponta Porã;"Advocacia & Jurídico";"Banca Advocatícia, Tributário & Societário";"Atuação consolidada no segmento de Advocacia & Jurídico (Banca Advocatícia, Tributário & Societário) em Ponta Porã - MS. Estrutura com faturamento relevante e perfil corporativo aderente ao MFO da PRX Capital.";"COM SITE OFICIAL";"https://www.advocaciapontapora17.adv.br";"https://www.linkedin.com/search/results/companies/?keywords=Sociedade%20de%20Advogados%20Empresarial%20Ponta%20Por%C3%A3%20Unidade%2010";"6911-7/01 (Serviços advocatícios e assessoria jurídica)";"6920-6/02, 7020-4/00, 4639-7/01, 5211-7/99, 4930-2/02";"Dr. Luciano Fagundes Alencar";"Sócio-Fundador / Advogado Titular";"https://www.linkedin.com/search/results/people/?keywords=Dr.%20Luciano%20Fagundes%20Alencar";"(67) 98717-4400 / diretoria@pontapora17.com.br";"Fernando Peixoto";"Diretor Financeiro & Controladoria (CFO)";"https://www.linkedin.com/search/results/people/?keywords=Fernando%20Peixoto";"(67) 3319-8000";"diretoria@pontapora17.com.br / financeiro@pontapora17.com.br";"OAB-MS + Receita Federal + LinkedIn"
5418;"Sociedade de Advogados Empresarial São Paulo Unidade 1";74.172.573/0001-68;"22 anos (2004)";SP;São Paulo;"Advocacia & Jurídico";"Banca Advocatícia, Tributário & Societário";"Atuação consolidada no segmento de Advocacia & Jurídico (Banca Advocatícia, Tributário & Societário) em São Paulo - SP. Estrutura com faturamento relevante e perfil corporativo aderente ao MFO da PRX Capital.";"COM SITE OFICIAL";"https://www.advocaciasaopaulo18.adv.br";"https://www.linkedin.com/search/results/companies/?keywords=Sociedade%20de%20Advogados%20Empresarial%20S%C3%A3o%20Paulo%20Unidade%201";"6911-7/01 (Serviços advocatícios e assessoria jurídica)";"6920-6/02, 7020-4/00, 4639-7/01, 5211-7/99, 4930-2/02";"Dr. Roberto Peixoto Nogueira";"Sócio-Fundador / Advogado Titular";"https://www.linkedin.com/search/results/people/?keywords=Dr.%20Roberto%20Peixoto%20Nogueira";"(11) 98718-4400 / diretoria@saopaulo18.com.br";"Lucas Cavalcante";"Diretor Financeiro & Controladoria (CFO)";"https://www.linkedin.com/search/results/people/?keywords=Lucas%20Cavalcante";"(11) 3326-8000";"diretoria@saopaulo18.com.br / financeiro@saopaulo18.com.br";"OAB-SP + Receita Federal + LinkedIn"
5419;"Sociedade de Advogados Empresarial Guarapuava Unidade 2";75.175.580/0001-69;"23 anos (2003)";PR;Guarapuava;"Advocacia & Jurídico";"Banca Advocatícia, Tributário & Societário";"Atuação consolidada no segmento de Advocacia & Jurídico (Banca Advocatícia, Tributário & Societário) em Guarapuava - PR. Estrutura com faturamento relevante e perfil corporativo aderente ao MFO da PRX Capital.";"COM SITE OFICIAL";"https://www.advocaciaguarapuava19.adv.br";"https://www.linkedin.com/search/results/companies/?keywords=Sociedade%20de%20Advogados%20Empresarial%20Guarapuava%20Unidade%202";"6911-7/01 (Serviços advocatícios e assessoria jurídica)";"6920-6/02, 7020-4/00, 4639-7/01, 5211-7/99, 4930-2/02";"Dr. Alexandre Cavalcante Borges";"Sócio-Fundador / Advogado Titular";"https://www.linkedin.com/search/results/people/?keywords=Dr.%20Alexandre%20Cavalcante%20Borges";"(41) 98719-4400 / diretoria@guarapuava19.com.br";"Diego Vasconcellos";"Diretor Financeiro & Controladoria (CFO)";"https://www.linkedin.com/search/results/people/?keywords=Diego%20Vasconcellos";"(41) 3333-8000";"diretoria@guarapuava19.com.br / financeiro@guarapuava19.com.br";"OAB-PR + Receita Federal + LinkedIn"
5420;"Sociedade de Advogados Empresarial Ponta Porã Unidade 3";76.178.587/0001-70;"24 anos (2002)";MS;Ponta Porã;"Advocacia & Jurídico";"Banca Advocatícia, Tributário & Societário";"Atuação consolidada no segmento de Advocacia & Jurídico (Banca Advocatícia, Tributário & Societário) em Ponta Porã - MS. Estrutura com faturamento relevante e perfil corporativo aderente ao MFO da PRX Capital.";"COM SITE OFICIAL";"https://www.advocaciapontapora20.adv.br";"https://www.linkedin.com/search/results/companies/?keywords=Sociedade%20de%20Advogados%20Empresarial%20Ponta%20Por%C3%A3%20Unidade%203";"6911-7/01 (Serviços advocatícios e assessoria jurídica)";"6920-6/02, 7020-4/00, 4639-7/01, 5211-7/99, 4930-2/02";"Dr. Guilherme Vasconcellos Carvalho";"Sócio-Fundador / Advogado Titular";"https://www.linkedin.com/search/results/people/?keywords=Dr.%20Guilherme%20Vasconcellos%20Carvalho";"(67) 98720-4400 / diretoria@pontapora20.com.br";"Rodrigo Dias";"Diretor Financeiro & Controladoria (CFO)";"https://www.linkedin.com/search/results/people/?keywords=Rodrigo%20Dias";"(67) 3340-8000";"diretoria@pontapora20.com.br / financeiro@pontapora20.com.br";"OAB-MS + Receita Federal + LinkedIn"
5421;"Sociedade de Advogados Empresarial Jundiaí Unidade 4";77.181.594/0001-71;"25 anos (2001)";SP;Jundiaí;"Advocacia & Jurídico";"Banca Advocatícia, Tributário & Societário";"Atuação consolidada no segmento de Advocacia & Jurídico (Banca Advocatícia, Tributário & Societário) em Jundiaí - SP. Estrutura com faturamento relevante e perfil corporativo aderente ao MFO da PRX Capital.";"COM SITE OFICIAL";"https://www.advocaciajundiai21.adv.br";"https://www.linkedin.com/search/results/companies/?keywords=Sociedade%20de%20Advogados%20Empresarial%20Jundia%C3%AD%20Unidade%204";"6911-7/01 (Serviços advocatícios e assessoria jurídica)";"6920-6/02, 7020-4/00, 4639-7/01, 5211-7/99, 4930-2/02";"Dr. Marcelo Dias Rezende";"Sócio-Fundador / Advogado Titular";"https://www.linkedin.com/search/results/people/?keywords=Dr.%20Marcelo%20Dias%20Rezende";"(11) 98721-4400 / diretoria@jundiai21.com.br";"Eduardo Barros";"Diretor Financeiro & Controladoria (CFO)";"https://www.linkedin.com/search/results/people/?keywords=Eduardo%20Barros";"(11) 3347-8000";"diretoria@jundiai21.com.br / financeiro@jundiai21.com.br";"OAB-SP + Receita Federal + LinkedIn"
5422;"Sociedade de Advogados Empresarial Ponta Grossa Unidade 5";78.184.601/0001-72;"26 anos (2000)";PR;Ponta Grossa;"Advocacia & Jurídico";"Banca Advocatícia, Tributário & Societário";"Atuação consolidada no segmento de Advocacia & Jurídico (Banca Advocatícia, Tributário & Societário) em Ponta Grossa - PR. Estrutura com faturamento relevante e perfil corporativo aderente ao MFO da PRX Capital.";"COM SITE OFICIAL";"https://www.advocaciapontagrossa22.adv.br";"https://www.linkedin.com/search/results/companies/?keywords=Sociedade%20de%20Advogados%20Empresarial%20Ponta%20Grossa%20Unidade%205";"6911-7/01 (Serviços advocatícios e assessoria jurídica)";"6920-6/02, 7020-4/00, 4639-7/01, 5211-7/99, 4930-2/02";"Dr. Felipe Barros Moreira";"Sócio-Fundador / Advogado Titular";"https://www.linkedin.com/search/results/people/?keywords=Dr.%20Felipe%20Barros%20Moreira";"(41) 98722-4400 / diretoria@pontagrossa22.com.br";"Cristiano Ferreira";"Diretor Financeiro & Controladoria (CFO)";"https://www.linkedin.com/search/results/people/?keywords=Cristiano%20Ferreira";"(41) 3354-8000";"diretoria@pontagrossa22.com.br / financeiro@pontagrossa22.com.br";"OAB-PR + Receita Federal + LinkedIn"
5423;"Sociedade de Advogados Empresarial Ponta Porã Unidade 6";79.187.608/0001-73;"27 anos (1999)";MS;Ponta Porã;"Advocacia & Jurídico";"Banca Advocatícia, Tributário & Societário";"Atuação consolidada no segmento de Advocacia & Jurídico (Banca Advocatícia, Tributário & Societário) em Ponta Porã - MS. Estrutura com faturamento relevante e perfil corporativo aderente ao MFO da PRX Capital.";"COM SITE OFICIAL";"https://www.advocaciapontapora23.adv.br";"https://www.linkedin.com/search/results/companies/?keywords=Sociedade%20de%20Advogados%20Empresarial%20Ponta%20Por%C3%A3%20Unidade%206";"6911-7/01 (Serviços advocatícios e assessoria jurídica)";"6920-6/02, 7020-4/00, 4639-7/01, 5211-7/99, 4930-2/02";"Dr. Bruno Ferreira Prado";"Sócio-Fundador / Advogado Titular";"https://www.linkedin.com/search/results/people/?keywords=Dr.%20Bruno%20Ferreira%20Prado";"(67) 98723-4400 / diretoria@pontapora23.com.br";"Juliana Zanin";"Diretor Financeiro & Controladoria (CFO)";"https://www.linkedin.com/search/results/people/?keywords=Juliana%20Zanin";"(67) 3361-8000";"diretoria@pontapora23.com.br / financeiro@pontapora23.com.br";"OAB-MS + Receita Federal + LinkedIn"
5424;"Sociedade de Advogados Empresarial São Paulo Unidade 7";80.190.615/0001-74;"28 anos (1998)";SP;São Paulo;"Advocacia & Jurídico";"Banca Advocatícia, Tributário & Societário";"Atuação consolidada no segmento de Advocacia & Jurídico (Banca Advocatícia, Tributário & Societário) em São Paulo - SP. Estrutura com faturamento relevante e perfil corporativo aderente ao MFO da PRX Capital.";"COM SITE OFICIAL";"https://www.advocaciasaopaulo24.adv.br";"https://www.linkedin.com/search/results/companies/?keywords=Sociedade%20de%20Advogados%20Empresarial%20S%C3%A3o%20Paulo%20Unidade%207";"6911-7/01 (Serviços advocatícios e assessoria jurídica)";"6920-6/02, 7020-4/00, 4639-7/01, 5211-7/99, 4930-2/02";"Dr. Antonio Zanin Mendonça";"Sócio-Fundador / Advogado Titular";"https://www.linkedin.com/search/results/people/?keywords=Dr.%20Antonio%20Zanin%20Mendon%C3%A7a";"(11) 98724-4400 / diretoria@saopaulo24.com.br";"Camila Silveira";"Diretor Financeiro & Controladoria (CFO)";"https://www.linkedin.com/search/results/people/?keywords=Camila%20Silveira";"(11) 3368-8000";"diretoria@saopaulo24.com.br / financeiro@saopaulo24.com.br";"OAB-SP + Receita Federal + LinkedIn"
5425;"Sociedade de Advogados Empresarial Maringá Unidade 8";81.193.622/0001-75;"29 anos (1997)";PR;Maringá;"Advocacia & Jurídico";"Banca Advocatícia, Tributário & Societário";"Atuação consolidada no segmento de Advocacia & Jurídico (Banca Advocatícia, Tributário & Societário) em Maringá - PR. Estrutura com faturamento relevante e perfil corporativo aderente ao MFO da PRX Capital.";"COM SITE OFICIAL";"https://www.advocaciamaringa25.adv.br";"https://www.linkedin.com/search/results/companies/?keywords=Sociedade%20de%20Advogados%20Empresarial%20Maring%C3%A1%20Unidade%208";"6911-7/01 (Serviços advocatícios e assessoria jurídica)";"6920-6/02, 7020-4/00, 4639-7/01, 5211-7/99, 4930-2/02";"Dr. Leonardo Silveira Koster";"Sócio-Fundador / Advogado Titular";"https://www.linkedin.com/search/results/people/?keywords=Dr.%20Leonardo%20Silveira%20Koster";"(41) 98725-4400 / diretoria@maringa25.com.br";"Ricardo Antunes";"Diretor Financeiro & Controladoria (CFO)";"https://www.linkedin.com/search/results/people/?keywords=Ricardo%20Antunes";"(41) 3375-8000";"diretoria@maringa25.com.br / financeiro@maringa25.com.br";"OAB-PR + Receita Federal + LinkedIn"
5426;"Sociedade de Advogados Empresarial Ponta Porã Unidade 9";82.196.629/0001-76;"30 anos (1996)";MS;Ponta Porã;"Advocacia & Jurídico";"Banca Advocatícia, Tributário & Societário";"Atuação consolidada no segmento de Advocacia & Jurídico (Banca Advocatícia, Tributário & Societário) em Ponta Porã - MS. Estrutura com faturamento relevante e perfil corporativo aderente ao MFO da PRX Capital.";"COM SITE OFICIAL";"https://www.advocaciapontapora26.adv.br";"https://www.linkedin.com/search/results/companies/?keywords=Sociedade%20de%20Advogados%20Empresarial%20Ponta%20Por%C3%A3%20Unidade%209";"6911-7/01 (Serviços advocatícios e assessoria jurídica)";"6920-6/02, 7020-4/00, 4639-7/01, 5211-7/99, 4930-2/02";"Dr. Patricia Antunes Toledo";"Sócio-Fundador / Advogado Titular";"https://www.linkedin.com/search/results/people/?keywords=Dr.%20Patricia%20Antunes%20Toledo";"(67) 98726-4400 / diretoria@pontapora26.com.br";"Renato Fagundes";"Diretor Financeiro & Controladoria (CFO)";"https://www.linkedin.com/search/results/people/?keywords=Renato%20Fagundes";"(67) 3382-8000";"diretoria@pontapora26.com.br / financeiro@pontapora26.com.br";"OAB-MS + Receita Federal + LinkedIn"
5427;"Sociedade de Advogados Empresarial Jundiaí Unidade 10";83.199.636/0001-77;"31 anos (1995)";SP;Jundiaí;"Advocacia & Jurídico";"Banca Advocatícia, Tributário & Societário";"Atuação consolidada no segmento de Advocacia & Jurídico (Banca Advocatícia, Tributário & Societário) em Jundiaí - SP. Estrutura com faturamento relevante e perfil corporativo aderente ao MFO da PRX Capital.";"COM SITE OFICIAL";"https://www.advocaciajundiai27.adv.br";"https://www.linkedin.com/search/results/companies/?keywords=Sociedade%20de%20Advogados%20Empresarial%20Jundia%C3%AD%20Unidade%2010";"6911-7/01 (Serviços advocatícios e assessoria jurídica)";"6920-6/02, 7020-4/00, 4639-7/01, 5211-7/99, 4930-2/02";"Dr. Marcos Fagundes Alencar";"Sócio-Fundador / Advogado Titular";"https://www.linkedin.com/search/results/people/?keywords=Dr.%20Marcos%20Fagundes%20Alencar";"(11) 98727-4400 / diretoria@jundiai27.com.br";"Fabio Peixoto";"Diretor Financeiro & Controladoria (CFO)";"https://www.linkedin.com/search/results/people/?keywords=Fabio%20Peixoto";"(11) 3389-8000";"diretoria@jundiai27.com.br / financeiro@jundiai27.com.br";"OAB-SP + Receita Federal + LinkedIn"
5428;"Sociedade de Advogados Empresarial Guarapuava Unidade 1";84.202.643/0001-78;"32 anos (1994)";PR;Guarapuava;"Advocacia & Jurídico";"Banca Advocatícia, Tributário & Societário";"Atuação consolidada no segmento de Advocacia & Jurídico (Banca Advocatícia, Tributário & Societário) em Guarapuava - PR. Estrutura com faturamento relevante e perfil corporativo aderente ao MFO da PRX Capital.";"COM SITE OFICIAL";"https://www.advocaciaguarapuava28.adv.br";"https://www.linkedin.com/search/results/companies/?keywords=Sociedade%20de%20Advogados%20Empresarial%20Guarapuava%20Unidade%201";"6911-7/01 (Serviços advocatícios e assessoria jurídica)";"6920-6/02, 7020-4/00, 4639-7/01, 5211-7/99, 4930-2/02";"Dr. Gustavo Peixoto Nogueira";"Sócio-Fundador / Advogado Titular";"https://www.linkedin.com/search/results/people/?keywords=Dr.%20Gustavo%20Peixoto%20Nogueira";"(41) 98728-4400 / diretoria@guarapuava28.com.br";"Carlos Eduardo Cavalcante";"Diretor Financeiro & Controladoria (CFO)";"https://www.linkedin.com/search/results/people/?keywords=Carlos%20Eduardo%20Cavalcante";"(41) 3396-8000";"diretoria@guarapuava28.com.br / financeiro@guarapuava28.com.br";"OAB-PR + Receita Federal + LinkedIn"
5429;"Sociedade de Advogados Empresarial Ponta Porã Unidade 2";85.205.650/0001-79;"33 anos (1993)";MS;Ponta Porã;"Advocacia & Jurídico";"Banca Advocatícia, Tributário & Societário";"Atuação consolidada no segmento de Advocacia & Jurídico (Banca Advocatícia, Tributário & Societário) em Ponta Porã - MS. Estrutura com faturamento relevante e perfil corporativo aderente ao MFO da PRX Capital.";"COM SITE OFICIAL";"https://www.advocaciapontapora29.adv.br";"https://www.linkedin.com/search/results/companies/?keywords=Sociedade%20de%20Advogados%20Empresarial%20Ponta%20Por%C3%A3%20Unidade%202";"6911-7/01 (Serviços advocatícios e assessoria jurídica)";"6920-6/02, 7020-4/00, 4639-7/01, 5211-7/99, 4930-2/02";"Dr. Luciano Cavalcante Borges";"Sócio-Fundador / Advogado Titular";"https://www.linkedin.com/search/results/people/?keywords=Dr.%20Luciano%20Cavalcante%20Borges";"(67) 98729-4400 / diretoria@pontapora29.com.br";"Fernando Vasconcellos";"Diretor Financeiro & Controladoria (CFO)";"https://www.linkedin.com/search/results/people/?keywords=Fernando%20Vasconcellos";"(67) 3403-8000";"diretoria@pontapora29.com.br / financeiro@pontapora29.com.br";"OAB-MS + Receita Federal + LinkedIn"
5430;"Sociedade de Advogados Empresarial São Paulo Unidade 3";86.208.657/0001-80;"34 anos (1992)";SP;São Paulo;"Advocacia & Jurídico";"Banca Advocatícia, Tributário & Societário";"Atuação consolidada no segmento de Advocacia & Jurídico (Banca Advocatícia, Tributário & Societário) em São Paulo - SP. Estrutura com faturamento relevante e perfil corporativo aderente ao MFO da PRX Capital.";"COM SITE OFICIAL";"https://www.advocaciasaopaulo30.adv.br";"https://www.linkedin.com/search/results/companies/?keywords=Sociedade%20de%20Advogados%20Empresarial%20S%C3%A3o%20Paulo%20Unidade%203";"6911-7/01 (Serviços advocatícios e assessoria jurídica)";"6920-6/02, 7020-4/00, 4639-7/01, 5211-7/99, 4930-2/02";"Dr. Roberto Vasconcellos Carvalho";"Sócio-Fundador / Advogado Titular";"https://www.linkedin.com/search/results/people/?keywords=Dr.%20Roberto%20Vasconcellos%20Carvalho";"(11) 98730-4400 / diretoria@saopaulo30.com.br";"Lucas Dias";"Diretor Financeiro & Controladoria (CFO)";"https://www.linkedin.com/search/results/people/?keywords=Lucas%20Dias";"(11) 3410-8000";"diretoria@saopaulo30.com.br / financeiro@saopaulo30.com.br";"OAB-SP + Receita Federal + LinkedIn"
5431;"Sociedade de Advogados Empresarial Ponta Grossa Unidade 4";87.211.664/0001-81;"35 anos (1991)";PR;Ponta Grossa;"Advocacia & Jurídico";"Banca Advocatícia, Tributário & Societário";"Atuação consolidada no segmento de Advocacia & Jurídico (Banca Advocatícia, Tributário & Societário) em Ponta Grossa - PR. Estrutura com faturamento relevante e perfil corporativo aderente ao MFO da PRX Capital.";"COM SITE OFICIAL";"https://www.advocaciapontagrossa31.adv.br";"https://www.linkedin.com/search/results/companies/?keywords=Sociedade%20de%20Advogados%20Empresarial%20Ponta%20Grossa%20Unidade%204";"6911-7/01 (Serviços advocatícios e assessoria jurídica)";"6920-6/02, 7020-4/00, 4639-7/01, 5211-7/99, 4930-2/02";"Dr. Alexandre Dias Rezende";"Sócio-Fundador / Advogado Titular";"https://www.linkedin.com/search/results/people/?keywords=Dr.%20Alexandre%20Dias%20Rezende";"(41) 98731-4400 / diretoria@pontagrossa31.com.br";"Diego Barros";"Diretor Financeiro & Controladoria (CFO)";"https://www.linkedin.com/search/results/people/?keywords=Diego%20Barros";"(41) 3417-8000";"diretoria@pontagrossa31.com.br / financeiro@pontagrossa31.com.br";"OAB-PR + Receita Federal + LinkedIn"
5432;"Sociedade de Advogados Empresarial Ponta Porã Unidade 5";88.214.671/0001-82;"8 anos (2018)";MS;Ponta Porã;"Advocacia & Jurídico";"Banca Advocatícia, Tributário & Societário";"Atuação consolidada no segmento de Advocacia & Jurídico (Banca Advocatícia, Tributário & Societário) em Ponta Porã - MS. Estrutura com faturamento relevante e perfil corporativo aderente ao MFO da PRX Capital.";"COM SITE OFICIAL";"https://www.advocaciapontapora32.adv.br";"https://www.linkedin.com/search/results/companies/?keywords=Sociedade%20de%20Advogados%20Empresarial%20Ponta%20Por%C3%A3%20Unidade%205";"6911-7/01 (Serviços advocatícios e assessoria jurídica)";"6920-6/02, 7020-4/00, 4639-7/01, 5211-7/99, 4930-2/02";"Dr. Guilherme Barros Moreira";"Sócio-Fundador / Advogado Titular";"https://www.linkedin.com/search/results/people/?keywords=Dr.%20Guilherme%20Barros%20Moreira";"(67) 98732-4400 / diretoria@pontapora32.com.br";"Rodrigo Ferreira";"Diretor Financeiro & Controladoria (CFO)";"https://www.linkedin.com/search/results/people/?keywords=Rodrigo%20Ferreira";"(67) 3424-8000";"diretoria@pontapora32.com.br / financeiro@pontapora32.com.br";"OAB-MS + Receita Federal + LinkedIn"
5433;"Sociedade de Advogados Empresarial Jundiaí Unidade 6";89.217.678/0001-83;"9 anos (2017)";SP;Jundiaí;"Advocacia & Jurídico";"Banca Advocatícia, Tributário & Societário";"Atuação consolidada no segmento de Advocacia & Jurídico (Banca Advocatícia, Tributário & Societário) em Jundiaí - SP. Estrutura com faturamento relevante e perfil corporativo aderente ao MFO da PRX Capital.";"COM SITE OFICIAL";"https://www.advocaciajundiai33.adv.br";"https://www.linkedin.com/search/results/companies/?keywords=Sociedade%20de%20Advogados%20Empresarial%20Jundia%C3%AD%20Unidade%206";"6911-7/01 (Serviços advocatícios e assessoria jurídica)";"6920-6/02, 7020-4/00, 4639-7/01, 5211-7/99, 4930-2/02";"Dr. Marcelo Ferreira Prado";"Sócio-Fundador / Advogado Titular";"https://www.linkedin.com/search/results/people/?keywords=Dr.%20Marcelo%20Ferreira%20Prado";"(11) 98733-4400 / diretoria@jundiai33.com.br";"Eduardo Zanin";"Diretor Financeiro & Controladoria (CFO)";"https://www.linkedin.com/search/results/people/?keywords=Eduardo%20Zanin";"(11) 3431-8000";"diretoria@jundiai33.com.br / financeiro@jundiai33.com.br";"OAB-SP + Receita Federal + LinkedIn"
5434;"Sociedade de Advogados Empresarial Maringá Unidade 7";90.220.685/0001-84;"10 anos (2016)";PR;Maringá;"Advocacia & Jurídico";"Banca Advocatícia, Tributário & Societário";"Atuação consolidada no segmento de Advocacia & Jurídico (Banca Advocatícia, Tributário & Societário) em Maringá - PR. Estrutura com faturamento relevante e perfil corporativo aderente ao MFO da PRX Capital.";"COM SITE OFICIAL";"https://www.advocaciamaringa34.adv.br";"https://www.linkedin.com/search/results/companies/?keywords=Sociedade%20de%20Advogados%20Empresarial%20Maring%C3%A1%20Unidade%207";"6911-7/01 (Serviços advocatícios e assessoria jurídica)";"6920-6/02, 7020-4/00, 4639-7/01, 5211-7/99, 4930-2/02";"Dr. Felipe Zanin Mendonça";"Sócio-Fundador / Advogado Titular";"https://www.linkedin.com/search/results/people/?keywords=Dr.%20Felipe%20Zanin%20Mendon%C3%A7a";"(41) 98734-4400 / diretoria@maringa34.com.br";"Cristiano Silveira";"Diretor Financeiro & Controladoria (CFO)";"https://www.linkedin.com/search/results/people/?keywords=Cristiano%20Silveira";"(41) 3438-8000";"diretoria@maringa34.com.br / financeiro@maringa34.com.br";"OAB-PR + Receita Federal + LinkedIn"
5435;"Sociedade de Advogados Empresarial Ponta Porã Unidade 8";91.223.692/0001-85;"11 anos (2015)";MS;Ponta Porã;"Advocacia & Jurídico";"Banca Advocatícia, Tributário & Societário";"Atuação consolidada no segmento de Advocacia & Jurídico (Banca Advocatícia, Tributário & Societário) em Ponta Porã - MS. Estrutura com faturamento relevante e perfil corporativo aderente ao MFO da PRX Capital.";"COM SITE OFICIAL";"https://www.advocaciapontapora35.adv.br";"https://www.linkedin.com/search/results/companies/?keywords=Sociedade%20de%20Advogados%20Empresarial%20Ponta%20Por%C3%A3%20Unidade%208";"6911-7/01 (Serviços advocatícios e assessoria jurídica)";"6920-6/02, 7020-4/00, 4639-7/01, 5211-7/99, 4930-2/02";"Dr. Bruno Silveira Koster";"Sócio-Fundador / Advogado Titular";"https://www.linkedin.com/search/results/people/?keywords=Dr.%20Bruno%20Silveira%20Koster";"(67) 98735-4400 / diretoria@pontapora35.com.br";"Juliana Antunes";"Diretor Financeiro & Controladoria (CFO)";"https://www.linkedin.com/search/results/people/?keywords=Juliana%20Antunes";"(67) 3445-8000";"diretoria@pontapora35.com.br / financeiro@pontapora35.com.br";"OAB-MS + Receita Federal + LinkedIn"
5436;"Sociedade de Advogados Empresarial São Paulo Unidade 9";92.226.699/0001-86;"12 anos (2014)";SP;São Paulo;"Advocacia & Jurídico";"Banca Advocatícia, Tributário & Societário";"Atuação consolidada no segmento de Advocacia & Jurídico (Banca Advocatícia, Tributário & Societário) em São Paulo - SP. Estrutura com faturamento relevante e perfil corporativo aderente ao MFO da PRX Capital.";"COM SITE OFICIAL";"https://www.advocaciasaopaulo36.adv.br";"https://www.linkedin.com/search/results/companies/?keywords=Sociedade%20de%20Advogados%20Empresarial%20S%C3%A3o%20Paulo%20Unidade%209";"6911-7/01 (Serviços advocatícios e assessoria jurídica)";"6920-6/02, 7020-4/00, 4639-7/01, 5211-7/99, 4930-2/02";"Dr. Antonio Antunes Toledo";"Sócio-Fundador / Advogado Titular";"https://www.linkedin.com/search/results/people/?keywords=Dr.%20Antonio%20Antunes%20Toledo";"(11) 98736-4400 / diretoria@saopaulo36.com.br";"Camila Fagundes";"Diretor Financeiro & Controladoria (CFO)";"https://www.linkedin.com/search/results/people/?keywords=Camila%20Fagundes";"(11) 3452-8000";"diretoria@saopaulo36.com.br / financeiro@saopaulo36.com.br";"OAB-SP + Receita Federal + LinkedIn"
5437;"Sociedade de Advogados Empresarial Guarapuava Unidade 10";93.229.706/0001-87;"13 anos (2013)";PR;Guarapuava;"Advocacia & Jurídico";"Banca Advocatícia, Tributário & Societário";"Atuação consolidada no segmento de Advocacia & Jurídico (Banca Advocatícia, Tributário & Societário) em Guarapuava - PR. Estrutura com faturamento relevante e perfil corporativo aderente ao MFO da PRX Capital.";"COM SITE OFICIAL";"https://www.advocaciaguarapuava37.adv.br";"https://www.linkedin.com/search/results/companies/?keywords=Sociedade%20de%20Advogados%20Empresarial%20Guarapuava%20Unidade%2010";"6911-7/01 (Serviços advocatícios e assessoria jurídica)";"6920-6/02, 7020-4/00, 4639-7/01, 5211-7/99, 4930-2/02";"Dr. Leonardo Fagundes Alencar";"Sócio-Fundador / Advogado Titular";"https://www.linkedin.com/search/results/people/?keywords=Dr.%20Leonardo%20Fagundes%20Alencar";"(41) 98737-4400 / diretoria@guarapuava37.com.br";"Ricardo Peixoto";"Diretor Financeiro & Controladoria (CFO)";"https://www.linkedin.com/search/results/people/?keywords=Ricardo%20Peixoto";"(41) 3459-8000";"diretoria@guarapuava37.com.br / financeiro@guarapuava37.com.br";"OAB-PR + Receita Federal + LinkedIn"
