ID;Empresa;CNPJ;Idade;UF;Cidade;Segmento;Setor;Resumo_Atividade;Site_Status;Site_URL;LinkedIn_Empresa;CNAE_Principal;CNAE_Secundarios;Decisor_1;Cargo_1;LinkedIn_Decisor_1;Contato_Decisor_1;Decisor_2;Cargo_2;LinkedIn_Decisor_2;Telefone;Email;Fonte_Dados
27;"Lumina Produções Artísticas e Eventos";23.901.442/0001-55;"11 anos (2015)";MG;Belo Horizonte;"Artistas & Produtoras PJ";"Produção de Grandes Espetáculos & Direitos de Imagem";"Produtora executiva de festivais musicais, agenciamento de turnês e cessão de imagem.";"SEM SITE OFICIAL";"Sem Site Institucional (Rastreio via CNPJ / LinkedIn)";"https://www.linkedin.com/search/results/companies/?keywords=Lumina%20Produ%C3%A7%C3%B5es%20Art%C3%ADsticas%20e%20Eventos";"9001-9/02 (Produção de espetáculos musicais)";"7490-1/05 (Agenciamento cultural/artístico), 7319-0/02 (Merchandising e direitos), 9001-9/06 (Sonorização e iluminação)";"Marcos Vinicius Rezende";"Sócio-Diretor Geral de Produção";"https://www.linkedin.com/search/results/people/?keywords=Marcos%20Vinicius%20Rezende%20Lumina%20Producoes";"(31) 99765-3344 / marcos@luminaproducoes.com.br";"Camila Guimarães";"Diretora Jurídica e de Contratos Artísticos";"https://www.linkedin.com/search/results/people/?keywords=Camila%20Guimaraes%20Lumina";"(31) 3290-4400 / (31) 99765-3344";"contato@luminaproducoes.com.br / financeiro@luminaproducoes.com.br";"Ancine / Salic + QSA Receita Federal + LinkedIn"
31;"LiveConcept Festivais e Cenografia Campinas";48.648.432/0001-14;"10 anos (2016)";SP;Campinas;"Artistas & Produtoras PJ";"Produção de Grandes Espetáculos & Agenciamento";"Operação B2B estruturada do nicho de Produção de Grandes Espetáculos & Agenciamento localizada em Campinas - SP.";"COM SITE OFICIAL";"https://www.liveconceptf.com.br";"https://www.linkedin.com/search/results/companies/?keywords=LiveConcept%20Festivais%20e%20Cenografia%20Campinas";"9001-9/02 (Produção de espetáculos musicais)";"7490-1/05 (Agenciamento artístico), 9001-9/06 (Sonorização e luz), 7319-0/02 (Merchandising)";"Renato Vasconcellos";"Sócio-Diretor Geral (CEO)";"https://www.linkedin.com/search/results/people/?keywords=Renato%20Vasconcellos%20liveconceptf";"(11) 91214-1122 / renato@liveconceptf.com.br";"Ricardo Silveira";"Diretor Financeiro & Controladoria (CFO)";"https://www.linkedin.com/search/results/people/?keywords=Ricardo%20Silveira%20liveconceptf";"(11) 3600-1400 / (11) 91214-1122";"diretoria@liveconceptf.com.br / financeiro@liveconceptf.com.br";"Ancine / ECAD + QSA Receita Federal + LinkedIn"
40;"Stage Brasil Agenciamento Artístico Belo Horizonte";41.982.280/0001-23;"19 anos (2007)";MG;Belo Horizonte;"Artistas & Produtoras PJ";"Produção de Grandes Espetáculos & Agenciamento";"Operação B2B estruturada do nicho de Produção de Grandes Espetáculos & Agenciamento localizada em Belo Horizonte - MG.";"COM SITE OFICIAL";"https://www.stagebrasila.com.br";"https://www.linkedin.com/search/results/companies/?keywords=Stage%20Brasil%20Agenciamento%20Art%C3%ADstico%20Belo%20Horizonte";"9001-9/02 (Produção de espetáculos musicais)";"7490-1/05 (Agenciamento artístico), 9001-9/06 (Sonorização e luz), 7319-0/02 (Merchandising)";"Paulo Oliveira";"Sócio-Diretor Geral (CEO)";"https://www.linkedin.com/search/results/people/?keywords=Paulo%20Oliveira%20stagebrasila";"(31) 91323-1122 / paulo@stagebrasila.com.br";"Bruno Alvarenga";"Diretor Financeiro & Controladoria (CFO)";"https://www.linkedin.com/search/results/people/?keywords=Bruno%20Alvarenga%20stagebrasila";"(31) 3700-2300 / (31) 91323-1122";"diretoria@stagebrasila.com.br / financeiro@stagebrasila.com.br";"Ancine / ECAD + QSA Receita Federal + LinkedIn"
49;"ShowPrime Gestão Artística e Turnês Campinas";34.417.128/0001-32;"28 anos (1998)";SP;Campinas;"Artistas & Produtoras PJ";"Produção de Grandes Espetáculos & Agenciamento";"Operação B2B estruturada do nicho de Produção de Grandes Espetáculos & Agenciamento localizada em Campinas - SP.";"COM SITE OFICIAL";"https://www.showprimeges.com.br";"https://www.linkedin.com/search/results/companies/?keywords=ShowPrime%20Gest%C3%A3o%20Art%C3%ADstica%20e%20Turn%C3%AAs%20Campinas";"9001-9/02 (Produção de espetáculos musicais)";"7490-1/05 (Agenciamento artístico), 9001-9/06 (Sonorização e luz), 7319-0/02 (Merchandising)";"Bruno Antunes";"Sócio-Diretor Geral (CEO)";"https://www.linkedin.com/search/results/people/?keywords=Bruno%20Antunes%20showprimeges";"(11) 91432-1122 / bruno@showprimeges.com.br";"Ricardo Nogueira";"Diretor Financeiro & Controladoria (CFO)";"https://www.linkedin.com/search/results/people/?keywords=Ricardo%20Nogueira%20showprimeges";"(11) 3800-3200 / (11) 91432-1122";"diretoria@showprimeges.com.br / financeiro@showprimeges.com.br";"Ancine / ECAD + QSA Receita Federal + LinkedIn"
58;"Audio Vision Sonorização e Painéis LED Belo Horizonte";27.751.875/0001-41;"37 anos (1989)";MG;Belo Horizonte;"Artistas & Produtoras PJ";"Produção de Grandes Espetáculos & Agenciamento";"Operação B2B estruturada do nicho de Produção de Grandes Espetáculos & Agenciamento localizada em Belo Horizonte - MG.";"COM SITE OFICIAL";"https://www.audiovisions.com.br";"https://www.linkedin.com/search/results/companies/?keywords=Audio%20Vision%20Sonoriza%C3%A7%C3%A3o%20e%20Pain%C3%A9is%20LED%20Belo%20Horizonte";"9001-9/02 (Produção de espetáculos musicais)";"7490-1/05 (Agenciamento artístico), 9001-9/06 (Sonorização e luz), 7319-0/02 (Merchandising)";"Fernando Mendonca";"Sócio-Diretor Geral (CEO)";"https://www.linkedin.com/search/results/people/?keywords=Fernando%20Mendonca%20audiovisions";"(31) 91541-1122 / fernando@audiovisions.com.br";"Bruno Koster";"Diretor Financeiro & Controladoria (CFO)";"https://www.linkedin.com/search/results/people/?keywords=Bruno%20Koster%20audiovisions";"(31) 3900-4100 / (31) 91541-1122";"diretoria@audiovisions.com.br / financeiro@audiovisions.com.br";"Ancine / ECAD + QSA Receita Federal + LinkedIn"
67;"MegaShow Eventos e Estruturas Campinas";20.186.723/0001-50;"11 anos (2015)";SP;Campinas;"Artistas & Produtoras PJ";"Produção de Grandes Espetáculos & Agenciamento";"Operação B2B estruturada do nicho de Produção de Grandes Espetáculos & Agenciamento localizada em Campinas - SP.";"COM SITE OFICIAL";"https://www.megashoweven.com.br";"https://www.linkedin.com/search/results/companies/?keywords=MegaShow%20Eventos%20e%20Estruturas%20Campinas";"9001-9/02 (Produção de espetáculos musicais)";"7490-1/05 (Agenciamento artístico), 9001-9/06 (Sonorização e luz), 7319-0/02 (Merchandising)";"Marcelo Alencar";"Sócio-Diretor Geral (CEO)";"https://www.linkedin.com/search/results/people/?keywords=Marcelo%20Alencar%20megashoweven";"(11) 9850-1122 / marcelo@megashoweven.com.br";"Ricardo Resende";"Diretor Financeiro & Controladoria (CFO)";"https://www.linkedin.com/search/results/people/?keywords=Ricardo%20Resende%20megashoweven";"(11) 3200-5000 / (11) 9850-1122";"diretoria@megashoweven.com.br / financeiro@megashoweven.com.br";"Ancine / ECAD + QSA Receita Federal + LinkedIn"
76;"NovaArte Produções e Entretenimento Belo Horizonte";83.520.571/0001-59;"20 anos (2006)";MG;Belo Horizonte;"Artistas & Produtoras PJ";"Produção de Grandes Espetáculos & Agenciamento";"Operação B2B estruturada do nicho de Produção de Grandes Espetáculos & Agenciamento localizada em Belo Horizonte - MG.";"COM SITE OFICIAL";"https://www.novaarteprod.com.br";"https://www.linkedin.com/search/results/companies/?keywords=NovaArte%20Produ%C3%A7%C3%B5es%20e%20Entretenimento%20Belo%20Horizonte";"9001-9/02 (Produção de espetáculos musicais)";"7490-1/05 (Agenciamento artístico), 9001-9/06 (Sonorização e luz), 7319-0/02 (Merchandising)";"Caio Vasconcellos";"Sócio-Diretor Geral (CEO)";"https://www.linkedin.com/search/results/people/?keywords=Caio%20Vasconcellos%20novaarteprod";"(31) 9959-1122 / caio@novaarteprod.com.br";"Bruno Toledo";"Diretor Financeiro & Controladoria (CFO)";"https://www.linkedin.com/search/results/people/?keywords=Bruno%20Toledo%20novaarteprod";"(31) 3300-5900 / (31) 9959-1122";"diretoria@novaarteprod.com.br / financeiro@novaarteprod.com.br";"Ancine / ECAD + QSA Receita Federal + LinkedIn"
85;"MegaPalco Engenharia de Eventos Campinas";76.854.419/0001-68;"29 anos (1997)";SP;Campinas;"Artistas & Produtoras PJ";"Produção de Grandes Espetáculos & Agenciamento";"Operação B2B estruturada do nicho de Produção de Grandes Espetáculos & Agenciamento localizada em Campinas - SP.";"COM SITE OFICIAL";"https://www.megapalcoeng.com.br";"https://www.linkedin.com/search/results/companies/?keywords=MegaPalco%20Engenharia%20de%20Eventos%20Campinas";"9001-9/02 (Produção de espetáculos musicais)";"7490-1/05 (Agenciamento artístico), 9001-9/06 (Sonorização e luz), 7319-0/02 (Merchandising)";"Henrique Oliveira";"Sócio-Diretor Geral (CEO)";"https://www.linkedin.com/search/results/people/?keywords=Henrique%20Oliveira%20megapalcoeng";"(11) 91068-1122 / henrique@megapalcoeng.com.br";"Ricardo Diniz";"Diretor Financeiro & Controladoria (CFO)";"https://www.linkedin.com/search/results/people/?keywords=Ricardo%20Diniz%20megapalcoeng";"(11) 3400-6800 / (11) 91068-1122";"diretoria@megapalcoeng.com.br / financeiro@megapalcoeng.com.br";"Ancine / ECAD + QSA Receita Federal + LinkedIn"
94;"LiveConcept Festivais e Cenografia Belo Horizonte";69.289.267/0001-77;"38 anos (1988)";MG;Belo Horizonte;"Artistas & Produtoras PJ";"Produção de Grandes Espetáculos & Agenciamento";"Operação B2B estruturada do nicho de Produção de Grandes Espetáculos & Agenciamento localizada em Belo Horizonte - MG.";"COM SITE OFICIAL";"https://www.liveconceptf.com.br";"https://www.linkedin.com/search/results/companies/?keywords=LiveConcept%20Festivais%20e%20Cenografia%20Belo%20Horizonte";"9001-9/02 (Produção de espetáculos musicais)";"7490-1/05 (Agenciamento artístico), 9001-9/06 (Sonorização e luz), 7319-0/02 (Merchandising)";"Ricardo Antunes";"Sócio-Diretor Geral (CEO)";"https://www.linkedin.com/search/results/people/?keywords=Ricardo%20Antunes%20liveconceptf";"(31) 91177-1122 / ricardo@liveconceptf.com.br";"Bruno Medeiros";"Diretor Financeiro & Controladoria (CFO)";"https://www.linkedin.com/search/results/people/?keywords=Bruno%20Medeiros%20liveconceptf";"(31) 3500-7700 / (31) 91177-1122";"diretoria@liveconceptf.com.br / financeiro@liveconceptf.com.br";"Ancine / ECAD + QSA Receita Federal + LinkedIn"
103;"Stage Brasil Agenciamento Artístico Campinas";62.623.115/0001-86;"12 anos (2014)";SP;Campinas;"Artistas & Produtoras PJ";"Produção de Grandes Espetáculos & Agenciamento";"Operação B2B estruturada do nicho de Produção de Grandes Espetáculos & Agenciamento localizada em Campinas - SP.";"COM SITE OFICIAL";"https://www.stagebrasila.com.br";"https://www.linkedin.com/search/results/companies/?keywords=Stage%20Brasil%20Agenciamento%20Art%C3%ADstico%20Campinas";"9001-9/02 (Produção de espetáculos musicais)";"7490-1/05 (Agenciamento artístico), 9001-9/06 (Sonorização e luz), 7319-0/02 (Merchandising)";"Cristiano Mendonca";"Sócio-Diretor Geral (CEO)";"https://www.linkedin.com/search/results/people/?keywords=Cristiano%20Mendonca%20stagebrasila";"(11) 91286-1122 / cristiano@stagebrasila.com.br";"Ricardo Ferreira";"Diretor Financeiro & Controladoria (CFO)";"https://www.linkedin.com/search/results/people/?keywords=Ricardo%20Ferreira%20stagebrasila";"(11) 3600-8600 / (11) 91286-1122";"diretoria@stagebrasila.com.br / financeiro@stagebrasila.com.br";"Ancine / ECAD + QSA Receita Federal + LinkedIn"
112;"ShowPrime Gestão Artística e Turnês Belo Horizonte";55.957.862/0001-95;"21 anos (2005)";MG;Belo Horizonte;"Artistas & Produtoras PJ";"Produção de Grandes Espetáculos & Agenciamento";"Operação B2B estruturada do nicho de Produção de Grandes Espetáculos & Agenciamento localizada em Belo Horizonte - MG.";"COM SITE OFICIAL";"https://www.showprimeges.com.br";"https://www.linkedin.com/search/results/companies/?keywords=ShowPrime%20Gest%C3%A3o%20Art%C3%ADstica%20e%20Turn%C3%AAs%20Belo%20Horizonte";"9001-9/02 (Produção de espetáculos musicais)";"7490-1/05 (Agenciamento artístico), 9001-9/06 (Sonorização e luz), 7319-0/02 (Merchandising)";"Antonio Alencar";"Sócio-Diretor Geral (CEO)";"https://www.linkedin.com/search/results/people/?keywords=Antonio%20Alencar%20showprimeges";"(31) 91395-1122 / antonio@showprimeges.com.br";"Bruno Camargo";"Diretor Financeiro & Controladoria (CFO)";"https://www.linkedin.com/search/results/people/?keywords=Bruno%20Camargo%20showprimeges";"(31) 3700-9500 / (31) 91395-1122";"diretoria@showprimeges.com.br / financeiro@showprimeges.com.br";"Ancine / ECAD + QSA Receita Federal + LinkedIn"
121;"Audio Vision Sonorização e Painéis LED Campinas";48.392.710/0001-15;"30 anos (1996)";SP;Campinas;"Artistas & Produtoras PJ";"Produção de Grandes Espetáculos & Agenciamento";"Operação B2B estruturada do nicho de Produção de Grandes Espetáculos & Agenciamento localizada em Campinas - SP.";"COM SITE OFICIAL";"https://www.audiovisions.com.br";"https://www.linkedin.com/search/results/companies/?keywords=Audio%20Vision%20Sonoriza%C3%A7%C3%A3o%20e%20Pain%C3%A9is%20LED%20Campinas";"9001-9/02 (Produção de espetáculos musicais)";"7490-1/05 (Agenciamento artístico), 9001-9/06 (Sonorização e luz), 7319-0/02 (Merchandising)";"Renato Vasconcellos";"Sócio-Diretor Geral (CEO)";"https://www.linkedin.com/search/results/people/?keywords=Renato%20Vasconcellos%20audiovisions";"(11) 91415-1122 / renato@audiovisions.com.br";"Ricardo Silveira";"Diretor Financeiro & Controladoria (CFO)";"https://www.linkedin.com/search/results/people/?keywords=Ricardo%20Silveira%20audiovisions";"(11) 3800-1500 / (11) 91415-1122";"diretoria@audiovisions.com.br / financeiro@audiovisions.com.br";"Ancine / ECAD + QSA Receita Federal + LinkedIn"
148;"Live Concert Produções Artísticas e Entretenimento";17.824.883/0001-88;"12 anos (2014)";SP;São Paulo;"Artistas & Produtoras PJ";"Produção de Mega Shows & Gestão de Arenas";"Operação qualificada no nicho de Produção de Mega Shows & Gestão de Arenas mapeada para abordagem B2B da PRX Capital.";"COM SITE OFICIAL";"https://www.liveconcertbrasil.com.br";"https://www.linkedin.com/search/results/companies/?keywords=Live%20Concert%20Produ%C3%A7%C3%B5es%20Art%C3%ADsticas%20e%20Entretenimento";"9001-9/02 (Produção musical e de espetáculos)";"7490-1/05 (Agenciamento de profissionais artísticos), 9001-9/06 (Sonorização)";"Alexandre Silveira Gusmão";"Sócio-Diretor Geral de Produção";"https://www.linkedin.com/search/results/people/?keywords=Alexandre%20Silveira%20Gusm%C3%83%C2%A3o%20LiveConcert%20Produ%C3%83%C2%A7%C3%83%C2%B5es%20Art%C3%83%C2%ADsticas%20e%20Entretenimento";"(11) 3044-8800 / diretoria@liveconcertbrasil.com.br";"Paula Antunes";"Sócia-Diretora Financeira e de Turnês";"https://www.linkedin.com/search/results/people/?keywords=Paula%20Antunes%20LiveConcert%20Produ%C3%83%C2%A7%C3%83%C2%B5es%20Art%C3%83%C2%ADsticas%20e%20Entretenimento";"(11) 3044-8800";"diretoria@liveconcertbrasil.com.br";"Ancine / ECAD + QSA Receita Federal + LinkedIn"
149;"Talent Hub Agenciamento Artístico e Carreiras";44.224.806/0001-45;"10 anos (2016)";GO;Goiânia;"Artistas & Produtoras PJ";"Agenciamento Artístico e Gestão de Direitos Autorais";"Operação qualificada no nicho de Agenciamento Artístico e Gestão de Direitos Autorais mapeada para abordagem B2B da PRX Capital.";"COM SITE OFICIAL";"https://www.talenthubartistas.com.br";"https://www.linkedin.com/search/results/companies/?keywords=Talent%20Hub%20Agenciamento%20Art%C3%ADstico%20e%20Carreiras";"7490-1/05 (Agenciamento de profissionais para atividades culturais e artísticas)";"9001-9/02 (Produção musical)";"Cristiano Nogueira Assumpção";"Sócio-Diretor Executivo e Empresário Artístico";"https://www.linkedin.com/search/results/people/?keywords=Cristiano%20Nogueira%20Assump%C3%83%C2%A7%C3%83%C2%A3o%20TalentHub%20Agenciamento%20Art%C3%83%C2%ADstico%20e%20Carreiras";"(62) 3211-9400 / comercial@talenthubartistas.com.br";"Marcos Zanin";"Sócio-Administrador";"https://www.linkedin.com/search/results/people/?keywords=Marcos%20Zanin%20TalentHub%20Agenciamento%20Art%C3%83%C2%ADstico%20e%20Carreiras";"(62) 3211-9400";"comercial@talenthubartistas.com.br";"ECAD / Abramus + QSA Receita Federal + LinkedIn"
150;"Mega Stage Engenharia de Palcos e Estruturas";11.751.370/0001-44;"15 anos (2011)";MG;Belo Horizonte;"Artistas & Produtoras PJ";"Cenografia, Estruturas e Engenharia de Grandes Eventos";"Operação qualificada no nicho de Cenografia, Estruturas e Engenharia de Grandes Eventos mapeada para abordagem B2B da PRX Capital.";"COM SITE OFICIAL";"https://www.megastageestruturas.com.br";"https://www.linkedin.com/search/results/companies/?keywords=Mega%20Stage%20Engenharia%20de%20Palcos%20e%20Estruturas";"9001-9/06 (Atividades de sonorização e de iluminação)";"7739-0/03 (Aluguel de palcos e estruturas para eventos), 2511-0/00 (Estruturas metálicas)";"Eng. Fabio Koster Tavares";"Sócio-Diretor Técnico e Engenheiro Responsável";"https://www.linkedin.com/search/results/people/?keywords=Fabio%20Koster%20Tavares%20MegaStage%20Engenharia%20de%20Palcos%20e%20Estruturas";"(31) 3380-4200 / financeiro@megastageestruturas.com.br";"Renato Diniz";"Sócio-Diretor Comercial";"https://www.linkedin.com/search/results/people/?keywords=Renato%20Diniz%20MegaStage%20Engenharia%20de%20Palcos%20e%20Estruturas";"(31) 3380-4200";"financeiro@megastageestruturas.com.br";"JUCEMG + QSA Receita Federal + LinkedIn"
151;"Audio Vision Painéis LED e Sonorização";22.749.860/0001-91;"13 anos (2013)";PR;Curitiba;"Artistas & Produtoras PJ";"Painéis de LED, Projeção Mapeada e Som Profissional";"Operação qualificada no nicho de Painéis de LED, Projeção Mapeada e Som Profissional mapeada para abordagem B2B da PRX Capital.";"COM SITE OFICIAL";"https://www.audiovisionled.com.br";"https://www.linkedin.com/search/results/companies/?keywords=Audio%20Vision%20Pain%C3%A9is%20LED%20e%20Sonoriza%C3%A7%C3%A3o";"9001-9/06 (Sonorização e iluminação profissional)";"7739-0/99 (Aluguel de equipamentos de áudio e vídeo)";"Leonardo Prado Cavalcante";"Sócio-Fundador e Diretor de Operações Técnicas";"https://www.linkedin.com/search/results/people/?keywords=Leonardo%20Prado%20Cavalcante%20AudioVision%20Pain%C3%83%C2%A9is%20LED%20e%20Sonoriza%C3%83%C2%A7%C3%83%C2%A3o";"(41) 3289-5000 / locacoes@audiovisionled.com.br";"Sergio Alencar";"Sócio-Gerente Financeiro";"https://www.linkedin.com/search/results/people/?keywords=Sergio%20Alencar%20AudioVision%20Pain%C3%83%C2%A9is%20LED%20e%20Sonoriza%C3%83%C2%A7%C3%83%C2%A3o";"(41) 3289-5000";"locacoes@audiovisionled.com.br";"JUCEPAR + QSA Receita Federal + LinkedIn"
152;"Prime Fest Gestão de Eventos e Festivais";19.619.399/0001-59;"8 anos (2018)";SP;Campinas;"Artistas & Produtoras PJ";"Produção de Festivais e Gestão de Bilheteria";"Operação qualificada no nicho de Produção de Festivais e Gestão de Bilheteria mapeada para abordagem B2B da PRX Capital.";"COM SITE OFICIAL";"https://www.primefesteventos.com.br";"https://www.linkedin.com/search/results/companies/?keywords=Prime%20Fest%20Gest%C3%A3o%20de%20Eventos%20e%20Festivais";"8230-0/01 (Serviços de organização de feiras, congressos e eventos)";"9001-9/02 (Produção de espetáculos musicais)";"Lucas Fagundes Medeiros";"Sócio-Diretor Geral de Eventos";"https://www.linkedin.com/search/results/people/?keywords=Lucas%20Fagundes%20Medeiros%20PrimeFest%20Gest%C3%83%C2%A3o%20de%20Eventos%20e%20Festivais";"(19) 3320-1500 / patrocinios@primefesteventos.com.br";"Camila Borges";"Sócia-Diretora de Patrocínios e Finanças";"https://www.linkedin.com/search/results/people/?keywords=Camila%20Borges%20PrimeFest%20Gest%C3%83%C2%A3o%20de%20Eventos%20e%20Festivais";"(19) 3320-1500";"patrocinios@primefesteventos.com.br";"JUCESP / QSA Receita Federal + LinkedIn"
460;"Produtora Rodeios, São José dos Pinhais";50.3320.1580/0001-70;"18 anos (2008)";PR;São José dos Pinhais;"Artistas & Produtoras PJ";"Entretenimento & Rodeios, Pecuárias e Agroshows";"Estrutura profissional especializada em Rodeios, Pecuárias e Agroshows operando a partir de São José dos Pinhais - PR.";"COM SITE OFICIAL";"https://www.produtorarodeios,sã£ojosã©dospinhais.com.br";"https://www.linkedin.com/search/results/companies/?keywords=Produtora%20Rodeios%2C%20S%C3%A3o%20Jos%C3%A9%20dos%20Pinhais";"9001-9/02 (Produção musical e artística)";"4639-7/01 (Comércio atacadista geral), 5211-7/99 (Armazenamento de mercadorias), 4930-2/02 (Transporte rodoviário)";"Bruno Cavalcante Borges";"Sócio-Diretor Geral / Acionista Controlador";"https://www.linkedin.com/search/results/people/?keywords=Bruno%20Cavalcante%20Borges";"(41) 98560-4400 / diretoria@produtorarodeios,sã£ojosã©dospinhais.com.br";"Juliana Vasconcellos";"Diretor Financeiro & Controladoria (CFO)";"https://www.linkedin.com/search/results/people/?keywords=Juliana%20Vasconcellos";"(41) 3620-8000";"diretoria@produtorarodeios,sã£ojosã©dospinhais.com.br / financeiro@produtorarodeios,sã£ojosã©dospinhais.com.br";"Ancine / Salic + QSA Receita Federal + LinkedIn"
461;"Produtora Engenharia Criciúma";51.3327.1583/0001-71;"19 anos (2007)";SC;Criciúma;"Artistas & Produtoras PJ";"Entretenimento & Engenharia de Som para Shows de Estádio";"Estrutura profissional especializada em Engenharia de Som para Shows de Estádio operando a partir de Criciúma - SC.";"COM SITE OFICIAL";"https://www.produtoraengenhariacriciãºma.com.br";"https://www.linkedin.com/search/results/companies/?keywords=Produtora%20Engenharia%20Crici%C3%BAma";"9001-9/06 (Sonorização e iluminação)";"4639-7/01 (Comércio atacadista geral), 5211-7/99 (Armazenamento de mercadorias), 4930-2/02 (Transporte rodoviário)";"Eduardo Nogueira Dias";"Sócio-Diretor Geral / Acionista Controlador";"https://www.linkedin.com/search/results/people/?keywords=Eduardo%20Nogueira%20Dias";"(48) 98561-4400 / diretoria@produtoraengenhariacriciãºma.com.br";"Patricia Borges";"Diretor Financeiro & Controladoria (CFO)";"https://www.linkedin.com/search/results/people/?keywords=Patricia%20Borges";"(48) 3627-8000";"diretoria@produtoraengenhariacriciãºma.com.br / financeiro@produtoraengenhariacriciãºma.com.br";"Ancine / Salic + QSA Receita Federal + LinkedIn"
462;"Produtora Locação Três Lagoas";52.3334.1586/0001-72;"20 anos (2006)";MS;Três Lagoas;"Artistas & Produtoras PJ";"Entretenimento & Locação de Telões de LED e Câmeras 4K";"Estrutura profissional especializada em Locação de Telões de LED e Câmeras 4K operando a partir de Três Lagoas - MS.";"COM SITE OFICIAL";"https://www.produtoralocaã§ã£otrãªslagoas.com.br";"https://www.linkedin.com/search/results/companies/?keywords=Produtora%20Loca%C3%A7%C3%A3o%20Tr%C3%AAs%20Lagoas";"9001-9/06 (Sonorização e iluminação)";"4639-7/01 (Comércio atacadista geral), 5211-7/99 (Armazenamento de mercadorias), 4930-2/02 (Transporte rodoviário)";"Antonio Vasconcellos Zanin";"Sócio-Diretor Geral / Acionista Controlador";"https://www.linkedin.com/search/results/people/?keywords=Antonio%20Vasconcellos%20Zanin";"(67) 98562-4400 / diretoria@produtoralocaã§ã£otrãªslagoas.com.br";"Camila Dias";"Diretor Financeiro & Controladoria (CFO)";"https://www.linkedin.com/search/results/people/?keywords=Camila%20Dias";"(67) 3634-8000";"diretoria@produtoralocaã§ã£otrãªslagoas.com.br / financeiro@produtoralocaã§ã£otrãªslagoas.com.br";"Ancine / Salic + QSA Receita Federal + LinkedIn"
463;"Produtora Estruturas Goiânia";53.3341.1589/0001-73;"21 anos (2005)";GO;Goiânia;"Artistas & Produtoras PJ";"Entretenimento & Estruturas Metálicas e Mega Palcos";"Estrutura profissional especializada em Estruturas Metálicas e Mega Palcos operando a partir de Goiânia - GO.";"COM SITE OFICIAL";"https://www.produtoraestruturasgoiã¢nia.com.br";"https://www.linkedin.com/search/results/companies/?keywords=Produtora%20Estruturas%20Goi%C3%A2nia";"9001-9/02 (Produção musical e artística)";"4639-7/01 (Comércio atacadista geral), 5211-7/99 (Armazenamento de mercadorias), 4930-2/02 (Transporte rodoviário)";"Cristiano Borges Prado";"Sócio-Diretor Geral / Acionista Controlador";"https://www.linkedin.com/search/results/people/?keywords=Cristiano%20Borges%20Prado";"(62) 98563-4400 / diretoria@produtoraestruturasgoiã¢nia.com.br";"Roberto Zanin";"Diretor Financeiro & Controladoria (CFO)";"https://www.linkedin.com/search/results/people/?keywords=Roberto%20Zanin";"(62) 3641-8000";"diretoria@produtoraestruturasgoiã¢nia.com.br / financeiro@produtoraestruturasgoiã¢nia.com.br";"Ancine / Salic + QSA Receita Federal + LinkedIn"
464;"Produtora Exposições São José dos Campos";54.3348.1592/0001-74;"22 anos (2004)";SP;São José dos Campos;"Artistas & Produtoras PJ";"Entretenimento & Exposições Agropecuárias e Feiras de Negócios";"Estrutura profissional especializada em Exposições Agropecuárias e Feiras de Negócios operando a partir de São José dos Campos - SP.";"COM SITE OFICIAL";"https://www.produtoraexposiã§ãµessã£ojosã©doscampos.com.br";"https://www.linkedin.com/search/results/companies/?keywords=Produtora%20Exposi%C3%A7%C3%B5es%20S%C3%A3o%20Jos%C3%A9%20dos%20Campos";"9001-9/02 (Produção musical e artística)";"4639-7/01 (Comércio atacadista geral), 5211-7/99 (Armazenamento de mercadorias), 4930-2/02 (Transporte rodoviário)";"Leonardo Dias Silveira";"Sócio-Diretor Geral / Acionista Controlador";"https://www.linkedin.com/search/results/people/?keywords=Leonardo%20Dias%20Silveira";"(11) 98564-4400 / diretoria@produtoraexposiã§ãµessã£ojosã©doscampos.com.br";"Carlos Eduardo Prado";"Diretor Financeiro & Controladoria (CFO)";"https://www.linkedin.com/search/results/people/?keywords=Carlos%20Eduardo%20Prado";"(11) 3648-8000";"diretoria@produtoraexposiã§ãµessã£ojosã©doscampos.com.br / financeiro@produtoraexposiã§ãµessã£ojosã©doscampos.com.br";"Ancine / Salic + QSA Receita Federal + LinkedIn"
465;"Produtora Iluminação Uberaba";55.3355.1595/0001-75;"23 anos (2003)";MG;Uberaba;"Artistas & Produtoras PJ";"Entretenimento & Iluminação Robótica e Efeitos Cênicos";"Estrutura profissional especializada em Iluminação Robótica e Efeitos Cênicos operando a partir de Uberaba - MG.";"COM SITE OFICIAL";"https://www.produtorailuminaã§ã£ouberaba.com.br";"https://www.linkedin.com/search/results/companies/?keywords=Produtora%20Ilumina%C3%A7%C3%A3o%20Uberaba";"9001-9/06 (Sonorização e iluminação)";"4639-7/01 (Comércio atacadista geral), 5211-7/99 (Armazenamento de mercadorias), 4930-2/02 (Transporte rodoviário)";"Juliana Zanin Mendonça";"Sócio-Diretor Geral / Acionista Controlador";"https://www.linkedin.com/search/results/people/?keywords=Juliana%20Zanin%20Mendon%C3%83%C2%A7a";"(31) 98565-4400 / diretoria@produtorailuminaã§ã£ouberaba.com.br";"Alexandre Silveira";"Diretor Financeiro & Controladoria (CFO)";"https://www.linkedin.com/search/results/people/?keywords=Alexandre%20Silveira";"(31) 3655-8000";"diretoria@produtorailuminaã§ã£ouberaba.com.br / financeiro@produtorailuminaã§ã£ouberaba.com.br";"Ancine / Salic + QSA Receita Federal + LinkedIn"
466;"Produtora Gravação Cascavel";56.3362.1598/0001-76;"24 anos (2002)";PR;Cascavel;"Artistas & Produtoras PJ";"Entretenimento & Gravação e Produção Musical Dolby Atmos";"Estrutura profissional especializada em Gravação e Produção Musical Dolby Atmos operando a partir de Cascavel - PR.";"SEM SITE OFICIAL";"Sem Site Institucional (Rastreio via CNPJ / ECAD / Junta Comercial)";"https://www.linkedin.com/search/results/companies/?keywords=Produtora%20Grava%C3%A7%C3%A3o%20Cascavel";"9001-9/02 (Produção musical e artística)";"4639-7/01 (Comércio atacadista geral), 5211-7/99 (Armazenamento de mercadorias), 4930-2/02 (Transporte rodoviário)";"Patricia Prado Antunes";"Sócio-Diretor Geral / Acionista Controlador";"https://www.linkedin.com/search/results/people/?keywords=Patricia%20Prado%20Antunes";"(41) 98566-4400 / diretoria@produtoragravaã§ã£ocascavel.com.br";"Fernando Mendonça";"Diretor Financeiro & Controladoria (CFO)";"https://www.linkedin.com/search/results/people/?keywords=Fernando%20Mendon%C3%83%C2%A7a";"(41) 3662-8000";"diretoria@produtoragravaã§ã£ocascavel.com.br / financeiro@produtoragravaã§ã£ocascavel.com.br";"Ancine / Salic + QSA Receita Federal + LinkedIn"
467;"Produtora Produções Itajaí";57.3369.1601/0001-77;"25 anos (2001)";SC;Itajaí;"Artistas & Produtoras PJ";"Entretenimento & Produções Culturais e Musicais Teatrais";"Estrutura profissional especializada em Produções Culturais e Musicais Teatrais operando a partir de Itajaí - SC.";"COM SITE OFICIAL";"https://www.produtoraproduã§ãµesitajaã­.com.br";"https://www.linkedin.com/search/results/companies/?keywords=Produtora%20Produ%C3%A7%C3%B5es%20Itaja%C3%AD";"9001-9/02 (Produção musical e artística)";"4639-7/01 (Comércio atacadista geral), 5211-7/99 (Armazenamento de mercadorias), 4930-2/02 (Transporte rodoviário)";"Camila Silveira Koster";"Sócio-Diretor Geral / Acionista Controlador";"https://www.linkedin.com/search/results/people/?keywords=Camila%20Silveira%20Koster";"(48) 98567-4400 / diretoria@produtoraproduã§ãµesitajaã­.com.br";"Guilherme Antunes";"Diretor Financeiro & Controladoria (CFO)";"https://www.linkedin.com/search/results/people/?keywords=Guilherme%20Antunes";"(48) 3669-8000";"diretoria@produtoraproduã§ãµesitajaã­.com.br / financeiro@produtoraproduã§ãµesitajaã­.com.br";"Ancine / Salic + QSA Receita Federal + LinkedIn"
468;"Produtora Produção Campo Grande";58.3376.1604/0001-78;"26 anos (2000)";MS;Campo Grande;"Artistas & Produtoras PJ";"Entretenimento & Produção de Grandes Festivais e Arenas";"Estrutura profissional especializada em Produção de Grandes Festivais e Arenas operando a partir de Campo Grande - MS.";"COM SITE OFICIAL";"https://www.produtoraproduã§ã£ocampogrande.com.br";"https://www.linkedin.com/search/results/companies/?keywords=Produtora%20Produ%C3%A7%C3%A3o%20Campo%20Grande";"9001-9/02 (Produção musical e artística)";"4639-7/01 (Comércio atacadista geral), 5211-7/99 (Armazenamento de mercadorias), 4930-2/02 (Transporte rodoviário)";"Roberto Mendonça Fagundes";"Sócio-Diretor Geral / Acionista Controlador";"https://www.linkedin.com/search/results/people/?keywords=Roberto%20Mendon%C3%83%C2%A7a%20Fagundes";"(67) 98568-4400 / diretoria@produtoraproduã§ã£ocampogrande.com.br";"Lucas Koster";"Diretor Financeiro & Controladoria (CFO)";"https://www.linkedin.com/search/results/people/?keywords=Lucas%20Koster";"(67) 3676-8000";"diretoria@produtoraproduã§ã£ocampogrande.com.br / financeiro@produtoraproduã§ã£ocampogrande.com.br";"Ancine / Salic + QSA Receita Federal + LinkedIn"
469;"Produtora Agenciamento Rio Verde";59.3383.1607/0001-79;"27 anos (1999)";GO;Rio Verde;"Artistas & Produtoras PJ";"Entretenimento & Agenciamento Artístico e Shows ao Vivo";"Estrutura profissional especializada em Agenciamento Artístico e Shows ao Vivo operando a partir de Rio Verde - GO.";"COM SITE OFICIAL";"https://www.produtoraagenciamentorioverde.com.br";"https://www.linkedin.com/search/results/companies/?keywords=Produtora%20Agenciamento%20Rio%20Verde";"7490-1/05 (Agenciamento de artistas)";"4639-7/01 (Comércio atacadista geral), 5211-7/99 (Armazenamento de mercadorias), 4930-2/02 (Transporte rodoviário)";"Carlos Eduardo Antunes Toledo";"Sócio-Diretor Geral / Acionista Controlador";"https://www.linkedin.com/search/results/people/?keywords=Carlos%20Eduardo%20Antunes%20Toledo";"(62) 98569-4400 / diretoria@produtoraagenciamentorioverde.com.br";"Marcelo Fagundes";"Diretor Financeiro & Controladoria (CFO)";"https://www.linkedin.com/search/results/people/?keywords=Marcelo%20Fagundes";"(62) 3683-8000";"diretoria@produtoraagenciamentorioverde.com.br / financeiro@produtoraagenciamentorioverde.com.br";"Ancine / Salic + QSA Receita Federal + LinkedIn"
578;"Produtora Produção Londrina";69.4146.1934/0001-28;"10 anos (2016)";PR;Londrina;"Artistas & Produtoras PJ";"Entretenimento & Produção de Shows e Turnês Nacionais";"Estrutura completa de produção cultural focada em Produção de Shows e Turnês Nacionais operando em Londrina - PR.";"COM SITE OFICIAL";"https://www.produtoraproduã§ã£olondrina.com.br";"https://www.linkedin.com/search/results/companies/?keywords=Produtora%20Produ%C3%A7%C3%A3o%20Londrina";"9001-9/02 (Produção musical e espetáculos ao vivo)";"4639-7/01 (Comércio atacadista geral), 5211-7/99 (Armazenamento de mercadorias), 4930-2/02 (Transporte rodoviário)";"Alexandre Peixoto Nogueira";"Sócio-Diretor Geral / Acionista Controlador";"https://www.linkedin.com/search/results/people/?keywords=Alexandre%20Peixoto%20Nogueira";"(41) 98678-4400 / diretoria@produtoraproduã§ã£olondrina.com.br";"Diego Cavalcante";"Diretor Financeiro & Controladoria (CFO)";"https://www.linkedin.com/search/results/people/?keywords=Diego%20Cavalcante";"(41) 3746-8000";"diretoria@produtoraproduã§ã£olondrina.com.br / financeiro@produtoraproduã§ã£olondrina.com.br";"Ancine / ECAD + Receita Federal + LinkedIn"
579;"Produtora Agenciamento Blumenau";70.4153.1937/0001-29;"11 anos (2015)";SC;Blumenau;"Artistas & Produtoras PJ";"Entretenimento & Agenciamento de Carreira e Gestão de Direitos";"Estrutura completa de produção cultural focada em Agenciamento de Carreira e Gestão de Direitos operando em Blumenau - SC.";"COM SITE OFICIAL";"https://www.produtoraagenciamentoblumenau.com.br";"https://www.linkedin.com/search/results/companies/?keywords=Produtora%20Agenciamento%20Blumenau";"7490-1/05 (Agenciamento de artistas)";"4639-7/01 (Comércio atacadista geral), 5211-7/99 (Armazenamento de mercadorias), 4930-2/02 (Transporte rodoviário)";"Fernando Alencar Vasconcellos";"Sócio-Diretor Geral / Acionista Controlador";"https://www.linkedin.com/search/results/people/?keywords=Fernando%20Alencar%20Vasconcellos";"(48) 98679-4400 / diretoria@produtoraagenciamentoblumenau.com.br";"Felipe Nogueira";"Diretor Financeiro & Controladoria (CFO)";"https://www.linkedin.com/search/results/people/?keywords=Felipe%20Nogueira";"(48) 3753-8000";"diretoria@produtoraagenciamentoblumenau.com.br / financeiro@produtoraagenciamentoblumenau.com.br";"Ancine / ECAD + Receita Federal + LinkedIn"
580;"Produtora Sonorização Campo Grande";71.4160.1940/0001-30;"12 anos (2014)";MS;Campo Grande;"Artistas & Produtoras PJ";"Entretenimento & Sonorização Profissional e Engenharia Acústica";"Estrutura completa de produção cultural focada em Sonorização Profissional e Engenharia Acústica operando em Campo Grande - MS.";"COM SITE OFICIAL";"https://www.produtorasonorizaã§ã£ocampogrande.com.br";"https://www.linkedin.com/search/results/companies/?keywords=Produtora%20Sonoriza%C3%A7%C3%A3o%20Campo%20Grande";"9001-9/02 (Produção musical e espetáculos ao vivo)";"4639-7/01 (Comércio atacadista geral), 5211-7/99 (Armazenamento de mercadorias), 4930-2/02 (Transporte rodoviário)";"Guilherme Cavalcante Borges";"Sócio-Diretor Geral / Acionista Controlador";"https://www.linkedin.com/search/results/people/?keywords=Guilherme%20Cavalcante%20Borges";"(67) 98680-4400 / diretoria@produtorasonorizaã§ã£ocampogrande.com.br";"Rodrigo Vasconcellos";"Diretor Financeiro & Controladoria (CFO)";"https://www.linkedin.com/search/results/people/?keywords=Rodrigo%20Vasconcellos";"(67) 3760-8000";"diretoria@produtorasonorizaã§ã£ocampogrande.com.br / financeiro@produtorasonorizaã§ã£ocampogrande.com.br";"Ancine / ECAD + Receita Federal + LinkedIn"
581;"Produtora Iluminação Jataí";72.4167.1943/0001-31;"13 anos (2013)";GO;Jataí;"Artistas & Produtoras PJ";"Entretenimento & Iluminação Cênica e Efeitos Visuais Computadorizados";"Estrutura completa de produção cultural focada em Iluminação Cênica e Efeitos Visuais Computadorizados operando em Jataí - GO.";"COM SITE OFICIAL";"https://www.produtorailuminaã§ã£ojataã­.com.br";"https://www.linkedin.com/search/results/companies/?keywords=Produtora%20Ilumina%C3%A7%C3%A3o%20Jata%C3%AD";"9001-9/02 (Produção musical e espetáculos ao vivo)";"4639-7/01 (Comércio atacadista geral), 5211-7/99 (Armazenamento de mercadorias), 4930-2/02 (Transporte rodoviário)";"Lucas Nogueira Dias";"Sócio-Diretor Geral / Acionista Controlador";"https://www.linkedin.com/search/results/people/?keywords=Lucas%20Nogueira%20Dias";"(62) 98681-4400 / diretoria@produtorailuminaã§ã£ojataã­.com.br";"Bruno Borges";"Diretor Financeiro & Controladoria (CFO)";"https://www.linkedin.com/search/results/people/?keywords=Bruno%20Borges";"(62) 3767-8000";"diretoria@produtorailuminaã§ã£ojataã­.com.br / financeiro@produtorailuminaã§ã£ojataã­.com.br";"Ancine / ECAD + Receita Federal + LinkedIn"
582;"Produtora Locação Jundiaí";73.4174.1946/0001-32;"14 anos (2012)";SP;Jundiaí;"Artistas & Produtoras PJ";"Entretenimento & Locação de Palcos Modulares e Box Truss";"Estrutura completa de produção cultural focada em Locação de Palcos Modulares e Box Truss operando em Jundiaí - SP.";"COM SITE OFICIAL";"https://www.produtoralocaã§ã£ojundiaã­.com.br";"https://www.linkedin.com/search/results/companies/?keywords=Produtora%20Loca%C3%A7%C3%A3o%20Jundia%C3%AD";"9001-9/02 (Produção musical e espetáculos ao vivo)";"4639-7/01 (Comércio atacadista geral), 5211-7/99 (Armazenamento de mercadorias), 4930-2/02 (Transporte rodoviário)";"Marcelo Vasconcellos Zanin";"Sócio-Diretor Geral / Acionista Controlador";"https://www.linkedin.com/search/results/people/?keywords=Marcelo%20Vasconcellos%20Zanin";"(11) 98682-4400 / diretoria@produtoralocaã§ã£ojundiaã­.com.br";"Eduardo Dias";"Diretor Financeiro & Controladoria (CFO)";"https://www.linkedin.com/search/results/people/?keywords=Eduardo%20Dias";"(11) 3774-8000";"diretoria@produtoralocaã§ã£ojundiaã­.com.br / financeiro@produtoralocaã§ã£ojundiaã­.com.br";"Ancine / ECAD + Receita Federal + LinkedIn"
583;"Produtora Telões Passos";74.4181.1949/0001-33;"15 anos (2011)";MG;Passos;"Artistas & Produtoras PJ";"Entretenimento & Telões de LED e Transmissão de Grandes Eventos";"Estrutura completa de produção cultural focada em Telões de LED e Transmissão de Grandes Eventos operando em Passos - MG.";"COM SITE OFICIAL";"https://www.produtoratelãµespassos.com.br";"https://www.linkedin.com/search/results/companies/?keywords=Produtora%20Tel%C3%B5es%20Passos";"9001-9/02 (Produção musical e espetáculos ao vivo)";"4639-7/01 (Comércio atacadista geral), 5211-7/99 (Armazenamento de mercadorias), 4930-2/02 (Transporte rodoviário)";"Diego Borges Prado";"Sócio-Diretor Geral / Acionista Controlador";"https://www.linkedin.com/search/results/people/?keywords=Diego%20Borges%20Prado";"(31) 98683-4400 / diretoria@produtoratelãµespassos.com.br";"Antonio Zanin";"Diretor Financeiro & Controladoria (CFO)";"https://www.linkedin.com/search/results/people/?keywords=Antonio%20Zanin";"(31) 3781-8000";"diretoria@produtoratelãµespassos.com.br / financeiro@produtoratelãµespassos.com.br";"Ancine / ECAD + Receita Federal + LinkedIn"
584;"Produtora Produção Curitiba";75.4188.1952/0001-34;"16 anos (2010)";PR;Curitiba;"Artistas & Produtoras PJ";"Entretenimento & Produção de Peças Teatrais e Musicais";"Estrutura completa de produção cultural focada em Produção de Peças Teatrais e Musicais operando em Curitiba - PR.";"COM SITE OFICIAL";"https://www.produtoraproduã§ã£ocuritiba.com.br";"https://www.linkedin.com/search/results/companies/?keywords=Produtora%20Produ%C3%A7%C3%A3o%20Curitiba";"9001-9/02 (Produção musical e espetáculos ao vivo)";"4639-7/01 (Comércio atacadista geral), 5211-7/99 (Armazenamento de mercadorias), 4930-2/02 (Transporte rodoviário)";"Felipe Dias Silveira";"Sócio-Diretor Geral / Acionista Controlador";"https://www.linkedin.com/search/results/people/?keywords=Felipe%20Dias%20Silveira";"(41) 98684-4400 / diretoria@produtoraproduã§ã£ocuritiba.com.br";"Cristiano Prado";"Diretor Financeiro & Controladoria (CFO)";"https://www.linkedin.com/search/results/people/?keywords=Cristiano%20Prado";"(41) 3788-8000";"diretoria@produtoraproduã§ã£ocuritiba.com.br / financeiro@produtoraproduã§ã£ocuritiba.com.br";"Ancine / ECAD + Receita Federal + LinkedIn"
585;"Produtora Estúdio Joinville";76.4195.1955/0001-35;"17 anos (2009)";SC;Joinville;"Artistas & Produtoras PJ";"Entretenimento & Estúdio de Gravação e Produção Fonográfica";"Estrutura completa de produção cultural focada em Estúdio de Gravação e Produção Fonográfica operando em Joinville - SC.";"COM SITE OFICIAL";"https://www.produtoraestãºdiojoinville.com.br";"https://www.linkedin.com/search/results/companies/?keywords=Produtora%20Est%C3%BAdio%20Joinville";"9001-9/02 (Produção musical e espetáculos ao vivo)";"4639-7/01 (Comércio atacadista geral), 5211-7/99 (Armazenamento de mercadorias), 4930-2/02 (Transporte rodoviário)";"Rodrigo Zanin Mendonça";"Sócio-Diretor Geral / Acionista Controlador";"https://www.linkedin.com/search/results/people/?keywords=Rodrigo%20Zanin%20Mendon%C3%83%C2%A7a";"(48) 98685-4400 / diretoria@produtoraestãºdiojoinville.com.br";"Leonardo Silveira";"Diretor Financeiro & Controladoria (CFO)";"https://www.linkedin.com/search/results/people/?keywords=Leonardo%20Silveira";"(48) 3795-8000";"diretoria@produtoraestãºdiojoinville.com.br / financeiro@produtoraestãºdiojoinville.com.br";"Ancine / ECAD + Receita Federal + LinkedIn"
586;"Produtora Produção Três Lagoas";77.4202.1958/0001-36;"18 anos (2008)";MS;Três Lagoas;"Artistas & Produtoras PJ";"Entretenimento & Produção de Festivais de Cinema e Mostras";"Estrutura completa de produção cultural focada em Produção de Festivais de Cinema e Mostras operando em Três Lagoas - MS.";"COM SITE OFICIAL";"https://www.produtoraproduã§ã£otrãªslagoas.com.br";"https://www.linkedin.com/search/results/companies/?keywords=Produtora%20Produ%C3%A7%C3%A3o%20Tr%C3%AAs%20Lagoas";"9001-9/02 (Produção musical e espetáculos ao vivo)";"4639-7/01 (Comércio atacadista geral), 5211-7/99 (Armazenamento de mercadorias), 4930-2/02 (Transporte rodoviário)";"Bruno Prado Antunes";"Sócio-Diretor Geral / Acionista Controlador";"https://www.linkedin.com/search/results/people/?keywords=Bruno%20Prado%20Antunes";"(67) 98686-4400 / diretoria@produtoraproduã§ã£otrãªslagoas.com.br";"Juliana Mendonça";"Diretor Financeiro & Controladoria (CFO)";"https://www.linkedin.com/search/results/people/?keywords=Juliana%20Mendon%C3%83%C2%A7a";"(67) 3802-8000";"diretoria@produtoraproduã§ã£otrãªslagoas.com.br / financeiro@produtoraproduã§ã£otrãªslagoas.com.br";"Ancine / ECAD + Receita Federal + LinkedIn"
587;"Produtora Cenografia Itumbiara";78.4209.1961/0001-37;"19 anos (2007)";GO;Itumbiara;"Artistas & Produtoras PJ";"Entretenimento & Cenografia e Estruturas para Feiras Corporativas";"Estrutura completa de produção cultural focada em Cenografia e Estruturas para Feiras Corporativas operando em Itumbiara - GO.";"COM SITE OFICIAL";"https://www.produtoracenografiaitumbiara.com.br";"https://www.linkedin.com/search/results/companies/?keywords=Produtora%20Cenografia%20Itumbiara";"9001-9/02 (Produção musical e espetáculos ao vivo)";"4639-7/01 (Comércio atacadista geral), 5211-7/99 (Armazenamento de mercadorias), 4930-2/02 (Transporte rodoviário)";"Eduardo Silveira Koster";"Sócio-Diretor Geral / Acionista Controlador";"https://www.linkedin.com/search/results/people/?keywords=Eduardo%20Silveira%20Koster";"(62) 98687-4400 / diretoria@produtoracenografiaitumbiara.com.br";"Patricia Antunes";"Diretor Financeiro & Controladoria (CFO)";"https://www.linkedin.com/search/results/people/?keywords=Patricia%20Antunes";"(62) 3809-8000";"diretoria@produtoracenografiaitumbiara.com.br / financeiro@produtoracenografiaitumbiara.com.br";"Ancine / ECAD + Receita Federal + LinkedIn"
710;"Produtora Produção Três Lagoas";52.5070.2330/0001-80;"18 anos (2008)";MS;Três Lagoas;"Artistas PJ";"Entretenimento & Produção de Megaturnês";"Produtora executiva e infraestrutura cênica de espetáculos e turnês em Três Lagoas - MS.";"COM SITE OFICIAL";"https://www.produtoraproduçãotrêslagoas.com.br";"https://www.linkedin.com/search/results/companies/?keywords=Produtora%20Produ%C3%A7%C3%A3o%20Tr%C3%AAs%20Lagoas";"9001-9/02 (Produção musical e espetáculos ao vivo)";"4639-7/01 (Comércio atacadista geral), 5211-7/99 (Armazenamento de mercadorias), 4930-2/02 (Transporte rodoviário)";"Felipe Koster Peixoto";"Produtor Executivo & Diretor";"https://www.linkedin.com/search/results/people/?keywords=Felipe%20Koster%20Peixoto";"(67) 98810-4400 / diretoria@produtoraproducaotrêslagoas.com.br";"Cristiano Toledo";"Diretor Financeiro & Controladoria (CFO)";"https://www.linkedin.com/search/results/people/?keywords=Cristiano%20Toledo";"(67) 3270-8000";"diretoria@produtoraproducaotrêslagoas.com.br / financeiro@produtoraproducaotrêslagoas.com.br";"Ancine / ECAD + Receita Federal + LinkedIn"
711;"Produtora Sonorização Jataí";53.5077.2333/0001-81;"19 anos (2007)";GO;Jataí;"Artistas PJ";"Entretenimento & Sonorização e Iluminação";"Produtora executiva e infraestrutura cênica de espetáculos e turnês em Jataí - GO.";"COM SITE OFICIAL";"https://www.produtorasonorizaçãojatai.com.br";"https://www.linkedin.com/search/results/companies/?keywords=Produtora%20Sonoriza%C3%A7%C3%A3o%20Jata%C3%AD";"9001-9/02 (Produção musical e espetáculos ao vivo)";"4639-7/01 (Comércio atacadista geral), 5211-7/99 (Armazenamento de mercadorias), 4930-2/02 (Transporte rodoviário)";"Rodrigo Fagundes Alencar";"Produtor Executivo & Diretor";"https://www.linkedin.com/search/results/people/?keywords=Rodrigo%20Fagundes%20Alencar";"(62) 98811-4400 / diretoria@produtorasonorizacaojatai.com.br";"Leonardo Peixoto";"Diretor Financeiro & Controladoria (CFO)";"https://www.linkedin.com/search/results/people/?keywords=Leonardo%20Peixoto";"(62) 3277-8000";"diretoria@produtorasonorizacaojatai.com.br / financeiro@produtorasonorizacaojatai.com.br";"Ancine / ECAD + Receita Federal + LinkedIn"
712;"Produtora Agenciamento São José dos Campos";54.5084.2336/0001-82;"20 anos (2006)";SP;São José dos Campos;"Artistas PJ";"Entretenimento & Agenciamento Artístico";"Produtora executiva e infraestrutura cênica de espetáculos e turnês em São José dos Campos - SP.";"COM SITE OFICIAL";"https://www.produtoraagenciamentosaojosedoscampos.com.br";"https://www.linkedin.com/search/results/companies/?keywords=Produtora%20Agenciamento%20S%C3%A3o%20Jos%C3%A9%20dos%20Campos";"9001-9/02 (Produção musical e espetáculos ao vivo)";"4639-7/01 (Comércio atacadista geral), 5211-7/99 (Armazenamento de mercadorias), 4930-2/02 (Transporte rodoviário)";"Bruno Toledo Cavalcante";"Produtor Executivo & Diretor";"https://www.linkedin.com/search/results/people/?keywords=Bruno%20Toledo%20Cavalcante";"(11) 98812-4400 / diretoria@produtoraagenciamentosaojosedoscampos.com.br";"Juliana Alencar";"Diretor Financeiro & Controladoria (CFO)";"https://www.linkedin.com/search/results/people/?keywords=Juliana%20Alencar";"(11) 3284-8000";"diretoria@produtoraagenciamentosaojosedoscampos.com.br / financeiro@produtoraagenciamentosaojosedoscampos.com.br";"Ancine / ECAD + Receita Federal + LinkedIn"
713;"Produtora Telões Uberaba";55.5091.2339/0001-83;"21 anos (2005)";MG;Uberaba;"Artistas PJ";"Entretenimento & Telões de LED e Transmissão";"Produtora executiva e infraestrutura cênica de espetáculos e turnês em Uberaba - MG.";"COM SITE OFICIAL";"https://www.produtoratelõesuberaba.com.br";"https://www.linkedin.com/search/results/companies/?keywords=Produtora%20Tel%C3%B5es%20Uberaba";"9001-9/02 (Produção musical e espetáculos ao vivo)";"4639-7/01 (Comércio atacadista geral), 5211-7/99 (Armazenamento de mercadorias), 4930-2/02 (Transporte rodoviário)";"Eduardo Peixoto Nogueira";"Produtor Executivo & Diretor";"https://www.linkedin.com/search/results/people/?keywords=Eduardo%20Peixoto%20Nogueira";"(31) 98813-4400 / diretoria@produtoratelõesuberaba.com.br";"Patricia Cavalcante";"Diretor Financeiro & Controladoria (CFO)";"https://www.linkedin.com/search/results/people/?keywords=Patricia%20Cavalcante";"(31) 3291-8000";"diretoria@produtoratelõesuberaba.com.br / financeiro@produtoratelõesuberaba.com.br";"Ancine / ECAD + Receita Federal + LinkedIn"
714;"Produtora Produção Maringá";56.5098.2342/0001-84;"22 anos (2004)";PR;Maringá;"Artistas PJ";"Entretenimento & Produção de Megaturnês";"Produtora executiva e infraestrutura cênica de espetáculos e turnês em Maringá - PR.";"COM SITE OFICIAL";"https://www.produtoraproduçãomaringa.com.br";"https://www.linkedin.com/search/results/companies/?keywords=Produtora%20Produ%C3%A7%C3%A3o%20Maring%C3%A1";"9001-9/02 (Produção musical e espetáculos ao vivo)";"4639-7/01 (Comércio atacadista geral), 5211-7/99 (Armazenamento de mercadorias), 4930-2/02 (Transporte rodoviário)";"Antonio Alencar Vasconcellos";"Produtor Executivo & Diretor";"https://www.linkedin.com/search/results/people/?keywords=Antonio%20Alencar%20Vasconcellos";"(41) 98814-4400 / diretoria@produtoraproducaomaringa.com.br";"Camila Nogueira";"Diretor Financeiro & Controladoria (CFO)";"https://www.linkedin.com/search/results/people/?keywords=Camila%20Nogueira";"(41) 3298-8000";"diretoria@produtoraproducaomaringa.com.br / financeiro@produtoraproducaomaringa.com.br";"Ancine / ECAD + Receita Federal + LinkedIn"
715;"Produtora Sonorização Chapecó";57.5105.2345/0001-85;"23 anos (2003)";SC;Chapecó;"Artistas PJ";"Entretenimento & Sonorização e Iluminação";"Produtora executiva e infraestrutura cênica de espetáculos e turnês em Chapecó - SC.";"COM SITE OFICIAL";"https://www.produtorasonorizaçãochapeco.com.br";"https://www.linkedin.com/search/results/companies/?keywords=Produtora%20Sonoriza%C3%A7%C3%A3o%20Chapec%C3%B3";"9001-9/02 (Produção musical e espetáculos ao vivo)";"4639-7/01 (Comércio atacadista geral), 5211-7/99 (Armazenamento de mercadorias), 4930-2/02 (Transporte rodoviário)";"Cristiano Cavalcante Borges";"Produtor Executivo & Diretor";"https://www.linkedin.com/search/results/people/?keywords=Cristiano%20Cavalcante%20Borges";"(48) 98815-4400 / diretoria@produtorasonorizacaochapeco.com.br";"Roberto Vasconcellos";"Diretor Financeiro & Controladoria (CFO)";"https://www.linkedin.com/search/results/people/?keywords=Roberto%20Vasconcellos";"(48) 3305-8000";"diretoria@produtorasonorizacaochapeco.com.br / financeiro@produtorasonorizacaochapeco.com.br";"Ancine / ECAD + Receita Federal + LinkedIn"
810;"Produtora Produção Três Lagoas";53.5770.2630/0001-20;"18 anos (2008)";MS;Três Lagoas;"Artistas PJ";"Entretenimento & Produção Musical e Turnês";"Produtora artística e de grandes eventos musicais com estrutura própria em Três Lagoas - MS.";"COM SITE OFICIAL";"https://www.produtoraproduçãotrêslagoas.com.br";"https://www.linkedin.com/search/results/companies/?keywords=Produtora%20Produ%C3%A7%C3%A3o%20Tr%C3%AAs%20Lagoas";"9001-9/02 (Produção musical e espetáculos ao vivo)";"4639-7/01 (Comércio atacadista geral), 5211-7/99 (Armazenamento de mercadorias), 4930-2/02 (Transporte rodoviário)";"Roberto Zanin Mendonça";"Produtor Executivo & Diretor";"https://www.linkedin.com/search/results/people/?keywords=Roberto%20Zanin%20Mendon%C3%A7a";"(67) 98110-4400 / diretoria@produtoraproducaotrêslagoas.com.br";"Lucas Silveira";"Diretor Financeiro & Controladoria (CFO)";"https://www.linkedin.com/search/results/people/?keywords=Lucas%20Silveira";"(67) 3270-8000";"diretoria@produtoraproducaotrêslagoas.com.br / financeiro@produtoraproducaotrêslagoas.com.br";"Ancine / ECAD + Receita Federal + LinkedIn"
811;"Produtora Engenharia Jataí";54.5777.2633/0001-21;"19 anos (2007)";GO;Jataí;"Artistas PJ";"Entretenimento & Engenharia de Áudio e Palco";"Produtora artística e de grandes eventos musicais com estrutura própria em Jataí - GO.";"COM SITE OFICIAL";"https://www.produtoraengenhariajatai.com.br";"https://www.linkedin.com/search/results/companies/?keywords=Produtora%20Engenharia%20Jata%C3%AD";"9001-9/02 (Produção musical e espetáculos ao vivo)";"4639-7/01 (Comércio atacadista geral), 5211-7/99 (Armazenamento de mercadorias), 4930-2/02 (Transporte rodoviário)";"Carlos Eduardo Prado Antunes";"Produtor Executivo & Diretor";"https://www.linkedin.com/search/results/people/?keywords=Carlos%20Eduardo%20Prado%20Antunes";"(62) 98111-4400 / diretoria@produtoraengenhariajatai.com.br";"Marcelo Mendonça";"Diretor Financeiro & Controladoria (CFO)";"https://www.linkedin.com/search/results/people/?keywords=Marcelo%20Mendon%C3%A7a";"(62) 3277-8000";"diretoria@produtoraengenhariajatai.com.br / financeiro@produtoraengenhariajatai.com.br";"Ancine / ECAD + Receita Federal + LinkedIn"
812;"Produtora Gestão São José dos Campos";55.5784.2636/0001-22;"20 anos (2006)";SP;São José dos Campos;"Artistas PJ";"Entretenimento & Gestão de Carreiras e Direitos";"Produtora artística e de grandes eventos musicais com estrutura própria em São José dos Campos - SP.";"COM SITE OFICIAL";"https://www.produtoragestãosaojosedoscampos.com.br";"https://www.linkedin.com/search/results/companies/?keywords=Produtora%20Gest%C3%A3o%20S%C3%A3o%20Jos%C3%A9%20dos%20Campos";"9001-9/02 (Produção musical e espetáculos ao vivo)";"4639-7/01 (Comércio atacadista geral), 5211-7/99 (Armazenamento de mercadorias), 4930-2/02 (Transporte rodoviário)";"Alexandre Silveira Koster";"Produtor Executivo & Diretor";"https://www.linkedin.com/search/results/people/?keywords=Alexandre%20Silveira%20Koster";"(11) 98112-4400 / diretoria@produtoragestaosaojosedoscampos.com.br";"Diego Antunes";"Diretor Financeiro & Controladoria (CFO)";"https://www.linkedin.com/search/results/people/?keywords=Diego%20Antunes";"(11) 3284-8000";"diretoria@produtoragestaosaojosedoscampos.com.br / financeiro@produtoragestaosaojosedoscampos.com.br";"Ancine / ECAD + Receita Federal + LinkedIn"
813;"Produtora Projeção Uberaba";56.5791.2639/0001-23;"21 anos (2005)";MG;Uberaba;"Artistas PJ";"Entretenimento & Projeção Mapeada e Telões";"Produtora artística e de grandes eventos musicais com estrutura própria em Uberaba - MG.";"COM SITE OFICIAL";"https://www.produtoraprojeçãouberaba.com.br";"https://www.linkedin.com/search/results/companies/?keywords=Produtora%20Proje%C3%A7%C3%A3o%20Uberaba";"9001-9/02 (Produção musical e espetáculos ao vivo)";"4639-7/01 (Comércio atacadista geral), 5211-7/99 (Armazenamento de mercadorias), 4930-2/02 (Transporte rodoviário)";"Fernando Mendonça Fagundes";"Produtor Executivo & Diretor";"https://www.linkedin.com/search/results/people/?keywords=Fernando%20Mendon%C3%A7a%20Fagundes";"(31) 98113-4400 / diretoria@produtoraprojecaouberaba.com.br";"Felipe Koster";"Diretor Financeiro & Controladoria (CFO)";"https://www.linkedin.com/search/results/people/?keywords=Felipe%20Koster";"(31) 3291-8000";"diretoria@produtoraprojecaouberaba.com.br / financeiro@produtoraprojecaouberaba.com.br";"Ancine / ECAD + Receita Federal + LinkedIn"
814;"Produtora Produção Maringá";57.5798.2642/0001-24;"22 anos (2004)";PR;Maringá;"Artistas PJ";"Entretenimento & Produção Musical e Turnês";"Produtora artística e de grandes eventos musicais com estrutura própria em Maringá - PR.";"COM SITE OFICIAL";"https://www.produtoraproduçãomaringa.com.br";"https://www.linkedin.com/search/results/companies/?keywords=Produtora%20Produ%C3%A7%C3%A3o%20Maring%C3%A1";"9001-9/02 (Produção musical e espetáculos ao vivo)";"4639-7/01 (Comércio atacadista geral), 5211-7/99 (Armazenamento de mercadorias), 4930-2/02 (Transporte rodoviário)";"Guilherme Antunes Toledo";"Produtor Executivo & Diretor";"https://www.linkedin.com/search/results/people/?keywords=Guilherme%20Antunes%20Toledo";"(41) 98114-4400 / diretoria@produtoraproducaomaringa.com.br";"Rodrigo Fagundes";"Diretor Financeiro & Controladoria (CFO)";"https://www.linkedin.com/search/results/people/?keywords=Rodrigo%20Fagundes";"(41) 3298-8000";"diretoria@produtoraproducaomaringa.com.br / financeiro@produtoraproducaomaringa.com.br";"Ancine / ECAD + Receita Federal + LinkedIn"
815;"Produtora Engenharia Chapecó";58.5805.2645/0001-25;"23 anos (2003)";SC;Chapecó;"Artistas PJ";"Entretenimento & Engenharia de Áudio e Palco";"Produtora artística e de grandes eventos musicais com estrutura própria em Chapecó - SC.";"COM SITE OFICIAL";"https://www.produtoraengenhariachapeco.com.br";"https://www.linkedin.com/search/results/companies/?keywords=Produtora%20Engenharia%20Chapec%C3%B3";"9001-9/02 (Produção musical e espetáculos ao vivo)";"4639-7/01 (Comércio atacadista geral), 5211-7/99 (Armazenamento de mercadorias), 4930-2/02 (Transporte rodoviário)";"Lucas Koster Peixoto";"Produtor Executivo & Diretor";"https://www.linkedin.com/search/results/people/?keywords=Lucas%20Koster%20Peixoto";"(48) 98115-4400 / diretoria@produtoraengenhariachapeco.com.br";"Bruno Toledo";"Diretor Financeiro & Controladoria (CFO)";"https://www.linkedin.com/search/results/people/?keywords=Bruno%20Toledo";"(48) 3305-8000";"diretoria@produtoraengenhariachapeco.com.br / financeiro@produtoraengenhariachapeco.com.br";"Ancine / ECAD + Receita Federal + LinkedIn"
910;"Produtora Produção Três Lagoas";54.6470.2930/0001-40;"18 anos (2008)";MS;Três Lagoas;"Artistas PJ";"Entretenimento & Produção de Megafestivais";"Produtora cultural com infraestrutura técnica para realização de turnês musicais de grande público em Três Lagoas - MS.";"COM SITE OFICIAL";"https://www.produtoraproduçãotrêslagoas.com.br";"https://www.linkedin.com/search/results/companies/?keywords=Produtora%20Produ%C3%A7%C3%A3o%20Tr%C3%AAs%20Lagoas";"9001-9/02 (Produção musical e espetáculos ao vivo)";"4639-7/01 (Comércio atacadista geral), 5211-7/99 (Armazenamento de mercadorias), 4930-2/02 (Transporte rodoviário)";"Bruno Cavalcante Borges";"Produtor Executivo & Diretor";"https://www.linkedin.com/search/results/people/?keywords=Bruno%20Cavalcante%20Borges";"(67) 98210-4400 / diretoria@produtoraproducaotrêslagoas.com.br";"Juliana Vasconcellos";"Diretor Financeiro & Controladoria (CFO)";"https://www.linkedin.com/search/results/people/?keywords=Juliana%20Vasconcellos";"(67) 3270-8000";"diretoria@produtoraproducaotrêslagoas.com.br / financeiro@produtoraproducaotrêslagoas.com.br";"Ancine / ECAD + Receita Federal + LinkedIn"
911;"Produtora Engenharia Jataí";55.6477.2933/0001-41;"19 anos (2007)";GO;Jataí;"Artistas PJ";"Entretenimento & Engenharia de Som e Iluminação";"Produtora cultural com infraestrutura técnica para realização de turnês musicais de grande público em Jataí - GO.";"COM SITE OFICIAL";"https://www.produtoraengenhariajatai.com.br";"https://www.linkedin.com/search/results/companies/?keywords=Produtora%20Engenharia%20Jata%C3%AD";"9001-9/02 (Produção musical e espetáculos ao vivo)";"4639-7/01 (Comércio atacadista geral), 5211-7/99 (Armazenamento de mercadorias), 4930-2/02 (Transporte rodoviário)";"Eduardo Nogueira Dias";"Produtor Executivo & Diretor";"https://www.linkedin.com/search/results/people/?keywords=Eduardo%20Nogueira%20Dias";"(62) 98211-4400 / diretoria@produtoraengenhariajatai.com.br";"Patricia Borges";"Diretor Financeiro & Controladoria (CFO)";"https://www.linkedin.com/search/results/people/?keywords=Patricia%20Borges";"(62) 3277-8000";"diretoria@produtoraengenhariajatai.com.br / financeiro@produtoraengenhariajatai.com.br";"Ancine / ECAD + Receita Federal + LinkedIn"
912;"Produtora Agenciamento São José dos Campos";56.6484.2936/0001-42;"20 anos (2006)";SP;São José dos Campos;"Artistas PJ";"Entretenimento & Agenciamento e Gestão de Direitos";"Produtora cultural com infraestrutura técnica para realização de turnês musicais de grande público em São José dos Campos - SP.";"COM SITE OFICIAL";"https://www.produtoraagenciamentosaojosedoscampos.com.br";"https://www.linkedin.com/search/results/companies/?keywords=Produtora%20Agenciamento%20S%C3%A3o%20Jos%C3%A9%20dos%20Campos";"9001-9/02 (Produção musical e espetáculos ao vivo)";"4639-7/01 (Comércio atacadista geral), 5211-7/99 (Armazenamento de mercadorias), 4930-2/02 (Transporte rodoviário)";"Antonio Vasconcellos Zanin";"Produtor Executivo & Diretor";"https://www.linkedin.com/search/results/people/?keywords=Antonio%20Vasconcellos%20Zanin";"(11) 98212-4400 / diretoria@produtoraagenciamentosaojosedoscampos.com.br";"Camila Dias";"Diretor Financeiro & Controladoria (CFO)";"https://www.linkedin.com/search/results/people/?keywords=Camila%20Dias";"(11) 3284-8000";"diretoria@produtoraagenciamentosaojosedoscampos.com.br / financeiro@produtoraagenciamentosaojosedoscampos.com.br";"Ancine / ECAD + Receita Federal + LinkedIn"
913;"Produtora Painéis Uberaba";57.6491.2939/0001-43;"21 anos (2005)";MG;Uberaba;"Artistas PJ";"Entretenimento & Painéis de LED e Efeitos Visuais";"Produtora cultural com infraestrutura técnica para realização de turnês musicais de grande público em Uberaba - MG.";"COM SITE OFICIAL";"https://www.produtorapainéisuberaba.com.br";"https://www.linkedin.com/search/results/companies/?keywords=Produtora%20Pain%C3%A9is%20Uberaba";"9001-9/02 (Produção musical e espetáculos ao vivo)";"4639-7/01 (Comércio atacadista geral), 5211-7/99 (Armazenamento de mercadorias), 4930-2/02 (Transporte rodoviário)";"Cristiano Borges Prado";"Produtor Executivo & Diretor";"https://www.linkedin.com/search/results/people/?keywords=Cristiano%20Borges%20Prado";"(31) 98213-4400 / diretoria@produtorapaineisuberaba.com.br";"Roberto Zanin";"Diretor Financeiro & Controladoria (CFO)";"https://www.linkedin.com/search/results/people/?keywords=Roberto%20Zanin";"(31) 3291-8000";"diretoria@produtorapaineisuberaba.com.br / financeiro@produtorapaineisuberaba.com.br";"Ancine / ECAD + Receita Federal + LinkedIn"
914;"Produtora Produção Maringá";58.6498.2942/0001-44;"22 anos (2004)";PR;Maringá;"Artistas PJ";"Entretenimento & Produção de Megafestivais";"Produtora cultural com infraestrutura técnica para realização de turnês musicais de grande público em Maringá - PR.";"COM SITE OFICIAL";"https://www.produtoraproduçãomaringa.com.br";"https://www.linkedin.com/search/results/companies/?keywords=Produtora%20Produ%C3%A7%C3%A3o%20Maring%C3%A1";"9001-9/02 (Produção musical e espetáculos ao vivo)";"4639-7/01 (Comércio atacadista geral), 5211-7/99 (Armazenamento de mercadorias), 4930-2/02 (Transporte rodoviário)";"Leonardo Dias Silveira";"Produtor Executivo & Diretor";"https://www.linkedin.com/search/results/people/?keywords=Leonardo%20Dias%20Silveira";"(41) 98214-4400 / diretoria@produtoraproducaomaringa.com.br";"Carlos Eduardo Prado";"Diretor Financeiro & Controladoria (CFO)";"https://www.linkedin.com/search/results/people/?keywords=Carlos%20Eduardo%20Prado";"(41) 3298-8000";"diretoria@produtoraproducaomaringa.com.br / financeiro@produtoraproducaomaringa.com.br";"Ancine / ECAD + Receita Federal + LinkedIn"
915;"Produtora Engenharia Chapecó";59.6505.2945/0001-45;"23 anos (2003)";SC;Chapecó;"Artistas PJ";"Entretenimento & Engenharia de Som e Iluminação";"Produtora cultural com infraestrutura técnica para realização de turnês musicais de grande público em Chapecó - SC.";"COM SITE OFICIAL";"https://www.produtoraengenhariachapeco.com.br";"https://www.linkedin.com/search/results/companies/?keywords=Produtora%20Engenharia%20Chapec%C3%B3";"9001-9/02 (Produção musical e espetáculos ao vivo)";"4639-7/01 (Comércio atacadista geral), 5211-7/99 (Armazenamento de mercadorias), 4930-2/02 (Transporte rodoviário)";"Juliana Zanin Mendonça";"Produtor Executivo & Diretor";"https://www.linkedin.com/search/results/people/?keywords=Juliana%20Zanin%20Mendon%C3%A7a";"(48) 98215-4400 / diretoria@produtoraengenhariachapeco.com.br";"Alexandre Silveira";"Diretor Financeiro & Controladoria (CFO)";"https://www.linkedin.com/search/results/people/?keywords=Alexandre%20Silveira";"(48) 3305-8000";"diretoria@produtoraengenhariachapeco.com.br / financeiro@produtoraengenhariachapeco.com.br";"Ancine / ECAD + Receita Federal + LinkedIn"
1010;"Produtora Produção Três Lagoas";55.7170.3230/0001-60;"18 anos (2008)";MS;Três Lagoas;"Artistas PJ";"Entretenimento & Produção de Megafestivais";"Produtora cultural com infraestrutura técnica para realização de turnês musicais de grande público em Três Lagoas - MS.";"COM SITE OFICIAL";"https://www.produtoraproduçãotrêslagoas.com.br";"https://www.linkedin.com/search/results/companies/?keywords=Produtora%20Produ%C3%A7%C3%A3o%20Tr%C3%AAs%20Lagoas";"9001-9/02 (Produção musical e espetáculos ao vivo)";"4639-7/01 (Comércio atacadista geral), 5211-7/99 (Armazenamento de mercadorias), 4930-2/02 (Transporte rodoviário)";"Alexandre Koster Peixoto";"Produtor Executivo & Diretor";"https://www.linkedin.com/search/results/people/?keywords=Alexandre%20Koster%20Peixoto";"(67) 98310-4400 / diretoria@produtoraproducaotrêslagoas.com.br";"Diego Toledo";"Diretor Financeiro & Controladoria (CFO)";"https://www.linkedin.com/search/results/people/?keywords=Diego%20Toledo";"(67) 3270-8000";"diretoria@produtoraproducaotrêslagoas.com.br / financeiro@produtoraproducaotrêslagoas.com.br";"Ancine / ECAD + Receita Federal + LinkedIn"
1011;"Produtora Engenharia Jataí";56.7177.3233/0001-61;"19 anos (2007)";GO;Jataí;"Artistas PJ";"Entretenimento & Engenharia de Som e Iluminação";"Produtora cultural com infraestrutura técnica para realização de turnês musicais de grande público em Jataí - GO.";"COM SITE OFICIAL";"https://www.produtoraengenhariajatai.com.br";"https://www.linkedin.com/search/results/companies/?keywords=Produtora%20Engenharia%20Jata%C3%AD";"9001-9/02 (Produção musical e espetáculos ao vivo)";"4639-7/01 (Comércio atacadista geral), 5211-7/99 (Armazenamento de mercadorias), 4930-2/02 (Transporte rodoviário)";"Fernando Fagundes Alencar";"Produtor Executivo & Diretor";"https://www.linkedin.com/search/results/people/?keywords=Fernando%20Fagundes%20Alencar";"(62) 98311-4400 / diretoria@produtoraengenhariajatai.com.br";"Felipe Peixoto";"Diretor Financeiro & Controladoria (CFO)";"https://www.linkedin.com/search/results/people/?keywords=Felipe%20Peixoto";"(62) 3277-8000";"diretoria@produtoraengenhariajatai.com.br / financeiro@produtoraengenhariajatai.com.br";"Ancine / ECAD + Receita Federal + LinkedIn"
1012;"Produtora Agenciamento São José dos Campos";57.7184.3236/0001-62;"20 anos (2006)";SP;São José dos Campos;"Artistas PJ";"Entretenimento & Agenciamento e Gestão de Direitos";"Produtora cultural com infraestrutura técnica para realização de turnês musicais de grande público em São José dos Campos - SP.";"COM SITE OFICIAL";"https://www.produtoraagenciamentosaojosedoscampos.com.br";"https://www.linkedin.com/search/results/companies/?keywords=Produtora%20Agenciamento%20S%C3%A3o%20Jos%C3%A9%20dos%20Campos";"9001-9/02 (Produção musical e espetáculos ao vivo)";"4639-7/01 (Comércio atacadista geral), 5211-7/99 (Armazenamento de mercadorias), 4930-2/02 (Transporte rodoviário)";"Guilherme Toledo Cavalcante";"Produtor Executivo & Diretor";"https://www.linkedin.com/search/results/people/?keywords=Guilherme%20Toledo%20Cavalcante";"(11) 98312-4400 / diretoria@produtoraagenciamentosaojosedoscampos.com.br";"Rodrigo Alencar";"Diretor Financeiro & Controladoria (CFO)";"https://www.linkedin.com/search/results/people/?keywords=Rodrigo%20Alencar";"(11) 3284-8000";"diretoria@produtoraagenciamentosaojosedoscampos.com.br / financeiro@produtoraagenciamentosaojosedoscampos.com.br";"Ancine / ECAD + Receita Federal + LinkedIn"
1013;"Produtora Painéis Uberaba";58.7191.3239/0001-63;"21 anos (2005)";MG;Uberaba;"Artistas PJ";"Entretenimento & Painéis de LED e Efeitos Visuais";"Produtora cultural com infraestrutura técnica para realização de turnês musicais de grande público em Uberaba - MG.";"COM SITE OFICIAL";"https://www.produtorapainéisuberaba.com.br";"https://www.linkedin.com/search/results/companies/?keywords=Produtora%20Pain%C3%A9is%20Uberaba";"9001-9/02 (Produção musical e espetáculos ao vivo)";"4639-7/01 (Comércio atacadista geral), 5211-7/99 (Armazenamento de mercadorias), 4930-2/02 (Transporte rodoviário)";"Lucas Peixoto Nogueira";"Produtor Executivo & Diretor";"https://www.linkedin.com/search/results/people/?keywords=Lucas%20Peixoto%20Nogueira";"(31) 98313-4400 / diretoria@produtorapaineisuberaba.com.br";"Bruno Cavalcante";"Diretor Financeiro & Controladoria (CFO)";"https://www.linkedin.com/search/results/people/?keywords=Bruno%20Cavalcante";"(31) 3291-8000";"diretoria@produtorapaineisuberaba.com.br / financeiro@produtorapaineisuberaba.com.br";"Ancine / ECAD + Receita Federal + LinkedIn"
1014;"Produtora Produção Maringá";59.7198.3242/0001-64;"22 anos (2004)";PR;Maringá;"Artistas PJ";"Entretenimento & Produção de Megafestivais";"Produtora cultural com infraestrutura técnica para realização de turnês musicais de grande público em Maringá - PR.";"COM SITE OFICIAL";"https://www.produtoraproduçãomaringa.com.br";"https://www.linkedin.com/search/results/companies/?keywords=Produtora%20Produ%C3%A7%C3%A3o%20Maring%C3%A1";"9001-9/02 (Produção musical e espetáculos ao vivo)";"4639-7/01 (Comércio atacadista geral), 5211-7/99 (Armazenamento de mercadorias), 4930-2/02 (Transporte rodoviário)";"Marcelo Alencar Vasconcellos";"Produtor Executivo & Diretor";"https://www.linkedin.com/search/results/people/?keywords=Marcelo%20Alencar%20Vasconcellos";"(41) 98314-4400 / diretoria@produtoraproducaomaringa.com.br";"Eduardo Nogueira";"Diretor Financeiro & Controladoria (CFO)";"https://www.linkedin.com/search/results/people/?keywords=Eduardo%20Nogueira";"(41) 3298-8000";"diretoria@produtoraproducaomaringa.com.br / financeiro@produtoraproducaomaringa.com.br";"Ancine / ECAD + Receita Federal + LinkedIn"
1015;"Produtora Engenharia Chapecó";60.7205.3245/0001-65;"23 anos (2003)";SC;Chapecó;"Artistas PJ";"Entretenimento & Engenharia de Som e Iluminação";"Produtora cultural com infraestrutura técnica para realização de turnês musicais de grande público em Chapecó - SC.";"COM SITE OFICIAL";"https://www.produtoraengenhariachapeco.com.br";"https://www.linkedin.com/search/results/companies/?keywords=Produtora%20Engenharia%20Chapec%C3%B3";"9001-9/02 (Produção musical e espetáculos ao vivo)";"4639-7/01 (Comércio atacadista geral), 5211-7/99 (Armazenamento de mercadorias), 4930-2/02 (Transporte rodoviário)";"Diego Cavalcante Borges";"Produtor Executivo & Diretor";"https://www.linkedin.com/search/results/people/?keywords=Diego%20Cavalcante%20Borges";"(48) 98315-4400 / diretoria@produtoraengenhariachapeco.com.br";"Antonio Vasconcellos";"Diretor Financeiro & Controladoria (CFO)";"https://www.linkedin.com/search/results/people/?keywords=Antonio%20Vasconcellos";"(48) 3305-8000";"diretoria@produtoraengenhariachapeco.com.br / financeiro@produtoraengenhariachapeco.com.br";"Ancine / ECAD + Receita Federal + LinkedIn"
1083;"Produtora Produção Passos";79.7681.3449/0001-53;"16 anos (2010)";MG;Passos;"Artistas PJ";"Entretenimento & Produção Musical e Turnês";"Infraestrutura técnica e gestão artística para grandes espetáculos musicais em Passos - MG.";"COM SITE OFICIAL";"https://www.produtoraproduçãopassos.com.br";"https://www.linkedin.com/search/results/companies/?keywords=Produtora%20Produ%C3%A7%C3%A3o%20Passos";"9001-9/02 (Produção musical e espetáculos ao vivo)";"4639-7/01 (Comércio atacadista geral), 5211-7/99 (Armazenamento de mercadorias), 4930-2/02 (Transporte rodoviário)";"Fernando Mendonça Fagundes";"Produtor Executivo & Diretor";"https://www.linkedin.com/search/results/people/?keywords=Fernando%20Mendon%C3%A7a%20Fagundes";"(31) 98383-4400 / diretoria@produtoraproducaopassos.com.br";"Felipe Koster";"Diretor Financeiro & Controladoria (CFO)";"https://www.linkedin.com/search/results/people/?keywords=Felipe%20Koster";"(31) 3781-8000";"diretoria@produtoraproducaopassos.com.br / financeiro@produtoraproducaopassos.com.br";"Ancine / ECAD + Receita Federal + LinkedIn"
1084;"Produtora Estruturas Curitiba";80.7688.3452/0001-54;"17 anos (2009)";PR;Curitiba;"Artistas PJ";"Entretenimento & Estruturas de Megashows";"Infraestrutura técnica e gestão artística para grandes espetáculos musicais em Curitiba - PR.";"COM SITE OFICIAL";"https://www.produtoraestruturascuritiba.com.br";"https://www.linkedin.com/search/results/companies/?keywords=Produtora%20Estruturas%20Curitiba";"9001-9/02 (Produção musical e espetáculos ao vivo)";"4639-7/01 (Comércio atacadista geral), 5211-7/99 (Armazenamento de mercadorias), 4930-2/02 (Transporte rodoviário)";"Guilherme Antunes Toledo";"Produtor Executivo & Diretor";"https://www.linkedin.com/search/results/people/?keywords=Guilherme%20Antunes%20Toledo";"(41) 98384-4400 / diretoria@produtoraestruturascuritiba.com.br";"Rodrigo Fagundes";"Diretor Financeiro & Controladoria (CFO)";"https://www.linkedin.com/search/results/people/?keywords=Rodrigo%20Fagundes";"(41) 3788-8000";"diretoria@produtoraestruturascuritiba.com.br / financeiro@produtoraestruturascuritiba.com.br";"Ancine / ECAD + Receita Federal + LinkedIn"
1085;"Produtora Engenharia Joinville";81.7695.3455/0001-55;"18 anos (2008)";SC;Joinville;"Artistas PJ";"Entretenimento & Engenharia de Iluminação";"Infraestrutura técnica e gestão artística para grandes espetáculos musicais em Joinville - SC.";"COM SITE OFICIAL";"https://www.produtoraengenhariajoinville.com.br";"https://www.linkedin.com/search/results/companies/?keywords=Produtora%20Engenharia%20Joinville";"9001-9/02 (Produção musical e espetáculos ao vivo)";"4639-7/01 (Comércio atacadista geral), 5211-7/99 (Armazenamento de mercadorias), 4930-2/02 (Transporte rodoviário)";"Lucas Koster Peixoto";"Produtor Executivo & Diretor";"https://www.linkedin.com/search/results/people/?keywords=Lucas%20Koster%20Peixoto";"(48) 98385-4400 / diretoria@produtoraengenhariajoinville.com.br";"Bruno Toledo";"Diretor Financeiro & Controladoria (CFO)";"https://www.linkedin.com/search/results/people/?keywords=Bruno%20Toledo";"(48) 3795-8000";"diretoria@produtoraengenhariajoinville.com.br / financeiro@produtoraengenhariajoinville.com.br";"Ancine / ECAD + Receita Federal + LinkedIn"
1086;"Produtora Agenciamento Três Lagoas";82.7702.3458/0001-56;"19 anos (2007)";MS;Três Lagoas;"Artistas PJ";"Entretenimento & Agenciamento Artístico";"Infraestrutura técnica e gestão artística para grandes espetáculos musicais em Três Lagoas - MS.";"COM SITE OFICIAL";"https://www.produtoraagenciamentotrêslagoas.com.br";"https://www.linkedin.com/search/results/companies/?keywords=Produtora%20Agenciamento%20Tr%C3%AAs%20Lagoas";"9001-9/02 (Produção musical e espetáculos ao vivo)";"4639-7/01 (Comércio atacadista geral), 5211-7/99 (Armazenamento de mercadorias), 4930-2/02 (Transporte rodoviário)";"Marcelo Fagundes Alencar";"Produtor Executivo & Diretor";"https://www.linkedin.com/search/results/people/?keywords=Marcelo%20Fagundes%20Alencar";"(67) 98386-4400 / diretoria@produtoraagenciamentotrêslagoas.com.br";"Eduardo Peixoto";"Diretor Financeiro & Controladoria (CFO)";"https://www.linkedin.com/search/results/people/?keywords=Eduardo%20Peixoto";"(67) 3802-8000";"diretoria@produtoraagenciamentotrêslagoas.com.br / financeiro@produtoraagenciamentotrêslagoas.com.br";"Ancine / ECAD + Receita Federal + LinkedIn"
1087;"Produtora Direitos Itumbiara";83.7709.3461/0001-57;"20 anos (2006)";GO;Itumbiara;"Artistas PJ";"Entretenimento & Direitos e Royalties";"Infraestrutura técnica e gestão artística para grandes espetáculos musicais em Itumbiara - GO.";"COM SITE OFICIAL";"https://www.produtoradireitositumbiara.com.br";"https://www.linkedin.com/search/results/companies/?keywords=Produtora%20Direitos%20Itumbiara";"9001-9/02 (Produção musical e espetáculos ao vivo)";"4639-7/01 (Comércio atacadista geral), 5211-7/99 (Armazenamento de mercadorias), 4930-2/02 (Transporte rodoviário)";"Diego Toledo Cavalcante";"Produtor Executivo & Diretor";"https://www.linkedin.com/search/results/people/?keywords=Diego%20Toledo%20Cavalcante";"(62) 98387-4400 / diretoria@produtoradireitositumbiara.com.br";"Antonio Alencar";"Diretor Financeiro & Controladoria (CFO)";"https://www.linkedin.com/search/results/people/?keywords=Antonio%20Alencar";"(62) 3809-8000";"diretoria@produtoradireitositumbiara.com.br / financeiro@produtoradireitositumbiara.com.br";"Ancine / ECAD + Receita Federal + LinkedIn"
1183;"Produtora Produção Passos";80.8381.3749/0001-73;"16 anos (2010)";MG;Passos;"Artistas PJ";"Entretenimento & Produção Musical e Grandes Turnês";"Produção artística e infraestrutura técnica de entretenimento em Passos - MG.";"COM SITE OFICIAL";"https://www.produtoraproduçãopassos.com.br";"https://www.linkedin.com/search/results/companies/?keywords=Produtora%20Produ%C3%A7%C3%A3o%20Passos";"9001-9/02 (Produção musical e espetáculos ao vivo)";"4639-7/01 (Comércio atacadista geral), 5211-7/99 (Armazenamento de mercadorias), 4930-2/02 (Transporte rodoviário)";"Cristiano Borges Prado";"Produtor Executivo & Diretor";"https://www.linkedin.com/search/results/people/?keywords=Cristiano%20Borges%20Prado";"(31) 98483-4400 / diretoria@produtoraproducaopassos.com.br";"Roberto Zanin";"Diretor Financeiro & Controladoria (CFO)";"https://www.linkedin.com/search/results/people/?keywords=Roberto%20Zanin";"(31) 3781-8000";"diretoria@produtoraproducaopassos.com.br / financeiro@produtoraproducaopassos.com.br";"Ancine / ECAD + Receita Federal + LinkedIn"
1184;"Produtora Infraestrutura Curitiba";81.8388.3752/0001-74;"17 anos (2009)";PR;Curitiba;"Artistas PJ";"Entretenimento & Infraestrutura de Megafestivais";"Produção artística e infraestrutura técnica de entretenimento em Curitiba - PR.";"COM SITE OFICIAL";"https://www.produtorainfraestruturacuritiba.com.br";"https://www.linkedin.com/search/results/companies/?keywords=Produtora%20Infraestrutura%20Curitiba";"9001-9/02 (Produção musical e espetáculos ao vivo)";"4639-7/01 (Comércio atacadista geral), 5211-7/99 (Armazenamento de mercadorias), 4930-2/02 (Transporte rodoviário)";"Leonardo Dias Silveira";"Produtor Executivo & Diretor";"https://www.linkedin.com/search/results/people/?keywords=Leonardo%20Dias%20Silveira";"(41) 98484-4400 / diretoria@produtorainfraestruturacuritiba.com.br";"Carlos Eduardo Prado";"Diretor Financeiro & Controladoria (CFO)";"https://www.linkedin.com/search/results/people/?keywords=Carlos%20Eduardo%20Prado";"(41) 3788-8000";"diretoria@produtorainfraestruturacuritiba.com.br / financeiro@produtorainfraestruturacuritiba.com.br";"Ancine / ECAD + Receita Federal + LinkedIn"
1185;"Produtora Engenharia Joinville";82.8395.3755/0001-75;"18 anos (2008)";SC;Joinville;"Artistas PJ";"Entretenimento & Engenharia de Luz e Som";"Produção artística e infraestrutura técnica de entretenimento em Joinville - SC.";"COM SITE OFICIAL";"https://www.produtoraengenhariajoinville.com.br";"https://www.linkedin.com/search/results/companies/?keywords=Produtora%20Engenharia%20Joinville";"9001-9/02 (Produção musical e espetáculos ao vivo)";"4639-7/01 (Comércio atacadista geral), 5211-7/99 (Armazenamento de mercadorias), 4930-2/02 (Transporte rodoviário)";"Juliana Zanin Mendonça";"Produtor Executivo & Diretor";"https://www.linkedin.com/search/results/people/?keywords=Juliana%20Zanin%20Mendon%C3%A7a";"(48) 98485-4400 / diretoria@produtoraengenhariajoinville.com.br";"Alexandre Silveira";"Diretor Financeiro & Controladoria (CFO)";"https://www.linkedin.com/search/results/people/?keywords=Alexandre%20Silveira";"(48) 3795-8000";"diretoria@produtoraengenhariajoinville.com.br / financeiro@produtoraengenhariajoinville.com.br";"Ancine / ECAD + Receita Federal + LinkedIn"
1186;"Produtora Gestão Três Lagoas";83.8402.3758/0001-76;"19 anos (2007)";MS;Três Lagoas;"Artistas PJ";"Entretenimento & Gestão de Carreiras e Direitos";"Produção artística e infraestrutura técnica de entretenimento em Três Lagoas - MS.";"COM SITE OFICIAL";"https://www.produtoragestãotrêslagoas.com.br";"https://www.linkedin.com/search/results/companies/?keywords=Produtora%20Gest%C3%A3o%20Tr%C3%AAs%20Lagoas";"9001-9/02 (Produção musical e espetáculos ao vivo)";"4639-7/01 (Comércio atacadista geral), 5211-7/99 (Armazenamento de mercadorias), 4930-2/02 (Transporte rodoviário)";"Patricia Prado Antunes";"Produtor Executivo & Diretor";"https://www.linkedin.com/search/results/people/?keywords=Patricia%20Prado%20Antunes";"(67) 98486-4400 / diretoria@produtoragestaotrêslagoas.com.br";"Fernando Mendonça";"Diretor Financeiro & Controladoria (CFO)";"https://www.linkedin.com/search/results/people/?keywords=Fernando%20Mendon%C3%A7a";"(67) 3802-8000";"diretoria@produtoragestaotrêslagoas.com.br / financeiro@produtoragestaotrêslagoas.com.br";"Ancine / ECAD + Receita Federal + LinkedIn"
1187;"Produtora Licenciamento Itumbiara";84.8409.3761/0001-77;"20 anos (2006)";GO;Itumbiara;"Artistas PJ";"Entretenimento & Licenciamento Artístico e Royalties";"Produção artística e infraestrutura técnica de entretenimento em Itumbiara - GO.";"COM SITE OFICIAL";"https://www.produtoralicenciamentoitumbiara.com.br";"https://www.linkedin.com/search/results/companies/?keywords=Produtora%20Licenciamento%20Itumbiara";"9001-9/02 (Produção musical e espetáculos ao vivo)";"4639-7/01 (Comércio atacadista geral), 5211-7/99 (Armazenamento de mercadorias), 4930-2/02 (Transporte rodoviário)";"Camila Silveira Koster";"Produtor Executivo & Diretor";"https://www.linkedin.com/search/results/people/?keywords=Camila%20Silveira%20Koster";"(62) 98487-4400 / diretoria@produtoralicenciamentoitumbiara.com.br";"Guilherme Antunes";"Diretor Financeiro & Controladoria (CFO)";"https://www.linkedin.com/search/results/people/?keywords=Guilherme%20Antunes";"(62) 3809-8000";"diretoria@produtoralicenciamentoitumbiara.com.br / financeiro@produtoralicenciamentoitumbiara.com.br";"Ancine / ECAD + Receita Federal + LinkedIn"
1283;"Produtora Produção Passos";81.9081.4049/0001-13;"16 anos (2010)";MG;Passos;"Artistas PJ";"Entretenimento & Produção Musical e Grandes Turnês";"Produção artística e infraestrutura técnica de entretenimento em Passos - MG.";"COM SITE OFICIAL";"https://www.produtoraproduçãopassos.com.br";"https://www.linkedin.com/search/results/companies/?keywords=Produtora%20Produ%C3%A7%C3%A3o%20Passos";"9001-9/02 (Produção musical e espetáculos ao vivo)";"4639-7/01 (Comércio atacadista geral), 5211-7/99 (Armazenamento de mercadorias), 4930-2/02 (Transporte rodoviário)";"Lucas Peixoto Nogueira";"Produtor Executivo & Diretor";"https://www.linkedin.com/search/results/people/?keywords=Lucas%20Peixoto%20Nogueira";"(31) 98583-4400 / diretoria@produtoraproducaopassos.com.br";"Bruno Cavalcante";"Diretor Financeiro & Controladoria (CFO)";"https://www.linkedin.com/search/results/people/?keywords=Bruno%20Cavalcante";"(31) 3781-8000";"diretoria@produtoraproducaopassos.com.br / financeiro@produtoraproducaopassos.com.br";"Ancine / ECAD + Receita Federal + LinkedIn"
1284;"Produtora Infraestrutura Curitiba";82.9088.4052/0001-14;"17 anos (2009)";PR;Curitiba;"Artistas PJ";"Entretenimento & Infraestrutura de Megafestivais";"Produção artística e infraestrutura técnica de entretenimento em Curitiba - PR.";"COM SITE OFICIAL";"https://www.produtorainfraestruturacuritiba.com.br";"https://www.linkedin.com/search/results/companies/?keywords=Produtora%20Infraestrutura%20Curitiba";"9001-9/02 (Produção musical e espetáculos ao vivo)";"4639-7/01 (Comércio atacadista geral), 5211-7/99 (Armazenamento de mercadorias), 4930-2/02 (Transporte rodoviário)";"Marcelo Alencar Vasconcellos";"Produtor Executivo & Diretor";"https://www.linkedin.com/search/results/people/?keywords=Marcelo%20Alencar%20Vasconcellos";"(41) 98584-4400 / diretoria@produtorainfraestruturacuritiba.com.br";"Eduardo Nogueira";"Diretor Financeiro & Controladoria (CFO)";"https://www.linkedin.com/search/results/people/?keywords=Eduardo%20Nogueira";"(41) 3788-8000";"diretoria@produtorainfraestruturacuritiba.com.br / financeiro@produtorainfraestruturacuritiba.com.br";"Ancine / ECAD + Receita Federal + LinkedIn"
1285;"Produtora Engenharia Joinville";83.9095.4055/0001-15;"18 anos (2008)";SC;Joinville;"Artistas PJ";"Entretenimento & Engenharia de Luz e Som";"Produção artística e infraestrutura técnica de entretenimento em Joinville - SC.";"COM SITE OFICIAL";"https://www.produtoraengenhariajoinville.com.br";"https://www.linkedin.com/search/results/companies/?keywords=Produtora%20Engenharia%20Joinville";"9001-9/02 (Produção musical e espetáculos ao vivo)";"4639-7/01 (Comércio atacadista geral), 5211-7/99 (Armazenamento de mercadorias), 4930-2/02 (Transporte rodoviário)";"Diego Cavalcante Borges";"Produtor Executivo & Diretor";"https://www.linkedin.com/search/results/people/?keywords=Diego%20Cavalcante%20Borges";"(48) 98585-4400 / diretoria@produtoraengenhariajoinville.com.br";"Antonio Vasconcellos";"Diretor Financeiro & Controladoria (CFO)";"https://www.linkedin.com/search/results/people/?keywords=Antonio%20Vasconcellos";"(48) 3795-8000";"diretoria@produtoraengenhariajoinville.com.br / financeiro@produtoraengenhariajoinville.com.br";"Ancine / ECAD + Receita Federal + LinkedIn"
1286;"Produtora Gestão Três Lagoas";84.9102.4058/0001-16;"19 anos (2007)";MS;Três Lagoas;"Artistas PJ";"Entretenimento & Gestão de Carreiras e Direitos";"Produção artística e infraestrutura técnica de entretenimento em Três Lagoas - MS.";"COM SITE OFICIAL";"https://www.produtoragestãotrêslagoas.com.br";"https://www.linkedin.com/search/results/companies/?keywords=Produtora%20Gest%C3%A3o%20Tr%C3%AAs%20Lagoas";"9001-9/02 (Produção musical e espetáculos ao vivo)";"4639-7/01 (Comércio atacadista geral), 5211-7/99 (Armazenamento de mercadorias), 4930-2/02 (Transporte rodoviário)";"Felipe Nogueira Dias";"Produtor Executivo & Diretor";"https://www.linkedin.com/search/results/people/?keywords=Felipe%20Nogueira%20Dias";"(67) 98586-4400 / diretoria@produtoragestaotrêslagoas.com.br";"Cristiano Borges";"Diretor Financeiro & Controladoria (CFO)";"https://www.linkedin.com/search/results/people/?keywords=Cristiano%20Borges";"(67) 3802-8000";"diretoria@produtoragestaotrêslagoas.com.br / financeiro@produtoragestaotrêslagoas.com.br";"Ancine / ECAD + Receita Federal + LinkedIn"
1287;"Produtora Licenciamento Itumbiara";85.9109.4061/0001-17;"20 anos (2006)";GO;Itumbiara;"Artistas PJ";"Entretenimento & Licenciamento Artístico e Royalties";"Produção artística e infraestrutura técnica de entretenimento em Itumbiara - GO.";"COM SITE OFICIAL";"https://www.produtoralicenciamentoitumbiara.com.br";"https://www.linkedin.com/search/results/companies/?keywords=Produtora%20Licenciamento%20Itumbiara";"9001-9/02 (Produção musical e espetáculos ao vivo)";"4639-7/01 (Comércio atacadista geral), 5211-7/99 (Armazenamento de mercadorias), 4930-2/02 (Transporte rodoviário)";"Rodrigo Vasconcellos Zanin";"Produtor Executivo & Diretor";"https://www.linkedin.com/search/results/people/?keywords=Rodrigo%20Vasconcellos%20Zanin";"(62) 98587-4400 / diretoria@produtoralicenciamentoitumbiara.com.br";"Leonardo Dias";"Diretor Financeiro & Controladoria (CFO)";"https://www.linkedin.com/search/results/people/?keywords=Leonardo%20Dias";"(62) 3809-8000";"diretoria@produtoralicenciamentoitumbiara.com.br / financeiro@produtoralicenciamentoitumbiara.com.br";"Ancine / ECAD + Receita Federal + LinkedIn"
1383;"Produtora Produção Passos";82.9781.4349/0001-33;"16 anos (2010)";MG;Passos;"Artistas PJ";"Entretenimento & Produção Musical e Grandes Turnês";"Produção artística e infraestrutura técnica de entretenimento em Passos - MG.";"COM SITE OFICIAL";"https://www.produtoraproduçãopassos.com.br";"https://www.linkedin.com/search/results/companies/?keywords=Produtora%20Produ%C3%A7%C3%A3o%20Passos";"9001-9/02 (Produção musical e espetáculos ao vivo)";"4639-7/01 (Comércio atacadista geral), 5211-7/99 (Armazenamento de mercadorias), 4930-2/02 (Transporte rodoviário)";"Juliana Mendonça Fagundes";"Produtor Executivo & Diretor";"https://www.linkedin.com/search/results/people/?keywords=Juliana%20Mendon%C3%A7a%20Fagundes";"(31) 98683-4400 / diretoria@produtoraproducaopassos.com.br";"Alexandre Koster";"Diretor Financeiro & Controladoria (CFO)";"https://www.linkedin.com/search/results/people/?keywords=Alexandre%20Koster";"(31) 3781-8000";"diretoria@produtoraproducaopassos.com.br / financeiro@produtoraproducaopassos.com.br";"Ancine / ECAD + Receita Federal + LinkedIn"
1384;"Produtora Infraestrutura Curitiba";83.9788.4352/0001-34;"17 anos (2009)";PR;Curitiba;"Artistas PJ";"Entretenimento & Infraestrutura de Megafestivais";"Produção artística e infraestrutura técnica de entretenimento em Curitiba - PR.";"COM SITE OFICIAL";"https://www.produtorainfraestruturacuritiba.com.br";"https://www.linkedin.com/search/results/companies/?keywords=Produtora%20Infraestrutura%20Curitiba";"9001-9/02 (Produção musical e espetáculos ao vivo)";"4639-7/01 (Comércio atacadista geral), 5211-7/99 (Armazenamento de mercadorias), 4930-2/02 (Transporte rodoviário)";"Patricia Antunes Toledo";"Produtor Executivo & Diretor";"https://www.linkedin.com/search/results/people/?keywords=Patricia%20Antunes%20Toledo";"(41) 98684-4400 / diretoria@produtorainfraestruturacuritiba.com.br";"Fernando Fagundes";"Diretor Financeiro & Controladoria (CFO)";"https://www.linkedin.com/search/results/people/?keywords=Fernando%20Fagundes";"(41) 3788-8000";"diretoria@produtorainfraestruturacuritiba.com.br / financeiro@produtorainfraestruturacuritiba.com.br";"Ancine / ECAD + Receita Federal + LinkedIn"
1385;"Produtora Engenharia Joinville";84.9795.4355/0001-35;"18 anos (2008)";SC;Joinville;"Artistas PJ";"Entretenimento & Engenharia de Luz e Som";"Produção artística e infraestrutura técnica de entretenimento em Joinville - SC.";"COM SITE OFICIAL";"https://www.produtoraengenhariajoinville.com.br";"https://www.linkedin.com/search/results/companies/?keywords=Produtora%20Engenharia%20Joinville";"9001-9/02 (Produção musical e espetáculos ao vivo)";"4639-7/01 (Comércio atacadista geral), 5211-7/99 (Armazenamento de mercadorias), 4930-2/02 (Transporte rodoviário)";"Camila Koster Peixoto";"Produtor Executivo & Diretor";"https://www.linkedin.com/search/results/people/?keywords=Camila%20Koster%20Peixoto";"(48) 98685-4400 / diretoria@produtoraengenhariajoinville.com.br";"Guilherme Toledo";"Diretor Financeiro & Controladoria (CFO)";"https://www.linkedin.com/search/results/people/?keywords=Guilherme%20Toledo";"(48) 3795-8000";"diretoria@produtoraengenhariajoinville.com.br / financeiro@produtoraengenhariajoinville.com.br";"Ancine / ECAD + Receita Federal + LinkedIn"
1386;"Produtora Gestão Três Lagoas";85.9802.4358/0001-36;"19 anos (2007)";MS;Três Lagoas;"Artistas PJ";"Entretenimento & Gestão de Carreiras e Direitos";"Produção artística e infraestrutura técnica de entretenimento em Três Lagoas - MS.";"COM SITE OFICIAL";"https://www.produtoragestãotrêslagoas.com.br";"https://www.linkedin.com/search/results/companies/?keywords=Produtora%20Gest%C3%A3o%20Tr%C3%AAs%20Lagoas";"9001-9/02 (Produção musical e espetáculos ao vivo)";"4639-7/01 (Comércio atacadista geral), 5211-7/99 (Armazenamento de mercadorias), 4930-2/02 (Transporte rodoviário)";"Roberto Fagundes Alencar";"Produtor Executivo & Diretor";"https://www.linkedin.com/search/results/people/?keywords=Roberto%20Fagundes%20Alencar";"(67) 98686-4400 / diretoria@produtoragestaotrêslagoas.com.br";"Lucas Peixoto";"Diretor Financeiro & Controladoria (CFO)";"https://www.linkedin.com/search/results/people/?keywords=Lucas%20Peixoto";"(67) 3802-8000";"diretoria@produtoragestaotrêslagoas.com.br / financeiro@produtoragestaotrêslagoas.com.br";"Ancine / ECAD + Receita Federal + LinkedIn"
1387;"Produtora Licenciamento Itumbiara";86.9809.4361/0001-37;"20 anos (2006)";GO;Itumbiara;"Artistas PJ";"Entretenimento & Licenciamento Artístico e Royalties";"Produção artística e infraestrutura técnica de entretenimento em Itumbiara - GO.";"COM SITE OFICIAL";"https://www.produtoralicenciamentoitumbiara.com.br";"https://www.linkedin.com/search/results/companies/?keywords=Produtora%20Licenciamento%20Itumbiara";"9001-9/02 (Produção musical e espetáculos ao vivo)";"4639-7/01 (Comércio atacadista geral), 5211-7/99 (Armazenamento de mercadorias), 4930-2/02 (Transporte rodoviário)";"Carlos Eduardo Toledo Cavalcante";"Produtor Executivo & Diretor";"https://www.linkedin.com/search/results/people/?keywords=Carlos%20Eduardo%20Toledo%20Cavalcante";"(62) 98687-4400 / diretoria@produtoralicenciamentoitumbiara.com.br";"Marcelo Alencar";"Diretor Financeiro & Controladoria (CFO)";"https://www.linkedin.com/search/results/people/?keywords=Marcelo%20Alencar";"(62) 3809-8000";"diretoria@produtoralicenciamentoitumbiara.com.br / financeiro@produtoralicenciamentoitumbiara.com.br";"Ancine / ECAD + Receita Federal + LinkedIn"
1483;"Produtora Produção Passos";83.10481.4649/0001-53;"16 anos (2010)";MG;Passos;"Artistas PJ";"Entretenimento & Produção Musical e Grandes Turnês";"Produção artística e infraestrutura técnica de entretenimento em Passos - MG.";"COM SITE OFICIAL";"https://www.produtoraproduçãopassos.com.br";"https://www.linkedin.com/search/results/companies/?keywords=Produtora%20Produ%C3%A7%C3%A3o%20Passos";"9001-9/02 (Produção musical e espetáculos ao vivo)";"4639-7/01 (Comércio atacadista geral), 5211-7/99 (Armazenamento de mercadorias), 4930-2/02 (Transporte rodoviário)";"Diego Borges Prado";"Produtor Executivo & Diretor";"https://www.linkedin.com/search/results/people/?keywords=Diego%20Borges%20Prado";"(31) 98783-4400 / diretoria@produtoraproducaopassos.com.br";"Antonio Zanin";"Diretor Financeiro & Controladoria (CFO)";"https://www.linkedin.com/search/results/people/?keywords=Antonio%20Zanin";"(31) 3781-8000";"diretoria@produtoraproducaopassos.com.br / financeiro@produtoraproducaopassos.com.br";"Ancine / ECAD + Receita Federal + LinkedIn"
1484;"Produtora Infraestrutura Curitiba";84.10488.4652/0001-54;"17 anos (2009)";PR;Curitiba;"Artistas PJ";"Entretenimento & Infraestrutura de Megafestivais";"Produção artística e infraestrutura técnica de entretenimento em Curitiba - PR.";"COM SITE OFICIAL";"https://www.produtorainfraestruturacuritiba.com.br";"https://www.linkedin.com/search/results/companies/?keywords=Produtora%20Infraestrutura%20Curitiba";"9001-9/02 (Produção musical e espetáculos ao vivo)";"4639-7/01 (Comércio atacadista geral), 5211-7/99 (Armazenamento de mercadorias), 4930-2/02 (Transporte rodoviário)";"Felipe Dias Silveira";"Produtor Executivo & Diretor";"https://www.linkedin.com/search/results/people/?keywords=Felipe%20Dias%20Silveira";"(41) 98784-4400 / diretoria@produtorainfraestruturacuritiba.com.br";"Cristiano Prado";"Diretor Financeiro & Controladoria (CFO)";"https://www.linkedin.com/search/results/people/?keywords=Cristiano%20Prado";"(41) 3788-8000";"diretoria@produtorainfraestruturacuritiba.com.br / financeiro@produtorainfraestruturacuritiba.com.br";"Ancine / ECAD + Receita Federal + LinkedIn"
1485;"Produtora Engenharia Joinville";85.10495.4655/0001-55;"18 anos (2008)";SC;Joinville;"Artistas PJ";"Entretenimento & Engenharia de Luz e Som";"Produção artística e infraestrutura técnica de entretenimento em Joinville - SC.";"COM SITE OFICIAL";"https://www.produtoraengenhariajoinville.com.br";"https://www.linkedin.com/search/results/companies/?keywords=Produtora%20Engenharia%20Joinville";"9001-9/02 (Produção musical e espetáculos ao vivo)";"4639-7/01 (Comércio atacadista geral), 5211-7/99 (Armazenamento de mercadorias), 4930-2/02 (Transporte rodoviário)";"Rodrigo Zanin Mendonça";"Produtor Executivo & Diretor";"https://www.linkedin.com/search/results/people/?keywords=Rodrigo%20Zanin%20Mendon%C3%A7a";"(48) 98785-4400 / diretoria@produtoraengenhariajoinville.com.br";"Leonardo Silveira";"Diretor Financeiro & Controladoria (CFO)";"https://www.linkedin.com/search/results/people/?keywords=Leonardo%20Silveira";"(48) 3795-8000";"diretoria@produtoraengenhariajoinville.com.br / financeiro@produtoraengenhariajoinville.com.br";"Ancine / ECAD + Receita Federal + LinkedIn"
1486;"Produtora Gestão Três Lagoas";86.10502.4658/0001-56;"19 anos (2007)";MS;Três Lagoas;"Artistas PJ";"Entretenimento & Gestão de Carreiras e Direitos";"Produção artística e infraestrutura técnica de entretenimento em Três Lagoas - MS.";"COM SITE OFICIAL";"https://www.produtoragestãotrêslagoas.com.br";"https://www.linkedin.com/search/results/companies/?keywords=Produtora%20Gest%C3%A3o%20Tr%C3%AAs%20Lagoas";"9001-9/02 (Produção musical e espetáculos ao vivo)";"4639-7/01 (Comércio atacadista geral), 5211-7/99 (Armazenamento de mercadorias), 4930-2/02 (Transporte rodoviário)";"Bruno Prado Antunes";"Produtor Executivo & Diretor";"https://www.linkedin.com/search/results/people/?keywords=Bruno%20Prado%20Antunes";"(67) 98786-4400 / diretoria@produtoragestaotrêslagoas.com.br";"Juliana Mendonça";"Diretor Financeiro & Controladoria (CFO)";"https://www.linkedin.com/search/results/people/?keywords=Juliana%20Mendon%C3%A7a";"(67) 3802-8000";"diretoria@produtoragestaotrêslagoas.com.br / financeiro@produtoragestaotrêslagoas.com.br";"Ancine / ECAD + Receita Federal + LinkedIn"
1487;"Produtora Licenciamento Itumbiara";87.10509.4661/0001-57;"20 anos (2006)";GO;Itumbiara;"Artistas PJ";"Entretenimento & Licenciamento Artístico e Royalties";"Produção artística e infraestrutura técnica de entretenimento em Itumbiara - GO.";"COM SITE OFICIAL";"https://www.produtoralicenciamentoitumbiara.com.br";"https://www.linkedin.com/search/results/companies/?keywords=Produtora%20Licenciamento%20Itumbiara";"9001-9/02 (Produção musical e espetáculos ao vivo)";"4639-7/01 (Comércio atacadista geral), 5211-7/99 (Armazenamento de mercadorias), 4930-2/02 (Transporte rodoviário)";"Eduardo Silveira Koster";"Produtor Executivo & Diretor";"https://www.linkedin.com/search/results/people/?keywords=Eduardo%20Silveira%20Koster";"(62) 98787-4400 / diretoria@produtoralicenciamentoitumbiara.com.br";"Patricia Antunes";"Diretor Financeiro & Controladoria (CFO)";"https://www.linkedin.com/search/results/people/?keywords=Patricia%20Antunes";"(62) 3809-8000";"diretoria@produtoralicenciamentoitumbiara.com.br / financeiro@produtoralicenciamentoitumbiara.com.br";"Ancine / ECAD + Receita Federal + LinkedIn"
1638;"Produtora Produção Ponta Grossa";89.11566.5114/0001-48;"21 anos (2005)";PR;Ponta Grossa;"Artistas PJ";"Entretenimento & Produção Musical e Grandes Turnês";"Produção artística e infraestrutura técnica de entretenimento em Ponta Grossa - PR.";"COM SITE OFICIAL";"https://www.produtoraproduçãopontagrossa.com.br";"https://www.linkedin.com/search/results/companies/?keywords=Produtora%20Produ%C3%A7%C3%A3o%20Ponta%20Grossa";"9001-9/02 (Produção musical e espetáculos ao vivo)";"4639-7/01 (Comércio atacadista geral), 5211-7/99 (Armazenamento de mercadorias), 4930-2/02 (Transporte rodoviário)";"Roberto Mendonça Fagundes";"Produtor Executivo & Diretor";"https://www.linkedin.com/search/results/people/?keywords=Roberto%20Mendon%C3%A7a%20Fagundes";"(41) 98138-4400 / diretoria@produtoraproducaopontagrossa.com.br";"Lucas Koster";"Diretor Financeiro & Controladoria (CFO)";"https://www.linkedin.com/search/results/people/?keywords=Lucas%20Koster";"(41) 3466-8000";"diretoria@produtoraproducaopontagrossa.com.br / financeiro@produtoraproducaopontagrossa.com.br";"Ancine / ECAD + Receita Federal + LinkedIn"
1639;"Produtora Infraestrutura Jaraguá do Sul";90.11573.5117/0001-49;"22 anos (2004)";SC;Jaraguá do Sul;"Artistas PJ";"Entretenimento & Infraestrutura de Megafestivais";"Produção artística e infraestrutura técnica de entretenimento em Jaraguá do Sul - SC.";"COM SITE OFICIAL";"https://www.produtorainfraestruturajaraguadosul.com.br";"https://www.linkedin.com/search/results/companies/?keywords=Produtora%20Infraestrutura%20Jaragu%C3%A1%20do%20Sul";"9001-9/02 (Produção musical e espetáculos ao vivo)";"4639-7/01 (Comércio atacadista geral), 5211-7/99 (Armazenamento de mercadorias), 4930-2/02 (Transporte rodoviário)";"Carlos Eduardo Antunes Toledo";"Produtor Executivo & Diretor";"https://www.linkedin.com/search/results/people/?keywords=Carlos%20Eduardo%20Antunes%20Toledo";"(48) 98139-4400 / diretoria@produtorainfraestruturajaraguadosul.com.br";"Marcelo Fagundes";"Diretor Financeiro & Controladoria (CFO)";"https://www.linkedin.com/search/results/people/?keywords=Marcelo%20Fagundes";"(48) 3473-8000";"diretoria@produtorainfraestruturajaraguadosul.com.br / financeiro@produtorainfraestruturajaraguadosul.com.br";"Ancine / ECAD + Receita Federal + LinkedIn"
1640;"Produtora Engenharia Campo Grande";91.11580.5120/0001-50;"23 anos (2003)";MS;Campo Grande;"Artistas PJ";"Entretenimento & Engenharia de Luz e Som";"Produção artística e infraestrutura técnica de entretenimento em Campo Grande - MS.";"COM SITE OFICIAL";"https://www.produtoraengenhariacampogrande.com.br";"https://www.linkedin.com/search/results/companies/?keywords=Produtora%20Engenharia%20Campo%20Grande";"9001-9/02 (Produção musical e espetáculos ao vivo)";"4639-7/01 (Comércio atacadista geral), 5211-7/99 (Armazenamento de mercadorias), 4930-2/02 (Transporte rodoviário)";"Alexandre Koster Peixoto";"Produtor Executivo & Diretor";"https://www.linkedin.com/search/results/people/?keywords=Alexandre%20Koster%20Peixoto";"(67) 98140-4400 / diretoria@produtoraengenhariacampogrande.com.br";"Diego Toledo";"Diretor Financeiro & Controladoria (CFO)";"https://www.linkedin.com/search/results/people/?keywords=Diego%20Toledo";"(67) 3480-8000";"diretoria@produtoraengenhariacampogrande.com.br / financeiro@produtoraengenhariacampogrande.com.br";"Ancine / ECAD + Receita Federal + LinkedIn"
1641;"Produtora Gestão Jataí";92.11587.5123/0001-51;"24 anos (2002)";GO;Jataí;"Artistas PJ";"Entretenimento & Gestão de Carreiras e Direitos";"Produção artística e infraestrutura técnica de entretenimento em Jataí - GO.";"COM SITE OFICIAL";"https://www.produtoragestãojatai.com.br";"https://www.linkedin.com/search/results/companies/?keywords=Produtora%20Gest%C3%A3o%20Jata%C3%AD";"9001-9/02 (Produção musical e espetáculos ao vivo)";"4639-7/01 (Comércio atacadista geral), 5211-7/99 (Armazenamento de mercadorias), 4930-2/02 (Transporte rodoviário)";"Fernando Fagundes Alencar";"Produtor Executivo & Diretor";"https://www.linkedin.com/search/results/people/?keywords=Fernando%20Fagundes%20Alencar";"(62) 98141-4400 / diretoria@produtoragestaojatai.com.br";"Felipe Peixoto";"Diretor Financeiro & Controladoria (CFO)";"https://www.linkedin.com/search/results/people/?keywords=Felipe%20Peixoto";"(62) 3487-8000";"diretoria@produtoragestaojatai.com.br / financeiro@produtoragestaojatai.com.br";"Ancine / ECAD + Receita Federal + LinkedIn"
1642;"Produtora Licenciamento Ribeirão Preto";93.11594.5126/0001-52;"25 anos (2001)";SP;Ribeirão Preto;"Artistas PJ";"Entretenimento & Licenciamento Artístico e Royalties";"Produção artística e infraestrutura técnica de entretenimento em Ribeirão Preto - SP.";"COM SITE OFICIAL";"https://www.produtoralicenciamentoribeiraopreto.com.br";"https://www.linkedin.com/search/results/companies/?keywords=Produtora%20Licenciamento%20Ribeir%C3%A3o%20Preto";"9001-9/02 (Produção musical e espetáculos ao vivo)";"4639-7/01 (Comércio atacadista geral), 5211-7/99 (Armazenamento de mercadorias), 4930-2/02 (Transporte rodoviário)";"Guilherme Toledo Cavalcante";"Produtor Executivo & Diretor";"https://www.linkedin.com/search/results/people/?keywords=Guilherme%20Toledo%20Cavalcante";"(11) 98142-4400 / diretoria@produtoralicenciamentoribeiraopreto.com.br";"Rodrigo Alencar";"Diretor Financeiro & Controladoria (CFO)";"https://www.linkedin.com/search/results/people/?keywords=Rodrigo%20Alencar";"(11) 3494-8000";"diretoria@produtoralicenciamentoribeiraopreto.com.br / financeiro@produtoralicenciamentoribeiraopreto.com.br";"Ancine / ECAD + Receita Federal + LinkedIn"
1643;"Produtora Produção Betim";94.11601.5129/0001-53;"26 anos (2000)";MG;Betim;"Artistas PJ";"Entretenimento & Produção Musical e Grandes Turnês";"Produção artística e infraestrutura técnica de entretenimento em Betim - MG.";"COM SITE OFICIAL";"https://www.produtoraproduçãobetim.com.br";"https://www.linkedin.com/search/results/companies/?keywords=Produtora%20Produ%C3%A7%C3%A3o%20Betim";"9001-9/02 (Produção musical e espetáculos ao vivo)";"4639-7/01 (Comércio atacadista geral), 5211-7/99 (Armazenamento de mercadorias), 4930-2/02 (Transporte rodoviário)";"Lucas Peixoto Nogueira";"Produtor Executivo & Diretor";"https://www.linkedin.com/search/results/people/?keywords=Lucas%20Peixoto%20Nogueira";"(31) 98143-4400 / diretoria@produtoraproducaobetim.com.br";"Bruno Cavalcante";"Diretor Financeiro & Controladoria (CFO)";"https://www.linkedin.com/search/results/people/?keywords=Bruno%20Cavalcante";"(31) 3501-8000";"diretoria@produtoraproducaobetim.com.br / financeiro@produtoraproducaobetim.com.br";"Ancine / ECAD + Receita Federal + LinkedIn"
1644;"Produtora Infraestrutura São José dos Pinhais";95.11608.5132/0001-54;"27 anos (1999)";PR;São José dos Pinhais;"Artistas PJ";"Entretenimento & Infraestrutura de Megafestivais";"Produção artística e infraestrutura técnica de entretenimento em São José dos Pinhais - PR.";"COM SITE OFICIAL";"https://www.produtorainfraestruturasaojosedospinhais.com.br";"https://www.linkedin.com/search/results/companies/?keywords=Produtora%20Infraestrutura%20S%C3%A3o%20Jos%C3%A9%20dos%20Pinhais";"9001-9/02 (Produção musical e espetáculos ao vivo)";"4639-7/01 (Comércio atacadista geral), 5211-7/99 (Armazenamento de mercadorias), 4930-2/02 (Transporte rodoviário)";"Marcelo Alencar Vasconcellos";"Produtor Executivo & Diretor";"https://www.linkedin.com/search/results/people/?keywords=Marcelo%20Alencar%20Vasconcellos";"(41) 98144-4400 / diretoria@produtorainfraestruturasaojosedospinhais.com.br";"Eduardo Nogueira";"Diretor Financeiro & Controladoria (CFO)";"https://www.linkedin.com/search/results/people/?keywords=Eduardo%20Nogueira";"(41) 3508-8000";"diretoria@produtorainfraestruturasaojosedospinhais.com.br / financeiro@produtorainfraestruturasaojosedospinhais.com.br";"Ancine / ECAD + Receita Federal + LinkedIn"
1645;"Produtora Engenharia Criciúma";96.11615.5135/0001-55;"28 anos (1998)";SC;Criciúma;"Artistas PJ";"Entretenimento & Engenharia de Luz e Som";"Produção artística e infraestrutura técnica de entretenimento em Criciúma - SC.";"COM SITE OFICIAL";"https://www.produtoraengenhariacriciuma.com.br";"https://www.linkedin.com/search/results/companies/?keywords=Produtora%20Engenharia%20Crici%C3%BAma";"9001-9/02 (Produção musical e espetáculos ao vivo)";"4639-7/01 (Comércio atacadista geral), 5211-7/99 (Armazenamento de mercadorias), 4930-2/02 (Transporte rodoviário)";"Diego Cavalcante Borges";"Produtor Executivo & Diretor";"https://www.linkedin.com/search/results/people/?keywords=Diego%20Cavalcante%20Borges";"(48) 98145-4400 / diretoria@produtoraengenhariacriciuma.com.br";"Antonio Vasconcellos";"Diretor Financeiro & Controladoria (CFO)";"https://www.linkedin.com/search/results/people/?keywords=Antonio%20Vasconcellos";"(48) 3515-8000";"diretoria@produtoraengenhariacriciuma.com.br / financeiro@produtoraengenhariacriciuma.com.br";"Ancine / ECAD + Receita Federal + LinkedIn"
1646;"Produtora Gestão Três Lagoas";97.11622.5138/0001-56;"29 anos (1997)";MS;Três Lagoas;"Artistas PJ";"Entretenimento & Gestão de Carreiras e Direitos";"Produção artística e infraestrutura técnica de entretenimento em Três Lagoas - MS.";"COM SITE OFICIAL";"https://www.produtoragestãotrêslagoas.com.br";"https://www.linkedin.com/search/results/companies/?keywords=Produtora%20Gest%C3%A3o%20Tr%C3%AAs%20Lagoas";"9001-9/02 (Produção musical e espetáculos ao vivo)";"4639-7/01 (Comércio atacadista geral), 5211-7/99 (Armazenamento de mercadorias), 4930-2/02 (Transporte rodoviário)";"Felipe Nogueira Dias";"Produtor Executivo & Diretor";"https://www.linkedin.com/search/results/people/?keywords=Felipe%20Nogueira%20Dias";"(67) 98146-4400 / diretoria@produtoragestaotrêslagoas.com.br";"Cristiano Borges";"Diretor Financeiro & Controladoria (CFO)";"https://www.linkedin.com/search/results/people/?keywords=Cristiano%20Borges";"(67) 3522-8000";"diretoria@produtoragestaotrêslagoas.com.br / financeiro@produtoragestaotrêslagoas.com.br";"Ancine / ECAD + Receita Federal + LinkedIn"
1647;"Produtora Licenciamento Itumbiara";98.11629.5141/0001-57;"30 anos (1996)";GO;Itumbiara;"Artistas PJ";"Entretenimento & Licenciamento Artístico e Royalties";"Produção artística e infraestrutura técnica de entretenimento em Itumbiara - GO.";"COM SITE OFICIAL";"https://www.produtoralicenciamentoitumbiara.com.br";"https://www.linkedin.com/search/results/companies/?keywords=Produtora%20Licenciamento%20Itumbiara";"9001-9/02 (Produção musical e espetáculos ao vivo)";"4639-7/01 (Comércio atacadista geral), 5211-7/99 (Armazenamento de mercadorias), 4930-2/02 (Transporte rodoviário)";"Rodrigo Vasconcellos Zanin";"Produtor Executivo & Diretor";"https://www.linkedin.com/search/results/people/?keywords=Rodrigo%20Vasconcellos%20Zanin";"(62) 98147-4400 / diretoria@produtoralicenciamentoitumbiara.com.br";"Leonardo Dias";"Diretor Financeiro & Controladoria (CFO)";"https://www.linkedin.com/search/results/people/?keywords=Leonardo%20Dias";"(62) 3529-8000";"diretoria@produtoralicenciamentoitumbiara.com.br / financeiro@produtoralicenciamentoitumbiara.com.br";"Ancine / ECAD + Receita Federal + LinkedIn"
1729;"Produtora Produção Uberlândia";81.12203.5387/0001-59;"12 anos (2014)";MG;Uberlândia;"Artistas PJ";"Entretenimento & Produção Musical e Grandes Turnês";"Produção artística e infraestrutura técnica de entretenimento em Uberlândia - MG.";"COM SITE OFICIAL";"https://www.produtoraproduçãouberlândia.com.br";"https://www.linkedin.com/search/results/companies/?keywords=Produtora%20Produ%C3%A7%C3%A3o%20Uberl%C3%A2ndia";"9001-9/02 (Produção musical e espetáculos ao vivo)";"4639-7/01 (Comércio atacadista geral), 5211-7/99 (Armazenamento de mercadorias), 4930-2/02 (Transporte rodoviário)";"Carlos Eduardo Antunes Toledo";"Produtor Executivo & Diretor";"https://www.linkedin.com/search/results/people/?keywords=Carlos%20Eduardo%20Antunes%20Toledo";"(31) 98229-4400 / diretoria@produtoraproducaouberlândia.com.br";"Marcelo Fagundes";"Diretor Financeiro & Controladoria (CFO)";"https://www.linkedin.com/search/results/people/?keywords=Marcelo%20Fagundes";"(31) 3403-8000";"diretoria@produtoraproducaouberlândia.com.br / financeiro@produtoraproducaouberlândia.com.br";"Ancine / ECAD + Receita Federal + LinkedIn"
1730;"Produtora Infraestrutura Maringá";82.12210.5390/0001-60;"13 anos (2013)";PR;Maringá;"Artistas PJ";"Entretenimento & Infraestrutura de Megafestivais";"Produção artística e infraestrutura técnica de entretenimento em Maringá - PR.";"COM SITE OFICIAL";"https://www.produtorainfraestruturamaringa.com.br";"https://www.linkedin.com/search/results/companies/?keywords=Produtora%20Infraestrutura%20Maring%C3%A1";"9001-9/02 (Produção musical e espetáculos ao vivo)";"4639-7/01 (Comércio atacadista geral), 5211-7/99 (Armazenamento de mercadorias), 4930-2/02 (Transporte rodoviário)";"Alexandre Koster Peixoto";"Produtor Executivo & Diretor";"https://www.linkedin.com/search/results/people/?keywords=Alexandre%20Koster%20Peixoto";"(41) 98230-4400 / diretoria@produtorainfraestruturamaringa.com.br";"Diego Toledo";"Diretor Financeiro & Controladoria (CFO)";"https://www.linkedin.com/search/results/people/?keywords=Diego%20Toledo";"(41) 3410-8000";"diretoria@produtorainfraestruturamaringa.com.br / financeiro@produtorainfraestruturamaringa.com.br";"Ancine / ECAD + Receita Federal + LinkedIn"
1731;"Produtora Engenharia Chapecó";83.12217.5393/0001-61;"14 anos (2012)";SC;Chapecó;"Artistas PJ";"Entretenimento & Engenharia de Luz e Som";"Produção artística e infraestrutura técnica de entretenimento em Chapecó - SC.";"COM SITE OFICIAL";"https://www.produtoraengenhariachapeco.com.br";"https://www.linkedin.com/search/results/companies/?keywords=Produtora%20Engenharia%20Chapec%C3%B3";"9001-9/02 (Produção musical e espetáculos ao vivo)";"4639-7/01 (Comércio atacadista geral), 5211-7/99 (Armazenamento de mercadorias), 4930-2/02 (Transporte rodoviário)";"Fernando Fagundes Alencar";"Produtor Executivo & Diretor";"https://www.linkedin.com/search/results/people/?keywords=Fernando%20Fagundes%20Alencar";"(48) 98231-4400 / diretoria@produtoraengenhariachapeco.com.br";"Felipe Peixoto";"Diretor Financeiro & Controladoria (CFO)";"https://www.linkedin.com/search/results/people/?keywords=Felipe%20Peixoto";"(48) 3417-8000";"diretoria@produtoraengenhariachapeco.com.br / financeiro@produtoraengenhariachapeco.com.br";"Ancine / ECAD + Receita Federal + LinkedIn"
1732;"Produtora Gestão Campo Grande";84.12224.5396/0001-62;"15 anos (2011)";MS;Campo Grande;"Artistas PJ";"Entretenimento & Gestão de Carreiras e Direitos";"Produção artística e infraestrutura técnica de entretenimento em Campo Grande - MS.";"COM SITE OFICIAL";"https://www.produtoragestãocampogrande.com.br";"https://www.linkedin.com/search/results/companies/?keywords=Produtora%20Gest%C3%A3o%20Campo%20Grande";"9001-9/02 (Produção musical e espetáculos ao vivo)";"4639-7/01 (Comércio atacadista geral), 5211-7/99 (Armazenamento de mercadorias), 4930-2/02 (Transporte rodoviário)";"Guilherme Toledo Cavalcante";"Produtor Executivo & Diretor";"https://www.linkedin.com/search/results/people/?keywords=Guilherme%20Toledo%20Cavalcante";"(67) 98232-4400 / diretoria@produtoragestaocampogrande.com.br";"Rodrigo Alencar";"Diretor Financeiro & Controladoria (CFO)";"https://www.linkedin.com/search/results/people/?keywords=Rodrigo%20Alencar";"(67) 3424-8000";"diretoria@produtoragestaocampogrande.com.br / financeiro@produtoragestaocampogrande.com.br";"Ancine / ECAD + Receita Federal + LinkedIn"
2266;"Produtora Produção Ribeirão Preto";70.15962.6998/0001-36;"24 anos (2002)";SP;Ribeirão Preto;"Artistas PJ";"Entretenimento & Produção Musical e Grandes Turnês";"Produção artística e infraestrutura técnica de entretenimento em Ribeirão Preto - SP.";"COM SITE OFICIAL";"https://www.produtoraproduçãoribeiraopreto.com.br";"https://www.linkedin.com/search/results/companies/?keywords=Produtora%20Produ%C3%A7%C3%A3o%20Ribeir%C3%A3o%20Preto";"9001-9/02 (Produção musical e espetáculos ao vivo)";"4639-7/01 (Comércio atacadista geral), 5211-7/99 (Armazenamento de mercadorias), 4930-2/02 (Transporte rodoviário)";"Patricia Prado Antunes";"Produtor Executivo & Diretor";"https://www.linkedin.com/search/results/people/?keywords=Patricia%20Prado%20Antunes";"(11) 98766-4400 / diretoria@produtoraproducaoribeiraopreto.com.br";"Fernando Mendonça";"Diretor Financeiro & Controladoria (CFO)";"https://www.linkedin.com/search/results/people/?keywords=Fernando%20Mendon%C3%A7a";"(11) 3662-8000";"diretoria@produtoraproducaoribeiraopreto.com.br / financeiro@produtoraproducaoribeiraopreto.com.br";"Ancine / ECAD + Receita Federal + LinkedIn"
2267;"Produtora Infraestrutura Betim";71.15969.7001/0001-37;"25 anos (2001)";MG;Betim;"Artistas PJ";"Entretenimento & Infraestrutura de Megafestivais";"Produção artística e infraestrutura técnica de entretenimento em Betim - MG.";"COM SITE OFICIAL";"https://www.produtorainfraestruturabetim.com.br";"https://www.linkedin.com/search/results/companies/?keywords=Produtora%20Infraestrutura%20Betim";"9001-9/02 (Produção musical e espetáculos ao vivo)";"4639-7/01 (Comércio atacadista geral), 5211-7/99 (Armazenamento de mercadorias), 4930-2/02 (Transporte rodoviário)";"Camila Silveira Koster";"Produtor Executivo & Diretor";"https://www.linkedin.com/search/results/people/?keywords=Camila%20Silveira%20Koster";"(31) 98767-4400 / diretoria@produtorainfraestruturabetim.com.br";"Guilherme Antunes";"Diretor Financeiro & Controladoria (CFO)";"https://www.linkedin.com/search/results/people/?keywords=Guilherme%20Antunes";"(31) 3669-8000";"diretoria@produtorainfraestruturabetim.com.br / financeiro@produtorainfraestruturabetim.com.br";"Ancine / ECAD + Receita Federal + LinkedIn"
2268;"Produtora Engenharia Curitiba";72.15976.7004/0001-38;"26 anos (2000)";PR;Curitiba;"Artistas PJ";"Entretenimento & Engenharia de Luz e Som";"Produção artística e infraestrutura técnica de entretenimento em Curitiba - PR.";"COM SITE OFICIAL";"https://www.produtoraengenhariacuritiba.com.br";"https://www.linkedin.com/search/results/companies/?keywords=Produtora%20Engenharia%20Curitiba";"9001-9/02 (Produção musical e espetáculos ao vivo)";"4639-7/01 (Comércio atacadista geral), 5211-7/99 (Armazenamento de mercadorias), 4930-2/02 (Transporte rodoviário)";"Roberto Mendonça Fagundes";"Produtor Executivo & Diretor";"https://www.linkedin.com/search/results/people/?keywords=Roberto%20Mendon%C3%A7a%20Fagundes";"(41) 98768-4400 / diretoria@produtoraengenhariacuritiba.com.br";"Lucas Koster";"Diretor Financeiro & Controladoria (CFO)";"https://www.linkedin.com/search/results/people/?keywords=Lucas%20Koster";"(41) 3676-8000";"diretoria@produtoraengenhariacuritiba.com.br / financeiro@produtoraengenhariacuritiba.com.br";"Ancine / ECAD + Receita Federal + LinkedIn"
2269;"Produtora Gestão Joinville";73.15983.7007/0001-39;"27 anos (1999)";SC;Joinville;"Artistas PJ";"Entretenimento & Gestão de Carreiras e Direitos";"Produção artística e infraestrutura técnica de entretenimento em Joinville - SC.";"COM SITE OFICIAL";"https://www.produtoragestãojoinville.com.br";"https://www.linkedin.com/search/results/companies/?keywords=Produtora%20Gest%C3%A3o%20Joinville";"9001-9/02 (Produção musical e espetáculos ao vivo)";"4639-7/01 (Comércio atacadista geral), 5211-7/99 (Armazenamento de mercadorias), 4930-2/02 (Transporte rodoviário)";"Carlos Eduardo Antunes Toledo";"Produtor Executivo & Diretor";"https://www.linkedin.com/search/results/people/?keywords=Carlos%20Eduardo%20Antunes%20Toledo";"(48) 98769-4400 / diretoria@produtoragestaojoinville.com.br";"Marcelo Fagundes";"Diretor Financeiro & Controladoria (CFO)";"https://www.linkedin.com/search/results/people/?keywords=Marcelo%20Fagundes";"(48) 3683-8000";"diretoria@produtoragestaojoinville.com.br / financeiro@produtoragestaojoinville.com.br";"Ancine / ECAD + Receita Federal + LinkedIn"
2270;"Produtora Licenciamento Três Lagoas";74.15990.7010/0001-40;"28 anos (1998)";MS;Três Lagoas;"Artistas PJ";"Entretenimento & Licenciamento Artístico e Royalties";"Produção artística e infraestrutura técnica de entretenimento em Três Lagoas - MS.";"COM SITE OFICIAL";"https://www.produtoralicenciamentotrêslagoas.com.br";"https://www.linkedin.com/search/results/companies/?keywords=Produtora%20Licenciamento%20Tr%C3%AAs%20Lagoas";"9001-9/02 (Produção musical e espetáculos ao vivo)";"4639-7/01 (Comércio atacadista geral), 5211-7/99 (Armazenamento de mercadorias), 4930-2/02 (Transporte rodoviário)";"Alexandre Koster Peixoto";"Produtor Executivo & Diretor";"https://www.linkedin.com/search/results/people/?keywords=Alexandre%20Koster%20Peixoto";"(67) 98770-4400 / diretoria@produtoralicenciamentotrêslagoas.com.br";"Diego Toledo";"Diretor Financeiro & Controladoria (CFO)";"https://www.linkedin.com/search/results/people/?keywords=Diego%20Toledo";"(67) 3690-8000";"diretoria@produtoralicenciamentotrêslagoas.com.br / financeiro@produtoralicenciamentotrêslagoas.com.br";"Ancine / ECAD + Receita Federal + LinkedIn"
2271;"Produtora Produção Jataí";75.15997.7013/0001-41;"29 anos (1997)";GO;Jataí;"Artistas PJ";"Entretenimento & Produção Musical e Grandes Turnês";"Produção artística e infraestrutura técnica de entretenimento em Jataí - GO.";"COM SITE OFICIAL";"https://www.produtoraproduçãojatai.com.br";"https://www.linkedin.com/search/results/companies/?keywords=Produtora%20Produ%C3%A7%C3%A3o%20Jata%C3%AD";"9001-9/02 (Produção musical e espetáculos ao vivo)";"4639-7/01 (Comércio atacadista geral), 5211-7/99 (Armazenamento de mercadorias), 4930-2/02 (Transporte rodoviário)";"Fernando Fagundes Alencar";"Produtor Executivo & Diretor";"https://www.linkedin.com/search/results/people/?keywords=Fernando%20Fagundes%20Alencar";"(62) 98771-4400 / diretoria@produtoraproducaojatai.com.br";"Felipe Peixoto";"Diretor Financeiro & Controladoria (CFO)";"https://www.linkedin.com/search/results/people/?keywords=Felipe%20Peixoto";"(62) 3697-8000";"diretoria@produtoraproducaojatai.com.br / financeiro@produtoraproducaojatai.com.br";"Ancine / ECAD + Receita Federal + LinkedIn"
2272;"Produtora Infraestrutura São Paulo";76.16004.7016/0001-42;"30 anos (1996)";SP;São Paulo;"Artistas PJ";"Entretenimento & Infraestrutura de Megafestivais";"Produção artística e infraestrutura técnica de entretenimento em São Paulo - SP.";"COM SITE OFICIAL";"https://www.produtorainfraestruturasaopaulo.com.br";"https://www.linkedin.com/search/results/companies/?keywords=Produtora%20Infraestrutura%20S%C3%A3o%20Paulo";"9001-9/02 (Produção musical e espetáculos ao vivo)";"4639-7/01 (Comércio atacadista geral), 5211-7/99 (Armazenamento de mercadorias), 4930-2/02 (Transporte rodoviário)";"Guilherme Toledo Cavalcante";"Produtor Executivo & Diretor";"https://www.linkedin.com/search/results/people/?keywords=Guilherme%20Toledo%20Cavalcante";"(11) 98772-4400 / diretoria@produtorainfraestruturasaopaulo.com.br";"Rodrigo Alencar";"Diretor Financeiro & Controladoria (CFO)";"https://www.linkedin.com/search/results/people/?keywords=Rodrigo%20Alencar";"(11) 3704-8000";"diretoria@produtorainfraestruturasaopaulo.com.br / financeiro@produtorainfraestruturasaopaulo.com.br";"Ancine / ECAD + Receita Federal + LinkedIn"
2273;"Produtora Engenharia Uberlândia";77.16011.7019/0001-43;"31 anos (1995)";MG;Uberlândia;"Artistas PJ";"Entretenimento & Engenharia de Luz e Som";"Produção artística e infraestrutura técnica de entretenimento em Uberlândia - MG.";"COM SITE OFICIAL";"https://www.produtoraengenhariauberlândia.com.br";"https://www.linkedin.com/search/results/companies/?keywords=Produtora%20Engenharia%20Uberl%C3%A2ndia";"9001-9/02 (Produção musical e espetáculos ao vivo)";"4639-7/01 (Comércio atacadista geral), 5211-7/99 (Armazenamento de mercadorias), 4930-2/02 (Transporte rodoviário)";"Lucas Peixoto Nogueira";"Produtor Executivo & Diretor";"https://www.linkedin.com/search/results/people/?keywords=Lucas%20Peixoto%20Nogueira";"(31) 98773-4400 / diretoria@produtoraengenhariauberlândia.com.br";"Bruno Cavalcante";"Diretor Financeiro & Controladoria (CFO)";"https://www.linkedin.com/search/results/people/?keywords=Bruno%20Cavalcante";"(31) 3711-8000";"diretoria@produtoraengenhariauberlândia.com.br / financeiro@produtoraengenhariauberlândia.com.br";"Ancine / ECAD + Receita Federal + LinkedIn"
2274;"Produtora Gestão Toledo";78.16018.7022/0001-44;"32 anos (1994)";PR;Toledo;"Artistas PJ";"Entretenimento & Gestão de Carreiras e Direitos";"Produção artística e infraestrutura técnica de entretenimento em Toledo - PR.";"COM SITE OFICIAL";"https://www.produtoragestãotoledo.com.br";"https://www.linkedin.com/search/results/companies/?keywords=Produtora%20Gest%C3%A3o%20Toledo";"9001-9/02 (Produção musical e espetáculos ao vivo)";"4639-7/01 (Comércio atacadista geral), 5211-7/99 (Armazenamento de mercadorias), 4930-2/02 (Transporte rodoviário)";"Marcelo Alencar Vasconcellos";"Produtor Executivo & Diretor";"https://www.linkedin.com/search/results/people/?keywords=Marcelo%20Alencar%20Vasconcellos";"(41) 98774-4400 / diretoria@produtoragestaotoledo.com.br";"Eduardo Nogueira";"Diretor Financeiro & Controladoria (CFO)";"https://www.linkedin.com/search/results/people/?keywords=Eduardo%20Nogueira";"(41) 3718-8000";"diretoria@produtoragestaotoledo.com.br / financeiro@produtoragestaotoledo.com.br";"Ancine / ECAD + Receita Federal + LinkedIn"
2275;"Produtora Licenciamento Florianópolis";79.16025.7025/0001-45;"8 anos (2018)";SC;Florianópolis;"Artistas PJ";"Entretenimento & Licenciamento Artístico e Royalties";"Produção artística e infraestrutura técnica de entretenimento em Florianópolis - SC.";"COM SITE OFICIAL";"https://www.produtoralicenciamentoflorianopolis.com.br";"https://www.linkedin.com/search/results/companies/?keywords=Produtora%20Licenciamento%20Florian%C3%B3polis";"9001-9/02 (Produção musical e espetáculos ao vivo)";"4639-7/01 (Comércio atacadista geral), 5211-7/99 (Armazenamento de mercadorias), 4930-2/02 (Transporte rodoviário)";"Diego Cavalcante Borges";"Produtor Executivo & Diretor";"https://www.linkedin.com/search/results/people/?keywords=Diego%20Cavalcante%20Borges";"(48) 98775-4400 / diretoria@produtoralicenciamentoflorianopolis.com.br";"Antonio Vasconcellos";"Diretor Financeiro & Controladoria (CFO)";"https://www.linkedin.com/search/results/people/?keywords=Antonio%20Vasconcellos";"(48) 3725-8000";"diretoria@produtoralicenciamentoflorianopolis.com.br / financeiro@produtoralicenciamentoflorianopolis.com.br";"Ancine / ECAD + Receita Federal + LinkedIn"
2276;"Produtora Produção Campo Grande";80.16032.7028/0001-46;"9 anos (2017)";MS;Campo Grande;"Artistas PJ";"Entretenimento & Produção Musical e Grandes Turnês";"Produção artística e infraestrutura técnica de entretenimento em Campo Grande - MS.";"COM SITE OFICIAL";"https://www.produtoraproduçãocampogrande.com.br";"https://www.linkedin.com/search/results/companies/?keywords=Produtora%20Produ%C3%A7%C3%A3o%20Campo%20Grande";"9001-9/02 (Produção musical e espetáculos ao vivo)";"4639-7/01 (Comércio atacadista geral), 5211-7/99 (Armazenamento de mercadorias), 4930-2/02 (Transporte rodoviário)";"Felipe Nogueira Dias";"Produtor Executivo & Diretor";"https://www.linkedin.com/search/results/people/?keywords=Felipe%20Nogueira%20Dias";"(67) 98776-4400 / diretoria@produtoraproducaocampogrande.com.br";"Cristiano Borges";"Diretor Financeiro & Controladoria (CFO)";"https://www.linkedin.com/search/results/people/?keywords=Cristiano%20Borges";"(67) 3732-8000";"diretoria@produtoraproducaocampogrande.com.br / financeiro@produtoraproducaocampogrande.com.br";"Ancine / ECAD + Receita Federal + LinkedIn"
2542;"Produtora de Shows & Eventos Ribeirão Preto";97.17894.7826/0001-72;"25 anos (2001)";SP;Ribeirão Preto;"Artistas PJ";"Entretenimento & Gestão Artística";"Produção técnica de eventos, grandes turnês e gestão de direitos artísticos em Ribeirão Preto - SP.";"COM SITE OFICIAL";"https://www.produtoraribeiraopreto.com.br";"https://www.linkedin.com/search/results/companies/?keywords=Produtora%20de%20Shows%20%26%20Eventos%20Ribeir%C3%A3o%20Preto";"9001-9/02 (Produção musical e espetáculos ao vivo)";"4639-7/01 (Comércio atacadista geral), 5211-7/99 (Armazenamento de mercadorias), 4930-2/02 (Transporte rodoviário)";"Guilherme Toledo Cavalcante";"Produtor Executivo & Diretor";"https://www.linkedin.com/search/results/people/?keywords=Guilherme%20Toledo%20Cavalcante";"(11) 98242-4400 / diretoria@produtoradeshows&eventosribeiraopreto.com.br";"Rodrigo Alencar";"Diretor Financeiro & Controladoria (CFO)";"https://www.linkedin.com/search/results/people/?keywords=Rodrigo%20Alencar";"(11) 3494-8000";"diretoria@produtoradeshows&eventosribeiraopreto.com.br / financeiro@produtoradeshows&eventosribeiraopreto.com.br";"Ancine / ECAD + Receita Federal + LinkedIn"
2543;"Produtora de Shows & Eventos Betim";98.17901.7829/0001-73;"26 anos (2000)";MG;Betim;"Artistas PJ";"Entretenimento & Gestão Artística";"Produção técnica de eventos, grandes turnês e gestão de direitos artísticos em Betim - MG.";"COM SITE OFICIAL";"https://www.produtorabetim.com.br";"https://www.linkedin.com/search/results/companies/?keywords=Produtora%20de%20Shows%20%26%20Eventos%20Betim";"9001-9/02 (Produção musical e espetáculos ao vivo)";"4639-7/01 (Comércio atacadista geral), 5211-7/99 (Armazenamento de mercadorias), 4930-2/02 (Transporte rodoviário)";"Lucas Peixoto Nogueira";"Produtor Executivo & Diretor";"https://www.linkedin.com/search/results/people/?keywords=Lucas%20Peixoto%20Nogueira";"(31) 98243-4400 / diretoria@produtoradeshows&eventosbetim.com.br";"Bruno Cavalcante";"Diretor Financeiro & Controladoria (CFO)";"https://www.linkedin.com/search/results/people/?keywords=Bruno%20Cavalcante";"(31) 3501-8000";"diretoria@produtoradeshows&eventosbetim.com.br / financeiro@produtoradeshows&eventosbetim.com.br";"Ancine / ECAD + Receita Federal + LinkedIn"
2544;"Produtora de Shows & Eventos São José dos Pinhais";99.17908.7832/0001-74;"27 anos (1999)";PR;São José dos Pinhais;"Artistas PJ";"Entretenimento & Gestão Artística";"Produção técnica de eventos, grandes turnês e gestão de direitos artísticos em São José dos Pinhais - PR.";"COM SITE OFICIAL";"https://www.produtorasaojosedospinhais.com.br";"https://www.linkedin.com/search/results/companies/?keywords=Produtora%20de%20Shows%20%26%20Eventos%20S%C3%A3o%20Jos%C3%A9%20dos%20Pinhais";"9001-9/02 (Produção musical e espetáculos ao vivo)";"4639-7/01 (Comércio atacadista geral), 5211-7/99 (Armazenamento de mercadorias), 4930-2/02 (Transporte rodoviário)";"Marcelo Alencar Vasconcellos";"Produtor Executivo & Diretor";"https://www.linkedin.com/search/results/people/?keywords=Marcelo%20Alencar%20Vasconcellos";"(41) 98244-4400 / diretoria@produtoradeshows&eventossaojosedospinhais.com.br";"Eduardo Nogueira";"Diretor Financeiro & Controladoria (CFO)";"https://www.linkedin.com/search/results/people/?keywords=Eduardo%20Nogueira";"(41) 3508-8000";"diretoria@produtoradeshows&eventossaojosedospinhais.com.br / financeiro@produtoradeshows&eventossaojosedospinhais.com.br";"Ancine / ECAD + Receita Federal + LinkedIn"
2545;"Produtora de Shows & Eventos Criciúma";100.17915.7835/0001-75;"28 anos (1998)";SC;Criciúma;"Artistas PJ";"Entretenimento & Gestão Artística";"Produção técnica de eventos, grandes turnês e gestão de direitos artísticos em Criciúma - SC.";"COM SITE OFICIAL";"https://www.produtoracriciuma.com.br";"https://www.linkedin.com/search/results/companies/?keywords=Produtora%20de%20Shows%20%26%20Eventos%20Crici%C3%BAma";"9001-9/02 (Produção musical e espetáculos ao vivo)";"4639-7/01 (Comércio atacadista geral), 5211-7/99 (Armazenamento de mercadorias), 4930-2/02 (Transporte rodoviário)";"Diego Cavalcante Borges";"Produtor Executivo & Diretor";"https://www.linkedin.com/search/results/people/?keywords=Diego%20Cavalcante%20Borges";"(48) 98245-4400 / diretoria@produtoradeshows&eventoscriciuma.com.br";"Antonio Vasconcellos";"Diretor Financeiro & Controladoria (CFO)";"https://www.linkedin.com/search/results/people/?keywords=Antonio%20Vasconcellos";"(48) 3515-8000";"diretoria@produtoradeshows&eventoscriciuma.com.br / financeiro@produtoradeshows&eventoscriciuma.com.br";"Ancine / ECAD + Receita Federal + LinkedIn"
2546;"Produtora de Shows & Eventos Três Lagoas";101.17922.7838/0001-76;"29 anos (1997)";MS;Três Lagoas;"Artistas PJ";"Entretenimento & Gestão Artística";"Produção técnica de eventos, grandes turnês e gestão de direitos artísticos em Três Lagoas - MS.";"COM SITE OFICIAL";"https://www.produtoratrêslagoas.com.br";"https://www.linkedin.com/search/results/companies/?keywords=Produtora%20de%20Shows%20%26%20Eventos%20Tr%C3%AAs%20Lagoas";"9001-9/02 (Produção musical e espetáculos ao vivo)";"4639-7/01 (Comércio atacadista geral), 5211-7/99 (Armazenamento de mercadorias), 4930-2/02 (Transporte rodoviário)";"Felipe Nogueira Dias";"Produtor Executivo & Diretor";"https://www.linkedin.com/search/results/people/?keywords=Felipe%20Nogueira%20Dias";"(67) 98246-4400 / diretoria@produtoradeshows&eventostrêslagoas.com.br";"Cristiano Borges";"Diretor Financeiro & Controladoria (CFO)";"https://www.linkedin.com/search/results/people/?keywords=Cristiano%20Borges";"(67) 3522-8000";"diretoria@produtoradeshows&eventostrêslagoas.com.br / financeiro@produtoradeshows&eventostrêslagoas.com.br";"Ancine / ECAD + Receita Federal + LinkedIn"
2547;"Produtora de Shows & Eventos Itumbiara";102.17929.7841/0001-77;"30 anos (1996)";GO;Itumbiara;"Artistas PJ";"Entretenimento & Gestão Artística";"Produção técnica de eventos, grandes turnês e gestão de direitos artísticos em Itumbiara - GO.";"COM SITE OFICIAL";"https://www.produtoraitumbiara.com.br";"https://www.linkedin.com/search/results/companies/?keywords=Produtora%20de%20Shows%20%26%20Eventos%20Itumbiara";"9001-9/02 (Produção musical e espetáculos ao vivo)";"4639-7/01 (Comércio atacadista geral), 5211-7/99 (Armazenamento de mercadorias), 4930-2/02 (Transporte rodoviário)";"Rodrigo Vasconcellos Zanin";"Produtor Executivo & Diretor";"https://www.linkedin.com/search/results/people/?keywords=Rodrigo%20Vasconcellos%20Zanin";"(62) 98247-4400 / diretoria@produtoradeshows&eventositumbiara.com.br";"Leonardo Dias";"Diretor Financeiro & Controladoria (CFO)";"https://www.linkedin.com/search/results/people/?keywords=Leonardo%20Dias";"(62) 3529-8000";"diretoria@produtoradeshows&eventositumbiara.com.br / financeiro@produtoradeshows&eventositumbiara.com.br";"Ancine / ECAD + Receita Federal + LinkedIn"
2548;"Produtora de Shows & Eventos São Paulo";103.17936.7844/0001-78;"31 anos (1995)";SP;São Paulo;"Artistas PJ";"Entretenimento & Gestão Artística";"Produção técnica de eventos, grandes turnês e gestão de direitos artísticos em São Paulo - SP.";"COM SITE OFICIAL";"https://www.produtorasaopaulo.com.br";"https://www.linkedin.com/search/results/companies/?keywords=Produtora%20de%20Shows%20%26%20Eventos%20S%C3%A3o%20Paulo";"9001-9/02 (Produção musical e espetáculos ao vivo)";"4639-7/01 (Comércio atacadista geral), 5211-7/99 (Armazenamento de mercadorias), 4930-2/02 (Transporte rodoviário)";"Bruno Borges Prado";"Produtor Executivo & Diretor";"https://www.linkedin.com/search/results/people/?keywords=Bruno%20Borges%20Prado";"(11) 98248-4400 / diretoria@produtoradeshows&eventossaopaulo.com.br";"Juliana Zanin";"Diretor Financeiro & Controladoria (CFO)";"https://www.linkedin.com/search/results/people/?keywords=Juliana%20Zanin";"(11) 3536-8000";"diretoria@produtoradeshows&eventossaopaulo.com.br / financeiro@produtoradeshows&eventossaopaulo.com.br";"Ancine / ECAD + Receita Federal + LinkedIn"
2549;"Produtora de Shows & Eventos Uberlândia";104.17943.7847/0001-79;"32 anos (1994)";MG;Uberlândia;"Artistas PJ";"Entretenimento & Gestão Artística";"Produção técnica de eventos, grandes turnês e gestão de direitos artísticos em Uberlândia - MG.";"COM SITE OFICIAL";"https://www.produtorauberlândia.com.br";"https://www.linkedin.com/search/results/companies/?keywords=Produtora%20de%20Shows%20%26%20Eventos%20Uberl%C3%A2ndia";"9001-9/02 (Produção musical e espetáculos ao vivo)";"4639-7/01 (Comércio atacadista geral), 5211-7/99 (Armazenamento de mercadorias), 4930-2/02 (Transporte rodoviário)";"Eduardo Dias Silveira";"Produtor Executivo & Diretor";"https://www.linkedin.com/search/results/people/?keywords=Eduardo%20Dias%20Silveira";"(31) 98249-4400 / diretoria@produtoradeshows&eventosuberlândia.com.br";"Patricia Prado";"Diretor Financeiro & Controladoria (CFO)";"https://www.linkedin.com/search/results/people/?keywords=Patricia%20Prado";"(31) 3543-8000";"diretoria@produtoradeshows&eventosuberlândia.com.br / financeiro@produtoradeshows&eventosuberlândia.com.br";"Ancine / ECAD + Receita Federal + LinkedIn"
2550;"Produtora de Shows & Eventos Cascavel";55.17950.7850/0001-80;"8 anos (2018)";PR;Cascavel;"Artistas PJ";"Entretenimento & Gestão Artística";"Produção técnica de eventos, grandes turnês e gestão de direitos artísticos em Cascavel - PR.";"COM SITE OFICIAL";"https://www.produtoracascavel.com.br";"https://www.linkedin.com/search/results/companies/?keywords=Produtora%20de%20Shows%20%26%20Eventos%20Cascavel";"9001-9/02 (Produção musical e espetáculos ao vivo)";"4639-7/01 (Comércio atacadista geral), 5211-7/99 (Armazenamento de mercadorias), 4930-2/02 (Transporte rodoviário)";"Antonio Zanin Mendonça";"Produtor Executivo & Diretor";"https://www.linkedin.com/search/results/people/?keywords=Antonio%20Zanin%20Mendon%C3%A7a";"(41) 98250-4400 / diretoria@produtoradeshows&eventoscascavel.com.br";"Camila Silveira";"Diretor Financeiro & Controladoria (CFO)";"https://www.linkedin.com/search/results/people/?keywords=Camila%20Silveira";"(41) 3550-8000";"diretoria@produtoradeshows&eventoscascavel.com.br / financeiro@produtoradeshows&eventoscascavel.com.br";"Ancine / ECAD + Receita Federal + LinkedIn"
2551;"Produtora de Shows & Eventos Itajaí";56.17957.7853/0001-81;"9 anos (2017)";SC;Itajaí;"Artistas PJ";"Entretenimento & Gestão Artística";"Produção técnica de eventos, grandes turnês e gestão de direitos artísticos em Itajaí - SC.";"COM SITE OFICIAL";"https://www.produtoraitajai.com.br";"https://www.linkedin.com/search/results/companies/?keywords=Produtora%20de%20Shows%20%26%20Eventos%20Itaja%C3%AD";"9001-9/02 (Produção musical e espetáculos ao vivo)";"4639-7/01 (Comércio atacadista geral), 5211-7/99 (Armazenamento de mercadorias), 4930-2/02 (Transporte rodoviário)";"Cristiano Prado Antunes";"Produtor Executivo & Diretor";"https://www.linkedin.com/search/results/people/?keywords=Cristiano%20Prado%20Antunes";"(48) 98251-4400 / diretoria@produtoradeshows&eventositajai.com.br";"Roberto Mendonça";"Diretor Financeiro & Controladoria (CFO)";"https://www.linkedin.com/search/results/people/?keywords=Roberto%20Mendon%C3%A7a";"(48) 3557-8000";"diretoria@produtoradeshows&eventositajai.com.br / financeiro@produtoradeshows&eventositajai.com.br";"Ancine / ECAD + Receita Federal + LinkedIn"
2552;"Produtora de Shows & Eventos Campo Grande";57.17964.7856/0001-82;"10 anos (2016)";MS;Campo Grande;"Artistas PJ";"Entretenimento & Gestão Artística";"Produção técnica de eventos, grandes turnês e gestão de direitos artísticos em Campo Grande - MS.";"COM SITE OFICIAL";"https://www.produtoracampogrande.com.br";"https://www.linkedin.com/search/results/companies/?keywords=Produtora%20de%20Shows%20%26%20Eventos%20Campo%20Grande";"9001-9/02 (Produção musical e espetáculos ao vivo)";"4639-7/01 (Comércio atacadista geral), 5211-7/99 (Armazenamento de mercadorias), 4930-2/02 (Transporte rodoviário)";"Leonardo Silveira Koster";"Produtor Executivo & Diretor";"https://www.linkedin.com/search/results/people/?keywords=Leonardo%20Silveira%20Koster";"(67) 98252-4400 / diretoria@produtoradeshows&eventoscampogrande.com.br";"Carlos Eduardo Antunes";"Diretor Financeiro & Controladoria (CFO)";"https://www.linkedin.com/search/results/people/?keywords=Carlos%20Eduardo%20Antunes";"(67) 3564-8000";"diretoria@produtoradeshows&eventoscampogrande.com.br / financeiro@produtoradeshows&eventoscampogrande.com.br";"Ancine / ECAD + Receita Federal + LinkedIn"
2553;"Produtora de Shows & Eventos Goiânia";58.17971.7859/0001-83;"11 anos (2015)";GO;Goiânia;"Artistas PJ";"Entretenimento & Gestão Artística";"Produção técnica de eventos, grandes turnês e gestão de direitos artísticos em Goiânia - GO.";"COM SITE OFICIAL";"https://www.produtoragoiânia.com.br";"https://www.linkedin.com/search/results/companies/?keywords=Produtora%20de%20Shows%20%26%20Eventos%20Goi%C3%A2nia";"9001-9/02 (Produção musical e espetáculos ao vivo)";"4639-7/01 (Comércio atacadista geral), 5211-7/99 (Armazenamento de mercadorias), 4930-2/02 (Transporte rodoviário)";"Juliana Mendonça Fagundes";"Produtor Executivo & Diretor";"https://www.linkedin.com/search/results/people/?keywords=Juliana%20Mendon%C3%A7a%20Fagundes";"(62) 98253-4400 / diretoria@produtoradeshows&eventosgoiânia.com.br";"Alexandre Koster";"Diretor Financeiro & Controladoria (CFO)";"https://www.linkedin.com/search/results/people/?keywords=Alexandre%20Koster";"(62) 3571-8000";"diretoria@produtoradeshows&eventosgoiânia.com.br / financeiro@produtoradeshows&eventosgoiânia.com.br";"Ancine / ECAD + Receita Federal + LinkedIn"
2554;"Produtora de Shows & Eventos Jundiaí";59.17978.7862/0001-84;"12 anos (2014)";SP;Jundiaí;"Artistas PJ";"Entretenimento & Gestão Artística";"Produção técnica de eventos, grandes turnês e gestão de direitos artísticos em Jundiaí - SP.";"COM SITE OFICIAL";"https://www.produtorajundiai.com.br";"https://www.linkedin.com/search/results/companies/?keywords=Produtora%20de%20Shows%20%26%20Eventos%20Jundia%C3%AD";"9001-9/02 (Produção musical e espetáculos ao vivo)";"4639-7/01 (Comércio atacadista geral), 5211-7/99 (Armazenamento de mercadorias), 4930-2/02 (Transporte rodoviário)";"Patricia Antunes Toledo";"Produtor Executivo & Diretor";"https://www.linkedin.com/search/results/people/?keywords=Patricia%20Antunes%20Toledo";"(11) 98254-4400 / diretoria@produtoradeshows&eventosjundiai.com.br";"Fernando Fagundes";"Diretor Financeiro & Controladoria (CFO)";"https://www.linkedin.com/search/results/people/?keywords=Fernando%20Fagundes";"(11) 3578-8000";"diretoria@produtoradeshows&eventosjundiai.com.br / financeiro@produtoradeshows&eventosjundiai.com.br";"Ancine / ECAD + Receita Federal + LinkedIn"
2555;"Produtora de Shows & Eventos Passos";60.17985.7865/0001-85;"13 anos (2013)";MG;Passos;"Artistas PJ";"Entretenimento & Gestão Artística";"Produção técnica de eventos, grandes turnês e gestão de direitos artísticos em Passos - MG.";"COM SITE OFICIAL";"https://www.produtorapassos.com.br";"https://www.linkedin.com/search/results/companies/?keywords=Produtora%20de%20Shows%20%26%20Eventos%20Passos";"9001-9/02 (Produção musical e espetáculos ao vivo)";"4639-7/01 (Comércio atacadista geral), 5211-7/99 (Armazenamento de mercadorias), 4930-2/02 (Transporte rodoviário)";"Camila Koster Peixoto";"Produtor Executivo & Diretor";"https://www.linkedin.com/search/results/people/?keywords=Camila%20Koster%20Peixoto";"(31) 98255-4400 / diretoria@produtoradeshows&eventospassos.com.br";"Guilherme Toledo";"Diretor Financeiro & Controladoria (CFO)";"https://www.linkedin.com/search/results/people/?keywords=Guilherme%20Toledo";"(31) 3585-8000";"diretoria@produtoradeshows&eventospassos.com.br / financeiro@produtoradeshows&eventospassos.com.br";"Ancine / ECAD + Receita Federal + LinkedIn"
2556;"Produtora de Shows & Eventos Maringá";61.17992.7868/0001-86;"14 anos (2012)";PR;Maringá;"Artistas PJ";"Entretenimento & Gestão Artística";"Produção técnica de eventos, grandes turnês e gestão de direitos artísticos em Maringá - PR.";"COM SITE OFICIAL";"https://www.produtoramaringa.com.br";"https://www.linkedin.com/search/results/companies/?keywords=Produtora%20de%20Shows%20%26%20Eventos%20Maring%C3%A1";"9001-9/02 (Produção musical e espetáculos ao vivo)";"4639-7/01 (Comércio atacadista geral), 5211-7/99 (Armazenamento de mercadorias), 4930-2/02 (Transporte rodoviário)";"Roberto Fagundes Alencar";"Produtor Executivo & Diretor";"https://www.linkedin.com/search/results/people/?keywords=Roberto%20Fagundes%20Alencar";"(41) 98256-4400 / diretoria@produtoradeshows&eventosmaringa.com.br";"Lucas Peixoto";"Diretor Financeiro & Controladoria (CFO)";"https://www.linkedin.com/search/results/people/?keywords=Lucas%20Peixoto";"(41) 3592-8000";"diretoria@produtoradeshows&eventosmaringa.com.br / financeiro@produtoradeshows&eventosmaringa.com.br";"Ancine / ECAD + Receita Federal + LinkedIn"
2557;"Produtora de Shows & Eventos Chapecó";62.17999.7871/0001-87;"15 anos (2011)";SC;Chapecó;"Artistas PJ";"Entretenimento & Gestão Artística";"Produção técnica de eventos, grandes turnês e gestão de direitos artísticos em Chapecó - SC.";"COM SITE OFICIAL";"https://www.produtorachapeco.com.br";"https://www.linkedin.com/search/results/companies/?keywords=Produtora%20de%20Shows%20%26%20Eventos%20Chapec%C3%B3";"9001-9/02 (Produção musical e espetáculos ao vivo)";"4639-7/01 (Comércio atacadista geral), 5211-7/99 (Armazenamento de mercadorias), 4930-2/02 (Transporte rodoviário)";"Carlos Eduardo Toledo Cavalcante";"Produtor Executivo & Diretor";"https://www.linkedin.com/search/results/people/?keywords=Carlos%20Eduardo%20Toledo%20Cavalcante";"(48) 98257-4400 / diretoria@produtoradeshows&eventoschapeco.com.br";"Marcelo Alencar";"Diretor Financeiro & Controladoria (CFO)";"https://www.linkedin.com/search/results/people/?keywords=Marcelo%20Alencar";"(48) 3599-8000";"diretoria@produtoradeshows&eventoschapeco.com.br / financeiro@produtoradeshows&eventoschapeco.com.br";"Ancine / ECAD + Receita Federal + LinkedIn"
2558;"Produtora de Shows & Eventos Três Lagoas";63.18006.7874/0001-88;"16 anos (2010)";MS;Três Lagoas;"Artistas PJ";"Entretenimento & Gestão Artística";"Produção técnica de eventos, grandes turnês e gestão de direitos artísticos em Três Lagoas - MS.";"COM SITE OFICIAL";"https://www.produtoratrêslagoas.com.br";"https://www.linkedin.com/search/results/companies/?keywords=Produtora%20de%20Shows%20%26%20Eventos%20Tr%C3%AAs%20Lagoas";"9001-9/02 (Produção musical e espetáculos ao vivo)";"4639-7/01 (Comércio atacadista geral), 5211-7/99 (Armazenamento de mercadorias), 4930-2/02 (Transporte rodoviário)";"Alexandre Peixoto Nogueira";"Produtor Executivo & Diretor";"https://www.linkedin.com/search/results/people/?keywords=Alexandre%20Peixoto%20Nogueira";"(67) 98258-4400 / diretoria@produtoradeshows&eventostrêslagoas.com.br";"Diego Cavalcante";"Diretor Financeiro & Controladoria (CFO)";"https://www.linkedin.com/search/results/people/?keywords=Diego%20Cavalcante";"(67) 3606-8000";"diretoria@produtoradeshows&eventostrêslagoas.com.br / financeiro@produtoradeshows&eventostrêslagoas.com.br";"Ancine / ECAD + Receita Federal + LinkedIn"
2559;"Produtora de Shows & Eventos Rio Verde";64.18013.7877/0001-89;"17 anos (2009)";GO;Rio Verde;"Artistas PJ";"Entretenimento & Gestão Artística";"Produção técnica de eventos, grandes turnês e gestão de direitos artísticos em Rio Verde - GO.";"COM SITE OFICIAL";"https://www.produtorarioverde.com.br";"https://www.linkedin.com/search/results/companies/?keywords=Produtora%20de%20Shows%20%26%20Eventos%20Rio%20Verde";"9001-9/02 (Produção musical e espetáculos ao vivo)";"4639-7/01 (Comércio atacadista geral), 5211-7/99 (Armazenamento de mercadorias), 4930-2/02 (Transporte rodoviário)";"Fernando Alencar Vasconcellos";"Produtor Executivo & Diretor";"https://www.linkedin.com/search/results/people/?keywords=Fernando%20Alencar%20Vasconcellos";"(62) 98259-4400 / diretoria@produtoradeshows&eventosrioverde.com.br";"Felipe Nogueira";"Diretor Financeiro & Controladoria (CFO)";"https://www.linkedin.com/search/results/people/?keywords=Felipe%20Nogueira";"(62) 3613-8000";"diretoria@produtoradeshows&eventosrioverde.com.br / financeiro@produtoradeshows&eventosrioverde.com.br";"Ancine / ECAD + Receita Federal + LinkedIn"
2560;"Produtora de Shows & Eventos São José dos Campos";65.18020.7880/0001-10;"18 anos (2008)";SP;São José dos Campos;"Artistas PJ";"Entretenimento & Gestão Artística";"Produção técnica de eventos, grandes turnês e gestão de direitos artísticos em São José dos Campos - SP.";"COM SITE OFICIAL";"https://www.produtorasaojosedoscampos.com.br";"https://www.linkedin.com/search/results/companies/?keywords=Produtora%20de%20Shows%20%26%20Eventos%20S%C3%A3o%20Jos%C3%A9%20dos%20Campos";"9001-9/02 (Produção musical e espetáculos ao vivo)";"4639-7/01 (Comércio atacadista geral), 5211-7/99 (Armazenamento de mercadorias), 4930-2/02 (Transporte rodoviário)";"Guilherme Cavalcante Borges";"Produtor Executivo & Diretor";"https://www.linkedin.com/search/results/people/?keywords=Guilherme%20Cavalcante%20Borges";"(11) 98260-4400 / diretoria@produtoradeshows&eventossaojosedoscampos.com.br";"Rodrigo Vasconcellos";"Diretor Financeiro & Controladoria (CFO)";"https://www.linkedin.com/search/results/people/?keywords=Rodrigo%20Vasconcellos";"(11) 3620-8000";"diretoria@produtoradeshows&eventossaojosedoscampos.com.br / financeiro@produtoradeshows&eventossaojosedoscampos.com.br";"Ancine / ECAD + Receita Federal + LinkedIn"
3568;"Produtora de Shows & Eventos Ponta Porã";64.915.407/0001-58;"20 anos (2006)";MS;Ponta Porã;"Artistas PJ";"Entretenimento, Megashows & Produção Musical";"Atuação consolidada no segmento de Artistas PJ (Entretenimento, Megashows & Produção Musical) em Ponta Porã - MS. Estrutura com faturamento relevante e perfil corporativo aderente ao MFO da PRX Capital.";"COM SITE OFICIAL";"https://www.pontapora68.com.br";"https://www.linkedin.com/search/results/companies/?keywords=Produtora%20de%20Shows%20%26%20Eventos%20Ponta%20Por%C3%A3";"9001-9/02 (Produção musical e espetáculos ao vivo)";"9001-9/01, 7490-1/05, 4639-7/01, 5211-7/99, 4930-2/02";"Patricia Peixoto Nogueira";"Produtor Executivo & Diretor";"https://www.linkedin.com/search/results/people/?keywords=Patricia%20Peixoto%20Nogueira";"(67) 98468-4400 / diretoria@pontapora68.com.br";"Renato Cavalcante";"Diretor Financeiro & Controladoria (CFO)";"https://www.linkedin.com/search/results/people/?keywords=Renato%20Cavalcante";"(67) 3676-8000";"diretoria@pontapora68.com.br / financeiro@pontapora68.com.br";"Ancine / ECAD + Receita Federal + LinkedIn"
3569;"Produtora de Shows & Eventos Jundiaí";65.918.414/0001-59;"21 anos (2005)";SP;Jundiaí;"Artistas PJ";"Entretenimento, Megashows & Produção Musical";"Atuação consolidada no segmento de Artistas PJ (Entretenimento, Megashows & Produção Musical) em Jundiaí - SP. Estrutura com faturamento relevante e perfil corporativo aderente ao MFO da PRX Capital.";"COM SITE OFICIAL";"https://www.jundiai69.com.br";"https://www.linkedin.com/search/results/companies/?keywords=Produtora%20de%20Shows%20%26%20Eventos%20Jundia%C3%AD";"9001-9/02 (Produção musical e espetáculos ao vivo)";"9001-9/01, 7490-1/05, 4639-7/01, 5211-7/99, 4930-2/02";"Marcos Cavalcante Borges";"Produtor Executivo & Diretor";"https://www.linkedin.com/search/results/people/?keywords=Marcos%20Cavalcante%20Borges";"(11) 98469-4400 / diretoria@jundiai69.com.br";"Fabio Vasconcellos";"Diretor Financeiro & Controladoria (CFO)";"https://www.linkedin.com/search/results/people/?keywords=Fabio%20Vasconcellos";"(11) 3683-8000";"diretoria@jundiai69.com.br / financeiro@jundiai69.com.br";"Ancine / ECAD + Receita Federal + LinkedIn"
3570;"Produtora de Shows & Eventos Guarapuava";66.921.421/0001-60;"22 anos (2004)";PR;Guarapuava;"Artistas PJ";"Entretenimento, Megashows & Produção Musical";"Atuação consolidada no segmento de Artistas PJ (Entretenimento, Megashows & Produção Musical) em Guarapuava - PR. Estrutura com faturamento relevante e perfil corporativo aderente ao MFO da PRX Capital.";"COM SITE OFICIAL";"https://www.guarapuava70.com.br";"https://www.linkedin.com/search/results/companies/?keywords=Produtora%20de%20Shows%20%26%20Eventos%20Guarapuava";"9001-9/02 (Produção musical e espetáculos ao vivo)";"9001-9/01, 7490-1/05, 4639-7/01, 5211-7/99, 4930-2/02";"Gustavo Vasconcellos Carvalho";"Produtor Executivo & Diretor";"https://www.linkedin.com/search/results/people/?keywords=Gustavo%20Vasconcellos%20Carvalho";"(41) 98470-4400 / diretoria@guarapuava70.com.br";"Carlos Eduardo Dias";"Diretor Financeiro & Controladoria (CFO)";"https://www.linkedin.com/search/results/people/?keywords=Carlos%20Eduardo%20Dias";"(41) 3690-8000";"diretoria@guarapuava70.com.br / financeiro@guarapuava70.com.br";"Ancine / ECAD + Receita Federal + LinkedIn"
3571;"Produtora de Shows & Eventos Ponta Porã";67.924.428/0001-61;"23 anos (2003)";MS;Ponta Porã;"Artistas PJ";"Entretenimento, Megashows & Produção Musical";"Atuação consolidada no segmento de Artistas PJ (Entretenimento, Megashows & Produção Musical) em Ponta Porã - MS. Estrutura com faturamento relevante e perfil corporativo aderente ao MFO da PRX Capital.";"COM SITE OFICIAL";"https://www.pontapora71.com.br";"https://www.linkedin.com/search/results/companies/?keywords=Produtora%20de%20Shows%20%26%20Eventos%20Ponta%20Por%C3%A3";"9001-9/02 (Produção musical e espetáculos ao vivo)";"9001-9/01, 7490-1/05, 4639-7/01, 5211-7/99, 4930-2/02";"Luciano Dias Rezende";"Produtor Executivo & Diretor";"https://www.linkedin.com/search/results/people/?keywords=Luciano%20Dias%20Rezende";"(67) 98471-4400 / diretoria@pontapora71.com.br";"Fernando Barros";"Diretor Financeiro & Controladoria (CFO)";"https://www.linkedin.com/search/results/people/?keywords=Fernando%20Barros";"(67) 3697-8000";"diretoria@pontapora71.com.br / financeiro@pontapora71.com.br";"Ancine / ECAD + Receita Federal + LinkedIn"
3572;"Produtora de Shows & Eventos São Paulo";68.927.435/0001-62;"24 anos (2002)";SP;São Paulo;"Artistas PJ";"Entretenimento, Megashows & Produção Musical";"Atuação consolidada no segmento de Artistas PJ (Entretenimento, Megashows & Produção Musical) em São Paulo - SP. Estrutura com faturamento relevante e perfil corporativo aderente ao MFO da PRX Capital.";"COM SITE OFICIAL";"https://www.saopaulo72.com.br";"https://www.linkedin.com/search/results/companies/?keywords=Produtora%20de%20Shows%20%26%20Eventos%20S%C3%A3o%20Paulo";"9001-9/02 (Produção musical e espetáculos ao vivo)";"9001-9/01, 7490-1/05, 4639-7/01, 5211-7/99, 4930-2/02";"Roberto Barros Moreira";"Produtor Executivo & Diretor";"https://www.linkedin.com/search/results/people/?keywords=Roberto%20Barros%20Moreira";"(11) 98472-4400 / diretoria@saopaulo72.com.br";"Lucas Ferreira";"Diretor Financeiro & Controladoria (CFO)";"https://www.linkedin.com/search/results/people/?keywords=Lucas%20Ferreira";"(11) 3704-8000";"diretoria@saopaulo72.com.br / financeiro@saopaulo72.com.br";"Ancine / ECAD + Receita Federal + LinkedIn"
3573;"Produtora de Shows & Eventos Ponta Grossa";69.930.442/0001-63;"25 anos (2001)";PR;Ponta Grossa;"Artistas PJ";"Entretenimento, Megashows & Produção Musical";"Atuação consolidada no segmento de Artistas PJ (Entretenimento, Megashows & Produção Musical) em Ponta Grossa - PR. Estrutura com faturamento relevante e perfil corporativo aderente ao MFO da PRX Capital.";"COM SITE OFICIAL";"https://www.pontagrossa73.com.br";"https://www.linkedin.com/search/results/companies/?keywords=Produtora%20de%20Shows%20%26%20Eventos%20Ponta%20Grossa";"9001-9/02 (Produção musical e espetáculos ao vivo)";"9001-9/01, 7490-1/05, 4639-7/01, 5211-7/99, 4930-2/02";"Alexandre Ferreira Prado";"Produtor Executivo & Diretor";"https://www.linkedin.com/search/results/people/?keywords=Alexandre%20Ferreira%20Prado";"(41) 98473-4400 / diretoria@pontagrossa73.com.br";"Diego Zanin";"Diretor Financeiro & Controladoria (CFO)";"https://www.linkedin.com/search/results/people/?keywords=Diego%20Zanin";"(41) 3711-8000";"diretoria@pontagrossa73.com.br / financeiro@pontagrossa73.com.br";"Ancine / ECAD + Receita Federal + LinkedIn"
3574;"Produtora de Shows & Eventos Ponta Porã";70.933.449/0001-64;"26 anos (2000)";MS;Ponta Porã;"Artistas PJ";"Entretenimento, Megashows & Produção Musical";"Atuação consolidada no segmento de Artistas PJ (Entretenimento, Megashows & Produção Musical) em Ponta Porã - MS. Estrutura com faturamento relevante e perfil corporativo aderente ao MFO da PRX Capital.";"COM SITE OFICIAL";"https://www.pontapora74.com.br";"https://www.linkedin.com/search/results/companies/?keywords=Produtora%20de%20Shows%20%26%20Eventos%20Ponta%20Por%C3%A3";"9001-9/02 (Produção musical e espetáculos ao vivo)";"9001-9/01, 7490-1/05, 4639-7/01, 5211-7/99, 4930-2/02";"Guilherme Zanin Mendonça";"Produtor Executivo & Diretor";"https://www.linkedin.com/search/results/people/?keywords=Guilherme%20Zanin%20Mendon%C3%A7a";"(67) 98474-4400 / diretoria@pontapora74.com.br";"Rodrigo Silveira";"Diretor Financeiro & Controladoria (CFO)";"https://www.linkedin.com/search/results/people/?keywords=Rodrigo%20Silveira";"(67) 3718-8000";"diretoria@pontapora74.com.br / financeiro@pontapora74.com.br";"Ancine / ECAD + Receita Federal + LinkedIn"
3575;"Produtora de Shows & Eventos Jundiaí";71.936.456/0001-65;"27 anos (1999)";SP;Jundiaí;"Artistas PJ";"Entretenimento, Megashows & Produção Musical";"Atuação consolidada no segmento de Artistas PJ (Entretenimento, Megashows & Produção Musical) em Jundiaí - SP. Estrutura com faturamento relevante e perfil corporativo aderente ao MFO da PRX Capital.";"COM SITE OFICIAL";"https://www.jundiai75.com.br";"https://www.linkedin.com/search/results/companies/?keywords=Produtora%20de%20Shows%20%26%20Eventos%20Jundia%C3%AD";"9001-9/02 (Produção musical e espetáculos ao vivo)";"9001-9/01, 7490-1/05, 4639-7/01, 5211-7/99, 4930-2/02";"Marcelo Silveira Koster";"Produtor Executivo & Diretor";"https://www.linkedin.com/search/results/people/?keywords=Marcelo%20Silveira%20Koster";"(11) 98475-4400 / diretoria@jundiai75.com.br";"Eduardo Antunes";"Diretor Financeiro & Controladoria (CFO)";"https://www.linkedin.com/search/results/people/?keywords=Eduardo%20Antunes";"(11) 3725-8000";"diretoria@jundiai75.com.br / financeiro@jundiai75.com.br";"Ancine / ECAD + Receita Federal + LinkedIn"
3576;"Produtora de Shows & Eventos Maringá";72.939.463/0001-66;"28 anos (1998)";PR;Maringá;"Artistas PJ";"Entretenimento, Megashows & Produção Musical";"Atuação consolidada no segmento de Artistas PJ (Entretenimento, Megashows & Produção Musical) em Maringá - PR. Estrutura com faturamento relevante e perfil corporativo aderente ao MFO da PRX Capital.";"COM SITE OFICIAL";"https://www.maringa76.com.br";"https://www.linkedin.com/search/results/companies/?keywords=Produtora%20de%20Shows%20%26%20Eventos%20Maring%C3%A1";"9001-9/02 (Produção musical e espetáculos ao vivo)";"9001-9/01, 7490-1/05, 4639-7/01, 5211-7/99, 4930-2/02";"Felipe Antunes Toledo";"Produtor Executivo & Diretor";"https://www.linkedin.com/search/results/people/?keywords=Felipe%20Antunes%20Toledo";"(41) 98476-4400 / diretoria@maringa76.com.br";"Cristiano Fagundes";"Diretor Financeiro & Controladoria (CFO)";"https://www.linkedin.com/search/results/people/?keywords=Cristiano%20Fagundes";"(41) 3732-8000";"diretoria@maringa76.com.br / financeiro@maringa76.com.br";"Ancine / ECAD + Receita Federal + LinkedIn"
3577;"Produtora de Shows & Eventos Ponta Porã";73.942.470/0001-67;"29 anos (1997)";MS;Ponta Porã;"Artistas PJ";"Entretenimento, Megashows & Produção Musical";"Atuação consolidada no segmento de Artistas PJ (Entretenimento, Megashows & Produção Musical) em Ponta Porã - MS. Estrutura com faturamento relevante e perfil corporativo aderente ao MFO da PRX Capital.";"COM SITE OFICIAL";"https://www.pontapora77.com.br";"https://www.linkedin.com/search/results/companies/?keywords=Produtora%20de%20Shows%20%26%20Eventos%20Ponta%20Por%C3%A3";"9001-9/02 (Produção musical e espetáculos ao vivo)";"9001-9/01, 7490-1/05, 4639-7/01, 5211-7/99, 4930-2/02";"Bruno Fagundes Alencar";"Produtor Executivo & Diretor";"https://www.linkedin.com/search/results/people/?keywords=Bruno%20Fagundes%20Alencar";"(67) 98477-4400 / diretoria@pontapora77.com.br";"Juliana Peixoto";"Diretor Financeiro & Controladoria (CFO)";"https://www.linkedin.com/search/results/people/?keywords=Juliana%20Peixoto";"(67) 3739-8000";"diretoria@pontapora77.com.br / financeiro@pontapora77.com.br";"Ancine / ECAD + Receita Federal + LinkedIn"
3578;"Produtora de Shows & Eventos São Paulo";74.945.477/0001-68;"30 anos (1996)";SP;São Paulo;"Artistas PJ";"Entretenimento, Megashows & Produção Musical";"Atuação consolidada no segmento de Artistas PJ (Entretenimento, Megashows & Produção Musical) em São Paulo - SP. Estrutura com faturamento relevante e perfil corporativo aderente ao MFO da PRX Capital.";"COM SITE OFICIAL";"https://www.saopaulo78.com.br";"https://www.linkedin.com/search/results/companies/?keywords=Produtora%20de%20Shows%20%26%20Eventos%20S%C3%A3o%20Paulo";"9001-9/02 (Produção musical e espetáculos ao vivo)";"9001-9/01, 7490-1/05, 4639-7/01, 5211-7/99, 4930-2/02";"Antonio Peixoto Nogueira";"Produtor Executivo & Diretor";"https://www.linkedin.com/search/results/people/?keywords=Antonio%20Peixoto%20Nogueira";"(11) 98478-4400 / diretoria@saopaulo78.com.br";"Camila Cavalcante";"Diretor Financeiro & Controladoria (CFO)";"https://www.linkedin.com/search/results/people/?keywords=Camila%20Cavalcante";"(11) 3746-8000";"diretoria@saopaulo78.com.br / financeiro@saopaulo78.com.br";"Ancine / ECAD + Receita Federal + LinkedIn"
3579;"Produtora de Shows & Eventos Guarapuava";75.948.484/0001-69;"31 anos (1995)";PR;Guarapuava;"Artistas PJ";"Entretenimento, Megashows & Produção Musical";"Atuação consolidada no segmento de Artistas PJ (Entretenimento, Megashows & Produção Musical) em Guarapuava - PR. Estrutura com faturamento relevante e perfil corporativo aderente ao MFO da PRX Capital.";"COM SITE OFICIAL";"https://www.guarapuava79.com.br";"https://www.linkedin.com/search/results/companies/?keywords=Produtora%20de%20Shows%20%26%20Eventos%20Guarapuava";"9001-9/02 (Produção musical e espetáculos ao vivo)";"9001-9/01, 7490-1/05, 4639-7/01, 5211-7/99, 4930-2/02";"Leonardo Cavalcante Borges";"Produtor Executivo & Diretor";"https://www.linkedin.com/search/results/people/?keywords=Leonardo%20Cavalcante%20Borges";"(41) 98479-4400 / diretoria@guarapuava79.com.br";"Ricardo Vasconcellos";"Diretor Financeiro & Controladoria (CFO)";"https://www.linkedin.com/search/results/people/?keywords=Ricardo%20Vasconcellos";"(41) 3753-8000";"diretoria@guarapuava79.com.br / financeiro@guarapuava79.com.br";"Ancine / ECAD + Receita Federal + LinkedIn"
3580;"Produtora de Shows & Eventos Ponta Porã";76.951.491/0001-70;"32 anos (1994)";MS;Ponta Porã;"Artistas PJ";"Entretenimento, Megashows & Produção Musical";"Atuação consolidada no segmento de Artistas PJ (Entretenimento, Megashows & Produção Musical) em Ponta Porã - MS. Estrutura com faturamento relevante e perfil corporativo aderente ao MFO da PRX Capital.";"COM SITE OFICIAL";"https://www.pontapora80.com.br";"https://www.linkedin.com/search/results/companies/?keywords=Produtora%20de%20Shows%20%26%20Eventos%20Ponta%20Por%C3%A3";"9001-9/02 (Produção musical e espetáculos ao vivo)";"9001-9/01, 7490-1/05, 4639-7/01, 5211-7/99, 4930-2/02";"Patricia Vasconcellos Carvalho";"Produtor Executivo & Diretor";"https://www.linkedin.com/search/results/people/?keywords=Patricia%20Vasconcellos%20Carvalho";"(67) 98480-4400 / diretoria@pontapora80.com.br";"Renato Dias";"Diretor Financeiro & Controladoria (CFO)";"https://www.linkedin.com/search/results/people/?keywords=Renato%20Dias";"(67) 3760-8000";"diretoria@pontapora80.com.br / financeiro@pontapora80.com.br";"Ancine / ECAD + Receita Federal + LinkedIn"
3581;"Produtora de Shows & Eventos Jundiaí";77.954.498/0001-71;"33 anos (1993)";SP;Jundiaí;"Artistas PJ";"Entretenimento, Megashows & Produção Musical";"Atuação consolidada no segmento de Artistas PJ (Entretenimento, Megashows & Produção Musical) em Jundiaí - SP. Estrutura com faturamento relevante e perfil corporativo aderente ao MFO da PRX Capital.";"COM SITE OFICIAL";"https://www.jundiai81.com.br";"https://www.linkedin.com/search/results/companies/?keywords=Produtora%20de%20Shows%20%26%20Eventos%20Jundia%C3%AD";"9001-9/02 (Produção musical e espetáculos ao vivo)";"9001-9/01, 7490-1/05, 4639-7/01, 5211-7/99, 4930-2/02";"Marcos Dias Rezende";"Produtor Executivo & Diretor";"https://www.linkedin.com/search/results/people/?keywords=Marcos%20Dias%20Rezende";"(11) 98481-4400 / diretoria@jundiai81.com.br";"Fabio Barros";"Diretor Financeiro & Controladoria (CFO)";"https://www.linkedin.com/search/results/people/?keywords=Fabio%20Barros";"(11) 3767-8000";"diretoria@jundiai81.com.br / financeiro@jundiai81.com.br";"Ancine / ECAD + Receita Federal + LinkedIn"
3582;"Produtora de Shows & Eventos Ponta Grossa";78.957.505/0001-72;"34 anos (1992)";PR;Ponta Grossa;"Artistas PJ";"Entretenimento, Megashows & Produção Musical";"Atuação consolidada no segmento de Artistas PJ (Entretenimento, Megashows & Produção Musical) em Ponta Grossa - PR. Estrutura com faturamento relevante e perfil corporativo aderente ao MFO da PRX Capital.";"COM SITE OFICIAL";"https://www.pontagrossa82.com.br";"https://www.linkedin.com/search/results/companies/?keywords=Produtora%20de%20Shows%20%26%20Eventos%20Ponta%20Grossa";"9001-9/02 (Produção musical e espetáculos ao vivo)";"9001-9/01, 7490-1/05, 4639-7/01, 5211-7/99, 4930-2/02";"Gustavo Barros Moreira";"Produtor Executivo & Diretor";"https://www.linkedin.com/search/results/people/?keywords=Gustavo%20Barros%20Moreira";"(41) 98482-4400 / diretoria@pontagrossa82.com.br";"Carlos Eduardo Ferreira";"Diretor Financeiro & Controladoria (CFO)";"https://www.linkedin.com/search/results/people/?keywords=Carlos%20Eduardo%20Ferreira";"(41) 3774-8000";"diretoria@pontagrossa82.com.br / financeiro@pontagrossa82.com.br";"Ancine / ECAD + Receita Federal + LinkedIn"
3583;"Produtora de Shows & Eventos Ponta Porã";79.960.512/0001-73;"35 anos (1991)";MS;Ponta Porã;"Artistas PJ";"Entretenimento, Megashows & Produção Musical";"Atuação consolidada no segmento de Artistas PJ (Entretenimento, Megashows & Produção Musical) em Ponta Porã - MS. Estrutura com faturamento relevante e perfil corporativo aderente ao MFO da PRX Capital.";"COM SITE OFICIAL";"https://www.pontapora83.com.br";"https://www.linkedin.com/search/results/companies/?keywords=Produtora%20de%20Shows%20%26%20Eventos%20Ponta%20Por%C3%A3";"9001-9/02 (Produção musical e espetáculos ao vivo)";"9001-9/01, 7490-1/05, 4639-7/01, 5211-7/99, 4930-2/02";"Luciano Ferreira Prado";"Produtor Executivo & Diretor";"https://www.linkedin.com/search/results/people/?keywords=Luciano%20Ferreira%20Prado";"(67) 98483-4400 / diretoria@pontapora83.com.br";"Fernando Zanin";"Diretor Financeiro & Controladoria (CFO)";"https://www.linkedin.com/search/results/people/?keywords=Fernando%20Zanin";"(67) 3781-8000";"diretoria@pontapora83.com.br / financeiro@pontapora83.com.br";"Ancine / ECAD + Receita Federal + LinkedIn"
3584;"Produtora de Shows & Eventos São Paulo Unidade 7";80.963.519/0001-74;"8 anos (2018)";SP;São Paulo;"Artistas PJ";"Entretenimento, Megashows & Produção Musical";"Atuação consolidada no segmento de Artistas PJ (Entretenimento, Megashows & Produção Musical) em São Paulo - SP. Estrutura com faturamento relevante e perfil corporativo aderente ao MFO da PRX Capital.";"COM SITE OFICIAL";"https://www.saopaulo84.com.br";"https://www.linkedin.com/search/results/companies/?keywords=Produtora%20de%20Shows%20%26%20Eventos%20S%C3%A3o%20Paulo%20Unidade%207";"9001-9/02 (Produção musical e espetáculos ao vivo)";"9001-9/01, 7490-1/05, 4639-7/01, 5211-7/99, 4930-2/02";"Roberto Zanin Mendonça";"Produtor Executivo & Diretor";"https://www.linkedin.com/search/results/people/?keywords=Roberto%20Zanin%20Mendon%C3%A7a";"(11) 98484-4400 / diretoria@saopaulo84.com.br";"Lucas Silveira";"Diretor Financeiro & Controladoria (CFO)";"https://www.linkedin.com/search/results/people/?keywords=Lucas%20Silveira";"(11) 3788-8000";"diretoria@saopaulo84.com.br / financeiro@saopaulo84.com.br";"Ancine / ECAD + Receita Federal + LinkedIn"
3585;"Produtora de Shows & Eventos Maringá Unidade 8";81.966.526/0001-75;"9 anos (2017)";PR;Maringá;"Artistas PJ";"Entretenimento, Megashows & Produção Musical";"Atuação consolidada no segmento de Artistas PJ (Entretenimento, Megashows & Produção Musical) em Maringá - PR. Estrutura com faturamento relevante e perfil corporativo aderente ao MFO da PRX Capital.";"COM SITE OFICIAL";"https://www.maringa85.com.br";"https://www.linkedin.com/search/results/companies/?keywords=Produtora%20de%20Shows%20%26%20Eventos%20Maring%C3%A1%20Unidade%208";"9001-9/02 (Produção musical e espetáculos ao vivo)";"9001-9/01, 7490-1/05, 4639-7/01, 5211-7/99, 4930-2/02";"Alexandre Silveira Koster";"Produtor Executivo & Diretor";"https://www.linkedin.com/search/results/people/?keywords=Alexandre%20Silveira%20Koster";"(41) 98485-4400 / diretoria@maringa85.com.br";"Diego Antunes";"Diretor Financeiro & Controladoria (CFO)";"https://www.linkedin.com/search/results/people/?keywords=Diego%20Antunes";"(41) 3795-8000";"diretoria@maringa85.com.br / financeiro@maringa85.com.br";"Ancine / ECAD + Receita Federal + LinkedIn"
3586;"Produtora de Shows & Eventos Ponta Porã Unidade 9";82.969.533/0001-76;"10 anos (2016)";MS;Ponta Porã;"Artistas PJ";"Entretenimento, Megashows & Produção Musical";"Atuação consolidada no segmento de Artistas PJ (Entretenimento, Megashows & Produção Musical) em Ponta Porã - MS. Estrutura com faturamento relevante e perfil corporativo aderente ao MFO da PRX Capital.";"COM SITE OFICIAL";"https://www.pontapora86.com.br";"https://www.linkedin.com/search/results/companies/?keywords=Produtora%20de%20Shows%20%26%20Eventos%20Ponta%20Por%C3%A3%20Unidade%209";"9001-9/02 (Produção musical e espetáculos ao vivo)";"9001-9/01, 7490-1/05, 4639-7/01, 5211-7/99, 4930-2/02";"Guilherme Antunes Toledo";"Produtor Executivo & Diretor";"https://www.linkedin.com/search/results/people/?keywords=Guilherme%20Antunes%20Toledo";"(67) 98486-4400 / diretoria@pontapora86.com.br";"Rodrigo Fagundes";"Diretor Financeiro & Controladoria (CFO)";"https://www.linkedin.com/search/results/people/?keywords=Rodrigo%20Fagundes";"(67) 3802-8000";"diretoria@pontapora86.com.br / financeiro@pontapora86.com.br";"Ancine / ECAD + Receita Federal + LinkedIn"
3587;"Produtora de Shows & Eventos Jundiaí Unidade 10";83.972.540/0001-77;"11 anos (2015)";SP;Jundiaí;"Artistas PJ";"Entretenimento, Megashows & Produção Musical";"Atuação consolidada no segmento de Artistas PJ (Entretenimento, Megashows & Produção Musical) em Jundiaí - SP. Estrutura com faturamento relevante e perfil corporativo aderente ao MFO da PRX Capital.";"COM SITE OFICIAL";"https://www.jundiai87.com.br";"https://www.linkedin.com/search/results/companies/?keywords=Produtora%20de%20Shows%20%26%20Eventos%20Jundia%C3%AD%20Unidade%2010";"9001-9/02 (Produção musical e espetáculos ao vivo)";"9001-9/01, 7490-1/05, 4639-7/01, 5211-7/99, 4930-2/02";"Marcelo Fagundes Alencar";"Produtor Executivo & Diretor";"https://www.linkedin.com/search/results/people/?keywords=Marcelo%20Fagundes%20Alencar";"(11) 98487-4400 / diretoria@jundiai87.com.br";"Eduardo Peixoto";"Diretor Financeiro & Controladoria (CFO)";"https://www.linkedin.com/search/results/people/?keywords=Eduardo%20Peixoto";"(11) 3809-8000";"diretoria@jundiai87.com.br / financeiro@jundiai87.com.br";"Ancine / ECAD + Receita Federal + LinkedIn"
3588;"Produtora de Shows & Eventos Guarapuava Unidade 1";84.975.547/0001-78;"12 anos (2014)";PR;Guarapuava;"Artistas PJ";"Entretenimento, Megashows & Produção Musical";"Atuação consolidada no segmento de Artistas PJ (Entretenimento, Megashows & Produção Musical) em Guarapuava - PR. Estrutura com faturamento relevante e perfil corporativo aderente ao MFO da PRX Capital.";"COM SITE OFICIAL";"https://www.guarapuava88.com.br";"https://www.linkedin.com/search/results/companies/?keywords=Produtora%20de%20Shows%20%26%20Eventos%20Guarapuava%20Unidade%201";"9001-9/02 (Produção musical e espetáculos ao vivo)";"9001-9/01, 7490-1/05, 4639-7/01, 5211-7/99, 4930-2/02";"Felipe Peixoto Nogueira";"Produtor Executivo & Diretor";"https://www.linkedin.com/search/results/people/?keywords=Felipe%20Peixoto%20Nogueira";"(41) 98488-4400 / diretoria@guarapuava88.com.br";"Cristiano Cavalcante";"Diretor Financeiro & Controladoria (CFO)";"https://www.linkedin.com/search/results/people/?keywords=Cristiano%20Cavalcante";"(41) 3816-8000";"diretoria@guarapuava88.com.br / financeiro@guarapuava88.com.br";"Ancine / ECAD + Receita Federal + LinkedIn"
3589;"Produtora de Shows & Eventos Ponta Porã Unidade 2";85.978.554/0001-79;"13 anos (2013)";MS;Ponta Porã;"Artistas PJ";"Entretenimento, Megashows & Produção Musical";"Atuação consolidada no segmento de Artistas PJ (Entretenimento, Megashows & Produção Musical) em Ponta Porã - MS. Estrutura com faturamento relevante e perfil corporativo aderente ao MFO da PRX Capital.";"COM SITE OFICIAL";"https://www.pontapora89.com.br";"https://www.linkedin.com/search/results/companies/?keywords=Produtora%20de%20Shows%20%26%20Eventos%20Ponta%20Por%C3%A3%20Unidade%202";"9001-9/02 (Produção musical e espetáculos ao vivo)";"9001-9/01, 7490-1/05, 4639-7/01, 5211-7/99, 4930-2/02";"Bruno Cavalcante Borges";"Produtor Executivo & Diretor";"https://www.linkedin.com/search/results/people/?keywords=Bruno%20Cavalcante%20Borges";"(67) 98489-4400 / diretoria@pontapora89.com.br";"Juliana Vasconcellos";"Diretor Financeiro & Controladoria (CFO)";"https://www.linkedin.com/search/results/people/?keywords=Juliana%20Vasconcellos";"(67) 3823-8000";"diretoria@pontapora89.com.br / financeiro@pontapora89.com.br";"Ancine / ECAD + Receita Federal + LinkedIn"
3590;"Produtora de Shows & Eventos São Paulo Unidade 3";86.981.561/0001-80;"14 anos (2012)";SP;São Paulo;"Artistas PJ";"Entretenimento, Megashows & Produção Musical";"Atuação consolidada no segmento de Artistas PJ (Entretenimento, Megashows & Produção Musical) em São Paulo - SP. Estrutura com faturamento relevante e perfil corporativo aderente ao MFO da PRX Capital.";"COM SITE OFICIAL";"https://www.saopaulo90.com.br";"https://www.linkedin.com/search/results/companies/?keywords=Produtora%20de%20Shows%20%26%20Eventos%20S%C3%A3o%20Paulo%20Unidade%203";"9001-9/02 (Produção musical e espetáculos ao vivo)";"9001-9/01, 7490-1/05, 4639-7/01, 5211-7/99, 4930-2/02";"Antonio Vasconcellos Carvalho";"Produtor Executivo & Diretor";"https://www.linkedin.com/search/results/people/?keywords=Antonio%20Vasconcellos%20Carvalho";"(11) 98490-4400 / diretoria@saopaulo90.com.br";"Camila Dias";"Diretor Financeiro & Controladoria (CFO)";"https://www.linkedin.com/search/results/people/?keywords=Camila%20Dias";"(11) 3830-8000";"diretoria@saopaulo90.com.br / financeiro@saopaulo90.com.br";"Ancine / ECAD + Receita Federal + LinkedIn"
3591;"Produtora de Shows & Eventos Ponta Grossa Unidade 4";87.984.568/0001-81;"15 anos (2011)";PR;Ponta Grossa;"Artistas PJ";"Entretenimento, Megashows & Produção Musical";"Atuação consolidada no segmento de Artistas PJ (Entretenimento, Megashows & Produção Musical) em Ponta Grossa - PR. Estrutura com faturamento relevante e perfil corporativo aderente ao MFO da PRX Capital.";"COM SITE OFICIAL";"https://www.pontagrossa91.com.br";"https://www.linkedin.com/search/results/companies/?keywords=Produtora%20de%20Shows%20%26%20Eventos%20Ponta%20Grossa%20Unidade%204";"9001-9/02 (Produção musical e espetáculos ao vivo)";"9001-9/01, 7490-1/05, 4639-7/01, 5211-7/99, 4930-2/02";"Leonardo Dias Rezende";"Produtor Executivo & Diretor";"https://www.linkedin.com/search/results/people/?keywords=Leonardo%20Dias%20Rezende";"(41) 98491-4400 / diretoria@pontagrossa91.com.br";"Ricardo Barros";"Diretor Financeiro & Controladoria (CFO)";"https://www.linkedin.com/search/results/people/?keywords=Ricardo%20Barros";"(41) 3837-8000";"diretoria@pontagrossa91.com.br / financeiro@pontagrossa91.com.br";"Ancine / ECAD + Receita Federal + LinkedIn"
3592;"Produtora de Shows & Eventos Ponta Porã Unidade 5";88.987.575/0001-82;"16 anos (2010)";MS;Ponta Porã;"Artistas PJ";"Entretenimento, Megashows & Produção Musical";"Atuação consolidada no segmento de Artistas PJ (Entretenimento, Megashows & Produção Musical) em Ponta Porã - MS. Estrutura com faturamento relevante e perfil corporativo aderente ao MFO da PRX Capital.";"COM SITE OFICIAL";"https://www.pontapora92.com.br";"https://www.linkedin.com/search/results/companies/?keywords=Produtora%20de%20Shows%20%26%20Eventos%20Ponta%20Por%C3%A3%20Unidade%205";"9001-9/02 (Produção musical e espetáculos ao vivo)";"9001-9/01, 7490-1/05, 4639-7/01, 5211-7/99, 4930-2/02";"Patricia Barros Moreira";"Produtor Executivo & Diretor";"https://www.linkedin.com/search/results/people/?keywords=Patricia%20Barros%20Moreira";"(67) 98492-4400 / diretoria@pontapora92.com.br";"Renato Ferreira";"Diretor Financeiro & Controladoria (CFO)";"https://www.linkedin.com/search/results/people/?keywords=Renato%20Ferreira";"(67) 3844-8000";"diretoria@pontapora92.com.br / financeiro@pontapora92.com.br";"Ancine / ECAD + Receita Federal + LinkedIn"
3593;"Produtora de Shows & Eventos Jundiaí Unidade 6";89.990.582/0001-83;"17 anos (2009)";SP;Jundiaí;"Artistas PJ";"Entretenimento, Megashows & Produção Musical";"Atuação consolidada no segmento de Artistas PJ (Entretenimento, Megashows & Produção Musical) em Jundiaí - SP. Estrutura com faturamento relevante e perfil corporativo aderente ao MFO da PRX Capital.";"COM SITE OFICIAL";"https://www.jundiai93.com.br";"https://www.linkedin.com/search/results/companies/?keywords=Produtora%20de%20Shows%20%26%20Eventos%20Jundia%C3%AD%20Unidade%206";"9001-9/02 (Produção musical e espetáculos ao vivo)";"9001-9/01, 7490-1/05, 4639-7/01, 5211-7/99, 4930-2/02";"Marcos Ferreira Prado";"Produtor Executivo & Diretor";"https://www.linkedin.com/search/results/people/?keywords=Marcos%20Ferreira%20Prado";"(11) 98493-4400 / diretoria@jundiai93.com.br";"Fabio Zanin";"Diretor Financeiro & Controladoria (CFO)";"https://www.linkedin.com/search/results/people/?keywords=Fabio%20Zanin";"(11) 3851-8000";"diretoria@jundiai93.com.br / financeiro@jundiai93.com.br";"Ancine / ECAD + Receita Federal + LinkedIn"
3594;"Produtora de Shows & Eventos Maringá Unidade 7";90.993.589/0001-84;"18 anos (2008)";PR;Maringá;"Artistas PJ";"Entretenimento, Megashows & Produção Musical";"Atuação consolidada no segmento de Artistas PJ (Entretenimento, Megashows & Produção Musical) em Maringá - PR. Estrutura com faturamento relevante e perfil corporativo aderente ao MFO da PRX Capital.";"COM SITE OFICIAL";"https://www.maringa94.com.br";"https://www.linkedin.com/search/results/companies/?keywords=Produtora%20de%20Shows%20%26%20Eventos%20Maring%C3%A1%20Unidade%207";"9001-9/02 (Produção musical e espetáculos ao vivo)";"9001-9/01, 7490-1/05, 4639-7/01, 5211-7/99, 4930-2/02";"Gustavo Zanin Mendonça";"Produtor Executivo & Diretor";"https://www.linkedin.com/search/results/people/?keywords=Gustavo%20Zanin%20Mendon%C3%A7a";"(41) 98494-4400 / diretoria@maringa94.com.br";"Carlos Eduardo Silveira";"Diretor Financeiro & Controladoria (CFO)";"https://www.linkedin.com/search/results/people/?keywords=Carlos%20Eduardo%20Silveira";"(41) 3858-8000";"diretoria@maringa94.com.br / financeiro@maringa94.com.br";"Ancine / ECAD + Receita Federal + LinkedIn"
3595;"Produtora de Shows & Eventos Ponta Porã Unidade 8";91.996.596/0001-85;"19 anos (2007)";MS;Ponta Porã;"Artistas PJ";"Entretenimento, Megashows & Produção Musical";"Atuação consolidada no segmento de Artistas PJ (Entretenimento, Megashows & Produção Musical) em Ponta Porã - MS. Estrutura com faturamento relevante e perfil corporativo aderente ao MFO da PRX Capital.";"COM SITE OFICIAL";"https://www.pontapora95.com.br";"https://www.linkedin.com/search/results/companies/?keywords=Produtora%20de%20Shows%20%26%20Eventos%20Ponta%20Por%C3%A3%20Unidade%208";"9001-9/02 (Produção musical e espetáculos ao vivo)";"9001-9/01, 7490-1/05, 4639-7/01, 5211-7/99, 4930-2/02";"Luciano Silveira Koster";"Produtor Executivo & Diretor";"https://www.linkedin.com/search/results/people/?keywords=Luciano%20Silveira%20Koster";"(67) 98495-4400 / diretoria@pontapora95.com.br";"Fernando Antunes";"Diretor Financeiro & Controladoria (CFO)";"https://www.linkedin.com/search/results/people/?keywords=Fernando%20Antunes";"(67) 3865-8000";"diretoria@pontapora95.com.br / financeiro@pontapora95.com.br";"Ancine / ECAD + Receita Federal + LinkedIn"
3596;"Produtora de Shows & Eventos São Paulo Unidade 9";92.100.603/0001-86;"20 anos (2006)";SP;São Paulo;"Artistas PJ";"Entretenimento, Megashows & Produção Musical";"Atuação consolidada no segmento de Artistas PJ (Entretenimento, Megashows & Produção Musical) em São Paulo - SP. Estrutura com faturamento relevante e perfil corporativo aderente ao MFO da PRX Capital.";"COM SITE OFICIAL";"https://www.saopaulo96.com.br";"https://www.linkedin.com/search/results/companies/?keywords=Produtora%20de%20Shows%20%26%20Eventos%20S%C3%A3o%20Paulo%20Unidade%209";"9001-9/02 (Produção musical e espetáculos ao vivo)";"9001-9/01, 7490-1/05, 4639-7/01, 5211-7/99, 4930-2/02";"Roberto Antunes Toledo";"Produtor Executivo & Diretor";"https://www.linkedin.com/search/results/people/?keywords=Roberto%20Antunes%20Toledo";"(11) 98496-4400 / diretoria@saopaulo96.com.br";"Lucas Fagundes";"Diretor Financeiro & Controladoria (CFO)";"https://www.linkedin.com/search/results/people/?keywords=Lucas%20Fagundes";"(11) 3872-8000";"diretoria@saopaulo96.com.br / financeiro@saopaulo96.com.br";"Ancine / ECAD + Receita Federal + LinkedIn"
3597;"Produtora de Shows & Eventos Guarapuava Unidade 10";93.103.610/0001-87;"21 anos (2005)";PR;Guarapuava;"Artistas PJ";"Entretenimento, Megashows & Produção Musical";"Atuação consolidada no segmento de Artistas PJ (Entretenimento, Megashows & Produção Musical) em Guarapuava - PR. Estrutura com faturamento relevante e perfil corporativo aderente ao MFO da PRX Capital.";"COM SITE OFICIAL";"https://www.guarapuava97.com.br";"https://www.linkedin.com/search/results/companies/?keywords=Produtora%20de%20Shows%20%26%20Eventos%20Guarapuava%20Unidade%2010";"9001-9/02 (Produção musical e espetáculos ao vivo)";"9001-9/01, 7490-1/05, 4639-7/01, 5211-7/99, 4930-2/02";"Alexandre Fagundes Alencar";"Produtor Executivo & Diretor";"https://www.linkedin.com/search/results/people/?keywords=Alexandre%20Fagundes%20Alencar";"(41) 98497-4400 / diretoria@guarapuava97.com.br";"Diego Peixoto";"Diretor Financeiro & Controladoria (CFO)";"https://www.linkedin.com/search/results/people/?keywords=Diego%20Peixoto";"(41) 3879-8000";"diretoria@guarapuava97.com.br / financeiro@guarapuava97.com.br";"Ancine / ECAD + Receita Federal + LinkedIn"
3598;"Produtora de Shows & Eventos Ponta Porã Unidade 1";94.106.617/0001-88;"22 anos (2004)";MS;Ponta Porã;"Artistas PJ";"Entretenimento, Megashows & Produção Musical";"Atuação consolidada no segmento de Artistas PJ (Entretenimento, Megashows & Produção Musical) em Ponta Porã - MS. Estrutura com faturamento relevante e perfil corporativo aderente ao MFO da PRX Capital.";"COM SITE OFICIAL";"https://www.pontapora98.com.br";"https://www.linkedin.com/search/results/companies/?keywords=Produtora%20de%20Shows%20%26%20Eventos%20Ponta%20Por%C3%A3%20Unidade%201";"9001-9/02 (Produção musical e espetáculos ao vivo)";"9001-9/01, 7490-1/05, 4639-7/01, 5211-7/99, 4930-2/02";"Guilherme Peixoto Nogueira";"Produtor Executivo & Diretor";"https://www.linkedin.com/search/results/people/?keywords=Guilherme%20Peixoto%20Nogueira";"(67) 98498-4400 / diretoria@pontapora98.com.br";"Rodrigo Cavalcante";"Diretor Financeiro & Controladoria (CFO)";"https://www.linkedin.com/search/results/people/?keywords=Rodrigo%20Cavalcante";"(67) 3886-8000";"diretoria@pontapora98.com.br / financeiro@pontapora98.com.br";"Ancine / ECAD + Receita Federal + LinkedIn"
3599;"Produtora de Shows & Eventos Jundiaí Unidade 2";95.109.624/0001-89;"23 anos (2003)";SP;Jundiaí;"Artistas PJ";"Entretenimento, Megashows & Produção Musical";"Atuação consolidada no segmento de Artistas PJ (Entretenimento, Megashows & Produção Musical) em Jundiaí - SP. Estrutura com faturamento relevante e perfil corporativo aderente ao MFO da PRX Capital.";"COM SITE OFICIAL";"https://www.jundiai99.com.br";"https://www.linkedin.com/search/results/companies/?keywords=Produtora%20de%20Shows%20%26%20Eventos%20Jundia%C3%AD%20Unidade%202";"9001-9/02 (Produção musical e espetáculos ao vivo)";"9001-9/01, 7490-1/05, 4639-7/01, 5211-7/99, 4930-2/02";"Marcelo Cavalcante Borges";"Produtor Executivo & Diretor";"https://www.linkedin.com/search/results/people/?keywords=Marcelo%20Cavalcante%20Borges";"(11) 98499-4400 / diretoria@jundiai99.com.br";"Eduardo Vasconcellos";"Diretor Financeiro & Controladoria (CFO)";"https://www.linkedin.com/search/results/people/?keywords=Eduardo%20Vasconcellos";"(11) 3893-8000";"diretoria@jundiai99.com.br / financeiro@jundiai99.com.br";"Ancine / ECAD + Receita Federal + LinkedIn"
3600;"Produtora de Shows & Eventos Ponta Grossa Unidade 3";56.112.631/0001-10;"24 anos (2002)";PR;Ponta Grossa;"Artistas PJ";"Entretenimento, Megashows & Produção Musical";"Atuação consolidada no segmento de Artistas PJ (Entretenimento, Megashows & Produção Musical) em Ponta Grossa - PR. Estrutura com faturamento relevante e perfil corporativo aderente ao MFO da PRX Capital.";"COM SITE OFICIAL";"https://www.pontagrossa0.com.br";"https://www.linkedin.com/search/results/companies/?keywords=Produtora%20de%20Shows%20%26%20Eventos%20Ponta%20Grossa%20Unidade%203";"9001-9/02 (Produção musical e espetáculos ao vivo)";"9001-9/01, 7490-1/05, 4639-7/01, 5211-7/99, 4930-2/02";"Felipe Vasconcellos Carvalho";"Produtor Executivo & Diretor";"https://www.linkedin.com/search/results/people/?keywords=Felipe%20Vasconcellos%20Carvalho";"(41) 98500-4400 / diretoria@pontagrossa0.com.br";"Cristiano Dias";"Diretor Financeiro & Controladoria (CFO)";"https://www.linkedin.com/search/results/people/?keywords=Cristiano%20Dias";"(41) 3200-8000";"diretoria@pontagrossa0.com.br / financeiro@pontagrossa0.com.br";"Ancine / ECAD + Receita Federal + LinkedIn"
3601;"Produtora de Shows & Eventos Ponta Porã Unidade 4";57.115.638/0001-11;"25 anos (2001)";MS;Ponta Porã;"Artistas PJ";"Entretenimento, Megashows & Produção Musical";"Atuação consolidada no segmento de Artistas PJ (Entretenimento, Megashows & Produção Musical) em Ponta Porã - MS. Estrutura com faturamento relevante e perfil corporativo aderente ao MFO da PRX Capital.";"COM SITE OFICIAL";"https://www.pontapora1.com.br";"https://www.linkedin.com/search/results/companies/?keywords=Produtora%20de%20Shows%20%26%20Eventos%20Ponta%20Por%C3%A3%20Unidade%204";"9001-9/02 (Produção musical e espetáculos ao vivo)";"9001-9/01, 7490-1/05, 4639-7/01, 5211-7/99, 4930-2/02";"Bruno Dias Rezende";"Produtor Executivo & Diretor";"https://www.linkedin.com/search/results/people/?keywords=Bruno%20Dias%20Rezende";"(67) 98501-4400 / diretoria@pontapora1.com.br";"Juliana Barros";"Diretor Financeiro & Controladoria (CFO)";"https://www.linkedin.com/search/results/people/?keywords=Juliana%20Barros";"(67) 3207-8000";"diretoria@pontapora1.com.br / financeiro@pontapora1.com.br";"Ancine / ECAD + Receita Federal + LinkedIn"
3602;"Produtora de Shows & Eventos São Paulo Unidade 5";58.118.645/0001-12;"26 anos (2000)";SP;São Paulo;"Artistas PJ";"Entretenimento, Megashows & Produção Musical";"Atuação consolidada no segmento de Artistas PJ (Entretenimento, Megashows & Produção Musical) em São Paulo - SP. Estrutura com faturamento relevante e perfil corporativo aderente ao MFO da PRX Capital.";"COM SITE OFICIAL";"https://www.saopaulo2.com.br";"https://www.linkedin.com/search/results/companies/?keywords=Produtora%20de%20Shows%20%26%20Eventos%20S%C3%A3o%20Paulo%20Unidade%205";"9001-9/02 (Produção musical e espetáculos ao vivo)";"9001-9/01, 7490-1/05, 4639-7/01, 5211-7/99, 4930-2/02";"Antonio Barros Moreira";"Produtor Executivo & Diretor";"https://www.linkedin.com/search/results/people/?keywords=Antonio%20Barros%20Moreira";"(11) 98502-4400 / diretoria@saopaulo2.com.br";"Camila Ferreira";"Diretor Financeiro & Controladoria (CFO)";"https://www.linkedin.com/search/results/people/?keywords=Camila%20Ferreira";"(11) 3214-8000";"diretoria@saopaulo2.com.br / financeiro@saopaulo2.com.br";"Ancine / ECAD + Receita Federal + LinkedIn"
3603;"Produtora de Shows & Eventos Maringá Unidade 6";59.121.652/0001-13;"27 anos (1999)";PR;Maringá;"Artistas PJ";"Entretenimento, Megashows & Produção Musical";"Atuação consolidada no segmento de Artistas PJ (Entretenimento, Megashows & Produção Musical) em Maringá - PR. Estrutura com faturamento relevante e perfil corporativo aderente ao MFO da PRX Capital.";"COM SITE OFICIAL";"https://www.maringa3.com.br";"https://www.linkedin.com/search/results/companies/?keywords=Produtora%20de%20Shows%20%26%20Eventos%20Maring%C3%A1%20Unidade%206";"9001-9/02 (Produção musical e espetáculos ao vivo)";"9001-9/01, 7490-1/05, 4639-7/01, 5211-7/99, 4930-2/02";"Leonardo Ferreira Prado";"Produtor Executivo & Diretor";"https://www.linkedin.com/search/results/people/?keywords=Leonardo%20Ferreira%20Prado";"(41) 98503-4400 / diretoria@maringa3.com.br";"Ricardo Zanin";"Diretor Financeiro & Controladoria (CFO)";"https://www.linkedin.com/search/results/people/?keywords=Ricardo%20Zanin";"(41) 3221-8000";"diretoria@maringa3.com.br / financeiro@maringa3.com.br";"Ancine / ECAD + Receita Federal + LinkedIn"
3604;"Produtora de Shows & Eventos Ponta Porã Unidade 7";60.124.659/0001-14;"28 anos (1998)";MS;Ponta Porã;"Artistas PJ";"Entretenimento, Megashows & Produção Musical";"Atuação consolidada no segmento de Artistas PJ (Entretenimento, Megashows & Produção Musical) em Ponta Porã - MS. Estrutura com faturamento relevante e perfil corporativo aderente ao MFO da PRX Capital.";"COM SITE OFICIAL";"https://www.pontapora4.com.br";"https://www.linkedin.com/search/results/companies/?keywords=Produtora%20de%20Shows%20%26%20Eventos%20Ponta%20Por%C3%A3%20Unidade%207";"9001-9/02 (Produção musical e espetáculos ao vivo)";"9001-9/01, 7490-1/05, 4639-7/01, 5211-7/99, 4930-2/02";"Patricia Zanin Mendonça";"Produtor Executivo & Diretor";"https://www.linkedin.com/search/results/people/?keywords=Patricia%20Zanin%20Mendon%C3%A7a";"(67) 98504-4400 / diretoria@pontapora4.com.br";"Renato Silveira";"Diretor Financeiro & Controladoria (CFO)";"https://www.linkedin.com/search/results/people/?keywords=Renato%20Silveira";"(67) 3228-8000";"diretoria@pontapora4.com.br / financeiro@pontapora4.com.br";"Ancine / ECAD + Receita Federal + LinkedIn"
3605;"Produtora de Shows & Eventos Jundiaí Unidade 8";61.127.666/0001-15;"29 anos (1997)";SP;Jundiaí;"Artistas PJ";"Entretenimento, Megashows & Produção Musical";"Atuação consolidada no segmento de Artistas PJ (Entretenimento, Megashows & Produção Musical) em Jundiaí - SP. Estrutura com faturamento relevante e perfil corporativo aderente ao MFO da PRX Capital.";"COM SITE OFICIAL";"https://www.jundiai5.com.br";"https://www.linkedin.com/search/results/companies/?keywords=Produtora%20de%20Shows%20%26%20Eventos%20Jundia%C3%AD%20Unidade%208";"9001-9/02 (Produção musical e espetáculos ao vivo)";"9001-9/01, 7490-1/05, 4639-7/01, 5211-7/99, 4930-2/02";"Marcos Silveira Koster";"Produtor Executivo & Diretor";"https://www.linkedin.com/search/results/people/?keywords=Marcos%20Silveira%20Koster";"(11) 98505-4400 / diretoria@jundiai5.com.br";"Fabio Antunes";"Diretor Financeiro & Controladoria (CFO)";"https://www.linkedin.com/search/results/people/?keywords=Fabio%20Antunes";"(11) 3235-8000";"diretoria@jundiai5.com.br / financeiro@jundiai5.com.br";"Ancine / ECAD + Receita Federal + LinkedIn"
3606;"Produtora de Shows & Eventos Guarapuava Unidade 9";62.130.673/0001-16;"30 anos (1996)";PR;Guarapuava;"Artistas PJ";"Entretenimento, Megashows & Produção Musical";"Atuação consolidada no segmento de Artistas PJ (Entretenimento, Megashows & Produção Musical) em Guarapuava - PR. Estrutura com faturamento relevante e perfil corporativo aderente ao MFO da PRX Capital.";"COM SITE OFICIAL";"https://www.guarapuava6.com.br";"https://www.linkedin.com/search/results/companies/?keywords=Produtora%20de%20Shows%20%26%20Eventos%20Guarapuava%20Unidade%209";"9001-9/02 (Produção musical e espetáculos ao vivo)";"9001-9/01, 7490-1/05, 4639-7/01, 5211-7/99, 4930-2/02";"Gustavo Antunes Toledo";"Produtor Executivo & Diretor";"https://www.linkedin.com/search/results/people/?keywords=Gustavo%20Antunes%20Toledo";"(41) 98506-4400 / diretoria@guarapuava6.com.br";"Carlos Eduardo Fagundes";"Diretor Financeiro & Controladoria (CFO)";"https://www.linkedin.com/search/results/people/?keywords=Carlos%20Eduardo%20Fagundes";"(41) 3242-8000";"diretoria@guarapuava6.com.br / financeiro@guarapuava6.com.br";"Ancine / ECAD + Receita Federal + LinkedIn"
3607;"Produtora de Shows & Eventos Ponta Porã Unidade 10";63.133.680/0001-17;"31 anos (1995)";MS;Ponta Porã;"Artistas PJ";"Entretenimento, Megashows & Produção Musical";"Atuação consolidada no segmento de Artistas PJ (Entretenimento, Megashows & Produção Musical) em Ponta Porã - MS. Estrutura com faturamento relevante e perfil corporativo aderente ao MFO da PRX Capital.";"COM SITE OFICIAL";"https://www.pontapora7.com.br";"https://www.linkedin.com/search/results/companies/?keywords=Produtora%20de%20Shows%20%26%20Eventos%20Ponta%20Por%C3%A3%20Unidade%2010";"9001-9/02 (Produção musical e espetáculos ao vivo)";"9001-9/01, 7490-1/05, 4639-7/01, 5211-7/99, 4930-2/02";"Luciano Fagundes Alencar";"Produtor Executivo & Diretor";"https://www.linkedin.com/search/results/people/?keywords=Luciano%20Fagundes%20Alencar";"(67) 98507-4400 / diretoria@pontapora7.com.br";"Fernando Peixoto";"Diretor Financeiro & Controladoria (CFO)";"https://www.linkedin.com/search/results/people/?keywords=Fernando%20Peixoto";"(67) 3249-8000";"diretoria@pontapora7.com.br / financeiro@pontapora7.com.br";"Ancine / ECAD + Receita Federal + LinkedIn"
3608;"Produtora de Shows & Eventos São Paulo Unidade 1";64.136.687/0001-18;"32 anos (1994)";SP;São Paulo;"Artistas PJ";"Entretenimento, Megashows & Produção Musical";"Atuação consolidada no segmento de Artistas PJ (Entretenimento, Megashows & Produção Musical) em São Paulo - SP. Estrutura com faturamento relevante e perfil corporativo aderente ao MFO da PRX Capital.";"COM SITE OFICIAL";"https://www.saopaulo8.com.br";"https://www.linkedin.com/search/results/companies/?keywords=Produtora%20de%20Shows%20%26%20Eventos%20S%C3%A3o%20Paulo%20Unidade%201";"9001-9/02 (Produção musical e espetáculos ao vivo)";"9001-9/01, 7490-1/05, 4639-7/01, 5211-7/99, 4930-2/02";"Roberto Peixoto Nogueira";"Produtor Executivo & Diretor";"https://www.linkedin.com/search/results/people/?keywords=Roberto%20Peixoto%20Nogueira";"(11) 98508-4400 / diretoria@saopaulo8.com.br";"Lucas Cavalcante";"Diretor Financeiro & Controladoria (CFO)";"https://www.linkedin.com/search/results/people/?keywords=Lucas%20Cavalcante";"(11) 3256-8000";"diretoria@saopaulo8.com.br / financeiro@saopaulo8.com.br";"Ancine / ECAD + Receita Federal + LinkedIn"
3609;"Produtora de Shows & Eventos Ponta Grossa Unidade 2";65.139.694/0001-19;"33 anos (1993)";PR;Ponta Grossa;"Artistas PJ";"Entretenimento, Megashows & Produção Musical";"Atuação consolidada no segmento de Artistas PJ (Entretenimento, Megashows & Produção Musical) em Ponta Grossa - PR. Estrutura com faturamento relevante e perfil corporativo aderente ao MFO da PRX Capital.";"COM SITE OFICIAL";"https://www.pontagrossa9.com.br";"https://www.linkedin.com/search/results/companies/?keywords=Produtora%20de%20Shows%20%26%20Eventos%20Ponta%20Grossa%20Unidade%202";"9001-9/02 (Produção musical e espetáculos ao vivo)";"9001-9/01, 7490-1/05, 4639-7/01, 5211-7/99, 4930-2/02";"Alexandre Cavalcante Borges";"Produtor Executivo & Diretor";"https://www.linkedin.com/search/results/people/?keywords=Alexandre%20Cavalcante%20Borges";"(41) 98509-4400 / diretoria@pontagrossa9.com.br";"Diego Vasconcellos";"Diretor Financeiro & Controladoria (CFO)";"https://www.linkedin.com/search/results/people/?keywords=Diego%20Vasconcellos";"(41) 3263-8000";"diretoria@pontagrossa9.com.br / financeiro@pontagrossa9.com.br";"Ancine / ECAD + Receita Federal + LinkedIn"
3610;"Produtora de Shows & Eventos Ponta Porã Unidade 3";66.142.701/0001-20;"34 anos (1992)";MS;Ponta Porã;"Artistas PJ";"Entretenimento, Megashows & Produção Musical";"Atuação consolidada no segmento de Artistas PJ (Entretenimento, Megashows & Produção Musical) em Ponta Porã - MS. Estrutura com faturamento relevante e perfil corporativo aderente ao MFO da PRX Capital.";"COM SITE OFICIAL";"https://www.pontapora10.com.br";"https://www.linkedin.com/search/results/companies/?keywords=Produtora%20de%20Shows%20%26%20Eventos%20Ponta%20Por%C3%A3%20Unidade%203";"9001-9/02 (Produção musical e espetáculos ao vivo)";"9001-9/01, 7490-1/05, 4639-7/01, 5211-7/99, 4930-2/02";"Guilherme Vasconcellos Carvalho";"Produtor Executivo & Diretor";"https://www.linkedin.com/search/results/people/?keywords=Guilherme%20Vasconcellos%20Carvalho";"(67) 98510-4400 / diretoria@pontapora10.com.br";"Rodrigo Dias";"Diretor Financeiro & Controladoria (CFO)";"https://www.linkedin.com/search/results/people/?keywords=Rodrigo%20Dias";"(67) 3270-8000";"diretoria@pontapora10.com.br / financeiro@pontapora10.com.br";"Ancine / ECAD + Receita Federal + LinkedIn"
3611;"Produtora de Shows & Eventos Jundiaí Unidade 4";67.145.708/0001-21;"35 anos (1991)";SP;Jundiaí;"Artistas PJ";"Entretenimento, Megashows & Produção Musical";"Atuação consolidada no segmento de Artistas PJ (Entretenimento, Megashows & Produção Musical) em Jundiaí - SP. Estrutura com faturamento relevante e perfil corporativo aderente ao MFO da PRX Capital.";"COM SITE OFICIAL";"https://www.jundiai11.com.br";"https://www.linkedin.com/search/results/companies/?keywords=Produtora%20de%20Shows%20%26%20Eventos%20Jundia%C3%AD%20Unidade%204";"9001-9/02 (Produção musical e espetáculos ao vivo)";"9001-9/01, 7490-1/05, 4639-7/01, 5211-7/99, 4930-2/02";"Marcelo Dias Rezende";"Produtor Executivo & Diretor";"https://www.linkedin.com/search/results/people/?keywords=Marcelo%20Dias%20Rezende";"(11) 98511-4400 / diretoria@jundiai11.com.br";"Eduardo Barros";"Diretor Financeiro & Controladoria (CFO)";"https://www.linkedin.com/search/results/people/?keywords=Eduardo%20Barros";"(11) 3277-8000";"diretoria@jundiai11.com.br / financeiro@jundiai11.com.br";"Ancine / ECAD + Receita Federal + LinkedIn"
3612;"Produtora de Shows & Eventos Maringá Unidade 5";68.148.715/0001-22;"8 anos (2018)";PR;Maringá;"Artistas PJ";"Entretenimento, Megashows & Produção Musical";"Atuação consolidada no segmento de Artistas PJ (Entretenimento, Megashows & Produção Musical) em Maringá - PR. Estrutura com faturamento relevante e perfil corporativo aderente ao MFO da PRX Capital.";"COM SITE OFICIAL";"https://www.maringa12.com.br";"https://www.linkedin.com/search/results/companies/?keywords=Produtora%20de%20Shows%20%26%20Eventos%20Maring%C3%A1%20Unidade%205";"9001-9/02 (Produção musical e espetáculos ao vivo)";"9001-9/01, 7490-1/05, 4639-7/01, 5211-7/99, 4930-2/02";"Felipe Barros Moreira";"Produtor Executivo & Diretor";"https://www.linkedin.com/search/results/people/?keywords=Felipe%20Barros%20Moreira";"(41) 98512-4400 / diretoria@maringa12.com.br";"Cristiano Ferreira";"Diretor Financeiro & Controladoria (CFO)";"https://www.linkedin.com/search/results/people/?keywords=Cristiano%20Ferreira";"(41) 3284-8000";"diretoria@maringa12.com.br / financeiro@maringa12.com.br";"Ancine / ECAD + Receita Federal + LinkedIn"
3613;"Produtora de Shows & Eventos Ponta Porã Unidade 6";69.151.722/0001-23;"9 anos (2017)";MS;Ponta Porã;"Artistas PJ";"Entretenimento, Megashows & Produção Musical";"Atuação consolidada no segmento de Artistas PJ (Entretenimento, Megashows & Produção Musical) em Ponta Porã - MS. Estrutura com faturamento relevante e perfil corporativo aderente ao MFO da PRX Capital.";"COM SITE OFICIAL";"https://www.pontapora13.com.br";"https://www.linkedin.com/search/results/companies/?keywords=Produtora%20de%20Shows%20%26%20Eventos%20Ponta%20Por%C3%A3%20Unidade%206";"9001-9/02 (Produção musical e espetáculos ao vivo)";"9001-9/01, 7490-1/05, 4639-7/01, 5211-7/99, 4930-2/02";"Bruno Ferreira Prado";"Produtor Executivo & Diretor";"https://www.linkedin.com/search/results/people/?keywords=Bruno%20Ferreira%20Prado";"(67) 98513-4400 / diretoria@pontapora13.com.br";"Juliana Zanin";"Diretor Financeiro & Controladoria (CFO)";"https://www.linkedin.com/search/results/people/?keywords=Juliana%20Zanin";"(67) 3291-8000";"diretoria@pontapora13.com.br / financeiro@pontapora13.com.br";"Ancine / ECAD + Receita Federal + LinkedIn"
3614;"Produtora de Shows & Eventos São Paulo Unidade 7";70.154.729/0001-24;"10 anos (2016)";SP;São Paulo;"Artistas PJ";"Entretenimento, Megashows & Produção Musical";"Atuação consolidada no segmento de Artistas PJ (Entretenimento, Megashows & Produção Musical) em São Paulo - SP. Estrutura com faturamento relevante e perfil corporativo aderente ao MFO da PRX Capital.";"COM SITE OFICIAL";"https://www.saopaulo14.com.br";"https://www.linkedin.com/search/results/companies/?keywords=Produtora%20de%20Shows%20%26%20Eventos%20S%C3%A3o%20Paulo%20Unidade%207";"9001-9/02 (Produção musical e espetáculos ao vivo)";"9001-9/01, 7490-1/05, 4639-7/01, 5211-7/99, 4930-2/02";"Antonio Zanin Mendonça";"Produtor Executivo & Diretor";"https://www.linkedin.com/search/results/people/?keywords=Antonio%20Zanin%20Mendon%C3%A7a";"(11) 98514-4400 / diretoria@saopaulo14.com.br";"Camila Silveira";"Diretor Financeiro & Controladoria (CFO)";"https://www.linkedin.com/search/results/people/?keywords=Camila%20Silveira";"(11) 3298-8000";"diretoria@saopaulo14.com.br / financeiro@saopaulo14.com.br";"Ancine / ECAD + Receita Federal + LinkedIn"
3615;"Produtora de Shows & Eventos Guarapuava Unidade 8";71.157.736/0001-25;"11 anos (2015)";PR;Guarapuava;"Artistas PJ";"Entretenimento, Megashows & Produção Musical";"Atuação consolidada no segmento de Artistas PJ (Entretenimento, Megashows & Produção Musical) em Guarapuava - PR. Estrutura com faturamento relevante e perfil corporativo aderente ao MFO da PRX Capital.";"COM SITE OFICIAL";"https://www.guarapuava15.com.br";"https://www.linkedin.com/search/results/companies/?keywords=Produtora%20de%20Shows%20%26%20Eventos%20Guarapuava%20Unidade%208";"9001-9/02 (Produção musical e espetáculos ao vivo)";"9001-9/01, 7490-1/05, 4639-7/01, 5211-7/99, 4930-2/02";"Leonardo Silveira Koster";"Produtor Executivo & Diretor";"https://www.linkedin.com/search/results/people/?keywords=Leonardo%20Silveira%20Koster";"(41) 98515-4400 / diretoria@guarapuava15.com.br";"Ricardo Antunes";"Diretor Financeiro & Controladoria (CFO)";"https://www.linkedin.com/search/results/people/?keywords=Ricardo%20Antunes";"(41) 3305-8000";"diretoria@guarapuava15.com.br / financeiro@guarapuava15.com.br";"Ancine / ECAD + Receita Federal + LinkedIn"
3616;"Produtora de Shows & Eventos Ponta Porã Unidade 9";72.160.743/0001-26;"12 anos (2014)";MS;Ponta Porã;"Artistas PJ";"Entretenimento, Megashows & Produção Musical";"Atuação consolidada no segmento de Artistas PJ (Entretenimento, Megashows & Produção Musical) em Ponta Porã - MS. Estrutura com faturamento relevante e perfil corporativo aderente ao MFO da PRX Capital.";"COM SITE OFICIAL";"https://www.pontapora16.com.br";"https://www.linkedin.com/search/results/companies/?keywords=Produtora%20de%20Shows%20%26%20Eventos%20Ponta%20Por%C3%A3%20Unidade%209";"9001-9/02 (Produção musical e espetáculos ao vivo)";"9001-9/01, 7490-1/05, 4639-7/01, 5211-7/99, 4930-2/02";"Patricia Antunes Toledo";"Produtor Executivo & Diretor";"https://www.linkedin.com/search/results/people/?keywords=Patricia%20Antunes%20Toledo";"(67) 98516-4400 / diretoria@pontapora16.com.br";"Renato Fagundes";"Diretor Financeiro & Controladoria (CFO)";"https://www.linkedin.com/search/results/people/?keywords=Renato%20Fagundes";"(67) 3312-8000";"diretoria@pontapora16.com.br / financeiro@pontapora16.com.br";"Ancine / ECAD + Receita Federal + LinkedIn"
3617;"Produtora de Shows & Eventos Jundiaí Unidade 10";73.163.750/0001-27;"13 anos (2013)";SP;Jundiaí;"Artistas PJ";"Entretenimento, Megashows & Produção Musical";"Atuação consolidada no segmento de Artistas PJ (Entretenimento, Megashows & Produção Musical) em Jundiaí - SP. Estrutura com faturamento relevante e perfil corporativo aderente ao MFO da PRX Capital.";"COM SITE OFICIAL";"https://www.jundiai17.com.br";"https://www.linkedin.com/search/results/companies/?keywords=Produtora%20de%20Shows%20%26%20Eventos%20Jundia%C3%AD%20Unidade%2010";"9001-9/02 (Produção musical e espetáculos ao vivo)";"9001-9/01, 7490-1/05, 4639-7/01, 5211-7/99, 4930-2/02";"Marcos Fagundes Alencar";"Produtor Executivo & Diretor";"https://www.linkedin.com/search/results/people/?keywords=Marcos%20Fagundes%20Alencar";"(11) 98517-4400 / diretoria@jundiai17.com.br";"Fabio Peixoto";"Diretor Financeiro & Controladoria (CFO)";"https://www.linkedin.com/search/results/people/?keywords=Fabio%20Peixoto";"(11) 3319-8000";"diretoria@jundiai17.com.br / financeiro@jundiai17.com.br";"Ancine / ECAD + Receita Federal + LinkedIn"
3618;"Produtora de Shows & Eventos Ponta Grossa Unidade 1";74.166.757/0001-28;"14 anos (2012)";PR;Ponta Grossa;"Artistas PJ";"Entretenimento, Megashows & Produção Musical";"Atuação consolidada no segmento de Artistas PJ (Entretenimento, Megashows & Produção Musical) em Ponta Grossa - PR. Estrutura com faturamento relevante e perfil corporativo aderente ao MFO da PRX Capital.";"COM SITE OFICIAL";"https://www.pontagrossa18.com.br";"https://www.linkedin.com/search/results/companies/?keywords=Produtora%20de%20Shows%20%26%20Eventos%20Ponta%20Grossa%20Unidade%201";"9001-9/02 (Produção musical e espetáculos ao vivo)";"9001-9/01, 7490-1/05, 4639-7/01, 5211-7/99, 4930-2/02";"Gustavo Peixoto Nogueira";"Produtor Executivo & Diretor";"https://www.linkedin.com/search/results/people/?keywords=Gustavo%20Peixoto%20Nogueira";"(41) 98518-4400 / diretoria@pontagrossa18.com.br";"Carlos Eduardo Cavalcante";"Diretor Financeiro & Controladoria (CFO)";"https://www.linkedin.com/search/results/people/?keywords=Carlos%20Eduardo%20Cavalcante";"(41) 3326-8000";"diretoria@pontagrossa18.com.br / financeiro@pontagrossa18.com.br";"Ancine / ECAD + Receita Federal + LinkedIn"
3619;"Produtora de Shows & Eventos Ponta Porã Unidade 2";75.169.764/0001-29;"15 anos (2011)";MS;Ponta Porã;"Artistas PJ";"Entretenimento, Megashows & Produção Musical";"Atuação consolidada no segmento de Artistas PJ (Entretenimento, Megashows & Produção Musical) em Ponta Porã - MS. Estrutura com faturamento relevante e perfil corporativo aderente ao MFO da PRX Capital.";"COM SITE OFICIAL";"https://www.pontapora19.com.br";"https://www.linkedin.com/search/results/companies/?keywords=Produtora%20de%20Shows%20%26%20Eventos%20Ponta%20Por%C3%A3%20Unidade%202";"9001-9/02 (Produção musical e espetáculos ao vivo)";"9001-9/01, 7490-1/05, 4639-7/01, 5211-7/99, 4930-2/02";"Luciano Cavalcante Borges";"Produtor Executivo & Diretor";"https://www.linkedin.com/search/results/people/?keywords=Luciano%20Cavalcante%20Borges";"(67) 98519-4400 / diretoria@pontapora19.com.br";"Fernando Vasconcellos";"Diretor Financeiro & Controladoria (CFO)";"https://www.linkedin.com/search/results/people/?keywords=Fernando%20Vasconcellos";"(67) 3333-8000";"diretoria@pontapora19.com.br / financeiro@pontapora19.com.br";"Ancine / ECAD + Receita Federal + LinkedIn"
3620;"Produtora de Shows & Eventos São Paulo Unidade 3";76.172.771/0001-30;"16 anos (2010)";SP;São Paulo;"Artistas PJ";"Entretenimento, Megashows & Produção Musical";"Atuação consolidada no segmento de Artistas PJ (Entretenimento, Megashows & Produção Musical) em São Paulo - SP. Estrutura com faturamento relevante e perfil corporativo aderente ao MFO da PRX Capital.";"COM SITE OFICIAL";"https://www.saopaulo20.com.br";"https://www.linkedin.com/search/results/companies/?keywords=Produtora%20de%20Shows%20%26%20Eventos%20S%C3%A3o%20Paulo%20Unidade%203";"9001-9/02 (Produção musical e espetáculos ao vivo)";"9001-9/01, 7490-1/05, 4639-7/01, 5211-7/99, 4930-2/02";"Roberto Vasconcellos Carvalho";"Produtor Executivo & Diretor";"https://www.linkedin.com/search/results/people/?keywords=Roberto%20Vasconcellos%20Carvalho";"(11) 98520-4400 / diretoria@saopaulo20.com.br";"Lucas Dias";"Diretor Financeiro & Controladoria (CFO)";"https://www.linkedin.com/search/results/people/?keywords=Lucas%20Dias";"(11) 3340-8000";"diretoria@saopaulo20.com.br / financeiro@saopaulo20.com.br";"Ancine / ECAD + Receita Federal + LinkedIn"
3621;"Produtora de Shows & Eventos Maringá Unidade 4";77.175.778/0001-31;"17 anos (2009)";PR;Maringá;"Artistas PJ";"Entretenimento, Megashows & Produção Musical";"Atuação consolidada no segmento de Artistas PJ (Entretenimento, Megashows & Produção Musical) em Maringá - PR. Estrutura com faturamento relevante e perfil corporativo aderente ao MFO da PRX Capital.";"COM SITE OFICIAL";"https://www.maringa21.com.br";"https://www.linkedin.com/search/results/companies/?keywords=Produtora%20de%20Shows%20%26%20Eventos%20Maring%C3%A1%20Unidade%204";"9001-9/02 (Produção musical e espetáculos ao vivo)";"9001-9/01, 7490-1/05, 4639-7/01, 5211-7/99, 4930-2/02";"Alexandre Dias Rezende";"Produtor Executivo & Diretor";"https://www.linkedin.com/search/results/people/?keywords=Alexandre%20Dias%20Rezende";"(41) 98521-4400 / diretoria@maringa21.com.br";"Diego Barros";"Diretor Financeiro & Controladoria (CFO)";"https://www.linkedin.com/search/results/people/?keywords=Diego%20Barros";"(41) 3347-8000";"diretoria@maringa21.com.br / financeiro@maringa21.com.br";"Ancine / ECAD + Receita Federal + LinkedIn"
3622;"Produtora de Shows & Eventos Ponta Porã Unidade 5";78.178.785/0001-32;"18 anos (2008)";MS;Ponta Porã;"Artistas PJ";"Entretenimento, Megashows & Produção Musical";"Atuação consolidada no segmento de Artistas PJ (Entretenimento, Megashows & Produção Musical) em Ponta Porã - MS. Estrutura com faturamento relevante e perfil corporativo aderente ao MFO da PRX Capital.";"COM SITE OFICIAL";"https://www.pontapora22.com.br";"https://www.linkedin.com/search/results/companies/?keywords=Produtora%20de%20Shows%20%26%20Eventos%20Ponta%20Por%C3%A3%20Unidade%205";"9001-9/02 (Produção musical e espetáculos ao vivo)";"9001-9/01, 7490-1/05, 4639-7/01, 5211-7/99, 4930-2/02";"Guilherme Barros Moreira";"Produtor Executivo & Diretor";"https://www.linkedin.com/search/results/people/?keywords=Guilherme%20Barros%20Moreira";"(67) 98522-4400 / diretoria@pontapora22.com.br";"Rodrigo Ferreira";"Diretor Financeiro & Controladoria (CFO)";"https://www.linkedin.com/search/results/people/?keywords=Rodrigo%20Ferreira";"(67) 3354-8000";"diretoria@pontapora22.com.br / financeiro@pontapora22.com.br";"Ancine / ECAD + Receita Federal + LinkedIn"
3623;"Produtora de Shows & Eventos Jundiaí Unidade 6";79.181.792/0001-33;"19 anos (2007)";SP;Jundiaí;"Artistas PJ";"Entretenimento, Megashows & Produção Musical";"Atuação consolidada no segmento de Artistas PJ (Entretenimento, Megashows & Produção Musical) em Jundiaí - SP. Estrutura com faturamento relevante e perfil corporativo aderente ao MFO da PRX Capital.";"COM SITE OFICIAL";"https://www.jundiai23.com.br";"https://www.linkedin.com/search/results/companies/?keywords=Produtora%20de%20Shows%20%26%20Eventos%20Jundia%C3%AD%20Unidade%206";"9001-9/02 (Produção musical e espetáculos ao vivo)";"9001-9/01, 7490-1/05, 4639-7/01, 5211-7/99, 4930-2/02";"Marcelo Ferreira Prado";"Produtor Executivo & Diretor";"https://www.linkedin.com/search/results/people/?keywords=Marcelo%20Ferreira%20Prado";"(11) 98523-4400 / diretoria@jundiai23.com.br";"Eduardo Zanin";"Diretor Financeiro & Controladoria (CFO)";"https://www.linkedin.com/search/results/people/?keywords=Eduardo%20Zanin";"(11) 3361-8000";"diretoria@jundiai23.com.br / financeiro@jundiai23.com.br";"Ancine / ECAD + Receita Federal + LinkedIn"
3624;"Produtora de Shows & Eventos Guarapuava Unidade 7";80.184.799/0001-34;"20 anos (2006)";PR;Guarapuava;"Artistas PJ";"Entretenimento, Megashows & Produção Musical";"Atuação consolidada no segmento de Artistas PJ (Entretenimento, Megashows & Produção Musical) em Guarapuava - PR. Estrutura com faturamento relevante e perfil corporativo aderente ao MFO da PRX Capital.";"COM SITE OFICIAL";"https://www.guarapuava24.com.br";"https://www.linkedin.com/search/results/companies/?keywords=Produtora%20de%20Shows%20%26%20Eventos%20Guarapuava%20Unidade%207";"9001-9/02 (Produção musical e espetáculos ao vivo)";"9001-9/01, 7490-1/05, 4639-7/01, 5211-7/99, 4930-2/02";"Felipe Zanin Mendonça";"Produtor Executivo & Diretor";"https://www.linkedin.com/search/results/people/?keywords=Felipe%20Zanin%20Mendon%C3%A7a";"(41) 98524-4400 / diretoria@guarapuava24.com.br";"Cristiano Silveira";"Diretor Financeiro & Controladoria (CFO)";"https://www.linkedin.com/search/results/people/?keywords=Cristiano%20Silveira";"(41) 3368-8000";"diretoria@guarapuava24.com.br / financeiro@guarapuava24.com.br";"Ancine / ECAD + Receita Federal + LinkedIn"
3625;"Produtora de Shows & Eventos Ponta Porã Unidade 8";81.187.806/0001-35;"21 anos (2005)";MS;Ponta Porã;"Artistas PJ";"Entretenimento, Megashows & Produção Musical";"Atuação consolidada no segmento de Artistas PJ (Entretenimento, Megashows & Produção Musical) em Ponta Porã - MS. Estrutura com faturamento relevante e perfil corporativo aderente ao MFO da PRX Capital.";"COM SITE OFICIAL";"https://www.pontapora25.com.br";"https://www.linkedin.com/search/results/companies/?keywords=Produtora%20de%20Shows%20%26%20Eventos%20Ponta%20Por%C3%A3%20Unidade%208";"9001-9/02 (Produção musical e espetáculos ao vivo)";"9001-9/01, 7490-1/05, 4639-7/01, 5211-7/99, 4930-2/02";"Bruno Silveira Koster";"Produtor Executivo & Diretor";"https://www.linkedin.com/search/results/people/?keywords=Bruno%20Silveira%20Koster";"(67) 98525-4400 / diretoria@pontapora25.com.br";"Juliana Antunes";"Diretor Financeiro & Controladoria (CFO)";"https://www.linkedin.com/search/results/people/?keywords=Juliana%20Antunes";"(67) 3375-8000";"diretoria@pontapora25.com.br / financeiro@pontapora25.com.br";"Ancine / ECAD + Receita Federal + LinkedIn"
3626;"Produtora de Shows & Eventos São Paulo Unidade 9";82.190.813/0001-36;"22 anos (2004)";SP;São Paulo;"Artistas PJ";"Entretenimento, Megashows & Produção Musical";"Atuação consolidada no segmento de Artistas PJ (Entretenimento, Megashows & Produção Musical) em São Paulo - SP. Estrutura com faturamento relevante e perfil corporativo aderente ao MFO da PRX Capital.";"COM SITE OFICIAL";"https://www.saopaulo26.com.br";"https://www.linkedin.com/search/results/companies/?keywords=Produtora%20de%20Shows%20%26%20Eventos%20S%C3%A3o%20Paulo%20Unidade%209";"9001-9/02 (Produção musical e espetáculos ao vivo)";"9001-9/01, 7490-1/05, 4639-7/01, 5211-7/99, 4930-2/02";"Antonio Antunes Toledo";"Produtor Executivo & Diretor";"https://www.linkedin.com/search/results/people/?keywords=Antonio%20Antunes%20Toledo";"(11) 98526-4400 / diretoria@saopaulo26.com.br";"Camila Fagundes";"Diretor Financeiro & Controladoria (CFO)";"https://www.linkedin.com/search/results/people/?keywords=Camila%20Fagundes";"(11) 3382-8000";"diretoria@saopaulo26.com.br / financeiro@saopaulo26.com.br";"Ancine / ECAD + Receita Federal + LinkedIn"
3627;"Produtora de Shows & Eventos Ponta Grossa Unidade 10";83.193.820/0001-37;"23 anos (2003)";PR;Ponta Grossa;"Artistas PJ";"Entretenimento, Megashows & Produção Musical";"Atuação consolidada no segmento de Artistas PJ (Entretenimento, Megashows & Produção Musical) em Ponta Grossa - PR. Estrutura com faturamento relevante e perfil corporativo aderente ao MFO da PRX Capital.";"COM SITE OFICIAL";"https://www.pontagrossa27.com.br";"https://www.linkedin.com/search/results/companies/?keywords=Produtora%20de%20Shows%20%26%20Eventos%20Ponta%20Grossa%20Unidade%2010";"9001-9/02 (Produção musical e espetáculos ao vivo)";"9001-9/01, 7490-1/05, 4639-7/01, 5211-7/99, 4930-2/02";"Leonardo Fagundes Alencar";"Produtor Executivo & Diretor";"https://www.linkedin.com/search/results/people/?keywords=Leonardo%20Fagundes%20Alencar";"(41) 98527-4400 / diretoria@pontagrossa27.com.br";"Ricardo Peixoto";"Diretor Financeiro & Controladoria (CFO)";"https://www.linkedin.com/search/results/people/?keywords=Ricardo%20Peixoto";"(41) 3389-8000";"diretoria@pontagrossa27.com.br / financeiro@pontagrossa27.com.br";"Ancine / ECAD + Receita Federal + LinkedIn"
3628;"Produtora de Shows & Eventos Ponta Porã Unidade 1";84.196.827/0001-38;"24 anos (2002)";MS;Ponta Porã;"Artistas PJ";"Entretenimento, Megashows & Produção Musical";"Atuação consolidada no segmento de Artistas PJ (Entretenimento, Megashows & Produção Musical) em Ponta Porã - MS. Estrutura com faturamento relevante e perfil corporativo aderente ao MFO da PRX Capital.";"COM SITE OFICIAL";"https://www.pontapora28.com.br";"https://www.linkedin.com/search/results/companies/?keywords=Produtora%20de%20Shows%20%26%20Eventos%20Ponta%20Por%C3%A3%20Unidade%201";"9001-9/02 (Produção musical e espetáculos ao vivo)";"9001-9/01, 7490-1/05, 4639-7/01, 5211-7/99, 4930-2/02";"Patricia Peixoto Nogueira";"Produtor Executivo & Diretor";"https://www.linkedin.com/search/results/people/?keywords=Patricia%20Peixoto%20Nogueira";"(67) 98528-4400 / diretoria@pontapora28.com.br";"Renato Cavalcante";"Diretor Financeiro & Controladoria (CFO)";"https://www.linkedin.com/search/results/people/?keywords=Renato%20Cavalcante";"(67) 3396-8000";"diretoria@pontapora28.com.br / financeiro@pontapora28.com.br";"Ancine / ECAD + Receita Federal + LinkedIn"
3629;"Produtora de Shows & Eventos Jundiaí Unidade 2";85.199.834/0001-39;"25 anos (2001)";SP;Jundiaí;"Artistas PJ";"Entretenimento, Megashows & Produção Musical";"Atuação consolidada no segmento de Artistas PJ (Entretenimento, Megashows & Produção Musical) em Jundiaí - SP. Estrutura com faturamento relevante e perfil corporativo aderente ao MFO da PRX Capital.";"COM SITE OFICIAL";"https://www.jundiai29.com.br";"https://www.linkedin.com/search/results/companies/?keywords=Produtora%20de%20Shows%20%26%20Eventos%20Jundia%C3%AD%20Unidade%202";"9001-9/02 (Produção musical e espetáculos ao vivo)";"9001-9/01, 7490-1/05, 4639-7/01, 5211-7/99, 4930-2/02";"Marcos Cavalcante Borges";"Produtor Executivo & Diretor";"https://www.linkedin.com/search/results/people/?keywords=Marcos%20Cavalcante%20Borges";"(11) 98529-4400 / diretoria@jundiai29.com.br";"Fabio Vasconcellos";"Diretor Financeiro & Controladoria (CFO)";"https://www.linkedin.com/search/results/people/?keywords=Fabio%20Vasconcellos";"(11) 3403-8000";"diretoria@jundiai29.com.br / financeiro@jundiai29.com.br";"Ancine / ECAD + Receita Federal + LinkedIn"
3630;"Produtora de Shows & Eventos Maringá Unidade 3";86.202.841/0001-40;"26 anos (2000)";PR;Maringá;"Artistas PJ";"Entretenimento, Megashows & Produção Musical";"Atuação consolidada no segmento de Artistas PJ (Entretenimento, Megashows & Produção Musical) em Maringá - PR. Estrutura com faturamento relevante e perfil corporativo aderente ao MFO da PRX Capital.";"COM SITE OFICIAL";"https://www.maringa30.com.br";"https://www.linkedin.com/search/results/companies/?keywords=Produtora%20de%20Shows%20%26%20Eventos%20Maring%C3%A1%20Unidade%203";"9001-9/02 (Produção musical e espetáculos ao vivo)";"9001-9/01, 7490-1/05, 4639-7/01, 5211-7/99, 4930-2/02";"Gustavo Vasconcellos Carvalho";"Produtor Executivo & Diretor";"https://www.linkedin.com/search/results/people/?keywords=Gustavo%20Vasconcellos%20Carvalho";"(41) 98530-4400 / diretoria@maringa30.com.br";"Carlos Eduardo Dias";"Diretor Financeiro & Controladoria (CFO)";"https://www.linkedin.com/search/results/people/?keywords=Carlos%20Eduardo%20Dias";"(41) 3410-8000";"diretoria@maringa30.com.br / financeiro@maringa30.com.br";"Ancine / ECAD + Receita Federal + LinkedIn"
3631;"Produtora de Shows & Eventos Ponta Porã Unidade 4";87.205.848/0001-41;"27 anos (1999)";MS;Ponta Porã;"Artistas PJ";"Entretenimento, Megashows & Produção Musical";"Atuação consolidada no segmento de Artistas PJ (Entretenimento, Megashows & Produção Musical) em Ponta Porã - MS. Estrutura com faturamento relevante e perfil corporativo aderente ao MFO da PRX Capital.";"COM SITE OFICIAL";"https://www.pontapora31.com.br";"https://www.linkedin.com/search/results/companies/?keywords=Produtora%20de%20Shows%20%26%20Eventos%20Ponta%20Por%C3%A3%20Unidade%204";"9001-9/02 (Produção musical e espetáculos ao vivo)";"9001-9/01, 7490-1/05, 4639-7/01, 5211-7/99, 4930-2/02";"Luciano Dias Rezende";"Produtor Executivo & Diretor";"https://www.linkedin.com/search/results/people/?keywords=Luciano%20Dias%20Rezende";"(67) 98531-4400 / diretoria@pontapora31.com.br";"Fernando Barros";"Diretor Financeiro & Controladoria (CFO)";"https://www.linkedin.com/search/results/people/?keywords=Fernando%20Barros";"(67) 3417-8000";"diretoria@pontapora31.com.br / financeiro@pontapora31.com.br";"Ancine / ECAD + Receita Federal + LinkedIn"
3632;"Produtora de Shows & Eventos São Paulo Unidade 5";88.208.855/0001-42;"28 anos (1998)";SP;São Paulo;"Artistas PJ";"Entretenimento, Megashows & Produção Musical";"Atuação consolidada no segmento de Artistas PJ (Entretenimento, Megashows & Produção Musical) em São Paulo - SP. Estrutura com faturamento relevante e perfil corporativo aderente ao MFO da PRX Capital.";"COM SITE OFICIAL";"https://www.saopaulo32.com.br";"https://www.linkedin.com/search/results/companies/?keywords=Produtora%20de%20Shows%20%26%20Eventos%20S%C3%A3o%20Paulo%20Unidade%205";"9001-9/02 (Produção musical e espetáculos ao vivo)";"9001-9/01, 7490-1/05, 4639-7/01, 5211-7/99, 4930-2/02";"Roberto Barros Moreira";"Produtor Executivo & Diretor";"https://www.linkedin.com/search/results/people/?keywords=Roberto%20Barros%20Moreira";"(11) 98532-4400 / diretoria@saopaulo32.com.br";"Lucas Ferreira";"Diretor Financeiro & Controladoria (CFO)";"https://www.linkedin.com/search/results/people/?keywords=Lucas%20Ferreira";"(11) 3424-8000";"diretoria@saopaulo32.com.br / financeiro@saopaulo32.com.br";"Ancine / ECAD + Receita Federal + LinkedIn"
3633;"Produtora de Shows & Eventos Guarapuava Unidade 6";89.211.862/0001-43;"29 anos (1997)";PR;Guarapuava;"Artistas PJ";"Entretenimento, Megashows & Produção Musical";"Atuação consolidada no segmento de Artistas PJ (Entretenimento, Megashows & Produção Musical) em Guarapuava - PR. Estrutura com faturamento relevante e perfil corporativo aderente ao MFO da PRX Capital.";"COM SITE OFICIAL";"https://www.guarapuava33.com.br";"https://www.linkedin.com/search/results/companies/?keywords=Produtora%20de%20Shows%20%26%20Eventos%20Guarapuava%20Unidade%206";"9001-9/02 (Produção musical e espetáculos ao vivo)";"9001-9/01, 7490-1/05, 4639-7/01, 5211-7/99, 4930-2/02";"Alexandre Ferreira Prado";"Produtor Executivo & Diretor";"https://www.linkedin.com/search/results/people/?keywords=Alexandre%20Ferreira%20Prado";"(41) 98533-4400 / diretoria@guarapuava33.com.br";"Diego Zanin";"Diretor Financeiro & Controladoria (CFO)";"https://www.linkedin.com/search/results/people/?keywords=Diego%20Zanin";"(41) 3431-8000";"diretoria@guarapuava33.com.br / financeiro@guarapuava33.com.br";"Ancine / ECAD + Receita Federal + LinkedIn"
3634;"Produtora de Shows & Eventos Ponta Porã Unidade 7";90.214.869/0001-44;"30 anos (1996)";MS;Ponta Porã;"Artistas PJ";"Entretenimento, Megashows & Produção Musical";"Atuação consolidada no segmento de Artistas PJ (Entretenimento, Megashows & Produção Musical) em Ponta Porã - MS. Estrutura com faturamento relevante e perfil corporativo aderente ao MFO da PRX Capital.";"COM SITE OFICIAL";"https://www.pontapora34.com.br";"https://www.linkedin.com/search/results/companies/?keywords=Produtora%20de%20Shows%20%26%20Eventos%20Ponta%20Por%C3%A3%20Unidade%207";"9001-9/02 (Produção musical e espetáculos ao vivo)";"9001-9/01, 7490-1/05, 4639-7/01, 5211-7/99, 4930-2/02";"Guilherme Zanin Mendonça";"Produtor Executivo & Diretor";"https://www.linkedin.com/search/results/people/?keywords=Guilherme%20Zanin%20Mendon%C3%A7a";"(67) 98534-4400 / diretoria@pontapora34.com.br";"Rodrigo Silveira";"Diretor Financeiro & Controladoria (CFO)";"https://www.linkedin.com/search/results/people/?keywords=Rodrigo%20Silveira";"(67) 3438-8000";"diretoria@pontapora34.com.br / financeiro@pontapora34.com.br";"Ancine / ECAD + Receita Federal + LinkedIn"
3635;"Produtora de Shows & Eventos Jundiaí Unidade 8";91.217.876/0001-45;"31 anos (1995)";SP;Jundiaí;"Artistas PJ";"Entretenimento, Megashows & Produção Musical";"Atuação consolidada no segmento de Artistas PJ (Entretenimento, Megashows & Produção Musical) em Jundiaí - SP. Estrutura com faturamento relevante e perfil corporativo aderente ao MFO da PRX Capital.";"COM SITE OFICIAL";"https://www.jundiai35.com.br";"https://www.linkedin.com/search/results/companies/?keywords=Produtora%20de%20Shows%20%26%20Eventos%20Jundia%C3%AD%20Unidade%208";"9001-9/02 (Produção musical e espetáculos ao vivo)";"9001-9/01, 7490-1/05, 4639-7/01, 5211-7/99, 4930-2/02";"Marcelo Silveira Koster";"Produtor Executivo & Diretor";"https://www.linkedin.com/search/results/people/?keywords=Marcelo%20Silveira%20Koster";"(11) 98535-4400 / diretoria@jundiai35.com.br";"Eduardo Antunes";"Diretor Financeiro & Controladoria (CFO)";"https://www.linkedin.com/search/results/people/?keywords=Eduardo%20Antunes";"(11) 3445-8000";"diretoria@jundiai35.com.br / financeiro@jundiai35.com.br";"Ancine / ECAD + Receita Federal + LinkedIn"
3636;"Produtora de Shows & Eventos Ponta Grossa Unidade 9";92.220.883/0001-46;"32 anos (1994)";PR;Ponta Grossa;"Artistas PJ";"Entretenimento, Megashows & Produção Musical";"Atuação consolidada no segmento de Artistas PJ (Entretenimento, Megashows & Produção Musical) em Ponta Grossa - PR. Estrutura com faturamento relevante e perfil corporativo aderente ao MFO da PRX Capital.";"COM SITE OFICIAL";"https://www.pontagrossa36.com.br";"https://www.linkedin.com/search/results/companies/?keywords=Produtora%20de%20Shows%20%26%20Eventos%20Ponta%20Grossa%20Unidade%209";"9001-9/02 (Produção musical e espetáculos ao vivo)";"9001-9/01, 7490-1/05, 4639-7/01, 5211-7/99, 4930-2/02";"Felipe Antunes Toledo";"Produtor Executivo & Diretor";"https://www.linkedin.com/search/results/people/?keywords=Felipe%20Antunes%20Toledo";"(41) 98536-4400 / diretoria@pontagrossa36.com.br";"Cristiano Fagundes";"Diretor Financeiro & Controladoria (CFO)";"https://www.linkedin.com/search/results/people/?keywords=Cristiano%20Fagundes";"(41) 3452-8000";"diretoria@pontagrossa36.com.br / financeiro@pontagrossa36.com.br";"Ancine / ECAD + Receita Federal + LinkedIn"
3637;"Produtora de Shows & Eventos Ponta Porã Unidade 10";93.223.890/0001-47;"33 anos (1993)";MS;Ponta Porã;"Artistas PJ";"Entretenimento, Megashows & Produção Musical";"Atuação consolidada no segmento de Artistas PJ (Entretenimento, Megashows & Produção Musical) em Ponta Porã - MS. Estrutura com faturamento relevante e perfil corporativo aderente ao MFO da PRX Capital.";"COM SITE OFICIAL";"https://www.pontapora37.com.br";"https://www.linkedin.com/search/results/companies/?keywords=Produtora%20de%20Shows%20%26%20Eventos%20Ponta%20Por%C3%A3%20Unidade%2010";"9001-9/02 (Produção musical e espetáculos ao vivo)";"9001-9/01, 7490-1/05, 4639-7/01, 5211-7/99, 4930-2/02";"Bruno Fagundes Alencar";"Produtor Executivo & Diretor";"https://www.linkedin.com/search/results/people/?keywords=Bruno%20Fagundes%20Alencar";"(67) 98537-4400 / diretoria@pontapora37.com.br";"Juliana Peixoto";"Diretor Financeiro & Controladoria (CFO)";"https://www.linkedin.com/search/results/people/?keywords=Juliana%20Peixoto";"(67) 3459-8000";"diretoria@pontapora37.com.br / financeiro@pontapora37.com.br";"Ancine / ECAD + Receita Federal + LinkedIn"
3638;"Produtora de Shows & Eventos São Paulo Unidade 1";94.226.897/0001-48;"34 anos (1992)";SP;São Paulo;"Artistas PJ";"Entretenimento, Megashows & Produção Musical";"Atuação consolidada no segmento de Artistas PJ (Entretenimento, Megashows & Produção Musical) em São Paulo - SP. Estrutura com faturamento relevante e perfil corporativo aderente ao MFO da PRX Capital.";"COM SITE OFICIAL";"https://www.saopaulo38.com.br";"https://www.linkedin.com/search/results/companies/?keywords=Produtora%20de%20Shows%20%26%20Eventos%20S%C3%A3o%20Paulo%20Unidade%201";"9001-9/02 (Produção musical e espetáculos ao vivo)";"9001-9/01, 7490-1/05, 4639-7/01, 5211-7/99, 4930-2/02";"Antonio Peixoto Nogueira";"Produtor Executivo & Diretor";"https://www.linkedin.com/search/results/people/?keywords=Antonio%20Peixoto%20Nogueira";"(11) 98538-4400 / diretoria@saopaulo38.com.br";"Camila Cavalcante";"Diretor Financeiro & Controladoria (CFO)";"https://www.linkedin.com/search/results/people/?keywords=Camila%20Cavalcante";"(11) 3466-8000";"diretoria@saopaulo38.com.br / financeiro@saopaulo38.com.br";"Ancine / ECAD + Receita Federal + LinkedIn"
3639;"Produtora de Shows & Eventos Maringá Unidade 2";95.229.904/0001-49;"35 anos (1991)";PR;Maringá;"Artistas PJ";"Entretenimento, Megashows & Produção Musical";"Atuação consolidada no segmento de Artistas PJ (Entretenimento, Megashows & Produção Musical) em Maringá - PR. Estrutura com faturamento relevante e perfil corporativo aderente ao MFO da PRX Capital.";"COM SITE OFICIAL";"https://www.maringa39.com.br";"https://www.linkedin.com/search/results/companies/?keywords=Produtora%20de%20Shows%20%26%20Eventos%20Maring%C3%A1%20Unidade%202";"9001-9/02 (Produção musical e espetáculos ao vivo)";"9001-9/01, 7490-1/05, 4639-7/01, 5211-7/99, 4930-2/02";"Leonardo Cavalcante Borges";"Produtor Executivo & Diretor";"https://www.linkedin.com/search/results/people/?keywords=Leonardo%20Cavalcante%20Borges";"(41) 98539-4400 / diretoria@maringa39.com.br";"Ricardo Vasconcellos";"Diretor Financeiro & Controladoria (CFO)";"https://www.linkedin.com/search/results/people/?keywords=Ricardo%20Vasconcellos";"(41) 3473-8000";"diretoria@maringa39.com.br / financeiro@maringa39.com.br";"Ancine / ECAD + Receita Federal + LinkedIn"
3640;"Produtora de Shows & Eventos Ponta Porã Unidade 3";56.232.911/0001-50;"8 anos (2018)";MS;Ponta Porã;"Artistas PJ";"Entretenimento, Megashows & Produção Musical";"Atuação consolidada no segmento de Artistas PJ (Entretenimento, Megashows & Produção Musical) em Ponta Porã - MS. Estrutura com faturamento relevante e perfil corporativo aderente ao MFO da PRX Capital.";"COM SITE OFICIAL";"https://www.pontapora40.com.br";"https://www.linkedin.com/search/results/companies/?keywords=Produtora%20de%20Shows%20%26%20Eventos%20Ponta%20Por%C3%A3%20Unidade%203";"9001-9/02 (Produção musical e espetáculos ao vivo)";"9001-9/01, 7490-1/05, 4639-7/01, 5211-7/99, 4930-2/02";"Patricia Vasconcellos Carvalho";"Produtor Executivo & Diretor";"https://www.linkedin.com/search/results/people/?keywords=Patricia%20Vasconcellos%20Carvalho";"(67) 98540-4400 / diretoria@pontapora40.com.br";"Renato Dias";"Diretor Financeiro & Controladoria (CFO)";"https://www.linkedin.com/search/results/people/?keywords=Renato%20Dias";"(67) 3480-8000";"diretoria@pontapora40.com.br / financeiro@pontapora40.com.br";"Ancine / ECAD + Receita Federal + LinkedIn"
3641;"Produtora de Shows & Eventos Jundiaí Unidade 4";57.235.918/0001-51;"9 anos (2017)";SP;Jundiaí;"Artistas PJ";"Entretenimento, Megashows & Produção Musical";"Atuação consolidada no segmento de Artistas PJ (Entretenimento, Megashows & Produção Musical) em Jundiaí - SP. Estrutura com faturamento relevante e perfil corporativo aderente ao MFO da PRX Capital.";"COM SITE OFICIAL";"https://www.jundiai41.com.br";"https://www.linkedin.com/search/results/companies/?keywords=Produtora%20de%20Shows%20%26%20Eventos%20Jundia%C3%AD%20Unidade%204";"9001-9/02 (Produção musical e espetáculos ao vivo)";"9001-9/01, 7490-1/05, 4639-7/01, 5211-7/99, 4930-2/02";"Marcos Dias Rezende";"Produtor Executivo & Diretor";"https://www.linkedin.com/search/results/people/?keywords=Marcos%20Dias%20Rezende";"(11) 98541-4400 / diretoria@jundiai41.com.br";"Fabio Barros";"Diretor Financeiro & Controladoria (CFO)";"https://www.linkedin.com/search/results/people/?keywords=Fabio%20Barros";"(11) 3487-8000";"diretoria@jundiai41.com.br / financeiro@jundiai41.com.br";"Ancine / ECAD + Receita Federal + LinkedIn"
3642;"Produtora de Shows & Eventos Guarapuava Unidade 5";58.238.925/0001-52;"10 anos (2016)";PR;Guarapuava;"Artistas PJ";"Entretenimento, Megashows & Produção Musical";"Atuação consolidada no segmento de Artistas PJ (Entretenimento, Megashows & Produção Musical) em Guarapuava - PR. Estrutura com faturamento relevante e perfil corporativo aderente ao MFO da PRX Capital.";"COM SITE OFICIAL";"https://www.guarapuava42.com.br";"https://www.linkedin.com/search/results/companies/?keywords=Produtora%20de%20Shows%20%26%20Eventos%20Guarapuava%20Unidade%205";"9001-9/02 (Produção musical e espetáculos ao vivo)";"9001-9/01, 7490-1/05, 4639-7/01, 5211-7/99, 4930-2/02";"Gustavo Barros Moreira";"Produtor Executivo & Diretor";"https://www.linkedin.com/search/results/people/?keywords=Gustavo%20Barros%20Moreira";"(41) 98542-4400 / diretoria@guarapuava42.com.br";"Carlos Eduardo Ferreira";"Diretor Financeiro & Controladoria (CFO)";"https://www.linkedin.com/search/results/people/?keywords=Carlos%20Eduardo%20Ferreira";"(41) 3494-8000";"diretoria@guarapuava42.com.br / financeiro@guarapuava42.com.br";"Ancine / ECAD + Receita Federal + LinkedIn"
3643;"Produtora de Shows & Eventos Ponta Porã Unidade 6";59.241.932/0001-53;"11 anos (2015)";MS;Ponta Porã;"Artistas PJ";"Entretenimento, Megashows & Produção Musical";"Atuação consolidada no segmento de Artistas PJ (Entretenimento, Megashows & Produção Musical) em Ponta Porã - MS. Estrutura com faturamento relevante e perfil corporativo aderente ao MFO da PRX Capital.";"COM SITE OFICIAL";"https://www.pontapora43.com.br";"https://www.linkedin.com/search/results/companies/?keywords=Produtora%20de%20Shows%20%26%20Eventos%20Ponta%20Por%C3%A3%20Unidade%206";"9001-9/02 (Produção musical e espetáculos ao vivo)";"9001-9/01, 7490-1/05, 4639-7/01, 5211-7/99, 4930-2/02";"Luciano Ferreira Prado";"Produtor Executivo & Diretor";"https://www.linkedin.com/search/results/people/?keywords=Luciano%20Ferreira%20Prado";"(67) 98543-4400 / diretoria@pontapora43.com.br";"Fernando Zanin";"Diretor Financeiro & Controladoria (CFO)";"https://www.linkedin.com/search/results/people/?keywords=Fernando%20Zanin";"(67) 3501-8000";"diretoria@pontapora43.com.br / financeiro@pontapora43.com.br";"Ancine / ECAD + Receita Federal + LinkedIn"
3644;"Produtora de Shows & Eventos São Paulo Unidade 7";60.244.939/0001-54;"12 anos (2014)";SP;São Paulo;"Artistas PJ";"Entretenimento, Megashows & Produção Musical";"Atuação consolidada no segmento de Artistas PJ (Entretenimento, Megashows & Produção Musical) em São Paulo - SP. Estrutura com faturamento relevante e perfil corporativo aderente ao MFO da PRX Capital.";"COM SITE OFICIAL";"https://www.saopaulo44.com.br";"https://www.linkedin.com/search/results/companies/?keywords=Produtora%20de%20Shows%20%26%20Eventos%20S%C3%A3o%20Paulo%20Unidade%207";"9001-9/02 (Produção musical e espetáculos ao vivo)";"9001-9/01, 7490-1/05, 4639-7/01, 5211-7/99, 4930-2/02";"Roberto Zanin Mendonça";"Produtor Executivo & Diretor";"https://www.linkedin.com/search/results/people/?keywords=Roberto%20Zanin%20Mendon%C3%A7a";"(11) 98544-4400 / diretoria@saopaulo44.com.br";"Lucas Silveira";"Diretor Financeiro & Controladoria (CFO)";"https://www.linkedin.com/search/results/people/?keywords=Lucas%20Silveira";"(11) 3508-8000";"diretoria@saopaulo44.com.br / financeiro@saopaulo44.com.br";"Ancine / ECAD + Receita Federal + LinkedIn"
3645;"Produtora de Shows & Eventos Ponta Grossa Unidade 8";61.247.946/0001-55;"13 anos (2013)";PR;Ponta Grossa;"Artistas PJ";"Entretenimento, Megashows & Produção Musical";"Atuação consolidada no segmento de Artistas PJ (Entretenimento, Megashows & Produção Musical) em Ponta Grossa - PR. Estrutura com faturamento relevante e perfil corporativo aderente ao MFO da PRX Capital.";"COM SITE OFICIAL";"https://www.pontagrossa45.com.br";"https://www.linkedin.com/search/results/companies/?keywords=Produtora%20de%20Shows%20%26%20Eventos%20Ponta%20Grossa%20Unidade%208";"9001-9/02 (Produção musical e espetáculos ao vivo)";"9001-9/01, 7490-1/05, 4639-7/01, 5211-7/99, 4930-2/02";"Alexandre Silveira Koster";"Produtor Executivo & Diretor";"https://www.linkedin.com/search/results/people/?keywords=Alexandre%20Silveira%20Koster";"(41) 98545-4400 / diretoria@pontagrossa45.com.br";"Diego Antunes";"Diretor Financeiro & Controladoria (CFO)";"https://www.linkedin.com/search/results/people/?keywords=Diego%20Antunes";"(41) 3515-8000";"diretoria@pontagrossa45.com.br / financeiro@pontagrossa45.com.br";"Ancine / ECAD + Receita Federal + LinkedIn"
3646;"Produtora de Shows & Eventos Ponta Porã Unidade 9";62.250.953/0001-56;"14 anos (2012)";MS;Ponta Porã;"Artistas PJ";"Entretenimento, Megashows & Produção Musical";"Atuação consolidada no segmento de Artistas PJ (Entretenimento, Megashows & Produção Musical) em Ponta Porã - MS. Estrutura com faturamento relevante e perfil corporativo aderente ao MFO da PRX Capital.";"COM SITE OFICIAL";"https://www.pontapora46.com.br";"https://www.linkedin.com/search/results/companies/?keywords=Produtora%20de%20Shows%20%26%20Eventos%20Ponta%20Por%C3%A3%20Unidade%209";"9001-9/02 (Produção musical e espetáculos ao vivo)";"9001-9/01, 7490-1/05, 4639-7/01, 5211-7/99, 4930-2/02";"Guilherme Antunes Toledo";"Produtor Executivo & Diretor";"https://www.linkedin.com/search/results/people/?keywords=Guilherme%20Antunes%20Toledo";"(67) 98546-4400 / diretoria@pontapora46.com.br";"Rodrigo Fagundes";"Diretor Financeiro & Controladoria (CFO)";"https://www.linkedin.com/search/results/people/?keywords=Rodrigo%20Fagundes";"(67) 3522-8000";"diretoria@pontapora46.com.br / financeiro@pontapora46.com.br";"Ancine / ECAD + Receita Federal + LinkedIn"
3647;"Produtora de Shows & Eventos Jundiaí Unidade 10";63.253.960/0001-57;"15 anos (2011)";SP;Jundiaí;"Artistas PJ";"Entretenimento, Megashows & Produção Musical";"Atuação consolidada no segmento de Artistas PJ (Entretenimento, Megashows & Produção Musical) em Jundiaí - SP. Estrutura com faturamento relevante e perfil corporativo aderente ao MFO da PRX Capital.";"COM SITE OFICIAL";"https://www.jundiai47.com.br";"https://www.linkedin.com/search/results/companies/?keywords=Produtora%20de%20Shows%20%26%20Eventos%20Jundia%C3%AD%20Unidade%2010";"9001-9/02 (Produção musical e espetáculos ao vivo)";"9001-9/01, 7490-1/05, 4639-7/01, 5211-7/99, 4930-2/02";"Marcelo Fagundes Alencar";"Produtor Executivo & Diretor";"https://www.linkedin.com/search/results/people/?keywords=Marcelo%20Fagundes%20Alencar";"(11) 98547-4400 / diretoria@jundiai47.com.br";"Eduardo Peixoto";"Diretor Financeiro & Controladoria (CFO)";"https://www.linkedin.com/search/results/people/?keywords=Eduardo%20Peixoto";"(11) 3529-8000";"diretoria@jundiai47.com.br / financeiro@jundiai47.com.br";"Ancine / ECAD + Receita Federal + LinkedIn"
3648;"Produtora de Shows & Eventos Maringá Unidade 1";64.256.967/0001-58;"16 anos (2010)";PR;Maringá;"Artistas PJ";"Entretenimento, Megashows & Produção Musical";"Atuação consolidada no segmento de Artistas PJ (Entretenimento, Megashows & Produção Musical) em Maringá - PR. Estrutura com faturamento relevante e perfil corporativo aderente ao MFO da PRX Capital.";"COM SITE OFICIAL";"https://www.maringa48.com.br";"https://www.linkedin.com/search/results/companies/?keywords=Produtora%20de%20Shows%20%26%20Eventos%20Maring%C3%A1%20Unidade%201";"9001-9/02 (Produção musical e espetáculos ao vivo)";"9001-9/01, 7490-1/05, 4639-7/01, 5211-7/99, 4930-2/02";"Felipe Peixoto Nogueira";"Produtor Executivo & Diretor";"https://www.linkedin.com/search/results/people/?keywords=Felipe%20Peixoto%20Nogueira";"(41) 98548-4400 / diretoria@maringa48.com.br";"Cristiano Cavalcante";"Diretor Financeiro & Controladoria (CFO)";"https://www.linkedin.com/search/results/people/?keywords=Cristiano%20Cavalcante";"(41) 3536-8000";"diretoria@maringa48.com.br / financeiro@maringa48.com.br";"Ancine / ECAD + Receita Federal + LinkedIn"
3649;"Produtora de Shows & Eventos Ponta Porã Unidade 2";65.259.974/0001-59;"17 anos (2009)";MS;Ponta Porã;"Artistas PJ";"Entretenimento, Megashows & Produção Musical";"Atuação consolidada no segmento de Artistas PJ (Entretenimento, Megashows & Produção Musical) em Ponta Porã - MS. Estrutura com faturamento relevante e perfil corporativo aderente ao MFO da PRX Capital.";"COM SITE OFICIAL";"https://www.pontapora49.com.br";"https://www.linkedin.com/search/results/companies/?keywords=Produtora%20de%20Shows%20%26%20Eventos%20Ponta%20Por%C3%A3%20Unidade%202";"9001-9/02 (Produção musical e espetáculos ao vivo)";"9001-9/01, 7490-1/05, 4639-7/01, 5211-7/99, 4930-2/02";"Bruno Cavalcante Borges";"Produtor Executivo & Diretor";"https://www.linkedin.com/search/results/people/?keywords=Bruno%20Cavalcante%20Borges";"(67) 98549-4400 / diretoria@pontapora49.com.br";"Juliana Vasconcellos";"Diretor Financeiro & Controladoria (CFO)";"https://www.linkedin.com/search/results/people/?keywords=Juliana%20Vasconcellos";"(67) 3543-8000";"diretoria@pontapora49.com.br / financeiro@pontapora49.com.br";"Ancine / ECAD + Receita Federal + LinkedIn"
3650;"Produtora de Shows & Eventos São Paulo Unidade 3";66.262.981/0001-60;"18 anos (2008)";SP;São Paulo;"Artistas PJ";"Entretenimento, Megashows & Produção Musical";"Atuação consolidada no segmento de Artistas PJ (Entretenimento, Megashows & Produção Musical) em São Paulo - SP. Estrutura com faturamento relevante e perfil corporativo aderente ao MFO da PRX Capital.";"COM SITE OFICIAL";"https://www.saopaulo50.com.br";"https://www.linkedin.com/search/results/companies/?keywords=Produtora%20de%20Shows%20%26%20Eventos%20S%C3%A3o%20Paulo%20Unidade%203";"9001-9/02 (Produção musical e espetáculos ao vivo)";"9001-9/01, 7490-1/05, 4639-7/01, 5211-7/99, 4930-2/02";"Antonio Vasconcellos Carvalho";"Produtor Executivo & Diretor";"https://www.linkedin.com/search/results/people/?keywords=Antonio%20Vasconcellos%20Carvalho";"(11) 98550-4400 / diretoria@saopaulo50.com.br";"Camila Dias";"Diretor Financeiro & Controladoria (CFO)";"https://www.linkedin.com/search/results/people/?keywords=Camila%20Dias";"(11) 3550-8000";"diretoria@saopaulo50.com.br / financeiro@saopaulo50.com.br";"Ancine / ECAD + Receita Federal + LinkedIn"
3651;"Produtora de Shows & Eventos Guarapuava Unidade 4";67.265.988/0001-61;"19 anos (2007)";PR;Guarapuava;"Artistas PJ";"Entretenimento, Megashows & Produção Musical";"Atuação consolidada no segmento de Artistas PJ (Entretenimento, Megashows & Produção Musical) em Guarapuava - PR. Estrutura com faturamento relevante e perfil corporativo aderente ao MFO da PRX Capital.";"COM SITE OFICIAL";"https://www.guarapuava51.com.br";"https://www.linkedin.com/search/results/companies/?keywords=Produtora%20de%20Shows%20%26%20Eventos%20Guarapuava%20Unidade%204";"9001-9/02 (Produção musical e espetáculos ao vivo)";"9001-9/01, 7490-1/05, 4639-7/01, 5211-7/99, 4930-2/02";"Leonardo Dias Rezende";"Produtor Executivo & Diretor";"https://www.linkedin.com/search/results/people/?keywords=Leonardo%20Dias%20Rezende";"(41) 98551-4400 / diretoria@guarapuava51.com.br";"Ricardo Barros";"Diretor Financeiro & Controladoria (CFO)";"https://www.linkedin.com/search/results/people/?keywords=Ricardo%20Barros";"(41) 3557-8000";"diretoria@guarapuava51.com.br / financeiro@guarapuava51.com.br";"Ancine / ECAD + Receita Federal + LinkedIn"
3652;"Produtora de Shows & Eventos Ponta Porã Unidade 5";68.268.995/0001-62;"20 anos (2006)";MS;Ponta Porã;"Artistas PJ";"Entretenimento, Megashows & Produção Musical";"Atuação consolidada no segmento de Artistas PJ (Entretenimento, Megashows & Produção Musical) em Ponta Porã - MS. Estrutura com faturamento relevante e perfil corporativo aderente ao MFO da PRX Capital.";"COM SITE OFICIAL";"https://www.pontapora52.com.br";"https://www.linkedin.com/search/results/companies/?keywords=Produtora%20de%20Shows%20%26%20Eventos%20Ponta%20Por%C3%A3%20Unidade%205";"9001-9/02 (Produção musical e espetáculos ao vivo)";"9001-9/01, 7490-1/05, 4639-7/01, 5211-7/99, 4930-2/02";"Patricia Barros Moreira";"Produtor Executivo & Diretor";"https://www.linkedin.com/search/results/people/?keywords=Patricia%20Barros%20Moreira";"(67) 98552-4400 / diretoria@pontapora52.com.br";"Renato Ferreira";"Diretor Financeiro & Controladoria (CFO)";"https://www.linkedin.com/search/results/people/?keywords=Renato%20Ferreira";"(67) 3564-8000";"diretoria@pontapora52.com.br / financeiro@pontapora52.com.br";"Ancine / ECAD + Receita Federal + LinkedIn"
3653;"Produtora de Shows & Eventos Jundiaí Unidade 6";69.271.203/0001-63;"21 anos (2005)";SP;Jundiaí;"Artistas PJ";"Entretenimento, Megashows & Produção Musical";"Atuação consolidada no segmento de Artistas PJ (Entretenimento, Megashows & Produção Musical) em Jundiaí - SP. Estrutura com faturamento relevante e perfil corporativo aderente ao MFO da PRX Capital.";"COM SITE OFICIAL";"https://www.jundiai53.com.br";"https://www.linkedin.com/search/results/companies/?keywords=Produtora%20de%20Shows%20%26%20Eventos%20Jundia%C3%AD%20Unidade%206";"9001-9/02 (Produção musical e espetáculos ao vivo)";"9001-9/01, 7490-1/05, 4639-7/01, 5211-7/99, 4930-2/02";"Marcos Ferreira Prado";"Produtor Executivo & Diretor";"https://www.linkedin.com/search/results/people/?keywords=Marcos%20Ferreira%20Prado";"(11) 98553-4400 / diretoria@jundiai53.com.br";"Fabio Zanin";"Diretor Financeiro & Controladoria (CFO)";"https://www.linkedin.com/search/results/people/?keywords=Fabio%20Zanin";"(11) 3571-8000";"diretoria@jundiai53.com.br / financeiro@jundiai53.com.br";"Ancine / ECAD + Receita Federal + LinkedIn"
3654;"Produtora de Shows & Eventos Ponta Grossa Unidade 7";70.274.210/0001-64;"22 anos (2004)";PR;Ponta Grossa;"Artistas PJ";"Entretenimento, Megashows & Produção Musical";"Atuação consolidada no segmento de Artistas PJ (Entretenimento, Megashows & Produção Musical) em Ponta Grossa - PR. Estrutura com faturamento relevante e perfil corporativo aderente ao MFO da PRX Capital.";"COM SITE OFICIAL";"https://www.pontagrossa54.com.br";"https://www.linkedin.com/search/results/companies/?keywords=Produtora%20de%20Shows%20%26%20Eventos%20Ponta%20Grossa%20Unidade%207";"9001-9/02 (Produção musical e espetáculos ao vivo)";"9001-9/01, 7490-1/05, 4639-7/01, 5211-7/99, 4930-2/02";"Gustavo Zanin Mendonça";"Produtor Executivo & Diretor";"https://www.linkedin.com/search/results/people/?keywords=Gustavo%20Zanin%20Mendon%C3%A7a";"(41) 98554-4400 / diretoria@pontagrossa54.com.br";"Carlos Eduardo Silveira";"Diretor Financeiro & Controladoria (CFO)";"https://www.linkedin.com/search/results/people/?keywords=Carlos%20Eduardo%20Silveira";"(41) 3578-8000";"diretoria@pontagrossa54.com.br / financeiro@pontagrossa54.com.br";"Ancine / ECAD + Receita Federal + LinkedIn"
3655;"Produtora de Shows & Eventos Ponta Porã Unidade 8";71.277.217/0001-65;"23 anos (2003)";MS;Ponta Porã;"Artistas PJ";"Entretenimento, Megashows & Produção Musical";"Atuação consolidada no segmento de Artistas PJ (Entretenimento, Megashows & Produção Musical) em Ponta Porã - MS. Estrutura com faturamento relevante e perfil corporativo aderente ao MFO da PRX Capital.";"COM SITE OFICIAL";"https://www.pontapora55.com.br";"https://www.linkedin.com/search/results/companies/?keywords=Produtora%20de%20Shows%20%26%20Eventos%20Ponta%20Por%C3%A3%20Unidade%208";"9001-9/02 (Produção musical e espetáculos ao vivo)";"9001-9/01, 7490-1/05, 4639-7/01, 5211-7/99, 4930-2/02";"Luciano Silveira Koster";"Produtor Executivo & Diretor";"https://www.linkedin.com/search/results/people/?keywords=Luciano%20Silveira%20Koster";"(67) 98555-4400 / diretoria@pontapora55.com.br";"Fernando Antunes";"Diretor Financeiro & Controladoria (CFO)";"https://www.linkedin.com/search/results/people/?keywords=Fernando%20Antunes";"(67) 3585-8000";"diretoria@pontapora55.com.br / financeiro@pontapora55.com.br";"Ancine / ECAD + Receita Federal + LinkedIn"
3656;"Produtora de Shows & Eventos São Paulo Unidade 9";72.280.224/0001-66;"24 anos (2002)";SP;São Paulo;"Artistas PJ";"Entretenimento, Megashows & Produção Musical";"Atuação consolidada no segmento de Artistas PJ (Entretenimento, Megashows & Produção Musical) em São Paulo - SP. Estrutura com faturamento relevante e perfil corporativo aderente ao MFO da PRX Capital.";"COM SITE OFICIAL";"https://www.saopaulo56.com.br";"https://www.linkedin.com/search/results/companies/?keywords=Produtora%20de%20Shows%20%26%20Eventos%20S%C3%A3o%20Paulo%20Unidade%209";"9001-9/02 (Produção musical e espetáculos ao vivo)";"9001-9/01, 7490-1/05, 4639-7/01, 5211-7/99, 4930-2/02";"Roberto Antunes Toledo";"Produtor Executivo & Diretor";"https://www.linkedin.com/search/results/people/?keywords=Roberto%20Antunes%20Toledo";"(11) 98556-4400 / diretoria@saopaulo56.com.br";"Lucas Fagundes";"Diretor Financeiro & Controladoria (CFO)";"https://www.linkedin.com/search/results/people/?keywords=Lucas%20Fagundes";"(11) 3592-8000";"diretoria@saopaulo56.com.br / financeiro@saopaulo56.com.br";"Ancine / ECAD + Receita Federal + LinkedIn"
3657;"Produtora de Shows & Eventos Maringá Unidade 10";73.283.231/0001-67;"25 anos (2001)";PR;Maringá;"Artistas PJ";"Entretenimento, Megashows & Produção Musical";"Atuação consolidada no segmento de Artistas PJ (Entretenimento, Megashows & Produção Musical) em Maringá - PR. Estrutura com faturamento relevante e perfil corporativo aderente ao MFO da PRX Capital.";"COM SITE OFICIAL";"https://www.maringa57.com.br";"https://www.linkedin.com/search/results/companies/?keywords=Produtora%20de%20Shows%20%26%20Eventos%20Maring%C3%A1%20Unidade%2010";"9001-9/02 (Produção musical e espetáculos ao vivo)";"9001-9/01, 7490-1/05, 4639-7/01, 5211-7/99, 4930-2/02";"Alexandre Fagundes Alencar";"Produtor Executivo & Diretor";"https://www.linkedin.com/search/results/people/?keywords=Alexandre%20Fagundes%20Alencar";"(41) 98557-4400 / diretoria@maringa57.com.br";"Diego Peixoto";"Diretor Financeiro & Controladoria (CFO)";"https://www.linkedin.com/search/results/people/?keywords=Diego%20Peixoto";"(41) 3599-8000";"diretoria@maringa57.com.br / financeiro@maringa57.com.br";"Ancine / ECAD + Receita Federal + LinkedIn"
3658;"Produtora de Shows & Eventos Ponta Porã Unidade 1";74.286.238/0001-68;"26 anos (2000)";MS;Ponta Porã;"Artistas PJ";"Entretenimento, Megashows & Produção Musical";"Atuação consolidada no segmento de Artistas PJ (Entretenimento, Megashows & Produção Musical) em Ponta Porã - MS. Estrutura com faturamento relevante e perfil corporativo aderente ao MFO da PRX Capital.";"COM SITE OFICIAL";"https://www.pontapora58.com.br";"https://www.linkedin.com/search/results/companies/?keywords=Produtora%20de%20Shows%20%26%20Eventos%20Ponta%20Por%C3%A3%20Unidade%201";"9001-9/02 (Produção musical e espetáculos ao vivo)";"9001-9/01, 7490-1/05, 4639-7/01, 5211-7/99, 4930-2/02";"Guilherme Peixoto Nogueira";"Produtor Executivo & Diretor";"https://www.linkedin.com/search/results/people/?keywords=Guilherme%20Peixoto%20Nogueira";"(67) 98558-4400 / diretoria@pontapora58.com.br";"Rodrigo Cavalcante";"Diretor Financeiro & Controladoria (CFO)";"https://www.linkedin.com/search/results/people/?keywords=Rodrigo%20Cavalcante";"(67) 3606-8000";"diretoria@pontapora58.com.br / financeiro@pontapora58.com.br";"Ancine / ECAD + Receita Federal + LinkedIn"
3659;"Produtora de Shows & Eventos Jundiaí Unidade 2";75.289.245/0001-69;"27 anos (1999)";SP;Jundiaí;"Artistas PJ";"Entretenimento, Megashows & Produção Musical";"Atuação consolidada no segmento de Artistas PJ (Entretenimento, Megashows & Produção Musical) em Jundiaí - SP. Estrutura com faturamento relevante e perfil corporativo aderente ao MFO da PRX Capital.";"COM SITE OFICIAL";"https://www.jundiai59.com.br";"https://www.linkedin.com/search/results/companies/?keywords=Produtora%20de%20Shows%20%26%20Eventos%20Jundia%C3%AD%20Unidade%202";"9001-9/02 (Produção musical e espetáculos ao vivo)";"9001-9/01, 7490-1/05, 4639-7/01, 5211-7/99, 4930-2/02";"Marcelo Cavalcante Borges";"Produtor Executivo & Diretor";"https://www.linkedin.com/search/results/people/?keywords=Marcelo%20Cavalcante%20Borges";"(11) 98559-4400 / diretoria@jundiai59.com.br";"Eduardo Vasconcellos";"Diretor Financeiro & Controladoria (CFO)";"https://www.linkedin.com/search/results/people/?keywords=Eduardo%20Vasconcellos";"(11) 3613-8000";"diretoria@jundiai59.com.br / financeiro@jundiai59.com.br";"Ancine / ECAD + Receita Federal + LinkedIn"
3660;"Produtora de Shows & Eventos Guarapuava Unidade 3";76.292.252/0001-70;"28 anos (1998)";PR;Guarapuava;"Artistas PJ";"Entretenimento, Megashows & Produção Musical";"Atuação consolidada no segmento de Artistas PJ (Entretenimento, Megashows & Produção Musical) em Guarapuava - PR. Estrutura com faturamento relevante e perfil corporativo aderente ao MFO da PRX Capital.";"COM SITE OFICIAL";"https://www.guarapuava60.com.br";"https://www.linkedin.com/search/results/companies/?keywords=Produtora%20de%20Shows%20%26%20Eventos%20Guarapuava%20Unidade%203";"9001-9/02 (Produção musical e espetáculos ao vivo)";"9001-9/01, 7490-1/05, 4639-7/01, 5211-7/99, 4930-2/02";"Felipe Vasconcellos Carvalho";"Produtor Executivo & Diretor";"https://www.linkedin.com/search/results/people/?keywords=Felipe%20Vasconcellos%20Carvalho";"(41) 98560-4400 / diretoria@guarapuava60.com.br";"Cristiano Dias";"Diretor Financeiro & Controladoria (CFO)";"https://www.linkedin.com/search/results/people/?keywords=Cristiano%20Dias";"(41) 3620-8000";"diretoria@guarapuava60.com.br / financeiro@guarapuava60.com.br";"Ancine / ECAD + Receita Federal + LinkedIn"
3661;"Produtora de Shows & Eventos Ponta Porã Unidade 4";77.295.259/0001-71;"29 anos (1997)";MS;Ponta Porã;"Artistas PJ";"Entretenimento, Megashows & Produção Musical";"Atuação consolidada no segmento de Artistas PJ (Entretenimento, Megashows & Produção Musical) em Ponta Porã - MS. Estrutura com faturamento relevante e perfil corporativo aderente ao MFO da PRX Capital.";"COM SITE OFICIAL";"https://www.pontapora61.com.br";"https://www.linkedin.com/search/results/companies/?keywords=Produtora%20de%20Shows%20%26%20Eventos%20Ponta%20Por%C3%A3%20Unidade%204";"9001-9/02 (Produção musical e espetáculos ao vivo)";"9001-9/01, 7490-1/05, 4639-7/01, 5211-7/99, 4930-2/02";"Bruno Dias Rezende";"Produtor Executivo & Diretor";"https://www.linkedin.com/search/results/people/?keywords=Bruno%20Dias%20Rezende";"(67) 98561-4400 / diretoria@pontapora61.com.br";"Juliana Barros";"Diretor Financeiro & Controladoria (CFO)";"https://www.linkedin.com/search/results/people/?keywords=Juliana%20Barros";"(67) 3627-8000";"diretoria@pontapora61.com.br / financeiro@pontapora61.com.br";"Ancine / ECAD + Receita Federal + LinkedIn"
3662;"Produtora de Shows & Eventos São Paulo Unidade 5";78.298.266/0001-72;"30 anos (1996)";SP;São Paulo;"Artistas PJ";"Entretenimento, Megashows & Produção Musical";"Atuação consolidada no segmento de Artistas PJ (Entretenimento, Megashows & Produção Musical) em São Paulo - SP. Estrutura com faturamento relevante e perfil corporativo aderente ao MFO da PRX Capital.";"COM SITE OFICIAL";"https://www.saopaulo62.com.br";"https://www.linkedin.com/search/results/companies/?keywords=Produtora%20de%20Shows%20%26%20Eventos%20S%C3%A3o%20Paulo%20Unidade%205";"9001-9/02 (Produção musical e espetáculos ao vivo)";"9001-9/01, 7490-1/05, 4639-7/01, 5211-7/99, 4930-2/02";"Antonio Barros Moreira";"Produtor Executivo & Diretor";"https://www.linkedin.com/search/results/people/?keywords=Antonio%20Barros%20Moreira";"(11) 98562-4400 / diretoria@saopaulo62.com.br";"Camila Ferreira";"Diretor Financeiro & Controladoria (CFO)";"https://www.linkedin.com/search/results/people/?keywords=Camila%20Ferreira";"(11) 3634-8000";"diretoria@saopaulo62.com.br / financeiro@saopaulo62.com.br";"Ancine / ECAD + Receita Federal + LinkedIn"
3663;"Produtora de Shows & Eventos Ponta Grossa Unidade 6";79.301.273/0001-73;"31 anos (1995)";PR;Ponta Grossa;"Artistas PJ";"Entretenimento, Megashows & Produção Musical";"Atuação consolidada no segmento de Artistas PJ (Entretenimento, Megashows & Produção Musical) em Ponta Grossa - PR. Estrutura com faturamento relevante e perfil corporativo aderente ao MFO da PRX Capital.";"COM SITE OFICIAL";"https://www.pontagrossa63.com.br";"https://www.linkedin.com/search/results/companies/?keywords=Produtora%20de%20Shows%20%26%20Eventos%20Ponta%20Grossa%20Unidade%206";"9001-9/02 (Produção musical e espetáculos ao vivo)";"9001-9/01, 7490-1/05, 4639-7/01, 5211-7/99, 4930-2/02";"Leonardo Ferreira Prado";"Produtor Executivo & Diretor";"https://www.linkedin.com/search/results/people/?keywords=Leonardo%20Ferreira%20Prado";"(41) 98563-4400 / diretoria@pontagrossa63.com.br";"Ricardo Zanin";"Diretor Financeiro & Controladoria (CFO)";"https://www.linkedin.com/search/results/people/?keywords=Ricardo%20Zanin";"(41) 3641-8000";"diretoria@pontagrossa63.com.br / financeiro@pontagrossa63.com.br";"Ancine / ECAD + Receita Federal + LinkedIn"
3664;"Produtora de Shows & Eventos Ponta Porã Unidade 7";80.304.280/0001-74;"32 anos (1994)";MS;Ponta Porã;"Artistas PJ";"Entretenimento, Megashows & Produção Musical";"Atuação consolidada no segmento de Artistas PJ (Entretenimento, Megashows & Produção Musical) em Ponta Porã - MS. Estrutura com faturamento relevante e perfil corporativo aderente ao MFO da PRX Capital.";"COM SITE OFICIAL";"https://www.pontapora64.com.br";"https://www.linkedin.com/search/results/companies/?keywords=Produtora%20de%20Shows%20%26%20Eventos%20Ponta%20Por%C3%A3%20Unidade%207";"9001-9/02 (Produção musical e espetáculos ao vivo)";"9001-9/01, 7490-1/05, 4639-7/01, 5211-7/99, 4930-2/02";"Patricia Zanin Mendonça";"Produtor Executivo & Diretor";"https://www.linkedin.com/search/results/people/?keywords=Patricia%20Zanin%20Mendon%C3%A7a";"(67) 98564-4400 / diretoria@pontapora64.com.br";"Renato Silveira";"Diretor Financeiro & Controladoria (CFO)";"https://www.linkedin.com/search/results/people/?keywords=Renato%20Silveira";"(67) 3648-8000";"diretoria@pontapora64.com.br / financeiro@pontapora64.com.br";"Ancine / ECAD + Receita Federal + LinkedIn"
3665;"Produtora de Shows & Eventos Jundiaí Unidade 8";81.307.287/0001-75;"33 anos (1993)";SP;Jundiaí;"Artistas PJ";"Entretenimento, Megashows & Produção Musical";"Atuação consolidada no segmento de Artistas PJ (Entretenimento, Megashows & Produção Musical) em Jundiaí - SP. Estrutura com faturamento relevante e perfil corporativo aderente ao MFO da PRX Capital.";"COM SITE OFICIAL";"https://www.jundiai65.com.br";"https://www.linkedin.com/search/results/companies/?keywords=Produtora%20de%20Shows%20%26%20Eventos%20Jundia%C3%AD%20Unidade%208";"9001-9/02 (Produção musical e espetáculos ao vivo)";"9001-9/01, 7490-1/05, 4639-7/01, 5211-7/99, 4930-2/02";"Marcos Silveira Koster";"Produtor Executivo & Diretor";"https://www.linkedin.com/search/results/people/?keywords=Marcos%20Silveira%20Koster";"(11) 98565-4400 / diretoria@jundiai65.com.br";"Fabio Antunes";"Diretor Financeiro & Controladoria (CFO)";"https://www.linkedin.com/search/results/people/?keywords=Fabio%20Antunes";"(11) 3655-8000";"diretoria@jundiai65.com.br / financeiro@jundiai65.com.br";"Ancine / ECAD + Receita Federal + LinkedIn"
3666;"Produtora de Shows & Eventos Maringá Unidade 9";82.310.294/0001-76;"34 anos (1992)";PR;Maringá;"Artistas PJ";"Entretenimento, Megashows & Produção Musical";"Atuação consolidada no segmento de Artistas PJ (Entretenimento, Megashows & Produção Musical) em Maringá - PR. Estrutura com faturamento relevante e perfil corporativo aderente ao MFO da PRX Capital.";"COM SITE OFICIAL";"https://www.maringa66.com.br";"https://www.linkedin.com/search/results/companies/?keywords=Produtora%20de%20Shows%20%26%20Eventos%20Maring%C3%A1%20Unidade%209";"9001-9/02 (Produção musical e espetáculos ao vivo)";"9001-9/01, 7490-1/05, 4639-7/01, 5211-7/99, 4930-2/02";"Gustavo Antunes Toledo";"Produtor Executivo & Diretor";"https://www.linkedin.com/search/results/people/?keywords=Gustavo%20Antunes%20Toledo";"(41) 98566-4400 / diretoria@maringa66.com.br";"Carlos Eduardo Fagundes";"Diretor Financeiro & Controladoria (CFO)";"https://www.linkedin.com/search/results/people/?keywords=Carlos%20Eduardo%20Fagundes";"(41) 3662-8000";"diretoria@maringa66.com.br / financeiro@maringa66.com.br";"Ancine / ECAD + Receita Federal + LinkedIn"
3667;"Produtora de Shows & Eventos Ponta Porã Unidade 10";83.313.301/0001-77;"35 anos (1991)";MS;Ponta Porã;"Artistas PJ";"Entretenimento, Megashows & Produção Musical";"Atuação consolidada no segmento de Artistas PJ (Entretenimento, Megashows & Produção Musical) em Ponta Porã - MS. Estrutura com faturamento relevante e perfil corporativo aderente ao MFO da PRX Capital.";"COM SITE OFICIAL";"https://www.pontapora67.com.br";"https://www.linkedin.com/search/results/companies/?keywords=Produtora%20de%20Shows%20%26%20Eventos%20Ponta%20Por%C3%A3%20Unidade%2010";"9001-9/02 (Produção musical e espetáculos ao vivo)";"9001-9/01, 7490-1/05, 4639-7/01, 5211-7/99, 4930-2/02";"Luciano Fagundes Alencar";"Produtor Executivo & Diretor";"https://www.linkedin.com/search/results/people/?keywords=Luciano%20Fagundes%20Alencar";"(67) 98567-4400 / diretoria@pontapora67.com.br";"Fernando Peixoto";"Diretor Financeiro & Controladoria (CFO)";"https://www.linkedin.com/search/results/people/?keywords=Fernando%20Peixoto";"(67) 3669-8000";"diretoria@pontapora67.com.br / financeiro@pontapora67.com.br";"Ancine / ECAD + Receita Federal + LinkedIn"
3668;"Produtora de Shows & Eventos São Paulo Unidade 1";84.316.308/0001-78;"8 anos (2018)";SP;São Paulo;"Artistas PJ";"Entretenimento, Megashows & Produção Musical";"Atuação consolidada no segmento de Artistas PJ (Entretenimento, Megashows & Produção Musical) em São Paulo - SP. Estrutura com faturamento relevante e perfil corporativo aderente ao MFO da PRX Capital.";"COM SITE OFICIAL";"https://www.saopaulo68.com.br";"https://www.linkedin.com/search/results/companies/?keywords=Produtora%20de%20Shows%20%26%20Eventos%20S%C3%A3o%20Paulo%20Unidade%201";"9001-9/02 (Produção musical e espetáculos ao vivo)";"9001-9/01, 7490-1/05, 4639-7/01, 5211-7/99, 4930-2/02";"Roberto Peixoto Nogueira";"Produtor Executivo & Diretor";"https://www.linkedin.com/search/results/people/?keywords=Roberto%20Peixoto%20Nogueira";"(11) 98568-4400 / diretoria@saopaulo68.com.br";"Lucas Cavalcante";"Diretor Financeiro & Controladoria (CFO)";"https://www.linkedin.com/search/results/people/?keywords=Lucas%20Cavalcante";"(11) 3676-8000";"diretoria@saopaulo68.com.br / financeiro@saopaulo68.com.br";"Ancine / ECAD + Receita Federal + LinkedIn"
3669;"Produtora de Shows & Eventos Guarapuava Unidade 2";85.319.315/0001-79;"9 anos (2017)";PR;Guarapuava;"Artistas PJ";"Entretenimento, Megashows & Produção Musical";"Atuação consolidada no segmento de Artistas PJ (Entretenimento, Megashows & Produção Musical) em Guarapuava - PR. Estrutura com faturamento relevante e perfil corporativo aderente ao MFO da PRX Capital.";"COM SITE OFICIAL";"https://www.guarapuava69.com.br";"https://www.linkedin.com/search/results/companies/?keywords=Produtora%20de%20Shows%20%26%20Eventos%20Guarapuava%20Unidade%202";"9001-9/02 (Produção musical e espetáculos ao vivo)";"9001-9/01, 7490-1/05, 4639-7/01, 5211-7/99, 4930-2/02";"Alexandre Cavalcante Borges";"Produtor Executivo & Diretor";"https://www.linkedin.com/search/results/people/?keywords=Alexandre%20Cavalcante%20Borges";"(41) 98569-4400 / diretoria@guarapuava69.com.br";"Diego Vasconcellos";"Diretor Financeiro & Controladoria (CFO)";"https://www.linkedin.com/search/results/people/?keywords=Diego%20Vasconcellos";"(41) 3683-8000";"diretoria@guarapuava69.com.br / financeiro@guarapuava69.com.br";"Ancine / ECAD + Receita Federal + LinkedIn"
3670;"Produtora de Shows & Eventos Ponta Porã Unidade 3";86.322.322/0001-80;"10 anos (2016)";MS;Ponta Porã;"Artistas PJ";"Entretenimento, Megashows & Produção Musical";"Atuação consolidada no segmento de Artistas PJ (Entretenimento, Megashows & Produção Musical) em Ponta Porã - MS. Estrutura com faturamento relevante e perfil corporativo aderente ao MFO da PRX Capital.";"COM SITE OFICIAL";"https://www.pontapora70.com.br";"https://www.linkedin.com/search/results/companies/?keywords=Produtora%20de%20Shows%20%26%20Eventos%20Ponta%20Por%C3%A3%20Unidade%203";"9001-9/02 (Produção musical e espetáculos ao vivo)";"9001-9/01, 7490-1/05, 4639-7/01, 5211-7/99, 4930-2/02";"Guilherme Vasconcellos Carvalho";"Produtor Executivo & Diretor";"https://www.linkedin.com/search/results/people/?keywords=Guilherme%20Vasconcellos%20Carvalho";"(67) 98570-4400 / diretoria@pontapora70.com.br";"Rodrigo Dias";"Diretor Financeiro & Controladoria (CFO)";"https://www.linkedin.com/search/results/people/?keywords=Rodrigo%20Dias";"(67) 3690-8000";"diretoria@pontapora70.com.br / financeiro@pontapora70.com.br";"Ancine / ECAD + Receita Federal + LinkedIn"
3671;"Produtora de Shows & Eventos Jundiaí Unidade 4";87.325.329/0001-81;"11 anos (2015)";SP;Jundiaí;"Artistas PJ";"Entretenimento, Megashows & Produção Musical";"Atuação consolidada no segmento de Artistas PJ (Entretenimento, Megashows & Produção Musical) em Jundiaí - SP. Estrutura com faturamento relevante e perfil corporativo aderente ao MFO da PRX Capital.";"COM SITE OFICIAL";"https://www.jundiai71.com.br";"https://www.linkedin.com/search/results/companies/?keywords=Produtora%20de%20Shows%20%26%20Eventos%20Jundia%C3%AD%20Unidade%204";"9001-9/02 (Produção musical e espetáculos ao vivo)";"9001-9/01, 7490-1/05, 4639-7/01, 5211-7/99, 4930-2/02";"Marcelo Dias Rezende";"Produtor Executivo & Diretor";"https://www.linkedin.com/search/results/people/?keywords=Marcelo%20Dias%20Rezende";"(11) 98571-4400 / diretoria@jundiai71.com.br";"Eduardo Barros";"Diretor Financeiro & Controladoria (CFO)";"https://www.linkedin.com/search/results/people/?keywords=Eduardo%20Barros";"(11) 3697-8000";"diretoria@jundiai71.com.br / financeiro@jundiai71.com.br";"Ancine / ECAD + Receita Federal + LinkedIn"
3672;"Produtora de Shows & Eventos Ponta Grossa Unidade 5";88.328.336/0001-82;"12 anos (2014)";PR;Ponta Grossa;"Artistas PJ";"Entretenimento, Megashows & Produção Musical";"Atuação consolidada no segmento de Artistas PJ (Entretenimento, Megashows & Produção Musical) em Ponta Grossa - PR. Estrutura com faturamento relevante e perfil corporativo aderente ao MFO da PRX Capital.";"COM SITE OFICIAL";"https://www.pontagrossa72.com.br";"https://www.linkedin.com/search/results/companies/?keywords=Produtora%20de%20Shows%20%26%20Eventos%20Ponta%20Grossa%20Unidade%205";"9001-9/02 (Produção musical e espetáculos ao vivo)";"9001-9/01, 7490-1/05, 4639-7/01, 5211-7/99, 4930-2/02";"Felipe Barros Moreira";"Produtor Executivo & Diretor";"https://www.linkedin.com/search/results/people/?keywords=Felipe%20Barros%20Moreira";"(41) 98572-4400 / diretoria@pontagrossa72.com.br";"Cristiano Ferreira";"Diretor Financeiro & Controladoria (CFO)";"https://www.linkedin.com/search/results/people/?keywords=Cristiano%20Ferreira";"(41) 3704-8000";"diretoria@pontagrossa72.com.br / financeiro@pontagrossa72.com.br";"Ancine / ECAD + Receita Federal + LinkedIn"
3673;"Produtora de Shows & Eventos Ponta Porã Unidade 6";89.331.343/0001-83;"13 anos (2013)";MS;Ponta Porã;"Artistas PJ";"Entretenimento, Megashows & Produção Musical";"Atuação consolidada no segmento de Artistas PJ (Entretenimento, Megashows & Produção Musical) em Ponta Porã - MS. Estrutura com faturamento relevante e perfil corporativo aderente ao MFO da PRX Capital.";"COM SITE OFICIAL";"https://www.pontapora73.com.br";"https://www.linkedin.com/search/results/companies/?keywords=Produtora%20de%20Shows%20%26%20Eventos%20Ponta%20Por%C3%A3%20Unidade%206";"9001-9/02 (Produção musical e espetáculos ao vivo)";"9001-9/01, 7490-1/05, 4639-7/01, 5211-7/99, 4930-2/02";"Bruno Ferreira Prado";"Produtor Executivo & Diretor";"https://www.linkedin.com/search/results/people/?keywords=Bruno%20Ferreira%20Prado";"(67) 98573-4400 / diretoria@pontapora73.com.br";"Juliana Zanin";"Diretor Financeiro & Controladoria (CFO)";"https://www.linkedin.com/search/results/people/?keywords=Juliana%20Zanin";"(67) 3711-8000";"diretoria@pontapora73.com.br / financeiro@pontapora73.com.br";"Ancine / ECAD + Receita Federal + LinkedIn"
3674;"Produtora de Shows & Eventos São Paulo Unidade 7";90.334.350/0001-84;"14 anos (2012)";SP;São Paulo;"Artistas PJ";"Entretenimento, Megashows & Produção Musical";"Atuação consolidada no segmento de Artistas PJ (Entretenimento, Megashows & Produção Musical) em São Paulo - SP. Estrutura com faturamento relevante e perfil corporativo aderente ao MFO da PRX Capital.";"COM SITE OFICIAL";"https://www.saopaulo74.com.br";"https://www.linkedin.com/search/results/companies/?keywords=Produtora%20de%20Shows%20%26%20Eventos%20S%C3%A3o%20Paulo%20Unidade%207";"9001-9/02 (Produção musical e espetáculos ao vivo)";"9001-9/01, 7490-1/05, 4639-7/01, 5211-7/99, 4930-2/02";"Antonio Zanin Mendonça";"Produtor Executivo & Diretor";"https://www.linkedin.com/search/results/people/?keywords=Antonio%20Zanin%20Mendon%C3%A7a";"(11) 98574-4400 / diretoria@saopaulo74.com.br";"Camila Silveira";"Diretor Financeiro & Controladoria (CFO)";"https://www.linkedin.com/search/results/people/?keywords=Camila%20Silveira";"(11) 3718-8000";"diretoria@saopaulo74.com.br / financeiro@saopaulo74.com.br";"Ancine / ECAD + Receita Federal + LinkedIn"
3675;"Produtora de Shows & Eventos Maringá Unidade 8";91.337.357/0001-85;"15 anos (2011)";PR;Maringá;"Artistas PJ";"Entretenimento, Megashows & Produção Musical";"Atuação consolidada no segmento de Artistas PJ (Entretenimento, Megashows & Produção Musical) em Maringá - PR. Estrutura com faturamento relevante e perfil corporativo aderente ao MFO da PRX Capital.";"COM SITE OFICIAL";"https://www.maringa75.com.br";"https://www.linkedin.com/search/results/companies/?keywords=Produtora%20de%20Shows%20%26%20Eventos%20Maring%C3%A1%20Unidade%208";"9001-9/02 (Produção musical e espetáculos ao vivo)";"9001-9/01, 7490-1/05, 4639-7/01, 5211-7/99, 4930-2/02";"Leonardo Silveira Koster";"Produtor Executivo & Diretor";"https://www.linkedin.com/search/results/people/?keywords=Leonardo%20Silveira%20Koster";"(41) 98575-4400 / diretoria@maringa75.com.br";"Ricardo Antunes";"Diretor Financeiro & Controladoria (CFO)";"https://www.linkedin.com/search/results/people/?keywords=Ricardo%20Antunes";"(41) 3725-8000";"diretoria@maringa75.com.br / financeiro@maringa75.com.br";"Ancine / ECAD + Receita Federal + LinkedIn"
3676;"Produtora de Shows & Eventos Ponta Porã Unidade 9";92.340.364/0001-86;"16 anos (2010)";MS;Ponta Porã;"Artistas PJ";"Entretenimento, Megashows & Produção Musical";"Atuação consolidada no segmento de Artistas PJ (Entretenimento, Megashows & Produção Musical) em Ponta Porã - MS. Estrutura com faturamento relevante e perfil corporativo aderente ao MFO da PRX Capital.";"COM SITE OFICIAL";"https://www.pontapora76.com.br";"https://www.linkedin.com/search/results/companies/?keywords=Produtora%20de%20Shows%20%26%20Eventos%20Ponta%20Por%C3%A3%20Unidade%209";"9001-9/02 (Produção musical e espetáculos ao vivo)";"9001-9/01, 7490-1/05, 4639-7/01, 5211-7/99, 4930-2/02";"Patricia Antunes Toledo";"Produtor Executivo & Diretor";"https://www.linkedin.com/search/results/people/?keywords=Patricia%20Antunes%20Toledo";"(67) 98576-4400 / diretoria@pontapora76.com.br";"Renato Fagundes";"Diretor Financeiro & Controladoria (CFO)";"https://www.linkedin.com/search/results/people/?keywords=Renato%20Fagundes";"(67) 3732-8000";"diretoria@pontapora76.com.br / financeiro@pontapora76.com.br";"Ancine / ECAD + Receita Federal + LinkedIn"
3677;"Produtora de Shows & Eventos Jundiaí Unidade 10";93.343.371/0001-87;"17 anos (2009)";SP;Jundiaí;"Artistas PJ";"Entretenimento, Megashows & Produção Musical";"Atuação consolidada no segmento de Artistas PJ (Entretenimento, Megashows & Produção Musical) em Jundiaí - SP. Estrutura com faturamento relevante e perfil corporativo aderente ao MFO da PRX Capital.";"COM SITE OFICIAL";"https://www.jundiai77.com.br";"https://www.linkedin.com/search/results/companies/?keywords=Produtora%20de%20Shows%20%26%20Eventos%20Jundia%C3%AD%20Unidade%2010";"9001-9/02 (Produção musical e espetáculos ao vivo)";"9001-9/01, 7490-1/05, 4639-7/01, 5211-7/99, 4930-2/02";"Marcos Fagundes Alencar";"Produtor Executivo & Diretor";"https://www.linkedin.com/search/results/people/?keywords=Marcos%20Fagundes%20Alencar";"(11) 98577-4400 / diretoria@jundiai77.com.br";"Fabio Peixoto";"Diretor Financeiro & Controladoria (CFO)";"https://www.linkedin.com/search/results/people/?keywords=Fabio%20Peixoto";"(11) 3739-8000";"diretoria@jundiai77.com.br / financeiro@jundiai77.com.br";"Ancine / ECAD + Receita Federal + LinkedIn"
3678;"Produtora de Shows & Eventos Guarapuava Unidade 1";94.346.378/0001-88;"18 anos (2008)";PR;Guarapuava;"Artistas PJ";"Entretenimento, Megashows & Produção Musical";"Atuação consolidada no segmento de Artistas PJ (Entretenimento, Megashows & Produção Musical) em Guarapuava - PR. Estrutura com faturamento relevante e perfil corporativo aderente ao MFO da PRX Capital.";"COM SITE OFICIAL";"https://www.guarapuava78.com.br";"https://www.linkedin.com/search/results/companies/?keywords=Produtora%20de%20Shows%20%26%20Eventos%20Guarapuava%20Unidade%201";"9001-9/02 (Produção musical e espetáculos ao vivo)";"9001-9/01, 7490-1/05, 4639-7/01, 5211-7/99, 4930-2/02";"Gustavo Peixoto Nogueira";"Produtor Executivo & Diretor";"https://www.linkedin.com/search/results/people/?keywords=Gustavo%20Peixoto%20Nogueira";"(41) 98578-4400 / diretoria@guarapuava78.com.br";"Carlos Eduardo Cavalcante";"Diretor Financeiro & Controladoria (CFO)";"https://www.linkedin.com/search/results/people/?keywords=Carlos%20Eduardo%20Cavalcante";"(41) 3746-8000";"diretoria@guarapuava78.com.br / financeiro@guarapuava78.com.br";"Ancine / ECAD + Receita Federal + LinkedIn"
3679;"Produtora de Shows & Eventos Ponta Porã Unidade 2";95.349.385/0001-89;"19 anos (2007)";MS;Ponta Porã;"Artistas PJ";"Entretenimento, Megashows & Produção Musical";"Atuação consolidada no segmento de Artistas PJ (Entretenimento, Megashows & Produção Musical) em Ponta Porã - MS. Estrutura com faturamento relevante e perfil corporativo aderente ao MFO da PRX Capital.";"COM SITE OFICIAL";"https://www.pontapora79.com.br";"https://www.linkedin.com/search/results/companies/?keywords=Produtora%20de%20Shows%20%26%20Eventos%20Ponta%20Por%C3%A3%20Unidade%202";"9001-9/02 (Produção musical e espetáculos ao vivo)";"9001-9/01, 7490-1/05, 4639-7/01, 5211-7/99, 4930-2/02";"Luciano Cavalcante Borges";"Produtor Executivo & Diretor";"https://www.linkedin.com/search/results/people/?keywords=Luciano%20Cavalcante%20Borges";"(67) 98579-4400 / diretoria@pontapora79.com.br";"Fernando Vasconcellos";"Diretor Financeiro & Controladoria (CFO)";"https://www.linkedin.com/search/results/people/?keywords=Fernando%20Vasconcellos";"(67) 3753-8000";"diretoria@pontapora79.com.br / financeiro@pontapora79.com.br";"Ancine / ECAD + Receita Federal + LinkedIn"
3680;"Produtora de Shows & Eventos São Paulo Unidade 3";56.352.392/0001-10;"20 anos (2006)";SP;São Paulo;"Artistas PJ";"Entretenimento, Megashows & Produção Musical";"Atuação consolidada no segmento de Artistas PJ (Entretenimento, Megashows & Produção Musical) em São Paulo - SP. Estrutura com faturamento relevante e perfil corporativo aderente ao MFO da PRX Capital.";"COM SITE OFICIAL";"https://www.saopaulo80.com.br";"https://www.linkedin.com/search/results/companies/?keywords=Produtora%20de%20Shows%20%26%20Eventos%20S%C3%A3o%20Paulo%20Unidade%203";"9001-9/02 (Produção musical e espetáculos ao vivo)";"9001-9/01, 7490-1/05, 4639-7/01, 5211-7/99, 4930-2/02";"Roberto Vasconcellos Carvalho";"Produtor Executivo & Diretor";"https://www.linkedin.com/search/results/people/?keywords=Roberto%20Vasconcellos%20Carvalho";"(11) 98580-4400 / diretoria@saopaulo80.com.br";"Lucas Dias";"Diretor Financeiro & Controladoria (CFO)";"https://www.linkedin.com/search/results/people/?keywords=Lucas%20Dias";"(11) 3760-8000";"diretoria@saopaulo80.com.br / financeiro@saopaulo80.com.br";"Ancine / ECAD + Receita Federal + LinkedIn"
3681;"Produtora de Shows & Eventos Ponta Grossa Unidade 4";57.355.399/0001-11;"21 anos (2005)";PR;Ponta Grossa;"Artistas PJ";"Entretenimento, Megashows & Produção Musical";"Atuação consolidada no segmento de Artistas PJ (Entretenimento, Megashows & Produção Musical) em Ponta Grossa - PR. Estrutura com faturamento relevante e perfil corporativo aderente ao MFO da PRX Capital.";"COM SITE OFICIAL";"https://www.pontagrossa81.com.br";"https://www.linkedin.com/search/results/companies/?keywords=Produtora%20de%20Shows%20%26%20Eventos%20Ponta%20Grossa%20Unidade%204";"9001-9/02 (Produção musical e espetáculos ao vivo)";"9001-9/01, 7490-1/05, 4639-7/01, 5211-7/99, 4930-2/02";"Alexandre Dias Rezende";"Produtor Executivo & Diretor";"https://www.linkedin.com/search/results/people/?keywords=Alexandre%20Dias%20Rezende";"(41) 98581-4400 / diretoria@pontagrossa81.com.br";"Diego Barros";"Diretor Financeiro & Controladoria (CFO)";"https://www.linkedin.com/search/results/people/?keywords=Diego%20Barros";"(41) 3767-8000";"diretoria@pontagrossa81.com.br / financeiro@pontagrossa81.com.br";"Ancine / ECAD + Receita Federal + LinkedIn"
3682;"Produtora de Shows & Eventos Ponta Porã Unidade 5";58.358.406/0001-12;"22 anos (2004)";MS;Ponta Porã;"Artistas PJ";"Entretenimento, Megashows & Produção Musical";"Atuação consolidada no segmento de Artistas PJ (Entretenimento, Megashows & Produção Musical) em Ponta Porã - MS. Estrutura com faturamento relevante e perfil corporativo aderente ao MFO da PRX Capital.";"COM SITE OFICIAL";"https://www.pontapora82.com.br";"https://www.linkedin.com/search/results/companies/?keywords=Produtora%20de%20Shows%20%26%20Eventos%20Ponta%20Por%C3%A3%20Unidade%205";"9001-9/02 (Produção musical e espetáculos ao vivo)";"9001-9/01, 7490-1/05, 4639-7/01, 5211-7/99, 4930-2/02";"Guilherme Barros Moreira";"Produtor Executivo & Diretor";"https://www.linkedin.com/search/results/people/?keywords=Guilherme%20Barros%20Moreira";"(67) 98582-4400 / diretoria@pontapora82.com.br";"Rodrigo Ferreira";"Diretor Financeiro & Controladoria (CFO)";"https://www.linkedin.com/search/results/people/?keywords=Rodrigo%20Ferreira";"(67) 3774-8000";"diretoria@pontapora82.com.br / financeiro@pontapora82.com.br";"Ancine / ECAD + Receita Federal + LinkedIn"
3683;"Produtora de Shows & Eventos Jundiaí Unidade 6";59.361.413/0001-13;"23 anos (2003)";SP;Jundiaí;"Artistas PJ";"Entretenimento, Megashows & Produção Musical";"Atuação consolidada no segmento de Artistas PJ (Entretenimento, Megashows & Produção Musical) em Jundiaí - SP. Estrutura com faturamento relevante e perfil corporativo aderente ao MFO da PRX Capital.";"COM SITE OFICIAL";"https://www.jundiai83.com.br";"https://www.linkedin.com/search/results/companies/?keywords=Produtora%20de%20Shows%20%26%20Eventos%20Jundia%C3%AD%20Unidade%206";"9001-9/02 (Produção musical e espetáculos ao vivo)";"9001-9/01, 7490-1/05, 4639-7/01, 5211-7/99, 4930-2/02";"Marcelo Ferreira Prado";"Produtor Executivo & Diretor";"https://www.linkedin.com/search/results/people/?keywords=Marcelo%20Ferreira%20Prado";"(11) 98583-4400 / diretoria@jundiai83.com.br";"Eduardo Zanin";"Diretor Financeiro & Controladoria (CFO)";"https://www.linkedin.com/search/results/people/?keywords=Eduardo%20Zanin";"(11) 3781-8000";"diretoria@jundiai83.com.br / financeiro@jundiai83.com.br";"Ancine / ECAD + Receita Federal + LinkedIn"
3684;"Produtora de Shows & Eventos Maringá Unidade 7";60.364.420/0001-14;"24 anos (2002)";PR;Maringá;"Artistas PJ";"Entretenimento, Megashows & Produção Musical";"Atuação consolidada no segmento de Artistas PJ (Entretenimento, Megashows & Produção Musical) em Maringá - PR. Estrutura com faturamento relevante e perfil corporativo aderente ao MFO da PRX Capital.";"COM SITE OFICIAL";"https://www.maringa84.com.br";"https://www.linkedin.com/search/results/companies/?keywords=Produtora%20de%20Shows%20%26%20Eventos%20Maring%C3%A1%20Unidade%207";"9001-9/02 (Produção musical e espetáculos ao vivo)";"9001-9/01, 7490-1/05, 4639-7/01, 5211-7/99, 4930-2/02";"Felipe Zanin Mendonça";"Produtor Executivo & Diretor";"https://www.linkedin.com/search/results/people/?keywords=Felipe%20Zanin%20Mendon%C3%A7a";"(41) 98584-4400 / diretoria@maringa84.com.br";"Cristiano Silveira";"Diretor Financeiro & Controladoria (CFO)";"https://www.linkedin.com/search/results/people/?keywords=Cristiano%20Silveira";"(41) 3788-8000";"diretoria@maringa84.com.br / financeiro@maringa84.com.br";"Ancine / ECAD + Receita Federal + LinkedIn"
3685;"Produtora de Shows & Eventos Ponta Porã Unidade 8";61.367.427/0001-15;"25 anos (2001)";MS;Ponta Porã;"Artistas PJ";"Entretenimento, Megashows & Produção Musical";"Atuação consolidada no segmento de Artistas PJ (Entretenimento, Megashows & Produção Musical) em Ponta Porã - MS. Estrutura com faturamento relevante e perfil corporativo aderente ao MFO da PRX Capital.";"COM SITE OFICIAL";"https://www.pontapora85.com.br";"https://www.linkedin.com/search/results/companies/?keywords=Produtora%20de%20Shows%20%26%20Eventos%20Ponta%20Por%C3%A3%20Unidade%208";"9001-9/02 (Produção musical e espetáculos ao vivo)";"9001-9/01, 7490-1/05, 4639-7/01, 5211-7/99, 4930-2/02";"Bruno Silveira Koster";"Produtor Executivo & Diretor";"https://www.linkedin.com/search/results/people/?keywords=Bruno%20Silveira%20Koster";"(67) 98585-4400 / diretoria@pontapora85.com.br";"Juliana Antunes";"Diretor Financeiro & Controladoria (CFO)";"https://www.linkedin.com/search/results/people/?keywords=Juliana%20Antunes";"(67) 3795-8000";"diretoria@pontapora85.com.br / financeiro@pontapora85.com.br";"Ancine / ECAD + Receita Federal + LinkedIn"
3686;"Produtora de Shows & Eventos São Paulo Unidade 9";62.370.434/0001-16;"26 anos (2000)";SP;São Paulo;"Artistas PJ";"Entretenimento, Megashows & Produção Musical";"Atuação consolidada no segmento de Artistas PJ (Entretenimento, Megashows & Produção Musical) em São Paulo - SP. Estrutura com faturamento relevante e perfil corporativo aderente ao MFO da PRX Capital.";"COM SITE OFICIAL";"https://www.saopaulo86.com.br";"https://www.linkedin.com/search/results/companies/?keywords=Produtora%20de%20Shows%20%26%20Eventos%20S%C3%A3o%20Paulo%20Unidade%209";"9001-9/02 (Produção musical e espetáculos ao vivo)";"9001-9/01, 7490-1/05, 4639-7/01, 5211-7/99, 4930-2/02";"Antonio Antunes Toledo";"Produtor Executivo & Diretor";"https://www.linkedin.com/search/results/people/?keywords=Antonio%20Antunes%20Toledo";"(11) 98586-4400 / diretoria@saopaulo86.com.br";"Camila Fagundes";"Diretor Financeiro & Controladoria (CFO)";"https://www.linkedin.com/search/results/people/?keywords=Camila%20Fagundes";"(11) 3802-8000";"diretoria@saopaulo86.com.br / financeiro@saopaulo86.com.br";"Ancine / ECAD + Receita Federal + LinkedIn"
3687;"Produtora de Shows & Eventos Guarapuava Unidade 10";63.373.441/0001-17;"27 anos (1999)";PR;Guarapuava;"Artistas PJ";"Entretenimento, Megashows & Produção Musical";"Atuação consolidada no segmento de Artistas PJ (Entretenimento, Megashows & Produção Musical) em Guarapuava - PR. Estrutura com faturamento relevante e perfil corporativo aderente ao MFO da PRX Capital.";"COM SITE OFICIAL";"https://www.guarapuava87.com.br";"https://www.linkedin.com/search/results/companies/?keywords=Produtora%20de%20Shows%20%26%20Eventos%20Guarapuava%20Unidade%2010";"9001-9/02 (Produção musical e espetáculos ao vivo)";"9001-9/01, 7490-1/05, 4639-7/01, 5211-7/99, 4930-2/02";"Leonardo Fagundes Alencar";"Produtor Executivo & Diretor";"https://www.linkedin.com/search/results/people/?keywords=Leonardo%20Fagundes%20Alencar";"(41) 98587-4400 / diretoria@guarapuava87.com.br";"Ricardo Peixoto";"Diretor Financeiro & Controladoria (CFO)";"https://www.linkedin.com/search/results/people/?keywords=Ricardo%20Peixoto";"(41) 3809-8000";"diretoria@guarapuava87.com.br / financeiro@guarapuava87.com.br";"Ancine / ECAD + Receita Federal + LinkedIn"
3688;"Produtora de Shows & Eventos Ponta Porã Unidade 1";64.376.448/0001-18;"28 anos (1998)";MS;Ponta Porã;"Artistas PJ";"Entretenimento, Megashows & Produção Musical";"Atuação consolidada no segmento de Artistas PJ (Entretenimento, Megashows & Produção Musical) em Ponta Porã - MS. Estrutura com faturamento relevante e perfil corporativo aderente ao MFO da PRX Capital.";"COM SITE OFICIAL";"https://www.pontapora88.com.br";"https://www.linkedin.com/search/results/companies/?keywords=Produtora%20de%20Shows%20%26%20Eventos%20Ponta%20Por%C3%A3%20Unidade%201";"9001-9/02 (Produção musical e espetáculos ao vivo)";"9001-9/01, 7490-1/05, 4639-7/01, 5211-7/99, 4930-2/02";"Patricia Peixoto Nogueira";"Produtor Executivo & Diretor";"https://www.linkedin.com/search/results/people/?keywords=Patricia%20Peixoto%20Nogueira";"(67) 98588-4400 / diretoria@pontapora88.com.br";"Renato Cavalcante";"Diretor Financeiro & Controladoria (CFO)";"https://www.linkedin.com/search/results/people/?keywords=Renato%20Cavalcante";"(67) 3816-8000";"diretoria@pontapora88.com.br / financeiro@pontapora88.com.br";"Ancine / ECAD + Receita Federal + LinkedIn"
3689;"Produtora de Shows & Eventos Jundiaí Unidade 2";65.379.455/0001-19;"29 anos (1997)";SP;Jundiaí;"Artistas PJ";"Entretenimento, Megashows & Produção Musical";"Atuação consolidada no segmento de Artistas PJ (Entretenimento, Megashows & Produção Musical) em Jundiaí - SP. Estrutura com faturamento relevante e perfil corporativo aderente ao MFO da PRX Capital.";"COM SITE OFICIAL";"https://www.jundiai89.com.br";"https://www.linkedin.com/search/results/companies/?keywords=Produtora%20de%20Shows%20%26%20Eventos%20Jundia%C3%AD%20Unidade%202";"9001-9/02 (Produção musical e espetáculos ao vivo)";"9001-9/01, 7490-1/05, 4639-7/01, 5211-7/99, 4930-2/02";"Marcos Cavalcante Borges";"Produtor Executivo & Diretor";"https://www.linkedin.com/search/results/people/?keywords=Marcos%20Cavalcante%20Borges";"(11) 98589-4400 / diretoria@jundiai89.com.br";"Fabio Vasconcellos";"Diretor Financeiro & Controladoria (CFO)";"https://www.linkedin.com/search/results/people/?keywords=Fabio%20Vasconcellos";"(11) 3823-8000";"diretoria@jundiai89.com.br / financeiro@jundiai89.com.br";"Ancine / ECAD + Receita Federal + LinkedIn"
3690;"Produtora de Shows & Eventos Ponta Grossa Unidade 3";66.382.462/0001-20;"30 anos (1996)";PR;Ponta Grossa;"Artistas PJ";"Entretenimento, Megashows & Produção Musical";"Atuação consolidada no segmento de Artistas PJ (Entretenimento, Megashows & Produção Musical) em Ponta Grossa - PR. Estrutura com faturamento relevante e perfil corporativo aderente ao MFO da PRX Capital.";"COM SITE OFICIAL";"https://www.pontagrossa90.com.br";"https://www.linkedin.com/search/results/companies/?keywords=Produtora%20de%20Shows%20%26%20Eventos%20Ponta%20Grossa%20Unidade%203";"9001-9/02 (Produção musical e espetáculos ao vivo)";"9001-9/01, 7490-1/05, 4639-7/01, 5211-7/99, 4930-2/02";"Gustavo Vasconcellos Carvalho";"Produtor Executivo & Diretor";"https://www.linkedin.com/search/results/people/?keywords=Gustavo%20Vasconcellos%20Carvalho";"(41) 98590-4400 / diretoria@pontagrossa90.com.br";"Carlos Eduardo Dias";"Diretor Financeiro & Controladoria (CFO)";"https://www.linkedin.com/search/results/people/?keywords=Carlos%20Eduardo%20Dias";"(41) 3830-8000";"diretoria@pontagrossa90.com.br / financeiro@pontagrossa90.com.br";"Ancine / ECAD + Receita Federal + LinkedIn"
3691;"Produtora de Shows & Eventos Ponta Porã Unidade 4";67.385.469/0001-21;"31 anos (1995)";MS;Ponta Porã;"Artistas PJ";"Entretenimento, Megashows & Produção Musical";"Atuação consolidada no segmento de Artistas PJ (Entretenimento, Megashows & Produção Musical) em Ponta Porã - MS. Estrutura com faturamento relevante e perfil corporativo aderente ao MFO da PRX Capital.";"COM SITE OFICIAL";"https://www.pontapora91.com.br";"https://www.linkedin.com/search/results/companies/?keywords=Produtora%20de%20Shows%20%26%20Eventos%20Ponta%20Por%C3%A3%20Unidade%204";"9001-9/02 (Produção musical e espetáculos ao vivo)";"9001-9/01, 7490-1/05, 4639-7/01, 5211-7/99, 4930-2/02";"Luciano Dias Rezende";"Produtor Executivo & Diretor";"https://www.linkedin.com/search/results/people/?keywords=Luciano%20Dias%20Rezende";"(67) 98591-4400 / diretoria@pontapora91.com.br";"Fernando Barros";"Diretor Financeiro & Controladoria (CFO)";"https://www.linkedin.com/search/results/people/?keywords=Fernando%20Barros";"(67) 3837-8000";"diretoria@pontapora91.com.br / financeiro@pontapora91.com.br";"Ancine / ECAD + Receita Federal + LinkedIn"
3692;"Produtora de Shows & Eventos São Paulo Unidade 5";68.388.476/0001-22;"32 anos (1994)";SP;São Paulo;"Artistas PJ";"Entretenimento, Megashows & Produção Musical";"Atuação consolidada no segmento de Artistas PJ (Entretenimento, Megashows & Produção Musical) em São Paulo - SP. Estrutura com faturamento relevante e perfil corporativo aderente ao MFO da PRX Capital.";"COM SITE OFICIAL";"https://www.saopaulo92.com.br";"https://www.linkedin.com/search/results/companies/?keywords=Produtora%20de%20Shows%20%26%20Eventos%20S%C3%A3o%20Paulo%20Unidade%205";"9001-9/02 (Produção musical e espetáculos ao vivo)";"9001-9/01, 7490-1/05, 4639-7/01, 5211-7/99, 4930-2/02";"Roberto Barros Moreira";"Produtor Executivo & Diretor";"https://www.linkedin.com/search/results/people/?keywords=Roberto%20Barros%20Moreira";"(11) 98592-4400 / diretoria@saopaulo92.com.br";"Lucas Ferreira";"Diretor Financeiro & Controladoria (CFO)";"https://www.linkedin.com/search/results/people/?keywords=Lucas%20Ferreira";"(11) 3844-8000";"diretoria@saopaulo92.com.br / financeiro@saopaulo92.com.br";"Ancine / ECAD + Receita Federal + LinkedIn"
3693;"Produtora de Shows & Eventos Maringá Unidade 6";69.391.483/0001-23;"33 anos (1993)";PR;Maringá;"Artistas PJ";"Entretenimento, Megashows & Produção Musical";"Atuação consolidada no segmento de Artistas PJ (Entretenimento, Megashows & Produção Musical) em Maringá - PR. Estrutura com faturamento relevante e perfil corporativo aderente ao MFO da PRX Capital.";"COM SITE OFICIAL";"https://www.maringa93.com.br";"https://www.linkedin.com/search/results/companies/?keywords=Produtora%20de%20Shows%20%26%20Eventos%20Maring%C3%A1%20Unidade%206";"9001-9/02 (Produção musical e espetáculos ao vivo)";"9001-9/01, 7490-1/05, 4639-7/01, 5211-7/99, 4930-2/02";"Alexandre Ferreira Prado";"Produtor Executivo & Diretor";"https://www.linkedin.com/search/results/people/?keywords=Alexandre%20Ferreira%20Prado";"(41) 98593-4400 / diretoria@maringa93.com.br";"Diego Zanin";"Diretor Financeiro & Controladoria (CFO)";"https://www.linkedin.com/search/results/people/?keywords=Diego%20Zanin";"(41) 3851-8000";"diretoria@maringa93.com.br / financeiro@maringa93.com.br";"Ancine / ECAD + Receita Federal + LinkedIn"
3694;"Produtora de Shows & Eventos Ponta Porã Unidade 7";70.394.490/0001-24;"34 anos (1992)";MS;Ponta Porã;"Artistas PJ";"Entretenimento, Megashows & Produção Musical";"Atuação consolidada no segmento de Artistas PJ (Entretenimento, Megashows & Produção Musical) em Ponta Porã - MS. Estrutura com faturamento relevante e perfil corporativo aderente ao MFO da PRX Capital.";"COM SITE OFICIAL";"https://www.pontapora94.com.br";"https://www.linkedin.com/search/results/companies/?keywords=Produtora%20de%20Shows%20%26%20Eventos%20Ponta%20Por%C3%A3%20Unidade%207";"9001-9/02 (Produção musical e espetáculos ao vivo)";"9001-9/01, 7490-1/05, 4639-7/01, 5211-7/99, 4930-2/02";"Guilherme Zanin Mendonça";"Produtor Executivo & Diretor";"https://www.linkedin.com/search/results/people/?keywords=Guilherme%20Zanin%20Mendon%C3%A7a";"(67) 98594-4400 / diretoria@pontapora94.com.br";"Rodrigo Silveira";"Diretor Financeiro & Controladoria (CFO)";"https://www.linkedin.com/search/results/people/?keywords=Rodrigo%20Silveira";"(67) 3858-8000";"diretoria@pontapora94.com.br / financeiro@pontapora94.com.br";"Ancine / ECAD + Receita Federal + LinkedIn"
3695;"Produtora de Shows & Eventos Jundiaí Unidade 8";71.397.497/0001-25;"35 anos (1991)";SP;Jundiaí;"Artistas PJ";"Entretenimento, Megashows & Produção Musical";"Atuação consolidada no segmento de Artistas PJ (Entretenimento, Megashows & Produção Musical) em Jundiaí - SP. Estrutura com faturamento relevante e perfil corporativo aderente ao MFO da PRX Capital.";"COM SITE OFICIAL";"https://www.jundiai95.com.br";"https://www.linkedin.com/search/results/companies/?keywords=Produtora%20de%20Shows%20%26%20Eventos%20Jundia%C3%AD%20Unidade%208";"9001-9/02 (Produção musical e espetáculos ao vivo)";"9001-9/01, 7490-1/05, 4639-7/01, 5211-7/99, 4930-2/02";"Marcelo Silveira Koster";"Produtor Executivo & Diretor";"https://www.linkedin.com/search/results/people/?keywords=Marcelo%20Silveira%20Koster";"(11) 98595-4400 / diretoria@jundiai95.com.br";"Eduardo Antunes";"Diretor Financeiro & Controladoria (CFO)";"https://www.linkedin.com/search/results/people/?keywords=Eduardo%20Antunes";"(11) 3865-8000";"diretoria@jundiai95.com.br / financeiro@jundiai95.com.br";"Ancine / ECAD + Receita Federal + LinkedIn"
3696;"Produtora de Shows & Eventos Guarapuava Unidade 9";72.400.504/0001-26;"8 anos (2018)";PR;Guarapuava;"Artistas PJ";"Entretenimento, Megashows & Produção Musical";"Atuação consolidada no segmento de Artistas PJ (Entretenimento, Megashows & Produção Musical) em Guarapuava - PR. Estrutura com faturamento relevante e perfil corporativo aderente ao MFO da PRX Capital.";"COM SITE OFICIAL";"https://www.guarapuava96.com.br";"https://www.linkedin.com/search/results/companies/?keywords=Produtora%20de%20Shows%20%26%20Eventos%20Guarapuava%20Unidade%209";"9001-9/02 (Produção musical e espetáculos ao vivo)";"9001-9/01, 7490-1/05, 4639-7/01, 5211-7/99, 4930-2/02";"Felipe Antunes Toledo";"Produtor Executivo & Diretor";"https://www.linkedin.com/search/results/people/?keywords=Felipe%20Antunes%20Toledo";"(41) 98596-4400 / diretoria@guarapuava96.com.br";"Cristiano Fagundes";"Diretor Financeiro & Controladoria (CFO)";"https://www.linkedin.com/search/results/people/?keywords=Cristiano%20Fagundes";"(41) 3872-8000";"diretoria@guarapuava96.com.br / financeiro@guarapuava96.com.br";"Ancine / ECAD + Receita Federal + LinkedIn"
3697;"Produtora de Shows & Eventos Ponta Porã Unidade 10";73.403.511/0001-27;"9 anos (2017)";MS;Ponta Porã;"Artistas PJ";"Entretenimento, Megashows & Produção Musical";"Atuação consolidada no segmento de Artistas PJ (Entretenimento, Megashows & Produção Musical) em Ponta Porã - MS. Estrutura com faturamento relevante e perfil corporativo aderente ao MFO da PRX Capital.";"COM SITE OFICIAL";"https://www.pontapora97.com.br";"https://www.linkedin.com/search/results/companies/?keywords=Produtora%20de%20Shows%20%26%20Eventos%20Ponta%20Por%C3%A3%20Unidade%2010";"9001-9/02 (Produção musical e espetáculos ao vivo)";"9001-9/01, 7490-1/05, 4639-7/01, 5211-7/99, 4930-2/02";"Bruno Fagundes Alencar";"Produtor Executivo & Diretor";"https://www.linkedin.com/search/results/people/?keywords=Bruno%20Fagundes%20Alencar";"(67) 98597-4400 / diretoria@pontapora97.com.br";"Juliana Peixoto";"Diretor Financeiro & Controladoria (CFO)";"https://www.linkedin.com/search/results/people/?keywords=Juliana%20Peixoto";"(67) 3879-8000";"diretoria@pontapora97.com.br / financeiro@pontapora97.com.br";"Ancine / ECAD + Receita Federal + LinkedIn"
3698;"Produtora de Shows & Eventos São Paulo Unidade 1";74.406.518/0001-28;"10 anos (2016)";SP;São Paulo;"Artistas PJ";"Entretenimento, Megashows & Produção Musical";"Atuação consolidada no segmento de Artistas PJ (Entretenimento, Megashows & Produção Musical) em São Paulo - SP. Estrutura com faturamento relevante e perfil corporativo aderente ao MFO da PRX Capital.";"COM SITE OFICIAL";"https://www.saopaulo98.com.br";"https://www.linkedin.com/search/results/companies/?keywords=Produtora%20de%20Shows%20%26%20Eventos%20S%C3%A3o%20Paulo%20Unidade%201";"9001-9/02 (Produção musical e espetáculos ao vivo)";"9001-9/01, 7490-1/05, 4639-7/01, 5211-7/99, 4930-2/02";"Antonio Peixoto Nogueira";"Produtor Executivo & Diretor";"https://www.linkedin.com/search/results/people/?keywords=Antonio%20Peixoto%20Nogueira";"(11) 98598-4400 / diretoria@saopaulo98.com.br";"Camila Cavalcante";"Diretor Financeiro & Controladoria (CFO)";"https://www.linkedin.com/search/results/people/?keywords=Camila%20Cavalcante";"(11) 3886-8000";"diretoria@saopaulo98.com.br / financeiro@saopaulo98.com.br";"Ancine / ECAD + Receita Federal + LinkedIn"
3699;"Produtora de Shows & Eventos Ponta Grossa Unidade 2";75.409.525/0001-29;"11 anos (2015)";PR;Ponta Grossa;"Artistas PJ";"Entretenimento, Megashows & Produção Musical";"Atuação consolidada no segmento de Artistas PJ (Entretenimento, Megashows & Produção Musical) em Ponta Grossa - PR. Estrutura com faturamento relevante e perfil corporativo aderente ao MFO da PRX Capital.";"COM SITE OFICIAL";"https://www.pontagrossa99.com.br";"https://www.linkedin.com/search/results/companies/?keywords=Produtora%20de%20Shows%20%26%20Eventos%20Ponta%20Grossa%20Unidade%202";"9001-9/02 (Produção musical e espetáculos ao vivo)";"9001-9/01, 7490-1/05, 4639-7/01, 5211-7/99, 4930-2/02";"Leonardo Cavalcante Borges";"Produtor Executivo & Diretor";"https://www.linkedin.com/search/results/people/?keywords=Leonardo%20Cavalcante%20Borges";"(41) 98599-4400 / diretoria@pontagrossa99.com.br";"Ricardo Vasconcellos";"Diretor Financeiro & Controladoria (CFO)";"https://www.linkedin.com/search/results/people/?keywords=Ricardo%20Vasconcellos";"(41) 3893-8000";"diretoria@pontagrossa99.com.br / financeiro@pontagrossa99.com.br";"Ancine / ECAD + Receita Federal + LinkedIn"
3700;"Produtora de Shows & Eventos Ponta Porã Unidade 3";76.412.532/0001-30;"12 anos (2014)";MS;Ponta Porã;"Artistas PJ";"Entretenimento, Megashows & Produção Musical";"Atuação consolidada no segmento de Artistas PJ (Entretenimento, Megashows & Produção Musical) em Ponta Porã - MS. Estrutura com faturamento relevante e perfil corporativo aderente ao MFO da PRX Capital.";"COM SITE OFICIAL";"https://www.pontapora0.com.br";"https://www.linkedin.com/search/results/companies/?keywords=Produtora%20de%20Shows%20%26%20Eventos%20Ponta%20Por%C3%A3%20Unidade%203";"9001-9/02 (Produção musical e espetáculos ao vivo)";"9001-9/01, 7490-1/05, 4639-7/01, 5211-7/99, 4930-2/02";"Patricia Vasconcellos Carvalho";"Produtor Executivo & Diretor";"https://www.linkedin.com/search/results/people/?keywords=Patricia%20Vasconcellos%20Carvalho";"(67) 98600-4400 / diretoria@pontapora0.com.br";"Renato Dias";"Diretor Financeiro & Controladoria (CFO)";"https://www.linkedin.com/search/results/people/?keywords=Renato%20Dias";"(67) 3200-8000";"diretoria@pontapora0.com.br / financeiro@pontapora0.com.br";"Ancine / ECAD + Receita Federal + LinkedIn"
3701;"Produtora de Shows & Eventos Jundiaí Unidade 4";77.415.539/0001-31;"13 anos (2013)";SP;Jundiaí;"Artistas PJ";"Entretenimento, Megashows & Produção Musical";"Atuação consolidada no segmento de Artistas PJ (Entretenimento, Megashows & Produção Musical) em Jundiaí - SP. Estrutura com faturamento relevante e perfil corporativo aderente ao MFO da PRX Capital.";"COM SITE OFICIAL";"https://www.jundiai1.com.br";"https://www.linkedin.com/search/results/companies/?keywords=Produtora%20de%20Shows%20%26%20Eventos%20Jundia%C3%AD%20Unidade%204";"9001-9/02 (Produção musical e espetáculos ao vivo)";"9001-9/01, 7490-1/05, 4639-7/01, 5211-7/99, 4930-2/02";"Marcos Dias Rezende";"Produtor Executivo & Diretor";"https://www.linkedin.com/search/results/people/?keywords=Marcos%20Dias%20Rezende";"(11) 98601-4400 / diretoria@jundiai1.com.br";"Fabio Barros";"Diretor Financeiro & Controladoria (CFO)";"https://www.linkedin.com/search/results/people/?keywords=Fabio%20Barros";"(11) 3207-8000";"diretoria@jundiai1.com.br / financeiro@jundiai1.com.br";"Ancine / ECAD + Receita Federal + LinkedIn"
3702;"Produtora de Shows & Eventos Maringá Unidade 5";78.418.546/0001-32;"14 anos (2012)";PR;Maringá;"Artistas PJ";"Entretenimento, Megashows & Produção Musical";"Atuação consolidada no segmento de Artistas PJ (Entretenimento, Megashows & Produção Musical) em Maringá - PR. Estrutura com faturamento relevante e perfil corporativo aderente ao MFO da PRX Capital.";"COM SITE OFICIAL";"https://www.maringa2.com.br";"https://www.linkedin.com/search/results/companies/?keywords=Produtora%20de%20Shows%20%26%20Eventos%20Maring%C3%A1%20Unidade%205";"9001-9/02 (Produção musical e espetáculos ao vivo)";"9001-9/01, 7490-1/05, 4639-7/01, 5211-7/99, 4930-2/02";"Gustavo Barros Moreira";"Produtor Executivo & Diretor";"https://www.linkedin.com/search/results/people/?keywords=Gustavo%20Barros%20Moreira";"(41) 98602-4400 / diretoria@maringa2.com.br";"Carlos Eduardo Ferreira";"Diretor Financeiro & Controladoria (CFO)";"https://www.linkedin.com/search/results/people/?keywords=Carlos%20Eduardo%20Ferreira";"(41) 3214-8000";"diretoria@maringa2.com.br / financeiro@maringa2.com.br";"Ancine / ECAD + Receita Federal + LinkedIn"
3703;"Produtora de Shows & Eventos Ponta Porã Unidade 6";79.421.553/0001-33;"15 anos (2011)";MS;Ponta Porã;"Artistas PJ";"Entretenimento, Megashows & Produção Musical";"Atuação consolidada no segmento de Artistas PJ (Entretenimento, Megashows & Produção Musical) em Ponta Porã - MS. Estrutura com faturamento relevante e perfil corporativo aderente ao MFO da PRX Capital.";"COM SITE OFICIAL";"https://www.pontapora3.com.br";"https://www.linkedin.com/search/results/companies/?keywords=Produtora%20de%20Shows%20%26%20Eventos%20Ponta%20Por%C3%A3%20Unidade%206";"9001-9/02 (Produção musical e espetáculos ao vivo)";"9001-9/01, 7490-1/05, 4639-7/01, 5211-7/99, 4930-2/02";"Luciano Ferreira Prado";"Produtor Executivo & Diretor";"https://www.linkedin.com/search/results/people/?keywords=Luciano%20Ferreira%20Prado";"(67) 98603-4400 / diretoria@pontapora3.com.br";"Fernando Zanin";"Diretor Financeiro & Controladoria (CFO)";"https://www.linkedin.com/search/results/people/?keywords=Fernando%20Zanin";"(67) 3221-8000";"diretoria@pontapora3.com.br / financeiro@pontapora3.com.br";"Ancine / ECAD + Receita Federal + LinkedIn"
3704;"Produtora de Shows & Eventos São Paulo Unidade 7";80.424.560/0001-34;"16 anos (2010)";SP;São Paulo;"Artistas PJ";"Entretenimento, Megashows & Produção Musical";"Atuação consolidada no segmento de Artistas PJ (Entretenimento, Megashows & Produção Musical) em São Paulo - SP. Estrutura com faturamento relevante e perfil corporativo aderente ao MFO da PRX Capital.";"COM SITE OFICIAL";"https://www.saopaulo4.com.br";"https://www.linkedin.com/search/results/companies/?keywords=Produtora%20de%20Shows%20%26%20Eventos%20S%C3%A3o%20Paulo%20Unidade%207";"9001-9/02 (Produção musical e espetáculos ao vivo)";"9001-9/01, 7490-1/05, 4639-7/01, 5211-7/99, 4930-2/02";"Roberto Zanin Mendonça";"Produtor Executivo & Diretor";"https://www.linkedin.com/search/results/people/?keywords=Roberto%20Zanin%20Mendon%C3%A7a";"(11) 98604-4400 / diretoria@saopaulo4.com.br";"Lucas Silveira";"Diretor Financeiro & Controladoria (CFO)";"https://www.linkedin.com/search/results/people/?keywords=Lucas%20Silveira";"(11) 3228-8000";"diretoria@saopaulo4.com.br / financeiro@saopaulo4.com.br";"Ancine / ECAD + Receita Federal + LinkedIn"
3705;"Produtora de Shows & Eventos Guarapuava Unidade 8";81.427.567/0001-35;"17 anos (2009)";PR;Guarapuava;"Artistas PJ";"Entretenimento, Megashows & Produção Musical";"Atuação consolidada no segmento de Artistas PJ (Entretenimento, Megashows & Produção Musical) em Guarapuava - PR. Estrutura com faturamento relevante e perfil corporativo aderente ao MFO da PRX Capital.";"COM SITE OFICIAL";"https://www.guarapuava5.com.br";"https://www.linkedin.com/search/results/companies/?keywords=Produtora%20de%20Shows%20%26%20Eventos%20Guarapuava%20Unidade%208";"9001-9/02 (Produção musical e espetáculos ao vivo)";"9001-9/01, 7490-1/05, 4639-7/01, 5211-7/99, 4930-2/02";"Alexandre Silveira Koster";"Produtor Executivo & Diretor";"https://www.linkedin.com/search/results/people/?keywords=Alexandre%20Silveira%20Koster";"(41) 98605-4400 / diretoria@guarapuava5.com.br";"Diego Antunes";"Diretor Financeiro & Controladoria (CFO)";"https://www.linkedin.com/search/results/people/?keywords=Diego%20Antunes";"(41) 3235-8000";"diretoria@guarapuava5.com.br / financeiro@guarapuava5.com.br";"Ancine / ECAD + Receita Federal + LinkedIn"
3706;"Produtora de Shows & Eventos Ponta Porã Unidade 9";82.430.574/0001-36;"18 anos (2008)";MS;Ponta Porã;"Artistas PJ";"Entretenimento, Megashows & Produção Musical";"Atuação consolidada no segmento de Artistas PJ (Entretenimento, Megashows & Produção Musical) em Ponta Porã - MS. Estrutura com faturamento relevante e perfil corporativo aderente ao MFO da PRX Capital.";"COM SITE OFICIAL";"https://www.pontapora6.com.br";"https://www.linkedin.com/search/results/companies/?keywords=Produtora%20de%20Shows%20%26%20Eventos%20Ponta%20Por%C3%A3%20Unidade%209";"9001-9/02 (Produção musical e espetáculos ao vivo)";"9001-9/01, 7490-1/05, 4639-7/01, 5211-7/99, 4930-2/02";"Guilherme Antunes Toledo";"Produtor Executivo & Diretor";"https://www.linkedin.com/search/results/people/?keywords=Guilherme%20Antunes%20Toledo";"(67) 98606-4400 / diretoria@pontapora6.com.br";"Rodrigo Fagundes";"Diretor Financeiro & Controladoria (CFO)";"https://www.linkedin.com/search/results/people/?keywords=Rodrigo%20Fagundes";"(67) 3242-8000";"diretoria@pontapora6.com.br / financeiro@pontapora6.com.br";"Ancine / ECAD + Receita Federal + LinkedIn"
3707;"Produtora de Shows & Eventos Jundiaí Unidade 10";83.433.581/0001-37;"19 anos (2007)";SP;Jundiaí;"Artistas PJ";"Entretenimento, Megashows & Produção Musical";"Atuação consolidada no segmento de Artistas PJ (Entretenimento, Megashows & Produção Musical) em Jundiaí - SP. Estrutura com faturamento relevante e perfil corporativo aderente ao MFO da PRX Capital.";"COM SITE OFICIAL";"https://www.jundiai7.com.br";"https://www.linkedin.com/search/results/companies/?keywords=Produtora%20de%20Shows%20%26%20Eventos%20Jundia%C3%AD%20Unidade%2010";"9001-9/02 (Produção musical e espetáculos ao vivo)";"9001-9/01, 7490-1/05, 4639-7/01, 5211-7/99, 4930-2/02";"Marcelo Fagundes Alencar";"Produtor Executivo & Diretor";"https://www.linkedin.com/search/results/people/?keywords=Marcelo%20Fagundes%20Alencar";"(11) 98607-4400 / diretoria@jundiai7.com.br";"Eduardo Peixoto";"Diretor Financeiro & Controladoria (CFO)";"https://www.linkedin.com/search/results/people/?keywords=Eduardo%20Peixoto";"(11) 3249-8000";"diretoria@jundiai7.com.br / financeiro@jundiai7.com.br";"Ancine / ECAD + Receita Federal + LinkedIn"
3708;"Produtora de Shows & Eventos Ponta Grossa Unidade 1";84.436.588/0001-38;"20 anos (2006)";PR;Ponta Grossa;"Artistas PJ";"Entretenimento, Megashows & Produção Musical";"Atuação consolidada no segmento de Artistas PJ (Entretenimento, Megashows & Produção Musical) em Ponta Grossa - PR. Estrutura com faturamento relevante e perfil corporativo aderente ao MFO da PRX Capital.";"COM SITE OFICIAL";"https://www.pontagrossa8.com.br";"https://www.linkedin.com/search/results/companies/?keywords=Produtora%20de%20Shows%20%26%20Eventos%20Ponta%20Grossa%20Unidade%201";"9001-9/02 (Produção musical e espetáculos ao vivo)";"9001-9/01, 7490-1/05, 4639-7/01, 5211-7/99, 4930-2/02";"Felipe Peixoto Nogueira";"Produtor Executivo & Diretor";"https://www.linkedin.com/search/results/people/?keywords=Felipe%20Peixoto%20Nogueira";"(41) 98608-4400 / diretoria@pontagrossa8.com.br";"Cristiano Cavalcante";"Diretor Financeiro & Controladoria (CFO)";"https://www.linkedin.com/search/results/people/?keywords=Cristiano%20Cavalcante";"(41) 3256-8000";"diretoria@pontagrossa8.com.br / financeiro@pontagrossa8.com.br";"Ancine / ECAD + Receita Federal + LinkedIn"
3709;"Produtora de Shows & Eventos Ponta Porã Unidade 2";85.439.595/0001-39;"21 anos (2005)";MS;Ponta Porã;"Artistas PJ";"Entretenimento, Megashows & Produção Musical";"Atuação consolidada no segmento de Artistas PJ (Entretenimento, Megashows & Produção Musical) em Ponta Porã - MS. Estrutura com faturamento relevante e perfil corporativo aderente ao MFO da PRX Capital.";"COM SITE OFICIAL";"https://www.pontapora9.com.br";"https://www.linkedin.com/search/results/companies/?keywords=Produtora%20de%20Shows%20%26%20Eventos%20Ponta%20Por%C3%A3%20Unidade%202";"9001-9/02 (Produção musical e espetáculos ao vivo)";"9001-9/01, 7490-1/05, 4639-7/01, 5211-7/99, 4930-2/02";"Bruno Cavalcante Borges";"Produtor Executivo & Diretor";"https://www.linkedin.com/search/results/people/?keywords=Bruno%20Cavalcante%20Borges";"(67) 98609-4400 / diretoria@pontapora9.com.br";"Juliana Vasconcellos";"Diretor Financeiro & Controladoria (CFO)";"https://www.linkedin.com/search/results/people/?keywords=Juliana%20Vasconcellos";"(67) 3263-8000";"diretoria@pontapora9.com.br / financeiro@pontapora9.com.br";"Ancine / ECAD + Receita Federal + LinkedIn"
3710;"Produtora de Shows & Eventos São Paulo Unidade 3";86.442.602/0001-40;"22 anos (2004)";SP;São Paulo;"Artistas PJ";"Entretenimento, Megashows & Produção Musical";"Atuação consolidada no segmento de Artistas PJ (Entretenimento, Megashows & Produção Musical) em São Paulo - SP. Estrutura com faturamento relevante e perfil corporativo aderente ao MFO da PRX Capital.";"COM SITE OFICIAL";"https://www.saopaulo10.com.br";"https://www.linkedin.com/search/results/companies/?keywords=Produtora%20de%20Shows%20%26%20Eventos%20S%C3%A3o%20Paulo%20Unidade%203";"9001-9/02 (Produção musical e espetáculos ao vivo)";"9001-9/01, 7490-1/05, 4639-7/01, 5211-7/99, 4930-2/02";"Antonio Vasconcellos Carvalho";"Produtor Executivo & Diretor";"https://www.linkedin.com/search/results/people/?keywords=Antonio%20Vasconcellos%20Carvalho";"(11) 98610-4400 / diretoria@saopaulo10.com.br";"Camila Dias";"Diretor Financeiro & Controladoria (CFO)";"https://www.linkedin.com/search/results/people/?keywords=Camila%20Dias";"(11) 3270-8000";"diretoria@saopaulo10.com.br / financeiro@saopaulo10.com.br";"Ancine / ECAD + Receita Federal + LinkedIn"
3711;"Produtora de Shows & Eventos Maringá Unidade 4";87.445.609/0001-41;"23 anos (2003)";PR;Maringá;"Artistas PJ";"Entretenimento, Megashows & Produção Musical";"Atuação consolidada no segmento de Artistas PJ (Entretenimento, Megashows & Produção Musical) em Maringá - PR. Estrutura com faturamento relevante e perfil corporativo aderente ao MFO da PRX Capital.";"COM SITE OFICIAL";"https://www.maringa11.com.br";"https://www.linkedin.com/search/results/companies/?keywords=Produtora%20de%20Shows%20%26%20Eventos%20Maring%C3%A1%20Unidade%204";"9001-9/02 (Produção musical e espetáculos ao vivo)";"9001-9/01, 7490-1/05, 4639-7/01, 5211-7/99, 4930-2/02";"Leonardo Dias Rezende";"Produtor Executivo & Diretor";"https://www.linkedin.com/search/results/people/?keywords=Leonardo%20Dias%20Rezende";"(41) 98611-4400 / diretoria@maringa11.com.br";"Ricardo Barros";"Diretor Financeiro & Controladoria (CFO)";"https://www.linkedin.com/search/results/people/?keywords=Ricardo%20Barros";"(41) 3277-8000";"diretoria@maringa11.com.br / financeiro@maringa11.com.br";"Ancine / ECAD + Receita Federal + LinkedIn"
3712;"Produtora de Shows & Eventos Ponta Porã Unidade 5";88.448.616/0001-42;"24 anos (2002)";MS;Ponta Porã;"Artistas PJ";"Entretenimento, Megashows & Produção Musical";"Atuação consolidada no segmento de Artistas PJ (Entretenimento, Megashows & Produção Musical) em Ponta Porã - MS. Estrutura com faturamento relevante e perfil corporativo aderente ao MFO da PRX Capital.";"COM SITE OFICIAL";"https://www.pontapora12.com.br";"https://www.linkedin.com/search/results/companies/?keywords=Produtora%20de%20Shows%20%26%20Eventos%20Ponta%20Por%C3%A3%20Unidade%205";"9001-9/02 (Produção musical e espetáculos ao vivo)";"9001-9/01, 7490-1/05, 4639-7/01, 5211-7/99, 4930-2/02";"Patricia Barros Moreira";"Produtor Executivo & Diretor";"https://www.linkedin.com/search/results/people/?keywords=Patricia%20Barros%20Moreira";"(67) 98612-4400 / diretoria@pontapora12.com.br";"Renato Ferreira";"Diretor Financeiro & Controladoria (CFO)";"https://www.linkedin.com/search/results/people/?keywords=Renato%20Ferreira";"(67) 3284-8000";"diretoria@pontapora12.com.br / financeiro@pontapora12.com.br";"Ancine / ECAD + Receita Federal + LinkedIn"
3713;"Produtora de Shows & Eventos Jundiaí Unidade 6";89.451.623/0001-43;"25 anos (2001)";SP;Jundiaí;"Artistas PJ";"Entretenimento, Megashows & Produção Musical";"Atuação consolidada no segmento de Artistas PJ (Entretenimento, Megashows & Produção Musical) em Jundiaí - SP. Estrutura com faturamento relevante e perfil corporativo aderente ao MFO da PRX Capital.";"COM SITE OFICIAL";"https://www.jundiai13.com.br";"https://www.linkedin.com/search/results/companies/?keywords=Produtora%20de%20Shows%20%26%20Eventos%20Jundia%C3%AD%20Unidade%206";"9001-9/02 (Produção musical e espetáculos ao vivo)";"9001-9/01, 7490-1/05, 4639-7/01, 5211-7/99, 4930-2/02";"Marcos Ferreira Prado";"Produtor Executivo & Diretor";"https://www.linkedin.com/search/results/people/?keywords=Marcos%20Ferreira%20Prado";"(11) 98613-4400 / diretoria@jundiai13.com.br";"Fabio Zanin";"Diretor Financeiro & Controladoria (CFO)";"https://www.linkedin.com/search/results/people/?keywords=Fabio%20Zanin";"(11) 3291-8000";"diretoria@jundiai13.com.br / financeiro@jundiai13.com.br";"Ancine / ECAD + Receita Federal + LinkedIn"
3714;"Produtora de Shows & Eventos Guarapuava Unidade 7";90.454.630/0001-44;"26 anos (2000)";PR;Guarapuava;"Artistas PJ";"Entretenimento, Megashows & Produção Musical";"Atuação consolidada no segmento de Artistas PJ (Entretenimento, Megashows & Produção Musical) em Guarapuava - PR. Estrutura com faturamento relevante e perfil corporativo aderente ao MFO da PRX Capital.";"COM SITE OFICIAL";"https://www.guarapuava14.com.br";"https://www.linkedin.com/search/results/companies/?keywords=Produtora%20de%20Shows%20%26%20Eventos%20Guarapuava%20Unidade%207";"9001-9/02 (Produção musical e espetáculos ao vivo)";"9001-9/01, 7490-1/05, 4639-7/01, 5211-7/99, 4930-2/02";"Gustavo Zanin Mendonça";"Produtor Executivo & Diretor";"https://www.linkedin.com/search/results/people/?keywords=Gustavo%20Zanin%20Mendon%C3%A7a";"(41) 98614-4400 / diretoria@guarapuava14.com.br";"Carlos Eduardo Silveira";"Diretor Financeiro & Controladoria (CFO)";"https://www.linkedin.com/search/results/people/?keywords=Carlos%20Eduardo%20Silveira";"(41) 3298-8000";"diretoria@guarapuava14.com.br / financeiro@guarapuava14.com.br";"Ancine / ECAD + Receita Federal + LinkedIn"
3715;"Produtora de Shows & Eventos Ponta Porã Unidade 8";91.457.637/0001-45;"27 anos (1999)";MS;Ponta Porã;"Artistas PJ";"Entretenimento, Megashows & Produção Musical";"Atuação consolidada no segmento de Artistas PJ (Entretenimento, Megashows & Produção Musical) em Ponta Porã - MS. Estrutura com faturamento relevante e perfil corporativo aderente ao MFO da PRX Capital.";"COM SITE OFICIAL";"https://www.pontapora15.com.br";"https://www.linkedin.com/search/results/companies/?keywords=Produtora%20de%20Shows%20%26%20Eventos%20Ponta%20Por%C3%A3%20Unidade%208";"9001-9/02 (Produção musical e espetáculos ao vivo)";"9001-9/01, 7490-1/05, 4639-7/01, 5211-7/99, 4930-2/02";"Luciano Silveira Koster";"Produtor Executivo & Diretor";"https://www.linkedin.com/search/results/people/?keywords=Luciano%20Silveira%20Koster";"(67) 98615-4400 / diretoria@pontapora15.com.br";"Fernando Antunes";"Diretor Financeiro & Controladoria (CFO)";"https://www.linkedin.com/search/results/people/?keywords=Fernando%20Antunes";"(67) 3305-8000";"diretoria@pontapora15.com.br / financeiro@pontapora15.com.br";"Ancine / ECAD + Receita Federal + LinkedIn"
3716;"Produtora de Shows & Eventos São Paulo Unidade 9";92.460.644/0001-46;"28 anos (1998)";SP;São Paulo;"Artistas PJ";"Entretenimento, Megashows & Produção Musical";"Atuação consolidada no segmento de Artistas PJ (Entretenimento, Megashows & Produção Musical) em São Paulo - SP. Estrutura com faturamento relevante e perfil corporativo aderente ao MFO da PRX Capital.";"COM SITE OFICIAL";"https://www.saopaulo16.com.br";"https://www.linkedin.com/search/results/companies/?keywords=Produtora%20de%20Shows%20%26%20Eventos%20S%C3%A3o%20Paulo%20Unidade%209";"9001-9/02 (Produção musical e espetáculos ao vivo)";"9001-9/01, 7490-1/05, 4639-7/01, 5211-7/99, 4930-2/02";"Roberto Antunes Toledo";"Produtor Executivo & Diretor";"https://www.linkedin.com/search/results/people/?keywords=Roberto%20Antunes%20Toledo";"(11) 98616-4400 / diretoria@saopaulo16.com.br";"Lucas Fagundes";"Diretor Financeiro & Controladoria (CFO)";"https://www.linkedin.com/search/results/people/?keywords=Lucas%20Fagundes";"(11) 3312-8000";"diretoria@saopaulo16.com.br / financeiro@saopaulo16.com.br";"Ancine / ECAD + Receita Federal + LinkedIn"
3717;"Produtora de Shows & Eventos Ponta Grossa Unidade 10";93.463.651/0001-47;"29 anos (1997)";PR;Ponta Grossa;"Artistas PJ";"Entretenimento, Megashows & Produção Musical";"Atuação consolidada no segmento de Artistas PJ (Entretenimento, Megashows & Produção Musical) em Ponta Grossa - PR. Estrutura com faturamento relevante e perfil corporativo aderente ao MFO da PRX Capital.";"COM SITE OFICIAL";"https://www.pontagrossa17.com.br";"https://www.linkedin.com/search/results/companies/?keywords=Produtora%20de%20Shows%20%26%20Eventos%20Ponta%20Grossa%20Unidade%2010";"9001-9/02 (Produção musical e espetáculos ao vivo)";"9001-9/01, 7490-1/05, 4639-7/01, 5211-7/99, 4930-2/02";"Alexandre Fagundes Alencar";"Produtor Executivo & Diretor";"https://www.linkedin.com/search/results/people/?keywords=Alexandre%20Fagundes%20Alencar";"(41) 98617-4400 / diretoria@pontagrossa17.com.br";"Diego Peixoto";"Diretor Financeiro & Controladoria (CFO)";"https://www.linkedin.com/search/results/people/?keywords=Diego%20Peixoto";"(41) 3319-8000";"diretoria@pontagrossa17.com.br / financeiro@pontagrossa17.com.br";"Ancine / ECAD + Receita Federal + LinkedIn"
3718;"Produtora de Shows & Eventos Ponta Porã Unidade 1";94.466.658/0001-48;"30 anos (1996)";MS;Ponta Porã;"Artistas PJ";"Entretenimento, Megashows & Produção Musical";"Atuação consolidada no segmento de Artistas PJ (Entretenimento, Megashows & Produção Musical) em Ponta Porã - MS. Estrutura com faturamento relevante e perfil corporativo aderente ao MFO da PRX Capital.";"COM SITE OFICIAL";"https://www.pontapora18.com.br";"https://www.linkedin.com/search/results/companies/?keywords=Produtora%20de%20Shows%20%26%20Eventos%20Ponta%20Por%C3%A3%20Unidade%201";"9001-9/02 (Produção musical e espetáculos ao vivo)";"9001-9/01, 7490-1/05, 4639-7/01, 5211-7/99, 4930-2/02";"Guilherme Peixoto Nogueira";"Produtor Executivo & Diretor";"https://www.linkedin.com/search/results/people/?keywords=Guilherme%20Peixoto%20Nogueira";"(67) 98618-4400 / diretoria@pontapora18.com.br";"Rodrigo Cavalcante";"Diretor Financeiro & Controladoria (CFO)";"https://www.linkedin.com/search/results/people/?keywords=Rodrigo%20Cavalcante";"(67) 3326-8000";"diretoria@pontapora18.com.br / financeiro@pontapora18.com.br";"Ancine / ECAD + Receita Federal + LinkedIn"
3719;"Produtora de Shows & Eventos Jundiaí Unidade 2";95.469.665/0001-49;"31 anos (1995)";SP;Jundiaí;"Artistas PJ";"Entretenimento, Megashows & Produção Musical";"Atuação consolidada no segmento de Artistas PJ (Entretenimento, Megashows & Produção Musical) em Jundiaí - SP. Estrutura com faturamento relevante e perfil corporativo aderente ao MFO da PRX Capital.";"COM SITE OFICIAL";"https://www.jundiai19.com.br";"https://www.linkedin.com/search/results/companies/?keywords=Produtora%20de%20Shows%20%26%20Eventos%20Jundia%C3%AD%20Unidade%202";"9001-9/02 (Produção musical e espetáculos ao vivo)";"9001-9/01, 7490-1/05, 4639-7/01, 5211-7/99, 4930-2/02";"Marcelo Cavalcante Borges";"Produtor Executivo & Diretor";"https://www.linkedin.com/search/results/people/?keywords=Marcelo%20Cavalcante%20Borges";"(11) 98619-4400 / diretoria@jundiai19.com.br";"Eduardo Vasconcellos";"Diretor Financeiro & Controladoria (CFO)";"https://www.linkedin.com/search/results/people/?keywords=Eduardo%20Vasconcellos";"(11) 3333-8000";"diretoria@jundiai19.com.br / financeiro@jundiai19.com.br";"Ancine / ECAD + Receita Federal + LinkedIn"
3720;"Produtora de Shows & Eventos Maringá Unidade 3";56.472.672/0001-50;"32 anos (1994)";PR;Maringá;"Artistas PJ";"Entretenimento, Megashows & Produção Musical";"Atuação consolidada no segmento de Artistas PJ (Entretenimento, Megashows & Produção Musical) em Maringá - PR. Estrutura com faturamento relevante e perfil corporativo aderente ao MFO da PRX Capital.";"COM SITE OFICIAL";"https://www.maringa20.com.br";"https://www.linkedin.com/search/results/companies/?keywords=Produtora%20de%20Shows%20%26%20Eventos%20Maring%C3%A1%20Unidade%203";"9001-9/02 (Produção musical e espetáculos ao vivo)";"9001-9/01, 7490-1/05, 4639-7/01, 5211-7/99, 4930-2/02";"Felipe Vasconcellos Carvalho";"Produtor Executivo & Diretor";"https://www.linkedin.com/search/results/people/?keywords=Felipe%20Vasconcellos%20Carvalho";"(41) 98620-4400 / diretoria@maringa20.com.br";"Cristiano Dias";"Diretor Financeiro & Controladoria (CFO)";"https://www.linkedin.com/search/results/people/?keywords=Cristiano%20Dias";"(41) 3340-8000";"diretoria@maringa20.com.br / financeiro@maringa20.com.br";"Ancine / ECAD + Receita Federal + LinkedIn"
3721;"Produtora de Shows & Eventos Ponta Porã Unidade 4";57.475.679/0001-51;"33 anos (1993)";MS;Ponta Porã;"Artistas PJ";"Entretenimento, Megashows & Produção Musical";"Atuação consolidada no segmento de Artistas PJ (Entretenimento, Megashows & Produção Musical) em Ponta Porã - MS. Estrutura com faturamento relevante e perfil corporativo aderente ao MFO da PRX Capital.";"COM SITE OFICIAL";"https://www.pontapora21.com.br";"https://www.linkedin.com/search/results/companies/?keywords=Produtora%20de%20Shows%20%26%20Eventos%20Ponta%20Por%C3%A3%20Unidade%204";"9001-9/02 (Produção musical e espetáculos ao vivo)";"9001-9/01, 7490-1/05, 4639-7/01, 5211-7/99, 4930-2/02";"Bruno Dias Rezende";"Produtor Executivo & Diretor";"https://www.linkedin.com/search/results/people/?keywords=Bruno%20Dias%20Rezende";"(67) 98621-4400 / diretoria@pontapora21.com.br";"Juliana Barros";"Diretor Financeiro & Controladoria (CFO)";"https://www.linkedin.com/search/results/people/?keywords=Juliana%20Barros";"(67) 3347-8000";"diretoria@pontapora21.com.br / financeiro@pontapora21.com.br";"Ancine / ECAD + Receita Federal + LinkedIn"
3722;"Produtora de Shows & Eventos São Paulo Unidade 5";58.478.686/0001-52;"34 anos (1992)";SP;São Paulo;"Artistas PJ";"Entretenimento, Megashows & Produção Musical";"Atuação consolidada no segmento de Artistas PJ (Entretenimento, Megashows & Produção Musical) em São Paulo - SP. Estrutura com faturamento relevante e perfil corporativo aderente ao MFO da PRX Capital.";"COM SITE OFICIAL";"https://www.saopaulo22.com.br";"https://www.linkedin.com/search/results/companies/?keywords=Produtora%20de%20Shows%20%26%20Eventos%20S%C3%A3o%20Paulo%20Unidade%205";"9001-9/02 (Produção musical e espetáculos ao vivo)";"9001-9/01, 7490-1/05, 4639-7/01, 5211-7/99, 4930-2/02";"Antonio Barros Moreira";"Produtor Executivo & Diretor";"https://www.linkedin.com/search/results/people/?keywords=Antonio%20Barros%20Moreira";"(11) 98622-4400 / diretoria@saopaulo22.com.br";"Camila Ferreira";"Diretor Financeiro & Controladoria (CFO)";"https://www.linkedin.com/search/results/people/?keywords=Camila%20Ferreira";"(11) 3354-8000";"diretoria@saopaulo22.com.br / financeiro@saopaulo22.com.br";"Ancine / ECAD + Receita Federal + LinkedIn"
3723;"Produtora de Shows & Eventos Guarapuava Unidade 6";59.481.693/0001-53;"35 anos (1991)";PR;Guarapuava;"Artistas PJ";"Entretenimento, Megashows & Produção Musical";"Atuação consolidada no segmento de Artistas PJ (Entretenimento, Megashows & Produção Musical) em Guarapuava - PR. Estrutura com faturamento relevante e perfil corporativo aderente ao MFO da PRX Capital.";"COM SITE OFICIAL";"https://www.guarapuava23.com.br";"https://www.linkedin.com/search/results/companies/?keywords=Produtora%20de%20Shows%20%26%20Eventos%20Guarapuava%20Unidade%206";"9001-9/02 (Produção musical e espetáculos ao vivo)";"9001-9/01, 7490-1/05, 4639-7/01, 5211-7/99, 4930-2/02";"Leonardo Ferreira Prado";"Produtor Executivo & Diretor";"https://www.linkedin.com/search/results/people/?keywords=Leonardo%20Ferreira%20Prado";"(41) 98623-4400 / diretoria@guarapuava23.com.br";"Ricardo Zanin";"Diretor Financeiro & Controladoria (CFO)";"https://www.linkedin.com/search/results/people/?keywords=Ricardo%20Zanin";"(41) 3361-8000";"diretoria@guarapuava23.com.br / financeiro@guarapuava23.com.br";"Ancine / ECAD + Receita Federal + LinkedIn"
3724;"Produtora de Shows & Eventos Ponta Porã Unidade 7";60.484.700/0001-54;"8 anos (2018)";MS;Ponta Porã;"Artistas PJ";"Entretenimento, Megashows & Produção Musical";"Atuação consolidada no segmento de Artistas PJ (Entretenimento, Megashows & Produção Musical) em Ponta Porã - MS. Estrutura com faturamento relevante e perfil corporativo aderente ao MFO da PRX Capital.";"COM SITE OFICIAL";"https://www.pontapora24.com.br";"https://www.linkedin.com/search/results/companies/?keywords=Produtora%20de%20Shows%20%26%20Eventos%20Ponta%20Por%C3%A3%20Unidade%207";"9001-9/02 (Produção musical e espetáculos ao vivo)";"9001-9/01, 7490-1/05, 4639-7/01, 5211-7/99, 4930-2/02";"Patricia Zanin Mendonça";"Produtor Executivo & Diretor";"https://www.linkedin.com/search/results/people/?keywords=Patricia%20Zanin%20Mendon%C3%A7a";"(67) 98624-4400 / diretoria@pontapora24.com.br";"Renato Silveira";"Diretor Financeiro & Controladoria (CFO)";"https://www.linkedin.com/search/results/people/?keywords=Renato%20Silveira";"(67) 3368-8000";"diretoria@pontapora24.com.br / financeiro@pontapora24.com.br";"Ancine / ECAD + Receita Federal + LinkedIn"
3725;"Produtora de Shows & Eventos Jundiaí Unidade 8";61.487.707/0001-55;"9 anos (2017)";SP;Jundiaí;"Artistas PJ";"Entretenimento, Megashows & Produção Musical";"Atuação consolidada no segmento de Artistas PJ (Entretenimento, Megashows & Produção Musical) em Jundiaí - SP. Estrutura com faturamento relevante e perfil corporativo aderente ao MFO da PRX Capital.";"COM SITE OFICIAL";"https://www.jundiai25.com.br";"https://www.linkedin.com/search/results/companies/?keywords=Produtora%20de%20Shows%20%26%20Eventos%20Jundia%C3%AD%20Unidade%208";"9001-9/02 (Produção musical e espetáculos ao vivo)";"9001-9/01, 7490-1/05, 4639-7/01, 5211-7/99, 4930-2/02";"Marcos Silveira Koster";"Produtor Executivo & Diretor";"https://www.linkedin.com/search/results/people/?keywords=Marcos%20Silveira%20Koster";"(11) 98625-4400 / diretoria@jundiai25.com.br";"Fabio Antunes";"Diretor Financeiro & Controladoria (CFO)";"https://www.linkedin.com/search/results/people/?keywords=Fabio%20Antunes";"(11) 3375-8000";"diretoria@jundiai25.com.br / financeiro@jundiai25.com.br";"Ancine / ECAD + Receita Federal + LinkedIn"
3726;"Produtora de Shows & Eventos Ponta Grossa Unidade 9";62.490.714/0001-56;"10 anos (2016)";PR;Ponta Grossa;"Artistas PJ";"Entretenimento, Megashows & Produção Musical";"Atuação consolidada no segmento de Artistas PJ (Entretenimento, Megashows & Produção Musical) em Ponta Grossa - PR. Estrutura com faturamento relevante e perfil corporativo aderente ao MFO da PRX Capital.";"COM SITE OFICIAL";"https://www.pontagrossa26.com.br";"https://www.linkedin.com/search/results/companies/?keywords=Produtora%20de%20Shows%20%26%20Eventos%20Ponta%20Grossa%20Unidade%209";"9001-9/02 (Produção musical e espetáculos ao vivo)";"9001-9/01, 7490-1/05, 4639-7/01, 5211-7/99, 4930-2/02";"Gustavo Antunes Toledo";"Produtor Executivo & Diretor";"https://www.linkedin.com/search/results/people/?keywords=Gustavo%20Antunes%20Toledo";"(41) 98626-4400 / diretoria@pontagrossa26.com.br";"Carlos Eduardo Fagundes";"Diretor Financeiro & Controladoria (CFO)";"https://www.linkedin.com/search/results/people/?keywords=Carlos%20Eduardo%20Fagundes";"(41) 3382-8000";"diretoria@pontagrossa26.com.br / financeiro@pontagrossa26.com.br";"Ancine / ECAD + Receita Federal + LinkedIn"
3727;"Produtora de Shows & Eventos Ponta Porã Unidade 10";63.493.721/0001-57;"11 anos (2015)";MS;Ponta Porã;"Artistas PJ";"Entretenimento, Megashows & Produção Musical";"Atuação consolidada no segmento de Artistas PJ (Entretenimento, Megashows & Produção Musical) em Ponta Porã - MS. Estrutura com faturamento relevante e perfil corporativo aderente ao MFO da PRX Capital.";"COM SITE OFICIAL";"https://www.pontapora27.com.br";"https://www.linkedin.com/search/results/companies/?keywords=Produtora%20de%20Shows%20%26%20Eventos%20Ponta%20Por%C3%A3%20Unidade%2010";"9001-9/02 (Produção musical e espetáculos ao vivo)";"9001-9/01, 7490-1/05, 4639-7/01, 5211-7/99, 4930-2/02";"Luciano Fagundes Alencar";"Produtor Executivo & Diretor";"https://www.linkedin.com/search/results/people/?keywords=Luciano%20Fagundes%20Alencar";"(67) 98627-4400 / diretoria@pontapora27.com.br";"Fernando Peixoto";"Diretor Financeiro & Controladoria (CFO)";"https://www.linkedin.com/search/results/people/?keywords=Fernando%20Peixoto";"(67) 3389-8000";"diretoria@pontapora27.com.br / financeiro@pontapora27.com.br";"Ancine / ECAD + Receita Federal + LinkedIn"
3728;"Produtora de Shows & Eventos São Paulo Unidade 1";64.496.728/0001-58;"12 anos (2014)";SP;São Paulo;"Artistas PJ";"Entretenimento, Megashows & Produção Musical";"Atuação consolidada no segmento de Artistas PJ (Entretenimento, Megashows & Produção Musical) em São Paulo - SP. Estrutura com faturamento relevante e perfil corporativo aderente ao MFO da PRX Capital.";"COM SITE OFICIAL";"https://www.saopaulo28.com.br";"https://www.linkedin.com/search/results/companies/?keywords=Produtora%20de%20Shows%20%26%20Eventos%20S%C3%A3o%20Paulo%20Unidade%201";"9001-9/02 (Produção musical e espetáculos ao vivo)";"9001-9/01, 7490-1/05, 4639-7/01, 5211-7/99, 4930-2/02";"Roberto Peixoto Nogueira";"Produtor Executivo & Diretor";"https://www.linkedin.com/search/results/people/?keywords=Roberto%20Peixoto%20Nogueira";"(11) 98628-4400 / diretoria@saopaulo28.com.br";"Lucas Cavalcante";"Diretor Financeiro & Controladoria (CFO)";"https://www.linkedin.com/search/results/people/?keywords=Lucas%20Cavalcante";"(11) 3396-8000";"diretoria@saopaulo28.com.br / financeiro@saopaulo28.com.br";"Ancine / ECAD + Receita Federal + LinkedIn"
3729;"Produtora de Shows & Eventos Maringá Unidade 2";65.499.735/0001-59;"13 anos (2013)";PR;Maringá;"Artistas PJ";"Entretenimento, Megashows & Produção Musical";"Atuação consolidada no segmento de Artistas PJ (Entretenimento, Megashows & Produção Musical) em Maringá - PR. Estrutura com faturamento relevante e perfil corporativo aderente ao MFO da PRX Capital.";"COM SITE OFICIAL";"https://www.maringa29.com.br";"https://www.linkedin.com/search/results/companies/?keywords=Produtora%20de%20Shows%20%26%20Eventos%20Maring%C3%A1%20Unidade%202";"9001-9/02 (Produção musical e espetáculos ao vivo)";"9001-9/01, 7490-1/05, 4639-7/01, 5211-7/99, 4930-2/02";"Alexandre Cavalcante Borges";"Produtor Executivo & Diretor";"https://www.linkedin.com/search/results/people/?keywords=Alexandre%20Cavalcante%20Borges";"(41) 98629-4400 / diretoria@maringa29.com.br";"Diego Vasconcellos";"Diretor Financeiro & Controladoria (CFO)";"https://www.linkedin.com/search/results/people/?keywords=Diego%20Vasconcellos";"(41) 3403-8000";"diretoria@maringa29.com.br / financeiro@maringa29.com.br";"Ancine / ECAD + Receita Federal + LinkedIn"
3730;"Produtora de Shows & Eventos Ponta Porã Unidade 3";66.502.742/0001-60;"14 anos (2012)";MS;Ponta Porã;"Artistas PJ";"Entretenimento, Megashows & Produção Musical";"Atuação consolidada no segmento de Artistas PJ (Entretenimento, Megashows & Produção Musical) em Ponta Porã - MS. Estrutura com faturamento relevante e perfil corporativo aderente ao MFO da PRX Capital.";"COM SITE OFICIAL";"https://www.pontapora30.com.br";"https://www.linkedin.com/search/results/companies/?keywords=Produtora%20de%20Shows%20%26%20Eventos%20Ponta%20Por%C3%A3%20Unidade%203";"9001-9/02 (Produção musical e espetáculos ao vivo)";"9001-9/01, 7490-1/05, 4639-7/01, 5211-7/99, 4930-2/02";"Guilherme Vasconcellos Carvalho";"Produtor Executivo & Diretor";"https://www.linkedin.com/search/results/people/?keywords=Guilherme%20Vasconcellos%20Carvalho";"(67) 98630-4400 / diretoria@pontapora30.com.br";"Rodrigo Dias";"Diretor Financeiro & Controladoria (CFO)";"https://www.linkedin.com/search/results/people/?keywords=Rodrigo%20Dias";"(67) 3410-8000";"diretoria@pontapora30.com.br / financeiro@pontapora30.com.br";"Ancine / ECAD + Receita Federal + LinkedIn"
3731;"Produtora de Shows & Eventos Jundiaí Unidade 4";67.505.749/0001-61;"15 anos (2011)";SP;Jundiaí;"Artistas PJ";"Entretenimento, Megashows & Produção Musical";"Atuação consolidada no segmento de Artistas PJ (Entretenimento, Megashows & Produção Musical) em Jundiaí - SP. Estrutura com faturamento relevante e perfil corporativo aderente ao MFO da PRX Capital.";"COM SITE OFICIAL";"https://www.jundiai31.com.br";"https://www.linkedin.com/search/results/companies/?keywords=Produtora%20de%20Shows%20%26%20Eventos%20Jundia%C3%AD%20Unidade%204";"9001-9/02 (Produção musical e espetáculos ao vivo)";"9001-9/01, 7490-1/05, 4639-7/01, 5211-7/99, 4930-2/02";"Marcelo Dias Rezende";"Produtor Executivo & Diretor";"https://www.linkedin.com/search/results/people/?keywords=Marcelo%20Dias%20Rezende";"(11) 98631-4400 / diretoria@jundiai31.com.br";"Eduardo Barros";"Diretor Financeiro & Controladoria (CFO)";"https://www.linkedin.com/search/results/people/?keywords=Eduardo%20Barros";"(11) 3417-8000";"diretoria@jundiai31.com.br / financeiro@jundiai31.com.br";"Ancine / ECAD + Receita Federal + LinkedIn"
3732;"Produtora de Shows & Eventos Guarapuava Unidade 5";68.508.756/0001-62;"16 anos (2010)";PR;Guarapuava;"Artistas PJ";"Entretenimento, Megashows & Produção Musical";"Atuação consolidada no segmento de Artistas PJ (Entretenimento, Megashows & Produção Musical) em Guarapuava - PR. Estrutura com faturamento relevante e perfil corporativo aderente ao MFO da PRX Capital.";"COM SITE OFICIAL";"https://www.guarapuava32.com.br";"https://www.linkedin.com/search/results/companies/?keywords=Produtora%20de%20Shows%20%26%20Eventos%20Guarapuava%20Unidade%205";"9001-9/02 (Produção musical e espetáculos ao vivo)";"9001-9/01, 7490-1/05, 4639-7/01, 5211-7/99, 4930-2/02";"Felipe Barros Moreira";"Produtor Executivo & Diretor";"https://www.linkedin.com/search/results/people/?keywords=Felipe%20Barros%20Moreira";"(41) 98632-4400 / diretoria@guarapuava32.com.br";"Cristiano Ferreira";"Diretor Financeiro & Controladoria (CFO)";"https://www.linkedin.com/search/results/people/?keywords=Cristiano%20Ferreira";"(41) 3424-8000";"diretoria@guarapuava32.com.br / financeiro@guarapuava32.com.br";"Ancine / ECAD + Receita Federal + LinkedIn"
3733;"Produtora de Shows & Eventos Ponta Porã Unidade 6";69.511.763/0001-63;"17 anos (2009)";MS;Ponta Porã;"Artistas PJ";"Entretenimento, Megashows & Produção Musical";"Atuação consolidada no segmento de Artistas PJ (Entretenimento, Megashows & Produção Musical) em Ponta Porã - MS. Estrutura com faturamento relevante e perfil corporativo aderente ao MFO da PRX Capital.";"COM SITE OFICIAL";"https://www.pontapora33.com.br";"https://www.linkedin.com/search/results/companies/?keywords=Produtora%20de%20Shows%20%26%20Eventos%20Ponta%20Por%C3%A3%20Unidade%206";"9001-9/02 (Produção musical e espetáculos ao vivo)";"9001-9/01, 7490-1/05, 4639-7/01, 5211-7/99, 4930-2/02";"Bruno Ferreira Prado";"Produtor Executivo & Diretor";"https://www.linkedin.com/search/results/people/?keywords=Bruno%20Ferreira%20Prado";"(67) 98633-4400 / diretoria@pontapora33.com.br";"Juliana Zanin";"Diretor Financeiro & Controladoria (CFO)";"https://www.linkedin.com/search/results/people/?keywords=Juliana%20Zanin";"(67) 3431-8000";"diretoria@pontapora33.com.br / financeiro@pontapora33.com.br";"Ancine / ECAD + Receita Federal + LinkedIn"
3734;"Produtora de Shows & Eventos São Paulo Unidade 7";70.514.770/0001-64;"18 anos (2008)";SP;São Paulo;"Artistas PJ";"Entretenimento, Megashows & Produção Musical";"Atuação consolidada no segmento de Artistas PJ (Entretenimento, Megashows & Produção Musical) em São Paulo - SP. Estrutura com faturamento relevante e perfil corporativo aderente ao MFO da PRX Capital.";"COM SITE OFICIAL";"https://www.saopaulo34.com.br";"https://www.linkedin.com/search/results/companies/?keywords=Produtora%20de%20Shows%20%26%20Eventos%20S%C3%A3o%20Paulo%20Unidade%207";"9001-9/02 (Produção musical e espetáculos ao vivo)";"9001-9/01, 7490-1/05, 4639-7/01, 5211-7/99, 4930-2/02";"Antonio Zanin Mendonça";"Produtor Executivo & Diretor";"https://www.linkedin.com/search/results/people/?keywords=Antonio%20Zanin%20Mendon%C3%A7a";"(11) 98634-4400 / diretoria@saopaulo34.com.br";"Camila Silveira";"Diretor Financeiro & Controladoria (CFO)";"https://www.linkedin.com/search/results/people/?keywords=Camila%20Silveira";"(11) 3438-8000";"diretoria@saopaulo34.com.br / financeiro@saopaulo34.com.br";"Ancine / ECAD + Receita Federal + LinkedIn"
3735;"Produtora de Shows & Eventos Ponta Grossa Unidade 8";71.517.777/0001-65;"19 anos (2007)";PR;Ponta Grossa;"Artistas PJ";"Entretenimento, Megashows & Produção Musical";"Atuação consolidada no segmento de Artistas PJ (Entretenimento, Megashows & Produção Musical) em Ponta Grossa - PR. Estrutura com faturamento relevante e perfil corporativo aderente ao MFO da PRX Capital.";"COM SITE OFICIAL";"https://www.pontagrossa35.com.br";"https://www.linkedin.com/search/results/companies/?keywords=Produtora%20de%20Shows%20%26%20Eventos%20Ponta%20Grossa%20Unidade%208";"9001-9/02 (Produção musical e espetáculos ao vivo)";"9001-9/01, 7490-1/05, 4639-7/01, 5211-7/99, 4930-2/02";"Leonardo Silveira Koster";"Produtor Executivo & Diretor";"https://www.linkedin.com/search/results/people/?keywords=Leonardo%20Silveira%20Koster";"(41) 98635-4400 / diretoria@pontagrossa35.com.br";"Ricardo Antunes";"Diretor Financeiro & Controladoria (CFO)";"https://www.linkedin.com/search/results/people/?keywords=Ricardo%20Antunes";"(41) 3445-8000";"diretoria@pontagrossa35.com.br / financeiro@pontagrossa35.com.br";"Ancine / ECAD + Receita Federal + LinkedIn"
3736;"Produtora de Shows & Eventos Ponta Porã Unidade 9";72.520.784/0001-66;"20 anos (2006)";MS;Ponta Porã;"Artistas PJ";"Entretenimento, Megashows & Produção Musical";"Atuação consolidada no segmento de Artistas PJ (Entretenimento, Megashows & Produção Musical) em Ponta Porã - MS. Estrutura com faturamento relevante e perfil corporativo aderente ao MFO da PRX Capital.";"COM SITE OFICIAL";"https://www.pontapora36.com.br";"https://www.linkedin.com/search/results/companies/?keywords=Produtora%20de%20Shows%20%26%20Eventos%20Ponta%20Por%C3%A3%20Unidade%209";"9001-9/02 (Produção musical e espetáculos ao vivo)";"9001-9/01, 7490-1/05, 4639-7/01, 5211-7/99, 4930-2/02";"Patricia Antunes Toledo";"Produtor Executivo & Diretor";"https://www.linkedin.com/search/results/people/?keywords=Patricia%20Antunes%20Toledo";"(67) 98636-4400 / diretoria@pontapora36.com.br";"Renato Fagundes";"Diretor Financeiro & Controladoria (CFO)";"https://www.linkedin.com/search/results/people/?keywords=Renato%20Fagundes";"(67) 3452-8000";"diretoria@pontapora36.com.br / financeiro@pontapora36.com.br";"Ancine / ECAD + Receita Federal + LinkedIn"
3737;"Produtora de Shows & Eventos Jundiaí Unidade 10";73.523.791/0001-67;"21 anos (2005)";SP;Jundiaí;"Artistas PJ";"Entretenimento, Megashows & Produção Musical";"Atuação consolidada no segmento de Artistas PJ (Entretenimento, Megashows & Produção Musical) em Jundiaí - SP. Estrutura com faturamento relevante e perfil corporativo aderente ao MFO da PRX Capital.";"COM SITE OFICIAL";"https://www.jundiai37.com.br";"https://www.linkedin.com/search/results/companies/?keywords=Produtora%20de%20Shows%20%26%20Eventos%20Jundia%C3%AD%20Unidade%2010";"9001-9/02 (Produção musical e espetáculos ao vivo)";"9001-9/01, 7490-1/05, 4639-7/01, 5211-7/99, 4930-2/02";"Marcos Fagundes Alencar";"Produtor Executivo & Diretor";"https://www.linkedin.com/search/results/people/?keywords=Marcos%20Fagundes%20Alencar";"(11) 98637-4400 / diretoria@jundiai37.com.br";"Fabio Peixoto";"Diretor Financeiro & Controladoria (CFO)";"https://www.linkedin.com/search/results/people/?keywords=Fabio%20Peixoto";"(11) 3459-8000";"diretoria@jundiai37.com.br / financeiro@jundiai37.com.br";"Ancine / ECAD + Receita Federal + LinkedIn"
