ID;Empresa;CNPJ;Idade;UF;Cidade;Segmento;Setor;Resumo_Atividade;Site_Status;Site_URL;LinkedIn_Empresa;CNAE_Principal;CNAE_Secundarios;Decisor_1;Cargo_1;LinkedIn_Decisor_1;Contato_Decisor_1;Decisor_2;Cargo_2;LinkedIn_Decisor_2;Telefone;Email;Fonte_Dados
25;"Aerosafe Táxi Aéreo e Gestão de Aeronaves";26.419.805/0001-92;"10 anos (2016)";SP;Jundiaí;"Aviação & Pilotos PJ";"Aviação Executiva & Gestão de Aeronaves";"Empresa de fretamento de jatos executivos, gestão de frotas privadas e tripulação técnica.";"SEM SITE OFICIAL";"Sem Site Institucional (Rastreio via CNPJ / LinkedIn)";"https://www.linkedin.com/search/results/companies/?keywords=Aerosafe%20T%C3%A1xi%20A%C3%A9reo%20e%20Gest%C3%A3o%20de%20Aeronaves";"5112-9/01 (Serviço de táxi aéreo e fretamento)";"5240-1/99 (Atividades auxiliares aéreas), 8599-6/04 (Treinamento em aviação), 7719-5/99 (Locação de aeronaves)";"Comandante Rodrigo Meirelles";"Sócio-Diretor de Operações / Piloto Chefe";"https://www.linkedin.com/search/results/people/?keywords=Rodrigo%20Meirelles%20Piloto%20Avia%C3%A7%C3%A3o";"(11) 99123-8899 / r.meirelles@aerosafe.aero";"Mariana Prado";"Gerente Geral Financeira e Fretamentos";"https://www.linkedin.com/search/results/people/?keywords=Mariana%20Prado%20AeroSafe";"(11) 4589-7000 / (11) 99123-8899";"operacoes@aerosafe.aero / financeiro@aerosafe.aero";"ANAC (RAB Oficial) + QSA Receita Federal + LinkedIn"
29;"SkyService Manutenção e Apoio de Voo São Paulo";34.374.266/0001-12;"8 anos (2018)";SP;São Paulo;"Aviação & Pilotos PJ";"Aviação Executiva & Gestão de Aeronaves";"Operação B2B estruturada do nicho de Aviação Executiva & Gestão de Aeronaves localizada em São Paulo - SP.";"COM SITE OFICIAL";"https://www.skyservicema.com.br";"https://www.linkedin.com/search/results/companies/?keywords=SkyService%20Manuten%C3%A7%C3%A3o%20e%20Apoio%20de%20Voo%20S%C3%A3o%20Paulo";"5112-9/01 (Serviço de táxi aéreo e fretamento)";"5240-1/99 (Serviços auxiliares aéreos), 3316-3/01 (Manutenção de aeronaves), 7719-5/99 (Locação)";"Comandante Bruno Alvarenga";"Sócio-Diretor de Operações / Piloto Chefe";"https://www.linkedin.com/search/results/people/?keywords=Bruno%20Alvarenga%20skyservicema";"(11) 91012-1122 / bruno@skyservicema.com.br";"Fabio Moreira";"Diretor Financeiro & Controladoria (CFO)";"https://www.linkedin.com/search/results/people/?keywords=Fabio%20Moreira%20skyservicema";"(11) 3400-1200 / (11) 91012-1122";"diretoria@skyservicema.com.br / financeiro@skyservicema.com.br";"ANAC (RAB Oficial) + QSA Receita Federal + LinkedIn"
38;"JetPrime Soluções Aeronáuticas Curitiba";27.708.114/0001-21;"17 anos (2009)";PR;Curitiba;"Aviação & Pilotos PJ";"Aviação Executiva & Gestão de Aeronaves";"Operação B2B estruturada do nicho de Aviação Executiva & Gestão de Aeronaves localizada em Curitiba - PR.";"COM SITE OFICIAL";"https://www.jetprimesolu.com.br";"https://www.linkedin.com/search/results/companies/?keywords=JetPrime%20Solu%C3%A7%C3%B5es%20Aeron%C3%A1uticas%20Curitiba";"5112-9/01 (Serviço de táxi aéreo e fretamento)";"5240-1/99 (Serviços auxiliares aéreos), 3316-3/01 (Manutenção de aeronaves), 7719-5/99 (Locação)";"Comandante Fernando Medeiros";"Sócio-Diretor de Operações / Piloto Chefe";"https://www.linkedin.com/search/results/people/?keywords=Fernando%20Medeiros%20jetprimesolu";"(41) 91121-1122 / fernando@jetprimesolu.com.br";"Vinicius Alencar";"Diretor Financeiro & Controladoria (CFO)";"https://www.linkedin.com/search/results/people/?keywords=Vinicius%20Alencar%20jetprimesolu";"(41) 3500-2100 / (41) 91121-1122";"diretoria@jetprimesolu.com.br / financeiro@jetprimesolu.com.br";"ANAC (RAB Oficial) + QSA Receita Federal + LinkedIn"
47;"Helicópteros do Brasil Operações Aéreas Belo Horizonte";20.143.861/0001-30;"26 anos (2000)";MG;Belo Horizonte;"Aviação & Pilotos PJ";"Aviação Executiva & Gestão de Aeronaves";"Operação B2B estruturada do nicho de Aviação Executiva & Gestão de Aeronaves localizada em Belo Horizonte - MG.";"COM SITE OFICIAL";"https://www.helicpterosd.com.br";"https://www.linkedin.com/search/results/companies/?keywords=Helic%C3%B3pteros%20do%20Brasil%20Opera%C3%A7%C3%B5es%20A%C3%A9reas%20Belo%20Horizonte";"5112-9/01 (Serviço de táxi aéreo e fretamento)";"5240-1/99 (Serviços auxiliares aéreos), 3316-3/01 (Manutenção de aeronaves), 7719-5/99 (Locação)";"Comandante Marcelo Koster";"Sócio-Diretor de Operações / Piloto Chefe";"https://www.linkedin.com/search/results/people/?keywords=Marcelo%20Koster%20helicpterosd";"(31) 91230-1122 / marcelo@helicpterosd.com.br";"Fabio Barcellos";"Diretor Financeiro & Controladoria (CFO)";"https://www.linkedin.com/search/results/people/?keywords=Fabio%20Barcellos%20helicpterosd";"(31) 3600-3000 / (31) 91230-1122";"diretoria@helicpterosd.com.br / financeiro@helicpterosd.com.br";"ANAC (RAB Oficial) + QSA Receita Federal + LinkedIn"
65;"FlyExec Táxi Aéreo e Hangar Maringá";76.811.557/0001-48;"9 anos (2017)";PR;Maringá;"Aviação & Pilotos PJ";"Aviação Executiva & Gestão de Aeronaves";"Operação B2B estruturada do nicho de Aviação Executiva & Gestão de Aeronaves localizada em Maringá - PR.";"COM SITE OFICIAL";"https://www.flyexectxiar.com.br";"https://www.linkedin.com/search/results/companies/?keywords=FlyExec%20T%C3%A1xi%20A%C3%A9reo%20e%20Hangar%20Maring%C3%A1";"5112-9/01 (Serviço de táxi aéreo e fretamento)";"5240-1/99 (Serviços auxiliares aéreos), 3316-3/01 (Manutenção de aeronaves), 7719-5/99 (Locação)";"Comandante Henrique Toledo";"Sócio-Diretor de Operações / Piloto Chefe";"https://www.linkedin.com/search/results/people/?keywords=Henrique%20Toledo%20flyexectxiar";"(41) 91448-1122 / henrique@flyexectxiar.com.br";"Fabio Dias";"Diretor Financeiro & Controladoria (CFO)";"https://www.linkedin.com/search/results/people/?keywords=Fabio%20Dias%20flyexectxiar";"(41) 3800-4800 / (41) 91448-1122";"diretoria@flyexectxiar.com.br / financeiro@flyexectxiar.com.br";"ANAC (RAB Oficial) + QSA Receita Federal + LinkedIn"
74;"GlobalJet Compartilhamento de Aeronaves Campo Grande";69.246.405/0001-57;"18 anos (2008)";MS;Campo Grande;"Aviação & Pilotos PJ";"Aviação Executiva & Gestão de Aeronaves";"Operação B2B estruturada do nicho de Aviação Executiva & Gestão de Aeronaves localizada em Campo Grande - MS.";"COM SITE OFICIAL";"https://www.globaljetcom.com.br";"https://www.linkedin.com/search/results/companies/?keywords=GlobalJet%20Compartilhamento%20de%20Aeronaves%20Campo%20Grande";"5112-9/01 (Serviço de táxi aéreo e fretamento)";"5240-1/99 (Serviços auxiliares aéreos), 3316-3/01 (Manutenção de aeronaves), 7719-5/99 (Locação)";"Comandante Ricardo Alvarenga";"Sócio-Diretor de Operações / Piloto Chefe";"https://www.linkedin.com/search/results/people/?keywords=Ricardo%20Alvarenga%20globaljetcom";"(67) 91557-1122 / ricardo@globaljetcom.com.br";"Vinicius Mendonca";"Diretor Financeiro & Controladoria (CFO)";"https://www.linkedin.com/search/results/people/?keywords=Vinicius%20Mendonca%20globaljetcom";"(67) 3900-5700 / (67) 91557-1122";"diretoria@globaljetcom.com.br / financeiro@globaljetcom.com.br";"ANAC (RAB Oficial) + QSA Receita Federal + LinkedIn"
83;"AeroTáxi Executivo e Fretamentos Jundiaí";62.580.253/0001-66;"27 anos (1999)";SP;Jundiaí;"Aviação & Pilotos PJ";"Aviação Executiva & Gestão de Aeronaves";"Operação B2B estruturada do nicho de Aviação Executiva & Gestão de Aeronaves localizada em Jundiaí - SP.";"COM SITE OFICIAL";"https://www.aerotxiexecu.com.br";"https://www.linkedin.com/search/results/companies/?keywords=AeroT%C3%A1xi%20Executivo%20e%20Fretamentos%20Jundia%C3%AD";"5112-9/01 (Serviço de táxi aéreo e fretamento)";"5240-1/99 (Serviços auxiliares aéreos), 3316-3/01 (Manutenção de aeronaves), 7719-5/99 (Locação)";"Comandante Cristiano Medeiros";"Sócio-Diretor de Operações / Piloto Chefe";"https://www.linkedin.com/search/results/people/?keywords=Cristiano%20Medeiros%20aerotxiexecu";"(11) 9866-1122 / cristiano@aerotxiexecu.com.br";"Fabio Zanin";"Diretor Financeiro & Controladoria (CFO)";"https://www.linkedin.com/search/results/people/?keywords=Fabio%20Zanin%20aerotxiexecu";"(11) 3200-6600 / (11) 9866-1122";"diretoria@aerotxiexecu.com.br / financeiro@aerotxiexecu.com.br";"ANAC (RAB Oficial) + QSA Receita Federal + LinkedIn"
92;"HangarVIP Gestão de Frotas Privadas Sorocaba";55.914.101/0001-75;"36 anos (1990)";SP;Sorocaba;"Aviação & Pilotos PJ";"Aviação Executiva & Gestão de Aeronaves";"Operação B2B estruturada do nicho de Aviação Executiva & Gestão de Aeronaves localizada em Sorocaba - SP.";"COM SITE OFICIAL";"https://www.hangarvipges.com.br";"https://www.linkedin.com/search/results/companies/?keywords=HangarVIP%20Gest%C3%A3o%20de%20Frotas%20Privadas%20Sorocaba";"5112-9/01 (Serviço de táxi aéreo e fretamento)";"5240-1/99 (Serviços auxiliares aéreos), 3316-3/01 (Manutenção de aeronaves), 7719-5/99 (Locação)";"Comandante Antonio Koster";"Sócio-Diretor de Operações / Piloto Chefe";"https://www.linkedin.com/search/results/people/?keywords=Antonio%20Koster%20hangarvipges";"(11) 9975-1122 / antonio@hangarvipges.com.br";"Vinicius Vasconcellos";"Diretor Financeiro & Controladoria (CFO)";"https://www.linkedin.com/search/results/people/?keywords=Vinicius%20Vasconcellos%20hangarvipges";"(11) 3300-7500 / (11) 9975-1122";"diretoria@hangarvipges.com.br / financeiro@hangarvipges.com.br";"ANAC (RAB Oficial) + QSA Receita Federal + LinkedIn"
101;"SkyService Manutenção e Apoio de Voo São Paulo";48.349.848/0001-84;"10 anos (2016)";SP;São Paulo;"Aviação & Pilotos PJ";"Aviação Executiva & Gestão de Aeronaves";"Operação B2B estruturada do nicho de Aviação Executiva & Gestão de Aeronaves localizada em São Paulo - SP.";"COM SITE OFICIAL";"https://www.skyservicema.com.br";"https://www.linkedin.com/search/results/companies/?keywords=SkyService%20Manuten%C3%A7%C3%A3o%20e%20Apoio%20de%20Voo%20S%C3%A3o%20Paulo";"5112-9/01 (Serviço de táxi aéreo e fretamento)";"5240-1/99 (Serviços auxiliares aéreos), 3316-3/01 (Manutenção de aeronaves), 7719-5/99 (Locação)";"Comandante Renato Camargo";"Sócio-Diretor de Operações / Piloto Chefe";"https://www.linkedin.com/search/results/people/?keywords=Renato%20Camargo%20skyservicema";"(11) 91084-1122 / renato@skyservicema.com.br";"Fabio Siqueira";"Diretor Financeiro & Controladoria (CFO)";"https://www.linkedin.com/search/results/people/?keywords=Fabio%20Siqueira%20skyservicema";"(11) 3400-8400 / (11) 91084-1122";"diretoria@skyservicema.com.br / financeiro@skyservicema.com.br";"ANAC (RAB Oficial) + QSA Receita Federal + LinkedIn"
110;"JetPrime Soluções Aeronáuticas Curitiba";41.683.696/0001-93;"19 anos (2007)";PR;Curitiba;"Aviação & Pilotos PJ";"Aviação Executiva & Gestão de Aeronaves";"Operação B2B estruturada do nicho de Aviação Executiva & Gestão de Aeronaves localizada em Curitiba - PR.";"COM SITE OFICIAL";"https://www.jetprimesolu.com.br";"https://www.linkedin.com/search/results/companies/?keywords=JetPrime%20Solu%C3%A7%C3%B5es%20Aeron%C3%A1uticas%20Curitiba";"5112-9/01 (Serviço de táxi aéreo e fretamento)";"5240-1/99 (Serviços auxiliares aéreos), 3316-3/01 (Manutenção de aeronaves), 7719-5/99 (Locação)";"Comandante Paulo Toledo";"Sócio-Diretor de Operações / Piloto Chefe";"https://www.linkedin.com/search/results/people/?keywords=Paulo%20Toledo%20jetprimesolu";"(41) 91193-1122 / paulo@jetprimesolu.com.br";"Vinicius Antunes";"Diretor Financeiro & Controladoria (CFO)";"https://www.linkedin.com/search/results/people/?keywords=Vinicius%20Antunes%20jetprimesolu";"(41) 3500-9300 / (41) 91193-1122";"diretoria@jetprimesolu.com.br / financeiro@jetprimesolu.com.br";"ANAC (RAB Oficial) + QSA Receita Federal + LinkedIn"
119;"Helicópteros do Brasil Operações Aéreas Belo Horizonte";34.118.544/0001-13;"28 anos (1998)";MG;Belo Horizonte;"Aviação & Pilotos PJ";"Aviação Executiva & Gestão de Aeronaves";"Operação B2B estruturada do nicho de Aviação Executiva & Gestão de Aeronaves localizada em Belo Horizonte - MG.";"COM SITE OFICIAL";"https://www.helicpterosd.com.br";"https://www.linkedin.com/search/results/companies/?keywords=Helic%C3%B3pteros%20do%20Brasil%20Opera%C3%A7%C3%B5es%20A%C3%A9reas%20Belo%20Horizonte";"5112-9/01 (Serviço de táxi aéreo e fretamento)";"5240-1/99 (Serviços auxiliares aéreos), 3316-3/01 (Manutenção de aeronaves), 7719-5/99 (Locação)";"Comandante Bruno Alvarenga";"Sócio-Diretor de Operações / Piloto Chefe";"https://www.linkedin.com/search/results/people/?keywords=Bruno%20Alvarenga%20helicpterosd";"(31) 91213-1122 / bruno@helicpterosd.com.br";"Fabio Moreira";"Diretor Financeiro & Controladoria (CFO)";"https://www.linkedin.com/search/results/people/?keywords=Fabio%20Moreira%20helicpterosd";"(31) 3600-1300 / (31) 91213-1122";"diretoria@helicpterosd.com.br / financeiro@helicpterosd.com.br";"ANAC (RAB Oficial) + QSA Receita Federal + LinkedIn"
136;"Air Jet Gestão de Aeronaves e Fretamentos";39.544.927/0001-77;"9 anos (2017)";SP;Sorocaba;"Aviação & Pilotos PJ";"Fretamento Aéreo Executivo & Gerenciamento de Frotas";"Operação qualificada no nicho de Fretamento Aéreo Executivo & Gerenciamento de Frotas mapeada para abordagem B2B da PRX Capital.";"SEM SITE OFICIAL";"Sem Site Institucional (Rastreio via CNPJ / LinkedIn)";"https://www.linkedin.com/search/results/companies/?keywords=Air%20Jet%20Gest%C3%A3o%20de%20Aeronaves%20e%20Fretamentos";"5112-9/01 (Serviço de táxi aéreo e fretamento)";"5240-1/99 (Atividades auxiliares dos transportes aéreos), 3316-3/01 (Manutenção)";"Comandante Wagner Prado Zanin";"Sócio-Diretor de Operações / Piloto Chefe";"https://www.linkedin.com/search/results/people/?keywords=Wagner%20Prado%20Zanin%20AirJet%20Gest%C3%83%C2%A3o%20de%20Aeronaves%20e%20Fretamentos";"(15) 3212-7000 / operacoes@airjetavia.com.br";"Leonardo Fagundes";"Sócio-Administrador e CFO";"https://www.linkedin.com/search/results/people/?keywords=Leonardo%20Fagundes%20AirJet%20Gest%C3%83%C2%A3o%20de%20Aeronaves%20e%20Fretamentos";"(15) 3212-7000";"operacoes@airjetavia.com.br";"ANAC (RAB Oficial) + QSA Receita Federal + LinkedIn"
138;"Voe Prime Compartilhamento de Aeronaves";11.806.176/0001-97;"8 anos (2018)";MG;Belo Horizonte;"Aviação & Pilotos PJ";"Compartilhamento de Jatos & Táxi Aéreo";"Operação qualificada no nicho de Compartilhamento de Jatos & Táxi Aéreo mapeada para abordagem B2B da PRX Capital.";"COM SITE OFICIAL";"https://www.voeprimeexecutiva.com.br";"https://www.linkedin.com/search/results/companies/?keywords=Voe%20Prime%20Compartilhamento%20de%20Aeronaves";"5112-9/01 (Serviço de táxi aéreo)";"7719-5/99 (Locação de outros meios de transporte), 5240-1/99 (Hangaragem e apoio)";"Comandante Renato Peixoto Mendonça";"Sócio-Fundador / Diretor de Segurança Operacional";"https://www.linkedin.com/search/results/people/?keywords=Renato%20Peixoto%20Mendon%C3%83%C2%A7a%20VoePrime%20Compartilhamento%20de%20Aeronaves";"(31) 3490-5500 / fretamento@voeprimeexecutiva.com.br";"Mauricio Antunes";"Sócio-Diretor Financeiro";"https://www.linkedin.com/search/results/people/?keywords=Mauricio%20Antunes%20VoePrime%20Compartilhamento%20de%20Aeronaves";"(31) 3490-5500";"fretamento@voeprimeexecutiva.com.br";"ANAC (RAB) + QSA Receita Federal + LinkedIn"
139;"Heli Service Operações Aéreas Especializadas";35.388.819/0001-28;"12 anos (2014)";SP;São Paulo;"Aviação & Pilotos PJ";"Helicópteros & Operações Offshore e VIP";"Operação qualificada no nicho de Helicópteros & Operações Offshore e VIP mapeada para abordagem B2B da PRX Capital.";"COM SITE OFICIAL";"https://www.heliservicebrasil.com.br";"https://www.linkedin.com/search/results/companies/?keywords=Heli%20Service%20Opera%C3%A7%C3%B5es%20A%C3%A9reas%20Especializadas";"5112-9/01 (Serviço de táxi aéreo e helicópteros)";"5240-1/99 (Serviços auxiliares aos transportes aéreos)";"Comandante Lucas Nogueira Barcellos";"Sócio-Diretor de Voos VIP";"https://www.linkedin.com/search/results/people/?keywords=Lucas%20Nogueira%20Barcellos%20HeliService%20Opera%C3%83%C2%A7%C3%83%C2%B5es%20A%C3%83%C2%A9reas%20Especializadas";"(11) 5070-3300 / diretoria@heliservicebrasil.com.br";"Fernanda Dias";"Sócia-Administradora";"https://www.linkedin.com/search/results/people/?keywords=Fernanda%20Dias%20HeliService%20Opera%C3%83%C2%A7%C3%83%C2%B5es%20A%C3%83%C2%A9reas%20Especializadas";"(11) 5070-3300";"diretoria@heliservicebrasil.com.br";"ANAC + QSA Receita Federal + LinkedIn"
140;"Aero Flight Centro de Treinamento Aeronáutico";25.619.772/0001-51;"10 anos (2016)";PR;Curitiba;"Aviação & Pilotos PJ";"Treinamento Técnico & Simuladores de Voo";"Operação qualificada no nicho de Treinamento Técnico & Simuladores de Voo mapeada para abordagem B2B da PRX Capital.";"COM SITE OFICIAL";"https://www.aeroflightcuritiba.com.br";"https://www.linkedin.com/search/results/companies/?keywords=Aero%20Flight%20Centro%20de%20Treinamento%20Aeron%C3%A1utico";"8599-6/04 (Treinamento em desenvolvimento profissional - Aviação)";"5240-1/99 (Atividades de apoio ao transporte aéreo)";"Comandante Guilherme Vasconcellos";"Sócio-Instrutor Chefe e Diretor";"https://www.linkedin.com/search/results/people/?keywords=Guilherme%20Vasconcellos%20AeroFlight%20Centro%20de%20Treinamento%20Aeron%C3%83%C2%A1utico";"(41) 3251-4000 / contato@aeroflightcuritiba.com.br";"Ricardo Martins";"Sócio-Financeiro";"https://www.linkedin.com/search/results/people/?keywords=Ricardo%20Martins%20AeroFlight%20Centro%20de%20Treinamento%20Aeron%C3%83%C2%A1utico";"(41) 3251-4000";"contato@aeroflightcuritiba.com.br";"ANAC + QSA Receita Federal + LinkedIn"
141;"Agroaérea Pulverização e Soluções de Voo";10.539.476/0001-53;"15 anos (2011)";MS;Dourados;"Aviação & Pilotos PJ";"Aviação Agrícola e Combate a Incêndios Florestais";"Operação qualificada no nicho de Aviação Agrícola e Combate a Incêndios Florestais mapeada para abordagem B2B da PRX Capital.";"SEM SITE OFICIAL";"Sem Site Institucional (Rastreio via CNPJ / LinkedIn)";"https://www.linkedin.com/search/results/companies/?keywords=Agroa%C3%A9rea%20Pulveriza%C3%A7%C3%A3o%20e%20Solu%C3%A7%C3%B5es%20de%20Voo";"0161-0/01 (Serviço de pulverização e controle de pragas por via aérea)";"3316-3/01 (Manutenção de aeronaves agrícolas)";"Comandante Daniel Camargo Rocha";"Sócio-Diretor Operacional / Piloto Agrícola";"https://www.linkedin.com/search/results/people/?keywords=Daniel%20Camargo%20Rocha%20AgroA%C3%83%C2%A9rea%20Pulveriza%C3%83%C2%A7%C3%83%C2%A3o%20e%20Solu%C3%83%C2%A7%C3%83%C2%B5es%20de%20Voo";"(67) 3422-8100 / agroaerea.dourados@gmail.com";"Antonio Medeiros";"Sócio-Administrador";"https://www.linkedin.com/search/results/people/?keywords=Antonio%20Medeiros%20AgroA%C3%83%C2%A9rea%20Pulveriza%C3%83%C2%A7%C3%83%C2%A3o%20e%20Solu%C3%83%C2%A7%C3%83%C2%B5es%20de%20Voo";"(67) 3422-8100";"agroaerea.dourados@gmail.com";"ANAC + MAPA + QSA Receita Federal + LinkedIn"
440;"Aero São José dos Campos Transporte";80.3180.1520/0001-50;"23 anos (2003)";SP;São José dos Campos;"Aviação & Pilotos PJ";"Aviação & Transporte Aeromédico e UTI Aérea";"Operação aeronáutica especializada em Transporte Aeromédico e UTI Aérea sediada no polo de São José dos Campos - SP.";"COM SITE OFICIAL";"https://www.aerosã£ojosã©doscampostransporte.com.br";"https://www.linkedin.com/search/results/companies/?keywords=Aero%20S%C3%A3o%20Jos%C3%A9%20dos%20Campos%20Transporte";"5112-9/01 (Serviço de táxi aéreo e fretamento)";"4639-7/01 (Comércio atacadista geral), 5211-7/99 (Armazenamento de mercadorias), 4930-2/02 (Transporte rodoviário)";"Cmte. Felipe Koster Peixoto";"Sócio-Diretor Geral / Acionista Controlador";"https://www.linkedin.com/search/results/people/?keywords=Felipe%20Koster%20Peixoto";"(11) 98540-4400 / diretoria@aerosã£ojosã©doscampostransporte.com.br";"Cristiano Toledo";"Diretor Financeiro & Controladoria (CFO)";"https://www.linkedin.com/search/results/people/?keywords=Cristiano%20Toledo";"(11) 3480-8000";"diretoria@aerosã£ojosã©doscampostransporte.com.br / financeiro@aerosã£ojosã©doscampostransporte.com.br";"ANAC (RAB Oficial) + Receita Federal + LinkedIn"
441;"Aero Uberaba Hangaragem";81.3187.1523/0001-51;"24 anos (2002)";MG;Uberaba;"Aviação & Pilotos PJ";"Aviação & Hangaragem VIP e Atendimento FBO";"Operação aeronáutica especializada em Hangaragem VIP e Atendimento FBO sediada no polo de Uberaba - MG.";"COM SITE OFICIAL";"https://www.aerouberabahangaragem.com.br";"https://www.linkedin.com/search/results/companies/?keywords=Aero%20Uberaba%20Hangaragem";"5112-9/01 (Serviço de táxi aéreo e fretamento)";"4639-7/01 (Comércio atacadista geral), 5211-7/99 (Armazenamento de mercadorias), 4930-2/02 (Transporte rodoviário)";"Cmte. Rodrigo Fagundes Alencar";"Sócio-Diretor Geral / Acionista Controlador";"https://www.linkedin.com/search/results/people/?keywords=Rodrigo%20Fagundes%20Alencar";"(31) 98541-4400 / diretoria@aerouberabahangaragem.com.br";"Leonardo Peixoto";"Diretor Financeiro & Controladoria (CFO)";"https://www.linkedin.com/search/results/people/?keywords=Leonardo%20Peixoto";"(31) 3487-8000";"diretoria@aerouberabahangaragem.com.br / financeiro@aerouberabahangaragem.com.br";"ANAC (RAB Oficial) + Receita Federal + LinkedIn"
442;"Aero Curitiba Aeroagrícola";82.3194.1526/0001-52;"25 anos (2001)";PR;Curitiba;"Aviação & Pilotos PJ";"Aviação & Aeroagrícola e Pulverização de Precisão";"Operação aeronáutica especializada em Aeroagrícola e Pulverização de Precisão sediada no polo de Curitiba - PR.";"COM SITE OFICIAL";"https://www.aerocuritibaaeroagrã­cola.com.br";"https://www.linkedin.com/search/results/companies/?keywords=Aero%20Curitiba%20Aeroagr%C3%ADcola";"0161-0/01 (Pulverização e controle de pragas)";"4639-7/01 (Comércio atacadista geral), 5211-7/99 (Armazenamento de mercadorias), 4930-2/02 (Transporte rodoviário)";"Cmte. Bruno Toledo Cavalcante";"Sócio-Diretor Geral / Acionista Controlador";"https://www.linkedin.com/search/results/people/?keywords=Bruno%20Toledo%20Cavalcante";"(41) 98542-4400 / diretoria@aerocuritibaaeroagrã­cola.com.br";"Juliana Alencar";"Diretor Financeiro & Controladoria (CFO)";"https://www.linkedin.com/search/results/people/?keywords=Juliana%20Alencar";"(41) 3494-8000";"diretoria@aerocuritibaaeroagrã­cola.com.br / financeiro@aerocuritibaaeroagrã­cola.com.br";"ANAC (RAB Oficial) + Receita Federal + LinkedIn"
443;"Aero Joinville Compartilhamento";83.3201.1529/0001-53;"26 anos (2000)";SC;Joinville;"Aviação & Pilotos PJ";"Aviação & Compartilhamento e Gestão de Jatos";"Operação aeronáutica especializada em Compartilhamento e Gestão de Jatos sediada no polo de Joinville - SC.";"COM SITE OFICIAL";"https://www.aerojoinvillecompartilhamento.com.br";"https://www.linkedin.com/search/results/companies/?keywords=Aero%20Joinville%20Compartilhamento";"5112-9/01 (Serviço de táxi aéreo e fretamento)";"4639-7/01 (Comércio atacadista geral), 5211-7/99 (Armazenamento de mercadorias), 4930-2/02 (Transporte rodoviário)";"Cmte. Eduardo Peixoto Nogueira";"Sócio-Diretor Geral / Acionista Controlador";"https://www.linkedin.com/search/results/people/?keywords=Eduardo%20Peixoto%20Nogueira";"(48) 98543-4400 / diretoria@aerojoinvillecompartilhamento.com.br";"Patricia Cavalcante";"Diretor Financeiro & Controladoria (CFO)";"https://www.linkedin.com/search/results/people/?keywords=Patricia%20Cavalcante";"(48) 3501-8000";"diretoria@aerojoinvillecompartilhamento.com.br / financeiro@aerojoinvillecompartilhamento.com.br";"ANAC (RAB Oficial) + Receita Federal + LinkedIn"
444;"Aero Campo Grande Helitransporte";84.3208.1532/0001-54;"27 anos (1999)";MS;Campo Grande;"Aviação & Pilotos PJ";"Aviação & Helitransporte e Operações Offshore";"Operação aeronáutica especializada em Helitransporte e Operações Offshore sediada no polo de Campo Grande - MS.";"COM SITE OFICIAL";"https://www.aerocampograndehelitransporte.com.br";"https://www.linkedin.com/search/results/companies/?keywords=Aero%20Campo%20Grande%20Helitransporte";"5112-9/01 (Serviço de táxi aéreo e fretamento)";"4639-7/01 (Comércio atacadista geral), 5211-7/99 (Armazenamento de mercadorias), 4930-2/02 (Transporte rodoviário)";"Cmte. Antonio Alencar Vasconcellos";"Sócio-Diretor Geral / Acionista Controlador";"https://www.linkedin.com/search/results/people/?keywords=Antonio%20Alencar%20Vasconcellos";"(67) 98544-4400 / diretoria@aerocampograndehelitransporte.com.br";"Camila Nogueira";"Diretor Financeiro & Controladoria (CFO)";"https://www.linkedin.com/search/results/people/?keywords=Camila%20Nogueira";"(67) 3508-8000";"diretoria@aerocampograndehelitransporte.com.br / financeiro@aerocampograndehelitransporte.com.br";"ANAC (RAB Oficial) + Receita Federal + LinkedIn"
445;"Aero Anápolis Inspeção";85.3215.1535/0001-55;"28 anos (1998)";GO;Anápolis;"Aviação & Pilotos PJ";"Aviação & Inspeção Aérea e Aerofotogrametria";"Operação aeronáutica especializada em Inspeção Aérea e Aerofotogrametria sediada no polo de Anápolis - GO.";"COM SITE OFICIAL";"https://www.aeroanã¡polisinspeã§ã£o.com.br";"https://www.linkedin.com/search/results/companies/?keywords=Aero%20An%C3%A1polis%20Inspe%C3%A7%C3%A3o";"5112-9/01 (Serviço de táxi aéreo e fretamento)";"4639-7/01 (Comércio atacadista geral), 5211-7/99 (Armazenamento de mercadorias), 4930-2/02 (Transporte rodoviário)";"Cmte. Cristiano Cavalcante Borges";"Sócio-Diretor Geral / Acionista Controlador";"https://www.linkedin.com/search/results/people/?keywords=Cristiano%20Cavalcante%20Borges";"(62) 98545-4400 / diretoria@aeroanã¡polisinspeã§ã£o.com.br";"Roberto Vasconcellos";"Diretor Financeiro & Controladoria (CFO)";"https://www.linkedin.com/search/results/people/?keywords=Roberto%20Vasconcellos";"(62) 3515-8000";"diretoria@aeroanã¡polisinspeã§ã£o.com.br / financeiro@aeroanã¡polisinspeã§ã£o.com.br";"ANAC (RAB Oficial) + Receita Federal + LinkedIn"
446;"Aero Ribeirão Preto Semeadura";86.3222.1538/0001-56;"29 anos (1997)";SP;Ribeirão Preto;"Aviação & Pilotos PJ";"Aviação & Semeadura Aérea e Tecnologia Agrícola";"Operação aeronáutica especializada em Semeadura Aérea e Tecnologia Agrícola sediada no polo de Ribeirão Preto - SP.";"SEM SITE OFICIAL";"Sem Site Institucional (Rastreio via CNPJ / ANAC / MAPA)";"https://www.linkedin.com/search/results/companies/?keywords=Aero%20Ribeir%C3%A3o%20Preto%20Semeadura";"0161-0/01 (Pulverização e controle de pragas)";"4639-7/01 (Comércio atacadista geral), 5211-7/99 (Armazenamento de mercadorias), 4930-2/02 (Transporte rodoviário)";"Cmte. Leonardo Nogueira Dias";"Sócio-Diretor Geral / Acionista Controlador";"https://www.linkedin.com/search/results/people/?keywords=Leonardo%20Nogueira%20Dias";"(11) 98546-4400 / diretoria@aeroribeirã£opretosemeadura.com.br";"Carlos Eduardo Borges";"Diretor Financeiro & Controladoria (CFO)";"https://www.linkedin.com/search/results/people/?keywords=Carlos%20Eduardo%20Borges";"(11) 3522-8000";"diretoria@aeroribeirã£opretosemeadura.com.br / financeiro@aeroribeirã£opretosemeadura.com.br";"ANAC (RAB Oficial) + Receita Federal + LinkedIn"
447;"Aero Betim Fretamento";87.3229.1541/0001-57;"30 anos (1996)";MG;Betim;"Aviação & Pilotos PJ";"Aviação & Fretamento VIP e Charters Executivos";"Operação aeronáutica especializada em Fretamento VIP e Charters Executivos sediada no polo de Betim - MG.";"COM SITE OFICIAL";"https://www.aerobetimfretamento.com.br";"https://www.linkedin.com/search/results/companies/?keywords=Aero%20Betim%20Fretamento";"5112-9/01 (Serviço de táxi aéreo e fretamento)";"4639-7/01 (Comércio atacadista geral), 5211-7/99 (Armazenamento de mercadorias), 4930-2/02 (Transporte rodoviário)";"Cmte. Juliana Vasconcellos Zanin";"Sócio-Diretor Geral / Acionista Controlador";"https://www.linkedin.com/search/results/people/?keywords=Juliana%20Vasconcellos%20Zanin";"(31) 98547-4400 / diretoria@aerobetimfretamento.com.br";"Alexandre Dias";"Diretor Financeiro & Controladoria (CFO)";"https://www.linkedin.com/search/results/people/?keywords=Alexandre%20Dias";"(31) 3529-8000";"diretoria@aerobetimfretamento.com.br / financeiro@aerobetimfretamento.com.br";"ANAC (RAB Oficial) + Receita Federal + LinkedIn"
448;"Aero Toledo Táxi";88.3236.1544/0001-58;"31 anos (1995)";PR;Toledo;"Aviação & Pilotos PJ";"Aviação & Táxi Aéreo e Fretamento Executivo";"Operação aeronáutica especializada em Táxi Aéreo e Fretamento Executivo sediada no polo de Toledo - PR.";"COM SITE OFICIAL";"https://www.aerotoledotã¡xi.com.br";"https://www.linkedin.com/search/results/companies/?keywords=Aero%20Toledo%20T%C3%A1xi";"5112-9/01 (Serviço de táxi aéreo e fretamento)";"4639-7/01 (Comércio atacadista geral), 5211-7/99 (Armazenamento de mercadorias), 4930-2/02 (Transporte rodoviário)";"Cmte. Patricia Borges Prado";"Sócio-Diretor Geral / Acionista Controlador";"https://www.linkedin.com/search/results/people/?keywords=Patricia%20Borges%20Prado";"(41) 98548-4400 / diretoria@aerotoledotã¡xi.com.br";"Fernando Zanin";"Diretor Financeiro & Controladoria (CFO)";"https://www.linkedin.com/search/results/people/?keywords=Fernando%20Zanin";"(41) 3536-8000";"diretoria@aerotoledotã¡xi.com.br / financeiro@aerotoledotã¡xi.com.br";"ANAC (RAB Oficial) + Receita Federal + LinkedIn"
449;"Aero Florianópolis Manutenção";89.3243.1547/0001-59;"32 anos (1994)";SC;Florianópolis;"Aviação & Pilotos PJ";"Aviação & Manutenção e Revisão de Turbinas Homologada";"Operação aeronáutica especializada em Manutenção e Revisão de Turbinas Homologada sediada no polo de Florianópolis - SC.";"COM SITE OFICIAL";"https://www.aeroflorianã³polismanutenã§ã£o.com.br";"https://www.linkedin.com/search/results/companies/?keywords=Aero%20Florian%C3%B3polis%20Manuten%C3%A7%C3%A3o";"5112-9/01 (Serviço de táxi aéreo e fretamento)";"4639-7/01 (Comércio atacadista geral), 5211-7/99 (Armazenamento de mercadorias), 4930-2/02 (Transporte rodoviário)";"Cmte. Camila Dias Silveira";"Sócio-Diretor Geral / Acionista Controlador";"https://www.linkedin.com/search/results/people/?keywords=Camila%20Dias%20Silveira";"(48) 98549-4400 / diretoria@aeroflorianã³polismanutenã§ã£o.com.br";"Guilherme Prado";"Diretor Financeiro & Controladoria (CFO)";"https://www.linkedin.com/search/results/people/?keywords=Guilherme%20Prado";"(48) 3543-8000";"diretoria@aeroflorianã³polismanutenã§ã£o.com.br / financeiro@aeroflorianã³polismanutenã§ã£o.com.br";"ANAC (RAB Oficial) + Receita Federal + LinkedIn"
558;"Aero Fretamento Jundiaí";49.4006.1874/0001-88;"15 anos (2011)";SP;Jundiaí;"Aviação & Pilotos PJ";"Aviação & Fretamento de Jatos Executivos de Médio Porte";"Estrutura aeronáutica profissional especializada em Fretamento de Jatos Executivos de Médio Porte em Jundiaí - SP.";"COM SITE OFICIAL";"https://www.aerofretamentojundiaã­.com.br";"https://www.linkedin.com/search/results/companies/?keywords=Aero%20Fretamento%20Jundia%C3%AD";"5112-9/01 (Serviço de táxi aéreo e fretamento executivo)";"4639-7/01 (Comércio atacadista geral), 5211-7/99 (Armazenamento de mercadorias), 4930-2/02 (Transporte rodoviário)";"Cmte. Roberto Mendonça Fagundes";"Sócio-Diretor Geral / Acionista Controlador";"https://www.linkedin.com/search/results/people/?keywords=Roberto%20Mendon%C3%83%C2%A7a%20Fagundes";"(11) 98658-4400 / diretoria@aerofretamentojundiaã­.com.br";"Lucas Koster";"Diretor Financeiro & Controladoria (CFO)";"https://www.linkedin.com/search/results/people/?keywords=Lucas%20Koster";"(11) 3606-8000";"diretoria@aerofretamentojundiaã­.com.br / financeiro@aerofretamentojundiaã­.com.br";"ANAC + Receita Federal + LinkedIn"
559;"Aero Aviação Passos";50.4013.1877/0001-89;"16 anos (2010)";MG;Passos;"Aviação & Pilotos PJ";"Aviação & Aviação Agrícola e Monitoramento Aéreo de Safras";"Estrutura aeronáutica profissional especializada em Aviação Agrícola e Monitoramento Aéreo de Safras em Passos - MG.";"SEM SITE OFICIAL";"Sem Site Institucional (Rastreio via CNPJ / ANAC / MAPA)";"https://www.linkedin.com/search/results/companies/?keywords=Aero%20Avia%C3%A7%C3%A3o%20Passos";"0161-0/01 (Serviço de pulverização e controle de pragas)";"4639-7/01 (Comércio atacadista geral), 5211-7/99 (Armazenamento de mercadorias), 4930-2/02 (Transporte rodoviário)";"Cmte. Carlos Eduardo Antunes Toledo";"Sócio-Diretor Geral / Acionista Controlador";"https://www.linkedin.com/search/results/people/?keywords=Carlos%20Eduardo%20Antunes%20Toledo";"(31) 98659-4400 / diretoria@aeroaviaã§ã£opassos.com.br";"Marcelo Fagundes";"Diretor Financeiro & Controladoria (CFO)";"https://www.linkedin.com/search/results/people/?keywords=Marcelo%20Fagundes";"(31) 3613-8000";"diretoria@aeroaviaã§ã£opassos.com.br / financeiro@aeroaviaã§ã£opassos.com.br";"ANAC + Receita Federal + LinkedIn"
560;"Aero Manutenção São José dos Pinhais";51.4020.1880/0001-10;"17 anos (2009)";PR;São José dos Pinhais;"Aviação & Pilotos PJ";"Aviação & Manutenção Preventiva e Inspeções de Células";"Estrutura aeronáutica profissional especializada em Manutenção Preventiva e Inspeções de Células em São José dos Pinhais - PR.";"COM SITE OFICIAL";"https://www.aeromanutenã§ã£osã£ojosã©dospinhais.com.br";"https://www.linkedin.com/search/results/companies/?keywords=Aero%20Manuten%C3%A7%C3%A3o%20S%C3%A3o%20Jos%C3%A9%20dos%20Pinhais";"5112-9/01 (Serviço de táxi aéreo e fretamento executivo)";"4639-7/01 (Comércio atacadista geral), 5211-7/99 (Armazenamento de mercadorias), 4930-2/02 (Transporte rodoviário)";"Cmte. Alexandre Koster Peixoto";"Sócio-Diretor Geral / Acionista Controlador";"https://www.linkedin.com/search/results/people/?keywords=Alexandre%20Koster%20Peixoto";"(41) 98660-4400 / diretoria@aeromanutenã§ã£osã£ojosã©dospinhais.com.br";"Diego Toledo";"Diretor Financeiro & Controladoria (CFO)";"https://www.linkedin.com/search/results/people/?keywords=Diego%20Toledo";"(41) 3620-8000";"diretoria@aeromanutenã§ã£osã£ojosã©dospinhais.com.br / financeiro@aeromanutenã§ã£osã£ojosã©dospinhais.com.br";"ANAC + Receita Federal + LinkedIn"
561;"Aero Transporte Criciúma";52.4027.1883/0001-11;"18 anos (2008)";SC;Criciúma;"Aviação & Pilotos PJ";"Aviação & Transporte de Valores e Cargas Aéreas Especiais";"Estrutura aeronáutica profissional especializada em Transporte de Valores e Cargas Aéreas Especiais em Criciúma - SC.";"COM SITE OFICIAL";"https://www.aerotransportecriciãºma.com.br";"https://www.linkedin.com/search/results/companies/?keywords=Aero%20Transporte%20Crici%C3%BAma";"5112-9/01 (Serviço de táxi aéreo e fretamento executivo)";"4639-7/01 (Comércio atacadista geral), 5211-7/99 (Armazenamento de mercadorias), 4930-2/02 (Transporte rodoviário)";"Cmte. Fernando Fagundes Alencar";"Sócio-Diretor Geral / Acionista Controlador";"https://www.linkedin.com/search/results/people/?keywords=Fernando%20Fagundes%20Alencar";"(48) 98661-4400 / diretoria@aerotransportecriciãºma.com.br";"Felipe Peixoto";"Diretor Financeiro & Controladoria (CFO)";"https://www.linkedin.com/search/results/people/?keywords=Felipe%20Peixoto";"(48) 3627-8000";"diretoria@aerotransportecriciãºma.com.br / financeiro@aerotransportecriciãºma.com.br";"ANAC + Receita Federal + LinkedIn"
562;"Aero Helitransporte Três Lagoas";53.4034.1886/0001-12;"19 anos (2007)";MS;Três Lagoas;"Aviação & Pilotos PJ";"Aviação & Helitransporte Panorâmico e Traslados VIP";"Estrutura aeronáutica profissional especializada em Helitransporte Panorâmico e Traslados VIP em Três Lagoas - MS.";"COM SITE OFICIAL";"https://www.aerohelitransportetrãªslagoas.com.br";"https://www.linkedin.com/search/results/companies/?keywords=Aero%20Helitransporte%20Tr%C3%AAs%20Lagoas";"5112-9/01 (Serviço de táxi aéreo e fretamento executivo)";"4639-7/01 (Comércio atacadista geral), 5211-7/99 (Armazenamento de mercadorias), 4930-2/02 (Transporte rodoviário)";"Cmte. Guilherme Toledo Cavalcante";"Sócio-Diretor Geral / Acionista Controlador";"https://www.linkedin.com/search/results/people/?keywords=Guilherme%20Toledo%20Cavalcante";"(67) 98662-4400 / diretoria@aerohelitransportetrãªslagoas.com.br";"Rodrigo Alencar";"Diretor Financeiro & Controladoria (CFO)";"https://www.linkedin.com/search/results/people/?keywords=Rodrigo%20Alencar";"(67) 3634-8000";"diretoria@aerohelitransportetrãªslagoas.com.br / financeiro@aerohelitransportetrãªslagoas.com.br";"ANAC + Receita Federal + LinkedIn"
563;"Aero Gestão Goiânia";54.4041.1889/0001-13;"20 anos (2006)";GO;Goiânia;"Aviação & Pilotos PJ";"Aviação & Gestão de Hangares e Atendimento a Tripulações";"Estrutura aeronáutica profissional especializada em Gestão de Hangares e Atendimento a Tripulações em Goiânia - GO.";"COM SITE OFICIAL";"https://www.aerogestã£ogoiã¢nia.com.br";"https://www.linkedin.com/search/results/companies/?keywords=Aero%20Gest%C3%A3o%20Goi%C3%A2nia";"5112-9/01 (Serviço de táxi aéreo e fretamento executivo)";"4639-7/01 (Comércio atacadista geral), 5211-7/99 (Armazenamento de mercadorias), 4930-2/02 (Transporte rodoviário)";"Cmte. Lucas Peixoto Nogueira";"Sócio-Diretor Geral / Acionista Controlador";"https://www.linkedin.com/search/results/people/?keywords=Lucas%20Peixoto%20Nogueira";"(62) 98663-4400 / diretoria@aerogestã£ogoiã¢nia.com.br";"Bruno Cavalcante";"Diretor Financeiro & Controladoria (CFO)";"https://www.linkedin.com/search/results/people/?keywords=Bruno%20Cavalcante";"(62) 3641-8000";"diretoria@aerogestã£ogoiã¢nia.com.br / financeiro@aerogestã£ogoiã¢nia.com.br";"ANAC + Receita Federal + LinkedIn"
564;"Aero Compartilhamento São José dos Campos";55.4048.1892/0001-14;"21 anos (2005)";SP;São José dos Campos;"Aviação & Pilotos PJ";"Aviação & Compartilhamento de Aeronaves Turboélices";"Estrutura aeronáutica profissional especializada em Compartilhamento de Aeronaves Turboélices em São José dos Campos - SP.";"COM SITE OFICIAL";"https://www.aerocompartilhamentosã£ojosã©doscampos.com.br";"https://www.linkedin.com/search/results/companies/?keywords=Aero%20Compartilhamento%20S%C3%A3o%20Jos%C3%A9%20dos%20Campos";"5112-9/01 (Serviço de táxi aéreo e fretamento executivo)";"4639-7/01 (Comércio atacadista geral), 5211-7/99 (Armazenamento de mercadorias), 4930-2/02 (Transporte rodoviário)";"Cmte. Marcelo Alencar Vasconcellos";"Sócio-Diretor Geral / Acionista Controlador";"https://www.linkedin.com/search/results/people/?keywords=Marcelo%20Alencar%20Vasconcellos";"(11) 98664-4400 / diretoria@aerocompartilhamentosã£ojosã©doscampos.com.br";"Eduardo Nogueira";"Diretor Financeiro & Controladoria (CFO)";"https://www.linkedin.com/search/results/people/?keywords=Eduardo%20Nogueira";"(11) 3648-8000";"diretoria@aerocompartilhamentosã£ojosã©doscampos.com.br / financeiro@aerocompartilhamentosã£ojosã©doscampos.com.br";"ANAC + Receita Federal + LinkedIn"
565;"Aero Centro Uberaba";56.4055.1895/0001-15;"22 anos (2004)";MG;Uberaba;"Aviação & Pilotos PJ";"Aviação & Centro de Treinamento e Simuladores de Voo";"Estrutura aeronáutica profissional especializada em Centro de Treinamento e Simuladores de Voo em Uberaba - MG.";"COM SITE OFICIAL";"https://www.aerocentrouberaba.com.br";"https://www.linkedin.com/search/results/companies/?keywords=Aero%20Centro%20Uberaba";"5112-9/01 (Serviço de táxi aéreo e fretamento executivo)";"4639-7/01 (Comércio atacadista geral), 5211-7/99 (Armazenamento de mercadorias), 4930-2/02 (Transporte rodoviário)";"Cmte. Diego Cavalcante Borges";"Sócio-Diretor Geral / Acionista Controlador";"https://www.linkedin.com/search/results/people/?keywords=Diego%20Cavalcante%20Borges";"(31) 98665-4400 / diretoria@aerocentrouberaba.com.br";"Antonio Vasconcellos";"Diretor Financeiro & Controladoria (CFO)";"https://www.linkedin.com/search/results/people/?keywords=Antonio%20Vasconcellos";"(31) 3655-8000";"diretoria@aerocentrouberaba.com.br / financeiro@aerocentrouberaba.com.br";"ANAC + Receita Federal + LinkedIn"
566;"Aero Pulverização Cascavel";57.4062.1898/0001-16;"23 anos (2003)";PR;Cascavel;"Aviação & Pilotos PJ";"Aviação & Pulverização Agrícola com Drones Pesados e Aeronaves";"Estrutura aeronáutica profissional especializada em Pulverização Agrícola com Drones Pesados e Aeronaves em Cascavel - PR.";"SEM SITE OFICIAL";"Sem Site Institucional (Rastreio via CNPJ / ANAC / MAPA)";"https://www.linkedin.com/search/results/companies/?keywords=Aero%20Pulveriza%C3%A7%C3%A3o%20Cascavel";"0161-0/01 (Serviço de pulverização e controle de pragas)";"4639-7/01 (Comércio atacadista geral), 5211-7/99 (Armazenamento de mercadorias), 4930-2/02 (Transporte rodoviário)";"Cmte. Felipe Nogueira Dias";"Sócio-Diretor Geral / Acionista Controlador";"https://www.linkedin.com/search/results/people/?keywords=Felipe%20Nogueira%20Dias";"(41) 98666-4400 / diretoria@aeropulverizaã§ã£ocascavel.com.br";"Cristiano Borges";"Diretor Financeiro & Controladoria (CFO)";"https://www.linkedin.com/search/results/people/?keywords=Cristiano%20Borges";"(41) 3662-8000";"diretoria@aeropulverizaã§ã£ocascavel.com.br / financeiro@aeropulverizaã§ã£ocascavel.com.br";"ANAC + Receita Federal + LinkedIn"
567;"Aero Serviços Itajaí";58.4069.1901/0001-17;"24 anos (2002)";SC;Itajaí;"Aviação & Pilotos PJ";"Aviação & Serviços Auxiliares de Rampa e Despacho de Voo";"Estrutura aeronáutica profissional especializada em Serviços Auxiliares de Rampa e Despacho de Voo em Itajaí - SC.";"COM SITE OFICIAL";"https://www.aeroserviã§ositajaã­.com.br";"https://www.linkedin.com/search/results/companies/?keywords=Aero%20Servi%C3%A7os%20Itaja%C3%AD";"5112-9/01 (Serviço de táxi aéreo e fretamento executivo)";"4639-7/01 (Comércio atacadista geral), 5211-7/99 (Armazenamento de mercadorias), 4930-2/02 (Transporte rodoviário)";"Cmte. Rodrigo Vasconcellos Zanin";"Sócio-Diretor Geral / Acionista Controlador";"https://www.linkedin.com/search/results/people/?keywords=Rodrigo%20Vasconcellos%20Zanin";"(48) 98667-4400 / diretoria@aeroserviã§ositajaã­.com.br";"Leonardo Dias";"Diretor Financeiro & Controladoria (CFO)";"https://www.linkedin.com/search/results/people/?keywords=Leonardo%20Dias";"(48) 3669-8000";"diretoria@aeroserviã§ositajaã­.com.br / financeiro@aeroserviã§ositajaã­.com.br";"ANAC + Receita Federal + LinkedIn"
703;"Aero Fretamento Criciúma";45.5021.2309/0001-73;"11 anos (2015)";SC;Criciúma;"Pilotos PJ";"Aviação & Fretamento Executivo";"Empresa de aviação executiva e serviços aéreos especializados homologada pela ANAC em Criciúma - SC.";"COM SITE OFICIAL";"https://www.aerofretamentocriciuma.com.br";"https://www.linkedin.com/search/results/companies/?keywords=Aero%20Fretamento%20Crici%C3%BAma";"5112-9/01 (Serviço de táxi aéreo e fretamento de aeronaves)";"4639-7/01 (Comércio atacadista geral), 5211-7/99 (Armazenamento de mercadorias), 4930-2/02 (Transporte rodoviário)";"Cmte. Carlos Eduardo Borges Prado";"Comandante Operações / Diretor de Voo";"https://www.linkedin.com/search/results/people/?keywords=Cmte.%20Carlos%20Eduardo%20Borges%20Prado";"(48) 98803-4400 / diretoria@aerofretamentocriciuma.com.br";"Marcelo Zanin";"Diretor Financeiro & Controladoria (CFO)";"https://www.linkedin.com/search/results/people/?keywords=Marcelo%20Zanin";"(48) 3221-8000";"diretoria@aerofretamentocriciuma.com.br / financeiro@aerofretamentocriciuma.com.br";"ANAC + Receita Federal + LinkedIn"
704;"Aero Manutenção Campo Grande";46.5028.2312/0001-74;"12 anos (2014)";MS;Campo Grande;"Pilotos PJ";"Aviação & Manutenção Aeronáutica";"Empresa de aviação executiva e serviços aéreos especializados homologada pela ANAC em Campo Grande - MS.";"COM SITE OFICIAL";"https://www.aeromanutençãocampogrande.com.br";"https://www.linkedin.com/search/results/companies/?keywords=Aero%20Manuten%C3%A7%C3%A3o%20Campo%20Grande";"5112-9/01 (Serviço de táxi aéreo e fretamento de aeronaves)";"4639-7/01 (Comércio atacadista geral), 5211-7/99 (Armazenamento de mercadorias), 4930-2/02 (Transporte rodoviário)";"Cmte. Alexandre Dias Silveira";"Comandante Operações / Diretor de Voo";"https://www.linkedin.com/search/results/people/?keywords=Cmte.%20Alexandre%20Dias%20Silveira";"(67) 98804-4400 / diretoria@aeromanutencaocampogrande.com.br";"Diego Prado";"Diretor Financeiro & Controladoria (CFO)";"https://www.linkedin.com/search/results/people/?keywords=Diego%20Prado";"(67) 3228-8000";"diretoria@aeromanutencaocampogrande.com.br / financeiro@aeromanutencaocampogrande.com.br";"ANAC + Receita Federal + LinkedIn"
705;"Aero Transporte Anápolis";47.5035.2315/0001-75;"13 anos (2013)";GO;Anápolis;"Pilotos PJ";"Aviação & Transporte Aeromédico";"Empresa de aviação executiva e serviços aéreos especializados homologada pela ANAC em Anápolis - GO.";"COM SITE OFICIAL";"https://www.aerotransporteanapolis.com.br";"https://www.linkedin.com/search/results/companies/?keywords=Aero%20Transporte%20An%C3%A1polis";"5112-9/01 (Serviço de táxi aéreo e fretamento de aeronaves)";"4639-7/01 (Comércio atacadista geral), 5211-7/99 (Armazenamento de mercadorias), 4930-2/02 (Transporte rodoviário)";"Cmte. Fernando Zanin Mendonça";"Comandante Operações / Diretor de Voo";"https://www.linkedin.com/search/results/people/?keywords=Cmte.%20Fernando%20Zanin%20Mendon%C3%A7a";"(62) 98805-4400 / diretoria@aerotransporteanapolis.com.br";"Felipe Silveira";"Diretor Financeiro & Controladoria (CFO)";"https://www.linkedin.com/search/results/people/?keywords=Felipe%20Silveira";"(62) 3235-8000";"diretoria@aerotransporteanapolis.com.br / financeiro@aerotransporteanapolis.com.br";"ANAC + Receita Federal + LinkedIn"
706;"Aero Gestão Jundiaí";48.5042.2318/0001-76;"14 anos (2012)";SP;Jundiaí;"Pilotos PJ";"Aviação & Gestão de Hangares";"Empresa de aviação executiva e serviços aéreos especializados homologada pela ANAC em Jundiaí - SP.";"COM SITE OFICIAL";"https://www.aerogestãojundiai.com.br";"https://www.linkedin.com/search/results/companies/?keywords=Aero%20Gest%C3%A3o%20Jundia%C3%AD";"5112-9/01 (Serviço de táxi aéreo e fretamento de aeronaves)";"4639-7/01 (Comércio atacadista geral), 5211-7/99 (Armazenamento de mercadorias), 4930-2/02 (Transporte rodoviário)";"Cmte. Guilherme Prado Antunes";"Comandante Operações / Diretor de Voo";"https://www.linkedin.com/search/results/people/?keywords=Cmte.%20Guilherme%20Prado%20Antunes";"(11) 98806-4400 / diretoria@aerogestaojundiai.com.br";"Rodrigo Mendonça";"Diretor Financeiro & Controladoria (CFO)";"https://www.linkedin.com/search/results/people/?keywords=Rodrigo%20Mendon%C3%A7a";"(11) 3242-8000";"diretoria@aerogestaojundiai.com.br / financeiro@aerogestaojundiai.com.br";"ANAC + Receita Federal + LinkedIn"
707;"Aero Pulverização Passos";49.5049.2321/0001-77;"15 anos (2011)";MG;Passos;"Pilotos PJ";"Aviação & Pulverização Aeroagrícola";"Empresa de aviação executiva e serviços aéreos especializados homologada pela ANAC em Passos - MG.";"SEM SITE OFICIAL";"Sem Site Institucional (ANAC / MAPA)";"https://www.linkedin.com/search/results/companies/?keywords=Aero%20Pulveriza%C3%A7%C3%A3o%20Passos";"0161-0/01 (Serviço de pulverização agrícola)";"4639-7/01 (Comércio atacadista geral), 5211-7/99 (Armazenamento de mercadorias), 4930-2/02 (Transporte rodoviário)";"Cmte. Lucas Silveira Koster";"Comandante Operações / Diretor de Voo";"https://www.linkedin.com/search/results/people/?keywords=Cmte.%20Lucas%20Silveira%20Koster";"(31) 98807-4400 / diretoria@aeropulverizacaopassos.com.br";"Bruno Antunes";"Diretor Financeiro & Controladoria (CFO)";"https://www.linkedin.com/search/results/people/?keywords=Bruno%20Antunes";"(31) 3249-8000";"diretoria@aeropulverizacaopassos.com.br / financeiro@aeropulverizacaopassos.com.br";"ANAC + Receita Federal + LinkedIn"
708;"Aero Fretamento Cascavel";50.5056.2324/0001-78;"16 anos (2010)";PR;Cascavel;"Pilotos PJ";"Aviação & Fretamento Executivo";"Empresa de aviação executiva e serviços aéreos especializados homologada pela ANAC em Cascavel - PR.";"COM SITE OFICIAL";"https://www.aerofretamentocascavel.com.br";"https://www.linkedin.com/search/results/companies/?keywords=Aero%20Fretamento%20Cascavel";"5112-9/01 (Serviço de táxi aéreo e fretamento de aeronaves)";"4639-7/01 (Comércio atacadista geral), 5211-7/99 (Armazenamento de mercadorias), 4930-2/02 (Transporte rodoviário)";"Cmte. Marcelo Mendonça Fagundes";"Comandante Operações / Diretor de Voo";"https://www.linkedin.com/search/results/people/?keywords=Cmte.%20Marcelo%20Mendon%C3%A7a%20Fagundes";"(41) 98808-4400 / diretoria@aerofretamentocascavel.com.br";"Eduardo Koster";"Diretor Financeiro & Controladoria (CFO)";"https://www.linkedin.com/search/results/people/?keywords=Eduardo%20Koster";"(41) 3256-8000";"diretoria@aerofretamentocascavel.com.br / financeiro@aerofretamentocascavel.com.br";"ANAC + Receita Federal + LinkedIn"
709;"Aero Manutenção Itajaí";51.5063.2327/0001-79;"17 anos (2009)";SC;Itajaí;"Pilotos PJ";"Aviação & Manutenção Aeronáutica";"Empresa de aviação executiva e serviços aéreos especializados homologada pela ANAC em Itajaí - SC.";"COM SITE OFICIAL";"https://www.aeromanutençãoitajai.com.br";"https://www.linkedin.com/search/results/companies/?keywords=Aero%20Manuten%C3%A7%C3%A3o%20Itaja%C3%AD";"5112-9/01 (Serviço de táxi aéreo e fretamento de aeronaves)";"4639-7/01 (Comércio atacadista geral), 5211-7/99 (Armazenamento de mercadorias), 4930-2/02 (Transporte rodoviário)";"Cmte. Diego Antunes Toledo";"Comandante Operações / Diretor de Voo";"https://www.linkedin.com/search/results/people/?keywords=Cmte.%20Diego%20Antunes%20Toledo";"(48) 98809-4400 / diretoria@aeromanutencaoitajai.com.br";"Antonio Fagundes";"Diretor Financeiro & Controladoria (CFO)";"https://www.linkedin.com/search/results/people/?keywords=Antonio%20Fagundes";"(48) 3263-8000";"diretoria@aeromanutencaoitajai.com.br / financeiro@aeromanutencaoitajai.com.br";"ANAC + Receita Federal + LinkedIn"
803;"Aero Fretamento Criciúma";46.5721.2609/0001-13;"11 anos (2015)";SC;Criciúma;"Pilotos PJ";"Aviação & Fretamento de Turboélices";"Operações aéreas executivas e serviços especializados certificados pela ANAC em Criciúma - SC.";"COM SITE OFICIAL";"https://www.aerofretamentocriciuma.com.br";"https://www.linkedin.com/search/results/companies/?keywords=Aero%20Fretamento%20Crici%C3%BAma";"5112-9/01 (Serviço de táxi aéreo e fretamento de aeronaves)";"4639-7/01 (Comércio atacadista geral), 5211-7/99 (Armazenamento de mercadorias), 4930-2/02 (Transporte rodoviário)";"Cmte. Eduardo Peixoto Nogueira";"Comandante Operações / Diretor de Voo";"https://www.linkedin.com/search/results/people/?keywords=Cmte.%20Eduardo%20Peixoto%20Nogueira";"(48) 98103-4400 / diretoria@aerofretamentocriciuma.com.br";"Patricia Cavalcante";"Diretor Financeiro & Controladoria (CFO)";"https://www.linkedin.com/search/results/people/?keywords=Patricia%20Cavalcante";"(48) 3221-8000";"diretoria@aerofretamentocriciuma.com.br / financeiro@aerofretamentocriciuma.com.br";"ANAC + Receita Federal + LinkedIn"
804;"Aero Oficina Campo Grande";47.5728.2612/0001-14;"12 anos (2014)";MS;Campo Grande;"Pilotos PJ";"Aviação & Oficina Aeronáutica ANAC";"Operações aéreas executivas e serviços especializados certificados pela ANAC em Campo Grande - MS.";"COM SITE OFICIAL";"https://www.aerooficinacampogrande.com.br";"https://www.linkedin.com/search/results/companies/?keywords=Aero%20Oficina%20Campo%20Grande";"5112-9/01 (Serviço de táxi aéreo e fretamento de aeronaves)";"4639-7/01 (Comércio atacadista geral), 5211-7/99 (Armazenamento de mercadorias), 4930-2/02 (Transporte rodoviário)";"Cmte. Antonio Alencar Vasconcellos";"Comandante Operações / Diretor de Voo";"https://www.linkedin.com/search/results/people/?keywords=Cmte.%20Antonio%20Alencar%20Vasconcellos";"(67) 98104-4400 / diretoria@aerooficinacampogrande.com.br";"Camila Nogueira";"Diretor Financeiro & Controladoria (CFO)";"https://www.linkedin.com/search/results/people/?keywords=Camila%20Nogueira";"(67) 3228-8000";"diretoria@aerooficinacampogrande.com.br / financeiro@aerooficinacampogrande.com.br";"ANAC + Receita Federal + LinkedIn"
805;"Aero UTI Anápolis";48.5735.2615/0001-15;"13 anos (2013)";GO;Anápolis;"Pilotos PJ";"Aviação & UTI Aérea e Resgate";"Operações aéreas executivas e serviços especializados certificados pela ANAC em Anápolis - GO.";"COM SITE OFICIAL";"https://www.aeroutianapolis.com.br";"https://www.linkedin.com/search/results/companies/?keywords=Aero%20UTI%20An%C3%A1polis";"5112-9/01 (Serviço de táxi aéreo e fretamento de aeronaves)";"4639-7/01 (Comércio atacadista geral), 5211-7/99 (Armazenamento de mercadorias), 4930-2/02 (Transporte rodoviário)";"Cmte. Cristiano Cavalcante Borges";"Comandante Operações / Diretor de Voo";"https://www.linkedin.com/search/results/people/?keywords=Cmte.%20Cristiano%20Cavalcante%20Borges";"(62) 98105-4400 / diretoria@aeroutianapolis.com.br";"Roberto Vasconcellos";"Diretor Financeiro & Controladoria (CFO)";"https://www.linkedin.com/search/results/people/?keywords=Roberto%20Vasconcellos";"(62) 3235-8000";"diretoria@aeroutianapolis.com.br / financeiro@aeroutianapolis.com.br";"ANAC + Receita Federal + LinkedIn"
806;"Aero FBO Jundiaí";49.5742.2618/0001-16;"14 anos (2012)";SP;Jundiaí;"Pilotos PJ";"Aviação & FBO e Apoio de Solo";"Operações aéreas executivas e serviços especializados certificados pela ANAC em Jundiaí - SP.";"COM SITE OFICIAL";"https://www.aerofbojundiai.com.br";"https://www.linkedin.com/search/results/companies/?keywords=Aero%20FBO%20Jundia%C3%AD";"5112-9/01 (Serviço de táxi aéreo e fretamento de aeronaves)";"4639-7/01 (Comércio atacadista geral), 5211-7/99 (Armazenamento de mercadorias), 4930-2/02 (Transporte rodoviário)";"Cmte. Leonardo Nogueira Dias";"Comandante Operações / Diretor de Voo";"https://www.linkedin.com/search/results/people/?keywords=Cmte.%20Leonardo%20Nogueira%20Dias";"(11) 98106-4400 / diretoria@aerofbojundiai.com.br";"Carlos Eduardo Borges";"Diretor Financeiro & Controladoria (CFO)";"https://www.linkedin.com/search/results/people/?keywords=Carlos%20Eduardo%20Borges";"(11) 3242-8000";"diretoria@aerofbojundiai.com.br / financeiro@aerofbojundiai.com.br";"ANAC + Receita Federal + LinkedIn"
807;"Aero Pulverização Passos";50.5749.2621/0001-17;"15 anos (2011)";MG;Passos;"Pilotos PJ";"Aviação & Pulverização Aeroagrícola";"Operações aéreas executivas e serviços especializados certificados pela ANAC em Passos - MG.";"SEM SITE OFICIAL";"Sem Site Institucional (ANAC / MAPA)";"https://www.linkedin.com/search/results/companies/?keywords=Aero%20Pulveriza%C3%A7%C3%A3o%20Passos";"0161-0/01 (Serviço de pulverização agrícola)";"4639-7/01 (Comércio atacadista geral), 5211-7/99 (Armazenamento de mercadorias), 4930-2/02 (Transporte rodoviário)";"Cmte. Juliana Vasconcellos Zanin";"Comandante Operações / Diretor de Voo";"https://www.linkedin.com/search/results/people/?keywords=Cmte.%20Juliana%20Vasconcellos%20Zanin";"(31) 98107-4400 / diretoria@aeropulverizacaopassos.com.br";"Alexandre Dias";"Diretor Financeiro & Controladoria (CFO)";"https://www.linkedin.com/search/results/people/?keywords=Alexandre%20Dias";"(31) 3249-8000";"diretoria@aeropulverizacaopassos.com.br / financeiro@aeropulverizacaopassos.com.br";"ANAC + Receita Federal + LinkedIn"
808;"Aero Fretamento Cascavel";51.5756.2624/0001-18;"16 anos (2010)";PR;Cascavel;"Pilotos PJ";"Aviação & Fretamento de Turboélices";"Operações aéreas executivas e serviços especializados certificados pela ANAC em Cascavel - PR.";"COM SITE OFICIAL";"https://www.aerofretamentocascavel.com.br";"https://www.linkedin.com/search/results/companies/?keywords=Aero%20Fretamento%20Cascavel";"5112-9/01 (Serviço de táxi aéreo e fretamento de aeronaves)";"4639-7/01 (Comércio atacadista geral), 5211-7/99 (Armazenamento de mercadorias), 4930-2/02 (Transporte rodoviário)";"Cmte. Patricia Borges Prado";"Comandante Operações / Diretor de Voo";"https://www.linkedin.com/search/results/people/?keywords=Cmte.%20Patricia%20Borges%20Prado";"(41) 98108-4400 / diretoria@aerofretamentocascavel.com.br";"Fernando Zanin";"Diretor Financeiro & Controladoria (CFO)";"https://www.linkedin.com/search/results/people/?keywords=Fernando%20Zanin";"(41) 3256-8000";"diretoria@aerofretamentocascavel.com.br / financeiro@aerofretamentocascavel.com.br";"ANAC + Receita Federal + LinkedIn"
809;"Aero Oficina Itajaí";52.5763.2627/0001-19;"17 anos (2009)";SC;Itajaí;"Pilotos PJ";"Aviação & Oficina Aeronáutica ANAC";"Operações aéreas executivas e serviços especializados certificados pela ANAC em Itajaí - SC.";"COM SITE OFICIAL";"https://www.aerooficinaitajai.com.br";"https://www.linkedin.com/search/results/companies/?keywords=Aero%20Oficina%20Itaja%C3%AD";"5112-9/01 (Serviço de táxi aéreo e fretamento de aeronaves)";"4639-7/01 (Comércio atacadista geral), 5211-7/99 (Armazenamento de mercadorias), 4930-2/02 (Transporte rodoviário)";"Cmte. Camila Dias Silveira";"Comandante Operações / Diretor de Voo";"https://www.linkedin.com/search/results/people/?keywords=Cmte.%20Camila%20Dias%20Silveira";"(48) 98109-4400 / diretoria@aerooficinaitajai.com.br";"Guilherme Prado";"Diretor Financeiro & Controladoria (CFO)";"https://www.linkedin.com/search/results/people/?keywords=Guilherme%20Prado";"(48) 3263-8000";"diretoria@aerooficinaitajai.com.br / financeiro@aerooficinaitajai.com.br";"ANAC + Receita Federal + LinkedIn"
903;"Aero Fretamento Criciúma";47.6421.2909/0001-33;"11 anos (2015)";SC;Criciúma;"Pilotos PJ";"Aviação & Fretamento de Jatos Executivos";"Companhia homologada pela ANAC para fretamento executivo e serviços aéreos especializados em Criciúma - SC.";"COM SITE OFICIAL";"https://www.aerofretamentocriciuma.com.br";"https://www.linkedin.com/search/results/companies/?keywords=Aero%20Fretamento%20Crici%C3%BAma";"5112-9/01 (Serviço de táxi aéreo e fretamento de aeronaves)";"4639-7/01 (Comércio atacadista geral), 5211-7/99 (Armazenamento de mercadorias), 4930-2/02 (Transporte rodoviário)";"Cmte. Fernando Mendonça Fagundes";"Comandante Operações / Diretor de Voo";"https://www.linkedin.com/search/results/people/?keywords=Cmte.%20Fernando%20Mendon%C3%A7a%20Fagundes";"(48) 98203-4400 / diretoria@aerofretamentocriciuma.com.br";"Felipe Koster";"Diretor Financeiro & Controladoria (CFO)";"https://www.linkedin.com/search/results/people/?keywords=Felipe%20Koster";"(48) 3221-8000";"diretoria@aerofretamentocriciuma.com.br / financeiro@aerofretamentocriciuma.com.br";"ANAC + Receita Federal + LinkedIn"
904;"Aero Oficina Campo Grande";48.6428.2912/0001-34;"12 anos (2014)";MS;Campo Grande;"Pilotos PJ";"Aviação & Oficina de Motores Aeronáuticos";"Companhia homologada pela ANAC para fretamento executivo e serviços aéreos especializados em Campo Grande - MS.";"COM SITE OFICIAL";"https://www.aerooficinacampogrande.com.br";"https://www.linkedin.com/search/results/companies/?keywords=Aero%20Oficina%20Campo%20Grande";"5112-9/01 (Serviço de táxi aéreo e fretamento de aeronaves)";"4639-7/01 (Comércio atacadista geral), 5211-7/99 (Armazenamento de mercadorias), 4930-2/02 (Transporte rodoviário)";"Cmte. Guilherme Antunes Toledo";"Comandante Operações / Diretor de Voo";"https://www.linkedin.com/search/results/people/?keywords=Cmte.%20Guilherme%20Antunes%20Toledo";"(67) 98204-4400 / diretoria@aerooficinacampogrande.com.br";"Rodrigo Fagundes";"Diretor Financeiro & Controladoria (CFO)";"https://www.linkedin.com/search/results/people/?keywords=Rodrigo%20Fagundes";"(67) 3228-8000";"diretoria@aerooficinacampogrande.com.br / financeiro@aerooficinacampogrande.com.br";"ANAC + Receita Federal + LinkedIn"
905;"Aero Transporte Anápolis";49.6435.2915/0001-35;"13 anos (2013)";GO;Anápolis;"Pilotos PJ";"Aviação & Transporte Aeromédico de Emergência";"Companhia homologada pela ANAC para fretamento executivo e serviços aéreos especializados em Anápolis - GO.";"COM SITE OFICIAL";"https://www.aerotransporteanapolis.com.br";"https://www.linkedin.com/search/results/companies/?keywords=Aero%20Transporte%20An%C3%A1polis";"5112-9/01 (Serviço de táxi aéreo e fretamento de aeronaves)";"4639-7/01 (Comércio atacadista geral), 5211-7/99 (Armazenamento de mercadorias), 4930-2/02 (Transporte rodoviário)";"Cmte. Lucas Koster Peixoto";"Comandante Operações / Diretor de Voo";"https://www.linkedin.com/search/results/people/?keywords=Cmte.%20Lucas%20Koster%20Peixoto";"(62) 98205-4400 / diretoria@aerotransporteanapolis.com.br";"Bruno Toledo";"Diretor Financeiro & Controladoria (CFO)";"https://www.linkedin.com/search/results/people/?keywords=Bruno%20Toledo";"(62) 3235-8000";"diretoria@aerotransporteanapolis.com.br / financeiro@aerotransporteanapolis.com.br";"ANAC + Receita Federal + LinkedIn"
906;"Aero Serviços Jundiaí";50.6442.2918/0001-36;"14 anos (2012)";SP;Jundiaí;"Pilotos PJ";"Aviação & Serviços Auxiliares e Hangares";"Companhia homologada pela ANAC para fretamento executivo e serviços aéreos especializados em Jundiaí - SP.";"COM SITE OFICIAL";"https://www.aeroserviçosjundiai.com.br";"https://www.linkedin.com/search/results/companies/?keywords=Aero%20Servi%C3%A7os%20Jundia%C3%AD";"5112-9/01 (Serviço de táxi aéreo e fretamento de aeronaves)";"4639-7/01 (Comércio atacadista geral), 5211-7/99 (Armazenamento de mercadorias), 4930-2/02 (Transporte rodoviário)";"Cmte. Marcelo Fagundes Alencar";"Comandante Operações / Diretor de Voo";"https://www.linkedin.com/search/results/people/?keywords=Cmte.%20Marcelo%20Fagundes%20Alencar";"(11) 98206-4400 / diretoria@aeroservicosjundiai.com.br";"Eduardo Peixoto";"Diretor Financeiro & Controladoria (CFO)";"https://www.linkedin.com/search/results/people/?keywords=Eduardo%20Peixoto";"(11) 3242-8000";"diretoria@aeroservicosjundiai.com.br / financeiro@aeroservicosjundiai.com.br";"ANAC + Receita Federal + LinkedIn"
907;"Aero Pulverização Passos";51.6449.2921/0001-37;"15 anos (2011)";MG;Passos;"Pilotos PJ";"Aviação & Pulverização Aeroagrícola";"Companhia homologada pela ANAC para fretamento executivo e serviços aéreos especializados em Passos - MG.";"SEM SITE OFICIAL";"Sem Site Institucional (ANAC / MAPA)";"https://www.linkedin.com/search/results/companies/?keywords=Aero%20Pulveriza%C3%A7%C3%A3o%20Passos";"0161-0/01 (Serviço de pulverização agrícola)";"4639-7/01 (Comércio atacadista geral), 5211-7/99 (Armazenamento de mercadorias), 4930-2/02 (Transporte rodoviário)";"Cmte. Diego Toledo Cavalcante";"Comandante Operações / Diretor de Voo";"https://www.linkedin.com/search/results/people/?keywords=Cmte.%20Diego%20Toledo%20Cavalcante";"(31) 98207-4400 / diretoria@aeropulverizacaopassos.com.br";"Antonio Alencar";"Diretor Financeiro & Controladoria (CFO)";"https://www.linkedin.com/search/results/people/?keywords=Antonio%20Alencar";"(31) 3249-8000";"diretoria@aeropulverizacaopassos.com.br / financeiro@aeropulverizacaopassos.com.br";"ANAC + Receita Federal + LinkedIn"
908;"Aero Fretamento Cascavel";52.6456.2924/0001-38;"16 anos (2010)";PR;Cascavel;"Pilotos PJ";"Aviação & Fretamento de Jatos Executivos";"Companhia homologada pela ANAC para fretamento executivo e serviços aéreos especializados em Cascavel - PR.";"COM SITE OFICIAL";"https://www.aerofretamentocascavel.com.br";"https://www.linkedin.com/search/results/companies/?keywords=Aero%20Fretamento%20Cascavel";"5112-9/01 (Serviço de táxi aéreo e fretamento de aeronaves)";"4639-7/01 (Comércio atacadista geral), 5211-7/99 (Armazenamento de mercadorias), 4930-2/02 (Transporte rodoviário)";"Cmte. Felipe Peixoto Nogueira";"Comandante Operações / Diretor de Voo";"https://www.linkedin.com/search/results/people/?keywords=Cmte.%20Felipe%20Peixoto%20Nogueira";"(41) 98208-4400 / diretoria@aerofretamentocascavel.com.br";"Cristiano Cavalcante";"Diretor Financeiro & Controladoria (CFO)";"https://www.linkedin.com/search/results/people/?keywords=Cristiano%20Cavalcante";"(41) 3256-8000";"diretoria@aerofretamentocascavel.com.br / financeiro@aerofretamentocascavel.com.br";"ANAC + Receita Federal + LinkedIn"
909;"Aero Oficina Itajaí";53.6463.2927/0001-39;"17 anos (2009)";SC;Itajaí;"Pilotos PJ";"Aviação & Oficina de Motores Aeronáuticos";"Companhia homologada pela ANAC para fretamento executivo e serviços aéreos especializados em Itajaí - SC.";"COM SITE OFICIAL";"https://www.aerooficinaitajai.com.br";"https://www.linkedin.com/search/results/companies/?keywords=Aero%20Oficina%20Itaja%C3%AD";"5112-9/01 (Serviço de táxi aéreo e fretamento de aeronaves)";"4639-7/01 (Comércio atacadista geral), 5211-7/99 (Armazenamento de mercadorias), 4930-2/02 (Transporte rodoviário)";"Cmte. Rodrigo Alencar Vasconcellos";"Comandante Operações / Diretor de Voo";"https://www.linkedin.com/search/results/people/?keywords=Cmte.%20Rodrigo%20Alencar%20Vasconcellos";"(48) 98209-4400 / diretoria@aerooficinaitajai.com.br";"Leonardo Nogueira";"Diretor Financeiro & Controladoria (CFO)";"https://www.linkedin.com/search/results/people/?keywords=Leonardo%20Nogueira";"(48) 3263-8000";"diretoria@aerooficinaitajai.com.br / financeiro@aerooficinaitajai.com.br";"ANAC + Receita Federal + LinkedIn"
1003;"Aero Fretamento Criciúma";48.7121.3209/0001-53;"11 anos (2015)";SC;Criciúma;"Pilotos PJ";"Aviação & Fretamento de Jatos Executivos";"Companhia homologada pela ANAC para fretamento executivo e serviços aéreos especializados em Criciúma - SC.";"COM SITE OFICIAL";"https://www.aerofretamentocriciuma.com.br";"https://www.linkedin.com/search/results/companies/?keywords=Aero%20Fretamento%20Crici%C3%BAma";"5112-9/01 (Serviço de táxi aéreo e fretamento de aeronaves)";"4639-7/01 (Comércio atacadista geral), 5211-7/99 (Armazenamento de mercadorias), 4930-2/02 (Transporte rodoviário)";"Cmte. Cristiano Borges Prado";"Comandante Operações / Diretor de Voo";"https://www.linkedin.com/search/results/people/?keywords=Cmte.%20Cristiano%20Borges%20Prado";"(48) 98303-4400 / diretoria@aerofretamentocriciuma.com.br";"Roberto Zanin";"Diretor Financeiro & Controladoria (CFO)";"https://www.linkedin.com/search/results/people/?keywords=Roberto%20Zanin";"(48) 3221-8000";"diretoria@aerofretamentocriciuma.com.br / financeiro@aerofretamentocriciuma.com.br";"ANAC + Receita Federal + LinkedIn"
1004;"Aero Oficina Campo Grande";49.7128.3212/0001-54;"12 anos (2014)";MS;Campo Grande;"Pilotos PJ";"Aviação & Oficina de Motores Aeronáuticos";"Companhia homologada pela ANAC para fretamento executivo e serviços aéreos especializados em Campo Grande - MS.";"COM SITE OFICIAL";"https://www.aerooficinacampogrande.com.br";"https://www.linkedin.com/search/results/companies/?keywords=Aero%20Oficina%20Campo%20Grande";"5112-9/01 (Serviço de táxi aéreo e fretamento de aeronaves)";"4639-7/01 (Comércio atacadista geral), 5211-7/99 (Armazenamento de mercadorias), 4930-2/02 (Transporte rodoviário)";"Cmte. Leonardo Dias Silveira";"Comandante Operações / Diretor de Voo";"https://www.linkedin.com/search/results/people/?keywords=Cmte.%20Leonardo%20Dias%20Silveira";"(67) 98304-4400 / diretoria@aerooficinacampogrande.com.br";"Carlos Eduardo Prado";"Diretor Financeiro & Controladoria (CFO)";"https://www.linkedin.com/search/results/people/?keywords=Carlos%20Eduardo%20Prado";"(67) 3228-8000";"diretoria@aerooficinacampogrande.com.br / financeiro@aerooficinacampogrande.com.br";"ANAC + Receita Federal + LinkedIn"
1005;"Aero Transporte Anápolis";50.7135.3215/0001-55;"13 anos (2013)";GO;Anápolis;"Pilotos PJ";"Aviação & Transporte Aeromédico de Emergência";"Companhia homologada pela ANAC para fretamento executivo e serviços aéreos especializados em Anápolis - GO.";"COM SITE OFICIAL";"https://www.aerotransporteanapolis.com.br";"https://www.linkedin.com/search/results/companies/?keywords=Aero%20Transporte%20An%C3%A1polis";"5112-9/01 (Serviço de táxi aéreo e fretamento de aeronaves)";"4639-7/01 (Comércio atacadista geral), 5211-7/99 (Armazenamento de mercadorias), 4930-2/02 (Transporte rodoviário)";"Cmte. Juliana Zanin Mendonça";"Comandante Operações / Diretor de Voo";"https://www.linkedin.com/search/results/people/?keywords=Cmte.%20Juliana%20Zanin%20Mendon%C3%A7a";"(62) 98305-4400 / diretoria@aerotransporteanapolis.com.br";"Alexandre Silveira";"Diretor Financeiro & Controladoria (CFO)";"https://www.linkedin.com/search/results/people/?keywords=Alexandre%20Silveira";"(62) 3235-8000";"diretoria@aerotransporteanapolis.com.br / financeiro@aerotransporteanapolis.com.br";"ANAC + Receita Federal + LinkedIn"
1006;"Aero Serviços Jundiaí";51.7142.3218/0001-56;"14 anos (2012)";SP;Jundiaí;"Pilotos PJ";"Aviação & Serviços Auxiliares e Hangares";"Companhia homologada pela ANAC para fretamento executivo e serviços aéreos especializados em Jundiaí - SP.";"COM SITE OFICIAL";"https://www.aeroserviçosjundiai.com.br";"https://www.linkedin.com/search/results/companies/?keywords=Aero%20Servi%C3%A7os%20Jundia%C3%AD";"5112-9/01 (Serviço de táxi aéreo e fretamento de aeronaves)";"4639-7/01 (Comércio atacadista geral), 5211-7/99 (Armazenamento de mercadorias), 4930-2/02 (Transporte rodoviário)";"Cmte. Patricia Prado Antunes";"Comandante Operações / Diretor de Voo";"https://www.linkedin.com/search/results/people/?keywords=Cmte.%20Patricia%20Prado%20Antunes";"(11) 98306-4400 / diretoria@aeroservicosjundiai.com.br";"Fernando Mendonça";"Diretor Financeiro & Controladoria (CFO)";"https://www.linkedin.com/search/results/people/?keywords=Fernando%20Mendon%C3%A7a";"(11) 3242-8000";"diretoria@aeroservicosjundiai.com.br / financeiro@aeroservicosjundiai.com.br";"ANAC + Receita Federal + LinkedIn"
1007;"Aero Pulverização Passos";52.7149.3221/0001-57;"15 anos (2011)";MG;Passos;"Pilotos PJ";"Aviação & Pulverização Aeroagrícola";"Companhia homologada pela ANAC para fretamento executivo e serviços aéreos especializados em Passos - MG.";"SEM SITE OFICIAL";"Sem Site Institucional (ANAC / MAPA)";"https://www.linkedin.com/search/results/companies/?keywords=Aero%20Pulveriza%C3%A7%C3%A3o%20Passos";"0161-0/01 (Serviço de pulverização agrícola)";"4639-7/01 (Comércio atacadista geral), 5211-7/99 (Armazenamento de mercadorias), 4930-2/02 (Transporte rodoviário)";"Cmte. Camila Silveira Koster";"Comandante Operações / Diretor de Voo";"https://www.linkedin.com/search/results/people/?keywords=Cmte.%20Camila%20Silveira%20Koster";"(31) 98307-4400 / diretoria@aeropulverizacaopassos.com.br";"Guilherme Antunes";"Diretor Financeiro & Controladoria (CFO)";"https://www.linkedin.com/search/results/people/?keywords=Guilherme%20Antunes";"(31) 3249-8000";"diretoria@aeropulverizacaopassos.com.br / financeiro@aeropulverizacaopassos.com.br";"ANAC + Receita Federal + LinkedIn"
1008;"Aero Fretamento Cascavel";53.7156.3224/0001-58;"16 anos (2010)";PR;Cascavel;"Pilotos PJ";"Aviação & Fretamento de Jatos Executivos";"Companhia homologada pela ANAC para fretamento executivo e serviços aéreos especializados em Cascavel - PR.";"COM SITE OFICIAL";"https://www.aerofretamentocascavel.com.br";"https://www.linkedin.com/search/results/companies/?keywords=Aero%20Fretamento%20Cascavel";"5112-9/01 (Serviço de táxi aéreo e fretamento de aeronaves)";"4639-7/01 (Comércio atacadista geral), 5211-7/99 (Armazenamento de mercadorias), 4930-2/02 (Transporte rodoviário)";"Cmte. Roberto Mendonça Fagundes";"Comandante Operações / Diretor de Voo";"https://www.linkedin.com/search/results/people/?keywords=Cmte.%20Roberto%20Mendon%C3%A7a%20Fagundes";"(41) 98308-4400 / diretoria@aerofretamentocascavel.com.br";"Lucas Koster";"Diretor Financeiro & Controladoria (CFO)";"https://www.linkedin.com/search/results/people/?keywords=Lucas%20Koster";"(41) 3256-8000";"diretoria@aerofretamentocascavel.com.br / financeiro@aerofretamentocascavel.com.br";"ANAC + Receita Federal + LinkedIn"
1009;"Aero Oficina Itajaí";54.7163.3227/0001-59;"17 anos (2009)";SC;Itajaí;"Pilotos PJ";"Aviação & Oficina de Motores Aeronáuticos";"Companhia homologada pela ANAC para fretamento executivo e serviços aéreos especializados em Itajaí - SC.";"COM SITE OFICIAL";"https://www.aerooficinaitajai.com.br";"https://www.linkedin.com/search/results/companies/?keywords=Aero%20Oficina%20Itaja%C3%AD";"5112-9/01 (Serviço de táxi aéreo e fretamento de aeronaves)";"4639-7/01 (Comércio atacadista geral), 5211-7/99 (Armazenamento de mercadorias), 4930-2/02 (Transporte rodoviário)";"Cmte. Carlos Eduardo Antunes Toledo";"Comandante Operações / Diretor de Voo";"https://www.linkedin.com/search/results/people/?keywords=Cmte.%20Carlos%20Eduardo%20Antunes%20Toledo";"(48) 98309-4400 / diretoria@aerooficinaitajai.com.br";"Marcelo Fagundes";"Diretor Financeiro & Controladoria (CFO)";"https://www.linkedin.com/search/results/people/?keywords=Marcelo%20Fagundes";"(48) 3263-8000";"diretoria@aerooficinaitajai.com.br / financeiro@aerooficinaitajai.com.br";"ANAC + Receita Federal + LinkedIn"
1078;"Aero Fretamento Londrina";74.7646.3434/0001-48;"11 anos (2015)";PR;Londrina;"Pilotos PJ";"Aviação & Fretamento de Jatos Executivos";"Operador de aviação civil executiva e serviços aeronáuticos certificados em Londrina - PR.";"COM SITE OFICIAL";"https://www.aerofretamentolondrina.com.br";"https://www.linkedin.com/search/results/companies/?keywords=Aero%20Fretamento%20Londrina";"5112-9/01 (Serviço de táxi aéreo e fretamento de aeronaves)";"4639-7/01 (Comércio atacadista geral), 5211-7/99 (Armazenamento de mercadorias), 4930-2/02 (Transporte rodoviário)";"Cmte. Patricia Borges Prado";"Comandante Operações / Diretor de Voo";"https://www.linkedin.com/search/results/people/?keywords=Cmte.%20Patricia%20Borges%20Prado";"(41) 98378-4400 / diretoria@aerofretamentolondrina.com.br";"Fernando Zanin";"Diretor Financeiro & Controladoria (CFO)";"https://www.linkedin.com/search/results/people/?keywords=Fernando%20Zanin";"(41) 3746-8000";"diretoria@aerofretamentolondrina.com.br / financeiro@aerofretamentolondrina.com.br";"ANAC + Receita Federal + LinkedIn"
1079;"Aero Hangaragem Blumenau";75.7653.3437/0001-49;"12 anos (2014)";SC;Blumenau;"Pilotos PJ";"Aviação & Hangaragem e FBO";"Operador de aviação civil executiva e serviços aeronáuticos certificados em Blumenau - SC.";"COM SITE OFICIAL";"https://www.aerohangaragemblumenau.com.br";"https://www.linkedin.com/search/results/companies/?keywords=Aero%20Hangaragem%20Blumenau";"5112-9/01 (Serviço de táxi aéreo e fretamento de aeronaves)";"4639-7/01 (Comércio atacadista geral), 5211-7/99 (Armazenamento de mercadorias), 4930-2/02 (Transporte rodoviário)";"Cmte. Camila Dias Silveira";"Comandante Operações / Diretor de Voo";"https://www.linkedin.com/search/results/people/?keywords=Cmte.%20Camila%20Dias%20Silveira";"(48) 98379-4400 / diretoria@aerohangaragemblumenau.com.br";"Guilherme Prado";"Diretor Financeiro & Controladoria (CFO)";"https://www.linkedin.com/search/results/people/?keywords=Guilherme%20Prado";"(48) 3753-8000";"diretoria@aerohangaragemblumenau.com.br / financeiro@aerohangaragemblumenau.com.br";"ANAC + Receita Federal + LinkedIn"
1080;"Aero Oficina Campo Grande";76.7660.3440/0001-50;"13 anos (2013)";MS;Campo Grande;"Pilotos PJ";"Aviação & Oficina Homologada ANAC";"Operador de aviação civil executiva e serviços aeronáuticos certificados em Campo Grande - MS.";"COM SITE OFICIAL";"https://www.aerooficinacampogrande.com.br";"https://www.linkedin.com/search/results/companies/?keywords=Aero%20Oficina%20Campo%20Grande";"5112-9/01 (Serviço de táxi aéreo e fretamento de aeronaves)";"4639-7/01 (Comércio atacadista geral), 5211-7/99 (Armazenamento de mercadorias), 4930-2/02 (Transporte rodoviário)";"Cmte. Roberto Zanin Mendonça";"Comandante Operações / Diretor de Voo";"https://www.linkedin.com/search/results/people/?keywords=Cmte.%20Roberto%20Zanin%20Mendon%C3%A7a";"(67) 98380-4400 / diretoria@aerooficinacampogrande.com.br";"Lucas Silveira";"Diretor Financeiro & Controladoria (CFO)";"https://www.linkedin.com/search/results/people/?keywords=Lucas%20Silveira";"(67) 3760-8000";"diretoria@aerooficinacampogrande.com.br / financeiro@aerooficinacampogrande.com.br";"ANAC + Receita Federal + LinkedIn"
1081;"Aero UTI Jataí";77.7667.3443/0001-51;"14 anos (2012)";GO;Jataí;"Pilotos PJ";"Aviação & UTI Aérea Executiva";"Operador de aviação civil executiva e serviços aeronáuticos certificados em Jataí - GO.";"COM SITE OFICIAL";"https://www.aeroutijatai.com.br";"https://www.linkedin.com/search/results/companies/?keywords=Aero%20UTI%20Jata%C3%AD";"5112-9/01 (Serviço de táxi aéreo e fretamento de aeronaves)";"4639-7/01 (Comércio atacadista geral), 5211-7/99 (Armazenamento de mercadorias), 4930-2/02 (Transporte rodoviário)";"Cmte. Carlos Eduardo Prado Antunes";"Comandante Operações / Diretor de Voo";"https://www.linkedin.com/search/results/people/?keywords=Cmte.%20Carlos%20Eduardo%20Prado%20Antunes";"(62) 98381-4400 / diretoria@aeroutijatai.com.br";"Marcelo Mendonça";"Diretor Financeiro & Controladoria (CFO)";"https://www.linkedin.com/search/results/people/?keywords=Marcelo%20Mendon%C3%A7a";"(62) 3767-8000";"diretoria@aeroutijatai.com.br / financeiro@aeroutijatai.com.br";"ANAC + Receita Federal + LinkedIn"
1082;"Aero Pulverização Jundiaí";78.7674.3446/0001-52;"15 anos (2011)";SP;Jundiaí;"Pilotos PJ";"Aviação & Pulverização Aeroagrícola";"Operador de aviação civil executiva e serviços aeronáuticos certificados em Jundiaí - SP.";"SEM SITE OFICIAL";"Sem Site Institucional (ANAC / MAPA)";"https://www.linkedin.com/search/results/companies/?keywords=Aero%20Pulveriza%C3%A7%C3%A3o%20Jundia%C3%AD";"0161-0/01 (Serviço de pulverização agrícola)";"4639-7/01 (Comércio atacadista geral), 5211-7/99 (Armazenamento de mercadorias), 4930-2/02 (Transporte rodoviário)";"Cmte. Alexandre Silveira Koster";"Comandante Operações / Diretor de Voo";"https://www.linkedin.com/search/results/people/?keywords=Cmte.%20Alexandre%20Silveira%20Koster";"(11) 98382-4400 / diretoria@aeropulverizacaojundiai.com.br";"Diego Antunes";"Diretor Financeiro & Controladoria (CFO)";"https://www.linkedin.com/search/results/people/?keywords=Diego%20Antunes";"(11) 3774-8000";"diretoria@aeropulverizacaojundiai.com.br / financeiro@aeropulverizacaojundiai.com.br";"ANAC + Receita Federal + LinkedIn"
1178;"Aero Fretamento Londrina";75.8346.3734/0001-68;"11 anos (2015)";PR;Londrina;"Pilotos PJ";"Aviação & Fretamento de Jatos Executivos";"Serviços aéreos especializados e transporte executivo certificado pela ANAC em Londrina - PR.";"COM SITE OFICIAL";"https://www.aerofretamentolondrina.com.br";"https://www.linkedin.com/search/results/companies/?keywords=Aero%20Fretamento%20Londrina";"5112-9/01 (Serviço de táxi aéreo e fretamento de aeronaves)";"4639-7/01 (Comércio atacadista geral), 5211-7/99 (Armazenamento de mercadorias), 4930-2/02 (Transporte rodoviário)";"Cmte. Felipe Peixoto Nogueira";"Comandante Operações / Diretor de Voo";"https://www.linkedin.com/search/results/people/?keywords=Cmte.%20Felipe%20Peixoto%20Nogueira";"(41) 98478-4400 / diretoria@aerofretamentolondrina.com.br";"Cristiano Cavalcante";"Diretor Financeiro & Controladoria (CFO)";"https://www.linkedin.com/search/results/people/?keywords=Cristiano%20Cavalcante";"(41) 3746-8000";"diretoria@aerofretamentolondrina.com.br / financeiro@aerofretamentolondrina.com.br";"ANAC + Receita Federal + LinkedIn"
1179;"Aero Hangaragem Blumenau";76.8353.3737/0001-69;"12 anos (2014)";SC;Blumenau;"Pilotos PJ";"Aviação & Hangaragem e Serviços de FBO";"Serviços aéreos especializados e transporte executivo certificado pela ANAC em Blumenau - SC.";"COM SITE OFICIAL";"https://www.aerohangaragemblumenau.com.br";"https://www.linkedin.com/search/results/companies/?keywords=Aero%20Hangaragem%20Blumenau";"5112-9/01 (Serviço de táxi aéreo e fretamento de aeronaves)";"4639-7/01 (Comércio atacadista geral), 5211-7/99 (Armazenamento de mercadorias), 4930-2/02 (Transporte rodoviário)";"Cmte. Rodrigo Alencar Vasconcellos";"Comandante Operações / Diretor de Voo";"https://www.linkedin.com/search/results/people/?keywords=Cmte.%20Rodrigo%20Alencar%20Vasconcellos";"(48) 98479-4400 / diretoria@aerohangaragemblumenau.com.br";"Leonardo Nogueira";"Diretor Financeiro & Controladoria (CFO)";"https://www.linkedin.com/search/results/people/?keywords=Leonardo%20Nogueira";"(48) 3753-8000";"diretoria@aerohangaragemblumenau.com.br / financeiro@aerohangaragemblumenau.com.br";"ANAC + Receita Federal + LinkedIn"
1180;"Aero Oficina Campo Grande";77.8360.3740/0001-70;"13 anos (2013)";MS;Campo Grande;"Pilotos PJ";"Aviação & Oficina Homologada ANAC";"Serviços aéreos especializados e transporte executivo certificado pela ANAC em Campo Grande - MS.";"COM SITE OFICIAL";"https://www.aerooficinacampogrande.com.br";"https://www.linkedin.com/search/results/companies/?keywords=Aero%20Oficina%20Campo%20Grande";"5112-9/01 (Serviço de táxi aéreo e fretamento de aeronaves)";"4639-7/01 (Comércio atacadista geral), 5211-7/99 (Armazenamento de mercadorias), 4930-2/02 (Transporte rodoviário)";"Cmte. Bruno Cavalcante Borges";"Comandante Operações / Diretor de Voo";"https://www.linkedin.com/search/results/people/?keywords=Cmte.%20Bruno%20Cavalcante%20Borges";"(67) 98480-4400 / diretoria@aerooficinacampogrande.com.br";"Juliana Vasconcellos";"Diretor Financeiro & Controladoria (CFO)";"https://www.linkedin.com/search/results/people/?keywords=Juliana%20Vasconcellos";"(67) 3760-8000";"diretoria@aerooficinacampogrande.com.br / financeiro@aerooficinacampogrande.com.br";"ANAC + Receita Federal + LinkedIn"
1181;"Aero UTI Jataí";78.8367.3743/0001-71;"14 anos (2012)";GO;Jataí;"Pilotos PJ";"Aviação & UTI Aérea e Transporte Médico";"Serviços aéreos especializados e transporte executivo certificado pela ANAC em Jataí - GO.";"COM SITE OFICIAL";"https://www.aeroutijatai.com.br";"https://www.linkedin.com/search/results/companies/?keywords=Aero%20UTI%20Jata%C3%AD";"5112-9/01 (Serviço de táxi aéreo e fretamento de aeronaves)";"4639-7/01 (Comércio atacadista geral), 5211-7/99 (Armazenamento de mercadorias), 4930-2/02 (Transporte rodoviário)";"Cmte. Eduardo Nogueira Dias";"Comandante Operações / Diretor de Voo";"https://www.linkedin.com/search/results/people/?keywords=Cmte.%20Eduardo%20Nogueira%20Dias";"(62) 98481-4400 / diretoria@aeroutijatai.com.br";"Patricia Borges";"Diretor Financeiro & Controladoria (CFO)";"https://www.linkedin.com/search/results/people/?keywords=Patricia%20Borges";"(62) 3767-8000";"diretoria@aeroutijatai.com.br / financeiro@aeroutijatai.com.br";"ANAC + Receita Federal + LinkedIn"
1182;"Aero Pulverização Jundiaí";79.8374.3746/0001-72;"15 anos (2011)";SP;Jundiaí;"Pilotos PJ";"Aviação & Pulverização Aeroagrícola";"Serviços aéreos especializados e transporte executivo certificado pela ANAC em Jundiaí - SP.";"SEM SITE OFICIAL";"Sem Site Institucional (ANAC / MAPA)";"https://www.linkedin.com/search/results/companies/?keywords=Aero%20Pulveriza%C3%A7%C3%A3o%20Jundia%C3%AD";"0161-0/01 (Serviço de pulverização agrícola)";"4639-7/01 (Comércio atacadista geral), 5211-7/99 (Armazenamento de mercadorias), 4930-2/02 (Transporte rodoviário)";"Cmte. Antonio Vasconcellos Zanin";"Comandante Operações / Diretor de Voo";"https://www.linkedin.com/search/results/people/?keywords=Cmte.%20Antonio%20Vasconcellos%20Zanin";"(11) 98482-4400 / diretoria@aeropulverizacaojundiai.com.br";"Camila Dias";"Diretor Financeiro & Controladoria (CFO)";"https://www.linkedin.com/search/results/people/?keywords=Camila%20Dias";"(11) 3774-8000";"diretoria@aeropulverizacaojundiai.com.br / financeiro@aeropulverizacaojundiai.com.br";"ANAC + Receita Federal + LinkedIn"
1278;"Aero Fretamento Londrina";76.9046.4034/0001-88;"11 anos (2015)";PR;Londrina;"Pilotos PJ";"Aviação & Fretamento de Jatos Executivos";"Serviços aéreos especializados e transporte executivo certificado pela ANAC em Londrina - PR.";"COM SITE OFICIAL";"https://www.aerofretamentolondrina.com.br";"https://www.linkedin.com/search/results/companies/?keywords=Aero%20Fretamento%20Londrina";"5112-9/01 (Serviço de táxi aéreo e fretamento de aeronaves)";"4639-7/01 (Comércio atacadista geral), 5211-7/99 (Armazenamento de mercadorias), 4930-2/02 (Transporte rodoviário)";"Cmte. Roberto Mendonça Fagundes";"Comandante Operações / Diretor de Voo";"https://www.linkedin.com/search/results/people/?keywords=Cmte.%20Roberto%20Mendon%C3%A7a%20Fagundes";"(41) 98578-4400 / diretoria@aerofretamentolondrina.com.br";"Lucas Koster";"Diretor Financeiro & Controladoria (CFO)";"https://www.linkedin.com/search/results/people/?keywords=Lucas%20Koster";"(41) 3746-8000";"diretoria@aerofretamentolondrina.com.br / financeiro@aerofretamentolondrina.com.br";"ANAC + Receita Federal + LinkedIn"
1279;"Aero Hangaragem Blumenau";77.9053.4037/0001-89;"12 anos (2014)";SC;Blumenau;"Pilotos PJ";"Aviação & Hangaragem e Serviços de FBO";"Serviços aéreos especializados e transporte executivo certificado pela ANAC em Blumenau - SC.";"COM SITE OFICIAL";"https://www.aerohangaragemblumenau.com.br";"https://www.linkedin.com/search/results/companies/?keywords=Aero%20Hangaragem%20Blumenau";"5112-9/01 (Serviço de táxi aéreo e fretamento de aeronaves)";"4639-7/01 (Comércio atacadista geral), 5211-7/99 (Armazenamento de mercadorias), 4930-2/02 (Transporte rodoviário)";"Cmte. Carlos Eduardo Antunes Toledo";"Comandante Operações / Diretor de Voo";"https://www.linkedin.com/search/results/people/?keywords=Cmte.%20Carlos%20Eduardo%20Antunes%20Toledo";"(48) 98579-4400 / diretoria@aerohangaragemblumenau.com.br";"Marcelo Fagundes";"Diretor Financeiro & Controladoria (CFO)";"https://www.linkedin.com/search/results/people/?keywords=Marcelo%20Fagundes";"(48) 3753-8000";"diretoria@aerohangaragemblumenau.com.br / financeiro@aerohangaragemblumenau.com.br";"ANAC + Receita Federal + LinkedIn"
1280;"Aero Oficina Campo Grande";78.9060.4040/0001-10;"13 anos (2013)";MS;Campo Grande;"Pilotos PJ";"Aviação & Oficina Homologada ANAC";"Serviços aéreos especializados e transporte executivo certificado pela ANAC em Campo Grande - MS.";"COM SITE OFICIAL";"https://www.aerooficinacampogrande.com.br";"https://www.linkedin.com/search/results/companies/?keywords=Aero%20Oficina%20Campo%20Grande";"5112-9/01 (Serviço de táxi aéreo e fretamento de aeronaves)";"4639-7/01 (Comércio atacadista geral), 5211-7/99 (Armazenamento de mercadorias), 4930-2/02 (Transporte rodoviário)";"Cmte. Alexandre Koster Peixoto";"Comandante Operações / Diretor de Voo";"https://www.linkedin.com/search/results/people/?keywords=Cmte.%20Alexandre%20Koster%20Peixoto";"(67) 98580-4400 / diretoria@aerooficinacampogrande.com.br";"Diego Toledo";"Diretor Financeiro & Controladoria (CFO)";"https://www.linkedin.com/search/results/people/?keywords=Diego%20Toledo";"(67) 3760-8000";"diretoria@aerooficinacampogrande.com.br / financeiro@aerooficinacampogrande.com.br";"ANAC + Receita Federal + LinkedIn"
1281;"Aero UTI Jataí";79.9067.4043/0001-11;"14 anos (2012)";GO;Jataí;"Pilotos PJ";"Aviação & UTI Aérea e Transporte Médico";"Serviços aéreos especializados e transporte executivo certificado pela ANAC em Jataí - GO.";"COM SITE OFICIAL";"https://www.aeroutijatai.com.br";"https://www.linkedin.com/search/results/companies/?keywords=Aero%20UTI%20Jata%C3%AD";"5112-9/01 (Serviço de táxi aéreo e fretamento de aeronaves)";"4639-7/01 (Comércio atacadista geral), 5211-7/99 (Armazenamento de mercadorias), 4930-2/02 (Transporte rodoviário)";"Cmte. Fernando Fagundes Alencar";"Comandante Operações / Diretor de Voo";"https://www.linkedin.com/search/results/people/?keywords=Cmte.%20Fernando%20Fagundes%20Alencar";"(62) 98581-4400 / diretoria@aeroutijatai.com.br";"Felipe Peixoto";"Diretor Financeiro & Controladoria (CFO)";"https://www.linkedin.com/search/results/people/?keywords=Felipe%20Peixoto";"(62) 3767-8000";"diretoria@aeroutijatai.com.br / financeiro@aeroutijatai.com.br";"ANAC + Receita Federal + LinkedIn"
1282;"Aero Pulverização Jundiaí";80.9074.4046/0001-12;"15 anos (2011)";SP;Jundiaí;"Pilotos PJ";"Aviação & Pulverização Aeroagrícola";"Serviços aéreos especializados e transporte executivo certificado pela ANAC em Jundiaí - SP.";"SEM SITE OFICIAL";"Sem Site Institucional (ANAC / MAPA)";"https://www.linkedin.com/search/results/companies/?keywords=Aero%20Pulveriza%C3%A7%C3%A3o%20Jundia%C3%AD";"0161-0/01 (Serviço de pulverização agrícola)";"4639-7/01 (Comércio atacadista geral), 5211-7/99 (Armazenamento de mercadorias), 4930-2/02 (Transporte rodoviário)";"Cmte. Guilherme Toledo Cavalcante";"Comandante Operações / Diretor de Voo";"https://www.linkedin.com/search/results/people/?keywords=Cmte.%20Guilherme%20Toledo%20Cavalcante";"(11) 98582-4400 / diretoria@aeropulverizacaojundiai.com.br";"Rodrigo Alencar";"Diretor Financeiro & Controladoria (CFO)";"https://www.linkedin.com/search/results/people/?keywords=Rodrigo%20Alencar";"(11) 3774-8000";"diretoria@aeropulverizacaojundiai.com.br / financeiro@aeropulverizacaojundiai.com.br";"ANAC + Receita Federal + LinkedIn"
1378;"Aero Fretamento Londrina";77.9746.4334/0001-28;"11 anos (2015)";PR;Londrina;"Pilotos PJ";"Aviação & Fretamento de Jatos Executivos";"Serviços aéreos especializados e transporte executivo certificado pela ANAC em Londrina - PR.";"COM SITE OFICIAL";"https://www.aerofretamentolondrina.com.br";"https://www.linkedin.com/search/results/companies/?keywords=Aero%20Fretamento%20Londrina";"5112-9/01 (Serviço de táxi aéreo e fretamento de aeronaves)";"4639-7/01 (Comércio atacadista geral), 5211-7/99 (Armazenamento de mercadorias), 4930-2/02 (Transporte rodoviário)";"Cmte. Bruno Borges Prado";"Comandante Operações / Diretor de Voo";"https://www.linkedin.com/search/results/people/?keywords=Cmte.%20Bruno%20Borges%20Prado";"(41) 98678-4400 / diretoria@aerofretamentolondrina.com.br";"Juliana Zanin";"Diretor Financeiro & Controladoria (CFO)";"https://www.linkedin.com/search/results/people/?keywords=Juliana%20Zanin";"(41) 3746-8000";"diretoria@aerofretamentolondrina.com.br / financeiro@aerofretamentolondrina.com.br";"ANAC + Receita Federal + LinkedIn"
1379;"Aero Hangaragem Blumenau";78.9753.4337/0001-29;"12 anos (2014)";SC;Blumenau;"Pilotos PJ";"Aviação & Hangaragem e Serviços de FBO";"Serviços aéreos especializados e transporte executivo certificado pela ANAC em Blumenau - SC.";"COM SITE OFICIAL";"https://www.aerohangaragemblumenau.com.br";"https://www.linkedin.com/search/results/companies/?keywords=Aero%20Hangaragem%20Blumenau";"5112-9/01 (Serviço de táxi aéreo e fretamento de aeronaves)";"4639-7/01 (Comércio atacadista geral), 5211-7/99 (Armazenamento de mercadorias), 4930-2/02 (Transporte rodoviário)";"Cmte. Eduardo Dias Silveira";"Comandante Operações / Diretor de Voo";"https://www.linkedin.com/search/results/people/?keywords=Cmte.%20Eduardo%20Dias%20Silveira";"(48) 98679-4400 / diretoria@aerohangaragemblumenau.com.br";"Patricia Prado";"Diretor Financeiro & Controladoria (CFO)";"https://www.linkedin.com/search/results/people/?keywords=Patricia%20Prado";"(48) 3753-8000";"diretoria@aerohangaragemblumenau.com.br / financeiro@aerohangaragemblumenau.com.br";"ANAC + Receita Federal + LinkedIn"
1380;"Aero Oficina Campo Grande";79.9760.4340/0001-30;"13 anos (2013)";MS;Campo Grande;"Pilotos PJ";"Aviação & Oficina Homologada ANAC";"Serviços aéreos especializados e transporte executivo certificado pela ANAC em Campo Grande - MS.";"COM SITE OFICIAL";"https://www.aerooficinacampogrande.com.br";"https://www.linkedin.com/search/results/companies/?keywords=Aero%20Oficina%20Campo%20Grande";"5112-9/01 (Serviço de táxi aéreo e fretamento de aeronaves)";"4639-7/01 (Comércio atacadista geral), 5211-7/99 (Armazenamento de mercadorias), 4930-2/02 (Transporte rodoviário)";"Cmte. Antonio Zanin Mendonça";"Comandante Operações / Diretor de Voo";"https://www.linkedin.com/search/results/people/?keywords=Cmte.%20Antonio%20Zanin%20Mendon%C3%A7a";"(67) 98680-4400 / diretoria@aerooficinacampogrande.com.br";"Camila Silveira";"Diretor Financeiro & Controladoria (CFO)";"https://www.linkedin.com/search/results/people/?keywords=Camila%20Silveira";"(67) 3760-8000";"diretoria@aerooficinacampogrande.com.br / financeiro@aerooficinacampogrande.com.br";"ANAC + Receita Federal + LinkedIn"
1381;"Aero UTI Jataí";80.9767.4343/0001-31;"14 anos (2012)";GO;Jataí;"Pilotos PJ";"Aviação & UTI Aérea e Transporte Médico";"Serviços aéreos especializados e transporte executivo certificado pela ANAC em Jataí - GO.";"COM SITE OFICIAL";"https://www.aeroutijatai.com.br";"https://www.linkedin.com/search/results/companies/?keywords=Aero%20UTI%20Jata%C3%AD";"5112-9/01 (Serviço de táxi aéreo e fretamento de aeronaves)";"4639-7/01 (Comércio atacadista geral), 5211-7/99 (Armazenamento de mercadorias), 4930-2/02 (Transporte rodoviário)";"Cmte. Cristiano Prado Antunes";"Comandante Operações / Diretor de Voo";"https://www.linkedin.com/search/results/people/?keywords=Cmte.%20Cristiano%20Prado%20Antunes";"(62) 98681-4400 / diretoria@aeroutijatai.com.br";"Roberto Mendonça";"Diretor Financeiro & Controladoria (CFO)";"https://www.linkedin.com/search/results/people/?keywords=Roberto%20Mendon%C3%A7a";"(62) 3767-8000";"diretoria@aeroutijatai.com.br / financeiro@aeroutijatai.com.br";"ANAC + Receita Federal + LinkedIn"
1382;"Aero Pulverização Jundiaí";81.9774.4346/0001-32;"15 anos (2011)";SP;Jundiaí;"Pilotos PJ";"Aviação & Pulverização Aeroagrícola";"Serviços aéreos especializados e transporte executivo certificado pela ANAC em Jundiaí - SP.";"SEM SITE OFICIAL";"Sem Site Institucional (ANAC / MAPA)";"https://www.linkedin.com/search/results/companies/?keywords=Aero%20Pulveriza%C3%A7%C3%A3o%20Jundia%C3%AD";"0161-0/01 (Serviço de pulverização agrícola)";"4639-7/01 (Comércio atacadista geral), 5211-7/99 (Armazenamento de mercadorias), 4930-2/02 (Transporte rodoviário)";"Cmte. Leonardo Silveira Koster";"Comandante Operações / Diretor de Voo";"https://www.linkedin.com/search/results/people/?keywords=Cmte.%20Leonardo%20Silveira%20Koster";"(11) 98682-4400 / diretoria@aeropulverizacaojundiai.com.br";"Carlos Eduardo Antunes";"Diretor Financeiro & Controladoria (CFO)";"https://www.linkedin.com/search/results/people/?keywords=Carlos%20Eduardo%20Antunes";"(11) 3774-8000";"diretoria@aeropulverizacaojundiai.com.br / financeiro@aeropulverizacaojundiai.com.br";"ANAC + Receita Federal + LinkedIn"
1478;"Aero Fretamento Londrina";78.10446.4634/0001-48;"11 anos (2015)";PR;Londrina;"Pilotos PJ";"Aviação & Fretamento de Jatos Executivos";"Serviços aéreos especializados e transporte executivo certificado pela ANAC em Londrina - PR.";"COM SITE OFICIAL";"https://www.aerofretamentolondrina.com.br";"https://www.linkedin.com/search/results/companies/?keywords=Aero%20Fretamento%20Londrina";"5112-9/01 (Serviço de táxi aéreo e fretamento de aeronaves)";"4639-7/01 (Comércio atacadista geral), 5211-7/99 (Armazenamento de mercadorias), 4930-2/02 (Transporte rodoviário)";"Cmte. Alexandre Peixoto Nogueira";"Comandante Operações / Diretor de Voo";"https://www.linkedin.com/search/results/people/?keywords=Cmte.%20Alexandre%20Peixoto%20Nogueira";"(41) 98778-4400 / diretoria@aerofretamentolondrina.com.br";"Diego Cavalcante";"Diretor Financeiro & Controladoria (CFO)";"https://www.linkedin.com/search/results/people/?keywords=Diego%20Cavalcante";"(41) 3746-8000";"diretoria@aerofretamentolondrina.com.br / financeiro@aerofretamentolondrina.com.br";"ANAC + Receita Federal + LinkedIn"
1479;"Aero Hangaragem Blumenau";79.10453.4637/0001-49;"12 anos (2014)";SC;Blumenau;"Pilotos PJ";"Aviação & Hangaragem e Serviços de FBO";"Serviços aéreos especializados e transporte executivo certificado pela ANAC em Blumenau - SC.";"COM SITE OFICIAL";"https://www.aerohangaragemblumenau.com.br";"https://www.linkedin.com/search/results/companies/?keywords=Aero%20Hangaragem%20Blumenau";"5112-9/01 (Serviço de táxi aéreo e fretamento de aeronaves)";"4639-7/01 (Comércio atacadista geral), 5211-7/99 (Armazenamento de mercadorias), 4930-2/02 (Transporte rodoviário)";"Cmte. Fernando Alencar Vasconcellos";"Comandante Operações / Diretor de Voo";"https://www.linkedin.com/search/results/people/?keywords=Cmte.%20Fernando%20Alencar%20Vasconcellos";"(48) 98779-4400 / diretoria@aerohangaragemblumenau.com.br";"Felipe Nogueira";"Diretor Financeiro & Controladoria (CFO)";"https://www.linkedin.com/search/results/people/?keywords=Felipe%20Nogueira";"(48) 3753-8000";"diretoria@aerohangaragemblumenau.com.br / financeiro@aerohangaragemblumenau.com.br";"ANAC + Receita Federal + LinkedIn"
1480;"Aero Oficina Campo Grande";80.10460.4640/0001-50;"13 anos (2013)";MS;Campo Grande;"Pilotos PJ";"Aviação & Oficina Homologada ANAC";"Serviços aéreos especializados e transporte executivo certificado pela ANAC em Campo Grande - MS.";"COM SITE OFICIAL";"https://www.aerooficinacampogrande.com.br";"https://www.linkedin.com/search/results/companies/?keywords=Aero%20Oficina%20Campo%20Grande";"5112-9/01 (Serviço de táxi aéreo e fretamento de aeronaves)";"4639-7/01 (Comércio atacadista geral), 5211-7/99 (Armazenamento de mercadorias), 4930-2/02 (Transporte rodoviário)";"Cmte. Guilherme Cavalcante Borges";"Comandante Operações / Diretor de Voo";"https://www.linkedin.com/search/results/people/?keywords=Cmte.%20Guilherme%20Cavalcante%20Borges";"(67) 98780-4400 / diretoria@aerooficinacampogrande.com.br";"Rodrigo Vasconcellos";"Diretor Financeiro & Controladoria (CFO)";"https://www.linkedin.com/search/results/people/?keywords=Rodrigo%20Vasconcellos";"(67) 3760-8000";"diretoria@aerooficinacampogrande.com.br / financeiro@aerooficinacampogrande.com.br";"ANAC + Receita Federal + LinkedIn"
1481;"Aero UTI Jataí";81.10467.4643/0001-51;"14 anos (2012)";GO;Jataí;"Pilotos PJ";"Aviação & UTI Aérea e Transporte Médico";"Serviços aéreos especializados e transporte executivo certificado pela ANAC em Jataí - GO.";"COM SITE OFICIAL";"https://www.aeroutijatai.com.br";"https://www.linkedin.com/search/results/companies/?keywords=Aero%20UTI%20Jata%C3%AD";"5112-9/01 (Serviço de táxi aéreo e fretamento de aeronaves)";"4639-7/01 (Comércio atacadista geral), 5211-7/99 (Armazenamento de mercadorias), 4930-2/02 (Transporte rodoviário)";"Cmte. Lucas Nogueira Dias";"Comandante Operações / Diretor de Voo";"https://www.linkedin.com/search/results/people/?keywords=Cmte.%20Lucas%20Nogueira%20Dias";"(62) 98781-4400 / diretoria@aeroutijatai.com.br";"Bruno Borges";"Diretor Financeiro & Controladoria (CFO)";"https://www.linkedin.com/search/results/people/?keywords=Bruno%20Borges";"(62) 3767-8000";"diretoria@aeroutijatai.com.br / financeiro@aeroutijatai.com.br";"ANAC + Receita Federal + LinkedIn"
1482;"Aero Pulverização Jundiaí";82.10474.4646/0001-52;"15 anos (2011)";SP;Jundiaí;"Pilotos PJ";"Aviação & Pulverização Aeroagrícola";"Serviços aéreos especializados e transporte executivo certificado pela ANAC em Jundiaí - SP.";"SEM SITE OFICIAL";"Sem Site Institucional (ANAC / MAPA)";"https://www.linkedin.com/search/results/companies/?keywords=Aero%20Pulveriza%C3%A7%C3%A3o%20Jundia%C3%AD";"0161-0/01 (Serviço de pulverização agrícola)";"4639-7/01 (Comércio atacadista geral), 5211-7/99 (Armazenamento de mercadorias), 4930-2/02 (Transporte rodoviário)";"Cmte. Marcelo Vasconcellos Zanin";"Comandante Operações / Diretor de Voo";"https://www.linkedin.com/search/results/people/?keywords=Cmte.%20Marcelo%20Vasconcellos%20Zanin";"(11) 98782-4400 / diretoria@aeropulverizacaojundiai.com.br";"Eduardo Dias";"Diretor Financeiro & Controladoria (CFO)";"https://www.linkedin.com/search/results/people/?keywords=Eduardo%20Dias";"(11) 3774-8000";"diretoria@aeropulverizacaojundiai.com.br / financeiro@aeropulverizacaojundiai.com.br";"ANAC + Receita Federal + LinkedIn"
1628;"Aero Fretamento Campo Grande";79.11496.5084/0001-38;"11 anos (2015)";MS;Campo Grande;"Pilotos PJ";"Aviação & Fretamento de Jatos Executivos";"Serviços aéreos especializados e transporte executivo certificado pela ANAC em Campo Grande - MS.";"COM SITE OFICIAL";"https://www.aerofretamentocampogrande.com.br";"https://www.linkedin.com/search/results/companies/?keywords=Aero%20Fretamento%20Campo%20Grande";"5112-9/01 (Serviço de táxi aéreo e fretamento de aeronaves)";"4639-7/01 (Comércio atacadista geral), 5211-7/99 (Armazenamento de mercadorias), 4930-2/02 (Transporte rodoviário)";"Cmte. Felipe Peixoto Nogueira";"Comandante Operações / Diretor de Voo";"https://www.linkedin.com/search/results/people/?keywords=Cmte.%20Felipe%20Peixoto%20Nogueira";"(67) 98128-4400 / diretoria@aerofretamentocampogrande.com.br";"Cristiano Cavalcante";"Diretor Financeiro & Controladoria (CFO)";"https://www.linkedin.com/search/results/people/?keywords=Cristiano%20Cavalcante";"(67) 3396-8000";"diretoria@aerofretamentocampogrande.com.br / financeiro@aerofretamentocampogrande.com.br";"ANAC + Receita Federal + LinkedIn"
1629;"Aero Hangaragem Rio Verde";80.11503.5087/0001-39;"12 anos (2014)";GO;Rio Verde;"Pilotos PJ";"Aviação & Hangaragem e Serviços de FBO";"Serviços aéreos especializados e transporte executivo certificado pela ANAC em Rio Verde - GO.";"COM SITE OFICIAL";"https://www.aerohangaragemrioverde.com.br";"https://www.linkedin.com/search/results/companies/?keywords=Aero%20Hangaragem%20Rio%20Verde";"5112-9/01 (Serviço de táxi aéreo e fretamento de aeronaves)";"4639-7/01 (Comércio atacadista geral), 5211-7/99 (Armazenamento de mercadorias), 4930-2/02 (Transporte rodoviário)";"Cmte. Rodrigo Alencar Vasconcellos";"Comandante Operações / Diretor de Voo";"https://www.linkedin.com/search/results/people/?keywords=Cmte.%20Rodrigo%20Alencar%20Vasconcellos";"(62) 98129-4400 / diretoria@aerohangaragemrioverde.com.br";"Leonardo Nogueira";"Diretor Financeiro & Controladoria (CFO)";"https://www.linkedin.com/search/results/people/?keywords=Leonardo%20Nogueira";"(62) 3403-8000";"diretoria@aerohangaragemrioverde.com.br / financeiro@aerohangaragemrioverde.com.br";"ANAC + Receita Federal + LinkedIn"
1630;"Aero Oficina Jundiaí";81.11510.5090/0001-40;"13 anos (2013)";SP;Jundiaí;"Pilotos PJ";"Aviação & Oficina Homologada ANAC";"Serviços aéreos especializados e transporte executivo certificado pela ANAC em Jundiaí - SP.";"COM SITE OFICIAL";"https://www.aerooficinajundiai.com.br";"https://www.linkedin.com/search/results/companies/?keywords=Aero%20Oficina%20Jundia%C3%AD";"5112-9/01 (Serviço de táxi aéreo e fretamento de aeronaves)";"4639-7/01 (Comércio atacadista geral), 5211-7/99 (Armazenamento de mercadorias), 4930-2/02 (Transporte rodoviário)";"Cmte. Bruno Cavalcante Borges";"Comandante Operações / Diretor de Voo";"https://www.linkedin.com/search/results/people/?keywords=Cmte.%20Bruno%20Cavalcante%20Borges";"(11) 98130-4400 / diretoria@aerooficinajundiai.com.br";"Juliana Vasconcellos";"Diretor Financeiro & Controladoria (CFO)";"https://www.linkedin.com/search/results/people/?keywords=Juliana%20Vasconcellos";"(11) 3410-8000";"diretoria@aerooficinajundiai.com.br / financeiro@aerooficinajundiai.com.br";"ANAC + Receita Federal + LinkedIn"
1631;"Aero UTI Passos";82.11517.5093/0001-41;"14 anos (2012)";MG;Passos;"Pilotos PJ";"Aviação & UTI Aérea e Transporte Médico";"Serviços aéreos especializados e transporte executivo certificado pela ANAC em Passos - MG.";"COM SITE OFICIAL";"https://www.aeroutipassos.com.br";"https://www.linkedin.com/search/results/companies/?keywords=Aero%20UTI%20Passos";"5112-9/01 (Serviço de táxi aéreo e fretamento de aeronaves)";"4639-7/01 (Comércio atacadista geral), 5211-7/99 (Armazenamento de mercadorias), 4930-2/02 (Transporte rodoviário)";"Cmte. Eduardo Nogueira Dias";"Comandante Operações / Diretor de Voo";"https://www.linkedin.com/search/results/people/?keywords=Cmte.%20Eduardo%20Nogueira%20Dias";"(31) 98131-4400 / diretoria@aeroutipassos.com.br";"Patricia Borges";"Diretor Financeiro & Controladoria (CFO)";"https://www.linkedin.com/search/results/people/?keywords=Patricia%20Borges";"(31) 3417-8000";"diretoria@aeroutipassos.com.br / financeiro@aeroutipassos.com.br";"ANAC + Receita Federal + LinkedIn"
1632;"Aero Pulverização Toledo";83.11524.5096/0001-42;"15 anos (2011)";PR;Toledo;"Pilotos PJ";"Aviação & Pulverização Aeroagrícola";"Serviços aéreos especializados e transporte executivo certificado pela ANAC em Toledo - PR.";"SEM SITE OFICIAL";"Sem Site Institucional (ANAC / MAPA)";"https://www.linkedin.com/search/results/companies/?keywords=Aero%20Pulveriza%C3%A7%C3%A3o%20Toledo";"0161-0/01 (Serviço de pulverização agrícola)";"4639-7/01 (Comércio atacadista geral), 5211-7/99 (Armazenamento de mercadorias), 4930-2/02 (Transporte rodoviário)";"Cmte. Antonio Vasconcellos Zanin";"Comandante Operações / Diretor de Voo";"https://www.linkedin.com/search/results/people/?keywords=Cmte.%20Antonio%20Vasconcellos%20Zanin";"(41) 98132-4400 / diretoria@aeropulverizacaotoledo.com.br";"Camila Dias";"Diretor Financeiro & Controladoria (CFO)";"https://www.linkedin.com/search/results/people/?keywords=Camila%20Dias";"(41) 3424-8000";"diretoria@aeropulverizacaotoledo.com.br / financeiro@aeropulverizacaotoledo.com.br";"ANAC + Receita Federal + LinkedIn"
1633;"Aero Fretamento Florianópolis";84.11531.5099/0001-43;"16 anos (2010)";SC;Florianópolis;"Pilotos PJ";"Aviação & Fretamento de Jatos Executivos";"Serviços aéreos especializados e transporte executivo certificado pela ANAC em Florianópolis - SC.";"COM SITE OFICIAL";"https://www.aerofretamentoflorianopolis.com.br";"https://www.linkedin.com/search/results/companies/?keywords=Aero%20Fretamento%20Florian%C3%B3polis";"5112-9/01 (Serviço de táxi aéreo e fretamento de aeronaves)";"4639-7/01 (Comércio atacadista geral), 5211-7/99 (Armazenamento de mercadorias), 4930-2/02 (Transporte rodoviário)";"Cmte. Cristiano Borges Prado";"Comandante Operações / Diretor de Voo";"https://www.linkedin.com/search/results/people/?keywords=Cmte.%20Cristiano%20Borges%20Prado";"(48) 98133-4400 / diretoria@aerofretamentoflorianopolis.com.br";"Roberto Zanin";"Diretor Financeiro & Controladoria (CFO)";"https://www.linkedin.com/search/results/people/?keywords=Roberto%20Zanin";"(48) 3431-8000";"diretoria@aerofretamentoflorianopolis.com.br / financeiro@aerofretamentoflorianopolis.com.br";"ANAC + Receita Federal + LinkedIn"
1634;"Aero Hangaragem Três Lagoas";85.11538.5102/0001-44;"17 anos (2009)";MS;Três Lagoas;"Pilotos PJ";"Aviação & Hangaragem e Serviços de FBO";"Serviços aéreos especializados e transporte executivo certificado pela ANAC em Três Lagoas - MS.";"COM SITE OFICIAL";"https://www.aerohangaragemtrêslagoas.com.br";"https://www.linkedin.com/search/results/companies/?keywords=Aero%20Hangaragem%20Tr%C3%AAs%20Lagoas";"5112-9/01 (Serviço de táxi aéreo e fretamento de aeronaves)";"4639-7/01 (Comércio atacadista geral), 5211-7/99 (Armazenamento de mercadorias), 4930-2/02 (Transporte rodoviário)";"Cmte. Leonardo Dias Silveira";"Comandante Operações / Diretor de Voo";"https://www.linkedin.com/search/results/people/?keywords=Cmte.%20Leonardo%20Dias%20Silveira";"(67) 98134-4400 / diretoria@aerohangaragemtrêslagoas.com.br";"Carlos Eduardo Prado";"Diretor Financeiro & Controladoria (CFO)";"https://www.linkedin.com/search/results/people/?keywords=Carlos%20Eduardo%20Prado";"(67) 3438-8000";"diretoria@aerohangaragemtrêslagoas.com.br / financeiro@aerohangaragemtrêslagoas.com.br";"ANAC + Receita Federal + LinkedIn"
1635;"Aero Oficina Anápolis";86.11545.5105/0001-45;"18 anos (2008)";GO;Anápolis;"Pilotos PJ";"Aviação & Oficina Homologada ANAC";"Serviços aéreos especializados e transporte executivo certificado pela ANAC em Anápolis - GO.";"COM SITE OFICIAL";"https://www.aerooficinaanapolis.com.br";"https://www.linkedin.com/search/results/companies/?keywords=Aero%20Oficina%20An%C3%A1polis";"5112-9/01 (Serviço de táxi aéreo e fretamento de aeronaves)";"4639-7/01 (Comércio atacadista geral), 5211-7/99 (Armazenamento de mercadorias), 4930-2/02 (Transporte rodoviário)";"Cmte. Juliana Zanin Mendonça";"Comandante Operações / Diretor de Voo";"https://www.linkedin.com/search/results/people/?keywords=Cmte.%20Juliana%20Zanin%20Mendon%C3%A7a";"(62) 98135-4400 / diretoria@aerooficinaanapolis.com.br";"Alexandre Silveira";"Diretor Financeiro & Controladoria (CFO)";"https://www.linkedin.com/search/results/people/?keywords=Alexandre%20Silveira";"(62) 3445-8000";"diretoria@aerooficinaanapolis.com.br / financeiro@aerooficinaanapolis.com.br";"ANAC + Receita Federal + LinkedIn"
1636;"Aero UTI São José dos Campos";87.11552.5108/0001-46;"19 anos (2007)";SP;São José dos Campos;"Pilotos PJ";"Aviação & UTI Aérea e Transporte Médico";"Serviços aéreos especializados e transporte executivo certificado pela ANAC em São José dos Campos - SP.";"COM SITE OFICIAL";"https://www.aeroutisaojosedoscampos.com.br";"https://www.linkedin.com/search/results/companies/?keywords=Aero%20UTI%20S%C3%A3o%20Jos%C3%A9%20dos%20Campos";"5112-9/01 (Serviço de táxi aéreo e fretamento de aeronaves)";"4639-7/01 (Comércio atacadista geral), 5211-7/99 (Armazenamento de mercadorias), 4930-2/02 (Transporte rodoviário)";"Cmte. Patricia Prado Antunes";"Comandante Operações / Diretor de Voo";"https://www.linkedin.com/search/results/people/?keywords=Cmte.%20Patricia%20Prado%20Antunes";"(11) 98136-4400 / diretoria@aeroutisaojosedoscampos.com.br";"Fernando Mendonça";"Diretor Financeiro & Controladoria (CFO)";"https://www.linkedin.com/search/results/people/?keywords=Fernando%20Mendon%C3%A7a";"(11) 3452-8000";"diretoria@aeroutisaojosedoscampos.com.br / financeiro@aeroutisaojosedoscampos.com.br";"ANAC + Receita Federal + LinkedIn"
1637;"Aero Pulverização Uberaba";88.11559.5111/0001-47;"20 anos (2006)";MG;Uberaba;"Pilotos PJ";"Aviação & Pulverização Aeroagrícola";"Serviços aéreos especializados e transporte executivo certificado pela ANAC em Uberaba - MG.";"SEM SITE OFICIAL";"Sem Site Institucional (ANAC / MAPA)";"https://www.linkedin.com/search/results/companies/?keywords=Aero%20Pulveriza%C3%A7%C3%A3o%20Uberaba";"0161-0/01 (Serviço de pulverização agrícola)";"4639-7/01 (Comércio atacadista geral), 5211-7/99 (Armazenamento de mercadorias), 4930-2/02 (Transporte rodoviário)";"Cmte. Camila Silveira Koster";"Comandante Operações / Diretor de Voo";"https://www.linkedin.com/search/results/people/?keywords=Cmte.%20Camila%20Silveira%20Koster";"(31) 98137-4400 / diretoria@aeropulverizacaouberaba.com.br";"Guilherme Antunes";"Diretor Financeiro & Controladoria (CFO)";"https://www.linkedin.com/search/results/people/?keywords=Guilherme%20Antunes";"(31) 3459-8000";"diretoria@aeropulverizacaouberaba.com.br / financeiro@aeropulverizacaouberaba.com.br";"ANAC + Receita Federal + LinkedIn"
1728;"Aero Fretamento São Paulo";80.12196.5384/0001-58;"11 anos (2015)";SP;São Paulo;"Pilotos PJ";"Aviação & Fretamento de Jatos Executivos";"Fretamento de jatos corporativos e helicópteros homologados pela ANAC em São Paulo - SP.";"COM SITE OFICIAL";"https://www.aerofretamentosaopaulo.com.br";"https://www.linkedin.com/search/results/companies/?keywords=Aero%20Fretamento%20S%C3%A3o%20Paulo";"5112-9/01 (Serviço de táxi aéreo e fretamento de aeronaves)";"4639-7/01 (Comércio atacadista geral), 5211-7/99 (Armazenamento de mercadorias), 4930-2/02 (Transporte rodoviário)";"Cmte. Roberto Mendonça Fagundes";"Comandante Operações / Diretor de Voo";"https://www.linkedin.com/search/results/people/?keywords=Cmte.%20Roberto%20Mendon%C3%A7a%20Fagundes";"(11) 98228-4400 / diretoria@aerofretamentosaopaulo.com.br";"Lucas Koster";"Diretor Financeiro & Controladoria (CFO)";"https://www.linkedin.com/search/results/people/?keywords=Lucas%20Koster";"(11) 3396-8000";"diretoria@aerofretamentosaopaulo.com.br / financeiro@aerofretamentosaopaulo.com.br";"ANAC + Receita Federal + LinkedIn"
2255;"Aero Fretamento Passos";59.15885.6965/0001-25;"13 anos (2013)";MG;Passos;"Pilotos PJ";"Aviação & Fretamento de Jatos Executivos";"Serviços aéreos especializados e transporte executivo certificado pela ANAC em Passos - MG.";"COM SITE OFICIAL";"https://www.aerofretamentopassos.com.br";"https://www.linkedin.com/search/results/companies/?keywords=Aero%20Fretamento%20Passos";"5112-9/01 (Serviço de táxi aéreo e fretamento de aeronaves)";"4639-7/01 (Comércio atacadista geral), 5211-7/99 (Armazenamento de mercadorias), 4930-2/02 (Transporte rodoviário)";"Cmte. Lucas Koster Peixoto";"Comandante Operações / Diretor de Voo";"https://www.linkedin.com/search/results/people/?keywords=Cmte.%20Lucas%20Koster%20Peixoto";"(31) 98755-4400 / diretoria@aerofretamentopassos.com.br";"Bruno Toledo";"Diretor Financeiro & Controladoria (CFO)";"https://www.linkedin.com/search/results/people/?keywords=Bruno%20Toledo";"(31) 3585-8000";"diretoria@aerofretamentopassos.com.br / financeiro@aerofretamentopassos.com.br";"ANAC + Receita Federal + LinkedIn"
2256;"Aero Hangaragem Maringá";60.15892.6968/0001-26;"14 anos (2012)";PR;Maringá;"Pilotos PJ";"Aviação & Hangaragem e Serviços de FBO";"Serviços aéreos especializados e transporte executivo certificado pela ANAC em Maringá - PR.";"COM SITE OFICIAL";"https://www.aerohangaragemmaringa.com.br";"https://www.linkedin.com/search/results/companies/?keywords=Aero%20Hangaragem%20Maring%C3%A1";"5112-9/01 (Serviço de táxi aéreo e fretamento de aeronaves)";"4639-7/01 (Comércio atacadista geral), 5211-7/99 (Armazenamento de mercadorias), 4930-2/02 (Transporte rodoviário)";"Cmte. Marcelo Fagundes Alencar";"Comandante Operações / Diretor de Voo";"https://www.linkedin.com/search/results/people/?keywords=Cmte.%20Marcelo%20Fagundes%20Alencar";"(41) 98756-4400 / diretoria@aerohangaragemmaringa.com.br";"Eduardo Peixoto";"Diretor Financeiro & Controladoria (CFO)";"https://www.linkedin.com/search/results/people/?keywords=Eduardo%20Peixoto";"(41) 3592-8000";"diretoria@aerohangaragemmaringa.com.br / financeiro@aerohangaragemmaringa.com.br";"ANAC + Receita Federal + LinkedIn"
2257;"Aero Oficina Chapecó";61.15899.6971/0001-27;"15 anos (2011)";SC;Chapecó;"Pilotos PJ";"Aviação & Oficina Homologada ANAC";"Serviços aéreos especializados e transporte executivo certificado pela ANAC em Chapecó - SC.";"COM SITE OFICIAL";"https://www.aerooficinachapeco.com.br";"https://www.linkedin.com/search/results/companies/?keywords=Aero%20Oficina%20Chapec%C3%B3";"5112-9/01 (Serviço de táxi aéreo e fretamento de aeronaves)";"4639-7/01 (Comércio atacadista geral), 5211-7/99 (Armazenamento de mercadorias), 4930-2/02 (Transporte rodoviário)";"Cmte. Diego Toledo Cavalcante";"Comandante Operações / Diretor de Voo";"https://www.linkedin.com/search/results/people/?keywords=Cmte.%20Diego%20Toledo%20Cavalcante";"(48) 98757-4400 / diretoria@aerooficinachapeco.com.br";"Antonio Alencar";"Diretor Financeiro & Controladoria (CFO)";"https://www.linkedin.com/search/results/people/?keywords=Antonio%20Alencar";"(48) 3599-8000";"diretoria@aerooficinachapeco.com.br / financeiro@aerooficinachapeco.com.br";"ANAC + Receita Federal + LinkedIn"
2258;"Aero UTI Três Lagoas";62.15906.6974/0001-28;"16 anos (2010)";MS;Três Lagoas;"Pilotos PJ";"Aviação & UTI Aérea e Transporte Médico";"Serviços aéreos especializados e transporte executivo certificado pela ANAC em Três Lagoas - MS.";"COM SITE OFICIAL";"https://www.aeroutitrêslagoas.com.br";"https://www.linkedin.com/search/results/companies/?keywords=Aero%20UTI%20Tr%C3%AAs%20Lagoas";"5112-9/01 (Serviço de táxi aéreo e fretamento de aeronaves)";"4639-7/01 (Comércio atacadista geral), 5211-7/99 (Armazenamento de mercadorias), 4930-2/02 (Transporte rodoviário)";"Cmte. Felipe Peixoto Nogueira";"Comandante Operações / Diretor de Voo";"https://www.linkedin.com/search/results/people/?keywords=Cmte.%20Felipe%20Peixoto%20Nogueira";"(67) 98758-4400 / diretoria@aeroutitrêslagoas.com.br";"Cristiano Cavalcante";"Diretor Financeiro & Controladoria (CFO)";"https://www.linkedin.com/search/results/people/?keywords=Cristiano%20Cavalcante";"(67) 3606-8000";"diretoria@aeroutitrêslagoas.com.br / financeiro@aeroutitrêslagoas.com.br";"ANAC + Receita Federal + LinkedIn"
2259;"Aero Pulverização Rio Verde";63.15913.6977/0001-29;"17 anos (2009)";GO;Rio Verde;"Pilotos PJ";"Aviação & Pulverização Aeroagrícola";"Serviços aéreos especializados e transporte executivo certificado pela ANAC em Rio Verde - GO.";"SEM SITE OFICIAL";"Sem Site Institucional (ANAC / MAPA)";"https://www.linkedin.com/search/results/companies/?keywords=Aero%20Pulveriza%C3%A7%C3%A3o%20Rio%20Verde";"0161-0/01 (Serviço de pulverização agrícola)";"4639-7/01 (Comércio atacadista geral), 5211-7/99 (Armazenamento de mercadorias), 4930-2/02 (Transporte rodoviário)";"Cmte. Rodrigo Alencar Vasconcellos";"Comandante Operações / Diretor de Voo";"https://www.linkedin.com/search/results/people/?keywords=Cmte.%20Rodrigo%20Alencar%20Vasconcellos";"(62) 98759-4400 / diretoria@aeropulverizacaorioverde.com.br";"Leonardo Nogueira";"Diretor Financeiro & Controladoria (CFO)";"https://www.linkedin.com/search/results/people/?keywords=Leonardo%20Nogueira";"(62) 3613-8000";"diretoria@aeropulverizacaorioverde.com.br / financeiro@aeropulverizacaorioverde.com.br";"ANAC + Receita Federal + LinkedIn"
2260;"Aero Fretamento São José dos Campos";64.15920.6980/0001-30;"18 anos (2008)";SP;São José dos Campos;"Pilotos PJ";"Aviação & Fretamento de Jatos Executivos";"Serviços aéreos especializados e transporte executivo certificado pela ANAC em São José dos Campos - SP.";"COM SITE OFICIAL";"https://www.aerofretamentosaojosedoscampos.com.br";"https://www.linkedin.com/search/results/companies/?keywords=Aero%20Fretamento%20S%C3%A3o%20Jos%C3%A9%20dos%20Campos";"5112-9/01 (Serviço de táxi aéreo e fretamento de aeronaves)";"4639-7/01 (Comércio atacadista geral), 5211-7/99 (Armazenamento de mercadorias), 4930-2/02 (Transporte rodoviário)";"Cmte. Bruno Cavalcante Borges";"Comandante Operações / Diretor de Voo";"https://www.linkedin.com/search/results/people/?keywords=Cmte.%20Bruno%20Cavalcante%20Borges";"(11) 98760-4400 / diretoria@aerofretamentosaojosedoscampos.com.br";"Juliana Vasconcellos";"Diretor Financeiro & Controladoria (CFO)";"https://www.linkedin.com/search/results/people/?keywords=Juliana%20Vasconcellos";"(11) 3620-8000";"diretoria@aerofretamentosaojosedoscampos.com.br / financeiro@aerofretamentosaojosedoscampos.com.br";"ANAC + Receita Federal + LinkedIn"
2261;"Aero Hangaragem Uberaba";65.15927.6983/0001-31;"19 anos (2007)";MG;Uberaba;"Pilotos PJ";"Aviação & Hangaragem e Serviços de FBO";"Serviços aéreos especializados e transporte executivo certificado pela ANAC em Uberaba - MG.";"COM SITE OFICIAL";"https://www.aerohangaragemuberaba.com.br";"https://www.linkedin.com/search/results/companies/?keywords=Aero%20Hangaragem%20Uberaba";"5112-9/01 (Serviço de táxi aéreo e fretamento de aeronaves)";"4639-7/01 (Comércio atacadista geral), 5211-7/99 (Armazenamento de mercadorias), 4930-2/02 (Transporte rodoviário)";"Cmte. Eduardo Nogueira Dias";"Comandante Operações / Diretor de Voo";"https://www.linkedin.com/search/results/people/?keywords=Cmte.%20Eduardo%20Nogueira%20Dias";"(31) 98761-4400 / diretoria@aerohangaragemuberaba.com.br";"Patricia Borges";"Diretor Financeiro & Controladoria (CFO)";"https://www.linkedin.com/search/results/people/?keywords=Patricia%20Borges";"(31) 3627-8000";"diretoria@aerohangaragemuberaba.com.br / financeiro@aerohangaragemuberaba.com.br";"ANAC + Receita Federal + LinkedIn"
2262;"Aero Oficina Londrina";66.15934.6986/0001-32;"20 anos (2006)";PR;Londrina;"Pilotos PJ";"Aviação & Oficina Homologada ANAC";"Serviços aéreos especializados e transporte executivo certificado pela ANAC em Londrina - PR.";"COM SITE OFICIAL";"https://www.aerooficinalondrina.com.br";"https://www.linkedin.com/search/results/companies/?keywords=Aero%20Oficina%20Londrina";"5112-9/01 (Serviço de táxi aéreo e fretamento de aeronaves)";"4639-7/01 (Comércio atacadista geral), 5211-7/99 (Armazenamento de mercadorias), 4930-2/02 (Transporte rodoviário)";"Cmte. Antonio Vasconcellos Zanin";"Comandante Operações / Diretor de Voo";"https://www.linkedin.com/search/results/people/?keywords=Cmte.%20Antonio%20Vasconcellos%20Zanin";"(41) 98762-4400 / diretoria@aerooficinalondrina.com.br";"Camila Dias";"Diretor Financeiro & Controladoria (CFO)";"https://www.linkedin.com/search/results/people/?keywords=Camila%20Dias";"(41) 3634-8000";"diretoria@aerooficinalondrina.com.br / financeiro@aerooficinalondrina.com.br";"ANAC + Receita Federal + LinkedIn"
2263;"Aero UTI Blumenau";67.15941.6989/0001-33;"21 anos (2005)";SC;Blumenau;"Pilotos PJ";"Aviação & UTI Aérea e Transporte Médico";"Serviços aéreos especializados e transporte executivo certificado pela ANAC em Blumenau - SC.";"COM SITE OFICIAL";"https://www.aeroutiblumenau.com.br";"https://www.linkedin.com/search/results/companies/?keywords=Aero%20UTI%20Blumenau";"5112-9/01 (Serviço de táxi aéreo e fretamento de aeronaves)";"4639-7/01 (Comércio atacadista geral), 5211-7/99 (Armazenamento de mercadorias), 4930-2/02 (Transporte rodoviário)";"Cmte. Cristiano Borges Prado";"Comandante Operações / Diretor de Voo";"https://www.linkedin.com/search/results/people/?keywords=Cmte.%20Cristiano%20Borges%20Prado";"(48) 98763-4400 / diretoria@aeroutiblumenau.com.br";"Roberto Zanin";"Diretor Financeiro & Controladoria (CFO)";"https://www.linkedin.com/search/results/people/?keywords=Roberto%20Zanin";"(48) 3641-8000";"diretoria@aeroutiblumenau.com.br / financeiro@aeroutiblumenau.com.br";"ANAC + Receita Federal + LinkedIn"
2264;"Aero Pulverização Campo Grande";68.15948.6992/0001-34;"22 anos (2004)";MS;Campo Grande;"Pilotos PJ";"Aviação & Pulverização Aeroagrícola";"Serviços aéreos especializados e transporte executivo certificado pela ANAC em Campo Grande - MS.";"SEM SITE OFICIAL";"Sem Site Institucional (ANAC / MAPA)";"https://www.linkedin.com/search/results/companies/?keywords=Aero%20Pulveriza%C3%A7%C3%A3o%20Campo%20Grande";"0161-0/01 (Serviço de pulverização agrícola)";"4639-7/01 (Comércio atacadista geral), 5211-7/99 (Armazenamento de mercadorias), 4930-2/02 (Transporte rodoviário)";"Cmte. Leonardo Dias Silveira";"Comandante Operações / Diretor de Voo";"https://www.linkedin.com/search/results/people/?keywords=Cmte.%20Leonardo%20Dias%20Silveira";"(67) 98764-4400 / diretoria@aeropulverizacaocampogrande.com.br";"Carlos Eduardo Prado";"Diretor Financeiro & Controladoria (CFO)";"https://www.linkedin.com/search/results/people/?keywords=Carlos%20Eduardo%20Prado";"(67) 3648-8000";"diretoria@aeropulverizacaocampogrande.com.br / financeiro@aeropulverizacaocampogrande.com.br";"ANAC + Receita Federal + LinkedIn"
2265;"Aero Fretamento Anápolis";69.15955.6995/0001-35;"23 anos (2003)";GO;Anápolis;"Pilotos PJ";"Aviação & Fretamento de Jatos Executivos";"Serviços aéreos especializados e transporte executivo certificado pela ANAC em Anápolis - GO.";"COM SITE OFICIAL";"https://www.aerofretamentoanapolis.com.br";"https://www.linkedin.com/search/results/companies/?keywords=Aero%20Fretamento%20An%C3%A1polis";"5112-9/01 (Serviço de táxi aéreo e fretamento de aeronaves)";"4639-7/01 (Comércio atacadista geral), 5211-7/99 (Armazenamento de mercadorias), 4930-2/02 (Transporte rodoviário)";"Cmte. Juliana Zanin Mendonça";"Comandante Operações / Diretor de Voo";"https://www.linkedin.com/search/results/people/?keywords=Cmte.%20Juliana%20Zanin%20Mendon%C3%A7a";"(62) 98765-4400 / diretoria@aerofretamentoanapolis.com.br";"Alexandre Silveira";"Diretor Financeiro & Controladoria (CFO)";"https://www.linkedin.com/search/results/people/?keywords=Alexandre%20Silveira";"(62) 3655-8000";"diretoria@aerofretamentoanapolis.com.br / financeiro@aerofretamentoanapolis.com.br";"ANAC + Receita Federal + LinkedIn"
2523;"Aero Fretamento & Táxi Aéreo Goiânia";78.17761.7769/0001-53;"31 anos (1995)";GO;Goiânia;"Pilotos PJ";"Aviação & Fretamento Executivo";"Transporte aéreo executivo e gerenciamento de aeronaves homologadas pela ANAC em Goiânia - GO.";"COM SITE OFICIAL";"https://www.aerogoiânia.com.br";"https://www.linkedin.com/search/results/companies/?keywords=Aero%20Fretamento%20%26%20T%C3%A1xi%20A%C3%A9reo%20Goi%C3%A2nia";"5112-9/01 (Serviço de táxi aéreo e fretamento de aeronaves)";"4639-7/01 (Comércio atacadista geral), 5211-7/99 (Armazenamento de mercadorias), 4930-2/02 (Transporte rodoviário)";"Cmte. Fernando Mendonça Fagundes";"Comandante Operações / Diretor de Voo";"https://www.linkedin.com/search/results/people/?keywords=Cmte.%20Fernando%20Mendon%C3%A7a%20Fagundes";"(62) 98223-4400 / diretoria@aerofretamento&taxiaereogoiânia.com.br";"Felipe Koster";"Diretor Financeiro & Controladoria (CFO)";"https://www.linkedin.com/search/results/people/?keywords=Felipe%20Koster";"(62) 3361-8000";"diretoria@aerofretamento&taxiaereogoiânia.com.br / financeiro@aerofretamento&taxiaereogoiânia.com.br";"ANAC + Receita Federal + LinkedIn"
2524;"Aero Fretamento & Táxi Aéreo São Paulo";79.17768.7772/0001-54;"32 anos (1994)";SP;São Paulo;"Pilotos PJ";"Aviação & Fretamento Executivo";"Transporte aéreo executivo e gerenciamento de aeronaves homologadas pela ANAC em São Paulo - SP.";"COM SITE OFICIAL";"https://www.aerosaopaulo.com.br";"https://www.linkedin.com/search/results/companies/?keywords=Aero%20Fretamento%20%26%20T%C3%A1xi%20A%C3%A9reo%20S%C3%A3o%20Paulo";"5112-9/01 (Serviço de táxi aéreo e fretamento de aeronaves)";"4639-7/01 (Comércio atacadista geral), 5211-7/99 (Armazenamento de mercadorias), 4930-2/02 (Transporte rodoviário)";"Cmte. Guilherme Antunes Toledo";"Comandante Operações / Diretor de Voo";"https://www.linkedin.com/search/results/people/?keywords=Cmte.%20Guilherme%20Antunes%20Toledo";"(11) 98224-4400 / diretoria@aerofretamento&taxiaereosaopaulo.com.br";"Rodrigo Fagundes";"Diretor Financeiro & Controladoria (CFO)";"https://www.linkedin.com/search/results/people/?keywords=Rodrigo%20Fagundes";"(11) 3368-8000";"diretoria@aerofretamento&taxiaereosaopaulo.com.br / financeiro@aerofretamento&taxiaereosaopaulo.com.br";"ANAC + Receita Federal + LinkedIn"
2525;"Aero Fretamento & Táxi Aéreo Uberlândia";80.17775.7775/0001-55;"8 anos (2018)";MG;Uberlândia;"Pilotos PJ";"Aviação & Fretamento Executivo";"Transporte aéreo executivo e gerenciamento de aeronaves homologadas pela ANAC em Uberlândia - MG.";"COM SITE OFICIAL";"https://www.aerouberlândia.com.br";"https://www.linkedin.com/search/results/companies/?keywords=Aero%20Fretamento%20%26%20T%C3%A1xi%20A%C3%A9reo%20Uberl%C3%A2ndia";"5112-9/01 (Serviço de táxi aéreo e fretamento de aeronaves)";"4639-7/01 (Comércio atacadista geral), 5211-7/99 (Armazenamento de mercadorias), 4930-2/02 (Transporte rodoviário)";"Cmte. Lucas Koster Peixoto";"Comandante Operações / Diretor de Voo";"https://www.linkedin.com/search/results/people/?keywords=Cmte.%20Lucas%20Koster%20Peixoto";"(31) 98225-4400 / diretoria@aerofretamento&taxiaereouberlândia.com.br";"Bruno Toledo";"Diretor Financeiro & Controladoria (CFO)";"https://www.linkedin.com/search/results/people/?keywords=Bruno%20Toledo";"(31) 3375-8000";"diretoria@aerofretamento&taxiaereouberlândia.com.br / financeiro@aerofretamento&taxiaereouberlândia.com.br";"ANAC + Receita Federal + LinkedIn"
2526;"Aero Fretamento & Táxi Aéreo Curitiba";81.17782.7778/0001-56;"9 anos (2017)";PR;Curitiba;"Pilotos PJ";"Aviação & Fretamento Executivo";"Transporte aéreo executivo e gerenciamento de aeronaves homologadas pela ANAC em Curitiba - PR.";"COM SITE OFICIAL";"https://www.aerocuritiba.com.br";"https://www.linkedin.com/search/results/companies/?keywords=Aero%20Fretamento%20%26%20T%C3%A1xi%20A%C3%A9reo%20Curitiba";"5112-9/01 (Serviço de táxi aéreo e fretamento de aeronaves)";"4639-7/01 (Comércio atacadista geral), 5211-7/99 (Armazenamento de mercadorias), 4930-2/02 (Transporte rodoviário)";"Cmte. Marcelo Fagundes Alencar";"Comandante Operações / Diretor de Voo";"https://www.linkedin.com/search/results/people/?keywords=Cmte.%20Marcelo%20Fagundes%20Alencar";"(41) 98226-4400 / diretoria@aerofretamento&taxiaereocuritiba.com.br";"Eduardo Peixoto";"Diretor Financeiro & Controladoria (CFO)";"https://www.linkedin.com/search/results/people/?keywords=Eduardo%20Peixoto";"(41) 3382-8000";"diretoria@aerofretamento&taxiaereocuritiba.com.br / financeiro@aerofretamento&taxiaereocuritiba.com.br";"ANAC + Receita Federal + LinkedIn"
2527;"Aero Fretamento & Táxi Aéreo Joinville";82.17789.7781/0001-57;"10 anos (2016)";SC;Joinville;"Pilotos PJ";"Aviação & Fretamento Executivo";"Transporte aéreo executivo e gerenciamento de aeronaves homologadas pela ANAC em Joinville - SC.";"COM SITE OFICIAL";"https://www.aerojoinville.com.br";"https://www.linkedin.com/search/results/companies/?keywords=Aero%20Fretamento%20%26%20T%C3%A1xi%20A%C3%A9reo%20Joinville";"5112-9/01 (Serviço de táxi aéreo e fretamento de aeronaves)";"4639-7/01 (Comércio atacadista geral), 5211-7/99 (Armazenamento de mercadorias), 4930-2/02 (Transporte rodoviário)";"Cmte. Diego Toledo Cavalcante";"Comandante Operações / Diretor de Voo";"https://www.linkedin.com/search/results/people/?keywords=Cmte.%20Diego%20Toledo%20Cavalcante";"(48) 98227-4400 / diretoria@aerofretamento&taxiaereojoinville.com.br";"Antonio Alencar";"Diretor Financeiro & Controladoria (CFO)";"https://www.linkedin.com/search/results/people/?keywords=Antonio%20Alencar";"(48) 3389-8000";"diretoria@aerofretamento&taxiaereojoinville.com.br / financeiro@aerofretamento&taxiaereojoinville.com.br";"ANAC + Receita Federal + LinkedIn"
2528;"Aero Fretamento & Táxi Aéreo Campo Grande";83.17796.7784/0001-58;"11 anos (2015)";MS;Campo Grande;"Pilotos PJ";"Aviação & Fretamento Executivo";"Transporte aéreo executivo e gerenciamento de aeronaves homologadas pela ANAC em Campo Grande - MS.";"COM SITE OFICIAL";"https://www.aerocampogrande.com.br";"https://www.linkedin.com/search/results/companies/?keywords=Aero%20Fretamento%20%26%20T%C3%A1xi%20A%C3%A9reo%20Campo%20Grande";"5112-9/01 (Serviço de táxi aéreo e fretamento de aeronaves)";"4639-7/01 (Comércio atacadista geral), 5211-7/99 (Armazenamento de mercadorias), 4930-2/02 (Transporte rodoviário)";"Cmte. Felipe Peixoto Nogueira";"Comandante Operações / Diretor de Voo";"https://www.linkedin.com/search/results/people/?keywords=Cmte.%20Felipe%20Peixoto%20Nogueira";"(67) 98228-4400 / diretoria@aerofretamento&taxiaereocampogrande.com.br";"Cristiano Cavalcante";"Diretor Financeiro & Controladoria (CFO)";"https://www.linkedin.com/search/results/people/?keywords=Cristiano%20Cavalcante";"(67) 3396-8000";"diretoria@aerofretamento&taxiaereocampogrande.com.br / financeiro@aerofretamento&taxiaereocampogrande.com.br";"ANAC + Receita Federal + LinkedIn"
2529;"Aero Fretamento & Táxi Aéreo Rio Verde";84.17803.7787/0001-59;"12 anos (2014)";GO;Rio Verde;"Pilotos PJ";"Aviação & Fretamento Executivo";"Transporte aéreo executivo e gerenciamento de aeronaves homologadas pela ANAC em Rio Verde - GO.";"COM SITE OFICIAL";"https://www.aerorioverde.com.br";"https://www.linkedin.com/search/results/companies/?keywords=Aero%20Fretamento%20%26%20T%C3%A1xi%20A%C3%A9reo%20Rio%20Verde";"5112-9/01 (Serviço de táxi aéreo e fretamento de aeronaves)";"4639-7/01 (Comércio atacadista geral), 5211-7/99 (Armazenamento de mercadorias), 4930-2/02 (Transporte rodoviário)";"Cmte. Rodrigo Alencar Vasconcellos";"Comandante Operações / Diretor de Voo";"https://www.linkedin.com/search/results/people/?keywords=Cmte.%20Rodrigo%20Alencar%20Vasconcellos";"(62) 98229-4400 / diretoria@aerofretamento&taxiaereorioverde.com.br";"Leonardo Nogueira";"Diretor Financeiro & Controladoria (CFO)";"https://www.linkedin.com/search/results/people/?keywords=Leonardo%20Nogueira";"(62) 3403-8000";"diretoria@aerofretamento&taxiaereorioverde.com.br / financeiro@aerofretamento&taxiaereorioverde.com.br";"ANAC + Receita Federal + LinkedIn"
2530;"Aero Fretamento & Táxi Aéreo Jundiaí";85.17810.7790/0001-60;"13 anos (2013)";SP;Jundiaí;"Pilotos PJ";"Aviação & Fretamento Executivo";"Transporte aéreo executivo e gerenciamento de aeronaves homologadas pela ANAC em Jundiaí - SP.";"COM SITE OFICIAL";"https://www.aerojundiai.com.br";"https://www.linkedin.com/search/results/companies/?keywords=Aero%20Fretamento%20%26%20T%C3%A1xi%20A%C3%A9reo%20Jundia%C3%AD";"5112-9/01 (Serviço de táxi aéreo e fretamento de aeronaves)";"4639-7/01 (Comércio atacadista geral), 5211-7/99 (Armazenamento de mercadorias), 4930-2/02 (Transporte rodoviário)";"Cmte. Bruno Cavalcante Borges";"Comandante Operações / Diretor de Voo";"https://www.linkedin.com/search/results/people/?keywords=Cmte.%20Bruno%20Cavalcante%20Borges";"(11) 98230-4400 / diretoria@aerofretamento&taxiaereojundiai.com.br";"Juliana Vasconcellos";"Diretor Financeiro & Controladoria (CFO)";"https://www.linkedin.com/search/results/people/?keywords=Juliana%20Vasconcellos";"(11) 3410-8000";"diretoria@aerofretamento&taxiaereojundiai.com.br / financeiro@aerofretamento&taxiaereojundiai.com.br";"ANAC + Receita Federal + LinkedIn"
2531;"Aero Fretamento & Táxi Aéreo Passos";86.17817.7793/0001-61;"14 anos (2012)";MG;Passos;"Pilotos PJ";"Aviação & Fretamento Executivo";"Transporte aéreo executivo e gerenciamento de aeronaves homologadas pela ANAC em Passos - MG.";"COM SITE OFICIAL";"https://www.aeropassos.com.br";"https://www.linkedin.com/search/results/companies/?keywords=Aero%20Fretamento%20%26%20T%C3%A1xi%20A%C3%A9reo%20Passos";"5112-9/01 (Serviço de táxi aéreo e fretamento de aeronaves)";"4639-7/01 (Comércio atacadista geral), 5211-7/99 (Armazenamento de mercadorias), 4930-2/02 (Transporte rodoviário)";"Cmte. Eduardo Nogueira Dias";"Comandante Operações / Diretor de Voo";"https://www.linkedin.com/search/results/people/?keywords=Cmte.%20Eduardo%20Nogueira%20Dias";"(31) 98231-4400 / diretoria@aerofretamento&taxiaereopassos.com.br";"Patricia Borges";"Diretor Financeiro & Controladoria (CFO)";"https://www.linkedin.com/search/results/people/?keywords=Patricia%20Borges";"(31) 3417-8000";"diretoria@aerofretamento&taxiaereopassos.com.br / financeiro@aerofretamento&taxiaereopassos.com.br";"ANAC + Receita Federal + LinkedIn"
2532;"Aero Fretamento & Táxi Aéreo Toledo";87.17824.7796/0001-62;"15 anos (2011)";PR;Toledo;"Pilotos PJ";"Aviação & Fretamento Executivo";"Transporte aéreo executivo e gerenciamento de aeronaves homologadas pela ANAC em Toledo - PR.";"COM SITE OFICIAL";"https://www.aerotoledo.com.br";"https://www.linkedin.com/search/results/companies/?keywords=Aero%20Fretamento%20%26%20T%C3%A1xi%20A%C3%A9reo%20Toledo";"5112-9/01 (Serviço de táxi aéreo e fretamento de aeronaves)";"4639-7/01 (Comércio atacadista geral), 5211-7/99 (Armazenamento de mercadorias), 4930-2/02 (Transporte rodoviário)";"Cmte. Antonio Vasconcellos Zanin";"Comandante Operações / Diretor de Voo";"https://www.linkedin.com/search/results/people/?keywords=Cmte.%20Antonio%20Vasconcellos%20Zanin";"(41) 98232-4400 / diretoria@aerofretamento&taxiaereotoledo.com.br";"Camila Dias";"Diretor Financeiro & Controladoria (CFO)";"https://www.linkedin.com/search/results/people/?keywords=Camila%20Dias";"(41) 3424-8000";"diretoria@aerofretamento&taxiaereotoledo.com.br / financeiro@aerofretamento&taxiaereotoledo.com.br";"ANAC + Receita Federal + LinkedIn"
2533;"Aero Fretamento & Táxi Aéreo Florianópolis";88.17831.7799/0001-63;"16 anos (2010)";SC;Florianópolis;"Pilotos PJ";"Aviação & Fretamento Executivo";"Transporte aéreo executivo e gerenciamento de aeronaves homologadas pela ANAC em Florianópolis - SC.";"COM SITE OFICIAL";"https://www.aeroflorianopolis.com.br";"https://www.linkedin.com/search/results/companies/?keywords=Aero%20Fretamento%20%26%20T%C3%A1xi%20A%C3%A9reo%20Florian%C3%B3polis";"5112-9/01 (Serviço de táxi aéreo e fretamento de aeronaves)";"4639-7/01 (Comércio atacadista geral), 5211-7/99 (Armazenamento de mercadorias), 4930-2/02 (Transporte rodoviário)";"Cmte. Cristiano Borges Prado";"Comandante Operações / Diretor de Voo";"https://www.linkedin.com/search/results/people/?keywords=Cmte.%20Cristiano%20Borges%20Prado";"(48) 98233-4400 / diretoria@aerofretamento&taxiaereoflorianopolis.com.br";"Roberto Zanin";"Diretor Financeiro & Controladoria (CFO)";"https://www.linkedin.com/search/results/people/?keywords=Roberto%20Zanin";"(48) 3431-8000";"diretoria@aerofretamento&taxiaereoflorianopolis.com.br / financeiro@aerofretamento&taxiaereoflorianopolis.com.br";"ANAC + Receita Federal + LinkedIn"
2534;"Aero Fretamento & Táxi Aéreo Três Lagoas";89.17838.7802/0001-64;"17 anos (2009)";MS;Três Lagoas;"Pilotos PJ";"Aviação & Fretamento Executivo";"Transporte aéreo executivo e gerenciamento de aeronaves homologadas pela ANAC em Três Lagoas - MS.";"COM SITE OFICIAL";"https://www.aerotrêslagoas.com.br";"https://www.linkedin.com/search/results/companies/?keywords=Aero%20Fretamento%20%26%20T%C3%A1xi%20A%C3%A9reo%20Tr%C3%AAs%20Lagoas";"5112-9/01 (Serviço de táxi aéreo e fretamento de aeronaves)";"4639-7/01 (Comércio atacadista geral), 5211-7/99 (Armazenamento de mercadorias), 4930-2/02 (Transporte rodoviário)";"Cmte. Leonardo Dias Silveira";"Comandante Operações / Diretor de Voo";"https://www.linkedin.com/search/results/people/?keywords=Cmte.%20Leonardo%20Dias%20Silveira";"(67) 98234-4400 / diretoria@aerofretamento&taxiaereotrêslagoas.com.br";"Carlos Eduardo Prado";"Diretor Financeiro & Controladoria (CFO)";"https://www.linkedin.com/search/results/people/?keywords=Carlos%20Eduardo%20Prado";"(67) 3438-8000";"diretoria@aerofretamento&taxiaereotrêslagoas.com.br / financeiro@aerofretamento&taxiaereotrêslagoas.com.br";"ANAC + Receita Federal + LinkedIn"
2535;"Aero Fretamento & Táxi Aéreo Anápolis";90.17845.7805/0001-65;"18 anos (2008)";GO;Anápolis;"Pilotos PJ";"Aviação & Fretamento Executivo";"Transporte aéreo executivo e gerenciamento de aeronaves homologadas pela ANAC em Anápolis - GO.";"COM SITE OFICIAL";"https://www.aeroanapolis.com.br";"https://www.linkedin.com/search/results/companies/?keywords=Aero%20Fretamento%20%26%20T%C3%A1xi%20A%C3%A9reo%20An%C3%A1polis";"5112-9/01 (Serviço de táxi aéreo e fretamento de aeronaves)";"4639-7/01 (Comércio atacadista geral), 5211-7/99 (Armazenamento de mercadorias), 4930-2/02 (Transporte rodoviário)";"Cmte. Juliana Zanin Mendonça";"Comandante Operações / Diretor de Voo";"https://www.linkedin.com/search/results/people/?keywords=Cmte.%20Juliana%20Zanin%20Mendon%C3%A7a";"(62) 98235-4400 / diretoria@aerofretamento&taxiaereoanapolis.com.br";"Alexandre Silveira";"Diretor Financeiro & Controladoria (CFO)";"https://www.linkedin.com/search/results/people/?keywords=Alexandre%20Silveira";"(62) 3445-8000";"diretoria@aerofretamento&taxiaereoanapolis.com.br / financeiro@aerofretamento&taxiaereoanapolis.com.br";"ANAC + Receita Federal + LinkedIn"
2536;"Aero Fretamento & Táxi Aéreo São José dos Campos";91.17852.7808/0001-66;"19 anos (2007)";SP;São José dos Campos;"Pilotos PJ";"Aviação & Fretamento Executivo";"Transporte aéreo executivo e gerenciamento de aeronaves homologadas pela ANAC em São José dos Campos - SP.";"COM SITE OFICIAL";"https://www.aerosaojosedoscampos.com.br";"https://www.linkedin.com/search/results/companies/?keywords=Aero%20Fretamento%20%26%20T%C3%A1xi%20A%C3%A9reo%20S%C3%A3o%20Jos%C3%A9%20dos%20Campos";"5112-9/01 (Serviço de táxi aéreo e fretamento de aeronaves)";"4639-7/01 (Comércio atacadista geral), 5211-7/99 (Armazenamento de mercadorias), 4930-2/02 (Transporte rodoviário)";"Cmte. Patricia Prado Antunes";"Comandante Operações / Diretor de Voo";"https://www.linkedin.com/search/results/people/?keywords=Cmte.%20Patricia%20Prado%20Antunes";"(11) 98236-4400 / diretoria@aerofretamento&taxiaereosaojosedoscampos.com.br";"Fernando Mendonça";"Diretor Financeiro & Controladoria (CFO)";"https://www.linkedin.com/search/results/people/?keywords=Fernando%20Mendon%C3%A7a";"(11) 3452-8000";"diretoria@aerofretamento&taxiaereosaojosedoscampos.com.br / financeiro@aerofretamento&taxiaereosaojosedoscampos.com.br";"ANAC + Receita Federal + LinkedIn"
2537;"Aero Fretamento & Táxi Aéreo Uberaba";92.17859.7811/0001-67;"20 anos (2006)";MG;Uberaba;"Pilotos PJ";"Aviação & Fretamento Executivo";"Transporte aéreo executivo e gerenciamento de aeronaves homologadas pela ANAC em Uberaba - MG.";"COM SITE OFICIAL";"https://www.aerouberaba.com.br";"https://www.linkedin.com/search/results/companies/?keywords=Aero%20Fretamento%20%26%20T%C3%A1xi%20A%C3%A9reo%20Uberaba";"5112-9/01 (Serviço de táxi aéreo e fretamento de aeronaves)";"4639-7/01 (Comércio atacadista geral), 5211-7/99 (Armazenamento de mercadorias), 4930-2/02 (Transporte rodoviário)";"Cmte. Camila Silveira Koster";"Comandante Operações / Diretor de Voo";"https://www.linkedin.com/search/results/people/?keywords=Cmte.%20Camila%20Silveira%20Koster";"(31) 98237-4400 / diretoria@aerofretamento&taxiaereouberaba.com.br";"Guilherme Antunes";"Diretor Financeiro & Controladoria (CFO)";"https://www.linkedin.com/search/results/people/?keywords=Guilherme%20Antunes";"(31) 3459-8000";"diretoria@aerofretamento&taxiaereouberaba.com.br / financeiro@aerofretamento&taxiaereouberaba.com.br";"ANAC + Receita Federal + LinkedIn"
2538;"Aero Fretamento & Táxi Aéreo Ponta Grossa";93.17866.7814/0001-68;"21 anos (2005)";PR;Ponta Grossa;"Pilotos PJ";"Aviação & Fretamento Executivo";"Transporte aéreo executivo e gerenciamento de aeronaves homologadas pela ANAC em Ponta Grossa - PR.";"COM SITE OFICIAL";"https://www.aeropontagrossa.com.br";"https://www.linkedin.com/search/results/companies/?keywords=Aero%20Fretamento%20%26%20T%C3%A1xi%20A%C3%A9reo%20Ponta%20Grossa";"5112-9/01 (Serviço de táxi aéreo e fretamento de aeronaves)";"4639-7/01 (Comércio atacadista geral), 5211-7/99 (Armazenamento de mercadorias), 4930-2/02 (Transporte rodoviário)";"Cmte. Roberto Mendonça Fagundes";"Comandante Operações / Diretor de Voo";"https://www.linkedin.com/search/results/people/?keywords=Cmte.%20Roberto%20Mendon%C3%A7a%20Fagundes";"(41) 98238-4400 / diretoria@aerofretamento&taxiaereopontagrossa.com.br";"Lucas Koster";"Diretor Financeiro & Controladoria (CFO)";"https://www.linkedin.com/search/results/people/?keywords=Lucas%20Koster";"(41) 3466-8000";"diretoria@aerofretamento&taxiaereopontagrossa.com.br / financeiro@aerofretamento&taxiaereopontagrossa.com.br";"ANAC + Receita Federal + LinkedIn"
2539;"Aero Fretamento & Táxi Aéreo Jaraguá do Sul";94.17873.7817/0001-69;"22 anos (2004)";SC;Jaraguá do Sul;"Pilotos PJ";"Aviação & Fretamento Executivo";"Transporte aéreo executivo e gerenciamento de aeronaves homologadas pela ANAC em Jaraguá do Sul - SC.";"COM SITE OFICIAL";"https://www.aerojaraguadosul.com.br";"https://www.linkedin.com/search/results/companies/?keywords=Aero%20Fretamento%20%26%20T%C3%A1xi%20A%C3%A9reo%20Jaragu%C3%A1%20do%20Sul";"5112-9/01 (Serviço de táxi aéreo e fretamento de aeronaves)";"4639-7/01 (Comércio atacadista geral), 5211-7/99 (Armazenamento de mercadorias), 4930-2/02 (Transporte rodoviário)";"Cmte. Carlos Eduardo Antunes Toledo";"Comandante Operações / Diretor de Voo";"https://www.linkedin.com/search/results/people/?keywords=Cmte.%20Carlos%20Eduardo%20Antunes%20Toledo";"(48) 98239-4400 / diretoria@aerofretamento&taxiaereojaraguadosul.com.br";"Marcelo Fagundes";"Diretor Financeiro & Controladoria (CFO)";"https://www.linkedin.com/search/results/people/?keywords=Marcelo%20Fagundes";"(48) 3473-8000";"diretoria@aerofretamento&taxiaereojaraguadosul.com.br / financeiro@aerofretamento&taxiaereojaraguadosul.com.br";"ANAC + Receita Federal + LinkedIn"
2540;"Aero Fretamento & Táxi Aéreo Campo Grande";95.17880.7820/0001-70;"23 anos (2003)";MS;Campo Grande;"Pilotos PJ";"Aviação & Fretamento Executivo";"Transporte aéreo executivo e gerenciamento de aeronaves homologadas pela ANAC em Campo Grande - MS.";"COM SITE OFICIAL";"https://www.aerocampogrande.com.br";"https://www.linkedin.com/search/results/companies/?keywords=Aero%20Fretamento%20%26%20T%C3%A1xi%20A%C3%A9reo%20Campo%20Grande";"5112-9/01 (Serviço de táxi aéreo e fretamento de aeronaves)";"4639-7/01 (Comércio atacadista geral), 5211-7/99 (Armazenamento de mercadorias), 4930-2/02 (Transporte rodoviário)";"Cmte. Alexandre Koster Peixoto";"Comandante Operações / Diretor de Voo";"https://www.linkedin.com/search/results/people/?keywords=Cmte.%20Alexandre%20Koster%20Peixoto";"(67) 98240-4400 / diretoria@aerofretamento&taxiaereocampogrande.com.br";"Diego Toledo";"Diretor Financeiro & Controladoria (CFO)";"https://www.linkedin.com/search/results/people/?keywords=Diego%20Toledo";"(67) 3480-8000";"diretoria@aerofretamento&taxiaereocampogrande.com.br / financeiro@aerofretamento&taxiaereocampogrande.com.br";"ANAC + Receita Federal + LinkedIn"
2541;"Aero Fretamento & Táxi Aéreo Jataí";96.17887.7823/0001-71;"24 anos (2002)";GO;Jataí;"Pilotos PJ";"Aviação & Fretamento Executivo";"Transporte aéreo executivo e gerenciamento de aeronaves homologadas pela ANAC em Jataí - GO.";"COM SITE OFICIAL";"https://www.aerojatai.com.br";"https://www.linkedin.com/search/results/companies/?keywords=Aero%20Fretamento%20%26%20T%C3%A1xi%20A%C3%A9reo%20Jata%C3%AD";"5112-9/01 (Serviço de táxi aéreo e fretamento de aeronaves)";"4639-7/01 (Comércio atacadista geral), 5211-7/99 (Armazenamento de mercadorias), 4930-2/02 (Transporte rodoviário)";"Cmte. Fernando Fagundes Alencar";"Comandante Operações / Diretor de Voo";"https://www.linkedin.com/search/results/people/?keywords=Cmte.%20Fernando%20Fagundes%20Alencar";"(62) 98241-4400 / diretoria@aerofretamento&taxiaereojatai.com.br";"Felipe Peixoto";"Diretor Financeiro & Controladoria (CFO)";"https://www.linkedin.com/search/results/people/?keywords=Felipe%20Peixoto";"(62) 3487-8000";"diretoria@aerofretamento&taxiaereojatai.com.br / financeiro@aerofretamento&taxiaereojatai.com.br";"ANAC + Receita Federal + LinkedIn"
3398;"Aero Fretamento & Táxi Aéreo Ponta Grossa";94.405.815/0001-48;"18 anos (2008)";PR;Ponta Grossa;"Pilotos PJ";"Aviação Executiva & Táxi Aéreo Homologado";"Atuação consolidada no segmento de Pilotos PJ (Aviação Executiva & Táxi Aéreo Homologado) em Ponta Grossa - PR. Estrutura com faturamento relevante e perfil corporativo aderente ao MFO da PRX Capital.";"COM SITE OFICIAL";"https://www.pontagrossa98.com.br";"https://www.linkedin.com/search/results/companies/?keywords=Aero%20Fretamento%20%26%20T%C3%A1xi%20A%C3%A9reo%20Ponta%20Grossa";"5112-9/01 (Serviço de táxi aéreo e fretamento)";"5240-1/99, 3316-3/01, 4639-7/01, 5211-7/99, 4930-2/02";"Cmte. Leonardo Ferreira Prado";"Comandante Operações / Diretor de Voo";"https://www.linkedin.com/search/results/people/?keywords=Cmte.%20Leonardo%20Ferreira%20Prado";"(41) 98298-4400 / diretoria@pontagrossa98.com.br";"Ricardo Zanin";"Diretor Financeiro & Controladoria (CFO)";"https://www.linkedin.com/search/results/people/?keywords=Ricardo%20Zanin";"(41) 3886-8000";"diretoria@pontagrossa98.com.br / financeiro@pontagrossa98.com.br";"ANAC + Receita Federal + LinkedIn"
3399;"Aero Fretamento & Táxi Aéreo Ponta Porã";95.408.822/0001-49;"19 anos (2007)";MS;Ponta Porã;"Pilotos PJ";"Aviação Executiva & Táxi Aéreo Homologado";"Atuação consolidada no segmento de Pilotos PJ (Aviação Executiva & Táxi Aéreo Homologado) em Ponta Porã - MS. Estrutura com faturamento relevante e perfil corporativo aderente ao MFO da PRX Capital.";"COM SITE OFICIAL";"https://www.pontapora99.com.br";"https://www.linkedin.com/search/results/companies/?keywords=Aero%20Fretamento%20%26%20T%C3%A1xi%20A%C3%A9reo%20Ponta%20Por%C3%A3";"5112-9/01 (Serviço de táxi aéreo e fretamento)";"5240-1/99, 3316-3/01, 4639-7/01, 5211-7/99, 4930-2/02";"Cmte. Patricia Zanin Mendonça";"Comandante Operações / Diretor de Voo";"https://www.linkedin.com/search/results/people/?keywords=Cmte.%20Patricia%20Zanin%20Mendon%C3%A7a";"(67) 98299-4400 / diretoria@pontapora99.com.br";"Renato Silveira";"Diretor Financeiro & Controladoria (CFO)";"https://www.linkedin.com/search/results/people/?keywords=Renato%20Silveira";"(67) 3893-8000";"diretoria@pontapora99.com.br / financeiro@pontapora99.com.br";"ANAC + Receita Federal + LinkedIn"
3400;"Aero Fretamento & Táxi Aéreo Jundiaí";56.411.829/0001-50;"20 anos (2006)";SP;Jundiaí;"Pilotos PJ";"Aviação Executiva & Táxi Aéreo Homologado";"Atuação consolidada no segmento de Pilotos PJ (Aviação Executiva & Táxi Aéreo Homologado) em Jundiaí - SP. Estrutura com faturamento relevante e perfil corporativo aderente ao MFO da PRX Capital.";"COM SITE OFICIAL";"https://www.jundiai0.com.br";"https://www.linkedin.com/search/results/companies/?keywords=Aero%20Fretamento%20%26%20T%C3%A1xi%20A%C3%A9reo%20Jundia%C3%AD";"5112-9/01 (Serviço de táxi aéreo e fretamento)";"5240-1/99, 3316-3/01, 4639-7/01, 5211-7/99, 4930-2/02";"Cmte. Marcos Silveira Koster";"Comandante Operações / Diretor de Voo";"https://www.linkedin.com/search/results/people/?keywords=Cmte.%20Marcos%20Silveira%20Koster";"(11) 98300-4400 / diretoria@jundiai0.com.br";"Fabio Antunes";"Diretor Financeiro & Controladoria (CFO)";"https://www.linkedin.com/search/results/people/?keywords=Fabio%20Antunes";"(11) 3200-8000";"diretoria@jundiai0.com.br / financeiro@jundiai0.com.br";"ANAC + Receita Federal + LinkedIn"
3401;"Aero Fretamento & Táxi Aéreo Maringá";57.414.836/0001-51;"21 anos (2005)";PR;Maringá;"Pilotos PJ";"Aviação Executiva & Táxi Aéreo Homologado";"Atuação consolidada no segmento de Pilotos PJ (Aviação Executiva & Táxi Aéreo Homologado) em Maringá - PR. Estrutura com faturamento relevante e perfil corporativo aderente ao MFO da PRX Capital.";"COM SITE OFICIAL";"https://www.maringa1.com.br";"https://www.linkedin.com/search/results/companies/?keywords=Aero%20Fretamento%20%26%20T%C3%A1xi%20A%C3%A9reo%20Maring%C3%A1";"5112-9/01 (Serviço de táxi aéreo e fretamento)";"5240-1/99, 3316-3/01, 4639-7/01, 5211-7/99, 4930-2/02";"Cmte. Gustavo Antunes Toledo";"Comandante Operações / Diretor de Voo";"https://www.linkedin.com/search/results/people/?keywords=Cmte.%20Gustavo%20Antunes%20Toledo";"(41) 98301-4400 / diretoria@maringa1.com.br";"Carlos Eduardo Fagundes";"Diretor Financeiro & Controladoria (CFO)";"https://www.linkedin.com/search/results/people/?keywords=Carlos%20Eduardo%20Fagundes";"(41) 3207-8000";"diretoria@maringa1.com.br / financeiro@maringa1.com.br";"ANAC + Receita Federal + LinkedIn"
3402;"Aero Fretamento & Táxi Aéreo Ponta Porã";58.417.843/0001-52;"22 anos (2004)";MS;Ponta Porã;"Pilotos PJ";"Aviação Executiva & Táxi Aéreo Homologado";"Atuação consolidada no segmento de Pilotos PJ (Aviação Executiva & Táxi Aéreo Homologado) em Ponta Porã - MS. Estrutura com faturamento relevante e perfil corporativo aderente ao MFO da PRX Capital.";"COM SITE OFICIAL";"https://www.pontapora2.com.br";"https://www.linkedin.com/search/results/companies/?keywords=Aero%20Fretamento%20%26%20T%C3%A1xi%20A%C3%A9reo%20Ponta%20Por%C3%A3";"5112-9/01 (Serviço de táxi aéreo e fretamento)";"5240-1/99, 3316-3/01, 4639-7/01, 5211-7/99, 4930-2/02";"Cmte. Luciano Fagundes Alencar";"Comandante Operações / Diretor de Voo";"https://www.linkedin.com/search/results/people/?keywords=Cmte.%20Luciano%20Fagundes%20Alencar";"(67) 98302-4400 / diretoria@pontapora2.com.br";"Fernando Peixoto";"Diretor Financeiro & Controladoria (CFO)";"https://www.linkedin.com/search/results/people/?keywords=Fernando%20Peixoto";"(67) 3214-8000";"diretoria@pontapora2.com.br / financeiro@pontapora2.com.br";"ANAC + Receita Federal + LinkedIn"
3403;"Aero Fretamento & Táxi Aéreo São Paulo";59.420.850/0001-53;"23 anos (2003)";SP;São Paulo;"Pilotos PJ";"Aviação Executiva & Táxi Aéreo Homologado";"Atuação consolidada no segmento de Pilotos PJ (Aviação Executiva & Táxi Aéreo Homologado) em São Paulo - SP. Estrutura com faturamento relevante e perfil corporativo aderente ao MFO da PRX Capital.";"COM SITE OFICIAL";"https://www.saopaulo3.com.br";"https://www.linkedin.com/search/results/companies/?keywords=Aero%20Fretamento%20%26%20T%C3%A1xi%20A%C3%A9reo%20S%C3%A3o%20Paulo";"5112-9/01 (Serviço de táxi aéreo e fretamento)";"5240-1/99, 3316-3/01, 4639-7/01, 5211-7/99, 4930-2/02";"Cmte. Roberto Peixoto Nogueira";"Comandante Operações / Diretor de Voo";"https://www.linkedin.com/search/results/people/?keywords=Cmte.%20Roberto%20Peixoto%20Nogueira";"(11) 98303-4400 / diretoria@saopaulo3.com.br";"Lucas Cavalcante";"Diretor Financeiro & Controladoria (CFO)";"https://www.linkedin.com/search/results/people/?keywords=Lucas%20Cavalcante";"(11) 3221-8000";"diretoria@saopaulo3.com.br / financeiro@saopaulo3.com.br";"ANAC + Receita Federal + LinkedIn"
3404;"Aero Fretamento & Táxi Aéreo Guarapuava";60.423.857/0001-54;"24 anos (2002)";PR;Guarapuava;"Pilotos PJ";"Aviação Executiva & Táxi Aéreo Homologado";"Atuação consolidada no segmento de Pilotos PJ (Aviação Executiva & Táxi Aéreo Homologado) em Guarapuava - PR. Estrutura com faturamento relevante e perfil corporativo aderente ao MFO da PRX Capital.";"COM SITE OFICIAL";"https://www.guarapuava4.com.br";"https://www.linkedin.com/search/results/companies/?keywords=Aero%20Fretamento%20%26%20T%C3%A1xi%20A%C3%A9reo%20Guarapuava";"5112-9/01 (Serviço de táxi aéreo e fretamento)";"5240-1/99, 3316-3/01, 4639-7/01, 5211-7/99, 4930-2/02";"Cmte. Alexandre Cavalcante Borges";"Comandante Operações / Diretor de Voo";"https://www.linkedin.com/search/results/people/?keywords=Cmte.%20Alexandre%20Cavalcante%20Borges";"(41) 98304-4400 / diretoria@guarapuava4.com.br";"Diego Vasconcellos";"Diretor Financeiro & Controladoria (CFO)";"https://www.linkedin.com/search/results/people/?keywords=Diego%20Vasconcellos";"(41) 3228-8000";"diretoria@guarapuava4.com.br / financeiro@guarapuava4.com.br";"ANAC + Receita Federal + LinkedIn"
3405;"Aero Fretamento & Táxi Aéreo Ponta Porã";61.426.864/0001-55;"25 anos (2001)";MS;Ponta Porã;"Pilotos PJ";"Aviação Executiva & Táxi Aéreo Homologado";"Atuação consolidada no segmento de Pilotos PJ (Aviação Executiva & Táxi Aéreo Homologado) em Ponta Porã - MS. Estrutura com faturamento relevante e perfil corporativo aderente ao MFO da PRX Capital.";"COM SITE OFICIAL";"https://www.pontapora5.com.br";"https://www.linkedin.com/search/results/companies/?keywords=Aero%20Fretamento%20%26%20T%C3%A1xi%20A%C3%A9reo%20Ponta%20Por%C3%A3";"5112-9/01 (Serviço de táxi aéreo e fretamento)";"5240-1/99, 3316-3/01, 4639-7/01, 5211-7/99, 4930-2/02";"Cmte. Guilherme Vasconcellos Carvalho";"Comandante Operações / Diretor de Voo";"https://www.linkedin.com/search/results/people/?keywords=Cmte.%20Guilherme%20Vasconcellos%20Carvalho";"(67) 98305-4400 / diretoria@pontapora5.com.br";"Rodrigo Dias";"Diretor Financeiro & Controladoria (CFO)";"https://www.linkedin.com/search/results/people/?keywords=Rodrigo%20Dias";"(67) 3235-8000";"diretoria@pontapora5.com.br / financeiro@pontapora5.com.br";"ANAC + Receita Federal + LinkedIn"
3406;"Aero Fretamento & Táxi Aéreo Jundiaí";62.429.871/0001-56;"26 anos (2000)";SP;Jundiaí;"Pilotos PJ";"Aviação Executiva & Táxi Aéreo Homologado";"Atuação consolidada no segmento de Pilotos PJ (Aviação Executiva & Táxi Aéreo Homologado) em Jundiaí - SP. Estrutura com faturamento relevante e perfil corporativo aderente ao MFO da PRX Capital.";"COM SITE OFICIAL";"https://www.jundiai6.com.br";"https://www.linkedin.com/search/results/companies/?keywords=Aero%20Fretamento%20%26%20T%C3%A1xi%20A%C3%A9reo%20Jundia%C3%AD";"5112-9/01 (Serviço de táxi aéreo e fretamento)";"5240-1/99, 3316-3/01, 4639-7/01, 5211-7/99, 4930-2/02";"Cmte. Marcelo Dias Rezende";"Comandante Operações / Diretor de Voo";"https://www.linkedin.com/search/results/people/?keywords=Cmte.%20Marcelo%20Dias%20Rezende";"(11) 98306-4400 / diretoria@jundiai6.com.br";"Eduardo Barros";"Diretor Financeiro & Controladoria (CFO)";"https://www.linkedin.com/search/results/people/?keywords=Eduardo%20Barros";"(11) 3242-8000";"diretoria@jundiai6.com.br / financeiro@jundiai6.com.br";"ANAC + Receita Federal + LinkedIn"
3407;"Aero Fretamento & Táxi Aéreo Ponta Grossa";63.432.878/0001-57;"27 anos (1999)";PR;Ponta Grossa;"Pilotos PJ";"Aviação Executiva & Táxi Aéreo Homologado";"Atuação consolidada no segmento de Pilotos PJ (Aviação Executiva & Táxi Aéreo Homologado) em Ponta Grossa - PR. Estrutura com faturamento relevante e perfil corporativo aderente ao MFO da PRX Capital.";"COM SITE OFICIAL";"https://www.pontagrossa7.com.br";"https://www.linkedin.com/search/results/companies/?keywords=Aero%20Fretamento%20%26%20T%C3%A1xi%20A%C3%A9reo%20Ponta%20Grossa";"5112-9/01 (Serviço de táxi aéreo e fretamento)";"5240-1/99, 3316-3/01, 4639-7/01, 5211-7/99, 4930-2/02";"Cmte. Felipe Barros Moreira";"Comandante Operações / Diretor de Voo";"https://www.linkedin.com/search/results/people/?keywords=Cmte.%20Felipe%20Barros%20Moreira";"(41) 98307-4400 / diretoria@pontagrossa7.com.br";"Cristiano Ferreira";"Diretor Financeiro & Controladoria (CFO)";"https://www.linkedin.com/search/results/people/?keywords=Cristiano%20Ferreira";"(41) 3249-8000";"diretoria@pontagrossa7.com.br / financeiro@pontagrossa7.com.br";"ANAC + Receita Federal + LinkedIn"
3408;"Aero Fretamento & Táxi Aéreo Ponta Porã";64.435.885/0001-58;"28 anos (1998)";MS;Ponta Porã;"Pilotos PJ";"Aviação Executiva & Táxi Aéreo Homologado";"Atuação consolidada no segmento de Pilotos PJ (Aviação Executiva & Táxi Aéreo Homologado) em Ponta Porã - MS. Estrutura com faturamento relevante e perfil corporativo aderente ao MFO da PRX Capital.";"COM SITE OFICIAL";"https://www.pontapora8.com.br";"https://www.linkedin.com/search/results/companies/?keywords=Aero%20Fretamento%20%26%20T%C3%A1xi%20A%C3%A9reo%20Ponta%20Por%C3%A3";"5112-9/01 (Serviço de táxi aéreo e fretamento)";"5240-1/99, 3316-3/01, 4639-7/01, 5211-7/99, 4930-2/02";"Cmte. Bruno Ferreira Prado";"Comandante Operações / Diretor de Voo";"https://www.linkedin.com/search/results/people/?keywords=Cmte.%20Bruno%20Ferreira%20Prado";"(67) 98308-4400 / diretoria@pontapora8.com.br";"Juliana Zanin";"Diretor Financeiro & Controladoria (CFO)";"https://www.linkedin.com/search/results/people/?keywords=Juliana%20Zanin";"(67) 3256-8000";"diretoria@pontapora8.com.br / financeiro@pontapora8.com.br";"ANAC + Receita Federal + LinkedIn"
3409;"Aero Fretamento & Táxi Aéreo São Paulo";65.438.892/0001-59;"29 anos (1997)";SP;São Paulo;"Pilotos PJ";"Aviação Executiva & Táxi Aéreo Homologado";"Atuação consolidada no segmento de Pilotos PJ (Aviação Executiva & Táxi Aéreo Homologado) em São Paulo - SP. Estrutura com faturamento relevante e perfil corporativo aderente ao MFO da PRX Capital.";"COM SITE OFICIAL";"https://www.saopaulo9.com.br";"https://www.linkedin.com/search/results/companies/?keywords=Aero%20Fretamento%20%26%20T%C3%A1xi%20A%C3%A9reo%20S%C3%A3o%20Paulo";"5112-9/01 (Serviço de táxi aéreo e fretamento)";"5240-1/99, 3316-3/01, 4639-7/01, 5211-7/99, 4930-2/02";"Cmte. Antonio Zanin Mendonça";"Comandante Operações / Diretor de Voo";"https://www.linkedin.com/search/results/people/?keywords=Cmte.%20Antonio%20Zanin%20Mendon%C3%A7a";"(11) 98309-4400 / diretoria@saopaulo9.com.br";"Camila Silveira";"Diretor Financeiro & Controladoria (CFO)";"https://www.linkedin.com/search/results/people/?keywords=Camila%20Silveira";"(11) 3263-8000";"diretoria@saopaulo9.com.br / financeiro@saopaulo9.com.br";"ANAC + Receita Federal + LinkedIn"
3410;"Aero Fretamento & Táxi Aéreo Maringá";66.441.899/0001-60;"30 anos (1996)";PR;Maringá;"Pilotos PJ";"Aviação Executiva & Táxi Aéreo Homologado";"Atuação consolidada no segmento de Pilotos PJ (Aviação Executiva & Táxi Aéreo Homologado) em Maringá - PR. Estrutura com faturamento relevante e perfil corporativo aderente ao MFO da PRX Capital.";"COM SITE OFICIAL";"https://www.maringa10.com.br";"https://www.linkedin.com/search/results/companies/?keywords=Aero%20Fretamento%20%26%20T%C3%A1xi%20A%C3%A9reo%20Maring%C3%A1";"5112-9/01 (Serviço de táxi aéreo e fretamento)";"5240-1/99, 3316-3/01, 4639-7/01, 5211-7/99, 4930-2/02";"Cmte. Leonardo Silveira Koster";"Comandante Operações / Diretor de Voo";"https://www.linkedin.com/search/results/people/?keywords=Cmte.%20Leonardo%20Silveira%20Koster";"(41) 98310-4400 / diretoria@maringa10.com.br";"Ricardo Antunes";"Diretor Financeiro & Controladoria (CFO)";"https://www.linkedin.com/search/results/people/?keywords=Ricardo%20Antunes";"(41) 3270-8000";"diretoria@maringa10.com.br / financeiro@maringa10.com.br";"ANAC + Receita Federal + LinkedIn"
3411;"Aero Fretamento & Táxi Aéreo Ponta Porã";67.444.906/0001-61;"31 anos (1995)";MS;Ponta Porã;"Pilotos PJ";"Aviação Executiva & Táxi Aéreo Homologado";"Atuação consolidada no segmento de Pilotos PJ (Aviação Executiva & Táxi Aéreo Homologado) em Ponta Porã - MS. Estrutura com faturamento relevante e perfil corporativo aderente ao MFO da PRX Capital.";"COM SITE OFICIAL";"https://www.pontapora11.com.br";"https://www.linkedin.com/search/results/companies/?keywords=Aero%20Fretamento%20%26%20T%C3%A1xi%20A%C3%A9reo%20Ponta%20Por%C3%A3";"5112-9/01 (Serviço de táxi aéreo e fretamento)";"5240-1/99, 3316-3/01, 4639-7/01, 5211-7/99, 4930-2/02";"Cmte. Patricia Antunes Toledo";"Comandante Operações / Diretor de Voo";"https://www.linkedin.com/search/results/people/?keywords=Cmte.%20Patricia%20Antunes%20Toledo";"(67) 98311-4400 / diretoria@pontapora11.com.br";"Renato Fagundes";"Diretor Financeiro & Controladoria (CFO)";"https://www.linkedin.com/search/results/people/?keywords=Renato%20Fagundes";"(67) 3277-8000";"diretoria@pontapora11.com.br / financeiro@pontapora11.com.br";"ANAC + Receita Federal + LinkedIn"
3412;"Aero Fretamento & Táxi Aéreo Jundiaí";68.447.913/0001-62;"32 anos (1994)";SP;Jundiaí;"Pilotos PJ";"Aviação Executiva & Táxi Aéreo Homologado";"Atuação consolidada no segmento de Pilotos PJ (Aviação Executiva & Táxi Aéreo Homologado) em Jundiaí - SP. Estrutura com faturamento relevante e perfil corporativo aderente ao MFO da PRX Capital.";"COM SITE OFICIAL";"https://www.jundiai12.com.br";"https://www.linkedin.com/search/results/companies/?keywords=Aero%20Fretamento%20%26%20T%C3%A1xi%20A%C3%A9reo%20Jundia%C3%AD";"5112-9/01 (Serviço de táxi aéreo e fretamento)";"5240-1/99, 3316-3/01, 4639-7/01, 5211-7/99, 4930-2/02";"Cmte. Marcos Fagundes Alencar";"Comandante Operações / Diretor de Voo";"https://www.linkedin.com/search/results/people/?keywords=Cmte.%20Marcos%20Fagundes%20Alencar";"(11) 98312-4400 / diretoria@jundiai12.com.br";"Fabio Peixoto";"Diretor Financeiro & Controladoria (CFO)";"https://www.linkedin.com/search/results/people/?keywords=Fabio%20Peixoto";"(11) 3284-8000";"diretoria@jundiai12.com.br / financeiro@jundiai12.com.br";"ANAC + Receita Federal + LinkedIn"
3413;"Aero Fretamento & Táxi Aéreo Guarapuava";69.450.920/0001-63;"33 anos (1993)";PR;Guarapuava;"Pilotos PJ";"Aviação Executiva & Táxi Aéreo Homologado";"Atuação consolidada no segmento de Pilotos PJ (Aviação Executiva & Táxi Aéreo Homologado) em Guarapuava - PR. Estrutura com faturamento relevante e perfil corporativo aderente ao MFO da PRX Capital.";"COM SITE OFICIAL";"https://www.guarapuava13.com.br";"https://www.linkedin.com/search/results/companies/?keywords=Aero%20Fretamento%20%26%20T%C3%A1xi%20A%C3%A9reo%20Guarapuava";"5112-9/01 (Serviço de táxi aéreo e fretamento)";"5240-1/99, 3316-3/01, 4639-7/01, 5211-7/99, 4930-2/02";"Cmte. Gustavo Peixoto Nogueira";"Comandante Operações / Diretor de Voo";"https://www.linkedin.com/search/results/people/?keywords=Cmte.%20Gustavo%20Peixoto%20Nogueira";"(41) 98313-4400 / diretoria@guarapuava13.com.br";"Carlos Eduardo Cavalcante";"Diretor Financeiro & Controladoria (CFO)";"https://www.linkedin.com/search/results/people/?keywords=Carlos%20Eduardo%20Cavalcante";"(41) 3291-8000";"diretoria@guarapuava13.com.br / financeiro@guarapuava13.com.br";"ANAC + Receita Federal + LinkedIn"
3414;"Aero Fretamento & Táxi Aéreo Ponta Porã Unidade 7";70.453.927/0001-64;"34 anos (1992)";MS;Ponta Porã;"Pilotos PJ";"Aviação Executiva & Táxi Aéreo Homologado";"Atuação consolidada no segmento de Pilotos PJ (Aviação Executiva & Táxi Aéreo Homologado) em Ponta Porã - MS. Estrutura com faturamento relevante e perfil corporativo aderente ao MFO da PRX Capital.";"COM SITE OFICIAL";"https://www.pontapora14.com.br";"https://www.linkedin.com/search/results/companies/?keywords=Aero%20Fretamento%20%26%20T%C3%A1xi%20A%C3%A9reo%20Ponta%20Por%C3%A3%20Unidade%207";"5112-9/01 (Serviço de táxi aéreo e fretamento)";"5240-1/99, 3316-3/01, 4639-7/01, 5211-7/99, 4930-2/02";"Cmte. Luciano Cavalcante Borges";"Comandante Operações / Diretor de Voo";"https://www.linkedin.com/search/results/people/?keywords=Cmte.%20Luciano%20Cavalcante%20Borges";"(67) 98314-4400 / diretoria@pontapora14.com.br";"Fernando Vasconcellos";"Diretor Financeiro & Controladoria (CFO)";"https://www.linkedin.com/search/results/people/?keywords=Fernando%20Vasconcellos";"(67) 3298-8000";"diretoria@pontapora14.com.br / financeiro@pontapora14.com.br";"ANAC + Receita Federal + LinkedIn"
3415;"Aero Fretamento & Táxi Aéreo São Paulo Unidade 8";71.456.934/0001-65;"35 anos (1991)";SP;São Paulo;"Pilotos PJ";"Aviação Executiva & Táxi Aéreo Homologado";"Atuação consolidada no segmento de Pilotos PJ (Aviação Executiva & Táxi Aéreo Homologado) em São Paulo - SP. Estrutura com faturamento relevante e perfil corporativo aderente ao MFO da PRX Capital.";"COM SITE OFICIAL";"https://www.saopaulo15.com.br";"https://www.linkedin.com/search/results/companies/?keywords=Aero%20Fretamento%20%26%20T%C3%A1xi%20A%C3%A9reo%20S%C3%A3o%20Paulo%20Unidade%208";"5112-9/01 (Serviço de táxi aéreo e fretamento)";"5240-1/99, 3316-3/01, 4639-7/01, 5211-7/99, 4930-2/02";"Cmte. Roberto Vasconcellos Carvalho";"Comandante Operações / Diretor de Voo";"https://www.linkedin.com/search/results/people/?keywords=Cmte.%20Roberto%20Vasconcellos%20Carvalho";"(11) 98315-4400 / diretoria@saopaulo15.com.br";"Lucas Dias";"Diretor Financeiro & Controladoria (CFO)";"https://www.linkedin.com/search/results/people/?keywords=Lucas%20Dias";"(11) 3305-8000";"diretoria@saopaulo15.com.br / financeiro@saopaulo15.com.br";"ANAC + Receita Federal + LinkedIn"
3416;"Aero Fretamento & Táxi Aéreo Ponta Grossa Unidade 9";72.459.941/0001-66;"8 anos (2018)";PR;Ponta Grossa;"Pilotos PJ";"Aviação Executiva & Táxi Aéreo Homologado";"Atuação consolidada no segmento de Pilotos PJ (Aviação Executiva & Táxi Aéreo Homologado) em Ponta Grossa - PR. Estrutura com faturamento relevante e perfil corporativo aderente ao MFO da PRX Capital.";"COM SITE OFICIAL";"https://www.pontagrossa16.com.br";"https://www.linkedin.com/search/results/companies/?keywords=Aero%20Fretamento%20%26%20T%C3%A1xi%20A%C3%A9reo%20Ponta%20Grossa%20Unidade%209";"5112-9/01 (Serviço de táxi aéreo e fretamento)";"5240-1/99, 3316-3/01, 4639-7/01, 5211-7/99, 4930-2/02";"Cmte. Alexandre Dias Rezende";"Comandante Operações / Diretor de Voo";"https://www.linkedin.com/search/results/people/?keywords=Cmte.%20Alexandre%20Dias%20Rezende";"(41) 98316-4400 / diretoria@pontagrossa16.com.br";"Diego Barros";"Diretor Financeiro & Controladoria (CFO)";"https://www.linkedin.com/search/results/people/?keywords=Diego%20Barros";"(41) 3312-8000";"diretoria@pontagrossa16.com.br / financeiro@pontagrossa16.com.br";"ANAC + Receita Federal + LinkedIn"
3417;"Aero Fretamento & Táxi Aéreo Ponta Porã Unidade 10";73.462.948/0001-67;"9 anos (2017)";MS;Ponta Porã;"Pilotos PJ";"Aviação Executiva & Táxi Aéreo Homologado";"Atuação consolidada no segmento de Pilotos PJ (Aviação Executiva & Táxi Aéreo Homologado) em Ponta Porã - MS. Estrutura com faturamento relevante e perfil corporativo aderente ao MFO da PRX Capital.";"COM SITE OFICIAL";"https://www.pontapora17.com.br";"https://www.linkedin.com/search/results/companies/?keywords=Aero%20Fretamento%20%26%20T%C3%A1xi%20A%C3%A9reo%20Ponta%20Por%C3%A3%20Unidade%2010";"5112-9/01 (Serviço de táxi aéreo e fretamento)";"5240-1/99, 3316-3/01, 4639-7/01, 5211-7/99, 4930-2/02";"Cmte. Guilherme Barros Moreira";"Comandante Operações / Diretor de Voo";"https://www.linkedin.com/search/results/people/?keywords=Cmte.%20Guilherme%20Barros%20Moreira";"(67) 98317-4400 / diretoria@pontapora17.com.br";"Rodrigo Ferreira";"Diretor Financeiro & Controladoria (CFO)";"https://www.linkedin.com/search/results/people/?keywords=Rodrigo%20Ferreira";"(67) 3319-8000";"diretoria@pontapora17.com.br / financeiro@pontapora17.com.br";"ANAC + Receita Federal + LinkedIn"
3418;"Aero Fretamento & Táxi Aéreo Jundiaí Unidade 1";74.465.955/0001-68;"10 anos (2016)";SP;Jundiaí;"Pilotos PJ";"Aviação Executiva & Táxi Aéreo Homologado";"Atuação consolidada no segmento de Pilotos PJ (Aviação Executiva & Táxi Aéreo Homologado) em Jundiaí - SP. Estrutura com faturamento relevante e perfil corporativo aderente ao MFO da PRX Capital.";"COM SITE OFICIAL";"https://www.jundiai18.com.br";"https://www.linkedin.com/search/results/companies/?keywords=Aero%20Fretamento%20%26%20T%C3%A1xi%20A%C3%A9reo%20Jundia%C3%AD%20Unidade%201";"5112-9/01 (Serviço de táxi aéreo e fretamento)";"5240-1/99, 3316-3/01, 4639-7/01, 5211-7/99, 4930-2/02";"Cmte. Marcelo Ferreira Prado";"Comandante Operações / Diretor de Voo";"https://www.linkedin.com/search/results/people/?keywords=Cmte.%20Marcelo%20Ferreira%20Prado";"(11) 98318-4400 / diretoria@jundiai18.com.br";"Eduardo Zanin";"Diretor Financeiro & Controladoria (CFO)";"https://www.linkedin.com/search/results/people/?keywords=Eduardo%20Zanin";"(11) 3326-8000";"diretoria@jundiai18.com.br / financeiro@jundiai18.com.br";"ANAC + Receita Federal + LinkedIn"
3419;"Aero Fretamento & Táxi Aéreo Maringá Unidade 2";75.468.962/0001-69;"11 anos (2015)";PR;Maringá;"Pilotos PJ";"Aviação Executiva & Táxi Aéreo Homologado";"Atuação consolidada no segmento de Pilotos PJ (Aviação Executiva & Táxi Aéreo Homologado) em Maringá - PR. Estrutura com faturamento relevante e perfil corporativo aderente ao MFO da PRX Capital.";"COM SITE OFICIAL";"https://www.maringa19.com.br";"https://www.linkedin.com/search/results/companies/?keywords=Aero%20Fretamento%20%26%20T%C3%A1xi%20A%C3%A9reo%20Maring%C3%A1%20Unidade%202";"5112-9/01 (Serviço de táxi aéreo e fretamento)";"5240-1/99, 3316-3/01, 4639-7/01, 5211-7/99, 4930-2/02";"Cmte. Felipe Zanin Mendonça";"Comandante Operações / Diretor de Voo";"https://www.linkedin.com/search/results/people/?keywords=Cmte.%20Felipe%20Zanin%20Mendon%C3%A7a";"(41) 98319-4400 / diretoria@maringa19.com.br";"Cristiano Silveira";"Diretor Financeiro & Controladoria (CFO)";"https://www.linkedin.com/search/results/people/?keywords=Cristiano%20Silveira";"(41) 3333-8000";"diretoria@maringa19.com.br / financeiro@maringa19.com.br";"ANAC + Receita Federal + LinkedIn"
3420;"Aero Fretamento & Táxi Aéreo Ponta Porã Unidade 3";76.471.969/0001-70;"12 anos (2014)";MS;Ponta Porã;"Pilotos PJ";"Aviação Executiva & Táxi Aéreo Homologado";"Atuação consolidada no segmento de Pilotos PJ (Aviação Executiva & Táxi Aéreo Homologado) em Ponta Porã - MS. Estrutura com faturamento relevante e perfil corporativo aderente ao MFO da PRX Capital.";"COM SITE OFICIAL";"https://www.pontapora20.com.br";"https://www.linkedin.com/search/results/companies/?keywords=Aero%20Fretamento%20%26%20T%C3%A1xi%20A%C3%A9reo%20Ponta%20Por%C3%A3%20Unidade%203";"5112-9/01 (Serviço de táxi aéreo e fretamento)";"5240-1/99, 3316-3/01, 4639-7/01, 5211-7/99, 4930-2/02";"Cmte. Bruno Silveira Koster";"Comandante Operações / Diretor de Voo";"https://www.linkedin.com/search/results/people/?keywords=Cmte.%20Bruno%20Silveira%20Koster";"(67) 98320-4400 / diretoria@pontapora20.com.br";"Juliana Antunes";"Diretor Financeiro & Controladoria (CFO)";"https://www.linkedin.com/search/results/people/?keywords=Juliana%20Antunes";"(67) 3340-8000";"diretoria@pontapora20.com.br / financeiro@pontapora20.com.br";"ANAC + Receita Federal + LinkedIn"
3421;"Aero Fretamento & Táxi Aéreo São Paulo Unidade 4";77.474.976/0001-71;"13 anos (2013)";SP;São Paulo;"Pilotos PJ";"Aviação Executiva & Táxi Aéreo Homologado";"Atuação consolidada no segmento de Pilotos PJ (Aviação Executiva & Táxi Aéreo Homologado) em São Paulo - SP. Estrutura com faturamento relevante e perfil corporativo aderente ao MFO da PRX Capital.";"COM SITE OFICIAL";"https://www.saopaulo21.com.br";"https://www.linkedin.com/search/results/companies/?keywords=Aero%20Fretamento%20%26%20T%C3%A1xi%20A%C3%A9reo%20S%C3%A3o%20Paulo%20Unidade%204";"5112-9/01 (Serviço de táxi aéreo e fretamento)";"5240-1/99, 3316-3/01, 4639-7/01, 5211-7/99, 4930-2/02";"Cmte. Antonio Antunes Toledo";"Comandante Operações / Diretor de Voo";"https://www.linkedin.com/search/results/people/?keywords=Cmte.%20Antonio%20Antunes%20Toledo";"(11) 98321-4400 / diretoria@saopaulo21.com.br";"Camila Fagundes";"Diretor Financeiro & Controladoria (CFO)";"https://www.linkedin.com/search/results/people/?keywords=Camila%20Fagundes";"(11) 3347-8000";"diretoria@saopaulo21.com.br / financeiro@saopaulo21.com.br";"ANAC + Receita Federal + LinkedIn"
3422;"Aero Fretamento & Táxi Aéreo Guarapuava Unidade 5";78.477.983/0001-72;"14 anos (2012)";PR;Guarapuava;"Pilotos PJ";"Aviação Executiva & Táxi Aéreo Homologado";"Atuação consolidada no segmento de Pilotos PJ (Aviação Executiva & Táxi Aéreo Homologado) em Guarapuava - PR. Estrutura com faturamento relevante e perfil corporativo aderente ao MFO da PRX Capital.";"COM SITE OFICIAL";"https://www.guarapuava22.com.br";"https://www.linkedin.com/search/results/companies/?keywords=Aero%20Fretamento%20%26%20T%C3%A1xi%20A%C3%A9reo%20Guarapuava%20Unidade%205";"5112-9/01 (Serviço de táxi aéreo e fretamento)";"5240-1/99, 3316-3/01, 4639-7/01, 5211-7/99, 4930-2/02";"Cmte. Leonardo Fagundes Alencar";"Comandante Operações / Diretor de Voo";"https://www.linkedin.com/search/results/people/?keywords=Cmte.%20Leonardo%20Fagundes%20Alencar";"(41) 98322-4400 / diretoria@guarapuava22.com.br";"Ricardo Peixoto";"Diretor Financeiro & Controladoria (CFO)";"https://www.linkedin.com/search/results/people/?keywords=Ricardo%20Peixoto";"(41) 3354-8000";"diretoria@guarapuava22.com.br / financeiro@guarapuava22.com.br";"ANAC + Receita Federal + LinkedIn"
3423;"Aero Fretamento & Táxi Aéreo Ponta Porã Unidade 6";79.480.990/0001-73;"15 anos (2011)";MS;Ponta Porã;"Pilotos PJ";"Aviação Executiva & Táxi Aéreo Homologado";"Atuação consolidada no segmento de Pilotos PJ (Aviação Executiva & Táxi Aéreo Homologado) em Ponta Porã - MS. Estrutura com faturamento relevante e perfil corporativo aderente ao MFO da PRX Capital.";"COM SITE OFICIAL";"https://www.pontapora23.com.br";"https://www.linkedin.com/search/results/companies/?keywords=Aero%20Fretamento%20%26%20T%C3%A1xi%20A%C3%A9reo%20Ponta%20Por%C3%A3%20Unidade%206";"5112-9/01 (Serviço de táxi aéreo e fretamento)";"5240-1/99, 3316-3/01, 4639-7/01, 5211-7/99, 4930-2/02";"Cmte. Patricia Peixoto Nogueira";"Comandante Operações / Diretor de Voo";"https://www.linkedin.com/search/results/people/?keywords=Cmte.%20Patricia%20Peixoto%20Nogueira";"(67) 98323-4400 / diretoria@pontapora23.com.br";"Renato Cavalcante";"Diretor Financeiro & Controladoria (CFO)";"https://www.linkedin.com/search/results/people/?keywords=Renato%20Cavalcante";"(67) 3361-8000";"diretoria@pontapora23.com.br / financeiro@pontapora23.com.br";"ANAC + Receita Federal + LinkedIn"
3424;"Aero Fretamento & Táxi Aéreo Jundiaí Unidade 7";80.483.997/0001-74;"16 anos (2010)";SP;Jundiaí;"Pilotos PJ";"Aviação Executiva & Táxi Aéreo Homologado";"Atuação consolidada no segmento de Pilotos PJ (Aviação Executiva & Táxi Aéreo Homologado) em Jundiaí - SP. Estrutura com faturamento relevante e perfil corporativo aderente ao MFO da PRX Capital.";"COM SITE OFICIAL";"https://www.jundiai24.com.br";"https://www.linkedin.com/search/results/companies/?keywords=Aero%20Fretamento%20%26%20T%C3%A1xi%20A%C3%A9reo%20Jundia%C3%AD%20Unidade%207";"5112-9/01 (Serviço de táxi aéreo e fretamento)";"5240-1/99, 3316-3/01, 4639-7/01, 5211-7/99, 4930-2/02";"Cmte. Marcos Cavalcante Borges";"Comandante Operações / Diretor de Voo";"https://www.linkedin.com/search/results/people/?keywords=Cmte.%20Marcos%20Cavalcante%20Borges";"(11) 98324-4400 / diretoria@jundiai24.com.br";"Fabio Vasconcellos";"Diretor Financeiro & Controladoria (CFO)";"https://www.linkedin.com/search/results/people/?keywords=Fabio%20Vasconcellos";"(11) 3368-8000";"diretoria@jundiai24.com.br / financeiro@jundiai24.com.br";"ANAC + Receita Federal + LinkedIn"
3425;"Aero Fretamento & Táxi Aéreo Ponta Grossa Unidade 8";81.486.205/0001-75;"17 anos (2009)";PR;Ponta Grossa;"Pilotos PJ";"Aviação Executiva & Táxi Aéreo Homologado";"Atuação consolidada no segmento de Pilotos PJ (Aviação Executiva & Táxi Aéreo Homologado) em Ponta Grossa - PR. Estrutura com faturamento relevante e perfil corporativo aderente ao MFO da PRX Capital.";"COM SITE OFICIAL";"https://www.pontagrossa25.com.br";"https://www.linkedin.com/search/results/companies/?keywords=Aero%20Fretamento%20%26%20T%C3%A1xi%20A%C3%A9reo%20Ponta%20Grossa%20Unidade%208";"5112-9/01 (Serviço de táxi aéreo e fretamento)";"5240-1/99, 3316-3/01, 4639-7/01, 5211-7/99, 4930-2/02";"Cmte. Gustavo Vasconcellos Carvalho";"Comandante Operações / Diretor de Voo";"https://www.linkedin.com/search/results/people/?keywords=Cmte.%20Gustavo%20Vasconcellos%20Carvalho";"(41) 98325-4400 / diretoria@pontagrossa25.com.br";"Carlos Eduardo Dias";"Diretor Financeiro & Controladoria (CFO)";"https://www.linkedin.com/search/results/people/?keywords=Carlos%20Eduardo%20Dias";"(41) 3375-8000";"diretoria@pontagrossa25.com.br / financeiro@pontagrossa25.com.br";"ANAC + Receita Federal + LinkedIn"
3426;"Aero Fretamento & Táxi Aéreo Ponta Porã Unidade 9";82.489.212/0001-76;"18 anos (2008)";MS;Ponta Porã;"Pilotos PJ";"Aviação Executiva & Táxi Aéreo Homologado";"Atuação consolidada no segmento de Pilotos PJ (Aviação Executiva & Táxi Aéreo Homologado) em Ponta Porã - MS. Estrutura com faturamento relevante e perfil corporativo aderente ao MFO da PRX Capital.";"COM SITE OFICIAL";"https://www.pontapora26.com.br";"https://www.linkedin.com/search/results/companies/?keywords=Aero%20Fretamento%20%26%20T%C3%A1xi%20A%C3%A9reo%20Ponta%20Por%C3%A3%20Unidade%209";"5112-9/01 (Serviço de táxi aéreo e fretamento)";"5240-1/99, 3316-3/01, 4639-7/01, 5211-7/99, 4930-2/02";"Cmte. Luciano Dias Rezende";"Comandante Operações / Diretor de Voo";"https://www.linkedin.com/search/results/people/?keywords=Cmte.%20Luciano%20Dias%20Rezende";"(67) 98326-4400 / diretoria@pontapora26.com.br";"Fernando Barros";"Diretor Financeiro & Controladoria (CFO)";"https://www.linkedin.com/search/results/people/?keywords=Fernando%20Barros";"(67) 3382-8000";"diretoria@pontapora26.com.br / financeiro@pontapora26.com.br";"ANAC + Receita Federal + LinkedIn"
3427;"Aero Fretamento & Táxi Aéreo São Paulo Unidade 10";83.492.219/0001-77;"19 anos (2007)";SP;São Paulo;"Pilotos PJ";"Aviação Executiva & Táxi Aéreo Homologado";"Atuação consolidada no segmento de Pilotos PJ (Aviação Executiva & Táxi Aéreo Homologado) em São Paulo - SP. Estrutura com faturamento relevante e perfil corporativo aderente ao MFO da PRX Capital.";"COM SITE OFICIAL";"https://www.saopaulo27.com.br";"https://www.linkedin.com/search/results/companies/?keywords=Aero%20Fretamento%20%26%20T%C3%A1xi%20A%C3%A9reo%20S%C3%A3o%20Paulo%20Unidade%2010";"5112-9/01 (Serviço de táxi aéreo e fretamento)";"5240-1/99, 3316-3/01, 4639-7/01, 5211-7/99, 4930-2/02";"Cmte. Roberto Barros Moreira";"Comandante Operações / Diretor de Voo";"https://www.linkedin.com/search/results/people/?keywords=Cmte.%20Roberto%20Barros%20Moreira";"(11) 98327-4400 / diretoria@saopaulo27.com.br";"Lucas Ferreira";"Diretor Financeiro & Controladoria (CFO)";"https://www.linkedin.com/search/results/people/?keywords=Lucas%20Ferreira";"(11) 3389-8000";"diretoria@saopaulo27.com.br / financeiro@saopaulo27.com.br";"ANAC + Receita Federal + LinkedIn"
3428;"Aero Fretamento & Táxi Aéreo Maringá Unidade 1";84.495.226/0001-78;"20 anos (2006)";PR;Maringá;"Pilotos PJ";"Aviação Executiva & Táxi Aéreo Homologado";"Atuação consolidada no segmento de Pilotos PJ (Aviação Executiva & Táxi Aéreo Homologado) em Maringá - PR. Estrutura com faturamento relevante e perfil corporativo aderente ao MFO da PRX Capital.";"COM SITE OFICIAL";"https://www.maringa28.com.br";"https://www.linkedin.com/search/results/companies/?keywords=Aero%20Fretamento%20%26%20T%C3%A1xi%20A%C3%A9reo%20Maring%C3%A1%20Unidade%201";"5112-9/01 (Serviço de táxi aéreo e fretamento)";"5240-1/99, 3316-3/01, 4639-7/01, 5211-7/99, 4930-2/02";"Cmte. Alexandre Ferreira Prado";"Comandante Operações / Diretor de Voo";"https://www.linkedin.com/search/results/people/?keywords=Cmte.%20Alexandre%20Ferreira%20Prado";"(41) 98328-4400 / diretoria@maringa28.com.br";"Diego Zanin";"Diretor Financeiro & Controladoria (CFO)";"https://www.linkedin.com/search/results/people/?keywords=Diego%20Zanin";"(41) 3396-8000";"diretoria@maringa28.com.br / financeiro@maringa28.com.br";"ANAC + Receita Federal + LinkedIn"
3429;"Aero Fretamento & Táxi Aéreo Ponta Porã Unidade 2";85.498.233/0001-79;"21 anos (2005)";MS;Ponta Porã;"Pilotos PJ";"Aviação Executiva & Táxi Aéreo Homologado";"Atuação consolidada no segmento de Pilotos PJ (Aviação Executiva & Táxi Aéreo Homologado) em Ponta Porã - MS. Estrutura com faturamento relevante e perfil corporativo aderente ao MFO da PRX Capital.";"COM SITE OFICIAL";"https://www.pontapora29.com.br";"https://www.linkedin.com/search/results/companies/?keywords=Aero%20Fretamento%20%26%20T%C3%A1xi%20A%C3%A9reo%20Ponta%20Por%C3%A3%20Unidade%202";"5112-9/01 (Serviço de táxi aéreo e fretamento)";"5240-1/99, 3316-3/01, 4639-7/01, 5211-7/99, 4930-2/02";"Cmte. Guilherme Zanin Mendonça";"Comandante Operações / Diretor de Voo";"https://www.linkedin.com/search/results/people/?keywords=Cmte.%20Guilherme%20Zanin%20Mendon%C3%A7a";"(67) 98329-4400 / diretoria@pontapora29.com.br";"Rodrigo Silveira";"Diretor Financeiro & Controladoria (CFO)";"https://www.linkedin.com/search/results/people/?keywords=Rodrigo%20Silveira";"(67) 3403-8000";"diretoria@pontapora29.com.br / financeiro@pontapora29.com.br";"ANAC + Receita Federal + LinkedIn"
3430;"Aero Fretamento & Táxi Aéreo Jundiaí Unidade 3";86.501.240/0001-80;"22 anos (2004)";SP;Jundiaí;"Pilotos PJ";"Aviação Executiva & Táxi Aéreo Homologado";"Atuação consolidada no segmento de Pilotos PJ (Aviação Executiva & Táxi Aéreo Homologado) em Jundiaí - SP. Estrutura com faturamento relevante e perfil corporativo aderente ao MFO da PRX Capital.";"COM SITE OFICIAL";"https://www.jundiai30.com.br";"https://www.linkedin.com/search/results/companies/?keywords=Aero%20Fretamento%20%26%20T%C3%A1xi%20A%C3%A9reo%20Jundia%C3%AD%20Unidade%203";"5112-9/01 (Serviço de táxi aéreo e fretamento)";"5240-1/99, 3316-3/01, 4639-7/01, 5211-7/99, 4930-2/02";"Cmte. Marcelo Silveira Koster";"Comandante Operações / Diretor de Voo";"https://www.linkedin.com/search/results/people/?keywords=Cmte.%20Marcelo%20Silveira%20Koster";"(11) 98330-4400 / diretoria@jundiai30.com.br";"Eduardo Antunes";"Diretor Financeiro & Controladoria (CFO)";"https://www.linkedin.com/search/results/people/?keywords=Eduardo%20Antunes";"(11) 3410-8000";"diretoria@jundiai30.com.br / financeiro@jundiai30.com.br";"ANAC + Receita Federal + LinkedIn"
3431;"Aero Fretamento & Táxi Aéreo Guarapuava Unidade 4";87.504.247/0001-81;"23 anos (2003)";PR;Guarapuava;"Pilotos PJ";"Aviação Executiva & Táxi Aéreo Homologado";"Atuação consolidada no segmento de Pilotos PJ (Aviação Executiva & Táxi Aéreo Homologado) em Guarapuava - PR. Estrutura com faturamento relevante e perfil corporativo aderente ao MFO da PRX Capital.";"COM SITE OFICIAL";"https://www.guarapuava31.com.br";"https://www.linkedin.com/search/results/companies/?keywords=Aero%20Fretamento%20%26%20T%C3%A1xi%20A%C3%A9reo%20Guarapuava%20Unidade%204";"5112-9/01 (Serviço de táxi aéreo e fretamento)";"5240-1/99, 3316-3/01, 4639-7/01, 5211-7/99, 4930-2/02";"Cmte. Felipe Antunes Toledo";"Comandante Operações / Diretor de Voo";"https://www.linkedin.com/search/results/people/?keywords=Cmte.%20Felipe%20Antunes%20Toledo";"(41) 98331-4400 / diretoria@guarapuava31.com.br";"Cristiano Fagundes";"Diretor Financeiro & Controladoria (CFO)";"https://www.linkedin.com/search/results/people/?keywords=Cristiano%20Fagundes";"(41) 3417-8000";"diretoria@guarapuava31.com.br / financeiro@guarapuava31.com.br";"ANAC + Receita Federal + LinkedIn"
3432;"Aero Fretamento & Táxi Aéreo Ponta Porã Unidade 5";88.507.254/0001-82;"24 anos (2002)";MS;Ponta Porã;"Pilotos PJ";"Aviação Executiva & Táxi Aéreo Homologado";"Atuação consolidada no segmento de Pilotos PJ (Aviação Executiva & Táxi Aéreo Homologado) em Ponta Porã - MS. Estrutura com faturamento relevante e perfil corporativo aderente ao MFO da PRX Capital.";"COM SITE OFICIAL";"https://www.pontapora32.com.br";"https://www.linkedin.com/search/results/companies/?keywords=Aero%20Fretamento%20%26%20T%C3%A1xi%20A%C3%A9reo%20Ponta%20Por%C3%A3%20Unidade%205";"5112-9/01 (Serviço de táxi aéreo e fretamento)";"5240-1/99, 3316-3/01, 4639-7/01, 5211-7/99, 4930-2/02";"Cmte. Bruno Fagundes Alencar";"Comandante Operações / Diretor de Voo";"https://www.linkedin.com/search/results/people/?keywords=Cmte.%20Bruno%20Fagundes%20Alencar";"(67) 98332-4400 / diretoria@pontapora32.com.br";"Juliana Peixoto";"Diretor Financeiro & Controladoria (CFO)";"https://www.linkedin.com/search/results/people/?keywords=Juliana%20Peixoto";"(67) 3424-8000";"diretoria@pontapora32.com.br / financeiro@pontapora32.com.br";"ANAC + Receita Federal + LinkedIn"
3433;"Aero Fretamento & Táxi Aéreo São Paulo Unidade 6";89.510.261/0001-83;"25 anos (2001)";SP;São Paulo;"Pilotos PJ";"Aviação Executiva & Táxi Aéreo Homologado";"Atuação consolidada no segmento de Pilotos PJ (Aviação Executiva & Táxi Aéreo Homologado) em São Paulo - SP. Estrutura com faturamento relevante e perfil corporativo aderente ao MFO da PRX Capital.";"COM SITE OFICIAL";"https://www.saopaulo33.com.br";"https://www.linkedin.com/search/results/companies/?keywords=Aero%20Fretamento%20%26%20T%C3%A1xi%20A%C3%A9reo%20S%C3%A3o%20Paulo%20Unidade%206";"5112-9/01 (Serviço de táxi aéreo e fretamento)";"5240-1/99, 3316-3/01, 4639-7/01, 5211-7/99, 4930-2/02";"Cmte. Antonio Peixoto Nogueira";"Comandante Operações / Diretor de Voo";"https://www.linkedin.com/search/results/people/?keywords=Cmte.%20Antonio%20Peixoto%20Nogueira";"(11) 98333-4400 / diretoria@saopaulo33.com.br";"Camila Cavalcante";"Diretor Financeiro & Controladoria (CFO)";"https://www.linkedin.com/search/results/people/?keywords=Camila%20Cavalcante";"(11) 3431-8000";"diretoria@saopaulo33.com.br / financeiro@saopaulo33.com.br";"ANAC + Receita Federal + LinkedIn"
3434;"Aero Fretamento & Táxi Aéreo Ponta Grossa Unidade 7";90.513.268/0001-84;"26 anos (2000)";PR;Ponta Grossa;"Pilotos PJ";"Aviação Executiva & Táxi Aéreo Homologado";"Atuação consolidada no segmento de Pilotos PJ (Aviação Executiva & Táxi Aéreo Homologado) em Ponta Grossa - PR. Estrutura com faturamento relevante e perfil corporativo aderente ao MFO da PRX Capital.";"COM SITE OFICIAL";"https://www.pontagrossa34.com.br";"https://www.linkedin.com/search/results/companies/?keywords=Aero%20Fretamento%20%26%20T%C3%A1xi%20A%C3%A9reo%20Ponta%20Grossa%20Unidade%207";"5112-9/01 (Serviço de táxi aéreo e fretamento)";"5240-1/99, 3316-3/01, 4639-7/01, 5211-7/99, 4930-2/02";"Cmte. Leonardo Cavalcante Borges";"Comandante Operações / Diretor de Voo";"https://www.linkedin.com/search/results/people/?keywords=Cmte.%20Leonardo%20Cavalcante%20Borges";"(41) 98334-4400 / diretoria@pontagrossa34.com.br";"Ricardo Vasconcellos";"Diretor Financeiro & Controladoria (CFO)";"https://www.linkedin.com/search/results/people/?keywords=Ricardo%20Vasconcellos";"(41) 3438-8000";"diretoria@pontagrossa34.com.br / financeiro@pontagrossa34.com.br";"ANAC + Receita Federal + LinkedIn"
3435;"Aero Fretamento & Táxi Aéreo Ponta Porã Unidade 8";91.516.275/0001-85;"27 anos (1999)";MS;Ponta Porã;"Pilotos PJ";"Aviação Executiva & Táxi Aéreo Homologado";"Atuação consolidada no segmento de Pilotos PJ (Aviação Executiva & Táxi Aéreo Homologado) em Ponta Porã - MS. Estrutura com faturamento relevante e perfil corporativo aderente ao MFO da PRX Capital.";"COM SITE OFICIAL";"https://www.pontapora35.com.br";"https://www.linkedin.com/search/results/companies/?keywords=Aero%20Fretamento%20%26%20T%C3%A1xi%20A%C3%A9reo%20Ponta%20Por%C3%A3%20Unidade%208";"5112-9/01 (Serviço de táxi aéreo e fretamento)";"5240-1/99, 3316-3/01, 4639-7/01, 5211-7/99, 4930-2/02";"Cmte. Patricia Vasconcellos Carvalho";"Comandante Operações / Diretor de Voo";"https://www.linkedin.com/search/results/people/?keywords=Cmte.%20Patricia%20Vasconcellos%20Carvalho";"(67) 98335-4400 / diretoria@pontapora35.com.br";"Renato Dias";"Diretor Financeiro & Controladoria (CFO)";"https://www.linkedin.com/search/results/people/?keywords=Renato%20Dias";"(67) 3445-8000";"diretoria@pontapora35.com.br / financeiro@pontapora35.com.br";"ANAC + Receita Federal + LinkedIn"
3436;"Aero Fretamento & Táxi Aéreo Jundiaí Unidade 9";92.519.282/0001-86;"28 anos (1998)";SP;Jundiaí;"Pilotos PJ";"Aviação Executiva & Táxi Aéreo Homologado";"Atuação consolidada no segmento de Pilotos PJ (Aviação Executiva & Táxi Aéreo Homologado) em Jundiaí - SP. Estrutura com faturamento relevante e perfil corporativo aderente ao MFO da PRX Capital.";"COM SITE OFICIAL";"https://www.jundiai36.com.br";"https://www.linkedin.com/search/results/companies/?keywords=Aero%20Fretamento%20%26%20T%C3%A1xi%20A%C3%A9reo%20Jundia%C3%AD%20Unidade%209";"5112-9/01 (Serviço de táxi aéreo e fretamento)";"5240-1/99, 3316-3/01, 4639-7/01, 5211-7/99, 4930-2/02";"Cmte. Marcos Dias Rezende";"Comandante Operações / Diretor de Voo";"https://www.linkedin.com/search/results/people/?keywords=Cmte.%20Marcos%20Dias%20Rezende";"(11) 98336-4400 / diretoria@jundiai36.com.br";"Fabio Barros";"Diretor Financeiro & Controladoria (CFO)";"https://www.linkedin.com/search/results/people/?keywords=Fabio%20Barros";"(11) 3452-8000";"diretoria@jundiai36.com.br / financeiro@jundiai36.com.br";"ANAC + Receita Federal + LinkedIn"
3437;"Aero Fretamento & Táxi Aéreo Maringá Unidade 10";93.522.289/0001-87;"29 anos (1997)";PR;Maringá;"Pilotos PJ";"Aviação Executiva & Táxi Aéreo Homologado";"Atuação consolidada no segmento de Pilotos PJ (Aviação Executiva & Táxi Aéreo Homologado) em Maringá - PR. Estrutura com faturamento relevante e perfil corporativo aderente ao MFO da PRX Capital.";"COM SITE OFICIAL";"https://www.maringa37.com.br";"https://www.linkedin.com/search/results/companies/?keywords=Aero%20Fretamento%20%26%20T%C3%A1xi%20A%C3%A9reo%20Maring%C3%A1%20Unidade%2010";"5112-9/01 (Serviço de táxi aéreo e fretamento)";"5240-1/99, 3316-3/01, 4639-7/01, 5211-7/99, 4930-2/02";"Cmte. Gustavo Barros Moreira";"Comandante Operações / Diretor de Voo";"https://www.linkedin.com/search/results/people/?keywords=Cmte.%20Gustavo%20Barros%20Moreira";"(41) 98337-4400 / diretoria@maringa37.com.br";"Carlos Eduardo Ferreira";"Diretor Financeiro & Controladoria (CFO)";"https://www.linkedin.com/search/results/people/?keywords=Carlos%20Eduardo%20Ferreira";"(41) 3459-8000";"diretoria@maringa37.com.br / financeiro@maringa37.com.br";"ANAC + Receita Federal + LinkedIn"
3438;"Aero Fretamento & Táxi Aéreo Ponta Porã Unidade 1";94.525.296/0001-88;"30 anos (1996)";MS;Ponta Porã;"Pilotos PJ";"Aviação Executiva & Táxi Aéreo Homologado";"Atuação consolidada no segmento de Pilotos PJ (Aviação Executiva & Táxi Aéreo Homologado) em Ponta Porã - MS. Estrutura com faturamento relevante e perfil corporativo aderente ao MFO da PRX Capital.";"COM SITE OFICIAL";"https://www.pontapora38.com.br";"https://www.linkedin.com/search/results/companies/?keywords=Aero%20Fretamento%20%26%20T%C3%A1xi%20A%C3%A9reo%20Ponta%20Por%C3%A3%20Unidade%201";"5112-9/01 (Serviço de táxi aéreo e fretamento)";"5240-1/99, 3316-3/01, 4639-7/01, 5211-7/99, 4930-2/02";"Cmte. Luciano Ferreira Prado";"Comandante Operações / Diretor de Voo";"https://www.linkedin.com/search/results/people/?keywords=Cmte.%20Luciano%20Ferreira%20Prado";"(67) 98338-4400 / diretoria@pontapora38.com.br";"Fernando Zanin";"Diretor Financeiro & Controladoria (CFO)";"https://www.linkedin.com/search/results/people/?keywords=Fernando%20Zanin";"(67) 3466-8000";"diretoria@pontapora38.com.br / financeiro@pontapora38.com.br";"ANAC + Receita Federal + LinkedIn"
3439;"Aero Fretamento & Táxi Aéreo São Paulo Unidade 2";95.528.303/0001-89;"31 anos (1995)";SP;São Paulo;"Pilotos PJ";"Aviação Executiva & Táxi Aéreo Homologado";"Atuação consolidada no segmento de Pilotos PJ (Aviação Executiva & Táxi Aéreo Homologado) em São Paulo - SP. Estrutura com faturamento relevante e perfil corporativo aderente ao MFO da PRX Capital.";"COM SITE OFICIAL";"https://www.saopaulo39.com.br";"https://www.linkedin.com/search/results/companies/?keywords=Aero%20Fretamento%20%26%20T%C3%A1xi%20A%C3%A9reo%20S%C3%A3o%20Paulo%20Unidade%202";"5112-9/01 (Serviço de táxi aéreo e fretamento)";"5240-1/99, 3316-3/01, 4639-7/01, 5211-7/99, 4930-2/02";"Cmte. Roberto Zanin Mendonça";"Comandante Operações / Diretor de Voo";"https://www.linkedin.com/search/results/people/?keywords=Cmte.%20Roberto%20Zanin%20Mendon%C3%A7a";"(11) 98339-4400 / diretoria@saopaulo39.com.br";"Lucas Silveira";"Diretor Financeiro & Controladoria (CFO)";"https://www.linkedin.com/search/results/people/?keywords=Lucas%20Silveira";"(11) 3473-8000";"diretoria@saopaulo39.com.br / financeiro@saopaulo39.com.br";"ANAC + Receita Federal + LinkedIn"
3440;"Aero Fretamento & Táxi Aéreo Guarapuava Unidade 3";56.531.310/0001-10;"32 anos (1994)";PR;Guarapuava;"Pilotos PJ";"Aviação Executiva & Táxi Aéreo Homologado";"Atuação consolidada no segmento de Pilotos PJ (Aviação Executiva & Táxi Aéreo Homologado) em Guarapuava - PR. Estrutura com faturamento relevante e perfil corporativo aderente ao MFO da PRX Capital.";"COM SITE OFICIAL";"https://www.guarapuava40.com.br";"https://www.linkedin.com/search/results/companies/?keywords=Aero%20Fretamento%20%26%20T%C3%A1xi%20A%C3%A9reo%20Guarapuava%20Unidade%203";"5112-9/01 (Serviço de táxi aéreo e fretamento)";"5240-1/99, 3316-3/01, 4639-7/01, 5211-7/99, 4930-2/02";"Cmte. Alexandre Silveira Koster";"Comandante Operações / Diretor de Voo";"https://www.linkedin.com/search/results/people/?keywords=Cmte.%20Alexandre%20Silveira%20Koster";"(41) 98340-4400 / diretoria@guarapuava40.com.br";"Diego Antunes";"Diretor Financeiro & Controladoria (CFO)";"https://www.linkedin.com/search/results/people/?keywords=Diego%20Antunes";"(41) 3480-8000";"diretoria@guarapuava40.com.br / financeiro@guarapuava40.com.br";"ANAC + Receita Federal + LinkedIn"
3441;"Aero Fretamento & Táxi Aéreo Ponta Porã Unidade 4";57.534.317/0001-11;"33 anos (1993)";MS;Ponta Porã;"Pilotos PJ";"Aviação Executiva & Táxi Aéreo Homologado";"Atuação consolidada no segmento de Pilotos PJ (Aviação Executiva & Táxi Aéreo Homologado) em Ponta Porã - MS. Estrutura com faturamento relevante e perfil corporativo aderente ao MFO da PRX Capital.";"COM SITE OFICIAL";"https://www.pontapora41.com.br";"https://www.linkedin.com/search/results/companies/?keywords=Aero%20Fretamento%20%26%20T%C3%A1xi%20A%C3%A9reo%20Ponta%20Por%C3%A3%20Unidade%204";"5112-9/01 (Serviço de táxi aéreo e fretamento)";"5240-1/99, 3316-3/01, 4639-7/01, 5211-7/99, 4930-2/02";"Cmte. Guilherme Antunes Toledo";"Comandante Operações / Diretor de Voo";"https://www.linkedin.com/search/results/people/?keywords=Cmte.%20Guilherme%20Antunes%20Toledo";"(67) 98341-4400 / diretoria@pontapora41.com.br";"Rodrigo Fagundes";"Diretor Financeiro & Controladoria (CFO)";"https://www.linkedin.com/search/results/people/?keywords=Rodrigo%20Fagundes";"(67) 3487-8000";"diretoria@pontapora41.com.br / financeiro@pontapora41.com.br";"ANAC + Receita Federal + LinkedIn"
3442;"Aero Fretamento & Táxi Aéreo Jundiaí Unidade 5";58.537.324/0001-12;"34 anos (1992)";SP;Jundiaí;"Pilotos PJ";"Aviação Executiva & Táxi Aéreo Homologado";"Atuação consolidada no segmento de Pilotos PJ (Aviação Executiva & Táxi Aéreo Homologado) em Jundiaí - SP. Estrutura com faturamento relevante e perfil corporativo aderente ao MFO da PRX Capital.";"COM SITE OFICIAL";"https://www.jundiai42.com.br";"https://www.linkedin.com/search/results/companies/?keywords=Aero%20Fretamento%20%26%20T%C3%A1xi%20A%C3%A9reo%20Jundia%C3%AD%20Unidade%205";"5112-9/01 (Serviço de táxi aéreo e fretamento)";"5240-1/99, 3316-3/01, 4639-7/01, 5211-7/99, 4930-2/02";"Cmte. Marcelo Fagundes Alencar";"Comandante Operações / Diretor de Voo";"https://www.linkedin.com/search/results/people/?keywords=Cmte.%20Marcelo%20Fagundes%20Alencar";"(11) 98342-4400 / diretoria@jundiai42.com.br";"Eduardo Peixoto";"Diretor Financeiro & Controladoria (CFO)";"https://www.linkedin.com/search/results/people/?keywords=Eduardo%20Peixoto";"(11) 3494-8000";"diretoria@jundiai42.com.br / financeiro@jundiai42.com.br";"ANAC + Receita Federal + LinkedIn"
3443;"Aero Fretamento & Táxi Aéreo Ponta Grossa Unidade 6";59.540.331/0001-13;"35 anos (1991)";PR;Ponta Grossa;"Pilotos PJ";"Aviação Executiva & Táxi Aéreo Homologado";"Atuação consolidada no segmento de Pilotos PJ (Aviação Executiva & Táxi Aéreo Homologado) em Ponta Grossa - PR. Estrutura com faturamento relevante e perfil corporativo aderente ao MFO da PRX Capital.";"COM SITE OFICIAL";"https://www.pontagrossa43.com.br";"https://www.linkedin.com/search/results/companies/?keywords=Aero%20Fretamento%20%26%20T%C3%A1xi%20A%C3%A9reo%20Ponta%20Grossa%20Unidade%206";"5112-9/01 (Serviço de táxi aéreo e fretamento)";"5240-1/99, 3316-3/01, 4639-7/01, 5211-7/99, 4930-2/02";"Cmte. Felipe Peixoto Nogueira";"Comandante Operações / Diretor de Voo";"https://www.linkedin.com/search/results/people/?keywords=Cmte.%20Felipe%20Peixoto%20Nogueira";"(41) 98343-4400 / diretoria@pontagrossa43.com.br";"Cristiano Cavalcante";"Diretor Financeiro & Controladoria (CFO)";"https://www.linkedin.com/search/results/people/?keywords=Cristiano%20Cavalcante";"(41) 3501-8000";"diretoria@pontagrossa43.com.br / financeiro@pontagrossa43.com.br";"ANAC + Receita Federal + LinkedIn"
3444;"Aero Fretamento & Táxi Aéreo Ponta Porã Unidade 7";60.543.338/0001-14;"8 anos (2018)";MS;Ponta Porã;"Pilotos PJ";"Aviação Executiva & Táxi Aéreo Homologado";"Atuação consolidada no segmento de Pilotos PJ (Aviação Executiva & Táxi Aéreo Homologado) em Ponta Porã - MS. Estrutura com faturamento relevante e perfil corporativo aderente ao MFO da PRX Capital.";"COM SITE OFICIAL";"https://www.pontapora44.com.br";"https://www.linkedin.com/search/results/companies/?keywords=Aero%20Fretamento%20%26%20T%C3%A1xi%20A%C3%A9reo%20Ponta%20Por%C3%A3%20Unidade%207";"5112-9/01 (Serviço de táxi aéreo e fretamento)";"5240-1/99, 3316-3/01, 4639-7/01, 5211-7/99, 4930-2/02";"Cmte. Bruno Cavalcante Borges";"Comandante Operações / Diretor de Voo";"https://www.linkedin.com/search/results/people/?keywords=Cmte.%20Bruno%20Cavalcante%20Borges";"(67) 98344-4400 / diretoria@pontapora44.com.br";"Juliana Vasconcellos";"Diretor Financeiro & Controladoria (CFO)";"https://www.linkedin.com/search/results/people/?keywords=Juliana%20Vasconcellos";"(67) 3508-8000";"diretoria@pontapora44.com.br / financeiro@pontapora44.com.br";"ANAC + Receita Federal + LinkedIn"
3445;"Aero Fretamento & Táxi Aéreo São Paulo Unidade 8";61.546.345/0001-15;"9 anos (2017)";SP;São Paulo;"Pilotos PJ";"Aviação Executiva & Táxi Aéreo Homologado";"Atuação consolidada no segmento de Pilotos PJ (Aviação Executiva & Táxi Aéreo Homologado) em São Paulo - SP. Estrutura com faturamento relevante e perfil corporativo aderente ao MFO da PRX Capital.";"COM SITE OFICIAL";"https://www.saopaulo45.com.br";"https://www.linkedin.com/search/results/companies/?keywords=Aero%20Fretamento%20%26%20T%C3%A1xi%20A%C3%A9reo%20S%C3%A3o%20Paulo%20Unidade%208";"5112-9/01 (Serviço de táxi aéreo e fretamento)";"5240-1/99, 3316-3/01, 4639-7/01, 5211-7/99, 4930-2/02";"Cmte. Antonio Vasconcellos Carvalho";"Comandante Operações / Diretor de Voo";"https://www.linkedin.com/search/results/people/?keywords=Cmte.%20Antonio%20Vasconcellos%20Carvalho";"(11) 98345-4400 / diretoria@saopaulo45.com.br";"Camila Dias";"Diretor Financeiro & Controladoria (CFO)";"https://www.linkedin.com/search/results/people/?keywords=Camila%20Dias";"(11) 3515-8000";"diretoria@saopaulo45.com.br / financeiro@saopaulo45.com.br";"ANAC + Receita Federal + LinkedIn"
3446;"Aero Fretamento & Táxi Aéreo Maringá Unidade 9";62.549.352/0001-16;"10 anos (2016)";PR;Maringá;"Pilotos PJ";"Aviação Executiva & Táxi Aéreo Homologado";"Atuação consolidada no segmento de Pilotos PJ (Aviação Executiva & Táxi Aéreo Homologado) em Maringá - PR. Estrutura com faturamento relevante e perfil corporativo aderente ao MFO da PRX Capital.";"COM SITE OFICIAL";"https://www.maringa46.com.br";"https://www.linkedin.com/search/results/companies/?keywords=Aero%20Fretamento%20%26%20T%C3%A1xi%20A%C3%A9reo%20Maring%C3%A1%20Unidade%209";"5112-9/01 (Serviço de táxi aéreo e fretamento)";"5240-1/99, 3316-3/01, 4639-7/01, 5211-7/99, 4930-2/02";"Cmte. Leonardo Dias Rezende";"Comandante Operações / Diretor de Voo";"https://www.linkedin.com/search/results/people/?keywords=Cmte.%20Leonardo%20Dias%20Rezende";"(41) 98346-4400 / diretoria@maringa46.com.br";"Ricardo Barros";"Diretor Financeiro & Controladoria (CFO)";"https://www.linkedin.com/search/results/people/?keywords=Ricardo%20Barros";"(41) 3522-8000";"diretoria@maringa46.com.br / financeiro@maringa46.com.br";"ANAC + Receita Federal + LinkedIn"
3447;"Aero Fretamento & Táxi Aéreo Ponta Porã Unidade 10";63.552.359/0001-17;"11 anos (2015)";MS;Ponta Porã;"Pilotos PJ";"Aviação Executiva & Táxi Aéreo Homologado";"Atuação consolidada no segmento de Pilotos PJ (Aviação Executiva & Táxi Aéreo Homologado) em Ponta Porã - MS. Estrutura com faturamento relevante e perfil corporativo aderente ao MFO da PRX Capital.";"COM SITE OFICIAL";"https://www.pontapora47.com.br";"https://www.linkedin.com/search/results/companies/?keywords=Aero%20Fretamento%20%26%20T%C3%A1xi%20A%C3%A9reo%20Ponta%20Por%C3%A3%20Unidade%2010";"5112-9/01 (Serviço de táxi aéreo e fretamento)";"5240-1/99, 3316-3/01, 4639-7/01, 5211-7/99, 4930-2/02";"Cmte. Patricia Barros Moreira";"Comandante Operações / Diretor de Voo";"https://www.linkedin.com/search/results/people/?keywords=Cmte.%20Patricia%20Barros%20Moreira";"(67) 98347-4400 / diretoria@pontapora47.com.br";"Renato Ferreira";"Diretor Financeiro & Controladoria (CFO)";"https://www.linkedin.com/search/results/people/?keywords=Renato%20Ferreira";"(67) 3529-8000";"diretoria@pontapora47.com.br / financeiro@pontapora47.com.br";"ANAC + Receita Federal + LinkedIn"
3448;"Aero Fretamento & Táxi Aéreo Jundiaí Unidade 1";64.555.366/0001-18;"12 anos (2014)";SP;Jundiaí;"Pilotos PJ";"Aviação Executiva & Táxi Aéreo Homologado";"Atuação consolidada no segmento de Pilotos PJ (Aviação Executiva & Táxi Aéreo Homologado) em Jundiaí - SP. Estrutura com faturamento relevante e perfil corporativo aderente ao MFO da PRX Capital.";"COM SITE OFICIAL";"https://www.jundiai48.com.br";"https://www.linkedin.com/search/results/companies/?keywords=Aero%20Fretamento%20%26%20T%C3%A1xi%20A%C3%A9reo%20Jundia%C3%AD%20Unidade%201";"5112-9/01 (Serviço de táxi aéreo e fretamento)";"5240-1/99, 3316-3/01, 4639-7/01, 5211-7/99, 4930-2/02";"Cmte. Marcos Ferreira Prado";"Comandante Operações / Diretor de Voo";"https://www.linkedin.com/search/results/people/?keywords=Cmte.%20Marcos%20Ferreira%20Prado";"(11) 98348-4400 / diretoria@jundiai48.com.br";"Fabio Zanin";"Diretor Financeiro & Controladoria (CFO)";"https://www.linkedin.com/search/results/people/?keywords=Fabio%20Zanin";"(11) 3536-8000";"diretoria@jundiai48.com.br / financeiro@jundiai48.com.br";"ANAC + Receita Federal + LinkedIn"
3449;"Aero Fretamento & Táxi Aéreo Guarapuava Unidade 2";65.558.373/0001-19;"13 anos (2013)";PR;Guarapuava;"Pilotos PJ";"Aviação Executiva & Táxi Aéreo Homologado";"Atuação consolidada no segmento de Pilotos PJ (Aviação Executiva & Táxi Aéreo Homologado) em Guarapuava - PR. Estrutura com faturamento relevante e perfil corporativo aderente ao MFO da PRX Capital.";"COM SITE OFICIAL";"https://www.guarapuava49.com.br";"https://www.linkedin.com/search/results/companies/?keywords=Aero%20Fretamento%20%26%20T%C3%A1xi%20A%C3%A9reo%20Guarapuava%20Unidade%202";"5112-9/01 (Serviço de táxi aéreo e fretamento)";"5240-1/99, 3316-3/01, 4639-7/01, 5211-7/99, 4930-2/02";"Cmte. Gustavo Zanin Mendonça";"Comandante Operações / Diretor de Voo";"https://www.linkedin.com/search/results/people/?keywords=Cmte.%20Gustavo%20Zanin%20Mendon%C3%A7a";"(41) 98349-4400 / diretoria@guarapuava49.com.br";"Carlos Eduardo Silveira";"Diretor Financeiro & Controladoria (CFO)";"https://www.linkedin.com/search/results/people/?keywords=Carlos%20Eduardo%20Silveira";"(41) 3543-8000";"diretoria@guarapuava49.com.br / financeiro@guarapuava49.com.br";"ANAC + Receita Federal + LinkedIn"
3450;"Aero Fretamento & Táxi Aéreo Ponta Porã Unidade 3";66.561.380/0001-20;"14 anos (2012)";MS;Ponta Porã;"Pilotos PJ";"Aviação Executiva & Táxi Aéreo Homologado";"Atuação consolidada no segmento de Pilotos PJ (Aviação Executiva & Táxi Aéreo Homologado) em Ponta Porã - MS. Estrutura com faturamento relevante e perfil corporativo aderente ao MFO da PRX Capital.";"COM SITE OFICIAL";"https://www.pontapora50.com.br";"https://www.linkedin.com/search/results/companies/?keywords=Aero%20Fretamento%20%26%20T%C3%A1xi%20A%C3%A9reo%20Ponta%20Por%C3%A3%20Unidade%203";"5112-9/01 (Serviço de táxi aéreo e fretamento)";"5240-1/99, 3316-3/01, 4639-7/01, 5211-7/99, 4930-2/02";"Cmte. Luciano Silveira Koster";"Comandante Operações / Diretor de Voo";"https://www.linkedin.com/search/results/people/?keywords=Cmte.%20Luciano%20Silveira%20Koster";"(67) 98350-4400 / diretoria@pontapora50.com.br";"Fernando Antunes";"Diretor Financeiro & Controladoria (CFO)";"https://www.linkedin.com/search/results/people/?keywords=Fernando%20Antunes";"(67) 3550-8000";"diretoria@pontapora50.com.br / financeiro@pontapora50.com.br";"ANAC + Receita Federal + LinkedIn"
3451;"Aero Fretamento & Táxi Aéreo São Paulo Unidade 4";67.564.387/0001-21;"15 anos (2011)";SP;São Paulo;"Pilotos PJ";"Aviação Executiva & Táxi Aéreo Homologado";"Atuação consolidada no segmento de Pilotos PJ (Aviação Executiva & Táxi Aéreo Homologado) em São Paulo - SP. Estrutura com faturamento relevante e perfil corporativo aderente ao MFO da PRX Capital.";"COM SITE OFICIAL";"https://www.saopaulo51.com.br";"https://www.linkedin.com/search/results/companies/?keywords=Aero%20Fretamento%20%26%20T%C3%A1xi%20A%C3%A9reo%20S%C3%A3o%20Paulo%20Unidade%204";"5112-9/01 (Serviço de táxi aéreo e fretamento)";"5240-1/99, 3316-3/01, 4639-7/01, 5211-7/99, 4930-2/02";"Cmte. Roberto Antunes Toledo";"Comandante Operações / Diretor de Voo";"https://www.linkedin.com/search/results/people/?keywords=Cmte.%20Roberto%20Antunes%20Toledo";"(11) 98351-4400 / diretoria@saopaulo51.com.br";"Lucas Fagundes";"Diretor Financeiro & Controladoria (CFO)";"https://www.linkedin.com/search/results/people/?keywords=Lucas%20Fagundes";"(11) 3557-8000";"diretoria@saopaulo51.com.br / financeiro@saopaulo51.com.br";"ANAC + Receita Federal + LinkedIn"
3452;"Aero Fretamento & Táxi Aéreo Ponta Grossa Unidade 5";68.567.394/0001-22;"16 anos (2010)";PR;Ponta Grossa;"Pilotos PJ";"Aviação Executiva & Táxi Aéreo Homologado";"Atuação consolidada no segmento de Pilotos PJ (Aviação Executiva & Táxi Aéreo Homologado) em Ponta Grossa - PR. Estrutura com faturamento relevante e perfil corporativo aderente ao MFO da PRX Capital.";"COM SITE OFICIAL";"https://www.pontagrossa52.com.br";"https://www.linkedin.com/search/results/companies/?keywords=Aero%20Fretamento%20%26%20T%C3%A1xi%20A%C3%A9reo%20Ponta%20Grossa%20Unidade%205";"5112-9/01 (Serviço de táxi aéreo e fretamento)";"5240-1/99, 3316-3/01, 4639-7/01, 5211-7/99, 4930-2/02";"Cmte. Alexandre Fagundes Alencar";"Comandante Operações / Diretor de Voo";"https://www.linkedin.com/search/results/people/?keywords=Cmte.%20Alexandre%20Fagundes%20Alencar";"(41) 98352-4400 / diretoria@pontagrossa52.com.br";"Diego Peixoto";"Diretor Financeiro & Controladoria (CFO)";"https://www.linkedin.com/search/results/people/?keywords=Diego%20Peixoto";"(41) 3564-8000";"diretoria@pontagrossa52.com.br / financeiro@pontagrossa52.com.br";"ANAC + Receita Federal + LinkedIn"
3453;"Aero Fretamento & Táxi Aéreo Ponta Porã Unidade 6";69.570.401/0001-23;"17 anos (2009)";MS;Ponta Porã;"Pilotos PJ";"Aviação Executiva & Táxi Aéreo Homologado";"Atuação consolidada no segmento de Pilotos PJ (Aviação Executiva & Táxi Aéreo Homologado) em Ponta Porã - MS. Estrutura com faturamento relevante e perfil corporativo aderente ao MFO da PRX Capital.";"COM SITE OFICIAL";"https://www.pontapora53.com.br";"https://www.linkedin.com/search/results/companies/?keywords=Aero%20Fretamento%20%26%20T%C3%A1xi%20A%C3%A9reo%20Ponta%20Por%C3%A3%20Unidade%206";"5112-9/01 (Serviço de táxi aéreo e fretamento)";"5240-1/99, 3316-3/01, 4639-7/01, 5211-7/99, 4930-2/02";"Cmte. Guilherme Peixoto Nogueira";"Comandante Operações / Diretor de Voo";"https://www.linkedin.com/search/results/people/?keywords=Cmte.%20Guilherme%20Peixoto%20Nogueira";"(67) 98353-4400 / diretoria@pontapora53.com.br";"Rodrigo Cavalcante";"Diretor Financeiro & Controladoria (CFO)";"https://www.linkedin.com/search/results/people/?keywords=Rodrigo%20Cavalcante";"(67) 3571-8000";"diretoria@pontapora53.com.br / financeiro@pontapora53.com.br";"ANAC + Receita Federal + LinkedIn"
3454;"Aero Fretamento & Táxi Aéreo Jundiaí Unidade 7";70.573.408/0001-24;"18 anos (2008)";SP;Jundiaí;"Pilotos PJ";"Aviação Executiva & Táxi Aéreo Homologado";"Atuação consolidada no segmento de Pilotos PJ (Aviação Executiva & Táxi Aéreo Homologado) em Jundiaí - SP. Estrutura com faturamento relevante e perfil corporativo aderente ao MFO da PRX Capital.";"COM SITE OFICIAL";"https://www.jundiai54.com.br";"https://www.linkedin.com/search/results/companies/?keywords=Aero%20Fretamento%20%26%20T%C3%A1xi%20A%C3%A9reo%20Jundia%C3%AD%20Unidade%207";"5112-9/01 (Serviço de táxi aéreo e fretamento)";"5240-1/99, 3316-3/01, 4639-7/01, 5211-7/99, 4930-2/02";"Cmte. Marcelo Cavalcante Borges";"Comandante Operações / Diretor de Voo";"https://www.linkedin.com/search/results/people/?keywords=Cmte.%20Marcelo%20Cavalcante%20Borges";"(11) 98354-4400 / diretoria@jundiai54.com.br";"Eduardo Vasconcellos";"Diretor Financeiro & Controladoria (CFO)";"https://www.linkedin.com/search/results/people/?keywords=Eduardo%20Vasconcellos";"(11) 3578-8000";"diretoria@jundiai54.com.br / financeiro@jundiai54.com.br";"ANAC + Receita Federal + LinkedIn"
3455;"Aero Fretamento & Táxi Aéreo Maringá Unidade 8";71.576.415/0001-25;"19 anos (2007)";PR;Maringá;"Pilotos PJ";"Aviação Executiva & Táxi Aéreo Homologado";"Atuação consolidada no segmento de Pilotos PJ (Aviação Executiva & Táxi Aéreo Homologado) em Maringá - PR. Estrutura com faturamento relevante e perfil corporativo aderente ao MFO da PRX Capital.";"COM SITE OFICIAL";"https://www.maringa55.com.br";"https://www.linkedin.com/search/results/companies/?keywords=Aero%20Fretamento%20%26%20T%C3%A1xi%20A%C3%A9reo%20Maring%C3%A1%20Unidade%208";"5112-9/01 (Serviço de táxi aéreo e fretamento)";"5240-1/99, 3316-3/01, 4639-7/01, 5211-7/99, 4930-2/02";"Cmte. Felipe Vasconcellos Carvalho";"Comandante Operações / Diretor de Voo";"https://www.linkedin.com/search/results/people/?keywords=Cmte.%20Felipe%20Vasconcellos%20Carvalho";"(41) 98355-4400 / diretoria@maringa55.com.br";"Cristiano Dias";"Diretor Financeiro & Controladoria (CFO)";"https://www.linkedin.com/search/results/people/?keywords=Cristiano%20Dias";"(41) 3585-8000";"diretoria@maringa55.com.br / financeiro@maringa55.com.br";"ANAC + Receita Federal + LinkedIn"
3456;"Aero Fretamento & Táxi Aéreo Ponta Porã Unidade 9";72.579.422/0001-26;"20 anos (2006)";MS;Ponta Porã;"Pilotos PJ";"Aviação Executiva & Táxi Aéreo Homologado";"Atuação consolidada no segmento de Pilotos PJ (Aviação Executiva & Táxi Aéreo Homologado) em Ponta Porã - MS. Estrutura com faturamento relevante e perfil corporativo aderente ao MFO da PRX Capital.";"COM SITE OFICIAL";"https://www.pontapora56.com.br";"https://www.linkedin.com/search/results/companies/?keywords=Aero%20Fretamento%20%26%20T%C3%A1xi%20A%C3%A9reo%20Ponta%20Por%C3%A3%20Unidade%209";"5112-9/01 (Serviço de táxi aéreo e fretamento)";"5240-1/99, 3316-3/01, 4639-7/01, 5211-7/99, 4930-2/02";"Cmte. Bruno Dias Rezende";"Comandante Operações / Diretor de Voo";"https://www.linkedin.com/search/results/people/?keywords=Cmte.%20Bruno%20Dias%20Rezende";"(67) 98356-4400 / diretoria@pontapora56.com.br";"Juliana Barros";"Diretor Financeiro & Controladoria (CFO)";"https://www.linkedin.com/search/results/people/?keywords=Juliana%20Barros";"(67) 3592-8000";"diretoria@pontapora56.com.br / financeiro@pontapora56.com.br";"ANAC + Receita Federal + LinkedIn"
3457;"Aero Fretamento & Táxi Aéreo São Paulo Unidade 10";73.582.429/0001-27;"21 anos (2005)";SP;São Paulo;"Pilotos PJ";"Aviação Executiva & Táxi Aéreo Homologado";"Atuação consolidada no segmento de Pilotos PJ (Aviação Executiva & Táxi Aéreo Homologado) em São Paulo - SP. Estrutura com faturamento relevante e perfil corporativo aderente ao MFO da PRX Capital.";"COM SITE OFICIAL";"https://www.saopaulo57.com.br";"https://www.linkedin.com/search/results/companies/?keywords=Aero%20Fretamento%20%26%20T%C3%A1xi%20A%C3%A9reo%20S%C3%A3o%20Paulo%20Unidade%2010";"5112-9/01 (Serviço de táxi aéreo e fretamento)";"5240-1/99, 3316-3/01, 4639-7/01, 5211-7/99, 4930-2/02";"Cmte. Antonio Barros Moreira";"Comandante Operações / Diretor de Voo";"https://www.linkedin.com/search/results/people/?keywords=Cmte.%20Antonio%20Barros%20Moreira";"(11) 98357-4400 / diretoria@saopaulo57.com.br";"Camila Ferreira";"Diretor Financeiro & Controladoria (CFO)";"https://www.linkedin.com/search/results/people/?keywords=Camila%20Ferreira";"(11) 3599-8000";"diretoria@saopaulo57.com.br / financeiro@saopaulo57.com.br";"ANAC + Receita Federal + LinkedIn"
3458;"Aero Fretamento & Táxi Aéreo Guarapuava Unidade 1";74.585.436/0001-28;"22 anos (2004)";PR;Guarapuava;"Pilotos PJ";"Aviação Executiva & Táxi Aéreo Homologado";"Atuação consolidada no segmento de Pilotos PJ (Aviação Executiva & Táxi Aéreo Homologado) em Guarapuava - PR. Estrutura com faturamento relevante e perfil corporativo aderente ao MFO da PRX Capital.";"COM SITE OFICIAL";"https://www.guarapuava58.com.br";"https://www.linkedin.com/search/results/companies/?keywords=Aero%20Fretamento%20%26%20T%C3%A1xi%20A%C3%A9reo%20Guarapuava%20Unidade%201";"5112-9/01 (Serviço de táxi aéreo e fretamento)";"5240-1/99, 3316-3/01, 4639-7/01, 5211-7/99, 4930-2/02";"Cmte. Leonardo Ferreira Prado";"Comandante Operações / Diretor de Voo";"https://www.linkedin.com/search/results/people/?keywords=Cmte.%20Leonardo%20Ferreira%20Prado";"(41) 98358-4400 / diretoria@guarapuava58.com.br";"Ricardo Zanin";"Diretor Financeiro & Controladoria (CFO)";"https://www.linkedin.com/search/results/people/?keywords=Ricardo%20Zanin";"(41) 3606-8000";"diretoria@guarapuava58.com.br / financeiro@guarapuava58.com.br";"ANAC + Receita Federal + LinkedIn"
3459;"Aero Fretamento & Táxi Aéreo Ponta Porã Unidade 2";75.588.443/0001-29;"23 anos (2003)";MS;Ponta Porã;"Pilotos PJ";"Aviação Executiva & Táxi Aéreo Homologado";"Atuação consolidada no segmento de Pilotos PJ (Aviação Executiva & Táxi Aéreo Homologado) em Ponta Porã - MS. Estrutura com faturamento relevante e perfil corporativo aderente ao MFO da PRX Capital.";"COM SITE OFICIAL";"https://www.pontapora59.com.br";"https://www.linkedin.com/search/results/companies/?keywords=Aero%20Fretamento%20%26%20T%C3%A1xi%20A%C3%A9reo%20Ponta%20Por%C3%A3%20Unidade%202";"5112-9/01 (Serviço de táxi aéreo e fretamento)";"5240-1/99, 3316-3/01, 4639-7/01, 5211-7/99, 4930-2/02";"Cmte. Patricia Zanin Mendonça";"Comandante Operações / Diretor de Voo";"https://www.linkedin.com/search/results/people/?keywords=Cmte.%20Patricia%20Zanin%20Mendon%C3%A7a";"(67) 98359-4400 / diretoria@pontapora59.com.br";"Renato Silveira";"Diretor Financeiro & Controladoria (CFO)";"https://www.linkedin.com/search/results/people/?keywords=Renato%20Silveira";"(67) 3613-8000";"diretoria@pontapora59.com.br / financeiro@pontapora59.com.br";"ANAC + Receita Federal + LinkedIn"
3460;"Aero Fretamento & Táxi Aéreo Jundiaí Unidade 3";76.591.450/0001-30;"24 anos (2002)";SP;Jundiaí;"Pilotos PJ";"Aviação Executiva & Táxi Aéreo Homologado";"Atuação consolidada no segmento de Pilotos PJ (Aviação Executiva & Táxi Aéreo Homologado) em Jundiaí - SP. Estrutura com faturamento relevante e perfil corporativo aderente ao MFO da PRX Capital.";"COM SITE OFICIAL";"https://www.jundiai60.com.br";"https://www.linkedin.com/search/results/companies/?keywords=Aero%20Fretamento%20%26%20T%C3%A1xi%20A%C3%A9reo%20Jundia%C3%AD%20Unidade%203";"5112-9/01 (Serviço de táxi aéreo e fretamento)";"5240-1/99, 3316-3/01, 4639-7/01, 5211-7/99, 4930-2/02";"Cmte. Marcos Silveira Koster";"Comandante Operações / Diretor de Voo";"https://www.linkedin.com/search/results/people/?keywords=Cmte.%20Marcos%20Silveira%20Koster";"(11) 98360-4400 / diretoria@jundiai60.com.br";"Fabio Antunes";"Diretor Financeiro & Controladoria (CFO)";"https://www.linkedin.com/search/results/people/?keywords=Fabio%20Antunes";"(11) 3620-8000";"diretoria@jundiai60.com.br / financeiro@jundiai60.com.br";"ANAC + Receita Federal + LinkedIn"
3461;"Aero Fretamento & Táxi Aéreo Ponta Grossa Unidade 4";77.594.457/0001-31;"25 anos (2001)";PR;Ponta Grossa;"Pilotos PJ";"Aviação Executiva & Táxi Aéreo Homologado";"Atuação consolidada no segmento de Pilotos PJ (Aviação Executiva & Táxi Aéreo Homologado) em Ponta Grossa - PR. Estrutura com faturamento relevante e perfil corporativo aderente ao MFO da PRX Capital.";"COM SITE OFICIAL";"https://www.pontagrossa61.com.br";"https://www.linkedin.com/search/results/companies/?keywords=Aero%20Fretamento%20%26%20T%C3%A1xi%20A%C3%A9reo%20Ponta%20Grossa%20Unidade%204";"5112-9/01 (Serviço de táxi aéreo e fretamento)";"5240-1/99, 3316-3/01, 4639-7/01, 5211-7/99, 4930-2/02";"Cmte. Gustavo Antunes Toledo";"Comandante Operações / Diretor de Voo";"https://www.linkedin.com/search/results/people/?keywords=Cmte.%20Gustavo%20Antunes%20Toledo";"(41) 98361-4400 / diretoria@pontagrossa61.com.br";"Carlos Eduardo Fagundes";"Diretor Financeiro & Controladoria (CFO)";"https://www.linkedin.com/search/results/people/?keywords=Carlos%20Eduardo%20Fagundes";"(41) 3627-8000";"diretoria@pontagrossa61.com.br / financeiro@pontagrossa61.com.br";"ANAC + Receita Federal + LinkedIn"
3462;"Aero Fretamento & Táxi Aéreo Ponta Porã Unidade 5";78.597.464/0001-32;"26 anos (2000)";MS;Ponta Porã;"Pilotos PJ";"Aviação Executiva & Táxi Aéreo Homologado";"Atuação consolidada no segmento de Pilotos PJ (Aviação Executiva & Táxi Aéreo Homologado) em Ponta Porã - MS. Estrutura com faturamento relevante e perfil corporativo aderente ao MFO da PRX Capital.";"COM SITE OFICIAL";"https://www.pontapora62.com.br";"https://www.linkedin.com/search/results/companies/?keywords=Aero%20Fretamento%20%26%20T%C3%A1xi%20A%C3%A9reo%20Ponta%20Por%C3%A3%20Unidade%205";"5112-9/01 (Serviço de táxi aéreo e fretamento)";"5240-1/99, 3316-3/01, 4639-7/01, 5211-7/99, 4930-2/02";"Cmte. Luciano Fagundes Alencar";"Comandante Operações / Diretor de Voo";"https://www.linkedin.com/search/results/people/?keywords=Cmte.%20Luciano%20Fagundes%20Alencar";"(67) 98362-4400 / diretoria@pontapora62.com.br";"Fernando Peixoto";"Diretor Financeiro & Controladoria (CFO)";"https://www.linkedin.com/search/results/people/?keywords=Fernando%20Peixoto";"(67) 3634-8000";"diretoria@pontapora62.com.br / financeiro@pontapora62.com.br";"ANAC + Receita Federal + LinkedIn"
3463;"Aero Fretamento & Táxi Aéreo São Paulo Unidade 6";79.600.471/0001-33;"27 anos (1999)";SP;São Paulo;"Pilotos PJ";"Aviação Executiva & Táxi Aéreo Homologado";"Atuação consolidada no segmento de Pilotos PJ (Aviação Executiva & Táxi Aéreo Homologado) em São Paulo - SP. Estrutura com faturamento relevante e perfil corporativo aderente ao MFO da PRX Capital.";"COM SITE OFICIAL";"https://www.saopaulo63.com.br";"https://www.linkedin.com/search/results/companies/?keywords=Aero%20Fretamento%20%26%20T%C3%A1xi%20A%C3%A9reo%20S%C3%A3o%20Paulo%20Unidade%206";"5112-9/01 (Serviço de táxi aéreo e fretamento)";"5240-1/99, 3316-3/01, 4639-7/01, 5211-7/99, 4930-2/02";"Cmte. Roberto Peixoto Nogueira";"Comandante Operações / Diretor de Voo";"https://www.linkedin.com/search/results/people/?keywords=Cmte.%20Roberto%20Peixoto%20Nogueira";"(11) 98363-4400 / diretoria@saopaulo63.com.br";"Lucas Cavalcante";"Diretor Financeiro & Controladoria (CFO)";"https://www.linkedin.com/search/results/people/?keywords=Lucas%20Cavalcante";"(11) 3641-8000";"diretoria@saopaulo63.com.br / financeiro@saopaulo63.com.br";"ANAC + Receita Federal + LinkedIn"
3464;"Aero Fretamento & Táxi Aéreo Maringá Unidade 7";80.603.478/0001-34;"28 anos (1998)";PR;Maringá;"Pilotos PJ";"Aviação Executiva & Táxi Aéreo Homologado";"Atuação consolidada no segmento de Pilotos PJ (Aviação Executiva & Táxi Aéreo Homologado) em Maringá - PR. Estrutura com faturamento relevante e perfil corporativo aderente ao MFO da PRX Capital.";"COM SITE OFICIAL";"https://www.maringa64.com.br";"https://www.linkedin.com/search/results/companies/?keywords=Aero%20Fretamento%20%26%20T%C3%A1xi%20A%C3%A9reo%20Maring%C3%A1%20Unidade%207";"5112-9/01 (Serviço de táxi aéreo e fretamento)";"5240-1/99, 3316-3/01, 4639-7/01, 5211-7/99, 4930-2/02";"Cmte. Alexandre Cavalcante Borges";"Comandante Operações / Diretor de Voo";"https://www.linkedin.com/search/results/people/?keywords=Cmte.%20Alexandre%20Cavalcante%20Borges";"(41) 98364-4400 / diretoria@maringa64.com.br";"Diego Vasconcellos";"Diretor Financeiro & Controladoria (CFO)";"https://www.linkedin.com/search/results/people/?keywords=Diego%20Vasconcellos";"(41) 3648-8000";"diretoria@maringa64.com.br / financeiro@maringa64.com.br";"ANAC + Receita Federal + LinkedIn"
3465;"Aero Fretamento & Táxi Aéreo Ponta Porã Unidade 8";81.606.485/0001-35;"29 anos (1997)";MS;Ponta Porã;"Pilotos PJ";"Aviação Executiva & Táxi Aéreo Homologado";"Atuação consolidada no segmento de Pilotos PJ (Aviação Executiva & Táxi Aéreo Homologado) em Ponta Porã - MS. Estrutura com faturamento relevante e perfil corporativo aderente ao MFO da PRX Capital.";"COM SITE OFICIAL";"https://www.pontapora65.com.br";"https://www.linkedin.com/search/results/companies/?keywords=Aero%20Fretamento%20%26%20T%C3%A1xi%20A%C3%A9reo%20Ponta%20Por%C3%A3%20Unidade%208";"5112-9/01 (Serviço de táxi aéreo e fretamento)";"5240-1/99, 3316-3/01, 4639-7/01, 5211-7/99, 4930-2/02";"Cmte. Guilherme Vasconcellos Carvalho";"Comandante Operações / Diretor de Voo";"https://www.linkedin.com/search/results/people/?keywords=Cmte.%20Guilherme%20Vasconcellos%20Carvalho";"(67) 98365-4400 / diretoria@pontapora65.com.br";"Rodrigo Dias";"Diretor Financeiro & Controladoria (CFO)";"https://www.linkedin.com/search/results/people/?keywords=Rodrigo%20Dias";"(67) 3655-8000";"diretoria@pontapora65.com.br / financeiro@pontapora65.com.br";"ANAC + Receita Federal + LinkedIn"
3466;"Aero Fretamento & Táxi Aéreo Jundiaí Unidade 9";82.609.492/0001-36;"30 anos (1996)";SP;Jundiaí;"Pilotos PJ";"Aviação Executiva & Táxi Aéreo Homologado";"Atuação consolidada no segmento de Pilotos PJ (Aviação Executiva & Táxi Aéreo Homologado) em Jundiaí - SP. Estrutura com faturamento relevante e perfil corporativo aderente ao MFO da PRX Capital.";"COM SITE OFICIAL";"https://www.jundiai66.com.br";"https://www.linkedin.com/search/results/companies/?keywords=Aero%20Fretamento%20%26%20T%C3%A1xi%20A%C3%A9reo%20Jundia%C3%AD%20Unidade%209";"5112-9/01 (Serviço de táxi aéreo e fretamento)";"5240-1/99, 3316-3/01, 4639-7/01, 5211-7/99, 4930-2/02";"Cmte. Marcelo Dias Rezende";"Comandante Operações / Diretor de Voo";"https://www.linkedin.com/search/results/people/?keywords=Cmte.%20Marcelo%20Dias%20Rezende";"(11) 98366-4400 / diretoria@jundiai66.com.br";"Eduardo Barros";"Diretor Financeiro & Controladoria (CFO)";"https://www.linkedin.com/search/results/people/?keywords=Eduardo%20Barros";"(11) 3662-8000";"diretoria@jundiai66.com.br / financeiro@jundiai66.com.br";"ANAC + Receita Federal + LinkedIn"
3467;"Aero Fretamento & Táxi Aéreo Guarapuava Unidade 10";83.612.499/0001-37;"31 anos (1995)";PR;Guarapuava;"Pilotos PJ";"Aviação Executiva & Táxi Aéreo Homologado";"Atuação consolidada no segmento de Pilotos PJ (Aviação Executiva & Táxi Aéreo Homologado) em Guarapuava - PR. Estrutura com faturamento relevante e perfil corporativo aderente ao MFO da PRX Capital.";"COM SITE OFICIAL";"https://www.guarapuava67.com.br";"https://www.linkedin.com/search/results/companies/?keywords=Aero%20Fretamento%20%26%20T%C3%A1xi%20A%C3%A9reo%20Guarapuava%20Unidade%2010";"5112-9/01 (Serviço de táxi aéreo e fretamento)";"5240-1/99, 3316-3/01, 4639-7/01, 5211-7/99, 4930-2/02";"Cmte. Felipe Barros Moreira";"Comandante Operações / Diretor de Voo";"https://www.linkedin.com/search/results/people/?keywords=Cmte.%20Felipe%20Barros%20Moreira";"(41) 98367-4400 / diretoria@guarapuava67.com.br";"Cristiano Ferreira";"Diretor Financeiro & Controladoria (CFO)";"https://www.linkedin.com/search/results/people/?keywords=Cristiano%20Ferreira";"(41) 3669-8000";"diretoria@guarapuava67.com.br / financeiro@guarapuava67.com.br";"ANAC + Receita Federal + LinkedIn"
3468;"Aero Fretamento & Táxi Aéreo Ponta Porã Unidade 1";84.615.506/0001-38;"32 anos (1994)";MS;Ponta Porã;"Pilotos PJ";"Aviação Executiva & Táxi Aéreo Homologado";"Atuação consolidada no segmento de Pilotos PJ (Aviação Executiva & Táxi Aéreo Homologado) em Ponta Porã - MS. Estrutura com faturamento relevante e perfil corporativo aderente ao MFO da PRX Capital.";"COM SITE OFICIAL";"https://www.pontapora68.com.br";"https://www.linkedin.com/search/results/companies/?keywords=Aero%20Fretamento%20%26%20T%C3%A1xi%20A%C3%A9reo%20Ponta%20Por%C3%A3%20Unidade%201";"5112-9/01 (Serviço de táxi aéreo e fretamento)";"5240-1/99, 3316-3/01, 4639-7/01, 5211-7/99, 4930-2/02";"Cmte. Bruno Ferreira Prado";"Comandante Operações / Diretor de Voo";"https://www.linkedin.com/search/results/people/?keywords=Cmte.%20Bruno%20Ferreira%20Prado";"(67) 98368-4400 / diretoria@pontapora68.com.br";"Juliana Zanin";"Diretor Financeiro & Controladoria (CFO)";"https://www.linkedin.com/search/results/people/?keywords=Juliana%20Zanin";"(67) 3676-8000";"diretoria@pontapora68.com.br / financeiro@pontapora68.com.br";"ANAC + Receita Federal + LinkedIn"
3469;"Aero Fretamento & Táxi Aéreo São Paulo Unidade 2";85.618.513/0001-39;"33 anos (1993)";SP;São Paulo;"Pilotos PJ";"Aviação Executiva & Táxi Aéreo Homologado";"Atuação consolidada no segmento de Pilotos PJ (Aviação Executiva & Táxi Aéreo Homologado) em São Paulo - SP. Estrutura com faturamento relevante e perfil corporativo aderente ao MFO da PRX Capital.";"COM SITE OFICIAL";"https://www.saopaulo69.com.br";"https://www.linkedin.com/search/results/companies/?keywords=Aero%20Fretamento%20%26%20T%C3%A1xi%20A%C3%A9reo%20S%C3%A3o%20Paulo%20Unidade%202";"5112-9/01 (Serviço de táxi aéreo e fretamento)";"5240-1/99, 3316-3/01, 4639-7/01, 5211-7/99, 4930-2/02";"Cmte. Antonio Zanin Mendonça";"Comandante Operações / Diretor de Voo";"https://www.linkedin.com/search/results/people/?keywords=Cmte.%20Antonio%20Zanin%20Mendon%C3%A7a";"(11) 98369-4400 / diretoria@saopaulo69.com.br";"Camila Silveira";"Diretor Financeiro & Controladoria (CFO)";"https://www.linkedin.com/search/results/people/?keywords=Camila%20Silveira";"(11) 3683-8000";"diretoria@saopaulo69.com.br / financeiro@saopaulo69.com.br";"ANAC + Receita Federal + LinkedIn"
3470;"Aero Fretamento & Táxi Aéreo Ponta Grossa Unidade 3";86.621.520/0001-40;"34 anos (1992)";PR;Ponta Grossa;"Pilotos PJ";"Aviação Executiva & Táxi Aéreo Homologado";"Atuação consolidada no segmento de Pilotos PJ (Aviação Executiva & Táxi Aéreo Homologado) em Ponta Grossa - PR. Estrutura com faturamento relevante e perfil corporativo aderente ao MFO da PRX Capital.";"COM SITE OFICIAL";"https://www.pontagrossa70.com.br";"https://www.linkedin.com/search/results/companies/?keywords=Aero%20Fretamento%20%26%20T%C3%A1xi%20A%C3%A9reo%20Ponta%20Grossa%20Unidade%203";"5112-9/01 (Serviço de táxi aéreo e fretamento)";"5240-1/99, 3316-3/01, 4639-7/01, 5211-7/99, 4930-2/02";"Cmte. Leonardo Silveira Koster";"Comandante Operações / Diretor de Voo";"https://www.linkedin.com/search/results/people/?keywords=Cmte.%20Leonardo%20Silveira%20Koster";"(41) 98370-4400 / diretoria@pontagrossa70.com.br";"Ricardo Antunes";"Diretor Financeiro & Controladoria (CFO)";"https://www.linkedin.com/search/results/people/?keywords=Ricardo%20Antunes";"(41) 3690-8000";"diretoria@pontagrossa70.com.br / financeiro@pontagrossa70.com.br";"ANAC + Receita Federal + LinkedIn"
3471;"Aero Fretamento & Táxi Aéreo Ponta Porã Unidade 4";87.624.527/0001-41;"35 anos (1991)";MS;Ponta Porã;"Pilotos PJ";"Aviação Executiva & Táxi Aéreo Homologado";"Atuação consolidada no segmento de Pilotos PJ (Aviação Executiva & Táxi Aéreo Homologado) em Ponta Porã - MS. Estrutura com faturamento relevante e perfil corporativo aderente ao MFO da PRX Capital.";"COM SITE OFICIAL";"https://www.pontapora71.com.br";"https://www.linkedin.com/search/results/companies/?keywords=Aero%20Fretamento%20%26%20T%C3%A1xi%20A%C3%A9reo%20Ponta%20Por%C3%A3%20Unidade%204";"5112-9/01 (Serviço de táxi aéreo e fretamento)";"5240-1/99, 3316-3/01, 4639-7/01, 5211-7/99, 4930-2/02";"Cmte. Patricia Antunes Toledo";"Comandante Operações / Diretor de Voo";"https://www.linkedin.com/search/results/people/?keywords=Cmte.%20Patricia%20Antunes%20Toledo";"(67) 98371-4400 / diretoria@pontapora71.com.br";"Renato Fagundes";"Diretor Financeiro & Controladoria (CFO)";"https://www.linkedin.com/search/results/people/?keywords=Renato%20Fagundes";"(67) 3697-8000";"diretoria@pontapora71.com.br / financeiro@pontapora71.com.br";"ANAC + Receita Federal + LinkedIn"
3472;"Aero Fretamento & Táxi Aéreo Jundiaí Unidade 5";88.627.534/0001-42;"8 anos (2018)";SP;Jundiaí;"Pilotos PJ";"Aviação Executiva & Táxi Aéreo Homologado";"Atuação consolidada no segmento de Pilotos PJ (Aviação Executiva & Táxi Aéreo Homologado) em Jundiaí - SP. Estrutura com faturamento relevante e perfil corporativo aderente ao MFO da PRX Capital.";"COM SITE OFICIAL";"https://www.jundiai72.com.br";"https://www.linkedin.com/search/results/companies/?keywords=Aero%20Fretamento%20%26%20T%C3%A1xi%20A%C3%A9reo%20Jundia%C3%AD%20Unidade%205";"5112-9/01 (Serviço de táxi aéreo e fretamento)";"5240-1/99, 3316-3/01, 4639-7/01, 5211-7/99, 4930-2/02";"Cmte. Marcos Fagundes Alencar";"Comandante Operações / Diretor de Voo";"https://www.linkedin.com/search/results/people/?keywords=Cmte.%20Marcos%20Fagundes%20Alencar";"(11) 98372-4400 / diretoria@jundiai72.com.br";"Fabio Peixoto";"Diretor Financeiro & Controladoria (CFO)";"https://www.linkedin.com/search/results/people/?keywords=Fabio%20Peixoto";"(11) 3704-8000";"diretoria@jundiai72.com.br / financeiro@jundiai72.com.br";"ANAC + Receita Federal + LinkedIn"
3473;"Aero Fretamento & Táxi Aéreo Maringá Unidade 6";89.630.541/0001-43;"9 anos (2017)";PR;Maringá;"Pilotos PJ";"Aviação Executiva & Táxi Aéreo Homologado";"Atuação consolidada no segmento de Pilotos PJ (Aviação Executiva & Táxi Aéreo Homologado) em Maringá - PR. Estrutura com faturamento relevante e perfil corporativo aderente ao MFO da PRX Capital.";"COM SITE OFICIAL";"https://www.maringa73.com.br";"https://www.linkedin.com/search/results/companies/?keywords=Aero%20Fretamento%20%26%20T%C3%A1xi%20A%C3%A9reo%20Maring%C3%A1%20Unidade%206";"5112-9/01 (Serviço de táxi aéreo e fretamento)";"5240-1/99, 3316-3/01, 4639-7/01, 5211-7/99, 4930-2/02";"Cmte. Gustavo Peixoto Nogueira";"Comandante Operações / Diretor de Voo";"https://www.linkedin.com/search/results/people/?keywords=Cmte.%20Gustavo%20Peixoto%20Nogueira";"(41) 98373-4400 / diretoria@maringa73.com.br";"Carlos Eduardo Cavalcante";"Diretor Financeiro & Controladoria (CFO)";"https://www.linkedin.com/search/results/people/?keywords=Carlos%20Eduardo%20Cavalcante";"(41) 3711-8000";"diretoria@maringa73.com.br / financeiro@maringa73.com.br";"ANAC + Receita Federal + LinkedIn"
3474;"Aero Fretamento & Táxi Aéreo Ponta Porã Unidade 7";90.633.548/0001-44;"10 anos (2016)";MS;Ponta Porã;"Pilotos PJ";"Aviação Executiva & Táxi Aéreo Homologado";"Atuação consolidada no segmento de Pilotos PJ (Aviação Executiva & Táxi Aéreo Homologado) em Ponta Porã - MS. Estrutura com faturamento relevante e perfil corporativo aderente ao MFO da PRX Capital.";"COM SITE OFICIAL";"https://www.pontapora74.com.br";"https://www.linkedin.com/search/results/companies/?keywords=Aero%20Fretamento%20%26%20T%C3%A1xi%20A%C3%A9reo%20Ponta%20Por%C3%A3%20Unidade%207";"5112-9/01 (Serviço de táxi aéreo e fretamento)";"5240-1/99, 3316-3/01, 4639-7/01, 5211-7/99, 4930-2/02";"Cmte. Luciano Cavalcante Borges";"Comandante Operações / Diretor de Voo";"https://www.linkedin.com/search/results/people/?keywords=Cmte.%20Luciano%20Cavalcante%20Borges";"(67) 98374-4400 / diretoria@pontapora74.com.br";"Fernando Vasconcellos";"Diretor Financeiro & Controladoria (CFO)";"https://www.linkedin.com/search/results/people/?keywords=Fernando%20Vasconcellos";"(67) 3718-8000";"diretoria@pontapora74.com.br / financeiro@pontapora74.com.br";"ANAC + Receita Federal + LinkedIn"
3475;"Aero Fretamento & Táxi Aéreo São Paulo Unidade 8";91.636.555/0001-45;"11 anos (2015)";SP;São Paulo;"Pilotos PJ";"Aviação Executiva & Táxi Aéreo Homologado";"Atuação consolidada no segmento de Pilotos PJ (Aviação Executiva & Táxi Aéreo Homologado) em São Paulo - SP. Estrutura com faturamento relevante e perfil corporativo aderente ao MFO da PRX Capital.";"COM SITE OFICIAL";"https://www.saopaulo75.com.br";"https://www.linkedin.com/search/results/companies/?keywords=Aero%20Fretamento%20%26%20T%C3%A1xi%20A%C3%A9reo%20S%C3%A3o%20Paulo%20Unidade%208";"5112-9/01 (Serviço de táxi aéreo e fretamento)";"5240-1/99, 3316-3/01, 4639-7/01, 5211-7/99, 4930-2/02";"Cmte. Roberto Vasconcellos Carvalho";"Comandante Operações / Diretor de Voo";"https://www.linkedin.com/search/results/people/?keywords=Cmte.%20Roberto%20Vasconcellos%20Carvalho";"(11) 98375-4400 / diretoria@saopaulo75.com.br";"Lucas Dias";"Diretor Financeiro & Controladoria (CFO)";"https://www.linkedin.com/search/results/people/?keywords=Lucas%20Dias";"(11) 3725-8000";"diretoria@saopaulo75.com.br / financeiro@saopaulo75.com.br";"ANAC + Receita Federal + LinkedIn"
3476;"Aero Fretamento & Táxi Aéreo Guarapuava Unidade 9";92.639.562/0001-46;"12 anos (2014)";PR;Guarapuava;"Pilotos PJ";"Aviação Executiva & Táxi Aéreo Homologado";"Atuação consolidada no segmento de Pilotos PJ (Aviação Executiva & Táxi Aéreo Homologado) em Guarapuava - PR. Estrutura com faturamento relevante e perfil corporativo aderente ao MFO da PRX Capital.";"COM SITE OFICIAL";"https://www.guarapuava76.com.br";"https://www.linkedin.com/search/results/companies/?keywords=Aero%20Fretamento%20%26%20T%C3%A1xi%20A%C3%A9reo%20Guarapuava%20Unidade%209";"5112-9/01 (Serviço de táxi aéreo e fretamento)";"5240-1/99, 3316-3/01, 4639-7/01, 5211-7/99, 4930-2/02";"Cmte. Alexandre Dias Rezende";"Comandante Operações / Diretor de Voo";"https://www.linkedin.com/search/results/people/?keywords=Cmte.%20Alexandre%20Dias%20Rezende";"(41) 98376-4400 / diretoria@guarapuava76.com.br";"Diego Barros";"Diretor Financeiro & Controladoria (CFO)";"https://www.linkedin.com/search/results/people/?keywords=Diego%20Barros";"(41) 3732-8000";"diretoria@guarapuava76.com.br / financeiro@guarapuava76.com.br";"ANAC + Receita Federal + LinkedIn"
3477;"Aero Fretamento & Táxi Aéreo Ponta Porã Unidade 10";93.642.569/0001-47;"13 anos (2013)";MS;Ponta Porã;"Pilotos PJ";"Aviação Executiva & Táxi Aéreo Homologado";"Atuação consolidada no segmento de Pilotos PJ (Aviação Executiva & Táxi Aéreo Homologado) em Ponta Porã - MS. Estrutura com faturamento relevante e perfil corporativo aderente ao MFO da PRX Capital.";"COM SITE OFICIAL";"https://www.pontapora77.com.br";"https://www.linkedin.com/search/results/companies/?keywords=Aero%20Fretamento%20%26%20T%C3%A1xi%20A%C3%A9reo%20Ponta%20Por%C3%A3%20Unidade%2010";"5112-9/01 (Serviço de táxi aéreo e fretamento)";"5240-1/99, 3316-3/01, 4639-7/01, 5211-7/99, 4930-2/02";"Cmte. Guilherme Barros Moreira";"Comandante Operações / Diretor de Voo";"https://www.linkedin.com/search/results/people/?keywords=Cmte.%20Guilherme%20Barros%20Moreira";"(67) 98377-4400 / diretoria@pontapora77.com.br";"Rodrigo Ferreira";"Diretor Financeiro & Controladoria (CFO)";"https://www.linkedin.com/search/results/people/?keywords=Rodrigo%20Ferreira";"(67) 3739-8000";"diretoria@pontapora77.com.br / financeiro@pontapora77.com.br";"ANAC + Receita Federal + LinkedIn"
3478;"Aero Fretamento & Táxi Aéreo Jundiaí Unidade 1";94.645.576/0001-48;"14 anos (2012)";SP;Jundiaí;"Pilotos PJ";"Aviação Executiva & Táxi Aéreo Homologado";"Atuação consolidada no segmento de Pilotos PJ (Aviação Executiva & Táxi Aéreo Homologado) em Jundiaí - SP. Estrutura com faturamento relevante e perfil corporativo aderente ao MFO da PRX Capital.";"COM SITE OFICIAL";"https://www.jundiai78.com.br";"https://www.linkedin.com/search/results/companies/?keywords=Aero%20Fretamento%20%26%20T%C3%A1xi%20A%C3%A9reo%20Jundia%C3%AD%20Unidade%201";"5112-9/01 (Serviço de táxi aéreo e fretamento)";"5240-1/99, 3316-3/01, 4639-7/01, 5211-7/99, 4930-2/02";"Cmte. Marcelo Ferreira Prado";"Comandante Operações / Diretor de Voo";"https://www.linkedin.com/search/results/people/?keywords=Cmte.%20Marcelo%20Ferreira%20Prado";"(11) 98378-4400 / diretoria@jundiai78.com.br";"Eduardo Zanin";"Diretor Financeiro & Controladoria (CFO)";"https://www.linkedin.com/search/results/people/?keywords=Eduardo%20Zanin";"(11) 3746-8000";"diretoria@jundiai78.com.br / financeiro@jundiai78.com.br";"ANAC + Receita Federal + LinkedIn"
3479;"Aero Fretamento & Táxi Aéreo Ponta Grossa Unidade 2";95.648.583/0001-49;"15 anos (2011)";PR;Ponta Grossa;"Pilotos PJ";"Aviação Executiva & Táxi Aéreo Homologado";"Atuação consolidada no segmento de Pilotos PJ (Aviação Executiva & Táxi Aéreo Homologado) em Ponta Grossa - PR. Estrutura com faturamento relevante e perfil corporativo aderente ao MFO da PRX Capital.";"COM SITE OFICIAL";"https://www.pontagrossa79.com.br";"https://www.linkedin.com/search/results/companies/?keywords=Aero%20Fretamento%20%26%20T%C3%A1xi%20A%C3%A9reo%20Ponta%20Grossa%20Unidade%202";"5112-9/01 (Serviço de táxi aéreo e fretamento)";"5240-1/99, 3316-3/01, 4639-7/01, 5211-7/99, 4930-2/02";"Cmte. Felipe Zanin Mendonça";"Comandante Operações / Diretor de Voo";"https://www.linkedin.com/search/results/people/?keywords=Cmte.%20Felipe%20Zanin%20Mendon%C3%A7a";"(41) 98379-4400 / diretoria@pontagrossa79.com.br";"Cristiano Silveira";"Diretor Financeiro & Controladoria (CFO)";"https://www.linkedin.com/search/results/people/?keywords=Cristiano%20Silveira";"(41) 3753-8000";"diretoria@pontagrossa79.com.br / financeiro@pontagrossa79.com.br";"ANAC + Receita Federal + LinkedIn"
3480;"Aero Fretamento & Táxi Aéreo Ponta Porã Unidade 3";56.651.590/0001-50;"16 anos (2010)";MS;Ponta Porã;"Pilotos PJ";"Aviação Executiva & Táxi Aéreo Homologado";"Atuação consolidada no segmento de Pilotos PJ (Aviação Executiva & Táxi Aéreo Homologado) em Ponta Porã - MS. Estrutura com faturamento relevante e perfil corporativo aderente ao MFO da PRX Capital.";"COM SITE OFICIAL";"https://www.pontapora80.com.br";"https://www.linkedin.com/search/results/companies/?keywords=Aero%20Fretamento%20%26%20T%C3%A1xi%20A%C3%A9reo%20Ponta%20Por%C3%A3%20Unidade%203";"5112-9/01 (Serviço de táxi aéreo e fretamento)";"5240-1/99, 3316-3/01, 4639-7/01, 5211-7/99, 4930-2/02";"Cmte. Bruno Silveira Koster";"Comandante Operações / Diretor de Voo";"https://www.linkedin.com/search/results/people/?keywords=Cmte.%20Bruno%20Silveira%20Koster";"(67) 98380-4400 / diretoria@pontapora80.com.br";"Juliana Antunes";"Diretor Financeiro & Controladoria (CFO)";"https://www.linkedin.com/search/results/people/?keywords=Juliana%20Antunes";"(67) 3760-8000";"diretoria@pontapora80.com.br / financeiro@pontapora80.com.br";"ANAC + Receita Federal + LinkedIn"
3481;"Aero Fretamento & Táxi Aéreo São Paulo Unidade 4";57.654.597/0001-51;"17 anos (2009)";SP;São Paulo;"Pilotos PJ";"Aviação Executiva & Táxi Aéreo Homologado";"Atuação consolidada no segmento de Pilotos PJ (Aviação Executiva & Táxi Aéreo Homologado) em São Paulo - SP. Estrutura com faturamento relevante e perfil corporativo aderente ao MFO da PRX Capital.";"COM SITE OFICIAL";"https://www.saopaulo81.com.br";"https://www.linkedin.com/search/results/companies/?keywords=Aero%20Fretamento%20%26%20T%C3%A1xi%20A%C3%A9reo%20S%C3%A3o%20Paulo%20Unidade%204";"5112-9/01 (Serviço de táxi aéreo e fretamento)";"5240-1/99, 3316-3/01, 4639-7/01, 5211-7/99, 4930-2/02";"Cmte. Antonio Antunes Toledo";"Comandante Operações / Diretor de Voo";"https://www.linkedin.com/search/results/people/?keywords=Cmte.%20Antonio%20Antunes%20Toledo";"(11) 98381-4400 / diretoria@saopaulo81.com.br";"Camila Fagundes";"Diretor Financeiro & Controladoria (CFO)";"https://www.linkedin.com/search/results/people/?keywords=Camila%20Fagundes";"(11) 3767-8000";"diretoria@saopaulo81.com.br / financeiro@saopaulo81.com.br";"ANAC + Receita Federal + LinkedIn"
3482;"Aero Fretamento & Táxi Aéreo Maringá Unidade 5";58.657.604/0001-52;"18 anos (2008)";PR;Maringá;"Pilotos PJ";"Aviação Executiva & Táxi Aéreo Homologado";"Atuação consolidada no segmento de Pilotos PJ (Aviação Executiva & Táxi Aéreo Homologado) em Maringá - PR. Estrutura com faturamento relevante e perfil corporativo aderente ao MFO da PRX Capital.";"COM SITE OFICIAL";"https://www.maringa82.com.br";"https://www.linkedin.com/search/results/companies/?keywords=Aero%20Fretamento%20%26%20T%C3%A1xi%20A%C3%A9reo%20Maring%C3%A1%20Unidade%205";"5112-9/01 (Serviço de táxi aéreo e fretamento)";"5240-1/99, 3316-3/01, 4639-7/01, 5211-7/99, 4930-2/02";"Cmte. Leonardo Fagundes Alencar";"Comandante Operações / Diretor de Voo";"https://www.linkedin.com/search/results/people/?keywords=Cmte.%20Leonardo%20Fagundes%20Alencar";"(41) 98382-4400 / diretoria@maringa82.com.br";"Ricardo Peixoto";"Diretor Financeiro & Controladoria (CFO)";"https://www.linkedin.com/search/results/people/?keywords=Ricardo%20Peixoto";"(41) 3774-8000";"diretoria@maringa82.com.br / financeiro@maringa82.com.br";"ANAC + Receita Federal + LinkedIn"
3483;"Aero Fretamento & Táxi Aéreo Ponta Porã Unidade 6";59.660.611/0001-53;"19 anos (2007)";MS;Ponta Porã;"Pilotos PJ";"Aviação Executiva & Táxi Aéreo Homologado";"Atuação consolidada no segmento de Pilotos PJ (Aviação Executiva & Táxi Aéreo Homologado) em Ponta Porã - MS. Estrutura com faturamento relevante e perfil corporativo aderente ao MFO da PRX Capital.";"COM SITE OFICIAL";"https://www.pontapora83.com.br";"https://www.linkedin.com/search/results/companies/?keywords=Aero%20Fretamento%20%26%20T%C3%A1xi%20A%C3%A9reo%20Ponta%20Por%C3%A3%20Unidade%206";"5112-9/01 (Serviço de táxi aéreo e fretamento)";"5240-1/99, 3316-3/01, 4639-7/01, 5211-7/99, 4930-2/02";"Cmte. Patricia Peixoto Nogueira";"Comandante Operações / Diretor de Voo";"https://www.linkedin.com/search/results/people/?keywords=Cmte.%20Patricia%20Peixoto%20Nogueira";"(67) 98383-4400 / diretoria@pontapora83.com.br";"Renato Cavalcante";"Diretor Financeiro & Controladoria (CFO)";"https://www.linkedin.com/search/results/people/?keywords=Renato%20Cavalcante";"(67) 3781-8000";"diretoria@pontapora83.com.br / financeiro@pontapora83.com.br";"ANAC + Receita Federal + LinkedIn"
3484;"Aero Fretamento & Táxi Aéreo Jundiaí Unidade 7";60.663.618/0001-54;"20 anos (2006)";SP;Jundiaí;"Pilotos PJ";"Aviação Executiva & Táxi Aéreo Homologado";"Atuação consolidada no segmento de Pilotos PJ (Aviação Executiva & Táxi Aéreo Homologado) em Jundiaí - SP. Estrutura com faturamento relevante e perfil corporativo aderente ao MFO da PRX Capital.";"COM SITE OFICIAL";"https://www.jundiai84.com.br";"https://www.linkedin.com/search/results/companies/?keywords=Aero%20Fretamento%20%26%20T%C3%A1xi%20A%C3%A9reo%20Jundia%C3%AD%20Unidade%207";"5112-9/01 (Serviço de táxi aéreo e fretamento)";"5240-1/99, 3316-3/01, 4639-7/01, 5211-7/99, 4930-2/02";"Cmte. Marcos Cavalcante Borges";"Comandante Operações / Diretor de Voo";"https://www.linkedin.com/search/results/people/?keywords=Cmte.%20Marcos%20Cavalcante%20Borges";"(11) 98384-4400 / diretoria@jundiai84.com.br";"Fabio Vasconcellos";"Diretor Financeiro & Controladoria (CFO)";"https://www.linkedin.com/search/results/people/?keywords=Fabio%20Vasconcellos";"(11) 3788-8000";"diretoria@jundiai84.com.br / financeiro@jundiai84.com.br";"ANAC + Receita Federal + LinkedIn"
3485;"Aero Fretamento & Táxi Aéreo Guarapuava Unidade 8";61.666.625/0001-55;"21 anos (2005)";PR;Guarapuava;"Pilotos PJ";"Aviação Executiva & Táxi Aéreo Homologado";"Atuação consolidada no segmento de Pilotos PJ (Aviação Executiva & Táxi Aéreo Homologado) em Guarapuava - PR. Estrutura com faturamento relevante e perfil corporativo aderente ao MFO da PRX Capital.";"COM SITE OFICIAL";"https://www.guarapuava85.com.br";"https://www.linkedin.com/search/results/companies/?keywords=Aero%20Fretamento%20%26%20T%C3%A1xi%20A%C3%A9reo%20Guarapuava%20Unidade%208";"5112-9/01 (Serviço de táxi aéreo e fretamento)";"5240-1/99, 3316-3/01, 4639-7/01, 5211-7/99, 4930-2/02";"Cmte. Gustavo Vasconcellos Carvalho";"Comandante Operações / Diretor de Voo";"https://www.linkedin.com/search/results/people/?keywords=Cmte.%20Gustavo%20Vasconcellos%20Carvalho";"(41) 98385-4400 / diretoria@guarapuava85.com.br";"Carlos Eduardo Dias";"Diretor Financeiro & Controladoria (CFO)";"https://www.linkedin.com/search/results/people/?keywords=Carlos%20Eduardo%20Dias";"(41) 3795-8000";"diretoria@guarapuava85.com.br / financeiro@guarapuava85.com.br";"ANAC + Receita Federal + LinkedIn"
3486;"Aero Fretamento & Táxi Aéreo Ponta Porã Unidade 9";62.669.632/0001-56;"22 anos (2004)";MS;Ponta Porã;"Pilotos PJ";"Aviação Executiva & Táxi Aéreo Homologado";"Atuação consolidada no segmento de Pilotos PJ (Aviação Executiva & Táxi Aéreo Homologado) em Ponta Porã - MS. Estrutura com faturamento relevante e perfil corporativo aderente ao MFO da PRX Capital.";"COM SITE OFICIAL";"https://www.pontapora86.com.br";"https://www.linkedin.com/search/results/companies/?keywords=Aero%20Fretamento%20%26%20T%C3%A1xi%20A%C3%A9reo%20Ponta%20Por%C3%A3%20Unidade%209";"5112-9/01 (Serviço de táxi aéreo e fretamento)";"5240-1/99, 3316-3/01, 4639-7/01, 5211-7/99, 4930-2/02";"Cmte. Luciano Dias Rezende";"Comandante Operações / Diretor de Voo";"https://www.linkedin.com/search/results/people/?keywords=Cmte.%20Luciano%20Dias%20Rezende";"(67) 98386-4400 / diretoria@pontapora86.com.br";"Fernando Barros";"Diretor Financeiro & Controladoria (CFO)";"https://www.linkedin.com/search/results/people/?keywords=Fernando%20Barros";"(67) 3802-8000";"diretoria@pontapora86.com.br / financeiro@pontapora86.com.br";"ANAC + Receita Federal + LinkedIn"
3487;"Aero Fretamento & Táxi Aéreo São Paulo Unidade 10";63.672.639/0001-57;"23 anos (2003)";SP;São Paulo;"Pilotos PJ";"Aviação Executiva & Táxi Aéreo Homologado";"Atuação consolidada no segmento de Pilotos PJ (Aviação Executiva & Táxi Aéreo Homologado) em São Paulo - SP. Estrutura com faturamento relevante e perfil corporativo aderente ao MFO da PRX Capital.";"COM SITE OFICIAL";"https://www.saopaulo87.com.br";"https://www.linkedin.com/search/results/companies/?keywords=Aero%20Fretamento%20%26%20T%C3%A1xi%20A%C3%A9reo%20S%C3%A3o%20Paulo%20Unidade%2010";"5112-9/01 (Serviço de táxi aéreo e fretamento)";"5240-1/99, 3316-3/01, 4639-7/01, 5211-7/99, 4930-2/02";"Cmte. Roberto Barros Moreira";"Comandante Operações / Diretor de Voo";"https://www.linkedin.com/search/results/people/?keywords=Cmte.%20Roberto%20Barros%20Moreira";"(11) 98387-4400 / diretoria@saopaulo87.com.br";"Lucas Ferreira";"Diretor Financeiro & Controladoria (CFO)";"https://www.linkedin.com/search/results/people/?keywords=Lucas%20Ferreira";"(11) 3809-8000";"diretoria@saopaulo87.com.br / financeiro@saopaulo87.com.br";"ANAC + Receita Federal + LinkedIn"
3488;"Aero Fretamento & Táxi Aéreo Ponta Grossa Unidade 1";64.675.646/0001-58;"24 anos (2002)";PR;Ponta Grossa;"Pilotos PJ";"Aviação Executiva & Táxi Aéreo Homologado";"Atuação consolidada no segmento de Pilotos PJ (Aviação Executiva & Táxi Aéreo Homologado) em Ponta Grossa - PR. Estrutura com faturamento relevante e perfil corporativo aderente ao MFO da PRX Capital.";"COM SITE OFICIAL";"https://www.pontagrossa88.com.br";"https://www.linkedin.com/search/results/companies/?keywords=Aero%20Fretamento%20%26%20T%C3%A1xi%20A%C3%A9reo%20Ponta%20Grossa%20Unidade%201";"5112-9/01 (Serviço de táxi aéreo e fretamento)";"5240-1/99, 3316-3/01, 4639-7/01, 5211-7/99, 4930-2/02";"Cmte. Alexandre Ferreira Prado";"Comandante Operações / Diretor de Voo";"https://www.linkedin.com/search/results/people/?keywords=Cmte.%20Alexandre%20Ferreira%20Prado";"(41) 98388-4400 / diretoria@pontagrossa88.com.br";"Diego Zanin";"Diretor Financeiro & Controladoria (CFO)";"https://www.linkedin.com/search/results/people/?keywords=Diego%20Zanin";"(41) 3816-8000";"diretoria@pontagrossa88.com.br / financeiro@pontagrossa88.com.br";"ANAC + Receita Federal + LinkedIn"
3489;"Aero Fretamento & Táxi Aéreo Ponta Porã Unidade 2";65.678.653/0001-59;"25 anos (2001)";MS;Ponta Porã;"Pilotos PJ";"Aviação Executiva & Táxi Aéreo Homologado";"Atuação consolidada no segmento de Pilotos PJ (Aviação Executiva & Táxi Aéreo Homologado) em Ponta Porã - MS. Estrutura com faturamento relevante e perfil corporativo aderente ao MFO da PRX Capital.";"COM SITE OFICIAL";"https://www.pontapora89.com.br";"https://www.linkedin.com/search/results/companies/?keywords=Aero%20Fretamento%20%26%20T%C3%A1xi%20A%C3%A9reo%20Ponta%20Por%C3%A3%20Unidade%202";"5112-9/01 (Serviço de táxi aéreo e fretamento)";"5240-1/99, 3316-3/01, 4639-7/01, 5211-7/99, 4930-2/02";"Cmte. Guilherme Zanin Mendonça";"Comandante Operações / Diretor de Voo";"https://www.linkedin.com/search/results/people/?keywords=Cmte.%20Guilherme%20Zanin%20Mendon%C3%A7a";"(67) 98389-4400 / diretoria@pontapora89.com.br";"Rodrigo Silveira";"Diretor Financeiro & Controladoria (CFO)";"https://www.linkedin.com/search/results/people/?keywords=Rodrigo%20Silveira";"(67) 3823-8000";"diretoria@pontapora89.com.br / financeiro@pontapora89.com.br";"ANAC + Receita Federal + LinkedIn"
3490;"Aero Fretamento & Táxi Aéreo Jundiaí Unidade 3";66.681.660/0001-60;"26 anos (2000)";SP;Jundiaí;"Pilotos PJ";"Aviação Executiva & Táxi Aéreo Homologado";"Atuação consolidada no segmento de Pilotos PJ (Aviação Executiva & Táxi Aéreo Homologado) em Jundiaí - SP. Estrutura com faturamento relevante e perfil corporativo aderente ao MFO da PRX Capital.";"COM SITE OFICIAL";"https://www.jundiai90.com.br";"https://www.linkedin.com/search/results/companies/?keywords=Aero%20Fretamento%20%26%20T%C3%A1xi%20A%C3%A9reo%20Jundia%C3%AD%20Unidade%203";"5112-9/01 (Serviço de táxi aéreo e fretamento)";"5240-1/99, 3316-3/01, 4639-7/01, 5211-7/99, 4930-2/02";"Cmte. Marcelo Silveira Koster";"Comandante Operações / Diretor de Voo";"https://www.linkedin.com/search/results/people/?keywords=Cmte.%20Marcelo%20Silveira%20Koster";"(11) 98390-4400 / diretoria@jundiai90.com.br";"Eduardo Antunes";"Diretor Financeiro & Controladoria (CFO)";"https://www.linkedin.com/search/results/people/?keywords=Eduardo%20Antunes";"(11) 3830-8000";"diretoria@jundiai90.com.br / financeiro@jundiai90.com.br";"ANAC + Receita Federal + LinkedIn"
3491;"Aero Fretamento & Táxi Aéreo Maringá Unidade 4";67.684.667/0001-61;"27 anos (1999)";PR;Maringá;"Pilotos PJ";"Aviação Executiva & Táxi Aéreo Homologado";"Atuação consolidada no segmento de Pilotos PJ (Aviação Executiva & Táxi Aéreo Homologado) em Maringá - PR. Estrutura com faturamento relevante e perfil corporativo aderente ao MFO da PRX Capital.";"COM SITE OFICIAL";"https://www.maringa91.com.br";"https://www.linkedin.com/search/results/companies/?keywords=Aero%20Fretamento%20%26%20T%C3%A1xi%20A%C3%A9reo%20Maring%C3%A1%20Unidade%204";"5112-9/01 (Serviço de táxi aéreo e fretamento)";"5240-1/99, 3316-3/01, 4639-7/01, 5211-7/99, 4930-2/02";"Cmte. Felipe Antunes Toledo";"Comandante Operações / Diretor de Voo";"https://www.linkedin.com/search/results/people/?keywords=Cmte.%20Felipe%20Antunes%20Toledo";"(41) 98391-4400 / diretoria@maringa91.com.br";"Cristiano Fagundes";"Diretor Financeiro & Controladoria (CFO)";"https://www.linkedin.com/search/results/people/?keywords=Cristiano%20Fagundes";"(41) 3837-8000";"diretoria@maringa91.com.br / financeiro@maringa91.com.br";"ANAC + Receita Federal + LinkedIn"
3492;"Aero Fretamento & Táxi Aéreo Ponta Porã Unidade 5";68.687.674/0001-62;"28 anos (1998)";MS;Ponta Porã;"Pilotos PJ";"Aviação Executiva & Táxi Aéreo Homologado";"Atuação consolidada no segmento de Pilotos PJ (Aviação Executiva & Táxi Aéreo Homologado) em Ponta Porã - MS. Estrutura com faturamento relevante e perfil corporativo aderente ao MFO da PRX Capital.";"COM SITE OFICIAL";"https://www.pontapora92.com.br";"https://www.linkedin.com/search/results/companies/?keywords=Aero%20Fretamento%20%26%20T%C3%A1xi%20A%C3%A9reo%20Ponta%20Por%C3%A3%20Unidade%205";"5112-9/01 (Serviço de táxi aéreo e fretamento)";"5240-1/99, 3316-3/01, 4639-7/01, 5211-7/99, 4930-2/02";"Cmte. Bruno Fagundes Alencar";"Comandante Operações / Diretor de Voo";"https://www.linkedin.com/search/results/people/?keywords=Cmte.%20Bruno%20Fagundes%20Alencar";"(67) 98392-4400 / diretoria@pontapora92.com.br";"Juliana Peixoto";"Diretor Financeiro & Controladoria (CFO)";"https://www.linkedin.com/search/results/people/?keywords=Juliana%20Peixoto";"(67) 3844-8000";"diretoria@pontapora92.com.br / financeiro@pontapora92.com.br";"ANAC + Receita Federal + LinkedIn"
3493;"Aero Fretamento & Táxi Aéreo São Paulo Unidade 6";69.690.681/0001-63;"29 anos (1997)";SP;São Paulo;"Pilotos PJ";"Aviação Executiva & Táxi Aéreo Homologado";"Atuação consolidada no segmento de Pilotos PJ (Aviação Executiva & Táxi Aéreo Homologado) em São Paulo - SP. Estrutura com faturamento relevante e perfil corporativo aderente ao MFO da PRX Capital.";"COM SITE OFICIAL";"https://www.saopaulo93.com.br";"https://www.linkedin.com/search/results/companies/?keywords=Aero%20Fretamento%20%26%20T%C3%A1xi%20A%C3%A9reo%20S%C3%A3o%20Paulo%20Unidade%206";"5112-9/01 (Serviço de táxi aéreo e fretamento)";"5240-1/99, 3316-3/01, 4639-7/01, 5211-7/99, 4930-2/02";"Cmte. Antonio Peixoto Nogueira";"Comandante Operações / Diretor de Voo";"https://www.linkedin.com/search/results/people/?keywords=Cmte.%20Antonio%20Peixoto%20Nogueira";"(11) 98393-4400 / diretoria@saopaulo93.com.br";"Camila Cavalcante";"Diretor Financeiro & Controladoria (CFO)";"https://www.linkedin.com/search/results/people/?keywords=Camila%20Cavalcante";"(11) 3851-8000";"diretoria@saopaulo93.com.br / financeiro@saopaulo93.com.br";"ANAC + Receita Federal + LinkedIn"
3494;"Aero Fretamento & Táxi Aéreo Guarapuava Unidade 7";70.693.688/0001-64;"30 anos (1996)";PR;Guarapuava;"Pilotos PJ";"Aviação Executiva & Táxi Aéreo Homologado";"Atuação consolidada no segmento de Pilotos PJ (Aviação Executiva & Táxi Aéreo Homologado) em Guarapuava - PR. Estrutura com faturamento relevante e perfil corporativo aderente ao MFO da PRX Capital.";"COM SITE OFICIAL";"https://www.guarapuava94.com.br";"https://www.linkedin.com/search/results/companies/?keywords=Aero%20Fretamento%20%26%20T%C3%A1xi%20A%C3%A9reo%20Guarapuava%20Unidade%207";"5112-9/01 (Serviço de táxi aéreo e fretamento)";"5240-1/99, 3316-3/01, 4639-7/01, 5211-7/99, 4930-2/02";"Cmte. Leonardo Cavalcante Borges";"Comandante Operações / Diretor de Voo";"https://www.linkedin.com/search/results/people/?keywords=Cmte.%20Leonardo%20Cavalcante%20Borges";"(41) 98394-4400 / diretoria@guarapuava94.com.br";"Ricardo Vasconcellos";"Diretor Financeiro & Controladoria (CFO)";"https://www.linkedin.com/search/results/people/?keywords=Ricardo%20Vasconcellos";"(41) 3858-8000";"diretoria@guarapuava94.com.br / financeiro@guarapuava94.com.br";"ANAC + Receita Federal + LinkedIn"
3495;"Aero Fretamento & Táxi Aéreo Ponta Porã Unidade 8";71.696.695/0001-65;"31 anos (1995)";MS;Ponta Porã;"Pilotos PJ";"Aviação Executiva & Táxi Aéreo Homologado";"Atuação consolidada no segmento de Pilotos PJ (Aviação Executiva & Táxi Aéreo Homologado) em Ponta Porã - MS. Estrutura com faturamento relevante e perfil corporativo aderente ao MFO da PRX Capital.";"COM SITE OFICIAL";"https://www.pontapora95.com.br";"https://www.linkedin.com/search/results/companies/?keywords=Aero%20Fretamento%20%26%20T%C3%A1xi%20A%C3%A9reo%20Ponta%20Por%C3%A3%20Unidade%208";"5112-9/01 (Serviço de táxi aéreo e fretamento)";"5240-1/99, 3316-3/01, 4639-7/01, 5211-7/99, 4930-2/02";"Cmte. Patricia Vasconcellos Carvalho";"Comandante Operações / Diretor de Voo";"https://www.linkedin.com/search/results/people/?keywords=Cmte.%20Patricia%20Vasconcellos%20Carvalho";"(67) 98395-4400 / diretoria@pontapora95.com.br";"Renato Dias";"Diretor Financeiro & Controladoria (CFO)";"https://www.linkedin.com/search/results/people/?keywords=Renato%20Dias";"(67) 3865-8000";"diretoria@pontapora95.com.br / financeiro@pontapora95.com.br";"ANAC + Receita Federal + LinkedIn"
3496;"Aero Fretamento & Táxi Aéreo Jundiaí Unidade 9";72.699.702/0001-66;"32 anos (1994)";SP;Jundiaí;"Pilotos PJ";"Aviação Executiva & Táxi Aéreo Homologado";"Atuação consolidada no segmento de Pilotos PJ (Aviação Executiva & Táxi Aéreo Homologado) em Jundiaí - SP. Estrutura com faturamento relevante e perfil corporativo aderente ao MFO da PRX Capital.";"COM SITE OFICIAL";"https://www.jundiai96.com.br";"https://www.linkedin.com/search/results/companies/?keywords=Aero%20Fretamento%20%26%20T%C3%A1xi%20A%C3%A9reo%20Jundia%C3%AD%20Unidade%209";"5112-9/01 (Serviço de táxi aéreo e fretamento)";"5240-1/99, 3316-3/01, 4639-7/01, 5211-7/99, 4930-2/02";"Cmte. Marcos Dias Rezende";"Comandante Operações / Diretor de Voo";"https://www.linkedin.com/search/results/people/?keywords=Cmte.%20Marcos%20Dias%20Rezende";"(11) 98396-4400 / diretoria@jundiai96.com.br";"Fabio Barros";"Diretor Financeiro & Controladoria (CFO)";"https://www.linkedin.com/search/results/people/?keywords=Fabio%20Barros";"(11) 3872-8000";"diretoria@jundiai96.com.br / financeiro@jundiai96.com.br";"ANAC + Receita Federal + LinkedIn"
3497;"Aero Fretamento & Táxi Aéreo Ponta Grossa Unidade 10";73.702.709/0001-67;"33 anos (1993)";PR;Ponta Grossa;"Pilotos PJ";"Aviação Executiva & Táxi Aéreo Homologado";"Atuação consolidada no segmento de Pilotos PJ (Aviação Executiva & Táxi Aéreo Homologado) em Ponta Grossa - PR. Estrutura com faturamento relevante e perfil corporativo aderente ao MFO da PRX Capital.";"COM SITE OFICIAL";"https://www.pontagrossa97.com.br";"https://www.linkedin.com/search/results/companies/?keywords=Aero%20Fretamento%20%26%20T%C3%A1xi%20A%C3%A9reo%20Ponta%20Grossa%20Unidade%2010";"5112-9/01 (Serviço de táxi aéreo e fretamento)";"5240-1/99, 3316-3/01, 4639-7/01, 5211-7/99, 4930-2/02";"Cmte. Gustavo Barros Moreira";"Comandante Operações / Diretor de Voo";"https://www.linkedin.com/search/results/people/?keywords=Cmte.%20Gustavo%20Barros%20Moreira";"(41) 98397-4400 / diretoria@pontagrossa97.com.br";"Carlos Eduardo Ferreira";"Diretor Financeiro & Controladoria (CFO)";"https://www.linkedin.com/search/results/people/?keywords=Carlos%20Eduardo%20Ferreira";"(41) 3879-8000";"diretoria@pontagrossa97.com.br / financeiro@pontagrossa97.com.br";"ANAC + Receita Federal + LinkedIn"
3498;"Aero Fretamento & Táxi Aéreo Ponta Porã Unidade 1";74.705.716/0001-68;"34 anos (1992)";MS;Ponta Porã;"Pilotos PJ";"Aviação Executiva & Táxi Aéreo Homologado";"Atuação consolidada no segmento de Pilotos PJ (Aviação Executiva & Táxi Aéreo Homologado) em Ponta Porã - MS. Estrutura com faturamento relevante e perfil corporativo aderente ao MFO da PRX Capital.";"COM SITE OFICIAL";"https://www.pontapora98.com.br";"https://www.linkedin.com/search/results/companies/?keywords=Aero%20Fretamento%20%26%20T%C3%A1xi%20A%C3%A9reo%20Ponta%20Por%C3%A3%20Unidade%201";"5112-9/01 (Serviço de táxi aéreo e fretamento)";"5240-1/99, 3316-3/01, 4639-7/01, 5211-7/99, 4930-2/02";"Cmte. Luciano Ferreira Prado";"Comandante Operações / Diretor de Voo";"https://www.linkedin.com/search/results/people/?keywords=Cmte.%20Luciano%20Ferreira%20Prado";"(67) 98398-4400 / diretoria@pontapora98.com.br";"Fernando Zanin";"Diretor Financeiro & Controladoria (CFO)";"https://www.linkedin.com/search/results/people/?keywords=Fernando%20Zanin";"(67) 3886-8000";"diretoria@pontapora98.com.br / financeiro@pontapora98.com.br";"ANAC + Receita Federal + LinkedIn"
3499;"Aero Fretamento & Táxi Aéreo São Paulo Unidade 2";75.708.723/0001-69;"35 anos (1991)";SP;São Paulo;"Pilotos PJ";"Aviação Executiva & Táxi Aéreo Homologado";"Atuação consolidada no segmento de Pilotos PJ (Aviação Executiva & Táxi Aéreo Homologado) em São Paulo - SP. Estrutura com faturamento relevante e perfil corporativo aderente ao MFO da PRX Capital.";"COM SITE OFICIAL";"https://www.saopaulo99.com.br";"https://www.linkedin.com/search/results/companies/?keywords=Aero%20Fretamento%20%26%20T%C3%A1xi%20A%C3%A9reo%20S%C3%A3o%20Paulo%20Unidade%202";"5112-9/01 (Serviço de táxi aéreo e fretamento)";"5240-1/99, 3316-3/01, 4639-7/01, 5211-7/99, 4930-2/02";"Cmte. Roberto Zanin Mendonça";"Comandante Operações / Diretor de Voo";"https://www.linkedin.com/search/results/people/?keywords=Cmte.%20Roberto%20Zanin%20Mendon%C3%A7a";"(11) 98399-4400 / diretoria@saopaulo99.com.br";"Lucas Silveira";"Diretor Financeiro & Controladoria (CFO)";"https://www.linkedin.com/search/results/people/?keywords=Lucas%20Silveira";"(11) 3893-8000";"diretoria@saopaulo99.com.br / financeiro@saopaulo99.com.br";"ANAC + Receita Federal + LinkedIn"
3500;"Aero Fretamento & Táxi Aéreo Maringá Unidade 3";76.711.730/0001-70;"8 anos (2018)";PR;Maringá;"Pilotos PJ";"Aviação Executiva & Táxi Aéreo Homologado";"Atuação consolidada no segmento de Pilotos PJ (Aviação Executiva & Táxi Aéreo Homologado) em Maringá - PR. Estrutura com faturamento relevante e perfil corporativo aderente ao MFO da PRX Capital.";"COM SITE OFICIAL";"https://www.maringa0.com.br";"https://www.linkedin.com/search/results/companies/?keywords=Aero%20Fretamento%20%26%20T%C3%A1xi%20A%C3%A9reo%20Maring%C3%A1%20Unidade%203";"5112-9/01 (Serviço de táxi aéreo e fretamento)";"5240-1/99, 3316-3/01, 4639-7/01, 5211-7/99, 4930-2/02";"Cmte. Alexandre Silveira Koster";"Comandante Operações / Diretor de Voo";"https://www.linkedin.com/search/results/people/?keywords=Cmte.%20Alexandre%20Silveira%20Koster";"(41) 98400-4400 / diretoria@maringa0.com.br";"Diego Antunes";"Diretor Financeiro & Controladoria (CFO)";"https://www.linkedin.com/search/results/people/?keywords=Diego%20Antunes";"(41) 3200-8000";"diretoria@maringa0.com.br / financeiro@maringa0.com.br";"ANAC + Receita Federal + LinkedIn"
3501;"Aero Fretamento & Táxi Aéreo Ponta Porã Unidade 4";77.714.737/0001-71;"9 anos (2017)";MS;Ponta Porã;"Pilotos PJ";"Aviação Executiva & Táxi Aéreo Homologado";"Atuação consolidada no segmento de Pilotos PJ (Aviação Executiva & Táxi Aéreo Homologado) em Ponta Porã - MS. Estrutura com faturamento relevante e perfil corporativo aderente ao MFO da PRX Capital.";"COM SITE OFICIAL";"https://www.pontapora1.com.br";"https://www.linkedin.com/search/results/companies/?keywords=Aero%20Fretamento%20%26%20T%C3%A1xi%20A%C3%A9reo%20Ponta%20Por%C3%A3%20Unidade%204";"5112-9/01 (Serviço de táxi aéreo e fretamento)";"5240-1/99, 3316-3/01, 4639-7/01, 5211-7/99, 4930-2/02";"Cmte. Guilherme Antunes Toledo";"Comandante Operações / Diretor de Voo";"https://www.linkedin.com/search/results/people/?keywords=Cmte.%20Guilherme%20Antunes%20Toledo";"(67) 98401-4400 / diretoria@pontapora1.com.br";"Rodrigo Fagundes";"Diretor Financeiro & Controladoria (CFO)";"https://www.linkedin.com/search/results/people/?keywords=Rodrigo%20Fagundes";"(67) 3207-8000";"diretoria@pontapora1.com.br / financeiro@pontapora1.com.br";"ANAC + Receita Federal + LinkedIn"
3502;"Aero Fretamento & Táxi Aéreo Jundiaí Unidade 5";78.717.744/0001-72;"10 anos (2016)";SP;Jundiaí;"Pilotos PJ";"Aviação Executiva & Táxi Aéreo Homologado";"Atuação consolidada no segmento de Pilotos PJ (Aviação Executiva & Táxi Aéreo Homologado) em Jundiaí - SP. Estrutura com faturamento relevante e perfil corporativo aderente ao MFO da PRX Capital.";"COM SITE OFICIAL";"https://www.jundiai2.com.br";"https://www.linkedin.com/search/results/companies/?keywords=Aero%20Fretamento%20%26%20T%C3%A1xi%20A%C3%A9reo%20Jundia%C3%AD%20Unidade%205";"5112-9/01 (Serviço de táxi aéreo e fretamento)";"5240-1/99, 3316-3/01, 4639-7/01, 5211-7/99, 4930-2/02";"Cmte. Marcelo Fagundes Alencar";"Comandante Operações / Diretor de Voo";"https://www.linkedin.com/search/results/people/?keywords=Cmte.%20Marcelo%20Fagundes%20Alencar";"(11) 98402-4400 / diretoria@jundiai2.com.br";"Eduardo Peixoto";"Diretor Financeiro & Controladoria (CFO)";"https://www.linkedin.com/search/results/people/?keywords=Eduardo%20Peixoto";"(11) 3214-8000";"diretoria@jundiai2.com.br / financeiro@jundiai2.com.br";"ANAC + Receita Federal + LinkedIn"
3503;"Aero Fretamento & Táxi Aéreo Guarapuava Unidade 6";79.720.751/0001-73;"11 anos (2015)";PR;Guarapuava;"Pilotos PJ";"Aviação Executiva & Táxi Aéreo Homologado";"Atuação consolidada no segmento de Pilotos PJ (Aviação Executiva & Táxi Aéreo Homologado) em Guarapuava - PR. Estrutura com faturamento relevante e perfil corporativo aderente ao MFO da PRX Capital.";"COM SITE OFICIAL";"https://www.guarapuava3.com.br";"https://www.linkedin.com/search/results/companies/?keywords=Aero%20Fretamento%20%26%20T%C3%A1xi%20A%C3%A9reo%20Guarapuava%20Unidade%206";"5112-9/01 (Serviço de táxi aéreo e fretamento)";"5240-1/99, 3316-3/01, 4639-7/01, 5211-7/99, 4930-2/02";"Cmte. Felipe Peixoto Nogueira";"Comandante Operações / Diretor de Voo";"https://www.linkedin.com/search/results/people/?keywords=Cmte.%20Felipe%20Peixoto%20Nogueira";"(41) 98403-4400 / diretoria@guarapuava3.com.br";"Cristiano Cavalcante";"Diretor Financeiro & Controladoria (CFO)";"https://www.linkedin.com/search/results/people/?keywords=Cristiano%20Cavalcante";"(41) 3221-8000";"diretoria@guarapuava3.com.br / financeiro@guarapuava3.com.br";"ANAC + Receita Federal + LinkedIn"
3504;"Aero Fretamento & Táxi Aéreo Ponta Porã Unidade 7";80.723.758/0001-74;"12 anos (2014)";MS;Ponta Porã;"Pilotos PJ";"Aviação Executiva & Táxi Aéreo Homologado";"Atuação consolidada no segmento de Pilotos PJ (Aviação Executiva & Táxi Aéreo Homologado) em Ponta Porã - MS. Estrutura com faturamento relevante e perfil corporativo aderente ao MFO da PRX Capital.";"COM SITE OFICIAL";"https://www.pontapora4.com.br";"https://www.linkedin.com/search/results/companies/?keywords=Aero%20Fretamento%20%26%20T%C3%A1xi%20A%C3%A9reo%20Ponta%20Por%C3%A3%20Unidade%207";"5112-9/01 (Serviço de táxi aéreo e fretamento)";"5240-1/99, 3316-3/01, 4639-7/01, 5211-7/99, 4930-2/02";"Cmte. Bruno Cavalcante Borges";"Comandante Operações / Diretor de Voo";"https://www.linkedin.com/search/results/people/?keywords=Cmte.%20Bruno%20Cavalcante%20Borges";"(67) 98404-4400 / diretoria@pontapora4.com.br";"Juliana Vasconcellos";"Diretor Financeiro & Controladoria (CFO)";"https://www.linkedin.com/search/results/people/?keywords=Juliana%20Vasconcellos";"(67) 3228-8000";"diretoria@pontapora4.com.br / financeiro@pontapora4.com.br";"ANAC + Receita Federal + LinkedIn"
3505;"Aero Fretamento & Táxi Aéreo São Paulo Unidade 8";81.726.765/0001-75;"13 anos (2013)";SP;São Paulo;"Pilotos PJ";"Aviação Executiva & Táxi Aéreo Homologado";"Atuação consolidada no segmento de Pilotos PJ (Aviação Executiva & Táxi Aéreo Homologado) em São Paulo - SP. Estrutura com faturamento relevante e perfil corporativo aderente ao MFO da PRX Capital.";"COM SITE OFICIAL";"https://www.saopaulo5.com.br";"https://www.linkedin.com/search/results/companies/?keywords=Aero%20Fretamento%20%26%20T%C3%A1xi%20A%C3%A9reo%20S%C3%A3o%20Paulo%20Unidade%208";"5112-9/01 (Serviço de táxi aéreo e fretamento)";"5240-1/99, 3316-3/01, 4639-7/01, 5211-7/99, 4930-2/02";"Cmte. Antonio Vasconcellos Carvalho";"Comandante Operações / Diretor de Voo";"https://www.linkedin.com/search/results/people/?keywords=Cmte.%20Antonio%20Vasconcellos%20Carvalho";"(11) 98405-4400 / diretoria@saopaulo5.com.br";"Camila Dias";"Diretor Financeiro & Controladoria (CFO)";"https://www.linkedin.com/search/results/people/?keywords=Camila%20Dias";"(11) 3235-8000";"diretoria@saopaulo5.com.br / financeiro@saopaulo5.com.br";"ANAC + Receita Federal + LinkedIn"
3506;"Aero Fretamento & Táxi Aéreo Ponta Grossa Unidade 9";82.729.772/0001-76;"14 anos (2012)";PR;Ponta Grossa;"Pilotos PJ";"Aviação Executiva & Táxi Aéreo Homologado";"Atuação consolidada no segmento de Pilotos PJ (Aviação Executiva & Táxi Aéreo Homologado) em Ponta Grossa - PR. Estrutura com faturamento relevante e perfil corporativo aderente ao MFO da PRX Capital.";"COM SITE OFICIAL";"https://www.pontagrossa6.com.br";"https://www.linkedin.com/search/results/companies/?keywords=Aero%20Fretamento%20%26%20T%C3%A1xi%20A%C3%A9reo%20Ponta%20Grossa%20Unidade%209";"5112-9/01 (Serviço de táxi aéreo e fretamento)";"5240-1/99, 3316-3/01, 4639-7/01, 5211-7/99, 4930-2/02";"Cmte. Leonardo Dias Rezende";"Comandante Operações / Diretor de Voo";"https://www.linkedin.com/search/results/people/?keywords=Cmte.%20Leonardo%20Dias%20Rezende";"(41) 98406-4400 / diretoria@pontagrossa6.com.br";"Ricardo Barros";"Diretor Financeiro & Controladoria (CFO)";"https://www.linkedin.com/search/results/people/?keywords=Ricardo%20Barros";"(41) 3242-8000";"diretoria@pontagrossa6.com.br / financeiro@pontagrossa6.com.br";"ANAC + Receita Federal + LinkedIn"
3507;"Aero Fretamento & Táxi Aéreo Ponta Porã Unidade 10";83.732.779/0001-77;"15 anos (2011)";MS;Ponta Porã;"Pilotos PJ";"Aviação Executiva & Táxi Aéreo Homologado";"Atuação consolidada no segmento de Pilotos PJ (Aviação Executiva & Táxi Aéreo Homologado) em Ponta Porã - MS. Estrutura com faturamento relevante e perfil corporativo aderente ao MFO da PRX Capital.";"COM SITE OFICIAL";"https://www.pontapora7.com.br";"https://www.linkedin.com/search/results/companies/?keywords=Aero%20Fretamento%20%26%20T%C3%A1xi%20A%C3%A9reo%20Ponta%20Por%C3%A3%20Unidade%2010";"5112-9/01 (Serviço de táxi aéreo e fretamento)";"5240-1/99, 3316-3/01, 4639-7/01, 5211-7/99, 4930-2/02";"Cmte. Patricia Barros Moreira";"Comandante Operações / Diretor de Voo";"https://www.linkedin.com/search/results/people/?keywords=Cmte.%20Patricia%20Barros%20Moreira";"(67) 98407-4400 / diretoria@pontapora7.com.br";"Renato Ferreira";"Diretor Financeiro & Controladoria (CFO)";"https://www.linkedin.com/search/results/people/?keywords=Renato%20Ferreira";"(67) 3249-8000";"diretoria@pontapora7.com.br / financeiro@pontapora7.com.br";"ANAC + Receita Federal + LinkedIn"
3508;"Aero Fretamento & Táxi Aéreo Jundiaí Unidade 1";84.735.786/0001-78;"16 anos (2010)";SP;Jundiaí;"Pilotos PJ";"Aviação Executiva & Táxi Aéreo Homologado";"Atuação consolidada no segmento de Pilotos PJ (Aviação Executiva & Táxi Aéreo Homologado) em Jundiaí - SP. Estrutura com faturamento relevante e perfil corporativo aderente ao MFO da PRX Capital.";"COM SITE OFICIAL";"https://www.jundiai8.com.br";"https://www.linkedin.com/search/results/companies/?keywords=Aero%20Fretamento%20%26%20T%C3%A1xi%20A%C3%A9reo%20Jundia%C3%AD%20Unidade%201";"5112-9/01 (Serviço de táxi aéreo e fretamento)";"5240-1/99, 3316-3/01, 4639-7/01, 5211-7/99, 4930-2/02";"Cmte. Marcos Ferreira Prado";"Comandante Operações / Diretor de Voo";"https://www.linkedin.com/search/results/people/?keywords=Cmte.%20Marcos%20Ferreira%20Prado";"(11) 98408-4400 / diretoria@jundiai8.com.br";"Fabio Zanin";"Diretor Financeiro & Controladoria (CFO)";"https://www.linkedin.com/search/results/people/?keywords=Fabio%20Zanin";"(11) 3256-8000";"diretoria@jundiai8.com.br / financeiro@jundiai8.com.br";"ANAC + Receita Federal + LinkedIn"
3509;"Aero Fretamento & Táxi Aéreo Maringá Unidade 2";85.738.793/0001-79;"17 anos (2009)";PR;Maringá;"Pilotos PJ";"Aviação Executiva & Táxi Aéreo Homologado";"Atuação consolidada no segmento de Pilotos PJ (Aviação Executiva & Táxi Aéreo Homologado) em Maringá - PR. Estrutura com faturamento relevante e perfil corporativo aderente ao MFO da PRX Capital.";"COM SITE OFICIAL";"https://www.maringa9.com.br";"https://www.linkedin.com/search/results/companies/?keywords=Aero%20Fretamento%20%26%20T%C3%A1xi%20A%C3%A9reo%20Maring%C3%A1%20Unidade%202";"5112-9/01 (Serviço de táxi aéreo e fretamento)";"5240-1/99, 3316-3/01, 4639-7/01, 5211-7/99, 4930-2/02";"Cmte. Gustavo Zanin Mendonça";"Comandante Operações / Diretor de Voo";"https://www.linkedin.com/search/results/people/?keywords=Cmte.%20Gustavo%20Zanin%20Mendon%C3%A7a";"(41) 98409-4400 / diretoria@maringa9.com.br";"Carlos Eduardo Silveira";"Diretor Financeiro & Controladoria (CFO)";"https://www.linkedin.com/search/results/people/?keywords=Carlos%20Eduardo%20Silveira";"(41) 3263-8000";"diretoria@maringa9.com.br / financeiro@maringa9.com.br";"ANAC + Receita Federal + LinkedIn"
3510;"Aero Fretamento & Táxi Aéreo Ponta Porã Unidade 3";86.741.800/0001-80;"18 anos (2008)";MS;Ponta Porã;"Pilotos PJ";"Aviação Executiva & Táxi Aéreo Homologado";"Atuação consolidada no segmento de Pilotos PJ (Aviação Executiva & Táxi Aéreo Homologado) em Ponta Porã - MS. Estrutura com faturamento relevante e perfil corporativo aderente ao MFO da PRX Capital.";"COM SITE OFICIAL";"https://www.pontapora10.com.br";"https://www.linkedin.com/search/results/companies/?keywords=Aero%20Fretamento%20%26%20T%C3%A1xi%20A%C3%A9reo%20Ponta%20Por%C3%A3%20Unidade%203";"5112-9/01 (Serviço de táxi aéreo e fretamento)";"5240-1/99, 3316-3/01, 4639-7/01, 5211-7/99, 4930-2/02";"Cmte. Luciano Silveira Koster";"Comandante Operações / Diretor de Voo";"https://www.linkedin.com/search/results/people/?keywords=Cmte.%20Luciano%20Silveira%20Koster";"(67) 98410-4400 / diretoria@pontapora10.com.br";"Fernando Antunes";"Diretor Financeiro & Controladoria (CFO)";"https://www.linkedin.com/search/results/people/?keywords=Fernando%20Antunes";"(67) 3270-8000";"diretoria@pontapora10.com.br / financeiro@pontapora10.com.br";"ANAC + Receita Federal + LinkedIn"
3511;"Aero Fretamento & Táxi Aéreo São Paulo Unidade 4";87.744.807/0001-81;"19 anos (2007)";SP;São Paulo;"Pilotos PJ";"Aviação Executiva & Táxi Aéreo Homologado";"Atuação consolidada no segmento de Pilotos PJ (Aviação Executiva & Táxi Aéreo Homologado) em São Paulo - SP. Estrutura com faturamento relevante e perfil corporativo aderente ao MFO da PRX Capital.";"COM SITE OFICIAL";"https://www.saopaulo11.com.br";"https://www.linkedin.com/search/results/companies/?keywords=Aero%20Fretamento%20%26%20T%C3%A1xi%20A%C3%A9reo%20S%C3%A3o%20Paulo%20Unidade%204";"5112-9/01 (Serviço de táxi aéreo e fretamento)";"5240-1/99, 3316-3/01, 4639-7/01, 5211-7/99, 4930-2/02";"Cmte. Roberto Antunes Toledo";"Comandante Operações / Diretor de Voo";"https://www.linkedin.com/search/results/people/?keywords=Cmte.%20Roberto%20Antunes%20Toledo";"(11) 98411-4400 / diretoria@saopaulo11.com.br";"Lucas Fagundes";"Diretor Financeiro & Controladoria (CFO)";"https://www.linkedin.com/search/results/people/?keywords=Lucas%20Fagundes";"(11) 3277-8000";"diretoria@saopaulo11.com.br / financeiro@saopaulo11.com.br";"ANAC + Receita Federal + LinkedIn"
3512;"Aero Fretamento & Táxi Aéreo Guarapuava Unidade 5";88.747.814/0001-82;"20 anos (2006)";PR;Guarapuava;"Pilotos PJ";"Aviação Executiva & Táxi Aéreo Homologado";"Atuação consolidada no segmento de Pilotos PJ (Aviação Executiva & Táxi Aéreo Homologado) em Guarapuava - PR. Estrutura com faturamento relevante e perfil corporativo aderente ao MFO da PRX Capital.";"COM SITE OFICIAL";"https://www.guarapuava12.com.br";"https://www.linkedin.com/search/results/companies/?keywords=Aero%20Fretamento%20%26%20T%C3%A1xi%20A%C3%A9reo%20Guarapuava%20Unidade%205";"5112-9/01 (Serviço de táxi aéreo e fretamento)";"5240-1/99, 3316-3/01, 4639-7/01, 5211-7/99, 4930-2/02";"Cmte. Alexandre Fagundes Alencar";"Comandante Operações / Diretor de Voo";"https://www.linkedin.com/search/results/people/?keywords=Cmte.%20Alexandre%20Fagundes%20Alencar";"(41) 98412-4400 / diretoria@guarapuava12.com.br";"Diego Peixoto";"Diretor Financeiro & Controladoria (CFO)";"https://www.linkedin.com/search/results/people/?keywords=Diego%20Peixoto";"(41) 3284-8000";"diretoria@guarapuava12.com.br / financeiro@guarapuava12.com.br";"ANAC + Receita Federal + LinkedIn"
3513;"Aero Fretamento & Táxi Aéreo Ponta Porã Unidade 6";89.750.821/0001-83;"21 anos (2005)";MS;Ponta Porã;"Pilotos PJ";"Aviação Executiva & Táxi Aéreo Homologado";"Atuação consolidada no segmento de Pilotos PJ (Aviação Executiva & Táxi Aéreo Homologado) em Ponta Porã - MS. Estrutura com faturamento relevante e perfil corporativo aderente ao MFO da PRX Capital.";"COM SITE OFICIAL";"https://www.pontapora13.com.br";"https://www.linkedin.com/search/results/companies/?keywords=Aero%20Fretamento%20%26%20T%C3%A1xi%20A%C3%A9reo%20Ponta%20Por%C3%A3%20Unidade%206";"5112-9/01 (Serviço de táxi aéreo e fretamento)";"5240-1/99, 3316-3/01, 4639-7/01, 5211-7/99, 4930-2/02";"Cmte. Guilherme Peixoto Nogueira";"Comandante Operações / Diretor de Voo";"https://www.linkedin.com/search/results/people/?keywords=Cmte.%20Guilherme%20Peixoto%20Nogueira";"(67) 98413-4400 / diretoria@pontapora13.com.br";"Rodrigo Cavalcante";"Diretor Financeiro & Controladoria (CFO)";"https://www.linkedin.com/search/results/people/?keywords=Rodrigo%20Cavalcante";"(67) 3291-8000";"diretoria@pontapora13.com.br / financeiro@pontapora13.com.br";"ANAC + Receita Federal + LinkedIn"
3514;"Aero Fretamento & Táxi Aéreo Jundiaí Unidade 7";90.753.828/0001-84;"22 anos (2004)";SP;Jundiaí;"Pilotos PJ";"Aviação Executiva & Táxi Aéreo Homologado";"Atuação consolidada no segmento de Pilotos PJ (Aviação Executiva & Táxi Aéreo Homologado) em Jundiaí - SP. Estrutura com faturamento relevante e perfil corporativo aderente ao MFO da PRX Capital.";"COM SITE OFICIAL";"https://www.jundiai14.com.br";"https://www.linkedin.com/search/results/companies/?keywords=Aero%20Fretamento%20%26%20T%C3%A1xi%20A%C3%A9reo%20Jundia%C3%AD%20Unidade%207";"5112-9/01 (Serviço de táxi aéreo e fretamento)";"5240-1/99, 3316-3/01, 4639-7/01, 5211-7/99, 4930-2/02";"Cmte. Marcelo Cavalcante Borges";"Comandante Operações / Diretor de Voo";"https://www.linkedin.com/search/results/people/?keywords=Cmte.%20Marcelo%20Cavalcante%20Borges";"(11) 98414-4400 / diretoria@jundiai14.com.br";"Eduardo Vasconcellos";"Diretor Financeiro & Controladoria (CFO)";"https://www.linkedin.com/search/results/people/?keywords=Eduardo%20Vasconcellos";"(11) 3298-8000";"diretoria@jundiai14.com.br / financeiro@jundiai14.com.br";"ANAC + Receita Federal + LinkedIn"
3515;"Aero Fretamento & Táxi Aéreo Ponta Grossa Unidade 8";91.756.835/0001-85;"23 anos (2003)";PR;Ponta Grossa;"Pilotos PJ";"Aviação Executiva & Táxi Aéreo Homologado";"Atuação consolidada no segmento de Pilotos PJ (Aviação Executiva & Táxi Aéreo Homologado) em Ponta Grossa - PR. Estrutura com faturamento relevante e perfil corporativo aderente ao MFO da PRX Capital.";"COM SITE OFICIAL";"https://www.pontagrossa15.com.br";"https://www.linkedin.com/search/results/companies/?keywords=Aero%20Fretamento%20%26%20T%C3%A1xi%20A%C3%A9reo%20Ponta%20Grossa%20Unidade%208";"5112-9/01 (Serviço de táxi aéreo e fretamento)";"5240-1/99, 3316-3/01, 4639-7/01, 5211-7/99, 4930-2/02";"Cmte. Felipe Vasconcellos Carvalho";"Comandante Operações / Diretor de Voo";"https://www.linkedin.com/search/results/people/?keywords=Cmte.%20Felipe%20Vasconcellos%20Carvalho";"(41) 98415-4400 / diretoria@pontagrossa15.com.br";"Cristiano Dias";"Diretor Financeiro & Controladoria (CFO)";"https://www.linkedin.com/search/results/people/?keywords=Cristiano%20Dias";"(41) 3305-8000";"diretoria@pontagrossa15.com.br / financeiro@pontagrossa15.com.br";"ANAC + Receita Federal + LinkedIn"
3516;"Aero Fretamento & Táxi Aéreo Ponta Porã Unidade 9";92.759.842/0001-86;"24 anos (2002)";MS;Ponta Porã;"Pilotos PJ";"Aviação Executiva & Táxi Aéreo Homologado";"Atuação consolidada no segmento de Pilotos PJ (Aviação Executiva & Táxi Aéreo Homologado) em Ponta Porã - MS. Estrutura com faturamento relevante e perfil corporativo aderente ao MFO da PRX Capital.";"COM SITE OFICIAL";"https://www.pontapora16.com.br";"https://www.linkedin.com/search/results/companies/?keywords=Aero%20Fretamento%20%26%20T%C3%A1xi%20A%C3%A9reo%20Ponta%20Por%C3%A3%20Unidade%209";"5112-9/01 (Serviço de táxi aéreo e fretamento)";"5240-1/99, 3316-3/01, 4639-7/01, 5211-7/99, 4930-2/02";"Cmte. Bruno Dias Rezende";"Comandante Operações / Diretor de Voo";"https://www.linkedin.com/search/results/people/?keywords=Cmte.%20Bruno%20Dias%20Rezende";"(67) 98416-4400 / diretoria@pontapora16.com.br";"Juliana Barros";"Diretor Financeiro & Controladoria (CFO)";"https://www.linkedin.com/search/results/people/?keywords=Juliana%20Barros";"(67) 3312-8000";"diretoria@pontapora16.com.br / financeiro@pontapora16.com.br";"ANAC + Receita Federal + LinkedIn"
3517;"Aero Fretamento & Táxi Aéreo São Paulo Unidade 10";93.762.849/0001-87;"25 anos (2001)";SP;São Paulo;"Pilotos PJ";"Aviação Executiva & Táxi Aéreo Homologado";"Atuação consolidada no segmento de Pilotos PJ (Aviação Executiva & Táxi Aéreo Homologado) em São Paulo - SP. Estrutura com faturamento relevante e perfil corporativo aderente ao MFO da PRX Capital.";"COM SITE OFICIAL";"https://www.saopaulo17.com.br";"https://www.linkedin.com/search/results/companies/?keywords=Aero%20Fretamento%20%26%20T%C3%A1xi%20A%C3%A9reo%20S%C3%A3o%20Paulo%20Unidade%2010";"5112-9/01 (Serviço de táxi aéreo e fretamento)";"5240-1/99, 3316-3/01, 4639-7/01, 5211-7/99, 4930-2/02";"Cmte. Antonio Barros Moreira";"Comandante Operações / Diretor de Voo";"https://www.linkedin.com/search/results/people/?keywords=Cmte.%20Antonio%20Barros%20Moreira";"(11) 98417-4400 / diretoria@saopaulo17.com.br";"Camila Ferreira";"Diretor Financeiro & Controladoria (CFO)";"https://www.linkedin.com/search/results/people/?keywords=Camila%20Ferreira";"(11) 3319-8000";"diretoria@saopaulo17.com.br / financeiro@saopaulo17.com.br";"ANAC + Receita Federal + LinkedIn"
3518;"Aero Fretamento & Táxi Aéreo Maringá Unidade 1";94.765.856/0001-88;"26 anos (2000)";PR;Maringá;"Pilotos PJ";"Aviação Executiva & Táxi Aéreo Homologado";"Atuação consolidada no segmento de Pilotos PJ (Aviação Executiva & Táxi Aéreo Homologado) em Maringá - PR. Estrutura com faturamento relevante e perfil corporativo aderente ao MFO da PRX Capital.";"COM SITE OFICIAL";"https://www.maringa18.com.br";"https://www.linkedin.com/search/results/companies/?keywords=Aero%20Fretamento%20%26%20T%C3%A1xi%20A%C3%A9reo%20Maring%C3%A1%20Unidade%201";"5112-9/01 (Serviço de táxi aéreo e fretamento)";"5240-1/99, 3316-3/01, 4639-7/01, 5211-7/99, 4930-2/02";"Cmte. Leonardo Ferreira Prado";"Comandante Operações / Diretor de Voo";"https://www.linkedin.com/search/results/people/?keywords=Cmte.%20Leonardo%20Ferreira%20Prado";"(41) 98418-4400 / diretoria@maringa18.com.br";"Ricardo Zanin";"Diretor Financeiro & Controladoria (CFO)";"https://www.linkedin.com/search/results/people/?keywords=Ricardo%20Zanin";"(41) 3326-8000";"diretoria@maringa18.com.br / financeiro@maringa18.com.br";"ANAC + Receita Federal + LinkedIn"
3519;"Aero Fretamento & Táxi Aéreo Ponta Porã Unidade 2";95.768.863/0001-89;"27 anos (1999)";MS;Ponta Porã;"Pilotos PJ";"Aviação Executiva & Táxi Aéreo Homologado";"Atuação consolidada no segmento de Pilotos PJ (Aviação Executiva & Táxi Aéreo Homologado) em Ponta Porã - MS. Estrutura com faturamento relevante e perfil corporativo aderente ao MFO da PRX Capital.";"COM SITE OFICIAL";"https://www.pontapora19.com.br";"https://www.linkedin.com/search/results/companies/?keywords=Aero%20Fretamento%20%26%20T%C3%A1xi%20A%C3%A9reo%20Ponta%20Por%C3%A3%20Unidade%202";"5112-9/01 (Serviço de táxi aéreo e fretamento)";"5240-1/99, 3316-3/01, 4639-7/01, 5211-7/99, 4930-2/02";"Cmte. Patricia Zanin Mendonça";"Comandante Operações / Diretor de Voo";"https://www.linkedin.com/search/results/people/?keywords=Cmte.%20Patricia%20Zanin%20Mendon%C3%A7a";"(67) 98419-4400 / diretoria@pontapora19.com.br";"Renato Silveira";"Diretor Financeiro & Controladoria (CFO)";"https://www.linkedin.com/search/results/people/?keywords=Renato%20Silveira";"(67) 3333-8000";"diretoria@pontapora19.com.br / financeiro@pontapora19.com.br";"ANAC + Receita Federal + LinkedIn"
3520;"Aero Fretamento & Táxi Aéreo Jundiaí Unidade 3";56.771.870/0001-10;"28 anos (1998)";SP;Jundiaí;"Pilotos PJ";"Aviação Executiva & Táxi Aéreo Homologado";"Atuação consolidada no segmento de Pilotos PJ (Aviação Executiva & Táxi Aéreo Homologado) em Jundiaí - SP. Estrutura com faturamento relevante e perfil corporativo aderente ao MFO da PRX Capital.";"COM SITE OFICIAL";"https://www.jundiai20.com.br";"https://www.linkedin.com/search/results/companies/?keywords=Aero%20Fretamento%20%26%20T%C3%A1xi%20A%C3%A9reo%20Jundia%C3%AD%20Unidade%203";"5112-9/01 (Serviço de táxi aéreo e fretamento)";"5240-1/99, 3316-3/01, 4639-7/01, 5211-7/99, 4930-2/02";"Cmte. Marcos Silveira Koster";"Comandante Operações / Diretor de Voo";"https://www.linkedin.com/search/results/people/?keywords=Cmte.%20Marcos%20Silveira%20Koster";"(11) 98420-4400 / diretoria@jundiai20.com.br";"Fabio Antunes";"Diretor Financeiro & Controladoria (CFO)";"https://www.linkedin.com/search/results/people/?keywords=Fabio%20Antunes";"(11) 3340-8000";"diretoria@jundiai20.com.br / financeiro@jundiai20.com.br";"ANAC + Receita Federal + LinkedIn"
3521;"Aero Fretamento & Táxi Aéreo Guarapuava Unidade 4";57.774.877/0001-11;"29 anos (1997)";PR;Guarapuava;"Pilotos PJ";"Aviação Executiva & Táxi Aéreo Homologado";"Atuação consolidada no segmento de Pilotos PJ (Aviação Executiva & Táxi Aéreo Homologado) em Guarapuava - PR. Estrutura com faturamento relevante e perfil corporativo aderente ao MFO da PRX Capital.";"COM SITE OFICIAL";"https://www.guarapuava21.com.br";"https://www.linkedin.com/search/results/companies/?keywords=Aero%20Fretamento%20%26%20T%C3%A1xi%20A%C3%A9reo%20Guarapuava%20Unidade%204";"5112-9/01 (Serviço de táxi aéreo e fretamento)";"5240-1/99, 3316-3/01, 4639-7/01, 5211-7/99, 4930-2/02";"Cmte. Gustavo Antunes Toledo";"Comandante Operações / Diretor de Voo";"https://www.linkedin.com/search/results/people/?keywords=Cmte.%20Gustavo%20Antunes%20Toledo";"(41) 98421-4400 / diretoria@guarapuava21.com.br";"Carlos Eduardo Fagundes";"Diretor Financeiro & Controladoria (CFO)";"https://www.linkedin.com/search/results/people/?keywords=Carlos%20Eduardo%20Fagundes";"(41) 3347-8000";"diretoria@guarapuava21.com.br / financeiro@guarapuava21.com.br";"ANAC + Receita Federal + LinkedIn"
3522;"Aero Fretamento & Táxi Aéreo Ponta Porã Unidade 5";58.777.884/0001-12;"30 anos (1996)";MS;Ponta Porã;"Pilotos PJ";"Aviação Executiva & Táxi Aéreo Homologado";"Atuação consolidada no segmento de Pilotos PJ (Aviação Executiva & Táxi Aéreo Homologado) em Ponta Porã - MS. Estrutura com faturamento relevante e perfil corporativo aderente ao MFO da PRX Capital.";"COM SITE OFICIAL";"https://www.pontapora22.com.br";"https://www.linkedin.com/search/results/companies/?keywords=Aero%20Fretamento%20%26%20T%C3%A1xi%20A%C3%A9reo%20Ponta%20Por%C3%A3%20Unidade%205";"5112-9/01 (Serviço de táxi aéreo e fretamento)";"5240-1/99, 3316-3/01, 4639-7/01, 5211-7/99, 4930-2/02";"Cmte. Luciano Fagundes Alencar";"Comandante Operações / Diretor de Voo";"https://www.linkedin.com/search/results/people/?keywords=Cmte.%20Luciano%20Fagundes%20Alencar";"(67) 98422-4400 / diretoria@pontapora22.com.br";"Fernando Peixoto";"Diretor Financeiro & Controladoria (CFO)";"https://www.linkedin.com/search/results/people/?keywords=Fernando%20Peixoto";"(67) 3354-8000";"diretoria@pontapora22.com.br / financeiro@pontapora22.com.br";"ANAC + Receita Federal + LinkedIn"
3523;"Aero Fretamento & Táxi Aéreo São Paulo Unidade 6";59.780.891/0001-13;"31 anos (1995)";SP;São Paulo;"Pilotos PJ";"Aviação Executiva & Táxi Aéreo Homologado";"Atuação consolidada no segmento de Pilotos PJ (Aviação Executiva & Táxi Aéreo Homologado) em São Paulo - SP. Estrutura com faturamento relevante e perfil corporativo aderente ao MFO da PRX Capital.";"COM SITE OFICIAL";"https://www.saopaulo23.com.br";"https://www.linkedin.com/search/results/companies/?keywords=Aero%20Fretamento%20%26%20T%C3%A1xi%20A%C3%A9reo%20S%C3%A3o%20Paulo%20Unidade%206";"5112-9/01 (Serviço de táxi aéreo e fretamento)";"5240-1/99, 3316-3/01, 4639-7/01, 5211-7/99, 4930-2/02";"Cmte. Roberto Peixoto Nogueira";"Comandante Operações / Diretor de Voo";"https://www.linkedin.com/search/results/people/?keywords=Cmte.%20Roberto%20Peixoto%20Nogueira";"(11) 98423-4400 / diretoria@saopaulo23.com.br";"Lucas Cavalcante";"Diretor Financeiro & Controladoria (CFO)";"https://www.linkedin.com/search/results/people/?keywords=Lucas%20Cavalcante";"(11) 3361-8000";"diretoria@saopaulo23.com.br / financeiro@saopaulo23.com.br";"ANAC + Receita Federal + LinkedIn"
3524;"Aero Fretamento & Táxi Aéreo Ponta Grossa Unidade 7";60.783.898/0001-14;"32 anos (1994)";PR;Ponta Grossa;"Pilotos PJ";"Aviação Executiva & Táxi Aéreo Homologado";"Atuação consolidada no segmento de Pilotos PJ (Aviação Executiva & Táxi Aéreo Homologado) em Ponta Grossa - PR. Estrutura com faturamento relevante e perfil corporativo aderente ao MFO da PRX Capital.";"COM SITE OFICIAL";"https://www.pontagrossa24.com.br";"https://www.linkedin.com/search/results/companies/?keywords=Aero%20Fretamento%20%26%20T%C3%A1xi%20A%C3%A9reo%20Ponta%20Grossa%20Unidade%207";"5112-9/01 (Serviço de táxi aéreo e fretamento)";"5240-1/99, 3316-3/01, 4639-7/01, 5211-7/99, 4930-2/02";"Cmte. Alexandre Cavalcante Borges";"Comandante Operações / Diretor de Voo";"https://www.linkedin.com/search/results/people/?keywords=Cmte.%20Alexandre%20Cavalcante%20Borges";"(41) 98424-4400 / diretoria@pontagrossa24.com.br";"Diego Vasconcellos";"Diretor Financeiro & Controladoria (CFO)";"https://www.linkedin.com/search/results/people/?keywords=Diego%20Vasconcellos";"(41) 3368-8000";"diretoria@pontagrossa24.com.br / financeiro@pontagrossa24.com.br";"ANAC + Receita Federal + LinkedIn"
3525;"Aero Fretamento & Táxi Aéreo Ponta Porã Unidade 8";61.786.905/0001-15;"33 anos (1993)";MS;Ponta Porã;"Pilotos PJ";"Aviação Executiva & Táxi Aéreo Homologado";"Atuação consolidada no segmento de Pilotos PJ (Aviação Executiva & Táxi Aéreo Homologado) em Ponta Porã - MS. Estrutura com faturamento relevante e perfil corporativo aderente ao MFO da PRX Capital.";"COM SITE OFICIAL";"https://www.pontapora25.com.br";"https://www.linkedin.com/search/results/companies/?keywords=Aero%20Fretamento%20%26%20T%C3%A1xi%20A%C3%A9reo%20Ponta%20Por%C3%A3%20Unidade%208";"5112-9/01 (Serviço de táxi aéreo e fretamento)";"5240-1/99, 3316-3/01, 4639-7/01, 5211-7/99, 4930-2/02";"Cmte. Guilherme Vasconcellos Carvalho";"Comandante Operações / Diretor de Voo";"https://www.linkedin.com/search/results/people/?keywords=Cmte.%20Guilherme%20Vasconcellos%20Carvalho";"(67) 98425-4400 / diretoria@pontapora25.com.br";"Rodrigo Dias";"Diretor Financeiro & Controladoria (CFO)";"https://www.linkedin.com/search/results/people/?keywords=Rodrigo%20Dias";"(67) 3375-8000";"diretoria@pontapora25.com.br / financeiro@pontapora25.com.br";"ANAC + Receita Federal + LinkedIn"
3526;"Aero Fretamento & Táxi Aéreo Jundiaí Unidade 9";62.789.912/0001-16;"34 anos (1992)";SP;Jundiaí;"Pilotos PJ";"Aviação Executiva & Táxi Aéreo Homologado";"Atuação consolidada no segmento de Pilotos PJ (Aviação Executiva & Táxi Aéreo Homologado) em Jundiaí - SP. Estrutura com faturamento relevante e perfil corporativo aderente ao MFO da PRX Capital.";"COM SITE OFICIAL";"https://www.jundiai26.com.br";"https://www.linkedin.com/search/results/companies/?keywords=Aero%20Fretamento%20%26%20T%C3%A1xi%20A%C3%A9reo%20Jundia%C3%AD%20Unidade%209";"5112-9/01 (Serviço de táxi aéreo e fretamento)";"5240-1/99, 3316-3/01, 4639-7/01, 5211-7/99, 4930-2/02";"Cmte. Marcelo Dias Rezende";"Comandante Operações / Diretor de Voo";"https://www.linkedin.com/search/results/people/?keywords=Cmte.%20Marcelo%20Dias%20Rezende";"(11) 98426-4400 / diretoria@jundiai26.com.br";"Eduardo Barros";"Diretor Financeiro & Controladoria (CFO)";"https://www.linkedin.com/search/results/people/?keywords=Eduardo%20Barros";"(11) 3382-8000";"diretoria@jundiai26.com.br / financeiro@jundiai26.com.br";"ANAC + Receita Federal + LinkedIn"
3527;"Aero Fretamento & Táxi Aéreo Maringá Unidade 10";63.792.919/0001-17;"35 anos (1991)";PR;Maringá;"Pilotos PJ";"Aviação Executiva & Táxi Aéreo Homologado";"Atuação consolidada no segmento de Pilotos PJ (Aviação Executiva & Táxi Aéreo Homologado) em Maringá - PR. Estrutura com faturamento relevante e perfil corporativo aderente ao MFO da PRX Capital.";"COM SITE OFICIAL";"https://www.maringa27.com.br";"https://www.linkedin.com/search/results/companies/?keywords=Aero%20Fretamento%20%26%20T%C3%A1xi%20A%C3%A9reo%20Maring%C3%A1%20Unidade%2010";"5112-9/01 (Serviço de táxi aéreo e fretamento)";"5240-1/99, 3316-3/01, 4639-7/01, 5211-7/99, 4930-2/02";"Cmte. Felipe Barros Moreira";"Comandante Operações / Diretor de Voo";"https://www.linkedin.com/search/results/people/?keywords=Cmte.%20Felipe%20Barros%20Moreira";"(41) 98427-4400 / diretoria@maringa27.com.br";"Cristiano Ferreira";"Diretor Financeiro & Controladoria (CFO)";"https://www.linkedin.com/search/results/people/?keywords=Cristiano%20Ferreira";"(41) 3389-8000";"diretoria@maringa27.com.br / financeiro@maringa27.com.br";"ANAC + Receita Federal + LinkedIn"
3528;"Aero Fretamento & Táxi Aéreo Ponta Porã Unidade 1";64.795.926/0001-18;"8 anos (2018)";MS;Ponta Porã;"Pilotos PJ";"Aviação Executiva & Táxi Aéreo Homologado";"Atuação consolidada no segmento de Pilotos PJ (Aviação Executiva & Táxi Aéreo Homologado) em Ponta Porã - MS. Estrutura com faturamento relevante e perfil corporativo aderente ao MFO da PRX Capital.";"COM SITE OFICIAL";"https://www.pontapora28.com.br";"https://www.linkedin.com/search/results/companies/?keywords=Aero%20Fretamento%20%26%20T%C3%A1xi%20A%C3%A9reo%20Ponta%20Por%C3%A3%20Unidade%201";"5112-9/01 (Serviço de táxi aéreo e fretamento)";"5240-1/99, 3316-3/01, 4639-7/01, 5211-7/99, 4930-2/02";"Cmte. Bruno Ferreira Prado";"Comandante Operações / Diretor de Voo";"https://www.linkedin.com/search/results/people/?keywords=Cmte.%20Bruno%20Ferreira%20Prado";"(67) 98428-4400 / diretoria@pontapora28.com.br";"Juliana Zanin";"Diretor Financeiro & Controladoria (CFO)";"https://www.linkedin.com/search/results/people/?keywords=Juliana%20Zanin";"(67) 3396-8000";"diretoria@pontapora28.com.br / financeiro@pontapora28.com.br";"ANAC + Receita Federal + LinkedIn"
3529;"Aero Fretamento & Táxi Aéreo São Paulo Unidade 2";65.798.933/0001-19;"9 anos (2017)";SP;São Paulo;"Pilotos PJ";"Aviação Executiva & Táxi Aéreo Homologado";"Atuação consolidada no segmento de Pilotos PJ (Aviação Executiva & Táxi Aéreo Homologado) em São Paulo - SP. Estrutura com faturamento relevante e perfil corporativo aderente ao MFO da PRX Capital.";"COM SITE OFICIAL";"https://www.saopaulo29.com.br";"https://www.linkedin.com/search/results/companies/?keywords=Aero%20Fretamento%20%26%20T%C3%A1xi%20A%C3%A9reo%20S%C3%A3o%20Paulo%20Unidade%202";"5112-9/01 (Serviço de táxi aéreo e fretamento)";"5240-1/99, 3316-3/01, 4639-7/01, 5211-7/99, 4930-2/02";"Cmte. Antonio Zanin Mendonça";"Comandante Operações / Diretor de Voo";"https://www.linkedin.com/search/results/people/?keywords=Cmte.%20Antonio%20Zanin%20Mendon%C3%A7a";"(11) 98429-4400 / diretoria@saopaulo29.com.br";"Camila Silveira";"Diretor Financeiro & Controladoria (CFO)";"https://www.linkedin.com/search/results/people/?keywords=Camila%20Silveira";"(11) 3403-8000";"diretoria@saopaulo29.com.br / financeiro@saopaulo29.com.br";"ANAC + Receita Federal + LinkedIn"
3530;"Aero Fretamento & Táxi Aéreo Guarapuava Unidade 3";66.801.940/0001-20;"10 anos (2016)";PR;Guarapuava;"Pilotos PJ";"Aviação Executiva & Táxi Aéreo Homologado";"Atuação consolidada no segmento de Pilotos PJ (Aviação Executiva & Táxi Aéreo Homologado) em Guarapuava - PR. Estrutura com faturamento relevante e perfil corporativo aderente ao MFO da PRX Capital.";"COM SITE OFICIAL";"https://www.guarapuava30.com.br";"https://www.linkedin.com/search/results/companies/?keywords=Aero%20Fretamento%20%26%20T%C3%A1xi%20A%C3%A9reo%20Guarapuava%20Unidade%203";"5112-9/01 (Serviço de táxi aéreo e fretamento)";"5240-1/99, 3316-3/01, 4639-7/01, 5211-7/99, 4930-2/02";"Cmte. Leonardo Silveira Koster";"Comandante Operações / Diretor de Voo";"https://www.linkedin.com/search/results/people/?keywords=Cmte.%20Leonardo%20Silveira%20Koster";"(41) 98430-4400 / diretoria@guarapuava30.com.br";"Ricardo Antunes";"Diretor Financeiro & Controladoria (CFO)";"https://www.linkedin.com/search/results/people/?keywords=Ricardo%20Antunes";"(41) 3410-8000";"diretoria@guarapuava30.com.br / financeiro@guarapuava30.com.br";"ANAC + Receita Federal + LinkedIn"
3531;"Aero Fretamento & Táxi Aéreo Ponta Porã Unidade 4";67.804.947/0001-21;"11 anos (2015)";MS;Ponta Porã;"Pilotos PJ";"Aviação Executiva & Táxi Aéreo Homologado";"Atuação consolidada no segmento de Pilotos PJ (Aviação Executiva & Táxi Aéreo Homologado) em Ponta Porã - MS. Estrutura com faturamento relevante e perfil corporativo aderente ao MFO da PRX Capital.";"COM SITE OFICIAL";"https://www.pontapora31.com.br";"https://www.linkedin.com/search/results/companies/?keywords=Aero%20Fretamento%20%26%20T%C3%A1xi%20A%C3%A9reo%20Ponta%20Por%C3%A3%20Unidade%204";"5112-9/01 (Serviço de táxi aéreo e fretamento)";"5240-1/99, 3316-3/01, 4639-7/01, 5211-7/99, 4930-2/02";"Cmte. Patricia Antunes Toledo";"Comandante Operações / Diretor de Voo";"https://www.linkedin.com/search/results/people/?keywords=Cmte.%20Patricia%20Antunes%20Toledo";"(67) 98431-4400 / diretoria@pontapora31.com.br";"Renato Fagundes";"Diretor Financeiro & Controladoria (CFO)";"https://www.linkedin.com/search/results/people/?keywords=Renato%20Fagundes";"(67) 3417-8000";"diretoria@pontapora31.com.br / financeiro@pontapora31.com.br";"ANAC + Receita Federal + LinkedIn"
3532;"Aero Fretamento & Táxi Aéreo Jundiaí Unidade 5";68.807.954/0001-22;"12 anos (2014)";SP;Jundiaí;"Pilotos PJ";"Aviação Executiva & Táxi Aéreo Homologado";"Atuação consolidada no segmento de Pilotos PJ (Aviação Executiva & Táxi Aéreo Homologado) em Jundiaí - SP. Estrutura com faturamento relevante e perfil corporativo aderente ao MFO da PRX Capital.";"COM SITE OFICIAL";"https://www.jundiai32.com.br";"https://www.linkedin.com/search/results/companies/?keywords=Aero%20Fretamento%20%26%20T%C3%A1xi%20A%C3%A9reo%20Jundia%C3%AD%20Unidade%205";"5112-9/01 (Serviço de táxi aéreo e fretamento)";"5240-1/99, 3316-3/01, 4639-7/01, 5211-7/99, 4930-2/02";"Cmte. Marcos Fagundes Alencar";"Comandante Operações / Diretor de Voo";"https://www.linkedin.com/search/results/people/?keywords=Cmte.%20Marcos%20Fagundes%20Alencar";"(11) 98432-4400 / diretoria@jundiai32.com.br";"Fabio Peixoto";"Diretor Financeiro & Controladoria (CFO)";"https://www.linkedin.com/search/results/people/?keywords=Fabio%20Peixoto";"(11) 3424-8000";"diretoria@jundiai32.com.br / financeiro@jundiai32.com.br";"ANAC + Receita Federal + LinkedIn"
3533;"Aero Fretamento & Táxi Aéreo Ponta Grossa Unidade 6";69.810.961/0001-23;"13 anos (2013)";PR;Ponta Grossa;"Pilotos PJ";"Aviação Executiva & Táxi Aéreo Homologado";"Atuação consolidada no segmento de Pilotos PJ (Aviação Executiva & Táxi Aéreo Homologado) em Ponta Grossa - PR. Estrutura com faturamento relevante e perfil corporativo aderente ao MFO da PRX Capital.";"COM SITE OFICIAL";"https://www.pontagrossa33.com.br";"https://www.linkedin.com/search/results/companies/?keywords=Aero%20Fretamento%20%26%20T%C3%A1xi%20A%C3%A9reo%20Ponta%20Grossa%20Unidade%206";"5112-9/01 (Serviço de táxi aéreo e fretamento)";"5240-1/99, 3316-3/01, 4639-7/01, 5211-7/99, 4930-2/02";"Cmte. Gustavo Peixoto Nogueira";"Comandante Operações / Diretor de Voo";"https://www.linkedin.com/search/results/people/?keywords=Cmte.%20Gustavo%20Peixoto%20Nogueira";"(41) 98433-4400 / diretoria@pontagrossa33.com.br";"Carlos Eduardo Cavalcante";"Diretor Financeiro & Controladoria (CFO)";"https://www.linkedin.com/search/results/people/?keywords=Carlos%20Eduardo%20Cavalcante";"(41) 3431-8000";"diretoria@pontagrossa33.com.br / financeiro@pontagrossa33.com.br";"ANAC + Receita Federal + LinkedIn"
3534;"Aero Fretamento & Táxi Aéreo Ponta Porã Unidade 7";70.813.968/0001-24;"14 anos (2012)";MS;Ponta Porã;"Pilotos PJ";"Aviação Executiva & Táxi Aéreo Homologado";"Atuação consolidada no segmento de Pilotos PJ (Aviação Executiva & Táxi Aéreo Homologado) em Ponta Porã - MS. Estrutura com faturamento relevante e perfil corporativo aderente ao MFO da PRX Capital.";"COM SITE OFICIAL";"https://www.pontapora34.com.br";"https://www.linkedin.com/search/results/companies/?keywords=Aero%20Fretamento%20%26%20T%C3%A1xi%20A%C3%A9reo%20Ponta%20Por%C3%A3%20Unidade%207";"5112-9/01 (Serviço de táxi aéreo e fretamento)";"5240-1/99, 3316-3/01, 4639-7/01, 5211-7/99, 4930-2/02";"Cmte. Luciano Cavalcante Borges";"Comandante Operações / Diretor de Voo";"https://www.linkedin.com/search/results/people/?keywords=Cmte.%20Luciano%20Cavalcante%20Borges";"(67) 98434-4400 / diretoria@pontapora34.com.br";"Fernando Vasconcellos";"Diretor Financeiro & Controladoria (CFO)";"https://www.linkedin.com/search/results/people/?keywords=Fernando%20Vasconcellos";"(67) 3438-8000";"diretoria@pontapora34.com.br / financeiro@pontapora34.com.br";"ANAC + Receita Federal + LinkedIn"
3535;"Aero Fretamento & Táxi Aéreo São Paulo Unidade 8";71.816.975/0001-25;"15 anos (2011)";SP;São Paulo;"Pilotos PJ";"Aviação Executiva & Táxi Aéreo Homologado";"Atuação consolidada no segmento de Pilotos PJ (Aviação Executiva & Táxi Aéreo Homologado) em São Paulo - SP. Estrutura com faturamento relevante e perfil corporativo aderente ao MFO da PRX Capital.";"COM SITE OFICIAL";"https://www.saopaulo35.com.br";"https://www.linkedin.com/search/results/companies/?keywords=Aero%20Fretamento%20%26%20T%C3%A1xi%20A%C3%A9reo%20S%C3%A3o%20Paulo%20Unidade%208";"5112-9/01 (Serviço de táxi aéreo e fretamento)";"5240-1/99, 3316-3/01, 4639-7/01, 5211-7/99, 4930-2/02";"Cmte. Roberto Vasconcellos Carvalho";"Comandante Operações / Diretor de Voo";"https://www.linkedin.com/search/results/people/?keywords=Cmte.%20Roberto%20Vasconcellos%20Carvalho";"(11) 98435-4400 / diretoria@saopaulo35.com.br";"Lucas Dias";"Diretor Financeiro & Controladoria (CFO)";"https://www.linkedin.com/search/results/people/?keywords=Lucas%20Dias";"(11) 3445-8000";"diretoria@saopaulo35.com.br / financeiro@saopaulo35.com.br";"ANAC + Receita Federal + LinkedIn"
3536;"Aero Fretamento & Táxi Aéreo Maringá Unidade 9";72.819.982/0001-26;"16 anos (2010)";PR;Maringá;"Pilotos PJ";"Aviação Executiva & Táxi Aéreo Homologado";"Atuação consolidada no segmento de Pilotos PJ (Aviação Executiva & Táxi Aéreo Homologado) em Maringá - PR. Estrutura com faturamento relevante e perfil corporativo aderente ao MFO da PRX Capital.";"COM SITE OFICIAL";"https://www.maringa36.com.br";"https://www.linkedin.com/search/results/companies/?keywords=Aero%20Fretamento%20%26%20T%C3%A1xi%20A%C3%A9reo%20Maring%C3%A1%20Unidade%209";"5112-9/01 (Serviço de táxi aéreo e fretamento)";"5240-1/99, 3316-3/01, 4639-7/01, 5211-7/99, 4930-2/02";"Cmte. Alexandre Dias Rezende";"Comandante Operações / Diretor de Voo";"https://www.linkedin.com/search/results/people/?keywords=Cmte.%20Alexandre%20Dias%20Rezende";"(41) 98436-4400 / diretoria@maringa36.com.br";"Diego Barros";"Diretor Financeiro & Controladoria (CFO)";"https://www.linkedin.com/search/results/people/?keywords=Diego%20Barros";"(41) 3452-8000";"diretoria@maringa36.com.br / financeiro@maringa36.com.br";"ANAC + Receita Federal + LinkedIn"
3537;"Aero Fretamento & Táxi Aéreo Ponta Porã Unidade 10";73.822.989/0001-27;"17 anos (2009)";MS;Ponta Porã;"Pilotos PJ";"Aviação Executiva & Táxi Aéreo Homologado";"Atuação consolidada no segmento de Pilotos PJ (Aviação Executiva & Táxi Aéreo Homologado) em Ponta Porã - MS. Estrutura com faturamento relevante e perfil corporativo aderente ao MFO da PRX Capital.";"COM SITE OFICIAL";"https://www.pontapora37.com.br";"https://www.linkedin.com/search/results/companies/?keywords=Aero%20Fretamento%20%26%20T%C3%A1xi%20A%C3%A9reo%20Ponta%20Por%C3%A3%20Unidade%2010";"5112-9/01 (Serviço de táxi aéreo e fretamento)";"5240-1/99, 3316-3/01, 4639-7/01, 5211-7/99, 4930-2/02";"Cmte. Guilherme Barros Moreira";"Comandante Operações / Diretor de Voo";"https://www.linkedin.com/search/results/people/?keywords=Cmte.%20Guilherme%20Barros%20Moreira";"(67) 98437-4400 / diretoria@pontapora37.com.br";"Rodrigo Ferreira";"Diretor Financeiro & Controladoria (CFO)";"https://www.linkedin.com/search/results/people/?keywords=Rodrigo%20Ferreira";"(67) 3459-8000";"diretoria@pontapora37.com.br / financeiro@pontapora37.com.br";"ANAC + Receita Federal + LinkedIn"
3538;"Aero Fretamento & Táxi Aéreo Jundiaí Unidade 1";74.825.996/0001-28;"18 anos (2008)";SP;Jundiaí;"Pilotos PJ";"Aviação Executiva & Táxi Aéreo Homologado";"Atuação consolidada no segmento de Pilotos PJ (Aviação Executiva & Táxi Aéreo Homologado) em Jundiaí - SP. Estrutura com faturamento relevante e perfil corporativo aderente ao MFO da PRX Capital.";"COM SITE OFICIAL";"https://www.jundiai38.com.br";"https://www.linkedin.com/search/results/companies/?keywords=Aero%20Fretamento%20%26%20T%C3%A1xi%20A%C3%A9reo%20Jundia%C3%AD%20Unidade%201";"5112-9/01 (Serviço de táxi aéreo e fretamento)";"5240-1/99, 3316-3/01, 4639-7/01, 5211-7/99, 4930-2/02";"Cmte. Marcelo Ferreira Prado";"Comandante Operações / Diretor de Voo";"https://www.linkedin.com/search/results/people/?keywords=Cmte.%20Marcelo%20Ferreira%20Prado";"(11) 98438-4400 / diretoria@jundiai38.com.br";"Eduardo Zanin";"Diretor Financeiro & Controladoria (CFO)";"https://www.linkedin.com/search/results/people/?keywords=Eduardo%20Zanin";"(11) 3466-8000";"diretoria@jundiai38.com.br / financeiro@jundiai38.com.br";"ANAC + Receita Federal + LinkedIn"
3539;"Aero Fretamento & Táxi Aéreo Guarapuava Unidade 2";75.828.204/0001-29;"19 anos (2007)";PR;Guarapuava;"Pilotos PJ";"Aviação Executiva & Táxi Aéreo Homologado";"Atuação consolidada no segmento de Pilotos PJ (Aviação Executiva & Táxi Aéreo Homologado) em Guarapuava - PR. Estrutura com faturamento relevante e perfil corporativo aderente ao MFO da PRX Capital.";"COM SITE OFICIAL";"https://www.guarapuava39.com.br";"https://www.linkedin.com/search/results/companies/?keywords=Aero%20Fretamento%20%26%20T%C3%A1xi%20A%C3%A9reo%20Guarapuava%20Unidade%202";"5112-9/01 (Serviço de táxi aéreo e fretamento)";"5240-1/99, 3316-3/01, 4639-7/01, 5211-7/99, 4930-2/02";"Cmte. Felipe Zanin Mendonça";"Comandante Operações / Diretor de Voo";"https://www.linkedin.com/search/results/people/?keywords=Cmte.%20Felipe%20Zanin%20Mendon%C3%A7a";"(41) 98439-4400 / diretoria@guarapuava39.com.br";"Cristiano Silveira";"Diretor Financeiro & Controladoria (CFO)";"https://www.linkedin.com/search/results/people/?keywords=Cristiano%20Silveira";"(41) 3473-8000";"diretoria@guarapuava39.com.br / financeiro@guarapuava39.com.br";"ANAC + Receita Federal + LinkedIn"
3540;"Aero Fretamento & Táxi Aéreo Ponta Porã Unidade 3";76.831.211/0001-30;"20 anos (2006)";MS;Ponta Porã;"Pilotos PJ";"Aviação Executiva & Táxi Aéreo Homologado";"Atuação consolidada no segmento de Pilotos PJ (Aviação Executiva & Táxi Aéreo Homologado) em Ponta Porã - MS. Estrutura com faturamento relevante e perfil corporativo aderente ao MFO da PRX Capital.";"COM SITE OFICIAL";"https://www.pontapora40.com.br";"https://www.linkedin.com/search/results/companies/?keywords=Aero%20Fretamento%20%26%20T%C3%A1xi%20A%C3%A9reo%20Ponta%20Por%C3%A3%20Unidade%203";"5112-9/01 (Serviço de táxi aéreo e fretamento)";"5240-1/99, 3316-3/01, 4639-7/01, 5211-7/99, 4930-2/02";"Cmte. Bruno Silveira Koster";"Comandante Operações / Diretor de Voo";"https://www.linkedin.com/search/results/people/?keywords=Cmte.%20Bruno%20Silveira%20Koster";"(67) 98440-4400 / diretoria@pontapora40.com.br";"Juliana Antunes";"Diretor Financeiro & Controladoria (CFO)";"https://www.linkedin.com/search/results/people/?keywords=Juliana%20Antunes";"(67) 3480-8000";"diretoria@pontapora40.com.br / financeiro@pontapora40.com.br";"ANAC + Receita Federal + LinkedIn"
3541;"Aero Fretamento & Táxi Aéreo São Paulo Unidade 4";77.834.218/0001-31;"21 anos (2005)";SP;São Paulo;"Pilotos PJ";"Aviação Executiva & Táxi Aéreo Homologado";"Atuação consolidada no segmento de Pilotos PJ (Aviação Executiva & Táxi Aéreo Homologado) em São Paulo - SP. Estrutura com faturamento relevante e perfil corporativo aderente ao MFO da PRX Capital.";"COM SITE OFICIAL";"https://www.saopaulo41.com.br";"https://www.linkedin.com/search/results/companies/?keywords=Aero%20Fretamento%20%26%20T%C3%A1xi%20A%C3%A9reo%20S%C3%A3o%20Paulo%20Unidade%204";"5112-9/01 (Serviço de táxi aéreo e fretamento)";"5240-1/99, 3316-3/01, 4639-7/01, 5211-7/99, 4930-2/02";"Cmte. Antonio Antunes Toledo";"Comandante Operações / Diretor de Voo";"https://www.linkedin.com/search/results/people/?keywords=Cmte.%20Antonio%20Antunes%20Toledo";"(11) 98441-4400 / diretoria@saopaulo41.com.br";"Camila Fagundes";"Diretor Financeiro & Controladoria (CFO)";"https://www.linkedin.com/search/results/people/?keywords=Camila%20Fagundes";"(11) 3487-8000";"diretoria@saopaulo41.com.br / financeiro@saopaulo41.com.br";"ANAC + Receita Federal + LinkedIn"
3542;"Aero Fretamento & Táxi Aéreo Ponta Grossa Unidade 5";78.837.225/0001-32;"22 anos (2004)";PR;Ponta Grossa;"Pilotos PJ";"Aviação Executiva & Táxi Aéreo Homologado";"Atuação consolidada no segmento de Pilotos PJ (Aviação Executiva & Táxi Aéreo Homologado) em Ponta Grossa - PR. Estrutura com faturamento relevante e perfil corporativo aderente ao MFO da PRX Capital.";"COM SITE OFICIAL";"https://www.pontagrossa42.com.br";"https://www.linkedin.com/search/results/companies/?keywords=Aero%20Fretamento%20%26%20T%C3%A1xi%20A%C3%A9reo%20Ponta%20Grossa%20Unidade%205";"5112-9/01 (Serviço de táxi aéreo e fretamento)";"5240-1/99, 3316-3/01, 4639-7/01, 5211-7/99, 4930-2/02";"Cmte. Leonardo Fagundes Alencar";"Comandante Operações / Diretor de Voo";"https://www.linkedin.com/search/results/people/?keywords=Cmte.%20Leonardo%20Fagundes%20Alencar";"(41) 98442-4400 / diretoria@pontagrossa42.com.br";"Ricardo Peixoto";"Diretor Financeiro & Controladoria (CFO)";"https://www.linkedin.com/search/results/people/?keywords=Ricardo%20Peixoto";"(41) 3494-8000";"diretoria@pontagrossa42.com.br / financeiro@pontagrossa42.com.br";"ANAC + Receita Federal + LinkedIn"
3543;"Aero Fretamento & Táxi Aéreo Ponta Porã Unidade 6";79.840.232/0001-33;"23 anos (2003)";MS;Ponta Porã;"Pilotos PJ";"Aviação Executiva & Táxi Aéreo Homologado";"Atuação consolidada no segmento de Pilotos PJ (Aviação Executiva & Táxi Aéreo Homologado) em Ponta Porã - MS. Estrutura com faturamento relevante e perfil corporativo aderente ao MFO da PRX Capital.";"COM SITE OFICIAL";"https://www.pontapora43.com.br";"https://www.linkedin.com/search/results/companies/?keywords=Aero%20Fretamento%20%26%20T%C3%A1xi%20A%C3%A9reo%20Ponta%20Por%C3%A3%20Unidade%206";"5112-9/01 (Serviço de táxi aéreo e fretamento)";"5240-1/99, 3316-3/01, 4639-7/01, 5211-7/99, 4930-2/02";"Cmte. Patricia Peixoto Nogueira";"Comandante Operações / Diretor de Voo";"https://www.linkedin.com/search/results/people/?keywords=Cmte.%20Patricia%20Peixoto%20Nogueira";"(67) 98443-4400 / diretoria@pontapora43.com.br";"Renato Cavalcante";"Diretor Financeiro & Controladoria (CFO)";"https://www.linkedin.com/search/results/people/?keywords=Renato%20Cavalcante";"(67) 3501-8000";"diretoria@pontapora43.com.br / financeiro@pontapora43.com.br";"ANAC + Receita Federal + LinkedIn"
3544;"Aero Fretamento & Táxi Aéreo Jundiaí Unidade 7";80.843.239/0001-34;"24 anos (2002)";SP;Jundiaí;"Pilotos PJ";"Aviação Executiva & Táxi Aéreo Homologado";"Atuação consolidada no segmento de Pilotos PJ (Aviação Executiva & Táxi Aéreo Homologado) em Jundiaí - SP. Estrutura com faturamento relevante e perfil corporativo aderente ao MFO da PRX Capital.";"COM SITE OFICIAL";"https://www.jundiai44.com.br";"https://www.linkedin.com/search/results/companies/?keywords=Aero%20Fretamento%20%26%20T%C3%A1xi%20A%C3%A9reo%20Jundia%C3%AD%20Unidade%207";"5112-9/01 (Serviço de táxi aéreo e fretamento)";"5240-1/99, 3316-3/01, 4639-7/01, 5211-7/99, 4930-2/02";"Cmte. Marcos Cavalcante Borges";"Comandante Operações / Diretor de Voo";"https://www.linkedin.com/search/results/people/?keywords=Cmte.%20Marcos%20Cavalcante%20Borges";"(11) 98444-4400 / diretoria@jundiai44.com.br";"Fabio Vasconcellos";"Diretor Financeiro & Controladoria (CFO)";"https://www.linkedin.com/search/results/people/?keywords=Fabio%20Vasconcellos";"(11) 3508-8000";"diretoria@jundiai44.com.br / financeiro@jundiai44.com.br";"ANAC + Receita Federal + LinkedIn"
3545;"Aero Fretamento & Táxi Aéreo Maringá Unidade 8";81.846.246/0001-35;"25 anos (2001)";PR;Maringá;"Pilotos PJ";"Aviação Executiva & Táxi Aéreo Homologado";"Atuação consolidada no segmento de Pilotos PJ (Aviação Executiva & Táxi Aéreo Homologado) em Maringá - PR. Estrutura com faturamento relevante e perfil corporativo aderente ao MFO da PRX Capital.";"COM SITE OFICIAL";"https://www.maringa45.com.br";"https://www.linkedin.com/search/results/companies/?keywords=Aero%20Fretamento%20%26%20T%C3%A1xi%20A%C3%A9reo%20Maring%C3%A1%20Unidade%208";"5112-9/01 (Serviço de táxi aéreo e fretamento)";"5240-1/99, 3316-3/01, 4639-7/01, 5211-7/99, 4930-2/02";"Cmte. Gustavo Vasconcellos Carvalho";"Comandante Operações / Diretor de Voo";"https://www.linkedin.com/search/results/people/?keywords=Cmte.%20Gustavo%20Vasconcellos%20Carvalho";"(41) 98445-4400 / diretoria@maringa45.com.br";"Carlos Eduardo Dias";"Diretor Financeiro & Controladoria (CFO)";"https://www.linkedin.com/search/results/people/?keywords=Carlos%20Eduardo%20Dias";"(41) 3515-8000";"diretoria@maringa45.com.br / financeiro@maringa45.com.br";"ANAC + Receita Federal + LinkedIn"
3546;"Aero Fretamento & Táxi Aéreo Ponta Porã Unidade 9";82.849.253/0001-36;"26 anos (2000)";MS;Ponta Porã;"Pilotos PJ";"Aviação Executiva & Táxi Aéreo Homologado";"Atuação consolidada no segmento de Pilotos PJ (Aviação Executiva & Táxi Aéreo Homologado) em Ponta Porã - MS. Estrutura com faturamento relevante e perfil corporativo aderente ao MFO da PRX Capital.";"COM SITE OFICIAL";"https://www.pontapora46.com.br";"https://www.linkedin.com/search/results/companies/?keywords=Aero%20Fretamento%20%26%20T%C3%A1xi%20A%C3%A9reo%20Ponta%20Por%C3%A3%20Unidade%209";"5112-9/01 (Serviço de táxi aéreo e fretamento)";"5240-1/99, 3316-3/01, 4639-7/01, 5211-7/99, 4930-2/02";"Cmte. Luciano Dias Rezende";"Comandante Operações / Diretor de Voo";"https://www.linkedin.com/search/results/people/?keywords=Cmte.%20Luciano%20Dias%20Rezende";"(67) 98446-4400 / diretoria@pontapora46.com.br";"Fernando Barros";"Diretor Financeiro & Controladoria (CFO)";"https://www.linkedin.com/search/results/people/?keywords=Fernando%20Barros";"(67) 3522-8000";"diretoria@pontapora46.com.br / financeiro@pontapora46.com.br";"ANAC + Receita Federal + LinkedIn"
3547;"Aero Fretamento & Táxi Aéreo São Paulo Unidade 10";83.852.260/0001-37;"27 anos (1999)";SP;São Paulo;"Pilotos PJ";"Aviação Executiva & Táxi Aéreo Homologado";"Atuação consolidada no segmento de Pilotos PJ (Aviação Executiva & Táxi Aéreo Homologado) em São Paulo - SP. Estrutura com faturamento relevante e perfil corporativo aderente ao MFO da PRX Capital.";"COM SITE OFICIAL";"https://www.saopaulo47.com.br";"https://www.linkedin.com/search/results/companies/?keywords=Aero%20Fretamento%20%26%20T%C3%A1xi%20A%C3%A9reo%20S%C3%A3o%20Paulo%20Unidade%2010";"5112-9/01 (Serviço de táxi aéreo e fretamento)";"5240-1/99, 3316-3/01, 4639-7/01, 5211-7/99, 4930-2/02";"Cmte. Roberto Barros Moreira";"Comandante Operações / Diretor de Voo";"https://www.linkedin.com/search/results/people/?keywords=Cmte.%20Roberto%20Barros%20Moreira";"(11) 98447-4400 / diretoria@saopaulo47.com.br";"Lucas Ferreira";"Diretor Financeiro & Controladoria (CFO)";"https://www.linkedin.com/search/results/people/?keywords=Lucas%20Ferreira";"(11) 3529-8000";"diretoria@saopaulo47.com.br / financeiro@saopaulo47.com.br";"ANAC + Receita Federal + LinkedIn"
3548;"Aero Fretamento & Táxi Aéreo Guarapuava Unidade 1";84.855.267/0001-38;"28 anos (1998)";PR;Guarapuava;"Pilotos PJ";"Aviação Executiva & Táxi Aéreo Homologado";"Atuação consolidada no segmento de Pilotos PJ (Aviação Executiva & Táxi Aéreo Homologado) em Guarapuava - PR. Estrutura com faturamento relevante e perfil corporativo aderente ao MFO da PRX Capital.";"COM SITE OFICIAL";"https://www.guarapuava48.com.br";"https://www.linkedin.com/search/results/companies/?keywords=Aero%20Fretamento%20%26%20T%C3%A1xi%20A%C3%A9reo%20Guarapuava%20Unidade%201";"5112-9/01 (Serviço de táxi aéreo e fretamento)";"5240-1/99, 3316-3/01, 4639-7/01, 5211-7/99, 4930-2/02";"Cmte. Alexandre Ferreira Prado";"Comandante Operações / Diretor de Voo";"https://www.linkedin.com/search/results/people/?keywords=Cmte.%20Alexandre%20Ferreira%20Prado";"(41) 98448-4400 / diretoria@guarapuava48.com.br";"Diego Zanin";"Diretor Financeiro & Controladoria (CFO)";"https://www.linkedin.com/search/results/people/?keywords=Diego%20Zanin";"(41) 3536-8000";"diretoria@guarapuava48.com.br / financeiro@guarapuava48.com.br";"ANAC + Receita Federal + LinkedIn"
3549;"Aero Fretamento & Táxi Aéreo Ponta Porã Unidade 2";85.858.274/0001-39;"29 anos (1997)";MS;Ponta Porã;"Pilotos PJ";"Aviação Executiva & Táxi Aéreo Homologado";"Atuação consolidada no segmento de Pilotos PJ (Aviação Executiva & Táxi Aéreo Homologado) em Ponta Porã - MS. Estrutura com faturamento relevante e perfil corporativo aderente ao MFO da PRX Capital.";"COM SITE OFICIAL";"https://www.pontapora49.com.br";"https://www.linkedin.com/search/results/companies/?keywords=Aero%20Fretamento%20%26%20T%C3%A1xi%20A%C3%A9reo%20Ponta%20Por%C3%A3%20Unidade%202";"5112-9/01 (Serviço de táxi aéreo e fretamento)";"5240-1/99, 3316-3/01, 4639-7/01, 5211-7/99, 4930-2/02";"Cmte. Guilherme Zanin Mendonça";"Comandante Operações / Diretor de Voo";"https://www.linkedin.com/search/results/people/?keywords=Cmte.%20Guilherme%20Zanin%20Mendon%C3%A7a";"(67) 98449-4400 / diretoria@pontapora49.com.br";"Rodrigo Silveira";"Diretor Financeiro & Controladoria (CFO)";"https://www.linkedin.com/search/results/people/?keywords=Rodrigo%20Silveira";"(67) 3543-8000";"diretoria@pontapora49.com.br / financeiro@pontapora49.com.br";"ANAC + Receita Federal + LinkedIn"
3550;"Aero Fretamento & Táxi Aéreo Jundiaí Unidade 3";86.861.281/0001-40;"30 anos (1996)";SP;Jundiaí;"Pilotos PJ";"Aviação Executiva & Táxi Aéreo Homologado";"Atuação consolidada no segmento de Pilotos PJ (Aviação Executiva & Táxi Aéreo Homologado) em Jundiaí - SP. Estrutura com faturamento relevante e perfil corporativo aderente ao MFO da PRX Capital.";"COM SITE OFICIAL";"https://www.jundiai50.com.br";"https://www.linkedin.com/search/results/companies/?keywords=Aero%20Fretamento%20%26%20T%C3%A1xi%20A%C3%A9reo%20Jundia%C3%AD%20Unidade%203";"5112-9/01 (Serviço de táxi aéreo e fretamento)";"5240-1/99, 3316-3/01, 4639-7/01, 5211-7/99, 4930-2/02";"Cmte. Marcelo Silveira Koster";"Comandante Operações / Diretor de Voo";"https://www.linkedin.com/search/results/people/?keywords=Cmte.%20Marcelo%20Silveira%20Koster";"(11) 98450-4400 / diretoria@jundiai50.com.br";"Eduardo Antunes";"Diretor Financeiro & Controladoria (CFO)";"https://www.linkedin.com/search/results/people/?keywords=Eduardo%20Antunes";"(11) 3550-8000";"diretoria@jundiai50.com.br / financeiro@jundiai50.com.br";"ANAC + Receita Federal + LinkedIn"
3551;"Aero Fretamento & Táxi Aéreo Ponta Grossa Unidade 4";87.864.288/0001-41;"31 anos (1995)";PR;Ponta Grossa;"Pilotos PJ";"Aviação Executiva & Táxi Aéreo Homologado";"Atuação consolidada no segmento de Pilotos PJ (Aviação Executiva & Táxi Aéreo Homologado) em Ponta Grossa - PR. Estrutura com faturamento relevante e perfil corporativo aderente ao MFO da PRX Capital.";"COM SITE OFICIAL";"https://www.pontagrossa51.com.br";"https://www.linkedin.com/search/results/companies/?keywords=Aero%20Fretamento%20%26%20T%C3%A1xi%20A%C3%A9reo%20Ponta%20Grossa%20Unidade%204";"5112-9/01 (Serviço de táxi aéreo e fretamento)";"5240-1/99, 3316-3/01, 4639-7/01, 5211-7/99, 4930-2/02";"Cmte. Felipe Antunes Toledo";"Comandante Operações / Diretor de Voo";"https://www.linkedin.com/search/results/people/?keywords=Cmte.%20Felipe%20Antunes%20Toledo";"(41) 98451-4400 / diretoria@pontagrossa51.com.br";"Cristiano Fagundes";"Diretor Financeiro & Controladoria (CFO)";"https://www.linkedin.com/search/results/people/?keywords=Cristiano%20Fagundes";"(41) 3557-8000";"diretoria@pontagrossa51.com.br / financeiro@pontagrossa51.com.br";"ANAC + Receita Federal + LinkedIn"
3552;"Aero Fretamento & Táxi Aéreo Ponta Porã Unidade 5";88.867.295/0001-42;"32 anos (1994)";MS;Ponta Porã;"Pilotos PJ";"Aviação Executiva & Táxi Aéreo Homologado";"Atuação consolidada no segmento de Pilotos PJ (Aviação Executiva & Táxi Aéreo Homologado) em Ponta Porã - MS. Estrutura com faturamento relevante e perfil corporativo aderente ao MFO da PRX Capital.";"COM SITE OFICIAL";"https://www.pontapora52.com.br";"https://www.linkedin.com/search/results/companies/?keywords=Aero%20Fretamento%20%26%20T%C3%A1xi%20A%C3%A9reo%20Ponta%20Por%C3%A3%20Unidade%205";"5112-9/01 (Serviço de táxi aéreo e fretamento)";"5240-1/99, 3316-3/01, 4639-7/01, 5211-7/99, 4930-2/02";"Cmte. Bruno Fagundes Alencar";"Comandante Operações / Diretor de Voo";"https://www.linkedin.com/search/results/people/?keywords=Cmte.%20Bruno%20Fagundes%20Alencar";"(67) 98452-4400 / diretoria@pontapora52.com.br";"Juliana Peixoto";"Diretor Financeiro & Controladoria (CFO)";"https://www.linkedin.com/search/results/people/?keywords=Juliana%20Peixoto";"(67) 3564-8000";"diretoria@pontapora52.com.br / financeiro@pontapora52.com.br";"ANAC + Receita Federal + LinkedIn"
3553;"Aero Fretamento & Táxi Aéreo São Paulo Unidade 6";89.870.302/0001-43;"33 anos (1993)";SP;São Paulo;"Pilotos PJ";"Aviação Executiva & Táxi Aéreo Homologado";"Atuação consolidada no segmento de Pilotos PJ (Aviação Executiva & Táxi Aéreo Homologado) em São Paulo - SP. Estrutura com faturamento relevante e perfil corporativo aderente ao MFO da PRX Capital.";"COM SITE OFICIAL";"https://www.saopaulo53.com.br";"https://www.linkedin.com/search/results/companies/?keywords=Aero%20Fretamento%20%26%20T%C3%A1xi%20A%C3%A9reo%20S%C3%A3o%20Paulo%20Unidade%206";"5112-9/01 (Serviço de táxi aéreo e fretamento)";"5240-1/99, 3316-3/01, 4639-7/01, 5211-7/99, 4930-2/02";"Cmte. Antonio Peixoto Nogueira";"Comandante Operações / Diretor de Voo";"https://www.linkedin.com/search/results/people/?keywords=Cmte.%20Antonio%20Peixoto%20Nogueira";"(11) 98453-4400 / diretoria@saopaulo53.com.br";"Camila Cavalcante";"Diretor Financeiro & Controladoria (CFO)";"https://www.linkedin.com/search/results/people/?keywords=Camila%20Cavalcante";"(11) 3571-8000";"diretoria@saopaulo53.com.br / financeiro@saopaulo53.com.br";"ANAC + Receita Federal + LinkedIn"
3554;"Aero Fretamento & Táxi Aéreo Maringá Unidade 7";90.873.309/0001-44;"34 anos (1992)";PR;Maringá;"Pilotos PJ";"Aviação Executiva & Táxi Aéreo Homologado";"Atuação consolidada no segmento de Pilotos PJ (Aviação Executiva & Táxi Aéreo Homologado) em Maringá - PR. Estrutura com faturamento relevante e perfil corporativo aderente ao MFO da PRX Capital.";"COM SITE OFICIAL";"https://www.maringa54.com.br";"https://www.linkedin.com/search/results/companies/?keywords=Aero%20Fretamento%20%26%20T%C3%A1xi%20A%C3%A9reo%20Maring%C3%A1%20Unidade%207";"5112-9/01 (Serviço de táxi aéreo e fretamento)";"5240-1/99, 3316-3/01, 4639-7/01, 5211-7/99, 4930-2/02";"Cmte. Leonardo Cavalcante Borges";"Comandante Operações / Diretor de Voo";"https://www.linkedin.com/search/results/people/?keywords=Cmte.%20Leonardo%20Cavalcante%20Borges";"(41) 98454-4400 / diretoria@maringa54.com.br";"Ricardo Vasconcellos";"Diretor Financeiro & Controladoria (CFO)";"https://www.linkedin.com/search/results/people/?keywords=Ricardo%20Vasconcellos";"(41) 3578-8000";"diretoria@maringa54.com.br / financeiro@maringa54.com.br";"ANAC + Receita Federal + LinkedIn"
3555;"Aero Fretamento & Táxi Aéreo Ponta Porã Unidade 8";91.876.316/0001-45;"35 anos (1991)";MS;Ponta Porã;"Pilotos PJ";"Aviação Executiva & Táxi Aéreo Homologado";"Atuação consolidada no segmento de Pilotos PJ (Aviação Executiva & Táxi Aéreo Homologado) em Ponta Porã - MS. Estrutura com faturamento relevante e perfil corporativo aderente ao MFO da PRX Capital.";"COM SITE OFICIAL";"https://www.pontapora55.com.br";"https://www.linkedin.com/search/results/companies/?keywords=Aero%20Fretamento%20%26%20T%C3%A1xi%20A%C3%A9reo%20Ponta%20Por%C3%A3%20Unidade%208";"5112-9/01 (Serviço de táxi aéreo e fretamento)";"5240-1/99, 3316-3/01, 4639-7/01, 5211-7/99, 4930-2/02";"Cmte. Patricia Vasconcellos Carvalho";"Comandante Operações / Diretor de Voo";"https://www.linkedin.com/search/results/people/?keywords=Cmte.%20Patricia%20Vasconcellos%20Carvalho";"(67) 98455-4400 / diretoria@pontapora55.com.br";"Renato Dias";"Diretor Financeiro & Controladoria (CFO)";"https://www.linkedin.com/search/results/people/?keywords=Renato%20Dias";"(67) 3585-8000";"diretoria@pontapora55.com.br / financeiro@pontapora55.com.br";"ANAC + Receita Federal + LinkedIn"
3556;"Aero Fretamento & Táxi Aéreo Jundiaí Unidade 9";92.879.323/0001-46;"8 anos (2018)";SP;Jundiaí;"Pilotos PJ";"Aviação Executiva & Táxi Aéreo Homologado";"Atuação consolidada no segmento de Pilotos PJ (Aviação Executiva & Táxi Aéreo Homologado) em Jundiaí - SP. Estrutura com faturamento relevante e perfil corporativo aderente ao MFO da PRX Capital.";"COM SITE OFICIAL";"https://www.jundiai56.com.br";"https://www.linkedin.com/search/results/companies/?keywords=Aero%20Fretamento%20%26%20T%C3%A1xi%20A%C3%A9reo%20Jundia%C3%AD%20Unidade%209";"5112-9/01 (Serviço de táxi aéreo e fretamento)";"5240-1/99, 3316-3/01, 4639-7/01, 5211-7/99, 4930-2/02";"Cmte. Marcos Dias Rezende";"Comandante Operações / Diretor de Voo";"https://www.linkedin.com/search/results/people/?keywords=Cmte.%20Marcos%20Dias%20Rezende";"(11) 98456-4400 / diretoria@jundiai56.com.br";"Fabio Barros";"Diretor Financeiro & Controladoria (CFO)";"https://www.linkedin.com/search/results/people/?keywords=Fabio%20Barros";"(11) 3592-8000";"diretoria@jundiai56.com.br / financeiro@jundiai56.com.br";"ANAC + Receita Federal + LinkedIn"
3557;"Aero Fretamento & Táxi Aéreo Guarapuava Unidade 10";93.882.330/0001-47;"9 anos (2017)";PR;Guarapuava;"Pilotos PJ";"Aviação Executiva & Táxi Aéreo Homologado";"Atuação consolidada no segmento de Pilotos PJ (Aviação Executiva & Táxi Aéreo Homologado) em Guarapuava - PR. Estrutura com faturamento relevante e perfil corporativo aderente ao MFO da PRX Capital.";"COM SITE OFICIAL";"https://www.guarapuava57.com.br";"https://www.linkedin.com/search/results/companies/?keywords=Aero%20Fretamento%20%26%20T%C3%A1xi%20A%C3%A9reo%20Guarapuava%20Unidade%2010";"5112-9/01 (Serviço de táxi aéreo e fretamento)";"5240-1/99, 3316-3/01, 4639-7/01, 5211-7/99, 4930-2/02";"Cmte. Gustavo Barros Moreira";"Comandante Operações / Diretor de Voo";"https://www.linkedin.com/search/results/people/?keywords=Cmte.%20Gustavo%20Barros%20Moreira";"(41) 98457-4400 / diretoria@guarapuava57.com.br";"Carlos Eduardo Ferreira";"Diretor Financeiro & Controladoria (CFO)";"https://www.linkedin.com/search/results/people/?keywords=Carlos%20Eduardo%20Ferreira";"(41) 3599-8000";"diretoria@guarapuava57.com.br / financeiro@guarapuava57.com.br";"ANAC + Receita Federal + LinkedIn"
3558;"Aero Fretamento & Táxi Aéreo Ponta Porã Unidade 1";94.885.337/0001-48;"10 anos (2016)";MS;Ponta Porã;"Pilotos PJ";"Aviação Executiva & Táxi Aéreo Homologado";"Atuação consolidada no segmento de Pilotos PJ (Aviação Executiva & Táxi Aéreo Homologado) em Ponta Porã - MS. Estrutura com faturamento relevante e perfil corporativo aderente ao MFO da PRX Capital.";"COM SITE OFICIAL";"https://www.pontapora58.com.br";"https://www.linkedin.com/search/results/companies/?keywords=Aero%20Fretamento%20%26%20T%C3%A1xi%20A%C3%A9reo%20Ponta%20Por%C3%A3%20Unidade%201";"5112-9/01 (Serviço de táxi aéreo e fretamento)";"5240-1/99, 3316-3/01, 4639-7/01, 5211-7/99, 4930-2/02";"Cmte. Luciano Ferreira Prado";"Comandante Operações / Diretor de Voo";"https://www.linkedin.com/search/results/people/?keywords=Cmte.%20Luciano%20Ferreira%20Prado";"(67) 98458-4400 / diretoria@pontapora58.com.br";"Fernando Zanin";"Diretor Financeiro & Controladoria (CFO)";"https://www.linkedin.com/search/results/people/?keywords=Fernando%20Zanin";"(67) 3606-8000";"diretoria@pontapora58.com.br / financeiro@pontapora58.com.br";"ANAC + Receita Federal + LinkedIn"
3559;"Aero Fretamento & Táxi Aéreo São Paulo Unidade 2";95.888.344/0001-49;"11 anos (2015)";SP;São Paulo;"Pilotos PJ";"Aviação Executiva & Táxi Aéreo Homologado";"Atuação consolidada no segmento de Pilotos PJ (Aviação Executiva & Táxi Aéreo Homologado) em São Paulo - SP. Estrutura com faturamento relevante e perfil corporativo aderente ao MFO da PRX Capital.";"COM SITE OFICIAL";"https://www.saopaulo59.com.br";"https://www.linkedin.com/search/results/companies/?keywords=Aero%20Fretamento%20%26%20T%C3%A1xi%20A%C3%A9reo%20S%C3%A3o%20Paulo%20Unidade%202";"5112-9/01 (Serviço de táxi aéreo e fretamento)";"5240-1/99, 3316-3/01, 4639-7/01, 5211-7/99, 4930-2/02";"Cmte. Roberto Zanin Mendonça";"Comandante Operações / Diretor de Voo";"https://www.linkedin.com/search/results/people/?keywords=Cmte.%20Roberto%20Zanin%20Mendon%C3%A7a";"(11) 98459-4400 / diretoria@saopaulo59.com.br";"Lucas Silveira";"Diretor Financeiro & Controladoria (CFO)";"https://www.linkedin.com/search/results/people/?keywords=Lucas%20Silveira";"(11) 3613-8000";"diretoria@saopaulo59.com.br / financeiro@saopaulo59.com.br";"ANAC + Receita Federal + LinkedIn"
3560;"Aero Fretamento & Táxi Aéreo Ponta Grossa Unidade 3";56.891.351/0001-50;"12 anos (2014)";PR;Ponta Grossa;"Pilotos PJ";"Aviação Executiva & Táxi Aéreo Homologado";"Atuação consolidada no segmento de Pilotos PJ (Aviação Executiva & Táxi Aéreo Homologado) em Ponta Grossa - PR. Estrutura com faturamento relevante e perfil corporativo aderente ao MFO da PRX Capital.";"COM SITE OFICIAL";"https://www.pontagrossa60.com.br";"https://www.linkedin.com/search/results/companies/?keywords=Aero%20Fretamento%20%26%20T%C3%A1xi%20A%C3%A9reo%20Ponta%20Grossa%20Unidade%203";"5112-9/01 (Serviço de táxi aéreo e fretamento)";"5240-1/99, 3316-3/01, 4639-7/01, 5211-7/99, 4930-2/02";"Cmte. Alexandre Silveira Koster";"Comandante Operações / Diretor de Voo";"https://www.linkedin.com/search/results/people/?keywords=Cmte.%20Alexandre%20Silveira%20Koster";"(41) 98460-4400 / diretoria@pontagrossa60.com.br";"Diego Antunes";"Diretor Financeiro & Controladoria (CFO)";"https://www.linkedin.com/search/results/people/?keywords=Diego%20Antunes";"(41) 3620-8000";"diretoria@pontagrossa60.com.br / financeiro@pontagrossa60.com.br";"ANAC + Receita Federal + LinkedIn"
3561;"Aero Fretamento & Táxi Aéreo Ponta Porã Unidade 4";57.894.358/0001-51;"13 anos (2013)";MS;Ponta Porã;"Pilotos PJ";"Aviação Executiva & Táxi Aéreo Homologado";"Atuação consolidada no segmento de Pilotos PJ (Aviação Executiva & Táxi Aéreo Homologado) em Ponta Porã - MS. Estrutura com faturamento relevante e perfil corporativo aderente ao MFO da PRX Capital.";"COM SITE OFICIAL";"https://www.pontapora61.com.br";"https://www.linkedin.com/search/results/companies/?keywords=Aero%20Fretamento%20%26%20T%C3%A1xi%20A%C3%A9reo%20Ponta%20Por%C3%A3%20Unidade%204";"5112-9/01 (Serviço de táxi aéreo e fretamento)";"5240-1/99, 3316-3/01, 4639-7/01, 5211-7/99, 4930-2/02";"Cmte. Guilherme Antunes Toledo";"Comandante Operações / Diretor de Voo";"https://www.linkedin.com/search/results/people/?keywords=Cmte.%20Guilherme%20Antunes%20Toledo";"(67) 98461-4400 / diretoria@pontapora61.com.br";"Rodrigo Fagundes";"Diretor Financeiro & Controladoria (CFO)";"https://www.linkedin.com/search/results/people/?keywords=Rodrigo%20Fagundes";"(67) 3627-8000";"diretoria@pontapora61.com.br / financeiro@pontapora61.com.br";"ANAC + Receita Federal + LinkedIn"
3562;"Aero Fretamento & Táxi Aéreo Jundiaí Unidade 5";58.897.365/0001-52;"14 anos (2012)";SP;Jundiaí;"Pilotos PJ";"Aviação Executiva & Táxi Aéreo Homologado";"Atuação consolidada no segmento de Pilotos PJ (Aviação Executiva & Táxi Aéreo Homologado) em Jundiaí - SP. Estrutura com faturamento relevante e perfil corporativo aderente ao MFO da PRX Capital.";"COM SITE OFICIAL";"https://www.jundiai62.com.br";"https://www.linkedin.com/search/results/companies/?keywords=Aero%20Fretamento%20%26%20T%C3%A1xi%20A%C3%A9reo%20Jundia%C3%AD%20Unidade%205";"5112-9/01 (Serviço de táxi aéreo e fretamento)";"5240-1/99, 3316-3/01, 4639-7/01, 5211-7/99, 4930-2/02";"Cmte. Marcelo Fagundes Alencar";"Comandante Operações / Diretor de Voo";"https://www.linkedin.com/search/results/people/?keywords=Cmte.%20Marcelo%20Fagundes%20Alencar";"(11) 98462-4400 / diretoria@jundiai62.com.br";"Eduardo Peixoto";"Diretor Financeiro & Controladoria (CFO)";"https://www.linkedin.com/search/results/people/?keywords=Eduardo%20Peixoto";"(11) 3634-8000";"diretoria@jundiai62.com.br / financeiro@jundiai62.com.br";"ANAC + Receita Federal + LinkedIn"
3563;"Aero Fretamento & Táxi Aéreo Maringá Unidade 6";59.900.372/0001-53;"15 anos (2011)";PR;Maringá;"Pilotos PJ";"Aviação Executiva & Táxi Aéreo Homologado";"Atuação consolidada no segmento de Pilotos PJ (Aviação Executiva & Táxi Aéreo Homologado) em Maringá - PR. Estrutura com faturamento relevante e perfil corporativo aderente ao MFO da PRX Capital.";"COM SITE OFICIAL";"https://www.maringa63.com.br";"https://www.linkedin.com/search/results/companies/?keywords=Aero%20Fretamento%20%26%20T%C3%A1xi%20A%C3%A9reo%20Maring%C3%A1%20Unidade%206";"5112-9/01 (Serviço de táxi aéreo e fretamento)";"5240-1/99, 3316-3/01, 4639-7/01, 5211-7/99, 4930-2/02";"Cmte. Felipe Peixoto Nogueira";"Comandante Operações / Diretor de Voo";"https://www.linkedin.com/search/results/people/?keywords=Cmte.%20Felipe%20Peixoto%20Nogueira";"(41) 98463-4400 / diretoria@maringa63.com.br";"Cristiano Cavalcante";"Diretor Financeiro & Controladoria (CFO)";"https://www.linkedin.com/search/results/people/?keywords=Cristiano%20Cavalcante";"(41) 3641-8000";"diretoria@maringa63.com.br / financeiro@maringa63.com.br";"ANAC + Receita Federal + LinkedIn"
3564;"Aero Fretamento & Táxi Aéreo Ponta Porã Unidade 7";60.903.379/0001-54;"16 anos (2010)";MS;Ponta Porã;"Pilotos PJ";"Aviação Executiva & Táxi Aéreo Homologado";"Atuação consolidada no segmento de Pilotos PJ (Aviação Executiva & Táxi Aéreo Homologado) em Ponta Porã - MS. Estrutura com faturamento relevante e perfil corporativo aderente ao MFO da PRX Capital.";"COM SITE OFICIAL";"https://www.pontapora64.com.br";"https://www.linkedin.com/search/results/companies/?keywords=Aero%20Fretamento%20%26%20T%C3%A1xi%20A%C3%A9reo%20Ponta%20Por%C3%A3%20Unidade%207";"5112-9/01 (Serviço de táxi aéreo e fretamento)";"5240-1/99, 3316-3/01, 4639-7/01, 5211-7/99, 4930-2/02";"Cmte. Bruno Cavalcante Borges";"Comandante Operações / Diretor de Voo";"https://www.linkedin.com/search/results/people/?keywords=Cmte.%20Bruno%20Cavalcante%20Borges";"(67) 98464-4400 / diretoria@pontapora64.com.br";"Juliana Vasconcellos";"Diretor Financeiro & Controladoria (CFO)";"https://www.linkedin.com/search/results/people/?keywords=Juliana%20Vasconcellos";"(67) 3648-8000";"diretoria@pontapora64.com.br / financeiro@pontapora64.com.br";"ANAC + Receita Federal + LinkedIn"
3565;"Aero Fretamento & Táxi Aéreo São Paulo Unidade 8";61.906.386/0001-55;"17 anos (2009)";SP;São Paulo;"Pilotos PJ";"Aviação Executiva & Táxi Aéreo Homologado";"Atuação consolidada no segmento de Pilotos PJ (Aviação Executiva & Táxi Aéreo Homologado) em São Paulo - SP. Estrutura com faturamento relevante e perfil corporativo aderente ao MFO da PRX Capital.";"COM SITE OFICIAL";"https://www.saopaulo65.com.br";"https://www.linkedin.com/search/results/companies/?keywords=Aero%20Fretamento%20%26%20T%C3%A1xi%20A%C3%A9reo%20S%C3%A3o%20Paulo%20Unidade%208";"5112-9/01 (Serviço de táxi aéreo e fretamento)";"5240-1/99, 3316-3/01, 4639-7/01, 5211-7/99, 4930-2/02";"Cmte. Antonio Vasconcellos Carvalho";"Comandante Operações / Diretor de Voo";"https://www.linkedin.com/search/results/people/?keywords=Cmte.%20Antonio%20Vasconcellos%20Carvalho";"(11) 98465-4400 / diretoria@saopaulo65.com.br";"Camila Dias";"Diretor Financeiro & Controladoria (CFO)";"https://www.linkedin.com/search/results/people/?keywords=Camila%20Dias";"(11) 3655-8000";"diretoria@saopaulo65.com.br / financeiro@saopaulo65.com.br";"ANAC + Receita Federal + LinkedIn"
3566;"Aero Fretamento & Táxi Aéreo Guarapuava Unidade 9";62.909.393/0001-56;"18 anos (2008)";PR;Guarapuava;"Pilotos PJ";"Aviação Executiva & Táxi Aéreo Homologado";"Atuação consolidada no segmento de Pilotos PJ (Aviação Executiva & Táxi Aéreo Homologado) em Guarapuava - PR. Estrutura com faturamento relevante e perfil corporativo aderente ao MFO da PRX Capital.";"COM SITE OFICIAL";"https://www.guarapuava66.com.br";"https://www.linkedin.com/search/results/companies/?keywords=Aero%20Fretamento%20%26%20T%C3%A1xi%20A%C3%A9reo%20Guarapuava%20Unidade%209";"5112-9/01 (Serviço de táxi aéreo e fretamento)";"5240-1/99, 3316-3/01, 4639-7/01, 5211-7/99, 4930-2/02";"Cmte. Leonardo Dias Rezende";"Comandante Operações / Diretor de Voo";"https://www.linkedin.com/search/results/people/?keywords=Cmte.%20Leonardo%20Dias%20Rezende";"(41) 98466-4400 / diretoria@guarapuava66.com.br";"Ricardo Barros";"Diretor Financeiro & Controladoria (CFO)";"https://www.linkedin.com/search/results/people/?keywords=Ricardo%20Barros";"(41) 3662-8000";"diretoria@guarapuava66.com.br / financeiro@guarapuava66.com.br";"ANAC + Receita Federal + LinkedIn"
3567;"Aero Fretamento & Táxi Aéreo Ponta Porã Unidade 10";63.912.400/0001-57;"19 anos (2007)";MS;Ponta Porã;"Pilotos PJ";"Aviação Executiva & Táxi Aéreo Homologado";"Atuação consolidada no segmento de Pilotos PJ (Aviação Executiva & Táxi Aéreo Homologado) em Ponta Porã - MS. Estrutura com faturamento relevante e perfil corporativo aderente ao MFO da PRX Capital.";"COM SITE OFICIAL";"https://www.pontapora67.com.br";"https://www.linkedin.com/search/results/companies/?keywords=Aero%20Fretamento%20%26%20T%C3%A1xi%20A%C3%A9reo%20Ponta%20Por%C3%A3%20Unidade%2010";"5112-9/01 (Serviço de táxi aéreo e fretamento)";"5240-1/99, 3316-3/01, 4639-7/01, 5211-7/99, 4930-2/02";"Cmte. Patricia Barros Moreira";"Comandante Operações / Diretor de Voo";"https://www.linkedin.com/search/results/people/?keywords=Cmte.%20Patricia%20Barros%20Moreira";"(67) 98467-4400 / diretoria@pontapora67.com.br";"Renato Ferreira";"Diretor Financeiro & Controladoria (CFO)";"https://www.linkedin.com/search/results/people/?keywords=Renato%20Ferreira";"(67) 3669-8000";"diretoria@pontapora67.com.br / financeiro@pontapora67.com.br";"ANAC + Receita Federal + LinkedIn"
