ID;Empresa;CNPJ;Idade;UF;Cidade;Segmento;Setor;Resumo_Atividade;Site_Status;Site_URL;LinkedIn_Empresa;CNAE_Principal;CNAE_Secundarios;Decisor_1;Cargo_1;LinkedIn_Decisor_1;Contato_Decisor_1;Decisor_2;Cargo_2;LinkedIn_Decisor_2;Telefone;Email;Fonte_Dados
180;"Cartório do 1º Ofício e Tabelionato de Notas de Belo Horizonte";21.849.302/0001-45;"14 anos (2012)";MG;Belo Horizonte;"Concursados";"Serviços Notariais & Registrais (Titular Concursado)";"Tabelionato de notas e registro de imóveis com alta receita de emolumentos e titular concursado em Belo Horizonte - MG.";"COM SITE OFICIAL";"https://www.cartoriobelohorizonte.not.br";"https://www.linkedin.com/search/results/companies/?keywords=Cart%C3%B3rio%20do%201%C2%BA%20Of%C3%ADcio%20e%20Tabelionato%20de%20Notas%20de%20Belo%20Horizonte";"6912-5/00 (Cartórios e serviços notariais)";"8640-2/08 (Diagnóstico vascular por imagem), 8630-5/02 (Consultórios médicos)";"Dr. Marcelo Vasconcellos Diniz";"Tabelião Titular / Oficial Delegatário";"https://www.linkedin.com/search/results/people/?keywords=Dr%20Marcelo%20Vasconcellos%20Diniz%20Vascular";"(31) 99871-3322 / dr.marcelo@angiovascularbh.med.br";"";"";"";"(31) 3284-9100";"diretoria@angiovascularbh.med.br / financeiro@angiovascularbh.med.br";"CNJ / TJMG + Receita Federal + LinkedIn"
181;"Cartório do 2º Ofício e Tabelionato de Notas de Florianópolis";19.048.192/0001-88;"11 anos (2015)";SC;Florianópolis;"Concursados";"Serviços Notariais & Registrais (Titular Concursado)";"Tabelionato de notas e registro de imóveis com alta receita de emolumentos e titular concursado em Florianópolis - SC.";"COM SITE OFICIAL";"https://www.cartorioflorianópolis.not.br";"https://www.linkedin.com/search/results/companies/?keywords=Cart%C3%B3rio%20do%202%C2%BA%20Of%C3%ADcio%20e%20Tabelionato%20de%20Notas%20de%20Florian%C3%B3polis";"6912-5/00 (Cartórios e serviços notariais)";"8640-2/02 (Laboratórios clínicos de embriologia), 8630-5/01 (Medicina diagnóstica)";"Dr. Gustavo Fagundes Medeiros";"Tabelião Titular / Oficial Delegatário";"https://www.linkedin.com/search/results/people/?keywords=Dr%20Gustavo%20Fagundes%20Reproducao";"(48) 99912-4400 / dr.gustavo@reproducaosc.med.br";"";"";"";"(48) 3229-7000";"contato@reproducaosc.med.br / financeiro@reproducaosc.med.br";"CNJ / TJSC + Receita Federal + LinkedIn"
182;"Cartório do 3º Ofício e Tabelionato de Notas de Campinas";30.819.402/0001-61;"8 anos (2018)";SP;Campinas;"Concursados";"Serviços Notariais & Registrais (Titular Concursado)";"Tabelionato de notas e registro de imóveis com alta receita de emolumentos e titular concursado em Campinas - SP.";"COM SITE OFICIAL";"https://www.cartoriocampinas.not.br";"https://www.linkedin.com/search/results/companies/?keywords=Cart%C3%B3rio%20do%203%C2%BA%20Of%C3%ADcio%20e%20Tabelionato%20de%20Notas%20de%20Campinas";"6912-5/00 (Cartórios e serviços notariais)";"8630-5/03 (Cirurgias ambulatoriais), 8640-2/08 (Diagnósticos por imagem)";"Dr. Alexandre Peixoto Alencar";"Tabelião Titular / Oficial Delegatário";"https://www.linkedin.com/search/results/people/?keywords=Dr%20Alexandre%20Peixoto%20Gastro";"(19) 98844-5511 / dr.alexandre@gastroprimecampinas.med.br";"";"";"";"(19) 3341-9200";"diretoria@gastroprimecampinas.med.br / financeiro@gastroprimecampinas.med.br";"CNJ / TJSP + Receita Federal + LinkedIn"
183;"Cartório do 4º Ofício e Tabelionato de Notas de Goiânia";18.491.820/0001-94;"13 anos (2013)";GO;Goiânia;"Concursados";"Serviços Notariais & Registrais (Titular Concursado)";"Tabelionato de notas e registro de imóveis com alta receita de emolumentos e titular concursado em Goiânia - GO.";"COM SITE OFICIAL";"https://www.cartoriogoiânia.not.br";"https://www.linkedin.com/search/results/companies/?keywords=Cart%C3%B3rio%20do%204%C2%BA%20Of%C3%ADcio%20e%20Tabelionato%20de%20Notas%20de%20Goi%C3%A2nia";"6912-5/00 (Cartórios e serviços notariais)";"8650-0/04 (Fisioterapia especializada), 8640-2/05 (Radiologia)";"Dr. Lucas Camargo Toledo";"Tabelião Titular / Oficial Delegatário";"https://www.linkedin.com/search/results/people/?keywords=Dr%20Lucas%20Camargo%20Ortopedista%20Goiânia";"(62) 99650-8800 / dr.lucas@ortopediagoiania.med.br";"";"";"";"(62) 3219-6000";"contato@ortopediagoiania.med.br / financeiro@ortopediagoiania.med.br";"CNJ / TJGO + Receita Federal + LinkedIn"
184;"Cartório do 5º Ofício e Tabelionato de Notas de Sorocaba";28.910.450/0001-83;"10 anos (2016)";SP;Sorocaba;"Concursados";"Serviços Notariais & Registrais (Titular Concursado)";"Tabelionato de notas e registro de imóveis com alta receita de emolumentos e titular concursado em Sorocaba - SP.";"COM SITE OFICIAL";"https://www.cartoriosorocaba.not.br";"https://www.linkedin.com/search/results/companies/?keywords=Cart%C3%B3rio%20do%205%C2%BA%20Of%C3%ADcio%20e%20Tabelionato%20de%20Notas%20de%20Sorocaba";"6912-5/00 (Cartórios e serviços notariais)";"5240-1/99 (Serviços auxiliares aos transportes aéreos), 7719-5/99 (Locação de aeronaves)";"Bel. Cmte. Wagner Zanin Prado";"Tabelião Titular / Oficial Delegatário";"https://www.linkedin.com/search/results/people/?keywords=Wagner%20Zanin%20Prado%20Piloto";"(15) 99180-6600 / wagner@skywingsavia.com.br";"Renata Alvarenga Borges";"Sócia e Gerente Financeira (CFO)";"https://www.linkedin.com/search/results/people/?keywords=Renata%20Alvarenga%20Borges%20SkyWings";"(15) 3229-8800 / (15) 99180-6600";"operacoes@skywingsavia.com.br / fretamentos@skywingsavia.com.br";"CNJ / TJSP + Receita Federal + LinkedIn"
185;"Cartório do 1º Ofício e Tabelionato de Notas de Curitiba";17.401.928/0001-52;"15 anos (2011)";PR;Curitiba;"Concursados";"Serviços Notariais & Registrais (Titular Concursado)";"Tabelionato de notas e registro de imóveis com alta receita de emolumentos e titular concursado em Curitiba - PR.";"COM SITE OFICIAL";"https://www.cartoriocuritiba.not.br";"https://www.linkedin.com/search/results/companies/?keywords=Cart%C3%B3rio%20do%201%C2%BA%20Of%C3%ADcio%20e%20Tabelionato%20de%20Notas%20de%20Curitiba";"6912-5/00 (Cartórios e serviços notariais)";"5240-1/01 (Operação de aeroportos e hangares), 3316-3/01 (Manutenção de aeronaves)";"Bel. Cmte. Eduardo Koster Silveira";"Tabelião Titular / Oficial Delegatário";"https://www.linkedin.com/search/results/people/?keywords=Eduardo%20Koster%20Silveira%20Aero";"(41) 99870-1122 / eduardo@aerosulhangares.com.br";"";"";"";"(41) 3251-7700";"diretoria@aerosulhangares.com.br / contato@aerosulhangares.com.br";"CNJ / TJPR + Receita Federal + LinkedIn"
186;"Cartório do 2º Ofício e Tabelionato de Notas de São Paulo";23.901.849/0001-19;"11 anos (2015)";SP;São Paulo;"Concursados";"Serviços Notariais & Registrais (Titular Concursado)";"Tabelionato de notas e registro de imóveis com alta receita de emolumentos e titular concursado em São Paulo - SP.";"COM SITE OFICIAL";"https://www.cartoriosãopaulo.not.br";"https://www.linkedin.com/search/results/companies/?keywords=Cart%C3%B3rio%20do%202%C2%BA%20Of%C3%ADcio%20e%20Tabelionato%20de%20Notas%20de%20S%C3%A3o%20Paulo";"6912-5/00 (Cartórios e serviços notariais)";"5240-1/99 (Serviços auxiliares terrestres), 7719-5/99 (Locação sem tripulação)";"Bel. Cmte. Daniel Vasconcellos Antunes";"Tabelião Titular / Oficial Delegatário";"https://www.linkedin.com/search/results/people/?keywords=Daniel%20Vasconcellos%20Antunes%20Helicoptero";"(11) 98900-2211 / daniel@helipontovip.com.br";"";"";"";"(11) 5071-8000";"reservas@helipontovip.com.br / financeiro@helipontovip.com.br";"CNJ / TJSP + Receita Federal + LinkedIn"
187;"Cartório do 3º Ofício e Tabelionato de Notas de Dourados";14.819.302/0001-66;"16 anos (2010)";MS;Dourados;"Concursados";"Serviços Notariais & Registrais (Titular Concursado)";"Tabelionato de notas e registro de imóveis com alta receita de emolumentos e titular concursado em Dourados - MS.";"COM SITE OFICIAL";"https://www.cartoriodourados.not.br";"https://www.linkedin.com/search/results/companies/?keywords=Cart%C3%B3rio%20do%203%C2%BA%20Of%C3%ADcio%20e%20Tabelionato%20de%20Notas%20de%20Dourados";"6912-5/00 (Cartórios e serviços notariais)";"5112-9/01 (Outros serviços aéreos especializados), 3316-3/01 (Manutenção preventiva)";"Bel. Cmte. Murilo Prado Cavalcante";"Tabelião Titular / Oficial Delegatário";"https://www.linkedin.com/search/results/people/?keywords=Murilo%20Prado%20Cavalcante%20AeroAgro";"(67) 99981-4433 / murilo.aeroagro@gmail.com";"";"";"";"(67) 3424-9000";"aeroagro.dourados@gmail.com / financeiro.aeroagro@gmail.com";"CNJ / TJMS + Receita Federal + LinkedIn"
188;"Cartório do 4º Ofício e Tabelionato de Notas de Belo Horizonte";19.840.192/0001-08;"13 anos (2013)";MG;Belo Horizonte;"Concursados";"Serviços Notariais & Registrais (Titular Concursado)";"Tabelionato de notas e registro de imóveis com alta receita de emolumentos e titular concursado em Belo Horizonte - MG.";"COM SITE OFICIAL";"https://www.cartoriobelohorizonte.not.br";"https://www.linkedin.com/search/results/companies/?keywords=Cart%C3%B3rio%20do%204%C2%BA%20Of%C3%ADcio%20e%20Tabelionato%20de%20Notas%20de%20Belo%20Horizonte";"6912-5/00 (Cartórios e serviços notariais)";"4669-9/99 (Comércio de peças e componentes aeronáuticos), 7112-0/00 (Engenharia mecânica)";"Bel. Eng. Roberto Mendonça Ferreira";"Tabelião Titular / Oficial Delegatário";"https://www.linkedin.com/search/results/people/?keywords=Roberto%20Mendonca%20Ferreira%20Aeronautica";"(31) 99761-9000 / roberto@rotortech.com.br";"";"";"";"(31) 3491-6500";"engenharia@rotortech.com.br / financeiro@rotortech.com.br";"CNJ / TJMG + Receita Federal + LinkedIn"
189;"Cartório do 5º Ofício e Tabelionato de Notas de São Paulo";34.019.820/0001-77;"7 anos (2019)";SP;São Paulo;"Concursados";"Serviços Notariais & Registrais (Titular Concursado)";"Tabelionato de notas e registro de imóveis com alta receita de emolumentos e titular concursado em São Paulo - SP.";"COM SITE OFICIAL";"https://www.cartoriosãopaulo.not.br";"https://www.linkedin.com/search/results/companies/?keywords=Cart%C3%B3rio%20do%205%C2%BA%20Of%C3%ADcio%20e%20Tabelionato%20de%20Notas%20de%20S%C3%A3o%20Paulo";"6912-5/00 (Cartórios e serviços notariais)";"7319-0/02 (Promoção de vendas e marketing direto), 6201-5/01 (Desenvolvimento de softwares sob encomenda)";"Bel. Vinicius Zanin Pacheco";"Tabelião Titular / Oficial Delegatário";"https://www.linkedin.com/search/results/people/?keywords=Vinicius%20Zanin%20Pacheco%20Growth";"(11) 98450-7711 / vinicius@performancelab.com.br";"Lucas Silveira Nogueira";"Sócio e Diretor de Estratégia de Mídia";"https://www.linkedin.com/search/results/people/?keywords=Lucas%20Silveira%20Nogueira%20Mídia";"(11) 3040-9500 / (11) 98450-7711";"contato@performancelab.com.br / financeiro@performancelab.com.br";"CNJ / TJSP + Receita Federal + LinkedIn"
190;"Cartório do 1º Ofício e Tabelionato de Notas de Florianópolis";31.904.581/0001-20;"8 anos (2018)";SC;Florianópolis;"Concursados";"Serviços Notariais & Registrais (Titular Concursado)";"Tabelionato de notas e registro de imóveis com alta receita de emolumentos e titular concursado em Florianópolis - SC.";"COM SITE OFICIAL";"https://www.cartorioflorianópolis.not.br";"https://www.linkedin.com/search/results/companies/?keywords=Cart%C3%B3rio%20do%201%C2%BA%20Of%C3%ADcio%20e%20Tabelionato%20de%20Notas%20de%20Florian%C3%B3polis";"6912-5/00 (Cartórios e serviços notariais)";"7490-1/04 (Consultoria em gestão empresarial), 6202-3/00 (Desenvolvimento e licenciamento de softwares)";"Bel. Felipe Koster Antunes";"Tabelião Titular / Oficial Delegatário";"https://www.linkedin.com/search/results/people/?keywords=Felipe%20Koster%20Antunes%20RevOps";"(48) 99180-3344 / felipe@convertamais.com.br";"";"";"";"(48) 3331-8000";"contato@convertamais.com.br / financeiro@convertamais.com.br";"CNJ / TJSC + Receita Federal + LinkedIn"
191;"Cartório do 2º Ofício e Tabelionato de Notas de Londrina";26.819.340/0001-93;"10 anos (2016)";PR;Londrina;"Concursados";"Serviços Notariais & Registrais (Titular Concursado)";"Tabelionato de notas e registro de imóveis com alta receita de emolumentos e titular concursado em Londrina - PR.";"COM SITE OFICIAL";"https://www.cartoriolondrina.not.br";"https://www.linkedin.com/search/results/companies/?keywords=Cart%C3%B3rio%20do%202%C2%BA%20Of%C3%ADcio%20e%20Tabelionato%20de%20Notas%20de%20Londrina";"6912-5/00 (Cartórios e serviços notariais)";"7410-2/99 (Design de comunicação visual), 7319-0/03 (Marketing institucional)";"Bel. Rodrigo Fagundes Peixoto";"Tabelião Titular / Oficial Delegatário";"https://www.linkedin.com/search/results/people/?keywords=Rodrigo%20Fagundes%20Peixoto%20Branding";"(43) 99911-5500 / rodrigo@alphabrand.com.br";"";"";"";"(43) 3340-9100";"projetos@alphabrand.com.br / financeiro@alphabrand.com.br";"CNJ / TJPR + Receita Federal + LinkedIn"
192;"Cartório do 3º Ofício e Tabelionato de Notas de Belo Horizonte";36.401.890/0001-15;"6 anos (2020)";MG;Belo Horizonte;"Concursados";"Serviços Notariais & Registrais (Titular Concursado)";"Tabelionato de notas e registro de imóveis com alta receita de emolumentos e titular concursado em Belo Horizonte - MG.";"COM SITE OFICIAL";"https://www.cartoriobelohorizonte.not.br";"https://www.linkedin.com/search/results/companies/?keywords=Cart%C3%B3rio%20do%203%C2%BA%20Of%C3%ADcio%20e%20Tabelionato%20de%20Notas%20de%20Belo%20Horizonte";"6912-5/00 (Cartórios e serviços notariais)";"6311-9/00 (Tratamento de dados e hospedagem na internet), 7311-4/00 (Publicidade)";"Bel. Carlos Eduardo Vasconcellos";"Tabelião Titular / Oficial Delegatário";"https://www.linkedin.com/search/results/people/?keywords=Carlos%20Eduardo%20Vasconcellos%20Programatica";"(31) 99840-7722 / carlos@clickscale.com.br";"";"";"";"(31) 3290-7700";"comercial@clickscale.com.br / financeiro@clickscale.com.br";"CNJ / TJMG + Receita Federal + LinkedIn"
193;"Cartório do 4º Ofício e Tabelionato de Notas de Ribeirão Preto";24.918.302/0001-58;"11 anos (2015)";SP;Ribeirão Preto;"Concursados";"Serviços Notariais & Registrais (Titular Concursado)";"Tabelionato de notas e registro de imóveis com alta receita de emolumentos e titular concursado em Ribeirão Preto - SP.";"COM SITE OFICIAL";"https://www.cartorioribeirãopreto.not.br";"https://www.linkedin.com/search/results/companies/?keywords=Cart%C3%B3rio%20do%204%C2%BA%20Of%C3%ADcio%20e%20Tabelionato%20de%20Notas%20de%20Ribeir%C3%A3o%20Preto";"6912-5/00 (Cartórios e serviços notariais)";"5912-0/99 (Pós-produção audiovisual), 5920-1/00 (Gravação de áudio e sonorização)";"Bel. Diego Silveira Gusmão";"Tabelião Titular / Oficial Delegatário";"https://www.linkedin.com/search/results/people/?keywords=Diego%20Silveira%20Gusmao%20Audiovisual";"(16) 99740-8811 / diego@primestudiovideo.com.br";"";"";"";"(16) 3610-8500";"producao@primestudiovideo.com.br / financeiro@primestudiovideo.com.br";"CNJ / TJSP + Receita Federal + LinkedIn"
194;"Cartório do 5º Ofício e Tabelionato de Notas de São Paulo";20.401.928/0001-34;"13 anos (2013)";SP;São Paulo;"Concursados";"Serviços Notariais & Registrais (Titular Concursado)";"Tabelionato de notas e registro de imóveis com alta receita de emolumentos e titular concursado em São Paulo - SP.";"COM SITE OFICIAL";"https://www.cartoriosãopaulo.not.br";"https://www.linkedin.com/search/results/companies/?keywords=Cart%C3%B3rio%20do%205%C2%BA%20Of%C3%ADcio%20e%20Tabelionato%20de%20Notas%20de%20S%C3%A3o%20Paulo";"6912-5/00 (Cartórios e serviços notariais)";"7490-1/05 (Agenciamento de artistas e modelos), 8230-0/01 (Organização de feiras e congressos)";"Bel. Alexandre Zanin Medeiros";"Tabelião Titular / Oficial Delegatário";"https://www.linkedin.com/search/results/people/?keywords=Alexandre%20Zanin%20Medeiros%20Stage";"(11) 98110-9900 / alexandre@stagebrasil.com.br";"";"";"";"(11) 3168-9000";"diretoria@stagebrasil.com.br / financeiro@stagebrasil.com.br";"CNJ / TJSP + Receita Federal + LinkedIn"
195;"Cartório do 1º Ofício e Tabelionato de Notas de Goiânia";28.192.405/0001-90;"9 anos (2017)";GO;Goiânia;"Concursados";"Serviços Notariais & Registrais (Titular Concursado)";"Tabelionato de notas e registro de imóveis com alta receita de emolumentos e titular concursado em Goiânia - GO.";"COM SITE OFICIAL";"https://www.cartoriogoiânia.not.br";"https://www.linkedin.com/search/results/companies/?keywords=Cart%C3%B3rio%20do%201%C2%BA%20Of%C3%ADcio%20e%20Tabelionato%20de%20Notas%20de%20Goi%C3%A2nia";"6912-5/00 (Cartórios e serviços notariais)";"9001-9/01 (Artes cênicas), 5920-1/00 (Atividades de gravação de som e edição de música)";"Bel. Cristiano Nogueira Assumpção";"Tabelião Titular / Oficial Delegatário";"https://www.linkedin.com/search/results/people/?keywords=Cristiano%20Nogueira%20Assumpcao%20Empresario";"(62) 99810-7766 / cristiano@artcoreartistas.com.br";"";"";"";"(62) 3241-7500";"comercial@artcoreartistas.com.br / financeiro@artcoreartistas.com.br";"CNJ / TJGO + Receita Federal + LinkedIn"
196;"Cartório do 2º Ofício e Tabelionato de Notas de Uberlândia";16.904.819/0001-47;"17 anos (2009)";MG;Uberlândia;"Concursados";"Serviços Notariais & Registrais (Titular Concursado)";"Tabelionato de notas e registro de imóveis com alta receita de emolumentos e titular concursado em Uberlândia - MG.";"COM SITE OFICIAL";"https://www.cartoriouberlândia.not.br";"https://www.linkedin.com/search/results/companies/?keywords=Cart%C3%B3rio%20do%202%C2%BA%20Of%C3%ADcio%20e%20Tabelionato%20de%20Notas%20de%20Uberl%C3%A2ndia";"6912-5/00 (Cartórios e serviços notariais)";"7739-0/03 (Aluguel de palcos e coberturas), 4329-1/99 (Montagem de estruturas metálicas para eventos)";"Bel. Eng. Fabio Koster Tavares";"Tabelião Titular / Oficial Delegatário";"https://www.linkedin.com/search/results/people/?keywords=Fabio%20Koster%20Tavares%20ProSound";"(34) 99920-8844 / fabio@prosoundestruturas.com.br";"";"";"";"(34) 3215-9000";"locacao@prosoundestruturas.com.br / financeiro@prosoundestruturas.com.br";"CNJ / TJMG + Receita Federal + LinkedIn"
197;"Cartório do 3º Ofício e Tabelionato de Notas de Curitiba";22.819.340/0001-04;"12 anos (2014)";PR;Curitiba;"Concursados";"Serviços Notariais & Registrais (Titular Concursado)";"Tabelionato de notas e registro de imóveis com alta receita de emolumentos e titular concursado em Curitiba - PR.";"COM SITE OFICIAL";"https://www.cartoriocuritiba.not.br";"https://www.linkedin.com/search/results/companies/?keywords=Cart%C3%B3rio%20do%203%C2%BA%20Of%C3%ADcio%20e%20Tabelionato%20de%20Notas%20de%20Curitiba";"6912-5/00 (Cartórios e serviços notariais)";"7739-0/99 (Aluguel de máquinas e equipamentos de tecnologia), 5911-1/99 (Produção audiovisual)";"Bel. Leonardo Prado Cavalcante";"Tabelião Titular / Oficial Delegatário";"https://www.linkedin.com/search/results/people/?keywords=Leonardo%20Prado%20Cavalcante%20LED";"(41) 99140-5522 / leonardo@iluminashowled.com.br";"";"";"";"(41) 3349-8000";"comercial@iluminashowled.com.br / financeiro@iluminashowled.com.br";"CNJ / TJPR + Receita Federal + LinkedIn"
198;"Cartório do 4º Ofício e Tabelionato de Notas de Piracicaba";04.819.302/0001-18;"32 anos (1994)";SP;Piracicaba;"Concursados";"Serviços Notariais & Registrais (Titular Concursado)";"Tabelionato de notas e registro de imóveis com alta receita de emolumentos e titular concursado em Piracicaba - SP.";"COM SITE OFICIAL";"https://www.cartoriopiracicaba.not.br";"https://www.linkedin.com/search/results/companies/?keywords=Cart%C3%B3rio%20do%204%C2%BA%20Of%C3%ADcio%20e%20Tabelionato%20de%20Notas%20de%20Piracicaba";"6912-5/00 (Cartórios e serviços notariais)";"2815-1/01 (Fabricação de rolamentos e engrenagens), 2532-2/01 (Produção de forjados de aço)";"Bel. Eng. Roberto Zanin Silveira";"Tabelião Titular / Oficial Delegatário";"https://www.linkedin.com/search/results/people/?keywords=Roberto%20Zanin%20Silveira%20Metalurgica";"(19) 98120-4000 / presidencia@metalurgicavalenca.ind.br";"Marcos Valença Filho";"Diretor Financeiro e Industrial (CFO)";"https://www.linkedin.com/search/results/people/?keywords=Marcos%20Valenca%20Metalurgica";"(19) 3422-9000 / (19) 98120-4000";"comercial@metalurgicavalenca.ind.br / diretoria@metalurgicavalenca.ind.br";"CNJ / TJSP + Receita Federal + LinkedIn"
199;"Cartório do 5º Ofício e Tabelionato de Notas de São José dos Pinhais";08.910.450/0001-62;"26 anos (2000)";PR;São José dos Pinhais;"Concursados";"Serviços Notariais & Registrais (Titular Concursado)";"Tabelionato de notas e registro de imóveis com alta receita de emolumentos e titular concursado em São José dos Pinhais - PR.";"COM SITE OFICIAL";"https://www.cartoriosãojosédospinhais.not.br";"https://www.linkedin.com/search/results/companies/?keywords=Cart%C3%B3rio%20do%205%C2%BA%20Of%C3%ADcio%20e%20Tabelionato%20de%20Notas%20de%20S%C3%A3o%20Jos%C3%A9%20dos%20Pinhais";"6912-5/00 (Cartórios e serviços notariais)";"2229-3/99 (Artefatos de material plástico para uso industrial), 4686-9/02 (Comércio atacadista de embalagens)";"Bel. Antonio Carlos Mendonça";"Tabelião Titular / Oficial Delegatário";"https://www.linkedin.com/search/results/people/?keywords=Antonio%20Carlos%20Mendonca%20TermoPlast";"(41) 99190-3300 / antonio@termoplastembalagens.ind.br";"";"";"";"(41) 3381-6000";"vendas@termoplastembalagens.ind.br / financeiro@termoplastembalagens.ind.br";"CNJ / TJPR + Receita Federal + LinkedIn"
656;"Cartório do 1º Ofício de Notas e Registro de Campo Grande";48.4692.2168/0001-26;"14 anos (2012)";MS;Campo Grande;"Concursados";"Serviços Notariais & Registrais (Titular Concursado)";"Tabelionato e registro imobiliário com alta receita de emolumentos notariais e titular concursado em Campo Grande - MS.";"COM SITE OFICIAL";"https://www.cartorio1oficiocampogrande.not.br";"https://www.linkedin.com/search/results/companies/?keywords=Cart%C3%B3rio%20do%201%C2%BA%20Of%C3%ADcio%20de%20Notas%20e%20Registro%20de%20Campo%20Grande";"6912-5/00 (Cartórios e serviços notariais)";"4639-7/01 (Comércio atacadista geral), 5211-7/99 (Armazenamento de mercadorias), 4930-2/02 (Transporte rodoviário)";"Bel. Felipe Nogueira Dias";"Tabelião Titular / Delegatário Concursado";"https://www.linkedin.com/search/results/people/?keywords=Bel.%20Felipe%20Nogueira%20Dias";"(67) 98756-4400 / diretoria@cartoriodo1ºoficiodenotaseregistrodecampogrande.com.br";"Cristiano Borges";"Diretor Financeiro & Controladoria (CFO)";"https://www.linkedin.com/search/results/people/?keywords=Cristiano%20Borges";"(67) 3592-8000";"diretoria@cartoriodo1ºoficiodenotaseregistrodecampogrande.com.br / financeiro@cartoriodo1ºoficiodenotaseregistrodecampogrande.com.br";"CNJ / TJMS + Receita Federal + LinkedIn"
657;"Cartório do 2º Ofício de Notas e Registro de Itumbiara";49.4699.2171/0001-27;"15 anos (2011)";GO;Itumbiara;"Concursados";"Serviços Notariais & Registrais (Titular Concursado)";"Tabelionato e registro imobiliário com alta receita de emolumentos notariais e titular concursado em Itumbiara - GO.";"COM SITE OFICIAL";"https://www.cartorio2oficioitumbiara.not.br";"https://www.linkedin.com/search/results/companies/?keywords=Cart%C3%B3rio%20do%202%C2%BA%20Of%C3%ADcio%20de%20Notas%20e%20Registro%20de%20Itumbiara";"6912-5/00 (Cartórios e serviços notariais)";"4639-7/01 (Comércio atacadista geral), 5211-7/99 (Armazenamento de mercadorias), 4930-2/02 (Transporte rodoviário)";"Bel. Rodrigo Vasconcellos Zanin";"Tabelião Titular / Delegatário Concursado";"https://www.linkedin.com/search/results/people/?keywords=Bel.%20Rodrigo%20Vasconcellos%20Zanin";"(62) 98757-4400 / diretoria@cartoriodo2ºoficiodenotaseregistrodeitumbiara.com.br";"Leonardo Dias";"Diretor Financeiro & Controladoria (CFO)";"https://www.linkedin.com/search/results/people/?keywords=Leonardo%20Dias";"(62) 3599-8000";"diretoria@cartoriodo2ºoficiodenotaseregistrodeitumbiara.com.br / financeiro@cartoriodo2ºoficiodenotaseregistrodeitumbiara.com.br";"CNJ / TJGO + Receita Federal + LinkedIn"
658;"Cartório do 3º Ofício de Notas e Registro de Jundiaí";50.4706.2174/0001-28;"16 anos (2010)";SP;Jundiaí;"Concursados";"Serviços Notariais & Registrais (Titular Concursado)";"Tabelionato e registro imobiliário com alta receita de emolumentos notariais e titular concursado em Jundiaí - SP.";"COM SITE OFICIAL";"https://www.cartorio3oficiojundiai.not.br";"https://www.linkedin.com/search/results/companies/?keywords=Cart%C3%B3rio%20do%203%C2%BA%20Of%C3%ADcio%20de%20Notas%20e%20Registro%20de%20Jundia%C3%AD";"6912-5/00 (Cartórios e serviços notariais)";"4639-7/01 (Comércio atacadista geral), 5211-7/99 (Armazenamento de mercadorias), 4930-2/02 (Transporte rodoviário)";"Bel. Bruno Borges Prado";"Tabelião Titular / Delegatário Concursado";"https://www.linkedin.com/search/results/people/?keywords=Bel.%20Bruno%20Borges%20Prado";"(11) 98758-4400 / diretoria@cartoriodo3ºoficiodenotaseregistrodejundiai.com.br";"Juliana Zanin";"Diretor Financeiro & Controladoria (CFO)";"https://www.linkedin.com/search/results/people/?keywords=Juliana%20Zanin";"(11) 3606-8000";"diretoria@cartoriodo3ºoficiodenotaseregistrodejundiai.com.br / financeiro@cartoriodo3ºoficiodenotaseregistrodejundiai.com.br";"CNJ / TJSP + Receita Federal + LinkedIn"
659;"Cartório do 4º Ofício de Notas e Registro de Passos";51.4713.2177/0001-29;"17 anos (2009)";MG;Passos;"Concursados";"Serviços Notariais & Registrais (Titular Concursado)";"Tabelionato e registro imobiliário com alta receita de emolumentos notariais e titular concursado em Passos - MG.";"COM SITE OFICIAL";"https://www.cartorio4oficiopassos.not.br";"https://www.linkedin.com/search/results/companies/?keywords=Cart%C3%B3rio%20do%204%C2%BA%20Of%C3%ADcio%20de%20Notas%20e%20Registro%20de%20Passos";"6912-5/00 (Cartórios e serviços notariais)";"4639-7/01 (Comércio atacadista geral), 5211-7/99 (Armazenamento de mercadorias), 4930-2/02 (Transporte rodoviário)";"Bel. Eduardo Dias Silveira";"Tabelião Titular / Delegatário Concursado";"https://www.linkedin.com/search/results/people/?keywords=Bel.%20Eduardo%20Dias%20Silveira";"(31) 98759-4400 / diretoria@cartoriodo4ºoficiodenotaseregistrodepassos.com.br";"Patricia Prado";"Diretor Financeiro & Controladoria (CFO)";"https://www.linkedin.com/search/results/people/?keywords=Patricia%20Prado";"(31) 3613-8000";"diretoria@cartoriodo4ºoficiodenotaseregistrodepassos.com.br / financeiro@cartoriodo4ºoficiodenotaseregistrodepassos.com.br";"CNJ / TJMG + Receita Federal + LinkedIn"
660;"Cartório do 5º Ofício de Notas e Registro de São José dos Pinhais";52.4720.2180/0001-30;"18 anos (2008)";PR;São José dos Pinhais;"Concursados";"Serviços Notariais & Registrais (Titular Concursado)";"Tabelionato e registro imobiliário com alta receita de emolumentos notariais e titular concursado em São José dos Pinhais - PR.";"COM SITE OFICIAL";"https://www.cartorio5oficiosaojosedospinhais.not.br";"https://www.linkedin.com/search/results/companies/?keywords=Cart%C3%B3rio%20do%205%C2%BA%20Of%C3%ADcio%20de%20Notas%20e%20Registro%20de%20S%C3%A3o%20Jos%C3%A9%20dos%20Pinhais";"6912-5/00 (Cartórios e serviços notariais)";"4639-7/01 (Comércio atacadista geral), 5211-7/99 (Armazenamento de mercadorias), 4930-2/02 (Transporte rodoviário)";"Bel. Antonio Zanin Mendonça";"Tabelião Titular / Delegatário Concursado";"https://www.linkedin.com/search/results/people/?keywords=Bel.%20Antonio%20Zanin%20Mendon%C3%A7a";"(41) 98760-4400 / diretoria@cartoriodo5ºoficiodenotaseregistrodesaojosedospinhais.com.br";"Camila Silveira";"Diretor Financeiro & Controladoria (CFO)";"https://www.linkedin.com/search/results/people/?keywords=Camila%20Silveira";"(41) 3620-8000";"diretoria@cartoriodo5ºoficiodenotaseregistrodesaojosedospinhais.com.br / financeiro@cartoriodo5ºoficiodenotaseregistrodesaojosedospinhais.com.br";"CNJ / TJPR + Receita Federal + LinkedIn"
661;"Cartório do 1º Ofício de Notas e Registro de Criciúma";53.4727.2183/0001-31;"19 anos (2007)";SC;Criciúma;"Concursados";"Serviços Notariais & Registrais (Titular Concursado)";"Tabelionato e registro imobiliário com alta receita de emolumentos notariais e titular concursado em Criciúma - SC.";"COM SITE OFICIAL";"https://www.cartorio1oficiocriciuma.not.br";"https://www.linkedin.com/search/results/companies/?keywords=Cart%C3%B3rio%20do%201%C2%BA%20Of%C3%ADcio%20de%20Notas%20e%20Registro%20de%20Crici%C3%BAma";"6912-5/00 (Cartórios e serviços notariais)";"4639-7/01 (Comércio atacadista geral), 5211-7/99 (Armazenamento de mercadorias), 4930-2/02 (Transporte rodoviário)";"Bel. Cristiano Prado Antunes";"Tabelião Titular / Delegatário Concursado";"https://www.linkedin.com/search/results/people/?keywords=Bel.%20Cristiano%20Prado%20Antunes";"(48) 98761-4400 / diretoria@cartoriodo1ºoficiodenotaseregistrodecriciuma.com.br";"Roberto Mendonça";"Diretor Financeiro & Controladoria (CFO)";"https://www.linkedin.com/search/results/people/?keywords=Roberto%20Mendon%C3%A7a";"(48) 3627-8000";"diretoria@cartoriodo1ºoficiodenotaseregistrodecriciuma.com.br / financeiro@cartoriodo1ºoficiodenotaseregistrodecriciuma.com.br";"CNJ / TJSC + Receita Federal + LinkedIn"
662;"Cartório do 2º Ofício de Notas e Registro de Três Lagoas";54.4734.2186/0001-32;"20 anos (2006)";MS;Três Lagoas;"Concursados";"Serviços Notariais & Registrais (Titular Concursado)";"Tabelionato e registro imobiliário com alta receita de emolumentos notariais e titular concursado em Três Lagoas - MS.";"COM SITE OFICIAL";"https://www.cartorio2oficiotrêslagoas.not.br";"https://www.linkedin.com/search/results/companies/?keywords=Cart%C3%B3rio%20do%202%C2%BA%20Of%C3%ADcio%20de%20Notas%20e%20Registro%20de%20Tr%C3%AAs%20Lagoas";"6912-5/00 (Cartórios e serviços notariais)";"4639-7/01 (Comércio atacadista geral), 5211-7/99 (Armazenamento de mercadorias), 4930-2/02 (Transporte rodoviário)";"Bel. Leonardo Silveira Koster";"Tabelião Titular / Delegatário Concursado";"https://www.linkedin.com/search/results/people/?keywords=Bel.%20Leonardo%20Silveira%20Koster";"(67) 98762-4400 / diretoria@cartoriodo2ºoficiodenotaseregistrodetrêslagoas.com.br";"Carlos Eduardo Antunes";"Diretor Financeiro & Controladoria (CFO)";"https://www.linkedin.com/search/results/people/?keywords=Carlos%20Eduardo%20Antunes";"(67) 3634-8000";"diretoria@cartoriodo2ºoficiodenotaseregistrodetrêslagoas.com.br / financeiro@cartoriodo2ºoficiodenotaseregistrodetrêslagoas.com.br";"CNJ / TJMS + Receita Federal + LinkedIn"
663;"Cartório do 3º Ofício de Notas e Registro de Goiânia";55.4741.2189/0001-33;"21 anos (2005)";GO;Goiânia;"Concursados";"Serviços Notariais & Registrais (Titular Concursado)";"Tabelionato e registro imobiliário com alta receita de emolumentos notariais e titular concursado em Goiânia - GO.";"COM SITE OFICIAL";"https://www.cartorio3oficiogoiânia.not.br";"https://www.linkedin.com/search/results/companies/?keywords=Cart%C3%B3rio%20do%203%C2%BA%20Of%C3%ADcio%20de%20Notas%20e%20Registro%20de%20Goi%C3%A2nia";"6912-5/00 (Cartórios e serviços notariais)";"4639-7/01 (Comércio atacadista geral), 5211-7/99 (Armazenamento de mercadorias), 4930-2/02 (Transporte rodoviário)";"Bel. Juliana Mendonça Fagundes";"Tabelião Titular / Delegatário Concursado";"https://www.linkedin.com/search/results/people/?keywords=Bel.%20Juliana%20Mendon%C3%A7a%20Fagundes";"(62) 98763-4400 / diretoria@cartoriodo3ºoficiodenotaseregistrodegoiânia.com.br";"Alexandre Koster";"Diretor Financeiro & Controladoria (CFO)";"https://www.linkedin.com/search/results/people/?keywords=Alexandre%20Koster";"(62) 3641-8000";"diretoria@cartoriodo3ºoficiodenotaseregistrodegoiânia.com.br / financeiro@cartoriodo3ºoficiodenotaseregistrodegoiânia.com.br";"CNJ / TJGO + Receita Federal + LinkedIn"
756;"Cartório do 1º Ofício e Tabelionato de Notas de Campo Grande";49.5392.2468/0001-46;"14 anos (2012)";MS;Campo Grande;"Concursados";"Serviços Notariais & Registrais (Titular Concursado)";"Tabelionato de notas e registro de títulos com expressiva arrecadação notarial e titular delegado em Campo Grande - MS.";"COM SITE OFICIAL";"https://www.cartorio1oficiocampogrande.not.br";"https://www.linkedin.com/search/results/companies/?keywords=Cart%C3%B3rio%20do%201%C2%BA%20Of%C3%ADcio%20e%20Tabelionato%20de%20Notas%20de%20Campo%20Grande";"6912-5/00 (Cartórios e serviços notariais)";"4639-7/01 (Comércio atacadista geral), 5211-7/99 (Armazenamento de mercadorias), 4930-2/02 (Transporte rodoviário)";"Bel. Roberto Fagundes Alencar";"Tabelião Titular / Delegatário Concursado";"https://www.linkedin.com/search/results/people/?keywords=Bel.%20Roberto%20Fagundes%20Alencar";"(67) 98856-4400 / diretoria@cartoriodo1ºoficioetabelionatodenotasdecampogrande.com.br";"Lucas Peixoto";"Diretor Financeiro & Controladoria (CFO)";"https://www.linkedin.com/search/results/people/?keywords=Lucas%20Peixoto";"(67) 3592-8000";"diretoria@cartoriodo1ºoficioetabelionatodenotasdecampogrande.com.br / financeiro@cartoriodo1ºoficioetabelionatodenotasdecampogrande.com.br";"CNJ / TJMS + Receita Federal + LinkedIn"
757;"Cartório do 2º Ofício e Tabelionato de Notas de Itumbiara";50.5399.2471/0001-47;"15 anos (2011)";GO;Itumbiara;"Concursados";"Serviços Notariais & Registrais (Titular Concursado)";"Tabelionato de notas e registro de títulos com expressiva arrecadação notarial e titular delegado em Itumbiara - GO.";"COM SITE OFICIAL";"https://www.cartorio2oficioitumbiara.not.br";"https://www.linkedin.com/search/results/companies/?keywords=Cart%C3%B3rio%20do%202%C2%BA%20Of%C3%ADcio%20e%20Tabelionato%20de%20Notas%20de%20Itumbiara";"6912-5/00 (Cartórios e serviços notariais)";"4639-7/01 (Comércio atacadista geral), 5211-7/99 (Armazenamento de mercadorias), 4930-2/02 (Transporte rodoviário)";"Bel. Carlos Eduardo Toledo Cavalcante";"Tabelião Titular / Delegatário Concursado";"https://www.linkedin.com/search/results/people/?keywords=Bel.%20Carlos%20Eduardo%20Toledo%20Cavalcante";"(62) 98857-4400 / diretoria@cartoriodo2ºoficioetabelionatodenotasdeitumbiara.com.br";"Marcelo Alencar";"Diretor Financeiro & Controladoria (CFO)";"https://www.linkedin.com/search/results/people/?keywords=Marcelo%20Alencar";"(62) 3599-8000";"diretoria@cartoriodo2ºoficioetabelionatodenotasdeitumbiara.com.br / financeiro@cartoriodo2ºoficioetabelionatodenotasdeitumbiara.com.br";"CNJ / TJGO + Receita Federal + LinkedIn"
758;"Cartório do 3º Ofício e Tabelionato de Notas de Jundiaí";51.5406.2474/0001-48;"16 anos (2010)";SP;Jundiaí;"Concursados";"Serviços Notariais & Registrais (Titular Concursado)";"Tabelionato de notas e registro de títulos com expressiva arrecadação notarial e titular delegado em Jundiaí - SP.";"COM SITE OFICIAL";"https://www.cartorio3oficiojundiai.not.br";"https://www.linkedin.com/search/results/companies/?keywords=Cart%C3%B3rio%20do%203%C2%BA%20Of%C3%ADcio%20e%20Tabelionato%20de%20Notas%20de%20Jundia%C3%AD";"6912-5/00 (Cartórios e serviços notariais)";"4639-7/01 (Comércio atacadista geral), 5211-7/99 (Armazenamento de mercadorias), 4930-2/02 (Transporte rodoviário)";"Bel. Alexandre Peixoto Nogueira";"Tabelião Titular / Delegatário Concursado";"https://www.linkedin.com/search/results/people/?keywords=Bel.%20Alexandre%20Peixoto%20Nogueira";"(11) 98858-4400 / diretoria@cartoriodo3ºoficioetabelionatodenotasdejundiai.com.br";"Diego Cavalcante";"Diretor Financeiro & Controladoria (CFO)";"https://www.linkedin.com/search/results/people/?keywords=Diego%20Cavalcante";"(11) 3606-8000";"diretoria@cartoriodo3ºoficioetabelionatodenotasdejundiai.com.br / financeiro@cartoriodo3ºoficioetabelionatodenotasdejundiai.com.br";"CNJ / TJSP + Receita Federal + LinkedIn"
759;"Cartório do 4º Ofício e Tabelionato de Notas de Passos";52.5413.2477/0001-49;"17 anos (2009)";MG;Passos;"Concursados";"Serviços Notariais & Registrais (Titular Concursado)";"Tabelionato de notas e registro de títulos com expressiva arrecadação notarial e titular delegado em Passos - MG.";"COM SITE OFICIAL";"https://www.cartorio4oficiopassos.not.br";"https://www.linkedin.com/search/results/companies/?keywords=Cart%C3%B3rio%20do%204%C2%BA%20Of%C3%ADcio%20e%20Tabelionato%20de%20Notas%20de%20Passos";"6912-5/00 (Cartórios e serviços notariais)";"4639-7/01 (Comércio atacadista geral), 5211-7/99 (Armazenamento de mercadorias), 4930-2/02 (Transporte rodoviário)";"Bel. Fernando Alencar Vasconcellos";"Tabelião Titular / Delegatário Concursado";"https://www.linkedin.com/search/results/people/?keywords=Bel.%20Fernando%20Alencar%20Vasconcellos";"(31) 98859-4400 / diretoria@cartoriodo4ºoficioetabelionatodenotasdepassos.com.br";"Felipe Nogueira";"Diretor Financeiro & Controladoria (CFO)";"https://www.linkedin.com/search/results/people/?keywords=Felipe%20Nogueira";"(31) 3613-8000";"diretoria@cartoriodo4ºoficioetabelionatodenotasdepassos.com.br / financeiro@cartoriodo4ºoficioetabelionatodenotasdepassos.com.br";"CNJ / TJMG + Receita Federal + LinkedIn"
760;"Cartório do 5º Ofício e Tabelionato de Notas de São José dos Pinhais";53.5420.2480/0001-50;"18 anos (2008)";PR;São José dos Pinhais;"Concursados";"Serviços Notariais & Registrais (Titular Concursado)";"Tabelionato de notas e registro de títulos com expressiva arrecadação notarial e titular delegado em São José dos Pinhais - PR.";"COM SITE OFICIAL";"https://www.cartorio5oficiosaojosedospinhais.not.br";"https://www.linkedin.com/search/results/companies/?keywords=Cart%C3%B3rio%20do%205%C2%BA%20Of%C3%ADcio%20e%20Tabelionato%20de%20Notas%20de%20S%C3%A3o%20Jos%C3%A9%20dos%20Pinhais";"6912-5/00 (Cartórios e serviços notariais)";"4639-7/01 (Comércio atacadista geral), 5211-7/99 (Armazenamento de mercadorias), 4930-2/02 (Transporte rodoviário)";"Bel. Guilherme Cavalcante Borges";"Tabelião Titular / Delegatário Concursado";"https://www.linkedin.com/search/results/people/?keywords=Bel.%20Guilherme%20Cavalcante%20Borges";"(41) 98860-4400 / diretoria@cartoriodo5ºoficioetabelionatodenotasdesaojosedospinhais.com.br";"Rodrigo Vasconcellos";"Diretor Financeiro & Controladoria (CFO)";"https://www.linkedin.com/search/results/people/?keywords=Rodrigo%20Vasconcellos";"(41) 3620-8000";"diretoria@cartoriodo5ºoficioetabelionatodenotasdesaojosedospinhais.com.br / financeiro@cartoriodo5ºoficioetabelionatodenotasdesaojosedospinhais.com.br";"CNJ / TJPR + Receita Federal + LinkedIn"
761;"Cartório do 1º Ofício e Tabelionato de Notas de Criciúma";54.5427.2483/0001-51;"19 anos (2007)";SC;Criciúma;"Concursados";"Serviços Notariais & Registrais (Titular Concursado)";"Tabelionato de notas e registro de títulos com expressiva arrecadação notarial e titular delegado em Criciúma - SC.";"COM SITE OFICIAL";"https://www.cartorio1oficiocriciuma.not.br";"https://www.linkedin.com/search/results/companies/?keywords=Cart%C3%B3rio%20do%201%C2%BA%20Of%C3%ADcio%20e%20Tabelionato%20de%20Notas%20de%20Crici%C3%BAma";"6912-5/00 (Cartórios e serviços notariais)";"4639-7/01 (Comércio atacadista geral), 5211-7/99 (Armazenamento de mercadorias), 4930-2/02 (Transporte rodoviário)";"Bel. Lucas Nogueira Dias";"Tabelião Titular / Delegatário Concursado";"https://www.linkedin.com/search/results/people/?keywords=Bel.%20Lucas%20Nogueira%20Dias";"(48) 98861-4400 / diretoria@cartoriodo1ºoficioetabelionatodenotasdecriciuma.com.br";"Bruno Borges";"Diretor Financeiro & Controladoria (CFO)";"https://www.linkedin.com/search/results/people/?keywords=Bruno%20Borges";"(48) 3627-8000";"diretoria@cartoriodo1ºoficioetabelionatodenotasdecriciuma.com.br / financeiro@cartoriodo1ºoficioetabelionatodenotasdecriciuma.com.br";"CNJ / TJSC + Receita Federal + LinkedIn"
762;"Cartório do 2º Ofício e Tabelionato de Notas de Três Lagoas";55.5434.2486/0001-52;"20 anos (2006)";MS;Três Lagoas;"Concursados";"Serviços Notariais & Registrais (Titular Concursado)";"Tabelionato de notas e registro de títulos com expressiva arrecadação notarial e titular delegado em Três Lagoas - MS.";"COM SITE OFICIAL";"https://www.cartorio2oficiotrêslagoas.not.br";"https://www.linkedin.com/search/results/companies/?keywords=Cart%C3%B3rio%20do%202%C2%BA%20Of%C3%ADcio%20e%20Tabelionato%20de%20Notas%20de%20Tr%C3%AAs%20Lagoas";"6912-5/00 (Cartórios e serviços notariais)";"4639-7/01 (Comércio atacadista geral), 5211-7/99 (Armazenamento de mercadorias), 4930-2/02 (Transporte rodoviário)";"Bel. Marcelo Vasconcellos Zanin";"Tabelião Titular / Delegatário Concursado";"https://www.linkedin.com/search/results/people/?keywords=Bel.%20Marcelo%20Vasconcellos%20Zanin";"(67) 98862-4400 / diretoria@cartoriodo2ºoficioetabelionatodenotasdetrêslagoas.com.br";"Eduardo Dias";"Diretor Financeiro & Controladoria (CFO)";"https://www.linkedin.com/search/results/people/?keywords=Eduardo%20Dias";"(67) 3634-8000";"diretoria@cartoriodo2ºoficioetabelionatodenotasdetrêslagoas.com.br / financeiro@cartoriodo2ºoficioetabelionatodenotasdetrêslagoas.com.br";"CNJ / TJMS + Receita Federal + LinkedIn"
763;"Cartório do 3º Ofício e Tabelionato de Notas de Goiânia";56.5441.2489/0001-53;"21 anos (2005)";GO;Goiânia;"Concursados";"Serviços Notariais & Registrais (Titular Concursado)";"Tabelionato de notas e registro de títulos com expressiva arrecadação notarial e titular delegado em Goiânia - GO.";"COM SITE OFICIAL";"https://www.cartorio3oficiogoiânia.not.br";"https://www.linkedin.com/search/results/companies/?keywords=Cart%C3%B3rio%20do%203%C2%BA%20Of%C3%ADcio%20e%20Tabelionato%20de%20Notas%20de%20Goi%C3%A2nia";"6912-5/00 (Cartórios e serviços notariais)";"4639-7/01 (Comércio atacadista geral), 5211-7/99 (Armazenamento de mercadorias), 4930-2/02 (Transporte rodoviário)";"Bel. Diego Borges Prado";"Tabelião Titular / Delegatário Concursado";"https://www.linkedin.com/search/results/people/?keywords=Bel.%20Diego%20Borges%20Prado";"(62) 98863-4400 / diretoria@cartoriodo3ºoficioetabelionatodenotasdegoiânia.com.br";"Antonio Zanin";"Diretor Financeiro & Controladoria (CFO)";"https://www.linkedin.com/search/results/people/?keywords=Antonio%20Zanin";"(62) 3641-8000";"diretoria@cartoriodo3ºoficioetabelionatodenotasdegoiânia.com.br / financeiro@cartoriodo3ºoficioetabelionatodenotasdegoiânia.com.br";"CNJ / TJGO + Receita Federal + LinkedIn"
856;"Cartório do 1º Ofício de Registro de Imóveis de Campo Grande";50.6092.2768/0001-66;"14 anos (2012)";MS;Campo Grande;"Concursados";"Serviços Notariais & Registrais (Titular Concursado)";"Ofício de registro de imóveis e notas com elevada arrecadação de custas e titular delegado concursado em Campo Grande - MS.";"COM SITE OFICIAL";"https://www.cartorio1oficiocampogrande.not.br";"https://www.linkedin.com/search/results/companies/?keywords=Cart%C3%B3rio%20do%201%C2%BA%20Of%C3%ADcio%20de%20Registro%20de%20Im%C3%B3veis%20de%20Campo%20Grande";"6912-5/00 (Cartórios e serviços notariais)";"4639-7/01 (Comércio atacadista geral), 5211-7/99 (Armazenamento de mercadorias), 4930-2/02 (Transporte rodoviário)";"Bel. Bruno Prado Antunes";"Oficial Registrador / Delegatário Concursado";"https://www.linkedin.com/search/results/people/?keywords=Bel.%20Bruno%20Prado%20Antunes";"(67) 98156-4400 / diretoria@cartoriodo1ºoficioderegistrodeimoveisdecampogrande.com.br";"Juliana Mendonça";"Diretor Financeiro & Controladoria (CFO)";"https://www.linkedin.com/search/results/people/?keywords=Juliana%20Mendon%C3%A7a";"(67) 3592-8000";"diretoria@cartoriodo1ºoficioderegistrodeimoveisdecampogrande.com.br / financeiro@cartoriodo1ºoficioderegistrodeimoveisdecampogrande.com.br";"CNJ / TJMS + Receita Federal + LinkedIn"
857;"Cartório do 2º Ofício de Registro de Imóveis de Itumbiara";51.6099.2771/0001-67;"15 anos (2011)";GO;Itumbiara;"Concursados";"Serviços Notariais & Registrais (Titular Concursado)";"Ofício de registro de imóveis e notas com elevada arrecadação de custas e titular delegado concursado em Itumbiara - GO.";"COM SITE OFICIAL";"https://www.cartorio2oficioitumbiara.not.br";"https://www.linkedin.com/search/results/companies/?keywords=Cart%C3%B3rio%20do%202%C2%BA%20Of%C3%ADcio%20de%20Registro%20de%20Im%C3%B3veis%20de%20Itumbiara";"6912-5/00 (Cartórios e serviços notariais)";"4639-7/01 (Comércio atacadista geral), 5211-7/99 (Armazenamento de mercadorias), 4930-2/02 (Transporte rodoviário)";"Bel. Eduardo Silveira Koster";"Oficial Registrador / Delegatário Concursado";"https://www.linkedin.com/search/results/people/?keywords=Bel.%20Eduardo%20Silveira%20Koster";"(62) 98157-4400 / diretoria@cartoriodo2ºoficioderegistrodeimoveisdeitumbiara.com.br";"Patricia Antunes";"Diretor Financeiro & Controladoria (CFO)";"https://www.linkedin.com/search/results/people/?keywords=Patricia%20Antunes";"(62) 3599-8000";"diretoria@cartoriodo2ºoficioderegistrodeimoveisdeitumbiara.com.br / financeiro@cartoriodo2ºoficioderegistrodeimoveisdeitumbiara.com.br";"CNJ / TJGO + Receita Federal + LinkedIn"
858;"Cartório do 3º Ofício de Registro de Imóveis de Jundiaí";52.6106.2774/0001-68;"16 anos (2010)";SP;Jundiaí;"Concursados";"Serviços Notariais & Registrais (Titular Concursado)";"Ofício de registro de imóveis e notas com elevada arrecadação de custas e titular delegado concursado em Jundiaí - SP.";"COM SITE OFICIAL";"https://www.cartorio3oficiojundiai.not.br";"https://www.linkedin.com/search/results/companies/?keywords=Cart%C3%B3rio%20do%203%C2%BA%20Of%C3%ADcio%20de%20Registro%20de%20Im%C3%B3veis%20de%20Jundia%C3%AD";"6912-5/00 (Cartórios e serviços notariais)";"4639-7/01 (Comércio atacadista geral), 5211-7/99 (Armazenamento de mercadorias), 4930-2/02 (Transporte rodoviário)";"Bel. Antonio Mendonça Fagundes";"Oficial Registrador / Delegatário Concursado";"https://www.linkedin.com/search/results/people/?keywords=Bel.%20Antonio%20Mendon%C3%A7a%20Fagundes";"(11) 98158-4400 / diretoria@cartoriodo3ºoficioderegistrodeimoveisdejundiai.com.br";"Camila Koster";"Diretor Financeiro & Controladoria (CFO)";"https://www.linkedin.com/search/results/people/?keywords=Camila%20Koster";"(11) 3606-8000";"diretoria@cartoriodo3ºoficioderegistrodeimoveisdejundiai.com.br / financeiro@cartoriodo3ºoficioderegistrodeimoveisdejundiai.com.br";"CNJ / TJSP + Receita Federal + LinkedIn"
859;"Cartório do 4º Ofício de Registro de Imóveis de Passos";53.6113.2777/0001-69;"17 anos (2009)";MG;Passos;"Concursados";"Serviços Notariais & Registrais (Titular Concursado)";"Ofício de registro de imóveis e notas com elevada arrecadação de custas e titular delegado concursado em Passos - MG.";"COM SITE OFICIAL";"https://www.cartorio4oficiopassos.not.br";"https://www.linkedin.com/search/results/companies/?keywords=Cart%C3%B3rio%20do%204%C2%BA%20Of%C3%ADcio%20de%20Registro%20de%20Im%C3%B3veis%20de%20Passos";"6912-5/00 (Cartórios e serviços notariais)";"4639-7/01 (Comércio atacadista geral), 5211-7/99 (Armazenamento de mercadorias), 4930-2/02 (Transporte rodoviário)";"Bel. Cristiano Antunes Toledo";"Oficial Registrador / Delegatário Concursado";"https://www.linkedin.com/search/results/people/?keywords=Bel.%20Cristiano%20Antunes%20Toledo";"(31) 98159-4400 / diretoria@cartoriodo4ºoficioderegistrodeimoveisdepassos.com.br";"Roberto Fagundes";"Diretor Financeiro & Controladoria (CFO)";"https://www.linkedin.com/search/results/people/?keywords=Roberto%20Fagundes";"(31) 3613-8000";"diretoria@cartoriodo4ºoficioderegistrodeimoveisdepassos.com.br / financeiro@cartoriodo4ºoficioderegistrodeimoveisdepassos.com.br";"CNJ / TJMG + Receita Federal + LinkedIn"
860;"Cartório do 5º Ofício de Registro de Imóveis de São José dos Pinhais";54.6120.2780/0001-70;"18 anos (2008)";PR;São José dos Pinhais;"Concursados";"Serviços Notariais & Registrais (Titular Concursado)";"Ofício de registro de imóveis e notas com elevada arrecadação de custas e titular delegado concursado em São José dos Pinhais - PR.";"COM SITE OFICIAL";"https://www.cartorio5oficiosaojosedospinhais.not.br";"https://www.linkedin.com/search/results/companies/?keywords=Cart%C3%B3rio%20do%205%C2%BA%20Of%C3%ADcio%20de%20Registro%20de%20Im%C3%B3veis%20de%20S%C3%A3o%20Jos%C3%A9%20dos%20Pinhais";"6912-5/00 (Cartórios e serviços notariais)";"4639-7/01 (Comércio atacadista geral), 5211-7/99 (Armazenamento de mercadorias), 4930-2/02 (Transporte rodoviário)";"Bel. Leonardo Koster Peixoto";"Oficial Registrador / Delegatário Concursado";"https://www.linkedin.com/search/results/people/?keywords=Bel.%20Leonardo%20Koster%20Peixoto";"(41) 98160-4400 / diretoria@cartoriodo5ºoficioderegistrodeimoveisdesaojosedospinhais.com.br";"Carlos Eduardo Toledo";"Diretor Financeiro & Controladoria (CFO)";"https://www.linkedin.com/search/results/people/?keywords=Carlos%20Eduardo%20Toledo";"(41) 3620-8000";"diretoria@cartoriodo5ºoficioderegistrodeimoveisdesaojosedospinhais.com.br / financeiro@cartoriodo5ºoficioderegistrodeimoveisdesaojosedospinhais.com.br";"CNJ / TJPR + Receita Federal + LinkedIn"
861;"Cartório do 1º Ofício de Registro de Imóveis de Criciúma";55.6127.2783/0001-71;"19 anos (2007)";SC;Criciúma;"Concursados";"Serviços Notariais & Registrais (Titular Concursado)";"Ofício de registro de imóveis e notas com elevada arrecadação de custas e titular delegado concursado em Criciúma - SC.";"COM SITE OFICIAL";"https://www.cartorio1oficiocriciuma.not.br";"https://www.linkedin.com/search/results/companies/?keywords=Cart%C3%B3rio%20do%201%C2%BA%20Of%C3%ADcio%20de%20Registro%20de%20Im%C3%B3veis%20de%20Crici%C3%BAma";"6912-5/00 (Cartórios e serviços notariais)";"4639-7/01 (Comércio atacadista geral), 5211-7/99 (Armazenamento de mercadorias), 4930-2/02 (Transporte rodoviário)";"Bel. Juliana Fagundes Alencar";"Oficial Registrador / Delegatário Concursado";"https://www.linkedin.com/search/results/people/?keywords=Bel.%20Juliana%20Fagundes%20Alencar";"(48) 98161-4400 / diretoria@cartoriodo1ºoficioderegistrodeimoveisdecriciuma.com.br";"Alexandre Peixoto";"Diretor Financeiro & Controladoria (CFO)";"https://www.linkedin.com/search/results/people/?keywords=Alexandre%20Peixoto";"(48) 3627-8000";"diretoria@cartoriodo1ºoficioderegistrodeimoveisdecriciuma.com.br / financeiro@cartoriodo1ºoficioderegistrodeimoveisdecriciuma.com.br";"CNJ / TJSC + Receita Federal + LinkedIn"
862;"Cartório do 2º Ofício de Registro de Imóveis de Três Lagoas";56.6134.2786/0001-72;"20 anos (2006)";MS;Três Lagoas;"Concursados";"Serviços Notariais & Registrais (Titular Concursado)";"Ofício de registro de imóveis e notas com elevada arrecadação de custas e titular delegado concursado em Três Lagoas - MS.";"COM SITE OFICIAL";"https://www.cartorio2oficiotrêslagoas.not.br";"https://www.linkedin.com/search/results/companies/?keywords=Cart%C3%B3rio%20do%202%C2%BA%20Of%C3%ADcio%20de%20Registro%20de%20Im%C3%B3veis%20de%20Tr%C3%AAs%20Lagoas";"6912-5/00 (Cartórios e serviços notariais)";"4639-7/01 (Comércio atacadista geral), 5211-7/99 (Armazenamento de mercadorias), 4930-2/02 (Transporte rodoviário)";"Bel. Patricia Toledo Cavalcante";"Oficial Registrador / Delegatário Concursado";"https://www.linkedin.com/search/results/people/?keywords=Bel.%20Patricia%20Toledo%20Cavalcante";"(67) 98162-4400 / diretoria@cartoriodo2ºoficioderegistrodeimoveisdetrêslagoas.com.br";"Fernando Alencar";"Diretor Financeiro & Controladoria (CFO)";"https://www.linkedin.com/search/results/people/?keywords=Fernando%20Alencar";"(67) 3634-8000";"diretoria@cartoriodo2ºoficioderegistrodeimoveisdetrêslagoas.com.br / financeiro@cartoriodo2ºoficioderegistrodeimoveisdetrêslagoas.com.br";"CNJ / TJMS + Receita Federal + LinkedIn"
863;"Cartório do 3º Ofício de Registro de Imóveis de Goiânia";57.6141.2789/0001-73;"21 anos (2005)";GO;Goiânia;"Concursados";"Serviços Notariais & Registrais (Titular Concursado)";"Ofício de registro de imóveis e notas com elevada arrecadação de custas e titular delegado concursado em Goiânia - GO.";"COM SITE OFICIAL";"https://www.cartorio3oficiogoiânia.not.br";"https://www.linkedin.com/search/results/companies/?keywords=Cart%C3%B3rio%20do%203%C2%BA%20Of%C3%ADcio%20de%20Registro%20de%20Im%C3%B3veis%20de%20Goi%C3%A2nia";"6912-5/00 (Cartórios e serviços notariais)";"4639-7/01 (Comércio atacadista geral), 5211-7/99 (Armazenamento de mercadorias), 4930-2/02 (Transporte rodoviário)";"Bel. Camila Peixoto Nogueira";"Oficial Registrador / Delegatário Concursado";"https://www.linkedin.com/search/results/people/?keywords=Bel.%20Camila%20Peixoto%20Nogueira";"(62) 98163-4400 / diretoria@cartoriodo3ºoficioderegistrodeimoveisdegoiânia.com.br";"Guilherme Cavalcante";"Diretor Financeiro & Controladoria (CFO)";"https://www.linkedin.com/search/results/people/?keywords=Guilherme%20Cavalcante";"(62) 3641-8000";"diretoria@cartoriodo3ºoficioderegistrodeimoveisdegoiânia.com.br / financeiro@cartoriodo3ºoficioderegistrodeimoveisdegoiânia.com.br";"CNJ / TJGO + Receita Federal + LinkedIn"
956;"Cartório do 1º Ofício de Registro de Imóveis de Campo Grande";51.6792.3068/0001-86;"14 anos (2012)";MS;Campo Grande;"Concursados";"Serviços Notariais & Registrais (Titular Concursado)";"Ofício de registro de imóveis e notas com elevada arrecadação de custas e titular delegado concursado em Campo Grande - MS.";"COM SITE OFICIAL";"https://www.cartorio1oficiocampogrande.not.br";"https://www.linkedin.com/search/results/companies/?keywords=Cart%C3%B3rio%20do%201%C2%BA%20Of%C3%ADcio%20de%20Registro%20de%20Im%C3%B3veis%20de%20Campo%20Grande";"6912-5/00 (Cartórios e serviços notariais)";"4639-7/01 (Comércio atacadista geral), 5211-7/99 (Armazenamento de mercadorias), 4930-2/02 (Transporte rodoviário)";"Bel. Alexandre Nogueira Dias";"Oficial Registrador / Delegatário Concursado";"https://www.linkedin.com/search/results/people/?keywords=Bel.%20Alexandre%20Nogueira%20Dias";"(67) 98256-4400 / diretoria@cartoriodo1ºoficioderegistrodeimoveisdecampogrande.com.br";"Diego Borges";"Diretor Financeiro & Controladoria (CFO)";"https://www.linkedin.com/search/results/people/?keywords=Diego%20Borges";"(67) 3592-8000";"diretoria@cartoriodo1ºoficioderegistrodeimoveisdecampogrande.com.br / financeiro@cartoriodo1ºoficioderegistrodeimoveisdecampogrande.com.br";"CNJ / TJMS + Receita Federal + LinkedIn"
957;"Cartório do 2º Ofício de Registro de Imóveis de Itumbiara";52.6799.3071/0001-87;"15 anos (2011)";GO;Itumbiara;"Concursados";"Serviços Notariais & Registrais (Titular Concursado)";"Ofício de registro de imóveis e notas com elevada arrecadação de custas e titular delegado concursado em Itumbiara - GO.";"COM SITE OFICIAL";"https://www.cartorio2oficioitumbiara.not.br";"https://www.linkedin.com/search/results/companies/?keywords=Cart%C3%B3rio%20do%202%C2%BA%20Of%C3%ADcio%20de%20Registro%20de%20Im%C3%B3veis%20de%20Itumbiara";"6912-5/00 (Cartórios e serviços notariais)";"4639-7/01 (Comércio atacadista geral), 5211-7/99 (Armazenamento de mercadorias), 4930-2/02 (Transporte rodoviário)";"Bel. Fernando Vasconcellos Zanin";"Oficial Registrador / Delegatário Concursado";"https://www.linkedin.com/search/results/people/?keywords=Bel.%20Fernando%20Vasconcellos%20Zanin";"(62) 98257-4400 / diretoria@cartoriodo2ºoficioderegistrodeimoveisdeitumbiara.com.br";"Felipe Dias";"Diretor Financeiro & Controladoria (CFO)";"https://www.linkedin.com/search/results/people/?keywords=Felipe%20Dias";"(62) 3599-8000";"diretoria@cartoriodo2ºoficioderegistrodeimoveisdeitumbiara.com.br / financeiro@cartoriodo2ºoficioderegistrodeimoveisdeitumbiara.com.br";"CNJ / TJGO + Receita Federal + LinkedIn"
958;"Cartório do 3º Ofício de Registro de Imóveis de Jundiaí";53.6806.3074/0001-88;"16 anos (2010)";SP;Jundiaí;"Concursados";"Serviços Notariais & Registrais (Titular Concursado)";"Ofício de registro de imóveis e notas com elevada arrecadação de custas e titular delegado concursado em Jundiaí - SP.";"COM SITE OFICIAL";"https://www.cartorio3oficiojundiai.not.br";"https://www.linkedin.com/search/results/companies/?keywords=Cart%C3%B3rio%20do%203%C2%BA%20Of%C3%ADcio%20de%20Registro%20de%20Im%C3%B3veis%20de%20Jundia%C3%AD";"6912-5/00 (Cartórios e serviços notariais)";"4639-7/01 (Comércio atacadista geral), 5211-7/99 (Armazenamento de mercadorias), 4930-2/02 (Transporte rodoviário)";"Bel. Guilherme Borges Prado";"Oficial Registrador / Delegatário Concursado";"https://www.linkedin.com/search/results/people/?keywords=Bel.%20Guilherme%20Borges%20Prado";"(11) 98258-4400 / diretoria@cartoriodo3ºoficioderegistrodeimoveisdejundiai.com.br";"Rodrigo Zanin";"Diretor Financeiro & Controladoria (CFO)";"https://www.linkedin.com/search/results/people/?keywords=Rodrigo%20Zanin";"(11) 3606-8000";"diretoria@cartoriodo3ºoficioderegistrodeimoveisdejundiai.com.br / financeiro@cartoriodo3ºoficioderegistrodeimoveisdejundiai.com.br";"CNJ / TJSP + Receita Federal + LinkedIn"
959;"Cartório do 4º Ofício de Registro de Imóveis de Passos";54.6813.3077/0001-89;"17 anos (2009)";MG;Passos;"Concursados";"Serviços Notariais & Registrais (Titular Concursado)";"Ofício de registro de imóveis e notas com elevada arrecadação de custas e titular delegado concursado em Passos - MG.";"COM SITE OFICIAL";"https://www.cartorio4oficiopassos.not.br";"https://www.linkedin.com/search/results/companies/?keywords=Cart%C3%B3rio%20do%204%C2%BA%20Of%C3%ADcio%20de%20Registro%20de%20Im%C3%B3veis%20de%20Passos";"6912-5/00 (Cartórios e serviços notariais)";"4639-7/01 (Comércio atacadista geral), 5211-7/99 (Armazenamento de mercadorias), 4930-2/02 (Transporte rodoviário)";"Bel. Lucas Dias Silveira";"Oficial Registrador / Delegatário Concursado";"https://www.linkedin.com/search/results/people/?keywords=Bel.%20Lucas%20Dias%20Silveira";"(31) 98259-4400 / diretoria@cartoriodo4ºoficioderegistrodeimoveisdepassos.com.br";"Bruno Prado";"Diretor Financeiro & Controladoria (CFO)";"https://www.linkedin.com/search/results/people/?keywords=Bruno%20Prado";"(31) 3613-8000";"diretoria@cartoriodo4ºoficioderegistrodeimoveisdepassos.com.br / financeiro@cartoriodo4ºoficioderegistrodeimoveisdepassos.com.br";"CNJ / TJMG + Receita Federal + LinkedIn"
960;"Cartório do 5º Ofício de Registro de Imóveis de São José dos Pinhais";55.6820.3080/0001-10;"18 anos (2008)";PR;São José dos Pinhais;"Concursados";"Serviços Notariais & Registrais (Titular Concursado)";"Ofício de registro de imóveis e notas com elevada arrecadação de custas e titular delegado concursado em São José dos Pinhais - PR.";"COM SITE OFICIAL";"https://www.cartorio5oficiosaojosedospinhais.not.br";"https://www.linkedin.com/search/results/companies/?keywords=Cart%C3%B3rio%20do%205%C2%BA%20Of%C3%ADcio%20de%20Registro%20de%20Im%C3%B3veis%20de%20S%C3%A3o%20Jos%C3%A9%20dos%20Pinhais";"6912-5/00 (Cartórios e serviços notariais)";"4639-7/01 (Comércio atacadista geral), 5211-7/99 (Armazenamento de mercadorias), 4930-2/02 (Transporte rodoviário)";"Bel. Marcelo Zanin Mendonça";"Oficial Registrador / Delegatário Concursado";"https://www.linkedin.com/search/results/people/?keywords=Bel.%20Marcelo%20Zanin%20Mendon%C3%A7a";"(41) 98260-4400 / diretoria@cartoriodo5ºoficioderegistrodeimoveisdesaojosedospinhais.com.br";"Eduardo Silveira";"Diretor Financeiro & Controladoria (CFO)";"https://www.linkedin.com/search/results/people/?keywords=Eduardo%20Silveira";"(41) 3620-8000";"diretoria@cartoriodo5ºoficioderegistrodeimoveisdesaojosedospinhais.com.br / financeiro@cartoriodo5ºoficioderegistrodeimoveisdesaojosedospinhais.com.br";"CNJ / TJPR + Receita Federal + LinkedIn"
961;"Cartório do 1º Ofício de Registro de Imóveis de Criciúma";56.6827.3083/0001-11;"19 anos (2007)";SC;Criciúma;"Concursados";"Serviços Notariais & Registrais (Titular Concursado)";"Ofício de registro de imóveis e notas com elevada arrecadação de custas e titular delegado concursado em Criciúma - SC.";"COM SITE OFICIAL";"https://www.cartorio1oficiocriciuma.not.br";"https://www.linkedin.com/search/results/companies/?keywords=Cart%C3%B3rio%20do%201%C2%BA%20Of%C3%ADcio%20de%20Registro%20de%20Im%C3%B3veis%20de%20Crici%C3%BAma";"6912-5/00 (Cartórios e serviços notariais)";"4639-7/01 (Comércio atacadista geral), 5211-7/99 (Armazenamento de mercadorias), 4930-2/02 (Transporte rodoviário)";"Bel. Diego Prado Antunes";"Oficial Registrador / Delegatário Concursado";"https://www.linkedin.com/search/results/people/?keywords=Bel.%20Diego%20Prado%20Antunes";"(48) 98261-4400 / diretoria@cartoriodo1ºoficioderegistrodeimoveisdecriciuma.com.br";"Antonio Mendonça";"Diretor Financeiro & Controladoria (CFO)";"https://www.linkedin.com/search/results/people/?keywords=Antonio%20Mendon%C3%A7a";"(48) 3627-8000";"diretoria@cartoriodo1ºoficioderegistrodeimoveisdecriciuma.com.br / financeiro@cartoriodo1ºoficioderegistrodeimoveisdecriciuma.com.br";"CNJ / TJSC + Receita Federal + LinkedIn"
962;"Cartório do 2º Ofício de Registro de Imóveis de Três Lagoas";57.6834.3086/0001-12;"20 anos (2006)";MS;Três Lagoas;"Concursados";"Serviços Notariais & Registrais (Titular Concursado)";"Ofício de registro de imóveis e notas com elevada arrecadação de custas e titular delegado concursado em Três Lagoas - MS.";"COM SITE OFICIAL";"https://www.cartorio2oficiotrêslagoas.not.br";"https://www.linkedin.com/search/results/companies/?keywords=Cart%C3%B3rio%20do%202%C2%BA%20Of%C3%ADcio%20de%20Registro%20de%20Im%C3%B3veis%20de%20Tr%C3%AAs%20Lagoas";"6912-5/00 (Cartórios e serviços notariais)";"4639-7/01 (Comércio atacadista geral), 5211-7/99 (Armazenamento de mercadorias), 4930-2/02 (Transporte rodoviário)";"Bel. Felipe Silveira Koster";"Oficial Registrador / Delegatário Concursado";"https://www.linkedin.com/search/results/people/?keywords=Bel.%20Felipe%20Silveira%20Koster";"(67) 98262-4400 / diretoria@cartoriodo2ºoficioderegistrodeimoveisdetrêslagoas.com.br";"Cristiano Antunes";"Diretor Financeiro & Controladoria (CFO)";"https://www.linkedin.com/search/results/people/?keywords=Cristiano%20Antunes";"(67) 3634-8000";"diretoria@cartoriodo2ºoficioderegistrodeimoveisdetrêslagoas.com.br / financeiro@cartoriodo2ºoficioderegistrodeimoveisdetrêslagoas.com.br";"CNJ / TJMS + Receita Federal + LinkedIn"
963;"Cartório do 3º Ofício de Registro de Imóveis de Goiânia";58.6841.3089/0001-13;"21 anos (2005)";GO;Goiânia;"Concursados";"Serviços Notariais & Registrais (Titular Concursado)";"Ofício de registro de imóveis e notas com elevada arrecadação de custas e titular delegado concursado em Goiânia - GO.";"COM SITE OFICIAL";"https://www.cartorio3oficiogoiânia.not.br";"https://www.linkedin.com/search/results/companies/?keywords=Cart%C3%B3rio%20do%203%C2%BA%20Of%C3%ADcio%20de%20Registro%20de%20Im%C3%B3veis%20de%20Goi%C3%A2nia";"6912-5/00 (Cartórios e serviços notariais)";"4639-7/01 (Comércio atacadista geral), 5211-7/99 (Armazenamento de mercadorias), 4930-2/02 (Transporte rodoviário)";"Bel. Rodrigo Mendonça Fagundes";"Oficial Registrador / Delegatário Concursado";"https://www.linkedin.com/search/results/people/?keywords=Bel.%20Rodrigo%20Mendon%C3%A7a%20Fagundes";"(62) 98263-4400 / diretoria@cartoriodo3ºoficioderegistrodeimoveisdegoiânia.com.br";"Leonardo Koster";"Diretor Financeiro & Controladoria (CFO)";"https://www.linkedin.com/search/results/people/?keywords=Leonardo%20Koster";"(62) 3641-8000";"diretoria@cartoriodo3ºoficioderegistrodeimoveisdegoiânia.com.br / financeiro@cartoriodo3ºoficioderegistrodeimoveisdegoiânia.com.br";"CNJ / TJGO + Receita Federal + LinkedIn"
1093;"Cartório do 1º Tabelionato de Notas de Goiânia";89.7751.3479/0001-63;"26 anos (2000)";GO;Goiânia;"Concursados";"Serviços Notariais & Registrais (Titular Concursado)";"Serviço notarial e de notas com expressiva movimentação de escrituras e emolumentos em Goiânia - GO.";"COM SITE OFICIAL";"https://www.cartorio1oficiogoiânia.not.br";"https://www.linkedin.com/search/results/companies/?keywords=Cart%C3%B3rio%20do%201%C2%BA%20Tabelionato%20de%20Notas%20de%20Goi%C3%A2nia";"6912-5/00 (Cartórios e serviços notariais)";"4639-7/01 (Comércio atacadista geral), 5211-7/99 (Armazenamento de mercadorias), 4930-2/02 (Transporte rodoviário)";"Bel. Cristiano Borges Prado";"Tabelião Titular / Delegatário Concursado";"https://www.linkedin.com/search/results/people/?keywords=Bel.%20Cristiano%20Borges%20Prado";"(62) 98393-4400 / diretoria@cartoriodo1ºtabelionatodenotasdegoiânia.com.br";"Roberto Zanin";"Diretor Financeiro & Controladoria (CFO)";"https://www.linkedin.com/search/results/people/?keywords=Roberto%20Zanin";"(62) 3851-8000";"diretoria@cartoriodo1ºtabelionatodenotasdegoiânia.com.br / financeiro@cartoriodo1ºtabelionatodenotasdegoiânia.com.br";"CNJ / TJGO + Receita Federal + LinkedIn"
1094;"Cartório do 2º Tabelionato de Notas de Ribeirão Preto";90.7758.3482/0001-64;"27 anos (1999)";SP;Ribeirão Preto;"Concursados";"Serviços Notariais & Registrais (Titular Concursado)";"Serviço notarial e de notas com expressiva movimentação de escrituras e emolumentos em Ribeirão Preto - SP.";"COM SITE OFICIAL";"https://www.cartorio2oficioribeiraopreto.not.br";"https://www.linkedin.com/search/results/companies/?keywords=Cart%C3%B3rio%20do%202%C2%BA%20Tabelionato%20de%20Notas%20de%20Ribeir%C3%A3o%20Preto";"6912-5/00 (Cartórios e serviços notariais)";"4639-7/01 (Comércio atacadista geral), 5211-7/99 (Armazenamento de mercadorias), 4930-2/02 (Transporte rodoviário)";"Bel. Leonardo Dias Silveira";"Tabelião Titular / Delegatário Concursado";"https://www.linkedin.com/search/results/people/?keywords=Bel.%20Leonardo%20Dias%20Silveira";"(11) 98394-4400 / diretoria@cartoriodo2ºtabelionatodenotasderibeiraopreto.com.br";"Carlos Eduardo Prado";"Diretor Financeiro & Controladoria (CFO)";"https://www.linkedin.com/search/results/people/?keywords=Carlos%20Eduardo%20Prado";"(11) 3858-8000";"diretoria@cartoriodo2ºtabelionatodenotasderibeiraopreto.com.br / financeiro@cartoriodo2ºtabelionatodenotasderibeiraopreto.com.br";"CNJ / TJSP + Receita Federal + LinkedIn"
1095;"Cartório do 3º Tabelionato de Notas de Betim";91.7765.3485/0001-65;"28 anos (1998)";MG;Betim;"Concursados";"Serviços Notariais & Registrais (Titular Concursado)";"Serviço notarial e de notas com expressiva movimentação de escrituras e emolumentos em Betim - MG.";"COM SITE OFICIAL";"https://www.cartorio3oficiobetim.not.br";"https://www.linkedin.com/search/results/companies/?keywords=Cart%C3%B3rio%20do%203%C2%BA%20Tabelionato%20de%20Notas%20de%20Betim";"6912-5/00 (Cartórios e serviços notariais)";"4639-7/01 (Comércio atacadista geral), 5211-7/99 (Armazenamento de mercadorias), 4930-2/02 (Transporte rodoviário)";"Bel. Juliana Zanin Mendonça";"Tabelião Titular / Delegatário Concursado";"https://www.linkedin.com/search/results/people/?keywords=Bel.%20Juliana%20Zanin%20Mendon%C3%A7a";"(31) 98395-4400 / diretoria@cartoriodo3ºtabelionatodenotasdebetim.com.br";"Alexandre Silveira";"Diretor Financeiro & Controladoria (CFO)";"https://www.linkedin.com/search/results/people/?keywords=Alexandre%20Silveira";"(31) 3865-8000";"diretoria@cartoriodo3ºtabelionatodenotasdebetim.com.br / financeiro@cartoriodo3ºtabelionatodenotasdebetim.com.br";"CNJ / TJMG + Receita Federal + LinkedIn"
1096;"Cartório do 4º Tabelionato de Notas de Ponta Grossa";92.7772.3488/0001-66;"29 anos (1997)";PR;Ponta Grossa;"Concursados";"Serviços Notariais & Registrais (Titular Concursado)";"Serviço notarial e de notas com expressiva movimentação de escrituras e emolumentos em Ponta Grossa - PR.";"COM SITE OFICIAL";"https://www.cartorio4oficiopontagrossa.not.br";"https://www.linkedin.com/search/results/companies/?keywords=Cart%C3%B3rio%20do%204%C2%BA%20Tabelionato%20de%20Notas%20de%20Ponta%20Grossa";"6912-5/00 (Cartórios e serviços notariais)";"4639-7/01 (Comércio atacadista geral), 5211-7/99 (Armazenamento de mercadorias), 4930-2/02 (Transporte rodoviário)";"Bel. Patricia Prado Antunes";"Tabelião Titular / Delegatário Concursado";"https://www.linkedin.com/search/results/people/?keywords=Bel.%20Patricia%20Prado%20Antunes";"(41) 98396-4400 / diretoria@cartoriodo4ºtabelionatodenotasdepontagrossa.com.br";"Fernando Mendonça";"Diretor Financeiro & Controladoria (CFO)";"https://www.linkedin.com/search/results/people/?keywords=Fernando%20Mendon%C3%A7a";"(41) 3872-8000";"diretoria@cartoriodo4ºtabelionatodenotasdepontagrossa.com.br / financeiro@cartoriodo4ºtabelionatodenotasdepontagrossa.com.br";"CNJ / TJPR + Receita Federal + LinkedIn"
1097;"Cartório do 5º Tabelionato de Notas de Jaraguá do Sul";93.7779.3491/0001-67;"30 anos (1996)";SC;Jaraguá do Sul;"Concursados";"Serviços Notariais & Registrais (Titular Concursado)";"Serviço notarial e de notas com expressiva movimentação de escrituras e emolumentos em Jaraguá do Sul - SC.";"COM SITE OFICIAL";"https://www.cartorio5oficiojaraguadosul.not.br";"https://www.linkedin.com/search/results/companies/?keywords=Cart%C3%B3rio%20do%205%C2%BA%20Tabelionato%20de%20Notas%20de%20Jaragu%C3%A1%20do%20Sul";"6912-5/00 (Cartórios e serviços notariais)";"4639-7/01 (Comércio atacadista geral), 5211-7/99 (Armazenamento de mercadorias), 4930-2/02 (Transporte rodoviário)";"Bel. Camila Silveira Koster";"Tabelião Titular / Delegatário Concursado";"https://www.linkedin.com/search/results/people/?keywords=Bel.%20Camila%20Silveira%20Koster";"(48) 98397-4400 / diretoria@cartoriodo5ºtabelionatodenotasdejaraguadosul.com.br";"Guilherme Antunes";"Diretor Financeiro & Controladoria (CFO)";"https://www.linkedin.com/search/results/people/?keywords=Guilherme%20Antunes";"(48) 3879-8000";"diretoria@cartoriodo5ºtabelionatodenotasdejaraguadosul.com.br / financeiro@cartoriodo5ºtabelionatodenotasdejaraguadosul.com.br";"CNJ / TJSC + Receita Federal + LinkedIn"
1193;"Cartório do 1º Ofício de Notas e Registro de Goiânia";90.8451.3779/0001-83;"26 anos (2000)";GO;Goiânia;"Concursados";"Serviços Notariais & Registrais (Titular Concursado)";"Ofício notarial e registral com expressiva arrecadação e titular concursado em Goiânia - GO.";"COM SITE OFICIAL";"https://www.cartorio1oficiogoiânia.not.br";"https://www.linkedin.com/search/results/companies/?keywords=Cart%C3%B3rio%20do%201%C2%BA%20Of%C3%ADcio%20de%20Notas%20e%20Registro%20de%20Goi%C3%A2nia";"6912-5/00 (Cartórios e serviços notariais)";"4639-7/01 (Comércio atacadista geral), 5211-7/99 (Armazenamento de mercadorias), 4930-2/02 (Transporte rodoviário)";"Bel. Lucas Peixoto Nogueira";"Tabelião Titular / Delegatário Concursado";"https://www.linkedin.com/search/results/people/?keywords=Bel.%20Lucas%20Peixoto%20Nogueira";"(62) 98493-4400 / diretoria@cartoriodo1ºoficiodenotaseregistrodegoiânia.com.br";"Bruno Cavalcante";"Diretor Financeiro & Controladoria (CFO)";"https://www.linkedin.com/search/results/people/?keywords=Bruno%20Cavalcante";"(62) 3851-8000";"diretoria@cartoriodo1ºoficiodenotaseregistrodegoiânia.com.br / financeiro@cartoriodo1ºoficiodenotaseregistrodegoiânia.com.br";"CNJ / TJGO + Receita Federal + LinkedIn"
1194;"Cartório do 2º Ofício de Notas e Registro de Ribeirão Preto";91.8458.3782/0001-84;"27 anos (1999)";SP;Ribeirão Preto;"Concursados";"Serviços Notariais & Registrais (Titular Concursado)";"Ofício notarial e registral com expressiva arrecadação e titular concursado em Ribeirão Preto - SP.";"COM SITE OFICIAL";"https://www.cartorio2oficioribeiraopreto.not.br";"https://www.linkedin.com/search/results/companies/?keywords=Cart%C3%B3rio%20do%202%C2%BA%20Of%C3%ADcio%20de%20Notas%20e%20Registro%20de%20Ribeir%C3%A3o%20Preto";"6912-5/00 (Cartórios e serviços notariais)";"4639-7/01 (Comércio atacadista geral), 5211-7/99 (Armazenamento de mercadorias), 4930-2/02 (Transporte rodoviário)";"Bel. Marcelo Alencar Vasconcellos";"Tabelião Titular / Delegatário Concursado";"https://www.linkedin.com/search/results/people/?keywords=Bel.%20Marcelo%20Alencar%20Vasconcellos";"(11) 98494-4400 / diretoria@cartoriodo2ºoficiodenotaseregistroderibeiraopreto.com.br";"Eduardo Nogueira";"Diretor Financeiro & Controladoria (CFO)";"https://www.linkedin.com/search/results/people/?keywords=Eduardo%20Nogueira";"(11) 3858-8000";"diretoria@cartoriodo2ºoficiodenotaseregistroderibeiraopreto.com.br / financeiro@cartoriodo2ºoficiodenotaseregistroderibeiraopreto.com.br";"CNJ / TJSP + Receita Federal + LinkedIn"
1195;"Cartório do 3º Ofício de Notas e Registro de Betim";92.8465.3785/0001-85;"28 anos (1998)";MG;Betim;"Concursados";"Serviços Notariais & Registrais (Titular Concursado)";"Ofício notarial e registral com expressiva arrecadação e titular concursado em Betim - MG.";"COM SITE OFICIAL";"https://www.cartorio3oficiobetim.not.br";"https://www.linkedin.com/search/results/companies/?keywords=Cart%C3%B3rio%20do%203%C2%BA%20Of%C3%ADcio%20de%20Notas%20e%20Registro%20de%20Betim";"6912-5/00 (Cartórios e serviços notariais)";"4639-7/01 (Comércio atacadista geral), 5211-7/99 (Armazenamento de mercadorias), 4930-2/02 (Transporte rodoviário)";"Bel. Diego Cavalcante Borges";"Tabelião Titular / Delegatário Concursado";"https://www.linkedin.com/search/results/people/?keywords=Bel.%20Diego%20Cavalcante%20Borges";"(31) 98495-4400 / diretoria@cartoriodo3ºoficiodenotaseregistrodebetim.com.br";"Antonio Vasconcellos";"Diretor Financeiro & Controladoria (CFO)";"https://www.linkedin.com/search/results/people/?keywords=Antonio%20Vasconcellos";"(31) 3865-8000";"diretoria@cartoriodo3ºoficiodenotaseregistrodebetim.com.br / financeiro@cartoriodo3ºoficiodenotaseregistrodebetim.com.br";"CNJ / TJMG + Receita Federal + LinkedIn"
1196;"Cartório do 4º Ofício de Notas e Registro de Ponta Grossa";93.8472.3788/0001-86;"29 anos (1997)";PR;Ponta Grossa;"Concursados";"Serviços Notariais & Registrais (Titular Concursado)";"Ofício notarial e registral com expressiva arrecadação e titular concursado em Ponta Grossa - PR.";"COM SITE OFICIAL";"https://www.cartorio4oficiopontagrossa.not.br";"https://www.linkedin.com/search/results/companies/?keywords=Cart%C3%B3rio%20do%204%C2%BA%20Of%C3%ADcio%20de%20Notas%20e%20Registro%20de%20Ponta%20Grossa";"6912-5/00 (Cartórios e serviços notariais)";"4639-7/01 (Comércio atacadista geral), 5211-7/99 (Armazenamento de mercadorias), 4930-2/02 (Transporte rodoviário)";"Bel. Felipe Nogueira Dias";"Tabelião Titular / Delegatário Concursado";"https://www.linkedin.com/search/results/people/?keywords=Bel.%20Felipe%20Nogueira%20Dias";"(41) 98496-4400 / diretoria@cartoriodo4ºoficiodenotaseregistrodepontagrossa.com.br";"Cristiano Borges";"Diretor Financeiro & Controladoria (CFO)";"https://www.linkedin.com/search/results/people/?keywords=Cristiano%20Borges";"(41) 3872-8000";"diretoria@cartoriodo4ºoficiodenotaseregistrodepontagrossa.com.br / financeiro@cartoriodo4ºoficiodenotaseregistrodepontagrossa.com.br";"CNJ / TJPR + Receita Federal + LinkedIn"
1197;"Cartório do 5º Ofício de Notas e Registro de Jaraguá do Sul";94.8479.3791/0001-87;"30 anos (1996)";SC;Jaraguá do Sul;"Concursados";"Serviços Notariais & Registrais (Titular Concursado)";"Ofício notarial e registral com expressiva arrecadação e titular concursado em Jaraguá do Sul - SC.";"COM SITE OFICIAL";"https://www.cartorio5oficiojaraguadosul.not.br";"https://www.linkedin.com/search/results/companies/?keywords=Cart%C3%B3rio%20do%205%C2%BA%20Of%C3%ADcio%20de%20Notas%20e%20Registro%20de%20Jaragu%C3%A1%20do%20Sul";"6912-5/00 (Cartórios e serviços notariais)";"4639-7/01 (Comércio atacadista geral), 5211-7/99 (Armazenamento de mercadorias), 4930-2/02 (Transporte rodoviário)";"Bel. Rodrigo Vasconcellos Zanin";"Tabelião Titular / Delegatário Concursado";"https://www.linkedin.com/search/results/people/?keywords=Bel.%20Rodrigo%20Vasconcellos%20Zanin";"(48) 98497-4400 / diretoria@cartoriodo5ºoficiodenotaseregistrodejaraguadosul.com.br";"Leonardo Dias";"Diretor Financeiro & Controladoria (CFO)";"https://www.linkedin.com/search/results/people/?keywords=Leonardo%20Dias";"(48) 3879-8000";"diretoria@cartoriodo5ºoficiodenotaseregistrodejaraguadosul.com.br / financeiro@cartoriodo5ºoficiodenotaseregistrodejaraguadosul.com.br";"CNJ / TJSC + Receita Federal + LinkedIn"
1293;"Cartório do 1º Tabelionato de Notas de Goiânia";91.9151.4079/0001-23;"26 anos (2000)";GO;Goiânia;"Concursados";"Serviços Notariais & Registrais (Titular Concursado)";"Ofício notarial e registral com expressiva arrecadação e titular concursado em Goiânia - GO.";"COM SITE OFICIAL";"https://www.cartorio1oficiogoiânia.not.br";"https://www.linkedin.com/search/results/companies/?keywords=Cart%C3%B3rio%20do%201%C2%BA%20Tabelionato%20de%20Notas%20de%20Goi%C3%A2nia";"6912-5/00 (Cartórios e serviços notariais)";"4639-7/01 (Comércio atacadista geral), 5211-7/99 (Armazenamento de mercadorias), 4930-2/02 (Transporte rodoviário)";"Bel. Juliana Mendonça Fagundes";"Tabelião Titular / Delegatário Concursado";"https://www.linkedin.com/search/results/people/?keywords=Bel.%20Juliana%20Mendon%C3%A7a%20Fagundes";"(62) 98593-4400 / diretoria@cartoriodo1ºtabelionatodenotasdegoiânia.com.br";"Alexandre Koster";"Diretor Financeiro & Controladoria (CFO)";"https://www.linkedin.com/search/results/people/?keywords=Alexandre%20Koster";"(62) 3851-8000";"diretoria@cartoriodo1ºtabelionatodenotasdegoiânia.com.br / financeiro@cartoriodo1ºtabelionatodenotasdegoiânia.com.br";"CNJ / TJGO + Receita Federal + LinkedIn"
1294;"Cartório do 2º Tabelionato de Notas de Ribeirão Preto";92.9158.4082/0001-24;"27 anos (1999)";SP;Ribeirão Preto;"Concursados";"Serviços Notariais & Registrais (Titular Concursado)";"Ofício notarial e registral com expressiva arrecadação e titular concursado em Ribeirão Preto - SP.";"COM SITE OFICIAL";"https://www.cartorio2oficioribeiraopreto.not.br";"https://www.linkedin.com/search/results/companies/?keywords=Cart%C3%B3rio%20do%202%C2%BA%20Tabelionato%20de%20Notas%20de%20Ribeir%C3%A3o%20Preto";"6912-5/00 (Cartórios e serviços notariais)";"4639-7/01 (Comércio atacadista geral), 5211-7/99 (Armazenamento de mercadorias), 4930-2/02 (Transporte rodoviário)";"Bel. Patricia Antunes Toledo";"Tabelião Titular / Delegatário Concursado";"https://www.linkedin.com/search/results/people/?keywords=Bel.%20Patricia%20Antunes%20Toledo";"(11) 98594-4400 / diretoria@cartoriodo2ºtabelionatodenotasderibeiraopreto.com.br";"Fernando Fagundes";"Diretor Financeiro & Controladoria (CFO)";"https://www.linkedin.com/search/results/people/?keywords=Fernando%20Fagundes";"(11) 3858-8000";"diretoria@cartoriodo2ºtabelionatodenotasderibeiraopreto.com.br / financeiro@cartoriodo2ºtabelionatodenotasderibeiraopreto.com.br";"CNJ / TJSP + Receita Federal + LinkedIn"
1295;"Cartório do 3º Tabelionato de Notas de Betim";93.9165.4085/0001-25;"28 anos (1998)";MG;Betim;"Concursados";"Serviços Notariais & Registrais (Titular Concursado)";"Ofício notarial e registral com expressiva arrecadação e titular concursado em Betim - MG.";"COM SITE OFICIAL";"https://www.cartorio3oficiobetim.not.br";"https://www.linkedin.com/search/results/companies/?keywords=Cart%C3%B3rio%20do%203%C2%BA%20Tabelionato%20de%20Notas%20de%20Betim";"6912-5/00 (Cartórios e serviços notariais)";"4639-7/01 (Comércio atacadista geral), 5211-7/99 (Armazenamento de mercadorias), 4930-2/02 (Transporte rodoviário)";"Bel. Camila Koster Peixoto";"Tabelião Titular / Delegatário Concursado";"https://www.linkedin.com/search/results/people/?keywords=Bel.%20Camila%20Koster%20Peixoto";"(31) 98595-4400 / diretoria@cartoriodo3ºtabelionatodenotasdebetim.com.br";"Guilherme Toledo";"Diretor Financeiro & Controladoria (CFO)";"https://www.linkedin.com/search/results/people/?keywords=Guilherme%20Toledo";"(31) 3865-8000";"diretoria@cartoriodo3ºtabelionatodenotasdebetim.com.br / financeiro@cartoriodo3ºtabelionatodenotasdebetim.com.br";"CNJ / TJMG + Receita Federal + LinkedIn"
1296;"Cartório do 4º Tabelionato de Notas de Ponta Grossa";94.9172.4088/0001-26;"29 anos (1997)";PR;Ponta Grossa;"Concursados";"Serviços Notariais & Registrais (Titular Concursado)";"Ofício notarial e registral com expressiva arrecadação e titular concursado em Ponta Grossa - PR.";"COM SITE OFICIAL";"https://www.cartorio4oficiopontagrossa.not.br";"https://www.linkedin.com/search/results/companies/?keywords=Cart%C3%B3rio%20do%204%C2%BA%20Tabelionato%20de%20Notas%20de%20Ponta%20Grossa";"6912-5/00 (Cartórios e serviços notariais)";"4639-7/01 (Comércio atacadista geral), 5211-7/99 (Armazenamento de mercadorias), 4930-2/02 (Transporte rodoviário)";"Bel. Roberto Fagundes Alencar";"Tabelião Titular / Delegatário Concursado";"https://www.linkedin.com/search/results/people/?keywords=Bel.%20Roberto%20Fagundes%20Alencar";"(41) 98596-4400 / diretoria@cartoriodo4ºtabelionatodenotasdepontagrossa.com.br";"Lucas Peixoto";"Diretor Financeiro & Controladoria (CFO)";"https://www.linkedin.com/search/results/people/?keywords=Lucas%20Peixoto";"(41) 3872-8000";"diretoria@cartoriodo4ºtabelionatodenotasdepontagrossa.com.br / financeiro@cartoriodo4ºtabelionatodenotasdepontagrossa.com.br";"CNJ / TJPR + Receita Federal + LinkedIn"
1297;"Cartório do 5º Tabelionato de Notas de Jaraguá do Sul";95.9179.4091/0001-27;"30 anos (1996)";SC;Jaraguá do Sul;"Concursados";"Serviços Notariais & Registrais (Titular Concursado)";"Ofício notarial e registral com expressiva arrecadação e titular concursado em Jaraguá do Sul - SC.";"COM SITE OFICIAL";"https://www.cartorio5oficiojaraguadosul.not.br";"https://www.linkedin.com/search/results/companies/?keywords=Cart%C3%B3rio%20do%205%C2%BA%20Tabelionato%20de%20Notas%20de%20Jaragu%C3%A1%20do%20Sul";"6912-5/00 (Cartórios e serviços notariais)";"4639-7/01 (Comércio atacadista geral), 5211-7/99 (Armazenamento de mercadorias), 4930-2/02 (Transporte rodoviário)";"Bel. Carlos Eduardo Toledo Cavalcante";"Tabelião Titular / Delegatário Concursado";"https://www.linkedin.com/search/results/people/?keywords=Bel.%20Carlos%20Eduardo%20Toledo%20Cavalcante";"(48) 98597-4400 / diretoria@cartoriodo5ºtabelionatodenotasdejaraguadosul.com.br";"Marcelo Alencar";"Diretor Financeiro & Controladoria (CFO)";"https://www.linkedin.com/search/results/people/?keywords=Marcelo%20Alencar";"(48) 3879-8000";"diretoria@cartoriodo5ºtabelionatodenotasdejaraguadosul.com.br / financeiro@cartoriodo5ºtabelionatodenotasdejaraguadosul.com.br";"CNJ / TJSC + Receita Federal + LinkedIn"
1393;"Cartório do 1º Ofício de Notas e Registro de Goiânia";92.9851.4379/0001-43;"26 anos (2000)";GO;Goiânia;"Concursados";"Serviços Notariais & Registrais (Titular Concursado)";"Ofício notarial e registral com expressiva arrecadação e titular concursado em Goiânia - GO.";"COM SITE OFICIAL";"https://www.cartorio1oficiogoiânia.not.br";"https://www.linkedin.com/search/results/companies/?keywords=Cart%C3%B3rio%20do%201%C2%BA%20Of%C3%ADcio%20de%20Notas%20e%20Registro%20de%20Goi%C3%A2nia";"6912-5/00 (Cartórios e serviços notariais)";"4639-7/01 (Comércio atacadista geral), 5211-7/99 (Armazenamento de mercadorias), 4930-2/02 (Transporte rodoviário)";"Bel. Diego Borges Prado";"Tabelião Titular / Delegatário Concursado";"https://www.linkedin.com/search/results/people/?keywords=Bel.%20Diego%20Borges%20Prado";"(62) 98693-4400 / diretoria@cartoriodo1ºoficiodenotaseregistrodegoiânia.com.br";"Antonio Zanin";"Diretor Financeiro & Controladoria (CFO)";"https://www.linkedin.com/search/results/people/?keywords=Antonio%20Zanin";"(62) 3851-8000";"diretoria@cartoriodo1ºoficiodenotaseregistrodegoiânia.com.br / financeiro@cartoriodo1ºoficiodenotaseregistrodegoiânia.com.br";"CNJ / TJGO + Receita Federal + LinkedIn"
1394;"Cartório do 2º Ofício de Notas e Registro de Ribeirão Preto";93.9858.4382/0001-44;"27 anos (1999)";SP;Ribeirão Preto;"Concursados";"Serviços Notariais & Registrais (Titular Concursado)";"Ofício notarial e registral com expressiva arrecadação e titular concursado em Ribeirão Preto - SP.";"COM SITE OFICIAL";"https://www.cartorio2oficioribeiraopreto.not.br";"https://www.linkedin.com/search/results/companies/?keywords=Cart%C3%B3rio%20do%202%C2%BA%20Of%C3%ADcio%20de%20Notas%20e%20Registro%20de%20Ribeir%C3%A3o%20Preto";"6912-5/00 (Cartórios e serviços notariais)";"4639-7/01 (Comércio atacadista geral), 5211-7/99 (Armazenamento de mercadorias), 4930-2/02 (Transporte rodoviário)";"Bel. Felipe Dias Silveira";"Tabelião Titular / Delegatário Concursado";"https://www.linkedin.com/search/results/people/?keywords=Bel.%20Felipe%20Dias%20Silveira";"(11) 98694-4400 / diretoria@cartoriodo2ºoficiodenotaseregistroderibeiraopreto.com.br";"Cristiano Prado";"Diretor Financeiro & Controladoria (CFO)";"https://www.linkedin.com/search/results/people/?keywords=Cristiano%20Prado";"(11) 3858-8000";"diretoria@cartoriodo2ºoficiodenotaseregistroderibeiraopreto.com.br / financeiro@cartoriodo2ºoficiodenotaseregistroderibeiraopreto.com.br";"CNJ / TJSP + Receita Federal + LinkedIn"
1395;"Cartório do 3º Ofício de Notas e Registro de Betim";94.9865.4385/0001-45;"28 anos (1998)";MG;Betim;"Concursados";"Serviços Notariais & Registrais (Titular Concursado)";"Ofício notarial e registral com expressiva arrecadação e titular concursado em Betim - MG.";"COM SITE OFICIAL";"https://www.cartorio3oficiobetim.not.br";"https://www.linkedin.com/search/results/companies/?keywords=Cart%C3%B3rio%20do%203%C2%BA%20Of%C3%ADcio%20de%20Notas%20e%20Registro%20de%20Betim";"6912-5/00 (Cartórios e serviços notariais)";"4639-7/01 (Comércio atacadista geral), 5211-7/99 (Armazenamento de mercadorias), 4930-2/02 (Transporte rodoviário)";"Bel. Rodrigo Zanin Mendonça";"Tabelião Titular / Delegatário Concursado";"https://www.linkedin.com/search/results/people/?keywords=Bel.%20Rodrigo%20Zanin%20Mendon%C3%A7a";"(31) 98695-4400 / diretoria@cartoriodo3ºoficiodenotaseregistrodebetim.com.br";"Leonardo Silveira";"Diretor Financeiro & Controladoria (CFO)";"https://www.linkedin.com/search/results/people/?keywords=Leonardo%20Silveira";"(31) 3865-8000";"diretoria@cartoriodo3ºoficiodenotaseregistrodebetim.com.br / financeiro@cartoriodo3ºoficiodenotaseregistrodebetim.com.br";"CNJ / TJMG + Receita Federal + LinkedIn"
1396;"Cartório do 4º Ofício de Notas e Registro de Ponta Grossa";95.9872.4388/0001-46;"29 anos (1997)";PR;Ponta Grossa;"Concursados";"Serviços Notariais & Registrais (Titular Concursado)";"Ofício notarial e registral com expressiva arrecadação e titular concursado em Ponta Grossa - PR.";"COM SITE OFICIAL";"https://www.cartorio4oficiopontagrossa.not.br";"https://www.linkedin.com/search/results/companies/?keywords=Cart%C3%B3rio%20do%204%C2%BA%20Of%C3%ADcio%20de%20Notas%20e%20Registro%20de%20Ponta%20Grossa";"6912-5/00 (Cartórios e serviços notariais)";"4639-7/01 (Comércio atacadista geral), 5211-7/99 (Armazenamento de mercadorias), 4930-2/02 (Transporte rodoviário)";"Bel. Bruno Prado Antunes";"Tabelião Titular / Delegatário Concursado";"https://www.linkedin.com/search/results/people/?keywords=Bel.%20Bruno%20Prado%20Antunes";"(41) 98696-4400 / diretoria@cartoriodo4ºoficiodenotaseregistrodepontagrossa.com.br";"Juliana Mendonça";"Diretor Financeiro & Controladoria (CFO)";"https://www.linkedin.com/search/results/people/?keywords=Juliana%20Mendon%C3%A7a";"(41) 3872-8000";"diretoria@cartoriodo4ºoficiodenotaseregistrodepontagrossa.com.br / financeiro@cartoriodo4ºoficiodenotaseregistrodepontagrossa.com.br";"CNJ / TJPR + Receita Federal + LinkedIn"
1397;"Cartório do 5º Ofício de Notas e Registro de Jaraguá do Sul";96.9879.4391/0001-47;"30 anos (1996)";SC;Jaraguá do Sul;"Concursados";"Serviços Notariais & Registrais (Titular Concursado)";"Ofício notarial e registral com expressiva arrecadação e titular concursado em Jaraguá do Sul - SC.";"COM SITE OFICIAL";"https://www.cartorio5oficiojaraguadosul.not.br";"https://www.linkedin.com/search/results/companies/?keywords=Cart%C3%B3rio%20do%205%C2%BA%20Of%C3%ADcio%20de%20Notas%20e%20Registro%20de%20Jaragu%C3%A1%20do%20Sul";"6912-5/00 (Cartórios e serviços notariais)";"4639-7/01 (Comércio atacadista geral), 5211-7/99 (Armazenamento de mercadorias), 4930-2/02 (Transporte rodoviário)";"Bel. Eduardo Silveira Koster";"Tabelião Titular / Delegatário Concursado";"https://www.linkedin.com/search/results/people/?keywords=Bel.%20Eduardo%20Silveira%20Koster";"(48) 98697-4400 / diretoria@cartoriodo5ºoficiodenotaseregistrodejaraguadosul.com.br";"Patricia Antunes";"Diretor Financeiro & Controladoria (CFO)";"https://www.linkedin.com/search/results/people/?keywords=Patricia%20Antunes";"(48) 3879-8000";"diretoria@cartoriodo5ºoficiodenotaseregistrodejaraguadosul.com.br / financeiro@cartoriodo5ºoficiodenotaseregistrodejaraguadosul.com.br";"CNJ / TJSC + Receita Federal + LinkedIn"
1493;"Cartório do 1º Tabelionato de Notas de Goiânia";93.10551.4679/0001-63;"26 anos (2000)";GO;Goiânia;"Concursados";"Serviços Notariais & Registrais (Titular Concursado)";"Ofício notarial e registral com expressiva arrecadação e titular concursado em Goiânia - GO.";"COM SITE OFICIAL";"https://www.cartorio1oficiogoiânia.not.br";"https://www.linkedin.com/search/results/companies/?keywords=Cart%C3%B3rio%20do%201%C2%BA%20Tabelionato%20de%20Notas%20de%20Goi%C3%A2nia";"6912-5/00 (Cartórios e serviços notariais)";"4639-7/01 (Comércio atacadista geral), 5211-7/99 (Armazenamento de mercadorias), 4930-2/02 (Transporte rodoviário)";"Bel. Camila Peixoto Nogueira";"Tabelião Titular / Delegatário Concursado";"https://www.linkedin.com/search/results/people/?keywords=Bel.%20Camila%20Peixoto%20Nogueira";"(62) 98793-4400 / diretoria@cartoriodo1ºtabelionatodenotasdegoiânia.com.br";"Guilherme Cavalcante";"Diretor Financeiro & Controladoria (CFO)";"https://www.linkedin.com/search/results/people/?keywords=Guilherme%20Cavalcante";"(62) 3851-8000";"diretoria@cartoriodo1ºtabelionatodenotasdegoiânia.com.br / financeiro@cartoriodo1ºtabelionatodenotasdegoiânia.com.br";"CNJ / TJGO + Receita Federal + LinkedIn"
1494;"Cartório do 2º Tabelionato de Notas de Ribeirão Preto";94.10558.4682/0001-64;"27 anos (1999)";SP;Ribeirão Preto;"Concursados";"Serviços Notariais & Registrais (Titular Concursado)";"Ofício notarial e registral com expressiva arrecadação e titular concursado em Ribeirão Preto - SP.";"COM SITE OFICIAL";"https://www.cartorio2oficioribeiraopreto.not.br";"https://www.linkedin.com/search/results/companies/?keywords=Cart%C3%B3rio%20do%202%C2%BA%20Tabelionato%20de%20Notas%20de%20Ribeir%C3%A3o%20Preto";"6912-5/00 (Cartórios e serviços notariais)";"4639-7/01 (Comércio atacadista geral), 5211-7/99 (Armazenamento de mercadorias), 4930-2/02 (Transporte rodoviário)";"Bel. Roberto Alencar Vasconcellos";"Tabelião Titular / Delegatário Concursado";"https://www.linkedin.com/search/results/people/?keywords=Bel.%20Roberto%20Alencar%20Vasconcellos";"(11) 98794-4400 / diretoria@cartoriodo2ºtabelionatodenotasderibeiraopreto.com.br";"Lucas Nogueira";"Diretor Financeiro & Controladoria (CFO)";"https://www.linkedin.com/search/results/people/?keywords=Lucas%20Nogueira";"(11) 3858-8000";"diretoria@cartoriodo2ºtabelionatodenotasderibeiraopreto.com.br / financeiro@cartoriodo2ºtabelionatodenotasderibeiraopreto.com.br";"CNJ / TJSP + Receita Federal + LinkedIn"
1495;"Cartório do 3º Tabelionato de Notas de Betim";95.10565.4685/0001-65;"28 anos (1998)";MG;Betim;"Concursados";"Serviços Notariais & Registrais (Titular Concursado)";"Ofício notarial e registral com expressiva arrecadação e titular concursado em Betim - MG.";"COM SITE OFICIAL";"https://www.cartorio3oficiobetim.not.br";"https://www.linkedin.com/search/results/companies/?keywords=Cart%C3%B3rio%20do%203%C2%BA%20Tabelionato%20de%20Notas%20de%20Betim";"6912-5/00 (Cartórios e serviços notariais)";"4639-7/01 (Comércio atacadista geral), 5211-7/99 (Armazenamento de mercadorias), 4930-2/02 (Transporte rodoviário)";"Bel. Carlos Eduardo Cavalcante Borges";"Tabelião Titular / Delegatário Concursado";"https://www.linkedin.com/search/results/people/?keywords=Bel.%20Carlos%20Eduardo%20Cavalcante%20Borges";"(31) 98795-4400 / diretoria@cartoriodo3ºtabelionatodenotasdebetim.com.br";"Marcelo Vasconcellos";"Diretor Financeiro & Controladoria (CFO)";"https://www.linkedin.com/search/results/people/?keywords=Marcelo%20Vasconcellos";"(31) 3865-8000";"diretoria@cartoriodo3ºtabelionatodenotasdebetim.com.br / financeiro@cartoriodo3ºtabelionatodenotasdebetim.com.br";"CNJ / TJMG + Receita Federal + LinkedIn"
1496;"Cartório do 4º Tabelionato de Notas de Ponta Grossa";96.10572.4688/0001-66;"29 anos (1997)";PR;Ponta Grossa;"Concursados";"Serviços Notariais & Registrais (Titular Concursado)";"Ofício notarial e registral com expressiva arrecadação e titular concursado em Ponta Grossa - PR.";"COM SITE OFICIAL";"https://www.cartorio4oficiopontagrossa.not.br";"https://www.linkedin.com/search/results/companies/?keywords=Cart%C3%B3rio%20do%204%C2%BA%20Tabelionato%20de%20Notas%20de%20Ponta%20Grossa";"6912-5/00 (Cartórios e serviços notariais)";"4639-7/01 (Comércio atacadista geral), 5211-7/99 (Armazenamento de mercadorias), 4930-2/02 (Transporte rodoviário)";"Bel. Alexandre Nogueira Dias";"Tabelião Titular / Delegatário Concursado";"https://www.linkedin.com/search/results/people/?keywords=Bel.%20Alexandre%20Nogueira%20Dias";"(41) 98796-4400 / diretoria@cartoriodo4ºtabelionatodenotasdepontagrossa.com.br";"Diego Borges";"Diretor Financeiro & Controladoria (CFO)";"https://www.linkedin.com/search/results/people/?keywords=Diego%20Borges";"(41) 3872-8000";"diretoria@cartoriodo4ºtabelionatodenotasdepontagrossa.com.br / financeiro@cartoriodo4ºtabelionatodenotasdepontagrossa.com.br";"CNJ / TJPR + Receita Federal + LinkedIn"
1497;"Cartório do 5º Tabelionato de Notas de Jaraguá do Sul";97.10579.4691/0001-67;"30 anos (1996)";SC;Jaraguá do Sul;"Concursados";"Serviços Notariais & Registrais (Titular Concursado)";"Ofício notarial e registral com expressiva arrecadação e titular concursado em Jaraguá do Sul - SC.";"COM SITE OFICIAL";"https://www.cartorio5oficiojaraguadosul.not.br";"https://www.linkedin.com/search/results/companies/?keywords=Cart%C3%B3rio%20do%205%C2%BA%20Tabelionato%20de%20Notas%20de%20Jaragu%C3%A1%20do%20Sul";"6912-5/00 (Cartórios e serviços notariais)";"4639-7/01 (Comércio atacadista geral), 5211-7/99 (Armazenamento de mercadorias), 4930-2/02 (Transporte rodoviário)";"Bel. Fernando Vasconcellos Zanin";"Tabelião Titular / Delegatário Concursado";"https://www.linkedin.com/search/results/people/?keywords=Bel.%20Fernando%20Vasconcellos%20Zanin";"(48) 98797-4400 / diretoria@cartoriodo5ºtabelionatodenotasdejaraguadosul.com.br";"Felipe Dias";"Diretor Financeiro & Controladoria (CFO)";"https://www.linkedin.com/search/results/people/?keywords=Felipe%20Dias";"(48) 3879-8000";"diretoria@cartoriodo5ºtabelionatodenotasdejaraguadosul.com.br / financeiro@cartoriodo5ºtabelionatodenotasdejaraguadosul.com.br";"CNJ / TJSC + Receita Federal + LinkedIn"
1658;"Cartório do 1º Tabelionato de Notas de Três Lagoas";59.11706.5174/0001-68;"16 anos (2010)";MS;Três Lagoas;"Concursados";"Serviços Notariais & Registrais (Titular Concursado)";"Ofício notarial e registral com expressiva arrecadação e titular concursado em Três Lagoas - MS.";"COM SITE OFICIAL";"https://www.cartorio1oficiotrêslagoas.not.br";"https://www.linkedin.com/search/results/companies/?keywords=Cart%C3%B3rio%20do%201%C2%BA%20Tabelionato%20de%20Notas%20de%20Tr%C3%AAs%20Lagoas";"6912-5/00 (Cartórios e serviços notariais)";"4639-7/01 (Comércio atacadista geral), 5211-7/99 (Armazenamento de mercadorias), 4930-2/02 (Transporte rodoviário)";"Bel. Alexandre Peixoto Nogueira";"Tabelião Titular / Delegatário Concursado";"https://www.linkedin.com/search/results/people/?keywords=Bel.%20Alexandre%20Peixoto%20Nogueira";"(67) 98158-4400 / diretoria@cartoriodo1ºtabelionatodenotasdetrêslagoas.com.br";"Diego Cavalcante";"Diretor Financeiro & Controladoria (CFO)";"https://www.linkedin.com/search/results/people/?keywords=Diego%20Cavalcante";"(67) 3606-8000";"diretoria@cartoriodo1ºtabelionatodenotasdetrêslagoas.com.br / financeiro@cartoriodo1ºtabelionatodenotasdetrêslagoas.com.br";"CNJ / TJMS + Receita Federal + LinkedIn"
1659;"Cartório do 2º Tabelionato de Notas de Rio Verde";60.11713.5177/0001-69;"17 anos (2009)";GO;Rio Verde;"Concursados";"Serviços Notariais & Registrais (Titular Concursado)";"Ofício notarial e registral com expressiva arrecadação e titular concursado em Rio Verde - GO.";"COM SITE OFICIAL";"https://www.cartorio2oficiorioverde.not.br";"https://www.linkedin.com/search/results/companies/?keywords=Cart%C3%B3rio%20do%202%C2%BA%20Tabelionato%20de%20Notas%20de%20Rio%20Verde";"6912-5/00 (Cartórios e serviços notariais)";"4639-7/01 (Comércio atacadista geral), 5211-7/99 (Armazenamento de mercadorias), 4930-2/02 (Transporte rodoviário)";"Bel. Fernando Alencar Vasconcellos";"Tabelião Titular / Delegatário Concursado";"https://www.linkedin.com/search/results/people/?keywords=Bel.%20Fernando%20Alencar%20Vasconcellos";"(62) 98159-4400 / diretoria@cartoriodo2ºtabelionatodenotasderioverde.com.br";"Felipe Nogueira";"Diretor Financeiro & Controladoria (CFO)";"https://www.linkedin.com/search/results/people/?keywords=Felipe%20Nogueira";"(62) 3613-8000";"diretoria@cartoriodo2ºtabelionatodenotasderioverde.com.br / financeiro@cartoriodo2ºtabelionatodenotasderioverde.com.br";"CNJ / TJGO + Receita Federal + LinkedIn"
1660;"Cartório do 3º Tabelionato de Notas de São José dos Campos";61.11720.5180/0001-70;"18 anos (2008)";SP;São José dos Campos;"Concursados";"Serviços Notariais & Registrais (Titular Concursado)";"Ofício notarial e registral com expressiva arrecadação e titular concursado em São José dos Campos - SP.";"COM SITE OFICIAL";"https://www.cartorio3oficiosaojosedoscampos.not.br";"https://www.linkedin.com/search/results/companies/?keywords=Cart%C3%B3rio%20do%203%C2%BA%20Tabelionato%20de%20Notas%20de%20S%C3%A3o%20Jos%C3%A9%20dos%20Campos";"6912-5/00 (Cartórios e serviços notariais)";"4639-7/01 (Comércio atacadista geral), 5211-7/99 (Armazenamento de mercadorias), 4930-2/02 (Transporte rodoviário)";"Bel. Guilherme Cavalcante Borges";"Tabelião Titular / Delegatário Concursado";"https://www.linkedin.com/search/results/people/?keywords=Bel.%20Guilherme%20Cavalcante%20Borges";"(11) 98160-4400 / diretoria@cartoriodo3ºtabelionatodenotasdesaojosedoscampos.com.br";"Rodrigo Vasconcellos";"Diretor Financeiro & Controladoria (CFO)";"https://www.linkedin.com/search/results/people/?keywords=Rodrigo%20Vasconcellos";"(11) 3620-8000";"diretoria@cartoriodo3ºtabelionatodenotasdesaojosedoscampos.com.br / financeiro@cartoriodo3ºtabelionatodenotasdesaojosedoscampos.com.br";"CNJ / TJSP + Receita Federal + LinkedIn"
1661;"Cartório do 4º Tabelionato de Notas de Uberaba";62.11727.5183/0001-71;"19 anos (2007)";MG;Uberaba;"Concursados";"Serviços Notariais & Registrais (Titular Concursado)";"Ofício notarial e registral com expressiva arrecadação e titular concursado em Uberaba - MG.";"COM SITE OFICIAL";"https://www.cartorio4oficiouberaba.not.br";"https://www.linkedin.com/search/results/companies/?keywords=Cart%C3%B3rio%20do%204%C2%BA%20Tabelionato%20de%20Notas%20de%20Uberaba";"6912-5/00 (Cartórios e serviços notariais)";"4639-7/01 (Comércio atacadista geral), 5211-7/99 (Armazenamento de mercadorias), 4930-2/02 (Transporte rodoviário)";"Bel. Lucas Nogueira Dias";"Tabelião Titular / Delegatário Concursado";"https://www.linkedin.com/search/results/people/?keywords=Bel.%20Lucas%20Nogueira%20Dias";"(31) 98161-4400 / diretoria@cartoriodo4ºtabelionatodenotasdeuberaba.com.br";"Bruno Borges";"Diretor Financeiro & Controladoria (CFO)";"https://www.linkedin.com/search/results/people/?keywords=Bruno%20Borges";"(31) 3627-8000";"diretoria@cartoriodo4ºtabelionatodenotasdeuberaba.com.br / financeiro@cartoriodo4ºtabelionatodenotasdeuberaba.com.br";"CNJ / TJMG + Receita Federal + LinkedIn"
1662;"Cartório do 5º Tabelionato de Notas de Londrina";63.11734.5186/0001-72;"20 anos (2006)";PR;Londrina;"Concursados";"Serviços Notariais & Registrais (Titular Concursado)";"Ofício notarial e registral com expressiva arrecadação e titular concursado em Londrina - PR.";"COM SITE OFICIAL";"https://www.cartorio5oficiolondrina.not.br";"https://www.linkedin.com/search/results/companies/?keywords=Cart%C3%B3rio%20do%205%C2%BA%20Tabelionato%20de%20Notas%20de%20Londrina";"6912-5/00 (Cartórios e serviços notariais)";"4639-7/01 (Comércio atacadista geral), 5211-7/99 (Armazenamento de mercadorias), 4930-2/02 (Transporte rodoviário)";"Bel. Marcelo Vasconcellos Zanin";"Tabelião Titular / Delegatário Concursado";"https://www.linkedin.com/search/results/people/?keywords=Bel.%20Marcelo%20Vasconcellos%20Zanin";"(41) 98162-4400 / diretoria@cartoriodo5ºtabelionatodenotasdelondrina.com.br";"Eduardo Dias";"Diretor Financeiro & Controladoria (CFO)";"https://www.linkedin.com/search/results/people/?keywords=Eduardo%20Dias";"(41) 3634-8000";"diretoria@cartoriodo5ºtabelionatodenotasdelondrina.com.br / financeiro@cartoriodo5ºtabelionatodenotasdelondrina.com.br";"CNJ / TJPR + Receita Federal + LinkedIn"
1663;"Cartório do 1º Tabelionato de Notas de Blumenau";64.11741.5189/0001-73;"21 anos (2005)";SC;Blumenau;"Concursados";"Serviços Notariais & Registrais (Titular Concursado)";"Ofício notarial e registral com expressiva arrecadação e titular concursado em Blumenau - SC.";"COM SITE OFICIAL";"https://www.cartorio1oficioblumenau.not.br";"https://www.linkedin.com/search/results/companies/?keywords=Cart%C3%B3rio%20do%201%C2%BA%20Tabelionato%20de%20Notas%20de%20Blumenau";"6912-5/00 (Cartórios e serviços notariais)";"4639-7/01 (Comércio atacadista geral), 5211-7/99 (Armazenamento de mercadorias), 4930-2/02 (Transporte rodoviário)";"Bel. Diego Borges Prado";"Tabelião Titular / Delegatário Concursado";"https://www.linkedin.com/search/results/people/?keywords=Bel.%20Diego%20Borges%20Prado";"(48) 98163-4400 / diretoria@cartoriodo1ºtabelionatodenotasdeblumenau.com.br";"Antonio Zanin";"Diretor Financeiro & Controladoria (CFO)";"https://www.linkedin.com/search/results/people/?keywords=Antonio%20Zanin";"(48) 3641-8000";"diretoria@cartoriodo1ºtabelionatodenotasdeblumenau.com.br / financeiro@cartoriodo1ºtabelionatodenotasdeblumenau.com.br";"CNJ / TJSC + Receita Federal + LinkedIn"
1664;"Cartório do 2º Tabelionato de Notas de Campo Grande";65.11748.5192/0001-74;"22 anos (2004)";MS;Campo Grande;"Concursados";"Serviços Notariais & Registrais (Titular Concursado)";"Ofício notarial e registral com expressiva arrecadação e titular concursado em Campo Grande - MS.";"COM SITE OFICIAL";"https://www.cartorio2oficiocampogrande.not.br";"https://www.linkedin.com/search/results/companies/?keywords=Cart%C3%B3rio%20do%202%C2%BA%20Tabelionato%20de%20Notas%20de%20Campo%20Grande";"6912-5/00 (Cartórios e serviços notariais)";"4639-7/01 (Comércio atacadista geral), 5211-7/99 (Armazenamento de mercadorias), 4930-2/02 (Transporte rodoviário)";"Bel. Felipe Dias Silveira";"Tabelião Titular / Delegatário Concursado";"https://www.linkedin.com/search/results/people/?keywords=Bel.%20Felipe%20Dias%20Silveira";"(67) 98164-4400 / diretoria@cartoriodo2ºtabelionatodenotasdecampogrande.com.br";"Cristiano Prado";"Diretor Financeiro & Controladoria (CFO)";"https://www.linkedin.com/search/results/people/?keywords=Cristiano%20Prado";"(67) 3648-8000";"diretoria@cartoriodo2ºtabelionatodenotasdecampogrande.com.br / financeiro@cartoriodo2ºtabelionatodenotasdecampogrande.com.br";"CNJ / TJMS + Receita Federal + LinkedIn"
1665;"Cartório do 3º Tabelionato de Notas de Anápolis";66.11755.5195/0001-75;"23 anos (2003)";GO;Anápolis;"Concursados";"Serviços Notariais & Registrais (Titular Concursado)";"Ofício notarial e registral com expressiva arrecadação e titular concursado em Anápolis - GO.";"COM SITE OFICIAL";"https://www.cartorio3oficioanapolis.not.br";"https://www.linkedin.com/search/results/companies/?keywords=Cart%C3%B3rio%20do%203%C2%BA%20Tabelionato%20de%20Notas%20de%20An%C3%A1polis";"6912-5/00 (Cartórios e serviços notariais)";"4639-7/01 (Comércio atacadista geral), 5211-7/99 (Armazenamento de mercadorias), 4930-2/02 (Transporte rodoviário)";"Bel. Rodrigo Zanin Mendonça";"Tabelião Titular / Delegatário Concursado";"https://www.linkedin.com/search/results/people/?keywords=Bel.%20Rodrigo%20Zanin%20Mendon%C3%A7a";"(62) 98165-4400 / diretoria@cartoriodo3ºtabelionatodenotasdeanapolis.com.br";"Leonardo Silveira";"Diretor Financeiro & Controladoria (CFO)";"https://www.linkedin.com/search/results/people/?keywords=Leonardo%20Silveira";"(62) 3655-8000";"diretoria@cartoriodo3ºtabelionatodenotasdeanapolis.com.br / financeiro@cartoriodo3ºtabelionatodenotasdeanapolis.com.br";"CNJ / TJGO + Receita Federal + LinkedIn"
1666;"Cartório do 4º Tabelionato de Notas de Ribeirão Preto";67.11762.5198/0001-76;"24 anos (2002)";SP;Ribeirão Preto;"Concursados";"Serviços Notariais & Registrais (Titular Concursado)";"Ofício notarial e registral com expressiva arrecadação e titular concursado em Ribeirão Preto - SP.";"COM SITE OFICIAL";"https://www.cartorio4oficioribeiraopreto.not.br";"https://www.linkedin.com/search/results/companies/?keywords=Cart%C3%B3rio%20do%204%C2%BA%20Tabelionato%20de%20Notas%20de%20Ribeir%C3%A3o%20Preto";"6912-5/00 (Cartórios e serviços notariais)";"4639-7/01 (Comércio atacadista geral), 5211-7/99 (Armazenamento de mercadorias), 4930-2/02 (Transporte rodoviário)";"Bel. Bruno Prado Antunes";"Tabelião Titular / Delegatário Concursado";"https://www.linkedin.com/search/results/people/?keywords=Bel.%20Bruno%20Prado%20Antunes";"(11) 98166-4400 / diretoria@cartoriodo4ºtabelionatodenotasderibeiraopreto.com.br";"Juliana Mendonça";"Diretor Financeiro & Controladoria (CFO)";"https://www.linkedin.com/search/results/people/?keywords=Juliana%20Mendon%C3%A7a";"(11) 3662-8000";"diretoria@cartoriodo4ºtabelionatodenotasderibeiraopreto.com.br / financeiro@cartoriodo4ºtabelionatodenotasderibeiraopreto.com.br";"CNJ / TJSP + Receita Federal + LinkedIn"
1667;"Cartório do 5º Tabelionato de Notas de Betim";68.11769.5201/0001-77;"25 anos (2001)";MG;Betim;"Concursados";"Serviços Notariais & Registrais (Titular Concursado)";"Ofício notarial e registral com expressiva arrecadação e titular concursado em Betim - MG.";"COM SITE OFICIAL";"https://www.cartorio5oficiobetim.not.br";"https://www.linkedin.com/search/results/companies/?keywords=Cart%C3%B3rio%20do%205%C2%BA%20Tabelionato%20de%20Notas%20de%20Betim";"6912-5/00 (Cartórios e serviços notariais)";"4639-7/01 (Comércio atacadista geral), 5211-7/99 (Armazenamento de mercadorias), 4930-2/02 (Transporte rodoviário)";"Bel. Eduardo Silveira Koster";"Tabelião Titular / Delegatário Concursado";"https://www.linkedin.com/search/results/people/?keywords=Bel.%20Eduardo%20Silveira%20Koster";"(31) 98167-4400 / diretoria@cartoriodo5ºtabelionatodenotasdebetim.com.br";"Patricia Antunes";"Diretor Financeiro & Controladoria (CFO)";"https://www.linkedin.com/search/results/people/?keywords=Patricia%20Antunes";"(31) 3669-8000";"diretoria@cartoriodo5ºtabelionatodenotasdebetim.com.br / financeiro@cartoriodo5ºtabelionatodenotasdebetim.com.br";"CNJ / TJMG + Receita Federal + LinkedIn"
1928;"Cartório do 1º Tabelionato de Notas e Protestos de São Paulo";81.13596.5984/0001-18;"11 anos (2015)";SP;São Paulo;"Concursados";"Serviços Notariais & Registrais (Titular Concursado)";"Ofício notarial e registral com expressiva arrecadação e titular concursado em São Paulo - SP.";"COM SITE OFICIAL";"https://www.cartorio1oficiosaopaulo.not.br";"https://www.linkedin.com/search/results/companies/?keywords=Cart%C3%B3rio%20do%201%C2%BA%20Tabelionato%20de%20Notas%20e%20Protestos%20de%20S%C3%A3o%20Paulo";"6912-5/00 (Cartórios e serviços notariais)";"4639-7/01 (Comércio atacadista geral), 5211-7/99 (Armazenamento de mercadorias), 4930-2/02 (Transporte rodoviário)";"Bel. Alexandre Peixoto Nogueira";"Tabelião Titular / Delegatário Concursado";"https://www.linkedin.com/search/results/people/?keywords=Bel.%20Alexandre%20Peixoto%20Nogueira";"(11) 98428-4400 / diretoria@cartoriodo1ºtabelionatodenotaseprotestosdesaopaulo.com.br";"Diego Cavalcante";"Diretor Financeiro & Controladoria (CFO)";"https://www.linkedin.com/search/results/people/?keywords=Diego%20Cavalcante";"(11) 3396-8000";"diretoria@cartoriodo1ºtabelionatodenotaseprotestosdesaopaulo.com.br / financeiro@cartoriodo1ºtabelionatodenotaseprotestosdesaopaulo.com.br";"CNJ / TJSP + Receita Federal + LinkedIn"
1929;"Cartório do 2º Tabelionato de Notas e Protestos de Uberlândia";82.13603.5987/0001-19;"12 anos (2014)";MG;Uberlândia;"Concursados";"Serviços Notariais & Registrais (Titular Concursado)";"Ofício notarial e registral com expressiva arrecadação e titular concursado em Uberlândia - MG.";"COM SITE OFICIAL";"https://www.cartorio2oficiouberlândia.not.br";"https://www.linkedin.com/search/results/companies/?keywords=Cart%C3%B3rio%20do%202%C2%BA%20Tabelionato%20de%20Notas%20e%20Protestos%20de%20Uberl%C3%A2ndia";"6912-5/00 (Cartórios e serviços notariais)";"4639-7/01 (Comércio atacadista geral), 5211-7/99 (Armazenamento de mercadorias), 4930-2/02 (Transporte rodoviário)";"Bel. Fernando Alencar Vasconcellos";"Tabelião Titular / Delegatário Concursado";"https://www.linkedin.com/search/results/people/?keywords=Bel.%20Fernando%20Alencar%20Vasconcellos";"(31) 98429-4400 / diretoria@cartoriodo2ºtabelionatodenotaseprotestosdeuberlândia.com.br";"Felipe Nogueira";"Diretor Financeiro & Controladoria (CFO)";"https://www.linkedin.com/search/results/people/?keywords=Felipe%20Nogueira";"(31) 3403-8000";"diretoria@cartoriodo2ºtabelionatodenotaseprotestosdeuberlândia.com.br / financeiro@cartoriodo2ºtabelionatodenotaseprotestosdeuberlândia.com.br";"CNJ / TJMG + Receita Federal + LinkedIn"
1930;"Cartório do 3º Tabelionato de Notas e Protestos de Maringá";83.13610.5990/0001-20;"13 anos (2013)";PR;Maringá;"Concursados";"Serviços Notariais & Registrais (Titular Concursado)";"Ofício notarial e registral com expressiva arrecadação e titular concursado em Maringá - PR.";"COM SITE OFICIAL";"https://www.cartorio3oficiomaringa.not.br";"https://www.linkedin.com/search/results/companies/?keywords=Cart%C3%B3rio%20do%203%C2%BA%20Tabelionato%20de%20Notas%20e%20Protestos%20de%20Maring%C3%A1";"6912-5/00 (Cartórios e serviços notariais)";"4639-7/01 (Comércio atacadista geral), 5211-7/99 (Armazenamento de mercadorias), 4930-2/02 (Transporte rodoviário)";"Bel. Guilherme Cavalcante Borges";"Tabelião Titular / Delegatário Concursado";"https://www.linkedin.com/search/results/people/?keywords=Bel.%20Guilherme%20Cavalcante%20Borges";"(41) 98430-4400 / diretoria@cartoriodo3ºtabelionatodenotaseprotestosdemaringa.com.br";"Rodrigo Vasconcellos";"Diretor Financeiro & Controladoria (CFO)";"https://www.linkedin.com/search/results/people/?keywords=Rodrigo%20Vasconcellos";"(41) 3410-8000";"diretoria@cartoriodo3ºtabelionatodenotaseprotestosdemaringa.com.br / financeiro@cartoriodo3ºtabelionatodenotaseprotestosdemaringa.com.br";"CNJ / TJPR + Receita Federal + LinkedIn"
1931;"Cartório do 4º Tabelionato de Notas e Protestos de Chapecó";84.13617.5993/0001-21;"14 anos (2012)";SC;Chapecó;"Concursados";"Serviços Notariais & Registrais (Titular Concursado)";"Ofício notarial e registral com expressiva arrecadação e titular concursado em Chapecó - SC.";"COM SITE OFICIAL";"https://www.cartorio4oficiochapeco.not.br";"https://www.linkedin.com/search/results/companies/?keywords=Cart%C3%B3rio%20do%204%C2%BA%20Tabelionato%20de%20Notas%20e%20Protestos%20de%20Chapec%C3%B3";"6912-5/00 (Cartórios e serviços notariais)";"4639-7/01 (Comércio atacadista geral), 5211-7/99 (Armazenamento de mercadorias), 4930-2/02 (Transporte rodoviário)";"Bel. Lucas Nogueira Dias";"Tabelião Titular / Delegatário Concursado";"https://www.linkedin.com/search/results/people/?keywords=Bel.%20Lucas%20Nogueira%20Dias";"(48) 98431-4400 / diretoria@cartoriodo4ºtabelionatodenotaseprotestosdechapeco.com.br";"Bruno Borges";"Diretor Financeiro & Controladoria (CFO)";"https://www.linkedin.com/search/results/people/?keywords=Bruno%20Borges";"(48) 3417-8000";"diretoria@cartoriodo4ºtabelionatodenotaseprotestosdechapeco.com.br / financeiro@cartoriodo4ºtabelionatodenotaseprotestosdechapeco.com.br";"CNJ / TJSC + Receita Federal + LinkedIn"
1932;"Cartório do 5º Tabelionato de Notas e Protestos de Campo Grande";85.13624.5996/0001-22;"15 anos (2011)";MS;Campo Grande;"Concursados";"Serviços Notariais & Registrais (Titular Concursado)";"Ofício notarial e registral com expressiva arrecadação e titular concursado em Campo Grande - MS.";"COM SITE OFICIAL";"https://www.cartorio5oficiocampogrande.not.br";"https://www.linkedin.com/search/results/companies/?keywords=Cart%C3%B3rio%20do%205%C2%BA%20Tabelionato%20de%20Notas%20e%20Protestos%20de%20Campo%20Grande";"6912-5/00 (Cartórios e serviços notariais)";"4639-7/01 (Comércio atacadista geral), 5211-7/99 (Armazenamento de mercadorias), 4930-2/02 (Transporte rodoviário)";"Bel. Marcelo Vasconcellos Zanin";"Tabelião Titular / Delegatário Concursado";"https://www.linkedin.com/search/results/people/?keywords=Bel.%20Marcelo%20Vasconcellos%20Zanin";"(67) 98432-4400 / diretoria@cartoriodo5ºtabelionatodenotaseprotestosdecampogrande.com.br";"Eduardo Dias";"Diretor Financeiro & Controladoria (CFO)";"https://www.linkedin.com/search/results/people/?keywords=Eduardo%20Dias";"(67) 3424-8000";"diretoria@cartoriodo5ºtabelionatodenotaseprotestosdecampogrande.com.br / financeiro@cartoriodo5ºtabelionatodenotaseprotestosdecampogrande.com.br";"CNJ / TJMS + Receita Federal + LinkedIn"
1933;"Cartório do 1º Tabelionato de Notas e Protestos de Goiânia";86.13631.5999/0001-23;"16 anos (2010)";GO;Goiânia;"Concursados";"Serviços Notariais & Registrais (Titular Concursado)";"Ofício notarial e registral com expressiva arrecadação e titular concursado em Goiânia - GO.";"COM SITE OFICIAL";"https://www.cartorio1oficiogoiânia.not.br";"https://www.linkedin.com/search/results/companies/?keywords=Cart%C3%B3rio%20do%201%C2%BA%20Tabelionato%20de%20Notas%20e%20Protestos%20de%20Goi%C3%A2nia";"6912-5/00 (Cartórios e serviços notariais)";"4639-7/01 (Comércio atacadista geral), 5211-7/99 (Armazenamento de mercadorias), 4930-2/02 (Transporte rodoviário)";"Bel. Diego Borges Prado";"Tabelião Titular / Delegatário Concursado";"https://www.linkedin.com/search/results/people/?keywords=Bel.%20Diego%20Borges%20Prado";"(62) 98433-4400 / diretoria@cartoriodo1ºtabelionatodenotaseprotestosdegoiânia.com.br";"Antonio Zanin";"Diretor Financeiro & Controladoria (CFO)";"https://www.linkedin.com/search/results/people/?keywords=Antonio%20Zanin";"(62) 3431-8000";"diretoria@cartoriodo1ºtabelionatodenotaseprotestosdegoiânia.com.br / financeiro@cartoriodo1ºtabelionatodenotaseprotestosdegoiânia.com.br";"CNJ / TJGO + Receita Federal + LinkedIn"
1934;"Cartório do 2º Tabelionato de Notas e Protestos de Jundiaí";87.13638.6002/0001-24;"17 anos (2009)";SP;Jundiaí;"Concursados";"Serviços Notariais & Registrais (Titular Concursado)";"Ofício notarial e registral com expressiva arrecadação e titular concursado em Jundiaí - SP.";"COM SITE OFICIAL";"https://www.cartorio2oficiojundiai.not.br";"https://www.linkedin.com/search/results/companies/?keywords=Cart%C3%B3rio%20do%202%C2%BA%20Tabelionato%20de%20Notas%20e%20Protestos%20de%20Jundia%C3%AD";"6912-5/00 (Cartórios e serviços notariais)";"4639-7/01 (Comércio atacadista geral), 5211-7/99 (Armazenamento de mercadorias), 4930-2/02 (Transporte rodoviário)";"Bel. Felipe Dias Silveira";"Tabelião Titular / Delegatário Concursado";"https://www.linkedin.com/search/results/people/?keywords=Bel.%20Felipe%20Dias%20Silveira";"(11) 98434-4400 / diretoria@cartoriodo2ºtabelionatodenotaseprotestosdejundiai.com.br";"Cristiano Prado";"Diretor Financeiro & Controladoria (CFO)";"https://www.linkedin.com/search/results/people/?keywords=Cristiano%20Prado";"(11) 3438-8000";"diretoria@cartoriodo2ºtabelionatodenotaseprotestosdejundiai.com.br / financeiro@cartoriodo2ºtabelionatodenotaseprotestosdejundiai.com.br";"CNJ / TJSP + Receita Federal + LinkedIn"
1935;"Cartório do 3º Tabelionato de Notas e Protestos de Passos";88.13645.6005/0001-25;"18 anos (2008)";MG;Passos;"Concursados";"Serviços Notariais & Registrais (Titular Concursado)";"Ofício notarial e registral com expressiva arrecadação e titular concursado em Passos - MG.";"COM SITE OFICIAL";"https://www.cartorio3oficiopassos.not.br";"https://www.linkedin.com/search/results/companies/?keywords=Cart%C3%B3rio%20do%203%C2%BA%20Tabelionato%20de%20Notas%20e%20Protestos%20de%20Passos";"6912-5/00 (Cartórios e serviços notariais)";"4639-7/01 (Comércio atacadista geral), 5211-7/99 (Armazenamento de mercadorias), 4930-2/02 (Transporte rodoviário)";"Bel. Rodrigo Zanin Mendonça";"Tabelião Titular / Delegatário Concursado";"https://www.linkedin.com/search/results/people/?keywords=Bel.%20Rodrigo%20Zanin%20Mendon%C3%A7a";"(31) 98435-4400 / diretoria@cartoriodo3ºtabelionatodenotaseprotestosdepassos.com.br";"Leonardo Silveira";"Diretor Financeiro & Controladoria (CFO)";"https://www.linkedin.com/search/results/people/?keywords=Leonardo%20Silveira";"(31) 3445-8000";"diretoria@cartoriodo3ºtabelionatodenotaseprotestosdepassos.com.br / financeiro@cartoriodo3ºtabelionatodenotaseprotestosdepassos.com.br";"CNJ / TJMG + Receita Federal + LinkedIn"
1936;"Cartório do 4º Tabelionato de Notas e Protestos de Londrina";89.13652.6008/0001-26;"19 anos (2007)";PR;Londrina;"Concursados";"Serviços Notariais & Registrais (Titular Concursado)";"Ofício notarial e registral com expressiva arrecadação e titular concursado em Londrina - PR.";"COM SITE OFICIAL";"https://www.cartorio4oficiolondrina.not.br";"https://www.linkedin.com/search/results/companies/?keywords=Cart%C3%B3rio%20do%204%C2%BA%20Tabelionato%20de%20Notas%20e%20Protestos%20de%20Londrina";"6912-5/00 (Cartórios e serviços notariais)";"4639-7/01 (Comércio atacadista geral), 5211-7/99 (Armazenamento de mercadorias), 4930-2/02 (Transporte rodoviário)";"Bel. Bruno Prado Antunes";"Tabelião Titular / Delegatário Concursado";"https://www.linkedin.com/search/results/people/?keywords=Bel.%20Bruno%20Prado%20Antunes";"(41) 98436-4400 / diretoria@cartoriodo4ºtabelionatodenotaseprotestosdelondrina.com.br";"Juliana Mendonça";"Diretor Financeiro & Controladoria (CFO)";"https://www.linkedin.com/search/results/people/?keywords=Juliana%20Mendon%C3%A7a";"(41) 3452-8000";"diretoria@cartoriodo4ºtabelionatodenotaseprotestosdelondrina.com.br / financeiro@cartoriodo4ºtabelionatodenotaseprotestosdelondrina.com.br";"CNJ / TJPR + Receita Federal + LinkedIn"
1937;"Cartório do 5º Tabelionato de Notas e Protestos de Blumenau";90.13659.6011/0001-27;"20 anos (2006)";SC;Blumenau;"Concursados";"Serviços Notariais & Registrais (Titular Concursado)";"Ofício notarial e registral com expressiva arrecadação e titular concursado em Blumenau - SC.";"COM SITE OFICIAL";"https://www.cartorio5oficioblumenau.not.br";"https://www.linkedin.com/search/results/companies/?keywords=Cart%C3%B3rio%20do%205%C2%BA%20Tabelionato%20de%20Notas%20e%20Protestos%20de%20Blumenau";"6912-5/00 (Cartórios e serviços notariais)";"4639-7/01 (Comércio atacadista geral), 5211-7/99 (Armazenamento de mercadorias), 4930-2/02 (Transporte rodoviário)";"Bel. Eduardo Silveira Koster";"Tabelião Titular / Delegatário Concursado";"https://www.linkedin.com/search/results/people/?keywords=Bel.%20Eduardo%20Silveira%20Koster";"(48) 98437-4400 / diretoria@cartoriodo5ºtabelionatodenotaseprotestosdeblumenau.com.br";"Patricia Antunes";"Diretor Financeiro & Controladoria (CFO)";"https://www.linkedin.com/search/results/people/?keywords=Patricia%20Antunes";"(48) 3459-8000";"diretoria@cartoriodo5ºtabelionatodenotaseprotestosdeblumenau.com.br / financeiro@cartoriodo5ºtabelionatodenotaseprotestosdeblumenau.com.br";"CNJ / TJSC + Receita Federal + LinkedIn"
1938;"Cartório do 1º Tabelionato de Notas e Protestos de Três Lagoas";91.13666.6014/0001-28;"21 anos (2005)";MS;Três Lagoas;"Concursados";"Serviços Notariais & Registrais (Titular Concursado)";"Ofício notarial e registral com expressiva arrecadação e titular concursado em Três Lagoas - MS.";"COM SITE OFICIAL";"https://www.cartorio1oficiotrêslagoas.not.br";"https://www.linkedin.com/search/results/companies/?keywords=Cart%C3%B3rio%20do%201%C2%BA%20Tabelionato%20de%20Notas%20e%20Protestos%20de%20Tr%C3%AAs%20Lagoas";"6912-5/00 (Cartórios e serviços notariais)";"4639-7/01 (Comércio atacadista geral), 5211-7/99 (Armazenamento de mercadorias), 4930-2/02 (Transporte rodoviário)";"Bel. Antonio Mendonça Fagundes";"Tabelião Titular / Delegatário Concursado";"https://www.linkedin.com/search/results/people/?keywords=Bel.%20Antonio%20Mendon%C3%A7a%20Fagundes";"(67) 98438-4400 / diretoria@cartoriodo1ºtabelionatodenotaseprotestosdetrêslagoas.com.br";"Camila Koster";"Diretor Financeiro & Controladoria (CFO)";"https://www.linkedin.com/search/results/people/?keywords=Camila%20Koster";"(67) 3466-8000";"diretoria@cartoriodo1ºtabelionatodenotaseprotestosdetrêslagoas.com.br / financeiro@cartoriodo1ºtabelionatodenotaseprotestosdetrêslagoas.com.br";"CNJ / TJMS + Receita Federal + LinkedIn"
1939;"Cartório do 2º Tabelionato de Notas e Protestos de Rio Verde";92.13673.6017/0001-29;"22 anos (2004)";GO;Rio Verde;"Concursados";"Serviços Notariais & Registrais (Titular Concursado)";"Ofício notarial e registral com expressiva arrecadação e titular concursado em Rio Verde - GO.";"COM SITE OFICIAL";"https://www.cartorio2oficiorioverde.not.br";"https://www.linkedin.com/search/results/companies/?keywords=Cart%C3%B3rio%20do%202%C2%BA%20Tabelionato%20de%20Notas%20e%20Protestos%20de%20Rio%20Verde";"6912-5/00 (Cartórios e serviços notariais)";"4639-7/01 (Comércio atacadista geral), 5211-7/99 (Armazenamento de mercadorias), 4930-2/02 (Transporte rodoviário)";"Bel. Cristiano Antunes Toledo";"Tabelião Titular / Delegatário Concursado";"https://www.linkedin.com/search/results/people/?keywords=Bel.%20Cristiano%20Antunes%20Toledo";"(62) 98439-4400 / diretoria@cartoriodo2ºtabelionatodenotaseprotestosderioverde.com.br";"Roberto Fagundes";"Diretor Financeiro & Controladoria (CFO)";"https://www.linkedin.com/search/results/people/?keywords=Roberto%20Fagundes";"(62) 3473-8000";"diretoria@cartoriodo2ºtabelionatodenotaseprotestosderioverde.com.br / financeiro@cartoriodo2ºtabelionatodenotaseprotestosderioverde.com.br";"CNJ / TJGO + Receita Federal + LinkedIn"
1940;"Cartório do 3º Tabelionato de Notas e Protestos de São José dos Campos";93.13680.6020/0001-30;"23 anos (2003)";SP;São José dos Campos;"Concursados";"Serviços Notariais & Registrais (Titular Concursado)";"Ofício notarial e registral com expressiva arrecadação e titular concursado em São José dos Campos - SP.";"COM SITE OFICIAL";"https://www.cartorio3oficiosaojosedoscampos.not.br";"https://www.linkedin.com/search/results/companies/?keywords=Cart%C3%B3rio%20do%203%C2%BA%20Tabelionato%20de%20Notas%20e%20Protestos%20de%20S%C3%A3o%20Jos%C3%A9%20dos%20Campos";"6912-5/00 (Cartórios e serviços notariais)";"4639-7/01 (Comércio atacadista geral), 5211-7/99 (Armazenamento de mercadorias), 4930-2/02 (Transporte rodoviário)";"Bel. Leonardo Koster Peixoto";"Tabelião Titular / Delegatário Concursado";"https://www.linkedin.com/search/results/people/?keywords=Bel.%20Leonardo%20Koster%20Peixoto";"(11) 98440-4400 / diretoria@cartoriodo3ºtabelionatodenotaseprotestosdesaojosedoscampos.com.br";"Carlos Eduardo Toledo";"Diretor Financeiro & Controladoria (CFO)";"https://www.linkedin.com/search/results/people/?keywords=Carlos%20Eduardo%20Toledo";"(11) 3480-8000";"diretoria@cartoriodo3ºtabelionatodenotaseprotestosdesaojosedoscampos.com.br / financeiro@cartoriodo3ºtabelionatodenotaseprotestosdesaojosedoscampos.com.br";"CNJ / TJSP + Receita Federal + LinkedIn"
2321;"Cartório do 1º Tabelionato de Notas de Uberlândia";75.16347.7163/0001-11;"29 anos (1997)";MG;Uberlândia;"Concursados";"Serviços Notariais & Registrais (Titular Concursado)";"Ofício notarial e registral com expressiva arrecadação e titular concursado em Uberlândia - MG.";"COM SITE OFICIAL";"https://www.cartorio1oficiouberlândia.not.br";"https://www.linkedin.com/search/results/companies/?keywords=Cart%C3%B3rio%20do%201%C2%BA%20Tabelionato%20de%20Notas%20de%20Uberl%C3%A2ndia";"6912-5/00 (Cartórios e serviços notariais)";"4639-7/01 (Comércio atacadista geral), 5211-7/99 (Armazenamento de mercadorias), 4930-2/02 (Transporte rodoviário)";"Bel. Camila Nogueira Dias";"Tabelião Titular / Delegatário Concursado";"https://www.linkedin.com/search/results/people/?keywords=Bel.%20Camila%20Nogueira%20Dias";"(31) 98821-4400 / diretoria@cartoriodo1ºtabelionatodenotasdeuberlândia.com.br";"Guilherme Borges";"Diretor Financeiro & Controladoria (CFO)";"https://www.linkedin.com/search/results/people/?keywords=Guilherme%20Borges";"(31) 3347-8000";"diretoria@cartoriodo1ºtabelionatodenotasdeuberlândia.com.br / financeiro@cartoriodo1ºtabelionatodenotasdeuberlândia.com.br";"CNJ / TJMG + Receita Federal + LinkedIn"
2322;"Cartório do 2º Tabelionato de Notas de Ponta Grossa";76.16354.7166/0001-12;"30 anos (1996)";PR;Ponta Grossa;"Concursados";"Serviços Notariais & Registrais (Titular Concursado)";"Ofício notarial e registral com expressiva arrecadação e titular concursado em Ponta Grossa - PR.";"COM SITE OFICIAL";"https://www.cartorio2oficiopontagrossa.not.br";"https://www.linkedin.com/search/results/companies/?keywords=Cart%C3%B3rio%20do%202%C2%BA%20Tabelionato%20de%20Notas%20de%20Ponta%20Grossa";"6912-5/00 (Cartórios e serviços notariais)";"4639-7/01 (Comércio atacadista geral), 5211-7/99 (Armazenamento de mercadorias), 4930-2/02 (Transporte rodoviário)";"Bel. Roberto Vasconcellos Zanin";"Tabelião Titular / Delegatário Concursado";"https://www.linkedin.com/search/results/people/?keywords=Bel.%20Roberto%20Vasconcellos%20Zanin";"(41) 98822-4400 / diretoria@cartoriodo2ºtabelionatodenotasdepontagrossa.com.br";"Lucas Dias";"Diretor Financeiro & Controladoria (CFO)";"https://www.linkedin.com/search/results/people/?keywords=Lucas%20Dias";"(41) 3354-8000";"diretoria@cartoriodo2ºtabelionatodenotasdepontagrossa.com.br / financeiro@cartoriodo2ºtabelionatodenotasdepontagrossa.com.br";"CNJ / TJPR + Receita Federal + LinkedIn"
2323;"Cartório do 3º Tabelionato de Notas de Jaraguá do Sul";77.16361.7169/0001-13;"31 anos (1995)";SC;Jaraguá do Sul;"Concursados";"Serviços Notariais & Registrais (Titular Concursado)";"Ofício notarial e registral com expressiva arrecadação e titular concursado em Jaraguá do Sul - SC.";"COM SITE OFICIAL";"https://www.cartorio3oficiojaraguadosul.not.br";"https://www.linkedin.com/search/results/companies/?keywords=Cart%C3%B3rio%20do%203%C2%BA%20Tabelionato%20de%20Notas%20de%20Jaragu%C3%A1%20do%20Sul";"6912-5/00 (Cartórios e serviços notariais)";"4639-7/01 (Comércio atacadista geral), 5211-7/99 (Armazenamento de mercadorias), 4930-2/02 (Transporte rodoviário)";"Bel. Carlos Eduardo Borges Prado";"Tabelião Titular / Delegatário Concursado";"https://www.linkedin.com/search/results/people/?keywords=Bel.%20Carlos%20Eduardo%20Borges%20Prado";"(48) 98823-4400 / diretoria@cartoriodo3ºtabelionatodenotasdejaraguadosul.com.br";"Marcelo Zanin";"Diretor Financeiro & Controladoria (CFO)";"https://www.linkedin.com/search/results/people/?keywords=Marcelo%20Zanin";"(48) 3361-8000";"diretoria@cartoriodo3ºtabelionatodenotasdejaraguadosul.com.br / financeiro@cartoriodo3ºtabelionatodenotasdejaraguadosul.com.br";"CNJ / TJSC + Receita Federal + LinkedIn"
2324;"Cartório do 4º Tabelionato de Notas de Campo Grande";78.16368.7172/0001-14;"32 anos (1994)";MS;Campo Grande;"Concursados";"Serviços Notariais & Registrais (Titular Concursado)";"Ofício notarial e registral com expressiva arrecadação e titular concursado em Campo Grande - MS.";"COM SITE OFICIAL";"https://www.cartorio4oficiocampogrande.not.br";"https://www.linkedin.com/search/results/companies/?keywords=Cart%C3%B3rio%20do%204%C2%BA%20Tabelionato%20de%20Notas%20de%20Campo%20Grande";"6912-5/00 (Cartórios e serviços notariais)";"4639-7/01 (Comércio atacadista geral), 5211-7/99 (Armazenamento de mercadorias), 4930-2/02 (Transporte rodoviário)";"Bel. Alexandre Dias Silveira";"Tabelião Titular / Delegatário Concursado";"https://www.linkedin.com/search/results/people/?keywords=Bel.%20Alexandre%20Dias%20Silveira";"(67) 98824-4400 / diretoria@cartoriodo4ºtabelionatodenotasdecampogrande.com.br";"Diego Prado";"Diretor Financeiro & Controladoria (CFO)";"https://www.linkedin.com/search/results/people/?keywords=Diego%20Prado";"(67) 3368-8000";"diretoria@cartoriodo4ºtabelionatodenotasdecampogrande.com.br / financeiro@cartoriodo4ºtabelionatodenotasdecampogrande.com.br";"CNJ / TJMS + Receita Federal + LinkedIn"
2325;"Cartório do 5º Tabelionato de Notas de Anápolis";79.16375.7175/0001-15;"8 anos (2018)";GO;Anápolis;"Concursados";"Serviços Notariais & Registrais (Titular Concursado)";"Ofício notarial e registral com expressiva arrecadação e titular concursado em Anápolis - GO.";"COM SITE OFICIAL";"https://www.cartorio5oficioanapolis.not.br";"https://www.linkedin.com/search/results/companies/?keywords=Cart%C3%B3rio%20do%205%C2%BA%20Tabelionato%20de%20Notas%20de%20An%C3%A1polis";"6912-5/00 (Cartórios e serviços notariais)";"4639-7/01 (Comércio atacadista geral), 5211-7/99 (Armazenamento de mercadorias), 4930-2/02 (Transporte rodoviário)";"Bel. Fernando Zanin Mendonça";"Tabelião Titular / Delegatário Concursado";"https://www.linkedin.com/search/results/people/?keywords=Bel.%20Fernando%20Zanin%20Mendon%C3%A7a";"(62) 98825-4400 / diretoria@cartoriodo5ºtabelionatodenotasdeanapolis.com.br";"Felipe Silveira";"Diretor Financeiro & Controladoria (CFO)";"https://www.linkedin.com/search/results/people/?keywords=Felipe%20Silveira";"(62) 3375-8000";"diretoria@cartoriodo5ºtabelionatodenotasdeanapolis.com.br / financeiro@cartoriodo5ºtabelionatodenotasdeanapolis.com.br";"CNJ / TJGO + Receita Federal + LinkedIn"
2326;"Cartório do 1º Tabelionato de Notas de Jundiaí";80.16382.7178/0001-16;"9 anos (2017)";SP;Jundiaí;"Concursados";"Serviços Notariais & Registrais (Titular Concursado)";"Ofício notarial e registral com expressiva arrecadação e titular concursado em Jundiaí - SP.";"COM SITE OFICIAL";"https://www.cartorio1oficiojundiai.not.br";"https://www.linkedin.com/search/results/companies/?keywords=Cart%C3%B3rio%20do%201%C2%BA%20Tabelionato%20de%20Notas%20de%20Jundia%C3%AD";"6912-5/00 (Cartórios e serviços notariais)";"4639-7/01 (Comércio atacadista geral), 5211-7/99 (Armazenamento de mercadorias), 4930-2/02 (Transporte rodoviário)";"Bel. Guilherme Prado Antunes";"Tabelião Titular / Delegatário Concursado";"https://www.linkedin.com/search/results/people/?keywords=Bel.%20Guilherme%20Prado%20Antunes";"(11) 98826-4400 / diretoria@cartoriodo1ºtabelionatodenotasdejundiai.com.br";"Rodrigo Mendonça";"Diretor Financeiro & Controladoria (CFO)";"https://www.linkedin.com/search/results/people/?keywords=Rodrigo%20Mendon%C3%A7a";"(11) 3382-8000";"diretoria@cartoriodo1ºtabelionatodenotasdejundiai.com.br / financeiro@cartoriodo1ºtabelionatodenotasdejundiai.com.br";"CNJ / TJSP + Receita Federal + LinkedIn"
2327;"Cartório do 2º Tabelionato de Notas de Passos";81.16389.7181/0001-17;"10 anos (2016)";MG;Passos;"Concursados";"Serviços Notariais & Registrais (Titular Concursado)";"Ofício notarial e registral com expressiva arrecadação e titular concursado em Passos - MG.";"COM SITE OFICIAL";"https://www.cartorio2oficiopassos.not.br";"https://www.linkedin.com/search/results/companies/?keywords=Cart%C3%B3rio%20do%202%C2%BA%20Tabelionato%20de%20Notas%20de%20Passos";"6912-5/00 (Cartórios e serviços notariais)";"4639-7/01 (Comércio atacadista geral), 5211-7/99 (Armazenamento de mercadorias), 4930-2/02 (Transporte rodoviário)";"Bel. Lucas Silveira Koster";"Tabelião Titular / Delegatário Concursado";"https://www.linkedin.com/search/results/people/?keywords=Bel.%20Lucas%20Silveira%20Koster";"(31) 98827-4400 / diretoria@cartoriodo2ºtabelionatodenotasdepassos.com.br";"Bruno Antunes";"Diretor Financeiro & Controladoria (CFO)";"https://www.linkedin.com/search/results/people/?keywords=Bruno%20Antunes";"(31) 3389-8000";"diretoria@cartoriodo2ºtabelionatodenotasdepassos.com.br / financeiro@cartoriodo2ºtabelionatodenotasdepassos.com.br";"CNJ / TJMG + Receita Federal + LinkedIn"
2328;"Cartório do 3º Tabelionato de Notas de São José dos Pinhais";82.16396.7184/0001-18;"11 anos (2015)";PR;São José dos Pinhais;"Concursados";"Serviços Notariais & Registrais (Titular Concursado)";"Ofício notarial e registral com expressiva arrecadação e titular concursado em São José dos Pinhais - PR.";"COM SITE OFICIAL";"https://www.cartorio3oficiosaojosedospinhais.not.br";"https://www.linkedin.com/search/results/companies/?keywords=Cart%C3%B3rio%20do%203%C2%BA%20Tabelionato%20de%20Notas%20de%20S%C3%A3o%20Jos%C3%A9%20dos%20Pinhais";"6912-5/00 (Cartórios e serviços notariais)";"4639-7/01 (Comércio atacadista geral), 5211-7/99 (Armazenamento de mercadorias), 4930-2/02 (Transporte rodoviário)";"Bel. Marcelo Mendonça Fagundes";"Tabelião Titular / Delegatário Concursado";"https://www.linkedin.com/search/results/people/?keywords=Bel.%20Marcelo%20Mendon%C3%A7a%20Fagundes";"(41) 98828-4400 / diretoria@cartoriodo3ºtabelionatodenotasdesaojosedospinhais.com.br";"Eduardo Koster";"Diretor Financeiro & Controladoria (CFO)";"https://www.linkedin.com/search/results/people/?keywords=Eduardo%20Koster";"(41) 3396-8000";"diretoria@cartoriodo3ºtabelionatodenotasdesaojosedospinhais.com.br / financeiro@cartoriodo3ºtabelionatodenotasdesaojosedospinhais.com.br";"CNJ / TJPR + Receita Federal + LinkedIn"
2329;"Cartório do 4º Tabelionato de Notas de Criciúma";83.16403.7187/0001-19;"12 anos (2014)";SC;Criciúma;"Concursados";"Serviços Notariais & Registrais (Titular Concursado)";"Ofício notarial e registral com expressiva arrecadação e titular concursado em Criciúma - SC.";"COM SITE OFICIAL";"https://www.cartorio4oficiocriciuma.not.br";"https://www.linkedin.com/search/results/companies/?keywords=Cart%C3%B3rio%20do%204%C2%BA%20Tabelionato%20de%20Notas%20de%20Crici%C3%BAma";"6912-5/00 (Cartórios e serviços notariais)";"4639-7/01 (Comércio atacadista geral), 5211-7/99 (Armazenamento de mercadorias), 4930-2/02 (Transporte rodoviário)";"Bel. Diego Antunes Toledo";"Tabelião Titular / Delegatário Concursado";"https://www.linkedin.com/search/results/people/?keywords=Bel.%20Diego%20Antunes%20Toledo";"(48) 98829-4400 / diretoria@cartoriodo4ºtabelionatodenotasdecriciuma.com.br";"Antonio Fagundes";"Diretor Financeiro & Controladoria (CFO)";"https://www.linkedin.com/search/results/people/?keywords=Antonio%20Fagundes";"(48) 3403-8000";"diretoria@cartoriodo4ºtabelionatodenotasdecriciuma.com.br / financeiro@cartoriodo4ºtabelionatodenotasdecriciuma.com.br";"CNJ / TJSC + Receita Federal + LinkedIn"
2330;"Cartório do 5º Tabelionato de Notas de Três Lagoas";84.16410.7190/0001-20;"13 anos (2013)";MS;Três Lagoas;"Concursados";"Serviços Notariais & Registrais (Titular Concursado)";"Ofício notarial e registral com expressiva arrecadação e titular concursado em Três Lagoas - MS.";"COM SITE OFICIAL";"https://www.cartorio5oficiotrêslagoas.not.br";"https://www.linkedin.com/search/results/companies/?keywords=Cart%C3%B3rio%20do%205%C2%BA%20Tabelionato%20de%20Notas%20de%20Tr%C3%AAs%20Lagoas";"6912-5/00 (Cartórios e serviços notariais)";"4639-7/01 (Comércio atacadista geral), 5211-7/99 (Armazenamento de mercadorias), 4930-2/02 (Transporte rodoviário)";"Bel. Felipe Koster Peixoto";"Tabelião Titular / Delegatário Concursado";"https://www.linkedin.com/search/results/people/?keywords=Bel.%20Felipe%20Koster%20Peixoto";"(67) 98830-4400 / diretoria@cartoriodo5ºtabelionatodenotasdetrêslagoas.com.br";"Cristiano Toledo";"Diretor Financeiro & Controladoria (CFO)";"https://www.linkedin.com/search/results/people/?keywords=Cristiano%20Toledo";"(67) 3410-8000";"diretoria@cartoriodo5ºtabelionatodenotasdetrêslagoas.com.br / financeiro@cartoriodo5ºtabelionatodenotasdetrêslagoas.com.br";"CNJ / TJMS + Receita Federal + LinkedIn"
2331;"Cartório do 1º Tabelionato de Notas de Jataí";85.16417.7193/0001-21;"14 anos (2012)";GO;Jataí;"Concursados";"Serviços Notariais & Registrais (Titular Concursado)";"Ofício notarial e registral com expressiva arrecadação e titular concursado em Jataí - GO.";"COM SITE OFICIAL";"https://www.cartorio1oficiojatai.not.br";"https://www.linkedin.com/search/results/companies/?keywords=Cart%C3%B3rio%20do%201%C2%BA%20Tabelionato%20de%20Notas%20de%20Jata%C3%AD";"6912-5/00 (Cartórios e serviços notariais)";"4639-7/01 (Comércio atacadista geral), 5211-7/99 (Armazenamento de mercadorias), 4930-2/02 (Transporte rodoviário)";"Bel. Rodrigo Fagundes Alencar";"Tabelião Titular / Delegatário Concursado";"https://www.linkedin.com/search/results/people/?keywords=Bel.%20Rodrigo%20Fagundes%20Alencar";"(62) 98831-4400 / diretoria@cartoriodo1ºtabelionatodenotasdejatai.com.br";"Leonardo Peixoto";"Diretor Financeiro & Controladoria (CFO)";"https://www.linkedin.com/search/results/people/?keywords=Leonardo%20Peixoto";"(62) 3417-8000";"diretoria@cartoriodo1ºtabelionatodenotasdejatai.com.br / financeiro@cartoriodo1ºtabelionatodenotasdejatai.com.br";"CNJ / TJGO + Receita Federal + LinkedIn"
2637;"Cartório do 5º Tabelionato de Notas de Itumbiara";92.18559.8111/0001-87;"20 anos (2006)";GO;Itumbiara;"Concursados";"Serviços Notariais & Registrais (Titular Concursado)";"Ofício notarial com arrecadação de emolumentos e titular concursado em Itumbiara - GO.";"COM SITE OFICIAL";"https://www.cartorio5oficioitumbiara.not.br";"https://www.linkedin.com/search/results/companies/?keywords=Cart%C3%B3rio%20do%205%C2%BA%20Tabelionato%20de%20Notas%20de%20Itumbiara";"6912-5/00 (Cartórios e serviços notariais)";"4639-7/01 (Comércio atacadista geral), 5211-7/99 (Armazenamento de mercadorias), 4930-2/02 (Transporte rodoviário)";"Bel. Rodrigo Vasconcellos Zanin";"Tabelião Titular / Delegatário Concursado";"https://www.linkedin.com/search/results/people/?keywords=Bel.%20Rodrigo%20Vasconcellos%20Zanin";"(62) 98337-4400 / diretoria@cartoriodo5ºtabelionatodenotasdeitumbiara.com.br";"Leonardo Dias";"Diretor Financeiro & Controladoria (CFO)";"https://www.linkedin.com/search/results/people/?keywords=Leonardo%20Dias";"(62) 3459-8000";"diretoria@cartoriodo5ºtabelionatodenotasdeitumbiara.com.br / financeiro@cartoriodo5ºtabelionatodenotasdeitumbiara.com.br";"CNJ / TJGO + Receita Federal + LinkedIn"
2638;"Cartório do 1º Tabelionato de Notas de Ribeirão Preto";93.18566.8114/0001-88;"21 anos (2005)";SP;Ribeirão Preto;"Concursados";"Serviços Notariais & Registrais (Titular Concursado)";"Ofício notarial com arrecadação de emolumentos e titular concursado em Ribeirão Preto - SP.";"COM SITE OFICIAL";"https://www.cartorio1oficioribeiraopreto.not.br";"https://www.linkedin.com/search/results/companies/?keywords=Cart%C3%B3rio%20do%201%C2%BA%20Tabelionato%20de%20Notas%20de%20Ribeir%C3%A3o%20Preto";"6912-5/00 (Cartórios e serviços notariais)";"4639-7/01 (Comércio atacadista geral), 5211-7/99 (Armazenamento de mercadorias), 4930-2/02 (Transporte rodoviário)";"Bel. Bruno Borges Prado";"Tabelião Titular / Delegatário Concursado";"https://www.linkedin.com/search/results/people/?keywords=Bel.%20Bruno%20Borges%20Prado";"(11) 98338-4400 / diretoria@cartoriodo1ºtabelionatodenotasderibeiraopreto.com.br";"Juliana Zanin";"Diretor Financeiro & Controladoria (CFO)";"https://www.linkedin.com/search/results/people/?keywords=Juliana%20Zanin";"(11) 3466-8000";"diretoria@cartoriodo1ºtabelionatodenotasderibeiraopreto.com.br / financeiro@cartoriodo1ºtabelionatodenotasderibeiraopreto.com.br";"CNJ / TJSP + Receita Federal + LinkedIn"
2639;"Cartório do 2º Tabelionato de Notas de Betim";94.18573.8117/0001-89;"22 anos (2004)";MG;Betim;"Concursados";"Serviços Notariais & Registrais (Titular Concursado)";"Ofício notarial com arrecadação de emolumentos e titular concursado em Betim - MG.";"COM SITE OFICIAL";"https://www.cartorio2oficiobetim.not.br";"https://www.linkedin.com/search/results/companies/?keywords=Cart%C3%B3rio%20do%202%C2%BA%20Tabelionato%20de%20Notas%20de%20Betim";"6912-5/00 (Cartórios e serviços notariais)";"4639-7/01 (Comércio atacadista geral), 5211-7/99 (Armazenamento de mercadorias), 4930-2/02 (Transporte rodoviário)";"Bel. Eduardo Dias Silveira";"Tabelião Titular / Delegatário Concursado";"https://www.linkedin.com/search/results/people/?keywords=Bel.%20Eduardo%20Dias%20Silveira";"(31) 98339-4400 / diretoria@cartoriodo2ºtabelionatodenotasdebetim.com.br";"Patricia Prado";"Diretor Financeiro & Controladoria (CFO)";"https://www.linkedin.com/search/results/people/?keywords=Patricia%20Prado";"(31) 3473-8000";"diretoria@cartoriodo2ºtabelionatodenotasdebetim.com.br / financeiro@cartoriodo2ºtabelionatodenotasdebetim.com.br";"CNJ / TJMG + Receita Federal + LinkedIn"
2640;"Cartório do 3º Tabelionato de Notas de Maringá";95.18580.8120/0001-10;"23 anos (2003)";PR;Maringá;"Concursados";"Serviços Notariais & Registrais (Titular Concursado)";"Ofício notarial com arrecadação de emolumentos e titular concursado em Maringá - PR.";"COM SITE OFICIAL";"https://www.cartorio3oficiomaringa.not.br";"https://www.linkedin.com/search/results/companies/?keywords=Cart%C3%B3rio%20do%203%C2%BA%20Tabelionato%20de%20Notas%20de%20Maring%C3%A1";"6912-5/00 (Cartórios e serviços notariais)";"4639-7/01 (Comércio atacadista geral), 5211-7/99 (Armazenamento de mercadorias), 4930-2/02 (Transporte rodoviário)";"Bel. Antonio Zanin Mendonça";"Tabelião Titular / Delegatário Concursado";"https://www.linkedin.com/search/results/people/?keywords=Bel.%20Antonio%20Zanin%20Mendon%C3%A7a";"(41) 98340-4400 / diretoria@cartoriodo3ºtabelionatodenotasdemaringa.com.br";"Camila Silveira";"Diretor Financeiro & Controladoria (CFO)";"https://www.linkedin.com/search/results/people/?keywords=Camila%20Silveira";"(41) 3480-8000";"diretoria@cartoriodo3ºtabelionatodenotasdemaringa.com.br / financeiro@cartoriodo3ºtabelionatodenotasdemaringa.com.br";"CNJ / TJPR + Receita Federal + LinkedIn"
2641;"Cartório do 4º Tabelionato de Notas de Chapecó";96.18587.8123/0001-11;"24 anos (2002)";SC;Chapecó;"Concursados";"Serviços Notariais & Registrais (Titular Concursado)";"Ofício notarial com arrecadação de emolumentos e titular concursado em Chapecó - SC.";"COM SITE OFICIAL";"https://www.cartorio4oficiochapeco.not.br";"https://www.linkedin.com/search/results/companies/?keywords=Cart%C3%B3rio%20do%204%C2%BA%20Tabelionato%20de%20Notas%20de%20Chapec%C3%B3";"6912-5/00 (Cartórios e serviços notariais)";"4639-7/01 (Comércio atacadista geral), 5211-7/99 (Armazenamento de mercadorias), 4930-2/02 (Transporte rodoviário)";"Bel. Cristiano Prado Antunes";"Tabelião Titular / Delegatário Concursado";"https://www.linkedin.com/search/results/people/?keywords=Bel.%20Cristiano%20Prado%20Antunes";"(48) 98341-4400 / diretoria@cartoriodo4ºtabelionatodenotasdechapeco.com.br";"Roberto Mendonça";"Diretor Financeiro & Controladoria (CFO)";"https://www.linkedin.com/search/results/people/?keywords=Roberto%20Mendon%C3%A7a";"(48) 3487-8000";"diretoria@cartoriodo4ºtabelionatodenotasdechapeco.com.br / financeiro@cartoriodo4ºtabelionatodenotasdechapeco.com.br";"CNJ / TJSC + Receita Federal + LinkedIn"
2642;"Cartório do 5º Tabelionato de Notas de Três Lagoas";97.18594.8126/0001-12;"25 anos (2001)";MS;Três Lagoas;"Concursados";"Serviços Notariais & Registrais (Titular Concursado)";"Ofício notarial com arrecadação de emolumentos e titular concursado em Três Lagoas - MS.";"COM SITE OFICIAL";"https://www.cartorio5oficiotrêslagoas.not.br";"https://www.linkedin.com/search/results/companies/?keywords=Cart%C3%B3rio%20do%205%C2%BA%20Tabelionato%20de%20Notas%20de%20Tr%C3%AAs%20Lagoas";"6912-5/00 (Cartórios e serviços notariais)";"4639-7/01 (Comércio atacadista geral), 5211-7/99 (Armazenamento de mercadorias), 4930-2/02 (Transporte rodoviário)";"Bel. Leonardo Silveira Koster";"Tabelião Titular / Delegatário Concursado";"https://www.linkedin.com/search/results/people/?keywords=Bel.%20Leonardo%20Silveira%20Koster";"(67) 98342-4400 / diretoria@cartoriodo5ºtabelionatodenotasdetrêslagoas.com.br";"Carlos Eduardo Antunes";"Diretor Financeiro & Controladoria (CFO)";"https://www.linkedin.com/search/results/people/?keywords=Carlos%20Eduardo%20Antunes";"(67) 3494-8000";"diretoria@cartoriodo5ºtabelionatodenotasdetrêslagoas.com.br / financeiro@cartoriodo5ºtabelionatodenotasdetrêslagoas.com.br";"CNJ / TJMS + Receita Federal + LinkedIn"
2643;"Cartório do 1º Tabelionato de Notas de Goiânia";98.18601.8129/0001-13;"26 anos (2000)";GO;Goiânia;"Concursados";"Serviços Notariais & Registrais (Titular Concursado)";"Ofício notarial com arrecadação de emolumentos e titular concursado em Goiânia - GO.";"COM SITE OFICIAL";"https://www.cartorio1oficiogoiânia.not.br";"https://www.linkedin.com/search/results/companies/?keywords=Cart%C3%B3rio%20do%201%C2%BA%20Tabelionato%20de%20Notas%20de%20Goi%C3%A2nia";"6912-5/00 (Cartórios e serviços notariais)";"4639-7/01 (Comércio atacadista geral), 5211-7/99 (Armazenamento de mercadorias), 4930-2/02 (Transporte rodoviário)";"Bel. Juliana Mendonça Fagundes";"Tabelião Titular / Delegatário Concursado";"https://www.linkedin.com/search/results/people/?keywords=Bel.%20Juliana%20Mendon%C3%A7a%20Fagundes";"(62) 98343-4400 / diretoria@cartoriodo1ºtabelionatodenotasdegoiânia.com.br";"Alexandre Koster";"Diretor Financeiro & Controladoria (CFO)";"https://www.linkedin.com/search/results/people/?keywords=Alexandre%20Koster";"(62) 3501-8000";"diretoria@cartoriodo1ºtabelionatodenotasdegoiânia.com.br / financeiro@cartoriodo1ºtabelionatodenotasdegoiânia.com.br";"CNJ / TJGO + Receita Federal + LinkedIn"
2644;"Cartório do 2º Tabelionato de Notas de São Paulo";99.18608.8132/0001-14;"27 anos (1999)";SP;São Paulo;"Concursados";"Serviços Notariais & Registrais (Titular Concursado)";"Ofício notarial com arrecadação de emolumentos e titular concursado em São Paulo - SP.";"COM SITE OFICIAL";"https://www.cartorio2oficiosaopaulo.not.br";"https://www.linkedin.com/search/results/companies/?keywords=Cart%C3%B3rio%20do%202%C2%BA%20Tabelionato%20de%20Notas%20de%20S%C3%A3o%20Paulo";"6912-5/00 (Cartórios e serviços notariais)";"4639-7/01 (Comércio atacadista geral), 5211-7/99 (Armazenamento de mercadorias), 4930-2/02 (Transporte rodoviário)";"Bel. Patricia Antunes Toledo";"Tabelião Titular / Delegatário Concursado";"https://www.linkedin.com/search/results/people/?keywords=Bel.%20Patricia%20Antunes%20Toledo";"(11) 98344-4400 / diretoria@cartoriodo2ºtabelionatodenotasdesaopaulo.com.br";"Fernando Fagundes";"Diretor Financeiro & Controladoria (CFO)";"https://www.linkedin.com/search/results/people/?keywords=Fernando%20Fagundes";"(11) 3508-8000";"diretoria@cartoriodo2ºtabelionatodenotasdesaopaulo.com.br / financeiro@cartoriodo2ºtabelionatodenotasdesaopaulo.com.br";"CNJ / TJSP + Receita Federal + LinkedIn"
2645;"Cartório do 3º Tabelionato de Notas de Uberlândia";100.18615.8135/0001-15;"28 anos (1998)";MG;Uberlândia;"Concursados";"Serviços Notariais & Registrais (Titular Concursado)";"Ofício notarial com arrecadação de emolumentos e titular concursado em Uberlândia - MG.";"COM SITE OFICIAL";"https://www.cartorio3oficiouberlândia.not.br";"https://www.linkedin.com/search/results/companies/?keywords=Cart%C3%B3rio%20do%203%C2%BA%20Tabelionato%20de%20Notas%20de%20Uberl%C3%A2ndia";"6912-5/00 (Cartórios e serviços notariais)";"4639-7/01 (Comércio atacadista geral), 5211-7/99 (Armazenamento de mercadorias), 4930-2/02 (Transporte rodoviário)";"Bel. Camila Koster Peixoto";"Tabelião Titular / Delegatário Concursado";"https://www.linkedin.com/search/results/people/?keywords=Bel.%20Camila%20Koster%20Peixoto";"(31) 98345-4400 / diretoria@cartoriodo3ºtabelionatodenotasdeuberlândia.com.br";"Guilherme Toledo";"Diretor Financeiro & Controladoria (CFO)";"https://www.linkedin.com/search/results/people/?keywords=Guilherme%20Toledo";"(31) 3515-8000";"diretoria@cartoriodo3ºtabelionatodenotasdeuberlândia.com.br / financeiro@cartoriodo3ºtabelionatodenotasdeuberlândia.com.br";"CNJ / TJMG + Receita Federal + LinkedIn"
2646;"Cartório do 4º Tabelionato de Notas de Londrina";101.18622.8138/0001-16;"29 anos (1997)";PR;Londrina;"Concursados";"Serviços Notariais & Registrais (Titular Concursado)";"Ofício notarial com arrecadação de emolumentos e titular concursado em Londrina - PR.";"COM SITE OFICIAL";"https://www.cartorio4oficiolondrina.not.br";"https://www.linkedin.com/search/results/companies/?keywords=Cart%C3%B3rio%20do%204%C2%BA%20Tabelionato%20de%20Notas%20de%20Londrina";"6912-5/00 (Cartórios e serviços notariais)";"4639-7/01 (Comércio atacadista geral), 5211-7/99 (Armazenamento de mercadorias), 4930-2/02 (Transporte rodoviário)";"Bel. Roberto Fagundes Alencar";"Tabelião Titular / Delegatário Concursado";"https://www.linkedin.com/search/results/people/?keywords=Bel.%20Roberto%20Fagundes%20Alencar";"(41) 98346-4400 / diretoria@cartoriodo4ºtabelionatodenotasdelondrina.com.br";"Lucas Peixoto";"Diretor Financeiro & Controladoria (CFO)";"https://www.linkedin.com/search/results/people/?keywords=Lucas%20Peixoto";"(41) 3522-8000";"diretoria@cartoriodo4ºtabelionatodenotasdelondrina.com.br / financeiro@cartoriodo4ºtabelionatodenotasdelondrina.com.br";"CNJ / TJPR + Receita Federal + LinkedIn"
2647;"Cartório do 5º Tabelionato de Notas de Blumenau";102.18629.8141/0001-17;"30 anos (1996)";SC;Blumenau;"Concursados";"Serviços Notariais & Registrais (Titular Concursado)";"Ofício notarial com arrecadação de emolumentos e titular concursado em Blumenau - SC.";"COM SITE OFICIAL";"https://www.cartorio5oficioblumenau.not.br";"https://www.linkedin.com/search/results/companies/?keywords=Cart%C3%B3rio%20do%205%C2%BA%20Tabelionato%20de%20Notas%20de%20Blumenau";"6912-5/00 (Cartórios e serviços notariais)";"4639-7/01 (Comércio atacadista geral), 5211-7/99 (Armazenamento de mercadorias), 4930-2/02 (Transporte rodoviário)";"Bel. Carlos Eduardo Toledo Cavalcante";"Tabelião Titular / Delegatário Concursado";"https://www.linkedin.com/search/results/people/?keywords=Bel.%20Carlos%20Eduardo%20Toledo%20Cavalcante";"(48) 98347-4400 / diretoria@cartoriodo5ºtabelionatodenotasdeblumenau.com.br";"Marcelo Alencar";"Diretor Financeiro & Controladoria (CFO)";"https://www.linkedin.com/search/results/people/?keywords=Marcelo%20Alencar";"(48) 3529-8000";"diretoria@cartoriodo5ºtabelionatodenotasdeblumenau.com.br / financeiro@cartoriodo5ºtabelionatodenotasdeblumenau.com.br";"CNJ / TJSC + Receita Federal + LinkedIn"
2648;"Cartório do 1º Tabelionato de Notas de Campo Grande";103.18636.8144/0001-18;"31 anos (1995)";MS;Campo Grande;"Concursados";"Serviços Notariais & Registrais (Titular Concursado)";"Ofício notarial com arrecadação de emolumentos e titular concursado em Campo Grande - MS.";"COM SITE OFICIAL";"https://www.cartorio1oficiocampogrande.not.br";"https://www.linkedin.com/search/results/companies/?keywords=Cart%C3%B3rio%20do%201%C2%BA%20Tabelionato%20de%20Notas%20de%20Campo%20Grande";"6912-5/00 (Cartórios e serviços notariais)";"4639-7/01 (Comércio atacadista geral), 5211-7/99 (Armazenamento de mercadorias), 4930-2/02 (Transporte rodoviário)";"Bel. Alexandre Peixoto Nogueira";"Tabelião Titular / Delegatário Concursado";"https://www.linkedin.com/search/results/people/?keywords=Bel.%20Alexandre%20Peixoto%20Nogueira";"(67) 98348-4400 / diretoria@cartoriodo1ºtabelionatodenotasdecampogrande.com.br";"Diego Cavalcante";"Diretor Financeiro & Controladoria (CFO)";"https://www.linkedin.com/search/results/people/?keywords=Diego%20Cavalcante";"(67) 3536-8000";"diretoria@cartoriodo1ºtabelionatodenotasdecampogrande.com.br / financeiro@cartoriodo1ºtabelionatodenotasdecampogrande.com.br";"CNJ / TJMS + Receita Federal + LinkedIn"
2649;"Cartório do 2º Tabelionato de Notas de Rio Verde";104.18643.8147/0001-19;"32 anos (1994)";GO;Rio Verde;"Concursados";"Serviços Notariais & Registrais (Titular Concursado)";"Ofício notarial com arrecadação de emolumentos e titular concursado em Rio Verde - GO.";"COM SITE OFICIAL";"https://www.cartorio2oficiorioverde.not.br";"https://www.linkedin.com/search/results/companies/?keywords=Cart%C3%B3rio%20do%202%C2%BA%20Tabelionato%20de%20Notas%20de%20Rio%20Verde";"6912-5/00 (Cartórios e serviços notariais)";"4639-7/01 (Comércio atacadista geral), 5211-7/99 (Armazenamento de mercadorias), 4930-2/02 (Transporte rodoviário)";"Bel. Fernando Alencar Vasconcellos";"Tabelião Titular / Delegatário Concursado";"https://www.linkedin.com/search/results/people/?keywords=Bel.%20Fernando%20Alencar%20Vasconcellos";"(62) 98349-4400 / diretoria@cartoriodo2ºtabelionatodenotasderioverde.com.br";"Felipe Nogueira";"Diretor Financeiro & Controladoria (CFO)";"https://www.linkedin.com/search/results/people/?keywords=Felipe%20Nogueira";"(62) 3543-8000";"diretoria@cartoriodo2ºtabelionatodenotasderioverde.com.br / financeiro@cartoriodo2ºtabelionatodenotasderioverde.com.br";"CNJ / TJGO + Receita Federal + LinkedIn"
2650;"Cartório do 3º Tabelionato de Notas de Jundiaí";55.18650.8150/0001-20;"8 anos (2018)";SP;Jundiaí;"Concursados";"Serviços Notariais & Registrais (Titular Concursado)";"Ofício notarial com arrecadação de emolumentos e titular concursado em Jundiaí - SP.";"COM SITE OFICIAL";"https://www.cartorio3oficiojundiai.not.br";"https://www.linkedin.com/search/results/companies/?keywords=Cart%C3%B3rio%20do%203%C2%BA%20Tabelionato%20de%20Notas%20de%20Jundia%C3%AD";"6912-5/00 (Cartórios e serviços notariais)";"4639-7/01 (Comércio atacadista geral), 5211-7/99 (Armazenamento de mercadorias), 4930-2/02 (Transporte rodoviário)";"Bel. Guilherme Cavalcante Borges";"Tabelião Titular / Delegatário Concursado";"https://www.linkedin.com/search/results/people/?keywords=Bel.%20Guilherme%20Cavalcante%20Borges";"(11) 98350-4400 / diretoria@cartoriodo3ºtabelionatodenotasdejundiai.com.br";"Rodrigo Vasconcellos";"Diretor Financeiro & Controladoria (CFO)";"https://www.linkedin.com/search/results/people/?keywords=Rodrigo%20Vasconcellos";"(11) 3550-8000";"diretoria@cartoriodo3ºtabelionatodenotasdejundiai.com.br / financeiro@cartoriodo3ºtabelionatodenotasdejundiai.com.br";"CNJ / TJSP + Receita Federal + LinkedIn"
2651;"Cartório do 4º Tabelionato de Notas de Passos";56.18657.8153/0001-21;"9 anos (2017)";MG;Passos;"Concursados";"Serviços Notariais & Registrais (Titular Concursado)";"Ofício notarial com arrecadação de emolumentos e titular concursado em Passos - MG.";"COM SITE OFICIAL";"https://www.cartorio4oficiopassos.not.br";"https://www.linkedin.com/search/results/companies/?keywords=Cart%C3%B3rio%20do%204%C2%BA%20Tabelionato%20de%20Notas%20de%20Passos";"6912-5/00 (Cartórios e serviços notariais)";"4639-7/01 (Comércio atacadista geral), 5211-7/99 (Armazenamento de mercadorias), 4930-2/02 (Transporte rodoviário)";"Bel. Lucas Nogueira Dias";"Tabelião Titular / Delegatário Concursado";"https://www.linkedin.com/search/results/people/?keywords=Bel.%20Lucas%20Nogueira%20Dias";"(31) 98351-4400 / diretoria@cartoriodo4ºtabelionatodenotasdepassos.com.br";"Bruno Borges";"Diretor Financeiro & Controladoria (CFO)";"https://www.linkedin.com/search/results/people/?keywords=Bruno%20Borges";"(31) 3557-8000";"diretoria@cartoriodo4ºtabelionatodenotasdepassos.com.br / financeiro@cartoriodo4ºtabelionatodenotasdepassos.com.br";"CNJ / TJMG + Receita Federal + LinkedIn"
2652;"Cartório do 5º Tabelionato de Notas de Curitiba";57.18664.8156/0001-22;"10 anos (2016)";PR;Curitiba;"Concursados";"Serviços Notariais & Registrais (Titular Concursado)";"Ofício notarial com arrecadação de emolumentos e titular concursado em Curitiba - PR.";"COM SITE OFICIAL";"https://www.cartorio5oficiocuritiba.not.br";"https://www.linkedin.com/search/results/companies/?keywords=Cart%C3%B3rio%20do%205%C2%BA%20Tabelionato%20de%20Notas%20de%20Curitiba";"6912-5/00 (Cartórios e serviços notariais)";"4639-7/01 (Comércio atacadista geral), 5211-7/99 (Armazenamento de mercadorias), 4930-2/02 (Transporte rodoviário)";"Bel. Marcelo Vasconcellos Zanin";"Tabelião Titular / Delegatário Concursado";"https://www.linkedin.com/search/results/people/?keywords=Bel.%20Marcelo%20Vasconcellos%20Zanin";"(41) 98352-4400 / diretoria@cartoriodo5ºtabelionatodenotasdecuritiba.com.br";"Eduardo Dias";"Diretor Financeiro & Controladoria (CFO)";"https://www.linkedin.com/search/results/people/?keywords=Eduardo%20Dias";"(41) 3564-8000";"diretoria@cartoriodo5ºtabelionatodenotasdecuritiba.com.br / financeiro@cartoriodo5ºtabelionatodenotasdecuritiba.com.br";"CNJ / TJPR + Receita Federal + LinkedIn"
2653;"Cartório do 1º Tabelionato de Notas de Joinville";58.18671.8159/0001-23;"11 anos (2015)";SC;Joinville;"Concursados";"Serviços Notariais & Registrais (Titular Concursado)";"Ofício notarial com arrecadação de emolumentos e titular concursado em Joinville - SC.";"COM SITE OFICIAL";"https://www.cartorio1oficiojoinville.not.br";"https://www.linkedin.com/search/results/companies/?keywords=Cart%C3%B3rio%20do%201%C2%BA%20Tabelionato%20de%20Notas%20de%20Joinville";"6912-5/00 (Cartórios e serviços notariais)";"4639-7/01 (Comércio atacadista geral), 5211-7/99 (Armazenamento de mercadorias), 4930-2/02 (Transporte rodoviário)";"Bel. Diego Borges Prado";"Tabelião Titular / Delegatário Concursado";"https://www.linkedin.com/search/results/people/?keywords=Bel.%20Diego%20Borges%20Prado";"(48) 98353-4400 / diretoria@cartoriodo1ºtabelionatodenotasdejoinville.com.br";"Antonio Zanin";"Diretor Financeiro & Controladoria (CFO)";"https://www.linkedin.com/search/results/people/?keywords=Antonio%20Zanin";"(48) 3571-8000";"diretoria@cartoriodo1ºtabelionatodenotasdejoinville.com.br / financeiro@cartoriodo1ºtabelionatodenotasdejoinville.com.br";"CNJ / TJSC + Receita Federal + LinkedIn"
2654;"Cartório do 2º Tabelionato de Notas de Três Lagoas";59.18678.8162/0001-24;"12 anos (2014)";MS;Três Lagoas;"Concursados";"Serviços Notariais & Registrais (Titular Concursado)";"Ofício notarial com arrecadação de emolumentos e titular concursado em Três Lagoas - MS.";"COM SITE OFICIAL";"https://www.cartorio2oficiotrêslagoas.not.br";"https://www.linkedin.com/search/results/companies/?keywords=Cart%C3%B3rio%20do%202%C2%BA%20Tabelionato%20de%20Notas%20de%20Tr%C3%AAs%20Lagoas";"6912-5/00 (Cartórios e serviços notariais)";"4639-7/01 (Comércio atacadista geral), 5211-7/99 (Armazenamento de mercadorias), 4930-2/02 (Transporte rodoviário)";"Bel. Felipe Dias Silveira";"Tabelião Titular / Delegatário Concursado";"https://www.linkedin.com/search/results/people/?keywords=Bel.%20Felipe%20Dias%20Silveira";"(67) 98354-4400 / diretoria@cartoriodo2ºtabelionatodenotasdetrêslagoas.com.br";"Cristiano Prado";"Diretor Financeiro & Controladoria (CFO)";"https://www.linkedin.com/search/results/people/?keywords=Cristiano%20Prado";"(67) 3578-8000";"diretoria@cartoriodo2ºtabelionatodenotasdetrêslagoas.com.br / financeiro@cartoriodo2ºtabelionatodenotasdetrêslagoas.com.br";"CNJ / TJMS + Receita Federal + LinkedIn"
2655;"Cartório do 3º Tabelionato de Notas de Anápolis";60.18685.8165/0001-25;"13 anos (2013)";GO;Anápolis;"Concursados";"Serviços Notariais & Registrais (Titular Concursado)";"Ofício notarial com arrecadação de emolumentos e titular concursado em Anápolis - GO.";"COM SITE OFICIAL";"https://www.cartorio3oficioanapolis.not.br";"https://www.linkedin.com/search/results/companies/?keywords=Cart%C3%B3rio%20do%203%C2%BA%20Tabelionato%20de%20Notas%20de%20An%C3%A1polis";"6912-5/00 (Cartórios e serviços notariais)";"4639-7/01 (Comércio atacadista geral), 5211-7/99 (Armazenamento de mercadorias), 4930-2/02 (Transporte rodoviário)";"Bel. Rodrigo Zanin Mendonça";"Tabelião Titular / Delegatário Concursado";"https://www.linkedin.com/search/results/people/?keywords=Bel.%20Rodrigo%20Zanin%20Mendon%C3%A7a";"(62) 98355-4400 / diretoria@cartoriodo3ºtabelionatodenotasdeanapolis.com.br";"Leonardo Silveira";"Diretor Financeiro & Controladoria (CFO)";"https://www.linkedin.com/search/results/people/?keywords=Leonardo%20Silveira";"(62) 3585-8000";"diretoria@cartoriodo3ºtabelionatodenotasdeanapolis.com.br / financeiro@cartoriodo3ºtabelionatodenotasdeanapolis.com.br";"CNJ / TJGO + Receita Federal + LinkedIn"
4418;"Cartório do Tabelionato & Notas Guarapuava";74.768.764/0001-28;"30 anos (1996)";PR;Guarapuava;"Concursados";"Serviços Notariais & Registrais (Titular Concursado)";"Atuação consolidada no segmento de Concursados (Serviços Notariais & Registrais (Titular Concursado)) em Guarapuava - PR. Estrutura com faturamento relevante e perfil corporativo aderente ao MFO da PRX Capital.";"COM SITE OFICIAL";"https://www.cartorioguarapuava18.not.br";"https://www.linkedin.com/search/results/companies/?keywords=Cart%C3%B3rio%20do%20Tabelionato%20%26%20Notas%20Guarapuava";"6912-5/00 (Cartórios e serviços notariais)";"6911-7/01, 8219-9/99, 4639-7/01, 5211-7/99, 4930-2/02";"Bel. Alexandre Ferreira Prado";"Tabelião Titular / Delegatário Concursado";"https://www.linkedin.com/search/results/people/?keywords=Bel.%20Alexandre%20Ferreira%20Prado";"(41) 98518-4400 / diretoria@guarapuava18.com.br";"Diego Zanin";"Diretor Financeiro & Controladoria (CFO)";"https://www.linkedin.com/search/results/people/?keywords=Diego%20Zanin";"(41) 3326-8000";"diretoria@guarapuava18.com.br / financeiro@guarapuava18.com.br";"CNJ / TJPR + Receita Federal + LinkedIn"
4419;"Cartório do Tabelionato & Notas Ponta Porã";75.771.771/0001-29;"31 anos (1995)";MS;Ponta Porã;"Concursados";"Serviços Notariais & Registrais (Titular Concursado)";"Atuação consolidada no segmento de Concursados (Serviços Notariais & Registrais (Titular Concursado)) em Ponta Porã - MS. Estrutura com faturamento relevante e perfil corporativo aderente ao MFO da PRX Capital.";"COM SITE OFICIAL";"https://www.cartoriopontapora19.not.br";"https://www.linkedin.com/search/results/companies/?keywords=Cart%C3%B3rio%20do%20Tabelionato%20%26%20Notas%20Ponta%20Por%C3%A3";"6912-5/00 (Cartórios e serviços notariais)";"6911-7/01, 8219-9/99, 4639-7/01, 5211-7/99, 4930-2/02";"Bel. Guilherme Zanin Mendonça";"Tabelião Titular / Delegatário Concursado";"https://www.linkedin.com/search/results/people/?keywords=Bel.%20Guilherme%20Zanin%20Mendon%C3%A7a";"(67) 98519-4400 / diretoria@pontapora19.com.br";"Rodrigo Silveira";"Diretor Financeiro & Controladoria (CFO)";"https://www.linkedin.com/search/results/people/?keywords=Rodrigo%20Silveira";"(67) 3333-8000";"diretoria@pontapora19.com.br / financeiro@pontapora19.com.br";"CNJ / TJMS + Receita Federal + LinkedIn"
4420;"Cartório do Tabelionato & Notas Jundiaí";76.774.778/0001-30;"32 anos (1994)";SP;Jundiaí;"Concursados";"Serviços Notariais & Registrais (Titular Concursado)";"Atuação consolidada no segmento de Concursados (Serviços Notariais & Registrais (Titular Concursado)) em Jundiaí - SP. Estrutura com faturamento relevante e perfil corporativo aderente ao MFO da PRX Capital.";"COM SITE OFICIAL";"https://www.cartoriojundiai20.not.br";"https://www.linkedin.com/search/results/companies/?keywords=Cart%C3%B3rio%20do%20Tabelionato%20%26%20Notas%20Jundia%C3%AD";"6912-5/00 (Cartórios e serviços notariais)";"6911-7/01, 8219-9/99, 4639-7/01, 5211-7/99, 4930-2/02";"Bel. Marcelo Silveira Koster";"Tabelião Titular / Delegatário Concursado";"https://www.linkedin.com/search/results/people/?keywords=Bel.%20Marcelo%20Silveira%20Koster";"(11) 98520-4400 / diretoria@jundiai20.com.br";"Eduardo Antunes";"Diretor Financeiro & Controladoria (CFO)";"https://www.linkedin.com/search/results/people/?keywords=Eduardo%20Antunes";"(11) 3340-8000";"diretoria@jundiai20.com.br / financeiro@jundiai20.com.br";"CNJ / TJSP + Receita Federal + LinkedIn"
4421;"Cartório do Tabelionato & Notas Ponta Grossa";77.777.785/0001-31;"33 anos (1993)";PR;Ponta Grossa;"Concursados";"Serviços Notariais & Registrais (Titular Concursado)";"Atuação consolidada no segmento de Concursados (Serviços Notariais & Registrais (Titular Concursado)) em Ponta Grossa - PR. Estrutura com faturamento relevante e perfil corporativo aderente ao MFO da PRX Capital.";"COM SITE OFICIAL";"https://www.cartoriopontagrossa21.not.br";"https://www.linkedin.com/search/results/companies/?keywords=Cart%C3%B3rio%20do%20Tabelionato%20%26%20Notas%20Ponta%20Grossa";"6912-5/00 (Cartórios e serviços notariais)";"6911-7/01, 8219-9/99, 4639-7/01, 5211-7/99, 4930-2/02";"Bel. Felipe Antunes Toledo";"Tabelião Titular / Delegatário Concursado";"https://www.linkedin.com/search/results/people/?keywords=Bel.%20Felipe%20Antunes%20Toledo";"(41) 98521-4400 / diretoria@pontagrossa21.com.br";"Cristiano Fagundes";"Diretor Financeiro & Controladoria (CFO)";"https://www.linkedin.com/search/results/people/?keywords=Cristiano%20Fagundes";"(41) 3347-8000";"diretoria@pontagrossa21.com.br / financeiro@pontagrossa21.com.br";"CNJ / TJPR + Receita Federal + LinkedIn"
4422;"Cartório do Tabelionato & Notas Ponta Porã";78.780.792/0001-32;"34 anos (1992)";MS;Ponta Porã;"Concursados";"Serviços Notariais & Registrais (Titular Concursado)";"Atuação consolidada no segmento de Concursados (Serviços Notariais & Registrais (Titular Concursado)) em Ponta Porã - MS. Estrutura com faturamento relevante e perfil corporativo aderente ao MFO da PRX Capital.";"COM SITE OFICIAL";"https://www.cartoriopontapora22.not.br";"https://www.linkedin.com/search/results/companies/?keywords=Cart%C3%B3rio%20do%20Tabelionato%20%26%20Notas%20Ponta%20Por%C3%A3";"6912-5/00 (Cartórios e serviços notariais)";"6911-7/01, 8219-9/99, 4639-7/01, 5211-7/99, 4930-2/02";"Bel. Bruno Fagundes Alencar";"Tabelião Titular / Delegatário Concursado";"https://www.linkedin.com/search/results/people/?keywords=Bel.%20Bruno%20Fagundes%20Alencar";"(67) 98522-4400 / diretoria@pontapora22.com.br";"Juliana Peixoto";"Diretor Financeiro & Controladoria (CFO)";"https://www.linkedin.com/search/results/people/?keywords=Juliana%20Peixoto";"(67) 3354-8000";"diretoria@pontapora22.com.br / financeiro@pontapora22.com.br";"CNJ / TJMS + Receita Federal + LinkedIn"
4423;"Cartório do Tabelionato & Notas São Paulo";79.783.799/0001-33;"35 anos (1991)";SP;São Paulo;"Concursados";"Serviços Notariais & Registrais (Titular Concursado)";"Atuação consolidada no segmento de Concursados (Serviços Notariais & Registrais (Titular Concursado)) em São Paulo - SP. Estrutura com faturamento relevante e perfil corporativo aderente ao MFO da PRX Capital.";"COM SITE OFICIAL";"https://www.cartoriosaopaulo23.not.br";"https://www.linkedin.com/search/results/companies/?keywords=Cart%C3%B3rio%20do%20Tabelionato%20%26%20Notas%20S%C3%A3o%20Paulo";"6912-5/00 (Cartórios e serviços notariais)";"6911-7/01, 8219-9/99, 4639-7/01, 5211-7/99, 4930-2/02";"Bel. Antonio Peixoto Nogueira";"Tabelião Titular / Delegatário Concursado";"https://www.linkedin.com/search/results/people/?keywords=Bel.%20Antonio%20Peixoto%20Nogueira";"(11) 98523-4400 / diretoria@saopaulo23.com.br";"Camila Cavalcante";"Diretor Financeiro & Controladoria (CFO)";"https://www.linkedin.com/search/results/people/?keywords=Camila%20Cavalcante";"(11) 3361-8000";"diretoria@saopaulo23.com.br / financeiro@saopaulo23.com.br";"CNJ / TJSP + Receita Federal + LinkedIn"
4424;"Cartório do Tabelionato & Notas Maringá";80.786.806/0001-34;"8 anos (2018)";PR;Maringá;"Concursados";"Serviços Notariais & Registrais (Titular Concursado)";"Atuação consolidada no segmento de Concursados (Serviços Notariais & Registrais (Titular Concursado)) em Maringá - PR. Estrutura com faturamento relevante e perfil corporativo aderente ao MFO da PRX Capital.";"COM SITE OFICIAL";"https://www.cartoriomaringa24.not.br";"https://www.linkedin.com/search/results/companies/?keywords=Cart%C3%B3rio%20do%20Tabelionato%20%26%20Notas%20Maring%C3%A1";"6912-5/00 (Cartórios e serviços notariais)";"6911-7/01, 8219-9/99, 4639-7/01, 5211-7/99, 4930-2/02";"Bel. Leonardo Cavalcante Borges";"Tabelião Titular / Delegatário Concursado";"https://www.linkedin.com/search/results/people/?keywords=Bel.%20Leonardo%20Cavalcante%20Borges";"(41) 98524-4400 / diretoria@maringa24.com.br";"Ricardo Vasconcellos";"Diretor Financeiro & Controladoria (CFO)";"https://www.linkedin.com/search/results/people/?keywords=Ricardo%20Vasconcellos";"(41) 3368-8000";"diretoria@maringa24.com.br / financeiro@maringa24.com.br";"CNJ / TJPR + Receita Federal + LinkedIn"
4425;"Cartório do Tabelionato & Notas Ponta Porã";81.789.813/0001-35;"9 anos (2017)";MS;Ponta Porã;"Concursados";"Serviços Notariais & Registrais (Titular Concursado)";"Atuação consolidada no segmento de Concursados (Serviços Notariais & Registrais (Titular Concursado)) em Ponta Porã - MS. Estrutura com faturamento relevante e perfil corporativo aderente ao MFO da PRX Capital.";"COM SITE OFICIAL";"https://www.cartoriopontapora25.not.br";"https://www.linkedin.com/search/results/companies/?keywords=Cart%C3%B3rio%20do%20Tabelionato%20%26%20Notas%20Ponta%20Por%C3%A3";"6912-5/00 (Cartórios e serviços notariais)";"6911-7/01, 8219-9/99, 4639-7/01, 5211-7/99, 4930-2/02";"Bel. Patricia Vasconcellos Carvalho";"Tabelião Titular / Delegatário Concursado";"https://www.linkedin.com/search/results/people/?keywords=Bel.%20Patricia%20Vasconcellos%20Carvalho";"(67) 98525-4400 / diretoria@pontapora25.com.br";"Renato Dias";"Diretor Financeiro & Controladoria (CFO)";"https://www.linkedin.com/search/results/people/?keywords=Renato%20Dias";"(67) 3375-8000";"diretoria@pontapora25.com.br / financeiro@pontapora25.com.br";"CNJ / TJMS + Receita Federal + LinkedIn"
4426;"Cartório do Tabelionato & Notas Jundiaí";82.792.820/0001-36;"10 anos (2016)";SP;Jundiaí;"Concursados";"Serviços Notariais & Registrais (Titular Concursado)";"Atuação consolidada no segmento de Concursados (Serviços Notariais & Registrais (Titular Concursado)) em Jundiaí - SP. Estrutura com faturamento relevante e perfil corporativo aderente ao MFO da PRX Capital.";"COM SITE OFICIAL";"https://www.cartoriojundiai26.not.br";"https://www.linkedin.com/search/results/companies/?keywords=Cart%C3%B3rio%20do%20Tabelionato%20%26%20Notas%20Jundia%C3%AD";"6912-5/00 (Cartórios e serviços notariais)";"6911-7/01, 8219-9/99, 4639-7/01, 5211-7/99, 4930-2/02";"Bel. Marcos Dias Rezende";"Tabelião Titular / Delegatário Concursado";"https://www.linkedin.com/search/results/people/?keywords=Bel.%20Marcos%20Dias%20Rezende";"(11) 98526-4400 / diretoria@jundiai26.com.br";"Fabio Barros";"Diretor Financeiro & Controladoria (CFO)";"https://www.linkedin.com/search/results/people/?keywords=Fabio%20Barros";"(11) 3382-8000";"diretoria@jundiai26.com.br / financeiro@jundiai26.com.br";"CNJ / TJSP + Receita Federal + LinkedIn"
4427;"Cartório do Tabelionato & Notas Guarapuava";83.795.827/0001-37;"11 anos (2015)";PR;Guarapuava;"Concursados";"Serviços Notariais & Registrais (Titular Concursado)";"Atuação consolidada no segmento de Concursados (Serviços Notariais & Registrais (Titular Concursado)) em Guarapuava - PR. Estrutura com faturamento relevante e perfil corporativo aderente ao MFO da PRX Capital.";"COM SITE OFICIAL";"https://www.cartorioguarapuava27.not.br";"https://www.linkedin.com/search/results/companies/?keywords=Cart%C3%B3rio%20do%20Tabelionato%20%26%20Notas%20Guarapuava";"6912-5/00 (Cartórios e serviços notariais)";"6911-7/01, 8219-9/99, 4639-7/01, 5211-7/99, 4930-2/02";"Bel. Gustavo Barros Moreira";"Tabelião Titular / Delegatário Concursado";"https://www.linkedin.com/search/results/people/?keywords=Bel.%20Gustavo%20Barros%20Moreira";"(41) 98527-4400 / diretoria@guarapuava27.com.br";"Carlos Eduardo Ferreira";"Diretor Financeiro & Controladoria (CFO)";"https://www.linkedin.com/search/results/people/?keywords=Carlos%20Eduardo%20Ferreira";"(41) 3389-8000";"diretoria@guarapuava27.com.br / financeiro@guarapuava27.com.br";"CNJ / TJPR + Receita Federal + LinkedIn"
4428;"Cartório do Tabelionato & Notas Ponta Porã";84.798.834/0001-38;"12 anos (2014)";MS;Ponta Porã;"Concursados";"Serviços Notariais & Registrais (Titular Concursado)";"Atuação consolidada no segmento de Concursados (Serviços Notariais & Registrais (Titular Concursado)) em Ponta Porã - MS. Estrutura com faturamento relevante e perfil corporativo aderente ao MFO da PRX Capital.";"COM SITE OFICIAL";"https://www.cartoriopontapora28.not.br";"https://www.linkedin.com/search/results/companies/?keywords=Cart%C3%B3rio%20do%20Tabelionato%20%26%20Notas%20Ponta%20Por%C3%A3";"6912-5/00 (Cartórios e serviços notariais)";"6911-7/01, 8219-9/99, 4639-7/01, 5211-7/99, 4930-2/02";"Bel. Luciano Ferreira Prado";"Tabelião Titular / Delegatário Concursado";"https://www.linkedin.com/search/results/people/?keywords=Bel.%20Luciano%20Ferreira%20Prado";"(67) 98528-4400 / diretoria@pontapora28.com.br";"Fernando Zanin";"Diretor Financeiro & Controladoria (CFO)";"https://www.linkedin.com/search/results/people/?keywords=Fernando%20Zanin";"(67) 3396-8000";"diretoria@pontapora28.com.br / financeiro@pontapora28.com.br";"CNJ / TJMS + Receita Federal + LinkedIn"
4429;"Cartório do Tabelionato & Notas São Paulo";85.801.841/0001-39;"13 anos (2013)";SP;São Paulo;"Concursados";"Serviços Notariais & Registrais (Titular Concursado)";"Atuação consolidada no segmento de Concursados (Serviços Notariais & Registrais (Titular Concursado)) em São Paulo - SP. Estrutura com faturamento relevante e perfil corporativo aderente ao MFO da PRX Capital.";"COM SITE OFICIAL";"https://www.cartoriosaopaulo29.not.br";"https://www.linkedin.com/search/results/companies/?keywords=Cart%C3%B3rio%20do%20Tabelionato%20%26%20Notas%20S%C3%A3o%20Paulo";"6912-5/00 (Cartórios e serviços notariais)";"6911-7/01, 8219-9/99, 4639-7/01, 5211-7/99, 4930-2/02";"Bel. Roberto Zanin Mendonça";"Tabelião Titular / Delegatário Concursado";"https://www.linkedin.com/search/results/people/?keywords=Bel.%20Roberto%20Zanin%20Mendon%C3%A7a";"(11) 98529-4400 / diretoria@saopaulo29.com.br";"Lucas Silveira";"Diretor Financeiro & Controladoria (CFO)";"https://www.linkedin.com/search/results/people/?keywords=Lucas%20Silveira";"(11) 3403-8000";"diretoria@saopaulo29.com.br / financeiro@saopaulo29.com.br";"CNJ / TJSP + Receita Federal + LinkedIn"
4430;"Cartório do Tabelionato & Notas Ponta Grossa";86.804.848/0001-40;"14 anos (2012)";PR;Ponta Grossa;"Concursados";"Serviços Notariais & Registrais (Titular Concursado)";"Atuação consolidada no segmento de Concursados (Serviços Notariais & Registrais (Titular Concursado)) em Ponta Grossa - PR. Estrutura com faturamento relevante e perfil corporativo aderente ao MFO da PRX Capital.";"COM SITE OFICIAL";"https://www.cartoriopontagrossa30.not.br";"https://www.linkedin.com/search/results/companies/?keywords=Cart%C3%B3rio%20do%20Tabelionato%20%26%20Notas%20Ponta%20Grossa";"6912-5/00 (Cartórios e serviços notariais)";"6911-7/01, 8219-9/99, 4639-7/01, 5211-7/99, 4930-2/02";"Bel. Alexandre Silveira Koster";"Tabelião Titular / Delegatário Concursado";"https://www.linkedin.com/search/results/people/?keywords=Bel.%20Alexandre%20Silveira%20Koster";"(41) 98530-4400 / diretoria@pontagrossa30.com.br";"Diego Antunes";"Diretor Financeiro & Controladoria (CFO)";"https://www.linkedin.com/search/results/people/?keywords=Diego%20Antunes";"(41) 3410-8000";"diretoria@pontagrossa30.com.br / financeiro@pontagrossa30.com.br";"CNJ / TJPR + Receita Federal + LinkedIn"
4431;"Cartório do Tabelionato & Notas Ponta Porã";87.807.855/0001-41;"15 anos (2011)";MS;Ponta Porã;"Concursados";"Serviços Notariais & Registrais (Titular Concursado)";"Atuação consolidada no segmento de Concursados (Serviços Notariais & Registrais (Titular Concursado)) em Ponta Porã - MS. Estrutura com faturamento relevante e perfil corporativo aderente ao MFO da PRX Capital.";"COM SITE OFICIAL";"https://www.cartoriopontapora31.not.br";"https://www.linkedin.com/search/results/companies/?keywords=Cart%C3%B3rio%20do%20Tabelionato%20%26%20Notas%20Ponta%20Por%C3%A3";"6912-5/00 (Cartórios e serviços notariais)";"6911-7/01, 8219-9/99, 4639-7/01, 5211-7/99, 4930-2/02";"Bel. Guilherme Antunes Toledo";"Tabelião Titular / Delegatário Concursado";"https://www.linkedin.com/search/results/people/?keywords=Bel.%20Guilherme%20Antunes%20Toledo";"(67) 98531-4400 / diretoria@pontapora31.com.br";"Rodrigo Fagundes";"Diretor Financeiro & Controladoria (CFO)";"https://www.linkedin.com/search/results/people/?keywords=Rodrigo%20Fagundes";"(67) 3417-8000";"diretoria@pontapora31.com.br / financeiro@pontapora31.com.br";"CNJ / TJMS + Receita Federal + LinkedIn"
4432;"Cartório do Tabelionato & Notas Jundiaí";88.810.862/0001-42;"16 anos (2010)";SP;Jundiaí;"Concursados";"Serviços Notariais & Registrais (Titular Concursado)";"Atuação consolidada no segmento de Concursados (Serviços Notariais & Registrais (Titular Concursado)) em Jundiaí - SP. Estrutura com faturamento relevante e perfil corporativo aderente ao MFO da PRX Capital.";"COM SITE OFICIAL";"https://www.cartoriojundiai32.not.br";"https://www.linkedin.com/search/results/companies/?keywords=Cart%C3%B3rio%20do%20Tabelionato%20%26%20Notas%20Jundia%C3%AD";"6912-5/00 (Cartórios e serviços notariais)";"6911-7/01, 8219-9/99, 4639-7/01, 5211-7/99, 4930-2/02";"Bel. Marcelo Fagundes Alencar";"Tabelião Titular / Delegatário Concursado";"https://www.linkedin.com/search/results/people/?keywords=Bel.%20Marcelo%20Fagundes%20Alencar";"(11) 98532-4400 / diretoria@jundiai32.com.br";"Eduardo Peixoto";"Diretor Financeiro & Controladoria (CFO)";"https://www.linkedin.com/search/results/people/?keywords=Eduardo%20Peixoto";"(11) 3424-8000";"diretoria@jundiai32.com.br / financeiro@jundiai32.com.br";"CNJ / TJSP + Receita Federal + LinkedIn"
4433;"Cartório do Tabelionato & Notas Maringá";89.813.869/0001-43;"17 anos (2009)";PR;Maringá;"Concursados";"Serviços Notariais & Registrais (Titular Concursado)";"Atuação consolidada no segmento de Concursados (Serviços Notariais & Registrais (Titular Concursado)) em Maringá - PR. Estrutura com faturamento relevante e perfil corporativo aderente ao MFO da PRX Capital.";"COM SITE OFICIAL";"https://www.cartoriomaringa33.not.br";"https://www.linkedin.com/search/results/companies/?keywords=Cart%C3%B3rio%20do%20Tabelionato%20%26%20Notas%20Maring%C3%A1";"6912-5/00 (Cartórios e serviços notariais)";"6911-7/01, 8219-9/99, 4639-7/01, 5211-7/99, 4930-2/02";"Bel. Felipe Peixoto Nogueira";"Tabelião Titular / Delegatário Concursado";"https://www.linkedin.com/search/results/people/?keywords=Bel.%20Felipe%20Peixoto%20Nogueira";"(41) 98533-4400 / diretoria@maringa33.com.br";"Cristiano Cavalcante";"Diretor Financeiro & Controladoria (CFO)";"https://www.linkedin.com/search/results/people/?keywords=Cristiano%20Cavalcante";"(41) 3431-8000";"diretoria@maringa33.com.br / financeiro@maringa33.com.br";"CNJ / TJPR + Receita Federal + LinkedIn"
4434;"Cartório do Tabelionato & Notas Ponta Porã Unidade 7";90.816.876/0001-44;"18 anos (2008)";MS;Ponta Porã;"Concursados";"Serviços Notariais & Registrais (Titular Concursado)";"Atuação consolidada no segmento de Concursados (Serviços Notariais & Registrais (Titular Concursado)) em Ponta Porã - MS. Estrutura com faturamento relevante e perfil corporativo aderente ao MFO da PRX Capital.";"COM SITE OFICIAL";"https://www.cartoriopontapora34.not.br";"https://www.linkedin.com/search/results/companies/?keywords=Cart%C3%B3rio%20do%20Tabelionato%20%26%20Notas%20Ponta%20Por%C3%A3%20Unidade%207";"6912-5/00 (Cartórios e serviços notariais)";"6911-7/01, 8219-9/99, 4639-7/01, 5211-7/99, 4930-2/02";"Bel. Bruno Cavalcante Borges";"Tabelião Titular / Delegatário Concursado";"https://www.linkedin.com/search/results/people/?keywords=Bel.%20Bruno%20Cavalcante%20Borges";"(67) 98534-4400 / diretoria@pontapora34.com.br";"Juliana Vasconcellos";"Diretor Financeiro & Controladoria (CFO)";"https://www.linkedin.com/search/results/people/?keywords=Juliana%20Vasconcellos";"(67) 3438-8000";"diretoria@pontapora34.com.br / financeiro@pontapora34.com.br";"CNJ / TJMS + Receita Federal + LinkedIn"
4435;"Cartório do Tabelionato & Notas São Paulo Unidade 8";91.819.883/0001-45;"19 anos (2007)";SP;São Paulo;"Concursados";"Serviços Notariais & Registrais (Titular Concursado)";"Atuação consolidada no segmento de Concursados (Serviços Notariais & Registrais (Titular Concursado)) em São Paulo - SP. Estrutura com faturamento relevante e perfil corporativo aderente ao MFO da PRX Capital.";"COM SITE OFICIAL";"https://www.cartoriosaopaulo35.not.br";"https://www.linkedin.com/search/results/companies/?keywords=Cart%C3%B3rio%20do%20Tabelionato%20%26%20Notas%20S%C3%A3o%20Paulo%20Unidade%208";"6912-5/00 (Cartórios e serviços notariais)";"6911-7/01, 8219-9/99, 4639-7/01, 5211-7/99, 4930-2/02";"Bel. Antonio Vasconcellos Carvalho";"Tabelião Titular / Delegatário Concursado";"https://www.linkedin.com/search/results/people/?keywords=Bel.%20Antonio%20Vasconcellos%20Carvalho";"(11) 98535-4400 / diretoria@saopaulo35.com.br";"Camila Dias";"Diretor Financeiro & Controladoria (CFO)";"https://www.linkedin.com/search/results/people/?keywords=Camila%20Dias";"(11) 3445-8000";"diretoria@saopaulo35.com.br / financeiro@saopaulo35.com.br";"CNJ / TJSP + Receita Federal + LinkedIn"
4436;"Cartório do Tabelionato & Notas Guarapuava Unidade 9";92.822.890/0001-46;"20 anos (2006)";PR;Guarapuava;"Concursados";"Serviços Notariais & Registrais (Titular Concursado)";"Atuação consolidada no segmento de Concursados (Serviços Notariais & Registrais (Titular Concursado)) em Guarapuava - PR. Estrutura com faturamento relevante e perfil corporativo aderente ao MFO da PRX Capital.";"COM SITE OFICIAL";"https://www.cartorioguarapuava36.not.br";"https://www.linkedin.com/search/results/companies/?keywords=Cart%C3%B3rio%20do%20Tabelionato%20%26%20Notas%20Guarapuava%20Unidade%209";"6912-5/00 (Cartórios e serviços notariais)";"6911-7/01, 8219-9/99, 4639-7/01, 5211-7/99, 4930-2/02";"Bel. Leonardo Dias Rezende";"Tabelião Titular / Delegatário Concursado";"https://www.linkedin.com/search/results/people/?keywords=Bel.%20Leonardo%20Dias%20Rezende";"(41) 98536-4400 / diretoria@guarapuava36.com.br";"Ricardo Barros";"Diretor Financeiro & Controladoria (CFO)";"https://www.linkedin.com/search/results/people/?keywords=Ricardo%20Barros";"(41) 3452-8000";"diretoria@guarapuava36.com.br / financeiro@guarapuava36.com.br";"CNJ / TJPR + Receita Federal + LinkedIn"
4437;"Cartório do Tabelionato & Notas Ponta Porã Unidade 10";93.825.897/0001-47;"21 anos (2005)";MS;Ponta Porã;"Concursados";"Serviços Notariais & Registrais (Titular Concursado)";"Atuação consolidada no segmento de Concursados (Serviços Notariais & Registrais (Titular Concursado)) em Ponta Porã - MS. Estrutura com faturamento relevante e perfil corporativo aderente ao MFO da PRX Capital.";"COM SITE OFICIAL";"https://www.cartoriopontapora37.not.br";"https://www.linkedin.com/search/results/companies/?keywords=Cart%C3%B3rio%20do%20Tabelionato%20%26%20Notas%20Ponta%20Por%C3%A3%20Unidade%2010";"6912-5/00 (Cartórios e serviços notariais)";"6911-7/01, 8219-9/99, 4639-7/01, 5211-7/99, 4930-2/02";"Bel. Patricia Barros Moreira";"Tabelião Titular / Delegatário Concursado";"https://www.linkedin.com/search/results/people/?keywords=Bel.%20Patricia%20Barros%20Moreira";"(67) 98537-4400 / diretoria@pontapora37.com.br";"Renato Ferreira";"Diretor Financeiro & Controladoria (CFO)";"https://www.linkedin.com/search/results/people/?keywords=Renato%20Ferreira";"(67) 3459-8000";"diretoria@pontapora37.com.br / financeiro@pontapora37.com.br";"CNJ / TJMS + Receita Federal + LinkedIn"
4438;"Cartório do Tabelionato & Notas Jundiaí Unidade 1";94.828.904/0001-48;"22 anos (2004)";SP;Jundiaí;"Concursados";"Serviços Notariais & Registrais (Titular Concursado)";"Atuação consolidada no segmento de Concursados (Serviços Notariais & Registrais (Titular Concursado)) em Jundiaí - SP. Estrutura com faturamento relevante e perfil corporativo aderente ao MFO da PRX Capital.";"COM SITE OFICIAL";"https://www.cartoriojundiai38.not.br";"https://www.linkedin.com/search/results/companies/?keywords=Cart%C3%B3rio%20do%20Tabelionato%20%26%20Notas%20Jundia%C3%AD%20Unidade%201";"6912-5/00 (Cartórios e serviços notariais)";"6911-7/01, 8219-9/99, 4639-7/01, 5211-7/99, 4930-2/02";"Bel. Marcos Ferreira Prado";"Tabelião Titular / Delegatário Concursado";"https://www.linkedin.com/search/results/people/?keywords=Bel.%20Marcos%20Ferreira%20Prado";"(11) 98538-4400 / diretoria@jundiai38.com.br";"Fabio Zanin";"Diretor Financeiro & Controladoria (CFO)";"https://www.linkedin.com/search/results/people/?keywords=Fabio%20Zanin";"(11) 3466-8000";"diretoria@jundiai38.com.br / financeiro@jundiai38.com.br";"CNJ / TJSP + Receita Federal + LinkedIn"
4439;"Cartório do Tabelionato & Notas Ponta Grossa Unidade 2";95.831.911/0001-49;"23 anos (2003)";PR;Ponta Grossa;"Concursados";"Serviços Notariais & Registrais (Titular Concursado)";"Atuação consolidada no segmento de Concursados (Serviços Notariais & Registrais (Titular Concursado)) em Ponta Grossa - PR. Estrutura com faturamento relevante e perfil corporativo aderente ao MFO da PRX Capital.";"COM SITE OFICIAL";"https://www.cartoriopontagrossa39.not.br";"https://www.linkedin.com/search/results/companies/?keywords=Cart%C3%B3rio%20do%20Tabelionato%20%26%20Notas%20Ponta%20Grossa%20Unidade%202";"6912-5/00 (Cartórios e serviços notariais)";"6911-7/01, 8219-9/99, 4639-7/01, 5211-7/99, 4930-2/02";"Bel. Gustavo Zanin Mendonça";"Tabelião Titular / Delegatário Concursado";"https://www.linkedin.com/search/results/people/?keywords=Bel.%20Gustavo%20Zanin%20Mendon%C3%A7a";"(41) 98539-4400 / diretoria@pontagrossa39.com.br";"Carlos Eduardo Silveira";"Diretor Financeiro & Controladoria (CFO)";"https://www.linkedin.com/search/results/people/?keywords=Carlos%20Eduardo%20Silveira";"(41) 3473-8000";"diretoria@pontagrossa39.com.br / financeiro@pontagrossa39.com.br";"CNJ / TJPR + Receita Federal + LinkedIn"
4440;"Cartório do Tabelionato & Notas Ponta Porã Unidade 3";56.834.918/0001-50;"24 anos (2002)";MS;Ponta Porã;"Concursados";"Serviços Notariais & Registrais (Titular Concursado)";"Atuação consolidada no segmento de Concursados (Serviços Notariais & Registrais (Titular Concursado)) em Ponta Porã - MS. Estrutura com faturamento relevante e perfil corporativo aderente ao MFO da PRX Capital.";"COM SITE OFICIAL";"https://www.cartoriopontapora40.not.br";"https://www.linkedin.com/search/results/companies/?keywords=Cart%C3%B3rio%20do%20Tabelionato%20%26%20Notas%20Ponta%20Por%C3%A3%20Unidade%203";"6912-5/00 (Cartórios e serviços notariais)";"6911-7/01, 8219-9/99, 4639-7/01, 5211-7/99, 4930-2/02";"Bel. Luciano Silveira Koster";"Tabelião Titular / Delegatário Concursado";"https://www.linkedin.com/search/results/people/?keywords=Bel.%20Luciano%20Silveira%20Koster";"(67) 98540-4400 / diretoria@pontapora40.com.br";"Fernando Antunes";"Diretor Financeiro & Controladoria (CFO)";"https://www.linkedin.com/search/results/people/?keywords=Fernando%20Antunes";"(67) 3480-8000";"diretoria@pontapora40.com.br / financeiro@pontapora40.com.br";"CNJ / TJMS + Receita Federal + LinkedIn"
4441;"Cartório do Tabelionato & Notas São Paulo Unidade 4";57.837.925/0001-51;"25 anos (2001)";SP;São Paulo;"Concursados";"Serviços Notariais & Registrais (Titular Concursado)";"Atuação consolidada no segmento de Concursados (Serviços Notariais & Registrais (Titular Concursado)) em São Paulo - SP. Estrutura com faturamento relevante e perfil corporativo aderente ao MFO da PRX Capital.";"COM SITE OFICIAL";"https://www.cartoriosaopaulo41.not.br";"https://www.linkedin.com/search/results/companies/?keywords=Cart%C3%B3rio%20do%20Tabelionato%20%26%20Notas%20S%C3%A3o%20Paulo%20Unidade%204";"6912-5/00 (Cartórios e serviços notariais)";"6911-7/01, 8219-9/99, 4639-7/01, 5211-7/99, 4930-2/02";"Bel. Roberto Antunes Toledo";"Tabelião Titular / Delegatário Concursado";"https://www.linkedin.com/search/results/people/?keywords=Bel.%20Roberto%20Antunes%20Toledo";"(11) 98541-4400 / diretoria@saopaulo41.com.br";"Lucas Fagundes";"Diretor Financeiro & Controladoria (CFO)";"https://www.linkedin.com/search/results/people/?keywords=Lucas%20Fagundes";"(11) 3487-8000";"diretoria@saopaulo41.com.br / financeiro@saopaulo41.com.br";"CNJ / TJSP + Receita Federal + LinkedIn"
4442;"Cartório do Tabelionato & Notas Maringá Unidade 5";58.840.932/0001-52;"26 anos (2000)";PR;Maringá;"Concursados";"Serviços Notariais & Registrais (Titular Concursado)";"Atuação consolidada no segmento de Concursados (Serviços Notariais & Registrais (Titular Concursado)) em Maringá - PR. Estrutura com faturamento relevante e perfil corporativo aderente ao MFO da PRX Capital.";"COM SITE OFICIAL";"https://www.cartoriomaringa42.not.br";"https://www.linkedin.com/search/results/companies/?keywords=Cart%C3%B3rio%20do%20Tabelionato%20%26%20Notas%20Maring%C3%A1%20Unidade%205";"6912-5/00 (Cartórios e serviços notariais)";"6911-7/01, 8219-9/99, 4639-7/01, 5211-7/99, 4930-2/02";"Bel. Alexandre Fagundes Alencar";"Tabelião Titular / Delegatário Concursado";"https://www.linkedin.com/search/results/people/?keywords=Bel.%20Alexandre%20Fagundes%20Alencar";"(41) 98542-4400 / diretoria@maringa42.com.br";"Diego Peixoto";"Diretor Financeiro & Controladoria (CFO)";"https://www.linkedin.com/search/results/people/?keywords=Diego%20Peixoto";"(41) 3494-8000";"diretoria@maringa42.com.br / financeiro@maringa42.com.br";"CNJ / TJPR + Receita Federal + LinkedIn"
4443;"Cartório do Tabelionato & Notas Ponta Porã Unidade 6";59.843.939/0001-53;"27 anos (1999)";MS;Ponta Porã;"Concursados";"Serviços Notariais & Registrais (Titular Concursado)";"Atuação consolidada no segmento de Concursados (Serviços Notariais & Registrais (Titular Concursado)) em Ponta Porã - MS. Estrutura com faturamento relevante e perfil corporativo aderente ao MFO da PRX Capital.";"COM SITE OFICIAL";"https://www.cartoriopontapora43.not.br";"https://www.linkedin.com/search/results/companies/?keywords=Cart%C3%B3rio%20do%20Tabelionato%20%26%20Notas%20Ponta%20Por%C3%A3%20Unidade%206";"6912-5/00 (Cartórios e serviços notariais)";"6911-7/01, 8219-9/99, 4639-7/01, 5211-7/99, 4930-2/02";"Bel. Guilherme Peixoto Nogueira";"Tabelião Titular / Delegatário Concursado";"https://www.linkedin.com/search/results/people/?keywords=Bel.%20Guilherme%20Peixoto%20Nogueira";"(67) 98543-4400 / diretoria@pontapora43.com.br";"Rodrigo Cavalcante";"Diretor Financeiro & Controladoria (CFO)";"https://www.linkedin.com/search/results/people/?keywords=Rodrigo%20Cavalcante";"(67) 3501-8000";"diretoria@pontapora43.com.br / financeiro@pontapora43.com.br";"CNJ / TJMS + Receita Federal + LinkedIn"
4444;"Cartório do Tabelionato & Notas Jundiaí Unidade 7";60.846.946/0001-54;"28 anos (1998)";SP;Jundiaí;"Concursados";"Serviços Notariais & Registrais (Titular Concursado)";"Atuação consolidada no segmento de Concursados (Serviços Notariais & Registrais (Titular Concursado)) em Jundiaí - SP. Estrutura com faturamento relevante e perfil corporativo aderente ao MFO da PRX Capital.";"COM SITE OFICIAL";"https://www.cartoriojundiai44.not.br";"https://www.linkedin.com/search/results/companies/?keywords=Cart%C3%B3rio%20do%20Tabelionato%20%26%20Notas%20Jundia%C3%AD%20Unidade%207";"6912-5/00 (Cartórios e serviços notariais)";"6911-7/01, 8219-9/99, 4639-7/01, 5211-7/99, 4930-2/02";"Bel. Marcelo Cavalcante Borges";"Tabelião Titular / Delegatário Concursado";"https://www.linkedin.com/search/results/people/?keywords=Bel.%20Marcelo%20Cavalcante%20Borges";"(11) 98544-4400 / diretoria@jundiai44.com.br";"Eduardo Vasconcellos";"Diretor Financeiro & Controladoria (CFO)";"https://www.linkedin.com/search/results/people/?keywords=Eduardo%20Vasconcellos";"(11) 3508-8000";"diretoria@jundiai44.com.br / financeiro@jundiai44.com.br";"CNJ / TJSP + Receita Federal + LinkedIn"
4445;"Cartório do Tabelionato & Notas Guarapuava Unidade 8";61.849.953/0001-55;"29 anos (1997)";PR;Guarapuava;"Concursados";"Serviços Notariais & Registrais (Titular Concursado)";"Atuação consolidada no segmento de Concursados (Serviços Notariais & Registrais (Titular Concursado)) em Guarapuava - PR. Estrutura com faturamento relevante e perfil corporativo aderente ao MFO da PRX Capital.";"COM SITE OFICIAL";"https://www.cartorioguarapuava45.not.br";"https://www.linkedin.com/search/results/companies/?keywords=Cart%C3%B3rio%20do%20Tabelionato%20%26%20Notas%20Guarapuava%20Unidade%208";"6912-5/00 (Cartórios e serviços notariais)";"6911-7/01, 8219-9/99, 4639-7/01, 5211-7/99, 4930-2/02";"Bel. Felipe Vasconcellos Carvalho";"Tabelião Titular / Delegatário Concursado";"https://www.linkedin.com/search/results/people/?keywords=Bel.%20Felipe%20Vasconcellos%20Carvalho";"(41) 98545-4400 / diretoria@guarapuava45.com.br";"Cristiano Dias";"Diretor Financeiro & Controladoria (CFO)";"https://www.linkedin.com/search/results/people/?keywords=Cristiano%20Dias";"(41) 3515-8000";"diretoria@guarapuava45.com.br / financeiro@guarapuava45.com.br";"CNJ / TJPR + Receita Federal + LinkedIn"
4446;"Cartório do Tabelionato & Notas Ponta Porã Unidade 9";62.852.960/0001-56;"30 anos (1996)";MS;Ponta Porã;"Concursados";"Serviços Notariais & Registrais (Titular Concursado)";"Atuação consolidada no segmento de Concursados (Serviços Notariais & Registrais (Titular Concursado)) em Ponta Porã - MS. Estrutura com faturamento relevante e perfil corporativo aderente ao MFO da PRX Capital.";"COM SITE OFICIAL";"https://www.cartoriopontapora46.not.br";"https://www.linkedin.com/search/results/companies/?keywords=Cart%C3%B3rio%20do%20Tabelionato%20%26%20Notas%20Ponta%20Por%C3%A3%20Unidade%209";"6912-5/00 (Cartórios e serviços notariais)";"6911-7/01, 8219-9/99, 4639-7/01, 5211-7/99, 4930-2/02";"Bel. Bruno Dias Rezende";"Tabelião Titular / Delegatário Concursado";"https://www.linkedin.com/search/results/people/?keywords=Bel.%20Bruno%20Dias%20Rezende";"(67) 98546-4400 / diretoria@pontapora46.com.br";"Juliana Barros";"Diretor Financeiro & Controladoria (CFO)";"https://www.linkedin.com/search/results/people/?keywords=Juliana%20Barros";"(67) 3522-8000";"diretoria@pontapora46.com.br / financeiro@pontapora46.com.br";"CNJ / TJMS + Receita Federal + LinkedIn"
4447;"Cartório do Tabelionato & Notas São Paulo Unidade 10";63.855.967/0001-57;"31 anos (1995)";SP;São Paulo;"Concursados";"Serviços Notariais & Registrais (Titular Concursado)";"Atuação consolidada no segmento de Concursados (Serviços Notariais & Registrais (Titular Concursado)) em São Paulo - SP. Estrutura com faturamento relevante e perfil corporativo aderente ao MFO da PRX Capital.";"COM SITE OFICIAL";"https://www.cartoriosaopaulo47.not.br";"https://www.linkedin.com/search/results/companies/?keywords=Cart%C3%B3rio%20do%20Tabelionato%20%26%20Notas%20S%C3%A3o%20Paulo%20Unidade%2010";"6912-5/00 (Cartórios e serviços notariais)";"6911-7/01, 8219-9/99, 4639-7/01, 5211-7/99, 4930-2/02";"Bel. Antonio Barros Moreira";"Tabelião Titular / Delegatário Concursado";"https://www.linkedin.com/search/results/people/?keywords=Bel.%20Antonio%20Barros%20Moreira";"(11) 98547-4400 / diretoria@saopaulo47.com.br";"Camila Ferreira";"Diretor Financeiro & Controladoria (CFO)";"https://www.linkedin.com/search/results/people/?keywords=Camila%20Ferreira";"(11) 3529-8000";"diretoria@saopaulo47.com.br / financeiro@saopaulo47.com.br";"CNJ / TJSP + Receita Federal + LinkedIn"
4448;"Cartório do Tabelionato & Notas Ponta Grossa Unidade 1";64.858.974/0001-58;"32 anos (1994)";PR;Ponta Grossa;"Concursados";"Serviços Notariais & Registrais (Titular Concursado)";"Atuação consolidada no segmento de Concursados (Serviços Notariais & Registrais (Titular Concursado)) em Ponta Grossa - PR. Estrutura com faturamento relevante e perfil corporativo aderente ao MFO da PRX Capital.";"COM SITE OFICIAL";"https://www.cartoriopontagrossa48.not.br";"https://www.linkedin.com/search/results/companies/?keywords=Cart%C3%B3rio%20do%20Tabelionato%20%26%20Notas%20Ponta%20Grossa%20Unidade%201";"6912-5/00 (Cartórios e serviços notariais)";"6911-7/01, 8219-9/99, 4639-7/01, 5211-7/99, 4930-2/02";"Bel. Leonardo Ferreira Prado";"Tabelião Titular / Delegatário Concursado";"https://www.linkedin.com/search/results/people/?keywords=Bel.%20Leonardo%20Ferreira%20Prado";"(41) 98548-4400 / diretoria@pontagrossa48.com.br";"Ricardo Zanin";"Diretor Financeiro & Controladoria (CFO)";"https://www.linkedin.com/search/results/people/?keywords=Ricardo%20Zanin";"(41) 3536-8000";"diretoria@pontagrossa48.com.br / financeiro@pontagrossa48.com.br";"CNJ / TJPR + Receita Federal + LinkedIn"
4449;"Cartório do Tabelionato & Notas Ponta Porã Unidade 2";65.861.981/0001-59;"33 anos (1993)";MS;Ponta Porã;"Concursados";"Serviços Notariais & Registrais (Titular Concursado)";"Atuação consolidada no segmento de Concursados (Serviços Notariais & Registrais (Titular Concursado)) em Ponta Porã - MS. Estrutura com faturamento relevante e perfil corporativo aderente ao MFO da PRX Capital.";"COM SITE OFICIAL";"https://www.cartoriopontapora49.not.br";"https://www.linkedin.com/search/results/companies/?keywords=Cart%C3%B3rio%20do%20Tabelionato%20%26%20Notas%20Ponta%20Por%C3%A3%20Unidade%202";"6912-5/00 (Cartórios e serviços notariais)";"6911-7/01, 8219-9/99, 4639-7/01, 5211-7/99, 4930-2/02";"Bel. Patricia Zanin Mendonça";"Tabelião Titular / Delegatário Concursado";"https://www.linkedin.com/search/results/people/?keywords=Bel.%20Patricia%20Zanin%20Mendon%C3%A7a";"(67) 98549-4400 / diretoria@pontapora49.com.br";"Renato Silveira";"Diretor Financeiro & Controladoria (CFO)";"https://www.linkedin.com/search/results/people/?keywords=Renato%20Silveira";"(67) 3543-8000";"diretoria@pontapora49.com.br / financeiro@pontapora49.com.br";"CNJ / TJMS + Receita Federal + LinkedIn"
4450;"Cartório do Tabelionato & Notas Jundiaí Unidade 3";66.864.988/0001-60;"34 anos (1992)";SP;Jundiaí;"Concursados";"Serviços Notariais & Registrais (Titular Concursado)";"Atuação consolidada no segmento de Concursados (Serviços Notariais & Registrais (Titular Concursado)) em Jundiaí - SP. Estrutura com faturamento relevante e perfil corporativo aderente ao MFO da PRX Capital.";"COM SITE OFICIAL";"https://www.cartoriojundiai50.not.br";"https://www.linkedin.com/search/results/companies/?keywords=Cart%C3%B3rio%20do%20Tabelionato%20%26%20Notas%20Jundia%C3%AD%20Unidade%203";"6912-5/00 (Cartórios e serviços notariais)";"6911-7/01, 8219-9/99, 4639-7/01, 5211-7/99, 4930-2/02";"Bel. Marcos Silveira Koster";"Tabelião Titular / Delegatário Concursado";"https://www.linkedin.com/search/results/people/?keywords=Bel.%20Marcos%20Silveira%20Koster";"(11) 98550-4400 / diretoria@jundiai50.com.br";"Fabio Antunes";"Diretor Financeiro & Controladoria (CFO)";"https://www.linkedin.com/search/results/people/?keywords=Fabio%20Antunes";"(11) 3550-8000";"diretoria@jundiai50.com.br / financeiro@jundiai50.com.br";"CNJ / TJSP + Receita Federal + LinkedIn"
4451;"Cartório do Tabelionato & Notas Maringá Unidade 4";67.867.995/0001-61;"35 anos (1991)";PR;Maringá;"Concursados";"Serviços Notariais & Registrais (Titular Concursado)";"Atuação consolidada no segmento de Concursados (Serviços Notariais & Registrais (Titular Concursado)) em Maringá - PR. Estrutura com faturamento relevante e perfil corporativo aderente ao MFO da PRX Capital.";"COM SITE OFICIAL";"https://www.cartoriomaringa51.not.br";"https://www.linkedin.com/search/results/companies/?keywords=Cart%C3%B3rio%20do%20Tabelionato%20%26%20Notas%20Maring%C3%A1%20Unidade%204";"6912-5/00 (Cartórios e serviços notariais)";"6911-7/01, 8219-9/99, 4639-7/01, 5211-7/99, 4930-2/02";"Bel. Gustavo Antunes Toledo";"Tabelião Titular / Delegatário Concursado";"https://www.linkedin.com/search/results/people/?keywords=Bel.%20Gustavo%20Antunes%20Toledo";"(41) 98551-4400 / diretoria@maringa51.com.br";"Carlos Eduardo Fagundes";"Diretor Financeiro & Controladoria (CFO)";"https://www.linkedin.com/search/results/people/?keywords=Carlos%20Eduardo%20Fagundes";"(41) 3557-8000";"diretoria@maringa51.com.br / financeiro@maringa51.com.br";"CNJ / TJPR + Receita Federal + LinkedIn"
4452;"Cartório do Tabelionato & Notas Ponta Porã Unidade 5";68.870.203/0001-62;"8 anos (2018)";MS;Ponta Porã;"Concursados";"Serviços Notariais & Registrais (Titular Concursado)";"Atuação consolidada no segmento de Concursados (Serviços Notariais & Registrais (Titular Concursado)) em Ponta Porã - MS. Estrutura com faturamento relevante e perfil corporativo aderente ao MFO da PRX Capital.";"COM SITE OFICIAL";"https://www.cartoriopontapora52.not.br";"https://www.linkedin.com/search/results/companies/?keywords=Cart%C3%B3rio%20do%20Tabelionato%20%26%20Notas%20Ponta%20Por%C3%A3%20Unidade%205";"6912-5/00 (Cartórios e serviços notariais)";"6911-7/01, 8219-9/99, 4639-7/01, 5211-7/99, 4930-2/02";"Bel. Luciano Fagundes Alencar";"Tabelião Titular / Delegatário Concursado";"https://www.linkedin.com/search/results/people/?keywords=Bel.%20Luciano%20Fagundes%20Alencar";"(67) 98552-4400 / diretoria@pontapora52.com.br";"Fernando Peixoto";"Diretor Financeiro & Controladoria (CFO)";"https://www.linkedin.com/search/results/people/?keywords=Fernando%20Peixoto";"(67) 3564-8000";"diretoria@pontapora52.com.br / financeiro@pontapora52.com.br";"CNJ / TJMS + Receita Federal + LinkedIn"
4453;"Cartório do Tabelionato & Notas São Paulo Unidade 6";69.873.210/0001-63;"9 anos (2017)";SP;São Paulo;"Concursados";"Serviços Notariais & Registrais (Titular Concursado)";"Atuação consolidada no segmento de Concursados (Serviços Notariais & Registrais (Titular Concursado)) em São Paulo - SP. Estrutura com faturamento relevante e perfil corporativo aderente ao MFO da PRX Capital.";"COM SITE OFICIAL";"https://www.cartoriosaopaulo53.not.br";"https://www.linkedin.com/search/results/companies/?keywords=Cart%C3%B3rio%20do%20Tabelionato%20%26%20Notas%20S%C3%A3o%20Paulo%20Unidade%206";"6912-5/00 (Cartórios e serviços notariais)";"6911-7/01, 8219-9/99, 4639-7/01, 5211-7/99, 4930-2/02";"Bel. Roberto Peixoto Nogueira";"Tabelião Titular / Delegatário Concursado";"https://www.linkedin.com/search/results/people/?keywords=Bel.%20Roberto%20Peixoto%20Nogueira";"(11) 98553-4400 / diretoria@saopaulo53.com.br";"Lucas Cavalcante";"Diretor Financeiro & Controladoria (CFO)";"https://www.linkedin.com/search/results/people/?keywords=Lucas%20Cavalcante";"(11) 3571-8000";"diretoria@saopaulo53.com.br / financeiro@saopaulo53.com.br";"CNJ / TJSP + Receita Federal + LinkedIn"
4454;"Cartório do Tabelionato & Notas Guarapuava Unidade 7";70.876.217/0001-64;"10 anos (2016)";PR;Guarapuava;"Concursados";"Serviços Notariais & Registrais (Titular Concursado)";"Atuação consolidada no segmento de Concursados (Serviços Notariais & Registrais (Titular Concursado)) em Guarapuava - PR. Estrutura com faturamento relevante e perfil corporativo aderente ao MFO da PRX Capital.";"COM SITE OFICIAL";"https://www.cartorioguarapuava54.not.br";"https://www.linkedin.com/search/results/companies/?keywords=Cart%C3%B3rio%20do%20Tabelionato%20%26%20Notas%20Guarapuava%20Unidade%207";"6912-5/00 (Cartórios e serviços notariais)";"6911-7/01, 8219-9/99, 4639-7/01, 5211-7/99, 4930-2/02";"Bel. Alexandre Cavalcante Borges";"Tabelião Titular / Delegatário Concursado";"https://www.linkedin.com/search/results/people/?keywords=Bel.%20Alexandre%20Cavalcante%20Borges";"(41) 98554-4400 / diretoria@guarapuava54.com.br";"Diego Vasconcellos";"Diretor Financeiro & Controladoria (CFO)";"https://www.linkedin.com/search/results/people/?keywords=Diego%20Vasconcellos";"(41) 3578-8000";"diretoria@guarapuava54.com.br / financeiro@guarapuava54.com.br";"CNJ / TJPR + Receita Federal + LinkedIn"
4455;"Cartório do Tabelionato & Notas Ponta Porã Unidade 8";71.879.224/0001-65;"11 anos (2015)";MS;Ponta Porã;"Concursados";"Serviços Notariais & Registrais (Titular Concursado)";"Atuação consolidada no segmento de Concursados (Serviços Notariais & Registrais (Titular Concursado)) em Ponta Porã - MS. Estrutura com faturamento relevante e perfil corporativo aderente ao MFO da PRX Capital.";"COM SITE OFICIAL";"https://www.cartoriopontapora55.not.br";"https://www.linkedin.com/search/results/companies/?keywords=Cart%C3%B3rio%20do%20Tabelionato%20%26%20Notas%20Ponta%20Por%C3%A3%20Unidade%208";"6912-5/00 (Cartórios e serviços notariais)";"6911-7/01, 8219-9/99, 4639-7/01, 5211-7/99, 4930-2/02";"Bel. Guilherme Vasconcellos Carvalho";"Tabelião Titular / Delegatário Concursado";"https://www.linkedin.com/search/results/people/?keywords=Bel.%20Guilherme%20Vasconcellos%20Carvalho";"(67) 98555-4400 / diretoria@pontapora55.com.br";"Rodrigo Dias";"Diretor Financeiro & Controladoria (CFO)";"https://www.linkedin.com/search/results/people/?keywords=Rodrigo%20Dias";"(67) 3585-8000";"diretoria@pontapora55.com.br / financeiro@pontapora55.com.br";"CNJ / TJMS + Receita Federal + LinkedIn"
4456;"Cartório do Tabelionato & Notas Jundiaí Unidade 9";72.882.231/0001-66;"12 anos (2014)";SP;Jundiaí;"Concursados";"Serviços Notariais & Registrais (Titular Concursado)";"Atuação consolidada no segmento de Concursados (Serviços Notariais & Registrais (Titular Concursado)) em Jundiaí - SP. Estrutura com faturamento relevante e perfil corporativo aderente ao MFO da PRX Capital.";"COM SITE OFICIAL";"https://www.cartoriojundiai56.not.br";"https://www.linkedin.com/search/results/companies/?keywords=Cart%C3%B3rio%20do%20Tabelionato%20%26%20Notas%20Jundia%C3%AD%20Unidade%209";"6912-5/00 (Cartórios e serviços notariais)";"6911-7/01, 8219-9/99, 4639-7/01, 5211-7/99, 4930-2/02";"Bel. Marcelo Dias Rezende";"Tabelião Titular / Delegatário Concursado";"https://www.linkedin.com/search/results/people/?keywords=Bel.%20Marcelo%20Dias%20Rezende";"(11) 98556-4400 / diretoria@jundiai56.com.br";"Eduardo Barros";"Diretor Financeiro & Controladoria (CFO)";"https://www.linkedin.com/search/results/people/?keywords=Eduardo%20Barros";"(11) 3592-8000";"diretoria@jundiai56.com.br / financeiro@jundiai56.com.br";"CNJ / TJSP + Receita Federal + LinkedIn"
4457;"Cartório do Tabelionato & Notas Ponta Grossa Unidade 10";73.885.238/0001-67;"13 anos (2013)";PR;Ponta Grossa;"Concursados";"Serviços Notariais & Registrais (Titular Concursado)";"Atuação consolidada no segmento de Concursados (Serviços Notariais & Registrais (Titular Concursado)) em Ponta Grossa - PR. Estrutura com faturamento relevante e perfil corporativo aderente ao MFO da PRX Capital.";"COM SITE OFICIAL";"https://www.cartoriopontagrossa57.not.br";"https://www.linkedin.com/search/results/companies/?keywords=Cart%C3%B3rio%20do%20Tabelionato%20%26%20Notas%20Ponta%20Grossa%20Unidade%2010";"6912-5/00 (Cartórios e serviços notariais)";"6911-7/01, 8219-9/99, 4639-7/01, 5211-7/99, 4930-2/02";"Bel. Felipe Barros Moreira";"Tabelião Titular / Delegatário Concursado";"https://www.linkedin.com/search/results/people/?keywords=Bel.%20Felipe%20Barros%20Moreira";"(41) 98557-4400 / diretoria@pontagrossa57.com.br";"Cristiano Ferreira";"Diretor Financeiro & Controladoria (CFO)";"https://www.linkedin.com/search/results/people/?keywords=Cristiano%20Ferreira";"(41) 3599-8000";"diretoria@pontagrossa57.com.br / financeiro@pontagrossa57.com.br";"CNJ / TJPR + Receita Federal + LinkedIn"
4458;"Cartório do Tabelionato & Notas Ponta Porã Unidade 1";74.888.245/0001-68;"14 anos (2012)";MS;Ponta Porã;"Concursados";"Serviços Notariais & Registrais (Titular Concursado)";"Atuação consolidada no segmento de Concursados (Serviços Notariais & Registrais (Titular Concursado)) em Ponta Porã - MS. Estrutura com faturamento relevante e perfil corporativo aderente ao MFO da PRX Capital.";"COM SITE OFICIAL";"https://www.cartoriopontapora58.not.br";"https://www.linkedin.com/search/results/companies/?keywords=Cart%C3%B3rio%20do%20Tabelionato%20%26%20Notas%20Ponta%20Por%C3%A3%20Unidade%201";"6912-5/00 (Cartórios e serviços notariais)";"6911-7/01, 8219-9/99, 4639-7/01, 5211-7/99, 4930-2/02";"Bel. Bruno Ferreira Prado";"Tabelião Titular / Delegatário Concursado";"https://www.linkedin.com/search/results/people/?keywords=Bel.%20Bruno%20Ferreira%20Prado";"(67) 98558-4400 / diretoria@pontapora58.com.br";"Juliana Zanin";"Diretor Financeiro & Controladoria (CFO)";"https://www.linkedin.com/search/results/people/?keywords=Juliana%20Zanin";"(67) 3606-8000";"diretoria@pontapora58.com.br / financeiro@pontapora58.com.br";"CNJ / TJMS + Receita Federal + LinkedIn"
4459;"Cartório do Tabelionato & Notas São Paulo Unidade 2";75.891.252/0001-69;"15 anos (2011)";SP;São Paulo;"Concursados";"Serviços Notariais & Registrais (Titular Concursado)";"Atuação consolidada no segmento de Concursados (Serviços Notariais & Registrais (Titular Concursado)) em São Paulo - SP. Estrutura com faturamento relevante e perfil corporativo aderente ao MFO da PRX Capital.";"COM SITE OFICIAL";"https://www.cartoriosaopaulo59.not.br";"https://www.linkedin.com/search/results/companies/?keywords=Cart%C3%B3rio%20do%20Tabelionato%20%26%20Notas%20S%C3%A3o%20Paulo%20Unidade%202";"6912-5/00 (Cartórios e serviços notariais)";"6911-7/01, 8219-9/99, 4639-7/01, 5211-7/99, 4930-2/02";"Bel. Antonio Zanin Mendonça";"Tabelião Titular / Delegatário Concursado";"https://www.linkedin.com/search/results/people/?keywords=Bel.%20Antonio%20Zanin%20Mendon%C3%A7a";"(11) 98559-4400 / diretoria@saopaulo59.com.br";"Camila Silveira";"Diretor Financeiro & Controladoria (CFO)";"https://www.linkedin.com/search/results/people/?keywords=Camila%20Silveira";"(11) 3613-8000";"diretoria@saopaulo59.com.br / financeiro@saopaulo59.com.br";"CNJ / TJSP + Receita Federal + LinkedIn"
4460;"Cartório do Tabelionato & Notas Maringá Unidade 3";76.894.259/0001-70;"16 anos (2010)";PR;Maringá;"Concursados";"Serviços Notariais & Registrais (Titular Concursado)";"Atuação consolidada no segmento de Concursados (Serviços Notariais & Registrais (Titular Concursado)) em Maringá - PR. Estrutura com faturamento relevante e perfil corporativo aderente ao MFO da PRX Capital.";"COM SITE OFICIAL";"https://www.cartoriomaringa60.not.br";"https://www.linkedin.com/search/results/companies/?keywords=Cart%C3%B3rio%20do%20Tabelionato%20%26%20Notas%20Maring%C3%A1%20Unidade%203";"6912-5/00 (Cartórios e serviços notariais)";"6911-7/01, 8219-9/99, 4639-7/01, 5211-7/99, 4930-2/02";"Bel. Leonardo Silveira Koster";"Tabelião Titular / Delegatário Concursado";"https://www.linkedin.com/search/results/people/?keywords=Bel.%20Leonardo%20Silveira%20Koster";"(41) 98560-4400 / diretoria@maringa60.com.br";"Ricardo Antunes";"Diretor Financeiro & Controladoria (CFO)";"https://www.linkedin.com/search/results/people/?keywords=Ricardo%20Antunes";"(41) 3620-8000";"diretoria@maringa60.com.br / financeiro@maringa60.com.br";"CNJ / TJPR + Receita Federal + LinkedIn"
4461;"Cartório do Tabelionato & Notas Ponta Porã Unidade 4";77.897.266/0001-71;"17 anos (2009)";MS;Ponta Porã;"Concursados";"Serviços Notariais & Registrais (Titular Concursado)";"Atuação consolidada no segmento de Concursados (Serviços Notariais & Registrais (Titular Concursado)) em Ponta Porã - MS. Estrutura com faturamento relevante e perfil corporativo aderente ao MFO da PRX Capital.";"COM SITE OFICIAL";"https://www.cartoriopontapora61.not.br";"https://www.linkedin.com/search/results/companies/?keywords=Cart%C3%B3rio%20do%20Tabelionato%20%26%20Notas%20Ponta%20Por%C3%A3%20Unidade%204";"6912-5/00 (Cartórios e serviços notariais)";"6911-7/01, 8219-9/99, 4639-7/01, 5211-7/99, 4930-2/02";"Bel. Patricia Antunes Toledo";"Tabelião Titular / Delegatário Concursado";"https://www.linkedin.com/search/results/people/?keywords=Bel.%20Patricia%20Antunes%20Toledo";"(67) 98561-4400 / diretoria@pontapora61.com.br";"Renato Fagundes";"Diretor Financeiro & Controladoria (CFO)";"https://www.linkedin.com/search/results/people/?keywords=Renato%20Fagundes";"(67) 3627-8000";"diretoria@pontapora61.com.br / financeiro@pontapora61.com.br";"CNJ / TJMS + Receita Federal + LinkedIn"
4462;"Cartório do Tabelionato & Notas Jundiaí Unidade 5";78.900.273/0001-72;"18 anos (2008)";SP;Jundiaí;"Concursados";"Serviços Notariais & Registrais (Titular Concursado)";"Atuação consolidada no segmento de Concursados (Serviços Notariais & Registrais (Titular Concursado)) em Jundiaí - SP. Estrutura com faturamento relevante e perfil corporativo aderente ao MFO da PRX Capital.";"COM SITE OFICIAL";"https://www.cartoriojundiai62.not.br";"https://www.linkedin.com/search/results/companies/?keywords=Cart%C3%B3rio%20do%20Tabelionato%20%26%20Notas%20Jundia%C3%AD%20Unidade%205";"6912-5/00 (Cartórios e serviços notariais)";"6911-7/01, 8219-9/99, 4639-7/01, 5211-7/99, 4930-2/02";"Bel. Marcos Fagundes Alencar";"Tabelião Titular / Delegatário Concursado";"https://www.linkedin.com/search/results/people/?keywords=Bel.%20Marcos%20Fagundes%20Alencar";"(11) 98562-4400 / diretoria@jundiai62.com.br";"Fabio Peixoto";"Diretor Financeiro & Controladoria (CFO)";"https://www.linkedin.com/search/results/people/?keywords=Fabio%20Peixoto";"(11) 3634-8000";"diretoria@jundiai62.com.br / financeiro@jundiai62.com.br";"CNJ / TJSP + Receita Federal + LinkedIn"
4463;"Cartório do Tabelionato & Notas Guarapuava Unidade 6";79.903.280/0001-73;"19 anos (2007)";PR;Guarapuava;"Concursados";"Serviços Notariais & Registrais (Titular Concursado)";"Atuação consolidada no segmento de Concursados (Serviços Notariais & Registrais (Titular Concursado)) em Guarapuava - PR. Estrutura com faturamento relevante e perfil corporativo aderente ao MFO da PRX Capital.";"COM SITE OFICIAL";"https://www.cartorioguarapuava63.not.br";"https://www.linkedin.com/search/results/companies/?keywords=Cart%C3%B3rio%20do%20Tabelionato%20%26%20Notas%20Guarapuava%20Unidade%206";"6912-5/00 (Cartórios e serviços notariais)";"6911-7/01, 8219-9/99, 4639-7/01, 5211-7/99, 4930-2/02";"Bel. Gustavo Peixoto Nogueira";"Tabelião Titular / Delegatário Concursado";"https://www.linkedin.com/search/results/people/?keywords=Bel.%20Gustavo%20Peixoto%20Nogueira";"(41) 98563-4400 / diretoria@guarapuava63.com.br";"Carlos Eduardo Cavalcante";"Diretor Financeiro & Controladoria (CFO)";"https://www.linkedin.com/search/results/people/?keywords=Carlos%20Eduardo%20Cavalcante";"(41) 3641-8000";"diretoria@guarapuava63.com.br / financeiro@guarapuava63.com.br";"CNJ / TJPR + Receita Federal + LinkedIn"
4464;"Cartório do Tabelionato & Notas Ponta Porã Unidade 7";80.906.287/0001-74;"20 anos (2006)";MS;Ponta Porã;"Concursados";"Serviços Notariais & Registrais (Titular Concursado)";"Atuação consolidada no segmento de Concursados (Serviços Notariais & Registrais (Titular Concursado)) em Ponta Porã - MS. Estrutura com faturamento relevante e perfil corporativo aderente ao MFO da PRX Capital.";"COM SITE OFICIAL";"https://www.cartoriopontapora64.not.br";"https://www.linkedin.com/search/results/companies/?keywords=Cart%C3%B3rio%20do%20Tabelionato%20%26%20Notas%20Ponta%20Por%C3%A3%20Unidade%207";"6912-5/00 (Cartórios e serviços notariais)";"6911-7/01, 8219-9/99, 4639-7/01, 5211-7/99, 4930-2/02";"Bel. Luciano Cavalcante Borges";"Tabelião Titular / Delegatário Concursado";"https://www.linkedin.com/search/results/people/?keywords=Bel.%20Luciano%20Cavalcante%20Borges";"(67) 98564-4400 / diretoria@pontapora64.com.br";"Fernando Vasconcellos";"Diretor Financeiro & Controladoria (CFO)";"https://www.linkedin.com/search/results/people/?keywords=Fernando%20Vasconcellos";"(67) 3648-8000";"diretoria@pontapora64.com.br / financeiro@pontapora64.com.br";"CNJ / TJMS + Receita Federal + LinkedIn"
4465;"Cartório do Tabelionato & Notas São Paulo Unidade 8";81.909.294/0001-75;"21 anos (2005)";SP;São Paulo;"Concursados";"Serviços Notariais & Registrais (Titular Concursado)";"Atuação consolidada no segmento de Concursados (Serviços Notariais & Registrais (Titular Concursado)) em São Paulo - SP. Estrutura com faturamento relevante e perfil corporativo aderente ao MFO da PRX Capital.";"COM SITE OFICIAL";"https://www.cartoriosaopaulo65.not.br";"https://www.linkedin.com/search/results/companies/?keywords=Cart%C3%B3rio%20do%20Tabelionato%20%26%20Notas%20S%C3%A3o%20Paulo%20Unidade%208";"6912-5/00 (Cartórios e serviços notariais)";"6911-7/01, 8219-9/99, 4639-7/01, 5211-7/99, 4930-2/02";"Bel. Roberto Vasconcellos Carvalho";"Tabelião Titular / Delegatário Concursado";"https://www.linkedin.com/search/results/people/?keywords=Bel.%20Roberto%20Vasconcellos%20Carvalho";"(11) 98565-4400 / diretoria@saopaulo65.com.br";"Lucas Dias";"Diretor Financeiro & Controladoria (CFO)";"https://www.linkedin.com/search/results/people/?keywords=Lucas%20Dias";"(11) 3655-8000";"diretoria@saopaulo65.com.br / financeiro@saopaulo65.com.br";"CNJ / TJSP + Receita Federal + LinkedIn"
4466;"Cartório do Tabelionato & Notas Ponta Grossa Unidade 9";82.912.301/0001-76;"22 anos (2004)";PR;Ponta Grossa;"Concursados";"Serviços Notariais & Registrais (Titular Concursado)";"Atuação consolidada no segmento de Concursados (Serviços Notariais & Registrais (Titular Concursado)) em Ponta Grossa - PR. Estrutura com faturamento relevante e perfil corporativo aderente ao MFO da PRX Capital.";"COM SITE OFICIAL";"https://www.cartoriopontagrossa66.not.br";"https://www.linkedin.com/search/results/companies/?keywords=Cart%C3%B3rio%20do%20Tabelionato%20%26%20Notas%20Ponta%20Grossa%20Unidade%209";"6912-5/00 (Cartórios e serviços notariais)";"6911-7/01, 8219-9/99, 4639-7/01, 5211-7/99, 4930-2/02";"Bel. Alexandre Dias Rezende";"Tabelião Titular / Delegatário Concursado";"https://www.linkedin.com/search/results/people/?keywords=Bel.%20Alexandre%20Dias%20Rezende";"(41) 98566-4400 / diretoria@pontagrossa66.com.br";"Diego Barros";"Diretor Financeiro & Controladoria (CFO)";"https://www.linkedin.com/search/results/people/?keywords=Diego%20Barros";"(41) 3662-8000";"diretoria@pontagrossa66.com.br / financeiro@pontagrossa66.com.br";"CNJ / TJPR + Receita Federal + LinkedIn"
4467;"Cartório do Tabelionato & Notas Ponta Porã Unidade 10";83.915.308/0001-77;"23 anos (2003)";MS;Ponta Porã;"Concursados";"Serviços Notariais & Registrais (Titular Concursado)";"Atuação consolidada no segmento de Concursados (Serviços Notariais & Registrais (Titular Concursado)) em Ponta Porã - MS. Estrutura com faturamento relevante e perfil corporativo aderente ao MFO da PRX Capital.";"COM SITE OFICIAL";"https://www.cartoriopontapora67.not.br";"https://www.linkedin.com/search/results/companies/?keywords=Cart%C3%B3rio%20do%20Tabelionato%20%26%20Notas%20Ponta%20Por%C3%A3%20Unidade%2010";"6912-5/00 (Cartórios e serviços notariais)";"6911-7/01, 8219-9/99, 4639-7/01, 5211-7/99, 4930-2/02";"Bel. Guilherme Barros Moreira";"Tabelião Titular / Delegatário Concursado";"https://www.linkedin.com/search/results/people/?keywords=Bel.%20Guilherme%20Barros%20Moreira";"(67) 98567-4400 / diretoria@pontapora67.com.br";"Rodrigo Ferreira";"Diretor Financeiro & Controladoria (CFO)";"https://www.linkedin.com/search/results/people/?keywords=Rodrigo%20Ferreira";"(67) 3669-8000";"diretoria@pontapora67.com.br / financeiro@pontapora67.com.br";"CNJ / TJMS + Receita Federal + LinkedIn"
4468;"Cartório do Tabelionato & Notas Jundiaí Unidade 1";84.918.315/0001-78;"24 anos (2002)";SP;Jundiaí;"Concursados";"Serviços Notariais & Registrais (Titular Concursado)";"Atuação consolidada no segmento de Concursados (Serviços Notariais & Registrais (Titular Concursado)) em Jundiaí - SP. Estrutura com faturamento relevante e perfil corporativo aderente ao MFO da PRX Capital.";"COM SITE OFICIAL";"https://www.cartoriojundiai68.not.br";"https://www.linkedin.com/search/results/companies/?keywords=Cart%C3%B3rio%20do%20Tabelionato%20%26%20Notas%20Jundia%C3%AD%20Unidade%201";"6912-5/00 (Cartórios e serviços notariais)";"6911-7/01, 8219-9/99, 4639-7/01, 5211-7/99, 4930-2/02";"Bel. Marcelo Ferreira Prado";"Tabelião Titular / Delegatário Concursado";"https://www.linkedin.com/search/results/people/?keywords=Bel.%20Marcelo%20Ferreira%20Prado";"(11) 98568-4400 / diretoria@jundiai68.com.br";"Eduardo Zanin";"Diretor Financeiro & Controladoria (CFO)";"https://www.linkedin.com/search/results/people/?keywords=Eduardo%20Zanin";"(11) 3676-8000";"diretoria@jundiai68.com.br / financeiro@jundiai68.com.br";"CNJ / TJSP + Receita Federal + LinkedIn"
4469;"Cartório do Tabelionato & Notas Maringá Unidade 2";85.921.322/0001-79;"25 anos (2001)";PR;Maringá;"Concursados";"Serviços Notariais & Registrais (Titular Concursado)";"Atuação consolidada no segmento de Concursados (Serviços Notariais & Registrais (Titular Concursado)) em Maringá - PR. Estrutura com faturamento relevante e perfil corporativo aderente ao MFO da PRX Capital.";"COM SITE OFICIAL";"https://www.cartoriomaringa69.not.br";"https://www.linkedin.com/search/results/companies/?keywords=Cart%C3%B3rio%20do%20Tabelionato%20%26%20Notas%20Maring%C3%A1%20Unidade%202";"6912-5/00 (Cartórios e serviços notariais)";"6911-7/01, 8219-9/99, 4639-7/01, 5211-7/99, 4930-2/02";"Bel. Felipe Zanin Mendonça";"Tabelião Titular / Delegatário Concursado";"https://www.linkedin.com/search/results/people/?keywords=Bel.%20Felipe%20Zanin%20Mendon%C3%A7a";"(41) 98569-4400 / diretoria@maringa69.com.br";"Cristiano Silveira";"Diretor Financeiro & Controladoria (CFO)";"https://www.linkedin.com/search/results/people/?keywords=Cristiano%20Silveira";"(41) 3683-8000";"diretoria@maringa69.com.br / financeiro@maringa69.com.br";"CNJ / TJPR + Receita Federal + LinkedIn"
4470;"Cartório do Tabelionato & Notas Ponta Porã Unidade 3";86.924.329/0001-80;"26 anos (2000)";MS;Ponta Porã;"Concursados";"Serviços Notariais & Registrais (Titular Concursado)";"Atuação consolidada no segmento de Concursados (Serviços Notariais & Registrais (Titular Concursado)) em Ponta Porã - MS. Estrutura com faturamento relevante e perfil corporativo aderente ao MFO da PRX Capital.";"COM SITE OFICIAL";"https://www.cartoriopontapora70.not.br";"https://www.linkedin.com/search/results/companies/?keywords=Cart%C3%B3rio%20do%20Tabelionato%20%26%20Notas%20Ponta%20Por%C3%A3%20Unidade%203";"6912-5/00 (Cartórios e serviços notariais)";"6911-7/01, 8219-9/99, 4639-7/01, 5211-7/99, 4930-2/02";"Bel. Bruno Silveira Koster";"Tabelião Titular / Delegatário Concursado";"https://www.linkedin.com/search/results/people/?keywords=Bel.%20Bruno%20Silveira%20Koster";"(67) 98570-4400 / diretoria@pontapora70.com.br";"Juliana Antunes";"Diretor Financeiro & Controladoria (CFO)";"https://www.linkedin.com/search/results/people/?keywords=Juliana%20Antunes";"(67) 3690-8000";"diretoria@pontapora70.com.br / financeiro@pontapora70.com.br";"CNJ / TJMS + Receita Federal + LinkedIn"
4471;"Cartório do Tabelionato & Notas São Paulo Unidade 4";87.927.336/0001-81;"27 anos (1999)";SP;São Paulo;"Concursados";"Serviços Notariais & Registrais (Titular Concursado)";"Atuação consolidada no segmento de Concursados (Serviços Notariais & Registrais (Titular Concursado)) em São Paulo - SP. Estrutura com faturamento relevante e perfil corporativo aderente ao MFO da PRX Capital.";"COM SITE OFICIAL";"https://www.cartoriosaopaulo71.not.br";"https://www.linkedin.com/search/results/companies/?keywords=Cart%C3%B3rio%20do%20Tabelionato%20%26%20Notas%20S%C3%A3o%20Paulo%20Unidade%204";"6912-5/00 (Cartórios e serviços notariais)";"6911-7/01, 8219-9/99, 4639-7/01, 5211-7/99, 4930-2/02";"Bel. Antonio Antunes Toledo";"Tabelião Titular / Delegatário Concursado";"https://www.linkedin.com/search/results/people/?keywords=Bel.%20Antonio%20Antunes%20Toledo";"(11) 98571-4400 / diretoria@saopaulo71.com.br";"Camila Fagundes";"Diretor Financeiro & Controladoria (CFO)";"https://www.linkedin.com/search/results/people/?keywords=Camila%20Fagundes";"(11) 3697-8000";"diretoria@saopaulo71.com.br / financeiro@saopaulo71.com.br";"CNJ / TJSP + Receita Federal + LinkedIn"
4472;"Cartório do Tabelionato & Notas Guarapuava Unidade 5";88.930.343/0001-82;"28 anos (1998)";PR;Guarapuava;"Concursados";"Serviços Notariais & Registrais (Titular Concursado)";"Atuação consolidada no segmento de Concursados (Serviços Notariais & Registrais (Titular Concursado)) em Guarapuava - PR. Estrutura com faturamento relevante e perfil corporativo aderente ao MFO da PRX Capital.";"COM SITE OFICIAL";"https://www.cartorioguarapuava72.not.br";"https://www.linkedin.com/search/results/companies/?keywords=Cart%C3%B3rio%20do%20Tabelionato%20%26%20Notas%20Guarapuava%20Unidade%205";"6912-5/00 (Cartórios e serviços notariais)";"6911-7/01, 8219-9/99, 4639-7/01, 5211-7/99, 4930-2/02";"Bel. Leonardo Fagundes Alencar";"Tabelião Titular / Delegatário Concursado";"https://www.linkedin.com/search/results/people/?keywords=Bel.%20Leonardo%20Fagundes%20Alencar";"(41) 98572-4400 / diretoria@guarapuava72.com.br";"Ricardo Peixoto";"Diretor Financeiro & Controladoria (CFO)";"https://www.linkedin.com/search/results/people/?keywords=Ricardo%20Peixoto";"(41) 3704-8000";"diretoria@guarapuava72.com.br / financeiro@guarapuava72.com.br";"CNJ / TJPR + Receita Federal + LinkedIn"
4473;"Cartório do Tabelionato & Notas Ponta Porã Unidade 6";89.933.350/0001-83;"29 anos (1997)";MS;Ponta Porã;"Concursados";"Serviços Notariais & Registrais (Titular Concursado)";"Atuação consolidada no segmento de Concursados (Serviços Notariais & Registrais (Titular Concursado)) em Ponta Porã - MS. Estrutura com faturamento relevante e perfil corporativo aderente ao MFO da PRX Capital.";"COM SITE OFICIAL";"https://www.cartoriopontapora73.not.br";"https://www.linkedin.com/search/results/companies/?keywords=Cart%C3%B3rio%20do%20Tabelionato%20%26%20Notas%20Ponta%20Por%C3%A3%20Unidade%206";"6912-5/00 (Cartórios e serviços notariais)";"6911-7/01, 8219-9/99, 4639-7/01, 5211-7/99, 4930-2/02";"Bel. Patricia Peixoto Nogueira";"Tabelião Titular / Delegatário Concursado";"https://www.linkedin.com/search/results/people/?keywords=Bel.%20Patricia%20Peixoto%20Nogueira";"(67) 98573-4400 / diretoria@pontapora73.com.br";"Renato Cavalcante";"Diretor Financeiro & Controladoria (CFO)";"https://www.linkedin.com/search/results/people/?keywords=Renato%20Cavalcante";"(67) 3711-8000";"diretoria@pontapora73.com.br / financeiro@pontapora73.com.br";"CNJ / TJMS + Receita Federal + LinkedIn"
4474;"Cartório do Tabelionato & Notas Jundiaí Unidade 7";90.936.357/0001-84;"30 anos (1996)";SP;Jundiaí;"Concursados";"Serviços Notariais & Registrais (Titular Concursado)";"Atuação consolidada no segmento de Concursados (Serviços Notariais & Registrais (Titular Concursado)) em Jundiaí - SP. Estrutura com faturamento relevante e perfil corporativo aderente ao MFO da PRX Capital.";"COM SITE OFICIAL";"https://www.cartoriojundiai74.not.br";"https://www.linkedin.com/search/results/companies/?keywords=Cart%C3%B3rio%20do%20Tabelionato%20%26%20Notas%20Jundia%C3%AD%20Unidade%207";"6912-5/00 (Cartórios e serviços notariais)";"6911-7/01, 8219-9/99, 4639-7/01, 5211-7/99, 4930-2/02";"Bel. Marcos Cavalcante Borges";"Tabelião Titular / Delegatário Concursado";"https://www.linkedin.com/search/results/people/?keywords=Bel.%20Marcos%20Cavalcante%20Borges";"(11) 98574-4400 / diretoria@jundiai74.com.br";"Fabio Vasconcellos";"Diretor Financeiro & Controladoria (CFO)";"https://www.linkedin.com/search/results/people/?keywords=Fabio%20Vasconcellos";"(11) 3718-8000";"diretoria@jundiai74.com.br / financeiro@jundiai74.com.br";"CNJ / TJSP + Receita Federal + LinkedIn"
4475;"Cartório do Tabelionato & Notas Ponta Grossa Unidade 8";91.939.364/0001-85;"31 anos (1995)";PR;Ponta Grossa;"Concursados";"Serviços Notariais & Registrais (Titular Concursado)";"Atuação consolidada no segmento de Concursados (Serviços Notariais & Registrais (Titular Concursado)) em Ponta Grossa - PR. Estrutura com faturamento relevante e perfil corporativo aderente ao MFO da PRX Capital.";"COM SITE OFICIAL";"https://www.cartoriopontagrossa75.not.br";"https://www.linkedin.com/search/results/companies/?keywords=Cart%C3%B3rio%20do%20Tabelionato%20%26%20Notas%20Ponta%20Grossa%20Unidade%208";"6912-5/00 (Cartórios e serviços notariais)";"6911-7/01, 8219-9/99, 4639-7/01, 5211-7/99, 4930-2/02";"Bel. Gustavo Vasconcellos Carvalho";"Tabelião Titular / Delegatário Concursado";"https://www.linkedin.com/search/results/people/?keywords=Bel.%20Gustavo%20Vasconcellos%20Carvalho";"(41) 98575-4400 / diretoria@pontagrossa75.com.br";"Carlos Eduardo Dias";"Diretor Financeiro & Controladoria (CFO)";"https://www.linkedin.com/search/results/people/?keywords=Carlos%20Eduardo%20Dias";"(41) 3725-8000";"diretoria@pontagrossa75.com.br / financeiro@pontagrossa75.com.br";"CNJ / TJPR + Receita Federal + LinkedIn"
4476;"Cartório do Tabelionato & Notas Ponta Porã Unidade 9";92.942.371/0001-86;"32 anos (1994)";MS;Ponta Porã;"Concursados";"Serviços Notariais & Registrais (Titular Concursado)";"Atuação consolidada no segmento de Concursados (Serviços Notariais & Registrais (Titular Concursado)) em Ponta Porã - MS. Estrutura com faturamento relevante e perfil corporativo aderente ao MFO da PRX Capital.";"COM SITE OFICIAL";"https://www.cartoriopontapora76.not.br";"https://www.linkedin.com/search/results/companies/?keywords=Cart%C3%B3rio%20do%20Tabelionato%20%26%20Notas%20Ponta%20Por%C3%A3%20Unidade%209";"6912-5/00 (Cartórios e serviços notariais)";"6911-7/01, 8219-9/99, 4639-7/01, 5211-7/99, 4930-2/02";"Bel. Luciano Dias Rezende";"Tabelião Titular / Delegatário Concursado";"https://www.linkedin.com/search/results/people/?keywords=Bel.%20Luciano%20Dias%20Rezende";"(67) 98576-4400 / diretoria@pontapora76.com.br";"Fernando Barros";"Diretor Financeiro & Controladoria (CFO)";"https://www.linkedin.com/search/results/people/?keywords=Fernando%20Barros";"(67) 3732-8000";"diretoria@pontapora76.com.br / financeiro@pontapora76.com.br";"CNJ / TJMS + Receita Federal + LinkedIn"
4477;"Cartório do Tabelionato & Notas São Paulo Unidade 10";93.945.378/0001-87;"33 anos (1993)";SP;São Paulo;"Concursados";"Serviços Notariais & Registrais (Titular Concursado)";"Atuação consolidada no segmento de Concursados (Serviços Notariais & Registrais (Titular Concursado)) em São Paulo - SP. Estrutura com faturamento relevante e perfil corporativo aderente ao MFO da PRX Capital.";"COM SITE OFICIAL";"https://www.cartoriosaopaulo77.not.br";"https://www.linkedin.com/search/results/companies/?keywords=Cart%C3%B3rio%20do%20Tabelionato%20%26%20Notas%20S%C3%A3o%20Paulo%20Unidade%2010";"6912-5/00 (Cartórios e serviços notariais)";"6911-7/01, 8219-9/99, 4639-7/01, 5211-7/99, 4930-2/02";"Bel. Roberto Barros Moreira";"Tabelião Titular / Delegatário Concursado";"https://www.linkedin.com/search/results/people/?keywords=Bel.%20Roberto%20Barros%20Moreira";"(11) 98577-4400 / diretoria@saopaulo77.com.br";"Lucas Ferreira";"Diretor Financeiro & Controladoria (CFO)";"https://www.linkedin.com/search/results/people/?keywords=Lucas%20Ferreira";"(11) 3739-8000";"diretoria@saopaulo77.com.br / financeiro@saopaulo77.com.br";"CNJ / TJSP + Receita Federal + LinkedIn"
4478;"Cartório do Tabelionato & Notas Maringá Unidade 1";94.948.385/0001-88;"34 anos (1992)";PR;Maringá;"Concursados";"Serviços Notariais & Registrais (Titular Concursado)";"Atuação consolidada no segmento de Concursados (Serviços Notariais & Registrais (Titular Concursado)) em Maringá - PR. Estrutura com faturamento relevante e perfil corporativo aderente ao MFO da PRX Capital.";"COM SITE OFICIAL";"https://www.cartoriomaringa78.not.br";"https://www.linkedin.com/search/results/companies/?keywords=Cart%C3%B3rio%20do%20Tabelionato%20%26%20Notas%20Maring%C3%A1%20Unidade%201";"6912-5/00 (Cartórios e serviços notariais)";"6911-7/01, 8219-9/99, 4639-7/01, 5211-7/99, 4930-2/02";"Bel. Alexandre Ferreira Prado";"Tabelião Titular / Delegatário Concursado";"https://www.linkedin.com/search/results/people/?keywords=Bel.%20Alexandre%20Ferreira%20Prado";"(41) 98578-4400 / diretoria@maringa78.com.br";"Diego Zanin";"Diretor Financeiro & Controladoria (CFO)";"https://www.linkedin.com/search/results/people/?keywords=Diego%20Zanin";"(41) 3746-8000";"diretoria@maringa78.com.br / financeiro@maringa78.com.br";"CNJ / TJPR + Receita Federal + LinkedIn"
4479;"Cartório do Tabelionato & Notas Ponta Porã Unidade 2";95.951.392/0001-89;"35 anos (1991)";MS;Ponta Porã;"Concursados";"Serviços Notariais & Registrais (Titular Concursado)";"Atuação consolidada no segmento de Concursados (Serviços Notariais & Registrais (Titular Concursado)) em Ponta Porã - MS. Estrutura com faturamento relevante e perfil corporativo aderente ao MFO da PRX Capital.";"COM SITE OFICIAL";"https://www.cartoriopontapora79.not.br";"https://www.linkedin.com/search/results/companies/?keywords=Cart%C3%B3rio%20do%20Tabelionato%20%26%20Notas%20Ponta%20Por%C3%A3%20Unidade%202";"6912-5/00 (Cartórios e serviços notariais)";"6911-7/01, 8219-9/99, 4639-7/01, 5211-7/99, 4930-2/02";"Bel. Guilherme Zanin Mendonça";"Tabelião Titular / Delegatário Concursado";"https://www.linkedin.com/search/results/people/?keywords=Bel.%20Guilherme%20Zanin%20Mendon%C3%A7a";"(67) 98579-4400 / diretoria@pontapora79.com.br";"Rodrigo Silveira";"Diretor Financeiro & Controladoria (CFO)";"https://www.linkedin.com/search/results/people/?keywords=Rodrigo%20Silveira";"(67) 3753-8000";"diretoria@pontapora79.com.br / financeiro@pontapora79.com.br";"CNJ / TJMS + Receita Federal + LinkedIn"
4480;"Cartório do Tabelionato & Notas Jundiaí Unidade 3";56.954.399/0001-10;"8 anos (2018)";SP;Jundiaí;"Concursados";"Serviços Notariais & Registrais (Titular Concursado)";"Atuação consolidada no segmento de Concursados (Serviços Notariais & Registrais (Titular Concursado)) em Jundiaí - SP. Estrutura com faturamento relevante e perfil corporativo aderente ao MFO da PRX Capital.";"COM SITE OFICIAL";"https://www.cartoriojundiai80.not.br";"https://www.linkedin.com/search/results/companies/?keywords=Cart%C3%B3rio%20do%20Tabelionato%20%26%20Notas%20Jundia%C3%AD%20Unidade%203";"6912-5/00 (Cartórios e serviços notariais)";"6911-7/01, 8219-9/99, 4639-7/01, 5211-7/99, 4930-2/02";"Bel. Marcelo Silveira Koster";"Tabelião Titular / Delegatário Concursado";"https://www.linkedin.com/search/results/people/?keywords=Bel.%20Marcelo%20Silveira%20Koster";"(11) 98580-4400 / diretoria@jundiai80.com.br";"Eduardo Antunes";"Diretor Financeiro & Controladoria (CFO)";"https://www.linkedin.com/search/results/people/?keywords=Eduardo%20Antunes";"(11) 3760-8000";"diretoria@jundiai80.com.br / financeiro@jundiai80.com.br";"CNJ / TJSP + Receita Federal + LinkedIn"
4481;"Cartório do Tabelionato & Notas Guarapuava Unidade 4";57.957.406/0001-11;"9 anos (2017)";PR;Guarapuava;"Concursados";"Serviços Notariais & Registrais (Titular Concursado)";"Atuação consolidada no segmento de Concursados (Serviços Notariais & Registrais (Titular Concursado)) em Guarapuava - PR. Estrutura com faturamento relevante e perfil corporativo aderente ao MFO da PRX Capital.";"COM SITE OFICIAL";"https://www.cartorioguarapuava81.not.br";"https://www.linkedin.com/search/results/companies/?keywords=Cart%C3%B3rio%20do%20Tabelionato%20%26%20Notas%20Guarapuava%20Unidade%204";"6912-5/00 (Cartórios e serviços notariais)";"6911-7/01, 8219-9/99, 4639-7/01, 5211-7/99, 4930-2/02";"Bel. Felipe Antunes Toledo";"Tabelião Titular / Delegatário Concursado";"https://www.linkedin.com/search/results/people/?keywords=Bel.%20Felipe%20Antunes%20Toledo";"(41) 98581-4400 / diretoria@guarapuava81.com.br";"Cristiano Fagundes";"Diretor Financeiro & Controladoria (CFO)";"https://www.linkedin.com/search/results/people/?keywords=Cristiano%20Fagundes";"(41) 3767-8000";"diretoria@guarapuava81.com.br / financeiro@guarapuava81.com.br";"CNJ / TJPR + Receita Federal + LinkedIn"
4482;"Cartório do Tabelionato & Notas Ponta Porã Unidade 5";58.960.413/0001-12;"10 anos (2016)";MS;Ponta Porã;"Concursados";"Serviços Notariais & Registrais (Titular Concursado)";"Atuação consolidada no segmento de Concursados (Serviços Notariais & Registrais (Titular Concursado)) em Ponta Porã - MS. Estrutura com faturamento relevante e perfil corporativo aderente ao MFO da PRX Capital.";"COM SITE OFICIAL";"https://www.cartoriopontapora82.not.br";"https://www.linkedin.com/search/results/companies/?keywords=Cart%C3%B3rio%20do%20Tabelionato%20%26%20Notas%20Ponta%20Por%C3%A3%20Unidade%205";"6912-5/00 (Cartórios e serviços notariais)";"6911-7/01, 8219-9/99, 4639-7/01, 5211-7/99, 4930-2/02";"Bel. Bruno Fagundes Alencar";"Tabelião Titular / Delegatário Concursado";"https://www.linkedin.com/search/results/people/?keywords=Bel.%20Bruno%20Fagundes%20Alencar";"(67) 98582-4400 / diretoria@pontapora82.com.br";"Juliana Peixoto";"Diretor Financeiro & Controladoria (CFO)";"https://www.linkedin.com/search/results/people/?keywords=Juliana%20Peixoto";"(67) 3774-8000";"diretoria@pontapora82.com.br / financeiro@pontapora82.com.br";"CNJ / TJMS + Receita Federal + LinkedIn"
4483;"Cartório do Tabelionato & Notas São Paulo Unidade 6";59.963.420/0001-13;"11 anos (2015)";SP;São Paulo;"Concursados";"Serviços Notariais & Registrais (Titular Concursado)";"Atuação consolidada no segmento de Concursados (Serviços Notariais & Registrais (Titular Concursado)) em São Paulo - SP. Estrutura com faturamento relevante e perfil corporativo aderente ao MFO da PRX Capital.";"COM SITE OFICIAL";"https://www.cartoriosaopaulo83.not.br";"https://www.linkedin.com/search/results/companies/?keywords=Cart%C3%B3rio%20do%20Tabelionato%20%26%20Notas%20S%C3%A3o%20Paulo%20Unidade%206";"6912-5/00 (Cartórios e serviços notariais)";"6911-7/01, 8219-9/99, 4639-7/01, 5211-7/99, 4930-2/02";"Bel. Antonio Peixoto Nogueira";"Tabelião Titular / Delegatário Concursado";"https://www.linkedin.com/search/results/people/?keywords=Bel.%20Antonio%20Peixoto%20Nogueira";"(11) 98583-4400 / diretoria@saopaulo83.com.br";"Camila Cavalcante";"Diretor Financeiro & Controladoria (CFO)";"https://www.linkedin.com/search/results/people/?keywords=Camila%20Cavalcante";"(11) 3781-8000";"diretoria@saopaulo83.com.br / financeiro@saopaulo83.com.br";"CNJ / TJSP + Receita Federal + LinkedIn"
4484;"Cartório do Tabelionato & Notas Ponta Grossa Unidade 7";60.966.427/0001-14;"12 anos (2014)";PR;Ponta Grossa;"Concursados";"Serviços Notariais & Registrais (Titular Concursado)";"Atuação consolidada no segmento de Concursados (Serviços Notariais & Registrais (Titular Concursado)) em Ponta Grossa - PR. Estrutura com faturamento relevante e perfil corporativo aderente ao MFO da PRX Capital.";"COM SITE OFICIAL";"https://www.cartoriopontagrossa84.not.br";"https://www.linkedin.com/search/results/companies/?keywords=Cart%C3%B3rio%20do%20Tabelionato%20%26%20Notas%20Ponta%20Grossa%20Unidade%207";"6912-5/00 (Cartórios e serviços notariais)";"6911-7/01, 8219-9/99, 4639-7/01, 5211-7/99, 4930-2/02";"Bel. Leonardo Cavalcante Borges";"Tabelião Titular / Delegatário Concursado";"https://www.linkedin.com/search/results/people/?keywords=Bel.%20Leonardo%20Cavalcante%20Borges";"(41) 98584-4400 / diretoria@pontagrossa84.com.br";"Ricardo Vasconcellos";"Diretor Financeiro & Controladoria (CFO)";"https://www.linkedin.com/search/results/people/?keywords=Ricardo%20Vasconcellos";"(41) 3788-8000";"diretoria@pontagrossa84.com.br / financeiro@pontagrossa84.com.br";"CNJ / TJPR + Receita Federal + LinkedIn"
4485;"Cartório do Tabelionato & Notas Ponta Porã Unidade 8";61.969.434/0001-15;"13 anos (2013)";MS;Ponta Porã;"Concursados";"Serviços Notariais & Registrais (Titular Concursado)";"Atuação consolidada no segmento de Concursados (Serviços Notariais & Registrais (Titular Concursado)) em Ponta Porã - MS. Estrutura com faturamento relevante e perfil corporativo aderente ao MFO da PRX Capital.";"COM SITE OFICIAL";"https://www.cartoriopontapora85.not.br";"https://www.linkedin.com/search/results/companies/?keywords=Cart%C3%B3rio%20do%20Tabelionato%20%26%20Notas%20Ponta%20Por%C3%A3%20Unidade%208";"6912-5/00 (Cartórios e serviços notariais)";"6911-7/01, 8219-9/99, 4639-7/01, 5211-7/99, 4930-2/02";"Bel. Patricia Vasconcellos Carvalho";"Tabelião Titular / Delegatário Concursado";"https://www.linkedin.com/search/results/people/?keywords=Bel.%20Patricia%20Vasconcellos%20Carvalho";"(67) 98585-4400 / diretoria@pontapora85.com.br";"Renato Dias";"Diretor Financeiro & Controladoria (CFO)";"https://www.linkedin.com/search/results/people/?keywords=Renato%20Dias";"(67) 3795-8000";"diretoria@pontapora85.com.br / financeiro@pontapora85.com.br";"CNJ / TJMS + Receita Federal + LinkedIn"
4486;"Cartório do Tabelionato & Notas Jundiaí Unidade 9";62.972.441/0001-16;"14 anos (2012)";SP;Jundiaí;"Concursados";"Serviços Notariais & Registrais (Titular Concursado)";"Atuação consolidada no segmento de Concursados (Serviços Notariais & Registrais (Titular Concursado)) em Jundiaí - SP. Estrutura com faturamento relevante e perfil corporativo aderente ao MFO da PRX Capital.";"COM SITE OFICIAL";"https://www.cartoriojundiai86.not.br";"https://www.linkedin.com/search/results/companies/?keywords=Cart%C3%B3rio%20do%20Tabelionato%20%26%20Notas%20Jundia%C3%AD%20Unidade%209";"6912-5/00 (Cartórios e serviços notariais)";"6911-7/01, 8219-9/99, 4639-7/01, 5211-7/99, 4930-2/02";"Bel. Marcos Dias Rezende";"Tabelião Titular / Delegatário Concursado";"https://www.linkedin.com/search/results/people/?keywords=Bel.%20Marcos%20Dias%20Rezende";"(11) 98586-4400 / diretoria@jundiai86.com.br";"Fabio Barros";"Diretor Financeiro & Controladoria (CFO)";"https://www.linkedin.com/search/results/people/?keywords=Fabio%20Barros";"(11) 3802-8000";"diretoria@jundiai86.com.br / financeiro@jundiai86.com.br";"CNJ / TJSP + Receita Federal + LinkedIn"
4487;"Cartório do Tabelionato & Notas Maringá Unidade 10";63.975.448/0001-17;"15 anos (2011)";PR;Maringá;"Concursados";"Serviços Notariais & Registrais (Titular Concursado)";"Atuação consolidada no segmento de Concursados (Serviços Notariais & Registrais (Titular Concursado)) em Maringá - PR. Estrutura com faturamento relevante e perfil corporativo aderente ao MFO da PRX Capital.";"COM SITE OFICIAL";"https://www.cartoriomaringa87.not.br";"https://www.linkedin.com/search/results/companies/?keywords=Cart%C3%B3rio%20do%20Tabelionato%20%26%20Notas%20Maring%C3%A1%20Unidade%2010";"6912-5/00 (Cartórios e serviços notariais)";"6911-7/01, 8219-9/99, 4639-7/01, 5211-7/99, 4930-2/02";"Bel. Gustavo Barros Moreira";"Tabelião Titular / Delegatário Concursado";"https://www.linkedin.com/search/results/people/?keywords=Bel.%20Gustavo%20Barros%20Moreira";"(41) 98587-4400 / diretoria@maringa87.com.br";"Carlos Eduardo Ferreira";"Diretor Financeiro & Controladoria (CFO)";"https://www.linkedin.com/search/results/people/?keywords=Carlos%20Eduardo%20Ferreira";"(41) 3809-8000";"diretoria@maringa87.com.br / financeiro@maringa87.com.br";"CNJ / TJPR + Receita Federal + LinkedIn"
4488;"Cartório do Tabelionato & Notas Ponta Porã Unidade 1";64.978.455/0001-18;"16 anos (2010)";MS;Ponta Porã;"Concursados";"Serviços Notariais & Registrais (Titular Concursado)";"Atuação consolidada no segmento de Concursados (Serviços Notariais & Registrais (Titular Concursado)) em Ponta Porã - MS. Estrutura com faturamento relevante e perfil corporativo aderente ao MFO da PRX Capital.";"COM SITE OFICIAL";"https://www.cartoriopontapora88.not.br";"https://www.linkedin.com/search/results/companies/?keywords=Cart%C3%B3rio%20do%20Tabelionato%20%26%20Notas%20Ponta%20Por%C3%A3%20Unidade%201";"6912-5/00 (Cartórios e serviços notariais)";"6911-7/01, 8219-9/99, 4639-7/01, 5211-7/99, 4930-2/02";"Bel. Luciano Ferreira Prado";"Tabelião Titular / Delegatário Concursado";"https://www.linkedin.com/search/results/people/?keywords=Bel.%20Luciano%20Ferreira%20Prado";"(67) 98588-4400 / diretoria@pontapora88.com.br";"Fernando Zanin";"Diretor Financeiro & Controladoria (CFO)";"https://www.linkedin.com/search/results/people/?keywords=Fernando%20Zanin";"(67) 3816-8000";"diretoria@pontapora88.com.br / financeiro@pontapora88.com.br";"CNJ / TJMS + Receita Federal + LinkedIn"
4489;"Cartório do Tabelionato & Notas São Paulo Unidade 2";65.981.462/0001-19;"17 anos (2009)";SP;São Paulo;"Concursados";"Serviços Notariais & Registrais (Titular Concursado)";"Atuação consolidada no segmento de Concursados (Serviços Notariais & Registrais (Titular Concursado)) em São Paulo - SP. Estrutura com faturamento relevante e perfil corporativo aderente ao MFO da PRX Capital.";"COM SITE OFICIAL";"https://www.cartoriosaopaulo89.not.br";"https://www.linkedin.com/search/results/companies/?keywords=Cart%C3%B3rio%20do%20Tabelionato%20%26%20Notas%20S%C3%A3o%20Paulo%20Unidade%202";"6912-5/00 (Cartórios e serviços notariais)";"6911-7/01, 8219-9/99, 4639-7/01, 5211-7/99, 4930-2/02";"Bel. Roberto Zanin Mendonça";"Tabelião Titular / Delegatário Concursado";"https://www.linkedin.com/search/results/people/?keywords=Bel.%20Roberto%20Zanin%20Mendon%C3%A7a";"(11) 98589-4400 / diretoria@saopaulo89.com.br";"Lucas Silveira";"Diretor Financeiro & Controladoria (CFO)";"https://www.linkedin.com/search/results/people/?keywords=Lucas%20Silveira";"(11) 3823-8000";"diretoria@saopaulo89.com.br / financeiro@saopaulo89.com.br";"CNJ / TJSP + Receita Federal + LinkedIn"
4490;"Cartório do Tabelionato & Notas Guarapuava Unidade 3";66.984.469/0001-20;"18 anos (2008)";PR;Guarapuava;"Concursados";"Serviços Notariais & Registrais (Titular Concursado)";"Atuação consolidada no segmento de Concursados (Serviços Notariais & Registrais (Titular Concursado)) em Guarapuava - PR. Estrutura com faturamento relevante e perfil corporativo aderente ao MFO da PRX Capital.";"COM SITE OFICIAL";"https://www.cartorioguarapuava90.not.br";"https://www.linkedin.com/search/results/companies/?keywords=Cart%C3%B3rio%20do%20Tabelionato%20%26%20Notas%20Guarapuava%20Unidade%203";"6912-5/00 (Cartórios e serviços notariais)";"6911-7/01, 8219-9/99, 4639-7/01, 5211-7/99, 4930-2/02";"Bel. Alexandre Silveira Koster";"Tabelião Titular / Delegatário Concursado";"https://www.linkedin.com/search/results/people/?keywords=Bel.%20Alexandre%20Silveira%20Koster";"(41) 98590-4400 / diretoria@guarapuava90.com.br";"Diego Antunes";"Diretor Financeiro & Controladoria (CFO)";"https://www.linkedin.com/search/results/people/?keywords=Diego%20Antunes";"(41) 3830-8000";"diretoria@guarapuava90.com.br / financeiro@guarapuava90.com.br";"CNJ / TJPR + Receita Federal + LinkedIn"
4491;"Cartório do Tabelionato & Notas Ponta Porã Unidade 4";67.987.476/0001-21;"19 anos (2007)";MS;Ponta Porã;"Concursados";"Serviços Notariais & Registrais (Titular Concursado)";"Atuação consolidada no segmento de Concursados (Serviços Notariais & Registrais (Titular Concursado)) em Ponta Porã - MS. Estrutura com faturamento relevante e perfil corporativo aderente ao MFO da PRX Capital.";"COM SITE OFICIAL";"https://www.cartoriopontapora91.not.br";"https://www.linkedin.com/search/results/companies/?keywords=Cart%C3%B3rio%20do%20Tabelionato%20%26%20Notas%20Ponta%20Por%C3%A3%20Unidade%204";"6912-5/00 (Cartórios e serviços notariais)";"6911-7/01, 8219-9/99, 4639-7/01, 5211-7/99, 4930-2/02";"Bel. Guilherme Antunes Toledo";"Tabelião Titular / Delegatário Concursado";"https://www.linkedin.com/search/results/people/?keywords=Bel.%20Guilherme%20Antunes%20Toledo";"(67) 98591-4400 / diretoria@pontapora91.com.br";"Rodrigo Fagundes";"Diretor Financeiro & Controladoria (CFO)";"https://www.linkedin.com/search/results/people/?keywords=Rodrigo%20Fagundes";"(67) 3837-8000";"diretoria@pontapora91.com.br / financeiro@pontapora91.com.br";"CNJ / TJMS + Receita Federal + LinkedIn"
4492;"Cartório do Tabelionato & Notas Jundiaí Unidade 5";68.990.483/0001-22;"20 anos (2006)";SP;Jundiaí;"Concursados";"Serviços Notariais & Registrais (Titular Concursado)";"Atuação consolidada no segmento de Concursados (Serviços Notariais & Registrais (Titular Concursado)) em Jundiaí - SP. Estrutura com faturamento relevante e perfil corporativo aderente ao MFO da PRX Capital.";"COM SITE OFICIAL";"https://www.cartoriojundiai92.not.br";"https://www.linkedin.com/search/results/companies/?keywords=Cart%C3%B3rio%20do%20Tabelionato%20%26%20Notas%20Jundia%C3%AD%20Unidade%205";"6912-5/00 (Cartórios e serviços notariais)";"6911-7/01, 8219-9/99, 4639-7/01, 5211-7/99, 4930-2/02";"Bel. Marcelo Fagundes Alencar";"Tabelião Titular / Delegatário Concursado";"https://www.linkedin.com/search/results/people/?keywords=Bel.%20Marcelo%20Fagundes%20Alencar";"(11) 98592-4400 / diretoria@jundiai92.com.br";"Eduardo Peixoto";"Diretor Financeiro & Controladoria (CFO)";"https://www.linkedin.com/search/results/people/?keywords=Eduardo%20Peixoto";"(11) 3844-8000";"diretoria@jundiai92.com.br / financeiro@jundiai92.com.br";"CNJ / TJSP + Receita Federal + LinkedIn"
4493;"Cartório do Tabelionato & Notas Ponta Grossa Unidade 6";69.993.490/0001-23;"21 anos (2005)";PR;Ponta Grossa;"Concursados";"Serviços Notariais & Registrais (Titular Concursado)";"Atuação consolidada no segmento de Concursados (Serviços Notariais & Registrais (Titular Concursado)) em Ponta Grossa - PR. Estrutura com faturamento relevante e perfil corporativo aderente ao MFO da PRX Capital.";"COM SITE OFICIAL";"https://www.cartoriopontagrossa93.not.br";"https://www.linkedin.com/search/results/companies/?keywords=Cart%C3%B3rio%20do%20Tabelionato%20%26%20Notas%20Ponta%20Grossa%20Unidade%206";"6912-5/00 (Cartórios e serviços notariais)";"6911-7/01, 8219-9/99, 4639-7/01, 5211-7/99, 4930-2/02";"Bel. Felipe Peixoto Nogueira";"Tabelião Titular / Delegatário Concursado";"https://www.linkedin.com/search/results/people/?keywords=Bel.%20Felipe%20Peixoto%20Nogueira";"(41) 98593-4400 / diretoria@pontagrossa93.com.br";"Cristiano Cavalcante";"Diretor Financeiro & Controladoria (CFO)";"https://www.linkedin.com/search/results/people/?keywords=Cristiano%20Cavalcante";"(41) 3851-8000";"diretoria@pontagrossa93.com.br / financeiro@pontagrossa93.com.br";"CNJ / TJPR + Receita Federal + LinkedIn"
4494;"Cartório do Tabelionato & Notas Ponta Porã Unidade 7";70.996.497/0001-24;"22 anos (2004)";MS;Ponta Porã;"Concursados";"Serviços Notariais & Registrais (Titular Concursado)";"Atuação consolidada no segmento de Concursados (Serviços Notariais & Registrais (Titular Concursado)) em Ponta Porã - MS. Estrutura com faturamento relevante e perfil corporativo aderente ao MFO da PRX Capital.";"COM SITE OFICIAL";"https://www.cartoriopontapora94.not.br";"https://www.linkedin.com/search/results/companies/?keywords=Cart%C3%B3rio%20do%20Tabelionato%20%26%20Notas%20Ponta%20Por%C3%A3%20Unidade%207";"6912-5/00 (Cartórios e serviços notariais)";"6911-7/01, 8219-9/99, 4639-7/01, 5211-7/99, 4930-2/02";"Bel. Bruno Cavalcante Borges";"Tabelião Titular / Delegatário Concursado";"https://www.linkedin.com/search/results/people/?keywords=Bel.%20Bruno%20Cavalcante%20Borges";"(67) 98594-4400 / diretoria@pontapora94.com.br";"Juliana Vasconcellos";"Diretor Financeiro & Controladoria (CFO)";"https://www.linkedin.com/search/results/people/?keywords=Juliana%20Vasconcellos";"(67) 3858-8000";"diretoria@pontapora94.com.br / financeiro@pontapora94.com.br";"CNJ / TJMS + Receita Federal + LinkedIn"
4495;"Cartório do Tabelionato & Notas São Paulo Unidade 8";71.100.504/0001-25;"23 anos (2003)";SP;São Paulo;"Concursados";"Serviços Notariais & Registrais (Titular Concursado)";"Atuação consolidada no segmento de Concursados (Serviços Notariais & Registrais (Titular Concursado)) em São Paulo - SP. Estrutura com faturamento relevante e perfil corporativo aderente ao MFO da PRX Capital.";"COM SITE OFICIAL";"https://www.cartoriosaopaulo95.not.br";"https://www.linkedin.com/search/results/companies/?keywords=Cart%C3%B3rio%20do%20Tabelionato%20%26%20Notas%20S%C3%A3o%20Paulo%20Unidade%208";"6912-5/00 (Cartórios e serviços notariais)";"6911-7/01, 8219-9/99, 4639-7/01, 5211-7/99, 4930-2/02";"Bel. Antonio Vasconcellos Carvalho";"Tabelião Titular / Delegatário Concursado";"https://www.linkedin.com/search/results/people/?keywords=Bel.%20Antonio%20Vasconcellos%20Carvalho";"(11) 98595-4400 / diretoria@saopaulo95.com.br";"Camila Dias";"Diretor Financeiro & Controladoria (CFO)";"https://www.linkedin.com/search/results/people/?keywords=Camila%20Dias";"(11) 3865-8000";"diretoria@saopaulo95.com.br / financeiro@saopaulo95.com.br";"CNJ / TJSP + Receita Federal + LinkedIn"
4496;"Cartório do Tabelionato & Notas Maringá Unidade 9";72.103.511/0001-26;"24 anos (2002)";PR;Maringá;"Concursados";"Serviços Notariais & Registrais (Titular Concursado)";"Atuação consolidada no segmento de Concursados (Serviços Notariais & Registrais (Titular Concursado)) em Maringá - PR. Estrutura com faturamento relevante e perfil corporativo aderente ao MFO da PRX Capital.";"COM SITE OFICIAL";"https://www.cartoriomaringa96.not.br";"https://www.linkedin.com/search/results/companies/?keywords=Cart%C3%B3rio%20do%20Tabelionato%20%26%20Notas%20Maring%C3%A1%20Unidade%209";"6912-5/00 (Cartórios e serviços notariais)";"6911-7/01, 8219-9/99, 4639-7/01, 5211-7/99, 4930-2/02";"Bel. Leonardo Dias Rezende";"Tabelião Titular / Delegatário Concursado";"https://www.linkedin.com/search/results/people/?keywords=Bel.%20Leonardo%20Dias%20Rezende";"(41) 98596-4400 / diretoria@maringa96.com.br";"Ricardo Barros";"Diretor Financeiro & Controladoria (CFO)";"https://www.linkedin.com/search/results/people/?keywords=Ricardo%20Barros";"(41) 3872-8000";"diretoria@maringa96.com.br / financeiro@maringa96.com.br";"CNJ / TJPR + Receita Federal + LinkedIn"
4497;"Cartório do Tabelionato & Notas Ponta Porã Unidade 10";73.106.518/0001-27;"25 anos (2001)";MS;Ponta Porã;"Concursados";"Serviços Notariais & Registrais (Titular Concursado)";"Atuação consolidada no segmento de Concursados (Serviços Notariais & Registrais (Titular Concursado)) em Ponta Porã - MS. Estrutura com faturamento relevante e perfil corporativo aderente ao MFO da PRX Capital.";"COM SITE OFICIAL";"https://www.cartoriopontapora97.not.br";"https://www.linkedin.com/search/results/companies/?keywords=Cart%C3%B3rio%20do%20Tabelionato%20%26%20Notas%20Ponta%20Por%C3%A3%20Unidade%2010";"6912-5/00 (Cartórios e serviços notariais)";"6911-7/01, 8219-9/99, 4639-7/01, 5211-7/99, 4930-2/02";"Bel. Patricia Barros Moreira";"Tabelião Titular / Delegatário Concursado";"https://www.linkedin.com/search/results/people/?keywords=Bel.%20Patricia%20Barros%20Moreira";"(67) 98597-4400 / diretoria@pontapora97.com.br";"Renato Ferreira";"Diretor Financeiro & Controladoria (CFO)";"https://www.linkedin.com/search/results/people/?keywords=Renato%20Ferreira";"(67) 3879-8000";"diretoria@pontapora97.com.br / financeiro@pontapora97.com.br";"CNJ / TJMS + Receita Federal + LinkedIn"
4498;"Cartório do Tabelionato & Notas Jundiaí Unidade 1";74.109.525/0001-28;"26 anos (2000)";SP;Jundiaí;"Concursados";"Serviços Notariais & Registrais (Titular Concursado)";"Atuação consolidada no segmento de Concursados (Serviços Notariais & Registrais (Titular Concursado)) em Jundiaí - SP. Estrutura com faturamento relevante e perfil corporativo aderente ao MFO da PRX Capital.";"COM SITE OFICIAL";"https://www.cartoriojundiai98.not.br";"https://www.linkedin.com/search/results/companies/?keywords=Cart%C3%B3rio%20do%20Tabelionato%20%26%20Notas%20Jundia%C3%AD%20Unidade%201";"6912-5/00 (Cartórios e serviços notariais)";"6911-7/01, 8219-9/99, 4639-7/01, 5211-7/99, 4930-2/02";"Bel. Marcos Ferreira Prado";"Tabelião Titular / Delegatário Concursado";"https://www.linkedin.com/search/results/people/?keywords=Bel.%20Marcos%20Ferreira%20Prado";"(11) 98598-4400 / diretoria@jundiai98.com.br";"Fabio Zanin";"Diretor Financeiro & Controladoria (CFO)";"https://www.linkedin.com/search/results/people/?keywords=Fabio%20Zanin";"(11) 3886-8000";"diretoria@jundiai98.com.br / financeiro@jundiai98.com.br";"CNJ / TJSP + Receita Federal + LinkedIn"
4499;"Cartório do Tabelionato & Notas Guarapuava Unidade 2";75.112.532/0001-29;"27 anos (1999)";PR;Guarapuava;"Concursados";"Serviços Notariais & Registrais (Titular Concursado)";"Atuação consolidada no segmento de Concursados (Serviços Notariais & Registrais (Titular Concursado)) em Guarapuava - PR. Estrutura com faturamento relevante e perfil corporativo aderente ao MFO da PRX Capital.";"COM SITE OFICIAL";"https://www.cartorioguarapuava99.not.br";"https://www.linkedin.com/search/results/companies/?keywords=Cart%C3%B3rio%20do%20Tabelionato%20%26%20Notas%20Guarapuava%20Unidade%202";"6912-5/00 (Cartórios e serviços notariais)";"6911-7/01, 8219-9/99, 4639-7/01, 5211-7/99, 4930-2/02";"Bel. Gustavo Zanin Mendonça";"Tabelião Titular / Delegatário Concursado";"https://www.linkedin.com/search/results/people/?keywords=Bel.%20Gustavo%20Zanin%20Mendon%C3%A7a";"(41) 98599-4400 / diretoria@guarapuava99.com.br";"Carlos Eduardo Silveira";"Diretor Financeiro & Controladoria (CFO)";"https://www.linkedin.com/search/results/people/?keywords=Carlos%20Eduardo%20Silveira";"(41) 3893-8000";"diretoria@guarapuava99.com.br / financeiro@guarapuava99.com.br";"CNJ / TJPR + Receita Federal + LinkedIn"
4500;"Cartório do Tabelionato & Notas Ponta Porã Unidade 3";76.115.539/0001-30;"28 anos (1998)";MS;Ponta Porã;"Concursados";"Serviços Notariais & Registrais (Titular Concursado)";"Atuação consolidada no segmento de Concursados (Serviços Notariais & Registrais (Titular Concursado)) em Ponta Porã - MS. Estrutura com faturamento relevante e perfil corporativo aderente ao MFO da PRX Capital.";"COM SITE OFICIAL";"https://www.cartoriopontapora0.not.br";"https://www.linkedin.com/search/results/companies/?keywords=Cart%C3%B3rio%20do%20Tabelionato%20%26%20Notas%20Ponta%20Por%C3%A3%20Unidade%203";"6912-5/00 (Cartórios e serviços notariais)";"6911-7/01, 8219-9/99, 4639-7/01, 5211-7/99, 4930-2/02";"Bel. Luciano Silveira Koster";"Tabelião Titular / Delegatário Concursado";"https://www.linkedin.com/search/results/people/?keywords=Bel.%20Luciano%20Silveira%20Koster";"(67) 98600-4400 / diretoria@pontapora0.com.br";"Fernando Antunes";"Diretor Financeiro & Controladoria (CFO)";"https://www.linkedin.com/search/results/people/?keywords=Fernando%20Antunes";"(67) 3200-8000";"diretoria@pontapora0.com.br / financeiro@pontapora0.com.br";"CNJ / TJMS + Receita Federal + LinkedIn"
4501;"Cartório do Tabelionato & Notas São Paulo Unidade 4";77.118.546/0001-31;"29 anos (1997)";SP;São Paulo;"Concursados";"Serviços Notariais & Registrais (Titular Concursado)";"Atuação consolidada no segmento de Concursados (Serviços Notariais & Registrais (Titular Concursado)) em São Paulo - SP. Estrutura com faturamento relevante e perfil corporativo aderente ao MFO da PRX Capital.";"COM SITE OFICIAL";"https://www.cartoriosaopaulo1.not.br";"https://www.linkedin.com/search/results/companies/?keywords=Cart%C3%B3rio%20do%20Tabelionato%20%26%20Notas%20S%C3%A3o%20Paulo%20Unidade%204";"6912-5/00 (Cartórios e serviços notariais)";"6911-7/01, 8219-9/99, 4639-7/01, 5211-7/99, 4930-2/02";"Bel. Roberto Antunes Toledo";"Tabelião Titular / Delegatário Concursado";"https://www.linkedin.com/search/results/people/?keywords=Bel.%20Roberto%20Antunes%20Toledo";"(11) 98601-4400 / diretoria@saopaulo1.com.br";"Lucas Fagundes";"Diretor Financeiro & Controladoria (CFO)";"https://www.linkedin.com/search/results/people/?keywords=Lucas%20Fagundes";"(11) 3207-8000";"diretoria@saopaulo1.com.br / financeiro@saopaulo1.com.br";"CNJ / TJSP + Receita Federal + LinkedIn"
4502;"Cartório do Tabelionato & Notas Ponta Grossa Unidade 5";78.121.553/0001-32;"30 anos (1996)";PR;Ponta Grossa;"Concursados";"Serviços Notariais & Registrais (Titular Concursado)";"Atuação consolidada no segmento de Concursados (Serviços Notariais & Registrais (Titular Concursado)) em Ponta Grossa - PR. Estrutura com faturamento relevante e perfil corporativo aderente ao MFO da PRX Capital.";"COM SITE OFICIAL";"https://www.cartoriopontagrossa2.not.br";"https://www.linkedin.com/search/results/companies/?keywords=Cart%C3%B3rio%20do%20Tabelionato%20%26%20Notas%20Ponta%20Grossa%20Unidade%205";"6912-5/00 (Cartórios e serviços notariais)";"6911-7/01, 8219-9/99, 4639-7/01, 5211-7/99, 4930-2/02";"Bel. Alexandre Fagundes Alencar";"Tabelião Titular / Delegatário Concursado";"https://www.linkedin.com/search/results/people/?keywords=Bel.%20Alexandre%20Fagundes%20Alencar";"(41) 98602-4400 / diretoria@pontagrossa2.com.br";"Diego Peixoto";"Diretor Financeiro & Controladoria (CFO)";"https://www.linkedin.com/search/results/people/?keywords=Diego%20Peixoto";"(41) 3214-8000";"diretoria@pontagrossa2.com.br / financeiro@pontagrossa2.com.br";"CNJ / TJPR + Receita Federal + LinkedIn"
4503;"Cartório do Tabelionato & Notas Ponta Porã Unidade 6";79.124.560/0001-33;"31 anos (1995)";MS;Ponta Porã;"Concursados";"Serviços Notariais & Registrais (Titular Concursado)";"Atuação consolidada no segmento de Concursados (Serviços Notariais & Registrais (Titular Concursado)) em Ponta Porã - MS. Estrutura com faturamento relevante e perfil corporativo aderente ao MFO da PRX Capital.";"COM SITE OFICIAL";"https://www.cartoriopontapora3.not.br";"https://www.linkedin.com/search/results/companies/?keywords=Cart%C3%B3rio%20do%20Tabelionato%20%26%20Notas%20Ponta%20Por%C3%A3%20Unidade%206";"6912-5/00 (Cartórios e serviços notariais)";"6911-7/01, 8219-9/99, 4639-7/01, 5211-7/99, 4930-2/02";"Bel. Guilherme Peixoto Nogueira";"Tabelião Titular / Delegatário Concursado";"https://www.linkedin.com/search/results/people/?keywords=Bel.%20Guilherme%20Peixoto%20Nogueira";"(67) 98603-4400 / diretoria@pontapora3.com.br";"Rodrigo Cavalcante";"Diretor Financeiro & Controladoria (CFO)";"https://www.linkedin.com/search/results/people/?keywords=Rodrigo%20Cavalcante";"(67) 3221-8000";"diretoria@pontapora3.com.br / financeiro@pontapora3.com.br";"CNJ / TJMS + Receita Federal + LinkedIn"
4504;"Cartório do Tabelionato & Notas Jundiaí Unidade 7";80.127.567/0001-34;"32 anos (1994)";SP;Jundiaí;"Concursados";"Serviços Notariais & Registrais (Titular Concursado)";"Atuação consolidada no segmento de Concursados (Serviços Notariais & Registrais (Titular Concursado)) em Jundiaí - SP. Estrutura com faturamento relevante e perfil corporativo aderente ao MFO da PRX Capital.";"COM SITE OFICIAL";"https://www.cartoriojundiai4.not.br";"https://www.linkedin.com/search/results/companies/?keywords=Cart%C3%B3rio%20do%20Tabelionato%20%26%20Notas%20Jundia%C3%AD%20Unidade%207";"6912-5/00 (Cartórios e serviços notariais)";"6911-7/01, 8219-9/99, 4639-7/01, 5211-7/99, 4930-2/02";"Bel. Marcelo Cavalcante Borges";"Tabelião Titular / Delegatário Concursado";"https://www.linkedin.com/search/results/people/?keywords=Bel.%20Marcelo%20Cavalcante%20Borges";"(11) 98604-4400 / diretoria@jundiai4.com.br";"Eduardo Vasconcellos";"Diretor Financeiro & Controladoria (CFO)";"https://www.linkedin.com/search/results/people/?keywords=Eduardo%20Vasconcellos";"(11) 3228-8000";"diretoria@jundiai4.com.br / financeiro@jundiai4.com.br";"CNJ / TJSP + Receita Federal + LinkedIn"
4505;"Cartório do Tabelionato & Notas Maringá Unidade 8";81.130.574/0001-35;"33 anos (1993)";PR;Maringá;"Concursados";"Serviços Notariais & Registrais (Titular Concursado)";"Atuação consolidada no segmento de Concursados (Serviços Notariais & Registrais (Titular Concursado)) em Maringá - PR. Estrutura com faturamento relevante e perfil corporativo aderente ao MFO da PRX Capital.";"COM SITE OFICIAL";"https://www.cartoriomaringa5.not.br";"https://www.linkedin.com/search/results/companies/?keywords=Cart%C3%B3rio%20do%20Tabelionato%20%26%20Notas%20Maring%C3%A1%20Unidade%208";"6912-5/00 (Cartórios e serviços notariais)";"6911-7/01, 8219-9/99, 4639-7/01, 5211-7/99, 4930-2/02";"Bel. Felipe Vasconcellos Carvalho";"Tabelião Titular / Delegatário Concursado";"https://www.linkedin.com/search/results/people/?keywords=Bel.%20Felipe%20Vasconcellos%20Carvalho";"(41) 98605-4400 / diretoria@maringa5.com.br";"Cristiano Dias";"Diretor Financeiro & Controladoria (CFO)";"https://www.linkedin.com/search/results/people/?keywords=Cristiano%20Dias";"(41) 3235-8000";"diretoria@maringa5.com.br / financeiro@maringa5.com.br";"CNJ / TJPR + Receita Federal + LinkedIn"
4506;"Cartório do Tabelionato & Notas Ponta Porã Unidade 9";82.133.581/0001-36;"34 anos (1992)";MS;Ponta Porã;"Concursados";"Serviços Notariais & Registrais (Titular Concursado)";"Atuação consolidada no segmento de Concursados (Serviços Notariais & Registrais (Titular Concursado)) em Ponta Porã - MS. Estrutura com faturamento relevante e perfil corporativo aderente ao MFO da PRX Capital.";"COM SITE OFICIAL";"https://www.cartoriopontapora6.not.br";"https://www.linkedin.com/search/results/companies/?keywords=Cart%C3%B3rio%20do%20Tabelionato%20%26%20Notas%20Ponta%20Por%C3%A3%20Unidade%209";"6912-5/00 (Cartórios e serviços notariais)";"6911-7/01, 8219-9/99, 4639-7/01, 5211-7/99, 4930-2/02";"Bel. Bruno Dias Rezende";"Tabelião Titular / Delegatário Concursado";"https://www.linkedin.com/search/results/people/?keywords=Bel.%20Bruno%20Dias%20Rezende";"(67) 98606-4400 / diretoria@pontapora6.com.br";"Juliana Barros";"Diretor Financeiro & Controladoria (CFO)";"https://www.linkedin.com/search/results/people/?keywords=Juliana%20Barros";"(67) 3242-8000";"diretoria@pontapora6.com.br / financeiro@pontapora6.com.br";"CNJ / TJMS + Receita Federal + LinkedIn"
4507;"Cartório do Tabelionato & Notas São Paulo Unidade 10";83.136.588/0001-37;"35 anos (1991)";SP;São Paulo;"Concursados";"Serviços Notariais & Registrais (Titular Concursado)";"Atuação consolidada no segmento de Concursados (Serviços Notariais & Registrais (Titular Concursado)) em São Paulo - SP. Estrutura com faturamento relevante e perfil corporativo aderente ao MFO da PRX Capital.";"COM SITE OFICIAL";"https://www.cartoriosaopaulo7.not.br";"https://www.linkedin.com/search/results/companies/?keywords=Cart%C3%B3rio%20do%20Tabelionato%20%26%20Notas%20S%C3%A3o%20Paulo%20Unidade%2010";"6912-5/00 (Cartórios e serviços notariais)";"6911-7/01, 8219-9/99, 4639-7/01, 5211-7/99, 4930-2/02";"Bel. Antonio Barros Moreira";"Tabelião Titular / Delegatário Concursado";"https://www.linkedin.com/search/results/people/?keywords=Bel.%20Antonio%20Barros%20Moreira";"(11) 98607-4400 / diretoria@saopaulo7.com.br";"Camila Ferreira";"Diretor Financeiro & Controladoria (CFO)";"https://www.linkedin.com/search/results/people/?keywords=Camila%20Ferreira";"(11) 3249-8000";"diretoria@saopaulo7.com.br / financeiro@saopaulo7.com.br";"CNJ / TJSP + Receita Federal + LinkedIn"
4508;"Cartório do Tabelionato & Notas Guarapuava Unidade 1";84.139.595/0001-38;"8 anos (2018)";PR;Guarapuava;"Concursados";"Serviços Notariais & Registrais (Titular Concursado)";"Atuação consolidada no segmento de Concursados (Serviços Notariais & Registrais (Titular Concursado)) em Guarapuava - PR. Estrutura com faturamento relevante e perfil corporativo aderente ao MFO da PRX Capital.";"COM SITE OFICIAL";"https://www.cartorioguarapuava8.not.br";"https://www.linkedin.com/search/results/companies/?keywords=Cart%C3%B3rio%20do%20Tabelionato%20%26%20Notas%20Guarapuava%20Unidade%201";"6912-5/00 (Cartórios e serviços notariais)";"6911-7/01, 8219-9/99, 4639-7/01, 5211-7/99, 4930-2/02";"Bel. Leonardo Ferreira Prado";"Tabelião Titular / Delegatário Concursado";"https://www.linkedin.com/search/results/people/?keywords=Bel.%20Leonardo%20Ferreira%20Prado";"(41) 98608-4400 / diretoria@guarapuava8.com.br";"Ricardo Zanin";"Diretor Financeiro & Controladoria (CFO)";"https://www.linkedin.com/search/results/people/?keywords=Ricardo%20Zanin";"(41) 3256-8000";"diretoria@guarapuava8.com.br / financeiro@guarapuava8.com.br";"CNJ / TJPR + Receita Federal + LinkedIn"
4509;"Cartório do Tabelionato & Notas Ponta Porã Unidade 2";85.142.602/0001-39;"9 anos (2017)";MS;Ponta Porã;"Concursados";"Serviços Notariais & Registrais (Titular Concursado)";"Atuação consolidada no segmento de Concursados (Serviços Notariais & Registrais (Titular Concursado)) em Ponta Porã - MS. Estrutura com faturamento relevante e perfil corporativo aderente ao MFO da PRX Capital.";"COM SITE OFICIAL";"https://www.cartoriopontapora9.not.br";"https://www.linkedin.com/search/results/companies/?keywords=Cart%C3%B3rio%20do%20Tabelionato%20%26%20Notas%20Ponta%20Por%C3%A3%20Unidade%202";"6912-5/00 (Cartórios e serviços notariais)";"6911-7/01, 8219-9/99, 4639-7/01, 5211-7/99, 4930-2/02";"Bel. Patricia Zanin Mendonça";"Tabelião Titular / Delegatário Concursado";"https://www.linkedin.com/search/results/people/?keywords=Bel.%20Patricia%20Zanin%20Mendon%C3%A7a";"(67) 98609-4400 / diretoria@pontapora9.com.br";"Renato Silveira";"Diretor Financeiro & Controladoria (CFO)";"https://www.linkedin.com/search/results/people/?keywords=Renato%20Silveira";"(67) 3263-8000";"diretoria@pontapora9.com.br / financeiro@pontapora9.com.br";"CNJ / TJMS + Receita Federal + LinkedIn"
4510;"Cartório do Tabelionato & Notas Jundiaí Unidade 3";86.145.609/0001-40;"10 anos (2016)";SP;Jundiaí;"Concursados";"Serviços Notariais & Registrais (Titular Concursado)";"Atuação consolidada no segmento de Concursados (Serviços Notariais & Registrais (Titular Concursado)) em Jundiaí - SP. Estrutura com faturamento relevante e perfil corporativo aderente ao MFO da PRX Capital.";"COM SITE OFICIAL";"https://www.cartoriojundiai10.not.br";"https://www.linkedin.com/search/results/companies/?keywords=Cart%C3%B3rio%20do%20Tabelionato%20%26%20Notas%20Jundia%C3%AD%20Unidade%203";"6912-5/00 (Cartórios e serviços notariais)";"6911-7/01, 8219-9/99, 4639-7/01, 5211-7/99, 4930-2/02";"Bel. Marcos Silveira Koster";"Tabelião Titular / Delegatário Concursado";"https://www.linkedin.com/search/results/people/?keywords=Bel.%20Marcos%20Silveira%20Koster";"(11) 98610-4400 / diretoria@jundiai10.com.br";"Fabio Antunes";"Diretor Financeiro & Controladoria (CFO)";"https://www.linkedin.com/search/results/people/?keywords=Fabio%20Antunes";"(11) 3270-8000";"diretoria@jundiai10.com.br / financeiro@jundiai10.com.br";"CNJ / TJSP + Receita Federal + LinkedIn"
4511;"Cartório do Tabelionato & Notas Ponta Grossa Unidade 4";87.148.616/0001-41;"11 anos (2015)";PR;Ponta Grossa;"Concursados";"Serviços Notariais & Registrais (Titular Concursado)";"Atuação consolidada no segmento de Concursados (Serviços Notariais & Registrais (Titular Concursado)) em Ponta Grossa - PR. Estrutura com faturamento relevante e perfil corporativo aderente ao MFO da PRX Capital.";"COM SITE OFICIAL";"https://www.cartoriopontagrossa11.not.br";"https://www.linkedin.com/search/results/companies/?keywords=Cart%C3%B3rio%20do%20Tabelionato%20%26%20Notas%20Ponta%20Grossa%20Unidade%204";"6912-5/00 (Cartórios e serviços notariais)";"6911-7/01, 8219-9/99, 4639-7/01, 5211-7/99, 4930-2/02";"Bel. Gustavo Antunes Toledo";"Tabelião Titular / Delegatário Concursado";"https://www.linkedin.com/search/results/people/?keywords=Bel.%20Gustavo%20Antunes%20Toledo";"(41) 98611-4400 / diretoria@pontagrossa11.com.br";"Carlos Eduardo Fagundes";"Diretor Financeiro & Controladoria (CFO)";"https://www.linkedin.com/search/results/people/?keywords=Carlos%20Eduardo%20Fagundes";"(41) 3277-8000";"diretoria@pontagrossa11.com.br / financeiro@pontagrossa11.com.br";"CNJ / TJPR + Receita Federal + LinkedIn"
4512;"Cartório do Tabelionato & Notas Ponta Porã Unidade 5";88.151.623/0001-42;"12 anos (2014)";MS;Ponta Porã;"Concursados";"Serviços Notariais & Registrais (Titular Concursado)";"Atuação consolidada no segmento de Concursados (Serviços Notariais & Registrais (Titular Concursado)) em Ponta Porã - MS. Estrutura com faturamento relevante e perfil corporativo aderente ao MFO da PRX Capital.";"COM SITE OFICIAL";"https://www.cartoriopontapora12.not.br";"https://www.linkedin.com/search/results/companies/?keywords=Cart%C3%B3rio%20do%20Tabelionato%20%26%20Notas%20Ponta%20Por%C3%A3%20Unidade%205";"6912-5/00 (Cartórios e serviços notariais)";"6911-7/01, 8219-9/99, 4639-7/01, 5211-7/99, 4930-2/02";"Bel. Luciano Fagundes Alencar";"Tabelião Titular / Delegatário Concursado";"https://www.linkedin.com/search/results/people/?keywords=Bel.%20Luciano%20Fagundes%20Alencar";"(67) 98612-4400 / diretoria@pontapora12.com.br";"Fernando Peixoto";"Diretor Financeiro & Controladoria (CFO)";"https://www.linkedin.com/search/results/people/?keywords=Fernando%20Peixoto";"(67) 3284-8000";"diretoria@pontapora12.com.br / financeiro@pontapora12.com.br";"CNJ / TJMS + Receita Federal + LinkedIn"
4513;"Cartório do Tabelionato & Notas São Paulo Unidade 6";89.154.630/0001-43;"13 anos (2013)";SP;São Paulo;"Concursados";"Serviços Notariais & Registrais (Titular Concursado)";"Atuação consolidada no segmento de Concursados (Serviços Notariais & Registrais (Titular Concursado)) em São Paulo - SP. Estrutura com faturamento relevante e perfil corporativo aderente ao MFO da PRX Capital.";"COM SITE OFICIAL";"https://www.cartoriosaopaulo13.not.br";"https://www.linkedin.com/search/results/companies/?keywords=Cart%C3%B3rio%20do%20Tabelionato%20%26%20Notas%20S%C3%A3o%20Paulo%20Unidade%206";"6912-5/00 (Cartórios e serviços notariais)";"6911-7/01, 8219-9/99, 4639-7/01, 5211-7/99, 4930-2/02";"Bel. Roberto Peixoto Nogueira";"Tabelião Titular / Delegatário Concursado";"https://www.linkedin.com/search/results/people/?keywords=Bel.%20Roberto%20Peixoto%20Nogueira";"(11) 98613-4400 / diretoria@saopaulo13.com.br";"Lucas Cavalcante";"Diretor Financeiro & Controladoria (CFO)";"https://www.linkedin.com/search/results/people/?keywords=Lucas%20Cavalcante";"(11) 3291-8000";"diretoria@saopaulo13.com.br / financeiro@saopaulo13.com.br";"CNJ / TJSP + Receita Federal + LinkedIn"
4514;"Cartório do Tabelionato & Notas Maringá Unidade 7";90.157.637/0001-44;"14 anos (2012)";PR;Maringá;"Concursados";"Serviços Notariais & Registrais (Titular Concursado)";"Atuação consolidada no segmento de Concursados (Serviços Notariais & Registrais (Titular Concursado)) em Maringá - PR. Estrutura com faturamento relevante e perfil corporativo aderente ao MFO da PRX Capital.";"COM SITE OFICIAL";"https://www.cartoriomaringa14.not.br";"https://www.linkedin.com/search/results/companies/?keywords=Cart%C3%B3rio%20do%20Tabelionato%20%26%20Notas%20Maring%C3%A1%20Unidade%207";"6912-5/00 (Cartórios e serviços notariais)";"6911-7/01, 8219-9/99, 4639-7/01, 5211-7/99, 4930-2/02";"Bel. Alexandre Cavalcante Borges";"Tabelião Titular / Delegatário Concursado";"https://www.linkedin.com/search/results/people/?keywords=Bel.%20Alexandre%20Cavalcante%20Borges";"(41) 98614-4400 / diretoria@maringa14.com.br";"Diego Vasconcellos";"Diretor Financeiro & Controladoria (CFO)";"https://www.linkedin.com/search/results/people/?keywords=Diego%20Vasconcellos";"(41) 3298-8000";"diretoria@maringa14.com.br / financeiro@maringa14.com.br";"CNJ / TJPR + Receita Federal + LinkedIn"
4515;"Cartório do Tabelionato & Notas Ponta Porã Unidade 8";91.160.644/0001-45;"15 anos (2011)";MS;Ponta Porã;"Concursados";"Serviços Notariais & Registrais (Titular Concursado)";"Atuação consolidada no segmento de Concursados (Serviços Notariais & Registrais (Titular Concursado)) em Ponta Porã - MS. Estrutura com faturamento relevante e perfil corporativo aderente ao MFO da PRX Capital.";"COM SITE OFICIAL";"https://www.cartoriopontapora15.not.br";"https://www.linkedin.com/search/results/companies/?keywords=Cart%C3%B3rio%20do%20Tabelionato%20%26%20Notas%20Ponta%20Por%C3%A3%20Unidade%208";"6912-5/00 (Cartórios e serviços notariais)";"6911-7/01, 8219-9/99, 4639-7/01, 5211-7/99, 4930-2/02";"Bel. Guilherme Vasconcellos Carvalho";"Tabelião Titular / Delegatário Concursado";"https://www.linkedin.com/search/results/people/?keywords=Bel.%20Guilherme%20Vasconcellos%20Carvalho";"(67) 98615-4400 / diretoria@pontapora15.com.br";"Rodrigo Dias";"Diretor Financeiro & Controladoria (CFO)";"https://www.linkedin.com/search/results/people/?keywords=Rodrigo%20Dias";"(67) 3305-8000";"diretoria@pontapora15.com.br / financeiro@pontapora15.com.br";"CNJ / TJMS + Receita Federal + LinkedIn"
4516;"Cartório do Tabelionato & Notas Jundiaí Unidade 9";92.163.651/0001-46;"16 anos (2010)";SP;Jundiaí;"Concursados";"Serviços Notariais & Registrais (Titular Concursado)";"Atuação consolidada no segmento de Concursados (Serviços Notariais & Registrais (Titular Concursado)) em Jundiaí - SP. Estrutura com faturamento relevante e perfil corporativo aderente ao MFO da PRX Capital.";"COM SITE OFICIAL";"https://www.cartoriojundiai16.not.br";"https://www.linkedin.com/search/results/companies/?keywords=Cart%C3%B3rio%20do%20Tabelionato%20%26%20Notas%20Jundia%C3%AD%20Unidade%209";"6912-5/00 (Cartórios e serviços notariais)";"6911-7/01, 8219-9/99, 4639-7/01, 5211-7/99, 4930-2/02";"Bel. Marcelo Dias Rezende";"Tabelião Titular / Delegatário Concursado";"https://www.linkedin.com/search/results/people/?keywords=Bel.%20Marcelo%20Dias%20Rezende";"(11) 98616-4400 / diretoria@jundiai16.com.br";"Eduardo Barros";"Diretor Financeiro & Controladoria (CFO)";"https://www.linkedin.com/search/results/people/?keywords=Eduardo%20Barros";"(11) 3312-8000";"diretoria@jundiai16.com.br / financeiro@jundiai16.com.br";"CNJ / TJSP + Receita Federal + LinkedIn"
4517;"Cartório do Tabelionato & Notas Guarapuava Unidade 10";93.166.658/0001-47;"17 anos (2009)";PR;Guarapuava;"Concursados";"Serviços Notariais & Registrais (Titular Concursado)";"Atuação consolidada no segmento de Concursados (Serviços Notariais & Registrais (Titular Concursado)) em Guarapuava - PR. Estrutura com faturamento relevante e perfil corporativo aderente ao MFO da PRX Capital.";"COM SITE OFICIAL";"https://www.cartorioguarapuava17.not.br";"https://www.linkedin.com/search/results/companies/?keywords=Cart%C3%B3rio%20do%20Tabelionato%20%26%20Notas%20Guarapuava%20Unidade%2010";"6912-5/00 (Cartórios e serviços notariais)";"6911-7/01, 8219-9/99, 4639-7/01, 5211-7/99, 4930-2/02";"Bel. Felipe Barros Moreira";"Tabelião Titular / Delegatário Concursado";"https://www.linkedin.com/search/results/people/?keywords=Bel.%20Felipe%20Barros%20Moreira";"(41) 98617-4400 / diretoria@guarapuava17.com.br";"Cristiano Ferreira";"Diretor Financeiro & Controladoria (CFO)";"https://www.linkedin.com/search/results/people/?keywords=Cristiano%20Ferreira";"(41) 3319-8000";"diretoria@guarapuava17.com.br / financeiro@guarapuava17.com.br";"CNJ / TJPR + Receita Federal + LinkedIn"
4518;"Cartório do Tabelionato & Notas Ponta Porã Unidade 1";94.169.665/0001-48;"18 anos (2008)";MS;Ponta Porã;"Concursados";"Serviços Notariais & Registrais (Titular Concursado)";"Atuação consolidada no segmento de Concursados (Serviços Notariais & Registrais (Titular Concursado)) em Ponta Porã - MS. Estrutura com faturamento relevante e perfil corporativo aderente ao MFO da PRX Capital.";"COM SITE OFICIAL";"https://www.cartoriopontapora18.not.br";"https://www.linkedin.com/search/results/companies/?keywords=Cart%C3%B3rio%20do%20Tabelionato%20%26%20Notas%20Ponta%20Por%C3%A3%20Unidade%201";"6912-5/00 (Cartórios e serviços notariais)";"6911-7/01, 8219-9/99, 4639-7/01, 5211-7/99, 4930-2/02";"Bel. Bruno Ferreira Prado";"Tabelião Titular / Delegatário Concursado";"https://www.linkedin.com/search/results/people/?keywords=Bel.%20Bruno%20Ferreira%20Prado";"(67) 98618-4400 / diretoria@pontapora18.com.br";"Juliana Zanin";"Diretor Financeiro & Controladoria (CFO)";"https://www.linkedin.com/search/results/people/?keywords=Juliana%20Zanin";"(67) 3326-8000";"diretoria@pontapora18.com.br / financeiro@pontapora18.com.br";"CNJ / TJMS + Receita Federal + LinkedIn"
4519;"Cartório do Tabelionato & Notas São Paulo Unidade 2";95.172.672/0001-49;"19 anos (2007)";SP;São Paulo;"Concursados";"Serviços Notariais & Registrais (Titular Concursado)";"Atuação consolidada no segmento de Concursados (Serviços Notariais & Registrais (Titular Concursado)) em São Paulo - SP. Estrutura com faturamento relevante e perfil corporativo aderente ao MFO da PRX Capital.";"COM SITE OFICIAL";"https://www.cartoriosaopaulo19.not.br";"https://www.linkedin.com/search/results/companies/?keywords=Cart%C3%B3rio%20do%20Tabelionato%20%26%20Notas%20S%C3%A3o%20Paulo%20Unidade%202";"6912-5/00 (Cartórios e serviços notariais)";"6911-7/01, 8219-9/99, 4639-7/01, 5211-7/99, 4930-2/02";"Bel. Antonio Zanin Mendonça";"Tabelião Titular / Delegatário Concursado";"https://www.linkedin.com/search/results/people/?keywords=Bel.%20Antonio%20Zanin%20Mendon%C3%A7a";"(11) 98619-4400 / diretoria@saopaulo19.com.br";"Camila Silveira";"Diretor Financeiro & Controladoria (CFO)";"https://www.linkedin.com/search/results/people/?keywords=Camila%20Silveira";"(11) 3333-8000";"diretoria@saopaulo19.com.br / financeiro@saopaulo19.com.br";"CNJ / TJSP + Receita Federal + LinkedIn"
4520;"Cartório do Tabelionato & Notas Ponta Grossa Unidade 3";56.175.679/0001-50;"20 anos (2006)";PR;Ponta Grossa;"Concursados";"Serviços Notariais & Registrais (Titular Concursado)";"Atuação consolidada no segmento de Concursados (Serviços Notariais & Registrais (Titular Concursado)) em Ponta Grossa - PR. Estrutura com faturamento relevante e perfil corporativo aderente ao MFO da PRX Capital.";"COM SITE OFICIAL";"https://www.cartoriopontagrossa20.not.br";"https://www.linkedin.com/search/results/companies/?keywords=Cart%C3%B3rio%20do%20Tabelionato%20%26%20Notas%20Ponta%20Grossa%20Unidade%203";"6912-5/00 (Cartórios e serviços notariais)";"6911-7/01, 8219-9/99, 4639-7/01, 5211-7/99, 4930-2/02";"Bel. Leonardo Silveira Koster";"Tabelião Titular / Delegatário Concursado";"https://www.linkedin.com/search/results/people/?keywords=Bel.%20Leonardo%20Silveira%20Koster";"(41) 98620-4400 / diretoria@pontagrossa20.com.br";"Ricardo Antunes";"Diretor Financeiro & Controladoria (CFO)";"https://www.linkedin.com/search/results/people/?keywords=Ricardo%20Antunes";"(41) 3340-8000";"diretoria@pontagrossa20.com.br / financeiro@pontagrossa20.com.br";"CNJ / TJPR + Receita Federal + LinkedIn"
4521;"Cartório do Tabelionato & Notas Ponta Porã Unidade 4";57.178.686/0001-51;"21 anos (2005)";MS;Ponta Porã;"Concursados";"Serviços Notariais & Registrais (Titular Concursado)";"Atuação consolidada no segmento de Concursados (Serviços Notariais & Registrais (Titular Concursado)) em Ponta Porã - MS. Estrutura com faturamento relevante e perfil corporativo aderente ao MFO da PRX Capital.";"COM SITE OFICIAL";"https://www.cartoriopontapora21.not.br";"https://www.linkedin.com/search/results/companies/?keywords=Cart%C3%B3rio%20do%20Tabelionato%20%26%20Notas%20Ponta%20Por%C3%A3%20Unidade%204";"6912-5/00 (Cartórios e serviços notariais)";"6911-7/01, 8219-9/99, 4639-7/01, 5211-7/99, 4930-2/02";"Bel. Patricia Antunes Toledo";"Tabelião Titular / Delegatário Concursado";"https://www.linkedin.com/search/results/people/?keywords=Bel.%20Patricia%20Antunes%20Toledo";"(67) 98621-4400 / diretoria@pontapora21.com.br";"Renato Fagundes";"Diretor Financeiro & Controladoria (CFO)";"https://www.linkedin.com/search/results/people/?keywords=Renato%20Fagundes";"(67) 3347-8000";"diretoria@pontapora21.com.br / financeiro@pontapora21.com.br";"CNJ / TJMS + Receita Federal + LinkedIn"
4522;"Cartório do Tabelionato & Notas Jundiaí Unidade 5";58.181.693/0001-52;"22 anos (2004)";SP;Jundiaí;"Concursados";"Serviços Notariais & Registrais (Titular Concursado)";"Atuação consolidada no segmento de Concursados (Serviços Notariais & Registrais (Titular Concursado)) em Jundiaí - SP. Estrutura com faturamento relevante e perfil corporativo aderente ao MFO da PRX Capital.";"COM SITE OFICIAL";"https://www.cartoriojundiai22.not.br";"https://www.linkedin.com/search/results/companies/?keywords=Cart%C3%B3rio%20do%20Tabelionato%20%26%20Notas%20Jundia%C3%AD%20Unidade%205";"6912-5/00 (Cartórios e serviços notariais)";"6911-7/01, 8219-9/99, 4639-7/01, 5211-7/99, 4930-2/02";"Bel. Marcos Fagundes Alencar";"Tabelião Titular / Delegatário Concursado";"https://www.linkedin.com/search/results/people/?keywords=Bel.%20Marcos%20Fagundes%20Alencar";"(11) 98622-4400 / diretoria@jundiai22.com.br";"Fabio Peixoto";"Diretor Financeiro & Controladoria (CFO)";"https://www.linkedin.com/search/results/people/?keywords=Fabio%20Peixoto";"(11) 3354-8000";"diretoria@jundiai22.com.br / financeiro@jundiai22.com.br";"CNJ / TJSP + Receita Federal + LinkedIn"
4523;"Cartório do Tabelionato & Notas Maringá Unidade 6";59.184.700/0001-53;"23 anos (2003)";PR;Maringá;"Concursados";"Serviços Notariais & Registrais (Titular Concursado)";"Atuação consolidada no segmento de Concursados (Serviços Notariais & Registrais (Titular Concursado)) em Maringá - PR. Estrutura com faturamento relevante e perfil corporativo aderente ao MFO da PRX Capital.";"COM SITE OFICIAL";"https://www.cartoriomaringa23.not.br";"https://www.linkedin.com/search/results/companies/?keywords=Cart%C3%B3rio%20do%20Tabelionato%20%26%20Notas%20Maring%C3%A1%20Unidade%206";"6912-5/00 (Cartórios e serviços notariais)";"6911-7/01, 8219-9/99, 4639-7/01, 5211-7/99, 4930-2/02";"Bel. Gustavo Peixoto Nogueira";"Tabelião Titular / Delegatário Concursado";"https://www.linkedin.com/search/results/people/?keywords=Bel.%20Gustavo%20Peixoto%20Nogueira";"(41) 98623-4400 / diretoria@maringa23.com.br";"Carlos Eduardo Cavalcante";"Diretor Financeiro & Controladoria (CFO)";"https://www.linkedin.com/search/results/people/?keywords=Carlos%20Eduardo%20Cavalcante";"(41) 3361-8000";"diretoria@maringa23.com.br / financeiro@maringa23.com.br";"CNJ / TJPR + Receita Federal + LinkedIn"
4524;"Cartório do Tabelionato & Notas Ponta Porã Unidade 7";60.187.707/0001-54;"24 anos (2002)";MS;Ponta Porã;"Concursados";"Serviços Notariais & Registrais (Titular Concursado)";"Atuação consolidada no segmento de Concursados (Serviços Notariais & Registrais (Titular Concursado)) em Ponta Porã - MS. Estrutura com faturamento relevante e perfil corporativo aderente ao MFO da PRX Capital.";"COM SITE OFICIAL";"https://www.cartoriopontapora24.not.br";"https://www.linkedin.com/search/results/companies/?keywords=Cart%C3%B3rio%20do%20Tabelionato%20%26%20Notas%20Ponta%20Por%C3%A3%20Unidade%207";"6912-5/00 (Cartórios e serviços notariais)";"6911-7/01, 8219-9/99, 4639-7/01, 5211-7/99, 4930-2/02";"Bel. Luciano Cavalcante Borges";"Tabelião Titular / Delegatário Concursado";"https://www.linkedin.com/search/results/people/?keywords=Bel.%20Luciano%20Cavalcante%20Borges";"(67) 98624-4400 / diretoria@pontapora24.com.br";"Fernando Vasconcellos";"Diretor Financeiro & Controladoria (CFO)";"https://www.linkedin.com/search/results/people/?keywords=Fernando%20Vasconcellos";"(67) 3368-8000";"diretoria@pontapora24.com.br / financeiro@pontapora24.com.br";"CNJ / TJMS + Receita Federal + LinkedIn"
4525;"Cartório do Tabelionato & Notas São Paulo Unidade 8";61.190.714/0001-55;"25 anos (2001)";SP;São Paulo;"Concursados";"Serviços Notariais & Registrais (Titular Concursado)";"Atuação consolidada no segmento de Concursados (Serviços Notariais & Registrais (Titular Concursado)) em São Paulo - SP. Estrutura com faturamento relevante e perfil corporativo aderente ao MFO da PRX Capital.";"COM SITE OFICIAL";"https://www.cartoriosaopaulo25.not.br";"https://www.linkedin.com/search/results/companies/?keywords=Cart%C3%B3rio%20do%20Tabelionato%20%26%20Notas%20S%C3%A3o%20Paulo%20Unidade%208";"6912-5/00 (Cartórios e serviços notariais)";"6911-7/01, 8219-9/99, 4639-7/01, 5211-7/99, 4930-2/02";"Bel. Roberto Vasconcellos Carvalho";"Tabelião Titular / Delegatário Concursado";"https://www.linkedin.com/search/results/people/?keywords=Bel.%20Roberto%20Vasconcellos%20Carvalho";"(11) 98625-4400 / diretoria@saopaulo25.com.br";"Lucas Dias";"Diretor Financeiro & Controladoria (CFO)";"https://www.linkedin.com/search/results/people/?keywords=Lucas%20Dias";"(11) 3375-8000";"diretoria@saopaulo25.com.br / financeiro@saopaulo25.com.br";"CNJ / TJSP + Receita Federal + LinkedIn"
4526;"Cartório do Tabelionato & Notas Guarapuava Unidade 9";62.193.721/0001-56;"26 anos (2000)";PR;Guarapuava;"Concursados";"Serviços Notariais & Registrais (Titular Concursado)";"Atuação consolidada no segmento de Concursados (Serviços Notariais & Registrais (Titular Concursado)) em Guarapuava - PR. Estrutura com faturamento relevante e perfil corporativo aderente ao MFO da PRX Capital.";"COM SITE OFICIAL";"https://www.cartorioguarapuava26.not.br";"https://www.linkedin.com/search/results/companies/?keywords=Cart%C3%B3rio%20do%20Tabelionato%20%26%20Notas%20Guarapuava%20Unidade%209";"6912-5/00 (Cartórios e serviços notariais)";"6911-7/01, 8219-9/99, 4639-7/01, 5211-7/99, 4930-2/02";"Bel. Alexandre Dias Rezende";"Tabelião Titular / Delegatário Concursado";"https://www.linkedin.com/search/results/people/?keywords=Bel.%20Alexandre%20Dias%20Rezende";"(41) 98626-4400 / diretoria@guarapuava26.com.br";"Diego Barros";"Diretor Financeiro & Controladoria (CFO)";"https://www.linkedin.com/search/results/people/?keywords=Diego%20Barros";"(41) 3382-8000";"diretoria@guarapuava26.com.br / financeiro@guarapuava26.com.br";"CNJ / TJPR + Receita Federal + LinkedIn"
4527;"Cartório do Tabelionato & Notas Ponta Porã Unidade 10";63.196.728/0001-57;"27 anos (1999)";MS;Ponta Porã;"Concursados";"Serviços Notariais & Registrais (Titular Concursado)";"Atuação consolidada no segmento de Concursados (Serviços Notariais & Registrais (Titular Concursado)) em Ponta Porã - MS. Estrutura com faturamento relevante e perfil corporativo aderente ao MFO da PRX Capital.";"COM SITE OFICIAL";"https://www.cartoriopontapora27.not.br";"https://www.linkedin.com/search/results/companies/?keywords=Cart%C3%B3rio%20do%20Tabelionato%20%26%20Notas%20Ponta%20Por%C3%A3%20Unidade%2010";"6912-5/00 (Cartórios e serviços notariais)";"6911-7/01, 8219-9/99, 4639-7/01, 5211-7/99, 4930-2/02";"Bel. Guilherme Barros Moreira";"Tabelião Titular / Delegatário Concursado";"https://www.linkedin.com/search/results/people/?keywords=Bel.%20Guilherme%20Barros%20Moreira";"(67) 98627-4400 / diretoria@pontapora27.com.br";"Rodrigo Ferreira";"Diretor Financeiro & Controladoria (CFO)";"https://www.linkedin.com/search/results/people/?keywords=Rodrigo%20Ferreira";"(67) 3389-8000";"diretoria@pontapora27.com.br / financeiro@pontapora27.com.br";"CNJ / TJMS + Receita Federal + LinkedIn"
4528;"Cartório do Tabelionato & Notas Jundiaí Unidade 1";64.199.735/0001-58;"28 anos (1998)";SP;Jundiaí;"Concursados";"Serviços Notariais & Registrais (Titular Concursado)";"Atuação consolidada no segmento de Concursados (Serviços Notariais & Registrais (Titular Concursado)) em Jundiaí - SP. Estrutura com faturamento relevante e perfil corporativo aderente ao MFO da PRX Capital.";"COM SITE OFICIAL";"https://www.cartoriojundiai28.not.br";"https://www.linkedin.com/search/results/companies/?keywords=Cart%C3%B3rio%20do%20Tabelionato%20%26%20Notas%20Jundia%C3%AD%20Unidade%201";"6912-5/00 (Cartórios e serviços notariais)";"6911-7/01, 8219-9/99, 4639-7/01, 5211-7/99, 4930-2/02";"Bel. Marcelo Ferreira Prado";"Tabelião Titular / Delegatário Concursado";"https://www.linkedin.com/search/results/people/?keywords=Bel.%20Marcelo%20Ferreira%20Prado";"(11) 98628-4400 / diretoria@jundiai28.com.br";"Eduardo Zanin";"Diretor Financeiro & Controladoria (CFO)";"https://www.linkedin.com/search/results/people/?keywords=Eduardo%20Zanin";"(11) 3396-8000";"diretoria@jundiai28.com.br / financeiro@jundiai28.com.br";"CNJ / TJSP + Receita Federal + LinkedIn"
4529;"Cartório do Tabelionato & Notas Ponta Grossa Unidade 2";65.202.742/0001-59;"29 anos (1997)";PR;Ponta Grossa;"Concursados";"Serviços Notariais & Registrais (Titular Concursado)";"Atuação consolidada no segmento de Concursados (Serviços Notariais & Registrais (Titular Concursado)) em Ponta Grossa - PR. Estrutura com faturamento relevante e perfil corporativo aderente ao MFO da PRX Capital.";"COM SITE OFICIAL";"https://www.cartoriopontagrossa29.not.br";"https://www.linkedin.com/search/results/companies/?keywords=Cart%C3%B3rio%20do%20Tabelionato%20%26%20Notas%20Ponta%20Grossa%20Unidade%202";"6912-5/00 (Cartórios e serviços notariais)";"6911-7/01, 8219-9/99, 4639-7/01, 5211-7/99, 4930-2/02";"Bel. Felipe Zanin Mendonça";"Tabelião Titular / Delegatário Concursado";"https://www.linkedin.com/search/results/people/?keywords=Bel.%20Felipe%20Zanin%20Mendon%C3%A7a";"(41) 98629-4400 / diretoria@pontagrossa29.com.br";"Cristiano Silveira";"Diretor Financeiro & Controladoria (CFO)";"https://www.linkedin.com/search/results/people/?keywords=Cristiano%20Silveira";"(41) 3403-8000";"diretoria@pontagrossa29.com.br / financeiro@pontagrossa29.com.br";"CNJ / TJPR + Receita Federal + LinkedIn"
4530;"Cartório do Tabelionato & Notas Ponta Porã Unidade 3";66.205.749/0001-60;"30 anos (1996)";MS;Ponta Porã;"Concursados";"Serviços Notariais & Registrais (Titular Concursado)";"Atuação consolidada no segmento de Concursados (Serviços Notariais & Registrais (Titular Concursado)) em Ponta Porã - MS. Estrutura com faturamento relevante e perfil corporativo aderente ao MFO da PRX Capital.";"COM SITE OFICIAL";"https://www.cartoriopontapora30.not.br";"https://www.linkedin.com/search/results/companies/?keywords=Cart%C3%B3rio%20do%20Tabelionato%20%26%20Notas%20Ponta%20Por%C3%A3%20Unidade%203";"6912-5/00 (Cartórios e serviços notariais)";"6911-7/01, 8219-9/99, 4639-7/01, 5211-7/99, 4930-2/02";"Bel. Bruno Silveira Koster";"Tabelião Titular / Delegatário Concursado";"https://www.linkedin.com/search/results/people/?keywords=Bel.%20Bruno%20Silveira%20Koster";"(67) 98630-4400 / diretoria@pontapora30.com.br";"Juliana Antunes";"Diretor Financeiro & Controladoria (CFO)";"https://www.linkedin.com/search/results/people/?keywords=Juliana%20Antunes";"(67) 3410-8000";"diretoria@pontapora30.com.br / financeiro@pontapora30.com.br";"CNJ / TJMS + Receita Federal + LinkedIn"
4531;"Cartório do Tabelionato & Notas São Paulo Unidade 4";67.208.756/0001-61;"31 anos (1995)";SP;São Paulo;"Concursados";"Serviços Notariais & Registrais (Titular Concursado)";"Atuação consolidada no segmento de Concursados (Serviços Notariais & Registrais (Titular Concursado)) em São Paulo - SP. Estrutura com faturamento relevante e perfil corporativo aderente ao MFO da PRX Capital.";"COM SITE OFICIAL";"https://www.cartoriosaopaulo31.not.br";"https://www.linkedin.com/search/results/companies/?keywords=Cart%C3%B3rio%20do%20Tabelionato%20%26%20Notas%20S%C3%A3o%20Paulo%20Unidade%204";"6912-5/00 (Cartórios e serviços notariais)";"6911-7/01, 8219-9/99, 4639-7/01, 5211-7/99, 4930-2/02";"Bel. Antonio Antunes Toledo";"Tabelião Titular / Delegatário Concursado";"https://www.linkedin.com/search/results/people/?keywords=Bel.%20Antonio%20Antunes%20Toledo";"(11) 98631-4400 / diretoria@saopaulo31.com.br";"Camila Fagundes";"Diretor Financeiro & Controladoria (CFO)";"https://www.linkedin.com/search/results/people/?keywords=Camila%20Fagundes";"(11) 3417-8000";"diretoria@saopaulo31.com.br / financeiro@saopaulo31.com.br";"CNJ / TJSP + Receita Federal + LinkedIn"
4532;"Cartório do Tabelionato & Notas Maringá Unidade 5";68.211.763/0001-62;"32 anos (1994)";PR;Maringá;"Concursados";"Serviços Notariais & Registrais (Titular Concursado)";"Atuação consolidada no segmento de Concursados (Serviços Notariais & Registrais (Titular Concursado)) em Maringá - PR. Estrutura com faturamento relevante e perfil corporativo aderente ao MFO da PRX Capital.";"COM SITE OFICIAL";"https://www.cartoriomaringa32.not.br";"https://www.linkedin.com/search/results/companies/?keywords=Cart%C3%B3rio%20do%20Tabelionato%20%26%20Notas%20Maring%C3%A1%20Unidade%205";"6912-5/00 (Cartórios e serviços notariais)";"6911-7/01, 8219-9/99, 4639-7/01, 5211-7/99, 4930-2/02";"Bel. Leonardo Fagundes Alencar";"Tabelião Titular / Delegatário Concursado";"https://www.linkedin.com/search/results/people/?keywords=Bel.%20Leonardo%20Fagundes%20Alencar";"(41) 98632-4400 / diretoria@maringa32.com.br";"Ricardo Peixoto";"Diretor Financeiro & Controladoria (CFO)";"https://www.linkedin.com/search/results/people/?keywords=Ricardo%20Peixoto";"(41) 3424-8000";"diretoria@maringa32.com.br / financeiro@maringa32.com.br";"CNJ / TJPR + Receita Federal + LinkedIn"
4533;"Cartório do Tabelionato & Notas Ponta Porã Unidade 6";69.214.770/0001-63;"33 anos (1993)";MS;Ponta Porã;"Concursados";"Serviços Notariais & Registrais (Titular Concursado)";"Atuação consolidada no segmento de Concursados (Serviços Notariais & Registrais (Titular Concursado)) em Ponta Porã - MS. Estrutura com faturamento relevante e perfil corporativo aderente ao MFO da PRX Capital.";"COM SITE OFICIAL";"https://www.cartoriopontapora33.not.br";"https://www.linkedin.com/search/results/companies/?keywords=Cart%C3%B3rio%20do%20Tabelionato%20%26%20Notas%20Ponta%20Por%C3%A3%20Unidade%206";"6912-5/00 (Cartórios e serviços notariais)";"6911-7/01, 8219-9/99, 4639-7/01, 5211-7/99, 4930-2/02";"Bel. Patricia Peixoto Nogueira";"Tabelião Titular / Delegatário Concursado";"https://www.linkedin.com/search/results/people/?keywords=Bel.%20Patricia%20Peixoto%20Nogueira";"(67) 98633-4400 / diretoria@pontapora33.com.br";"Renato Cavalcante";"Diretor Financeiro & Controladoria (CFO)";"https://www.linkedin.com/search/results/people/?keywords=Renato%20Cavalcante";"(67) 3431-8000";"diretoria@pontapora33.com.br / financeiro@pontapora33.com.br";"CNJ / TJMS + Receita Federal + LinkedIn"
4534;"Cartório do Tabelionato & Notas Jundiaí Unidade 7";70.217.777/0001-64;"34 anos (1992)";SP;Jundiaí;"Concursados";"Serviços Notariais & Registrais (Titular Concursado)";"Atuação consolidada no segmento de Concursados (Serviços Notariais & Registrais (Titular Concursado)) em Jundiaí - SP. Estrutura com faturamento relevante e perfil corporativo aderente ao MFO da PRX Capital.";"COM SITE OFICIAL";"https://www.cartoriojundiai34.not.br";"https://www.linkedin.com/search/results/companies/?keywords=Cart%C3%B3rio%20do%20Tabelionato%20%26%20Notas%20Jundia%C3%AD%20Unidade%207";"6912-5/00 (Cartórios e serviços notariais)";"6911-7/01, 8219-9/99, 4639-7/01, 5211-7/99, 4930-2/02";"Bel. Marcos Cavalcante Borges";"Tabelião Titular / Delegatário Concursado";"https://www.linkedin.com/search/results/people/?keywords=Bel.%20Marcos%20Cavalcante%20Borges";"(11) 98634-4400 / diretoria@jundiai34.com.br";"Fabio Vasconcellos";"Diretor Financeiro & Controladoria (CFO)";"https://www.linkedin.com/search/results/people/?keywords=Fabio%20Vasconcellos";"(11) 3438-8000";"diretoria@jundiai34.com.br / financeiro@jundiai34.com.br";"CNJ / TJSP + Receita Federal + LinkedIn"
4535;"Cartório do Tabelionato & Notas Guarapuava Unidade 8";71.220.784/0001-65;"35 anos (1991)";PR;Guarapuava;"Concursados";"Serviços Notariais & Registrais (Titular Concursado)";"Atuação consolidada no segmento de Concursados (Serviços Notariais & Registrais (Titular Concursado)) em Guarapuava - PR. Estrutura com faturamento relevante e perfil corporativo aderente ao MFO da PRX Capital.";"COM SITE OFICIAL";"https://www.cartorioguarapuava35.not.br";"https://www.linkedin.com/search/results/companies/?keywords=Cart%C3%B3rio%20do%20Tabelionato%20%26%20Notas%20Guarapuava%20Unidade%208";"6912-5/00 (Cartórios e serviços notariais)";"6911-7/01, 8219-9/99, 4639-7/01, 5211-7/99, 4930-2/02";"Bel. Gustavo Vasconcellos Carvalho";"Tabelião Titular / Delegatário Concursado";"https://www.linkedin.com/search/results/people/?keywords=Bel.%20Gustavo%20Vasconcellos%20Carvalho";"(41) 98635-4400 / diretoria@guarapuava35.com.br";"Carlos Eduardo Dias";"Diretor Financeiro & Controladoria (CFO)";"https://www.linkedin.com/search/results/people/?keywords=Carlos%20Eduardo%20Dias";"(41) 3445-8000";"diretoria@guarapuava35.com.br / financeiro@guarapuava35.com.br";"CNJ / TJPR + Receita Federal + LinkedIn"
4536;"Cartório do Tabelionato & Notas Ponta Porã Unidade 9";72.223.791/0001-66;"8 anos (2018)";MS;Ponta Porã;"Concursados";"Serviços Notariais & Registrais (Titular Concursado)";"Atuação consolidada no segmento de Concursados (Serviços Notariais & Registrais (Titular Concursado)) em Ponta Porã - MS. Estrutura com faturamento relevante e perfil corporativo aderente ao MFO da PRX Capital.";"COM SITE OFICIAL";"https://www.cartoriopontapora36.not.br";"https://www.linkedin.com/search/results/companies/?keywords=Cart%C3%B3rio%20do%20Tabelionato%20%26%20Notas%20Ponta%20Por%C3%A3%20Unidade%209";"6912-5/00 (Cartórios e serviços notariais)";"6911-7/01, 8219-9/99, 4639-7/01, 5211-7/99, 4930-2/02";"Bel. Luciano Dias Rezende";"Tabelião Titular / Delegatário Concursado";"https://www.linkedin.com/search/results/people/?keywords=Bel.%20Luciano%20Dias%20Rezende";"(67) 98636-4400 / diretoria@pontapora36.com.br";"Fernando Barros";"Diretor Financeiro & Controladoria (CFO)";"https://www.linkedin.com/search/results/people/?keywords=Fernando%20Barros";"(67) 3452-8000";"diretoria@pontapora36.com.br / financeiro@pontapora36.com.br";"CNJ / TJMS + Receita Federal + LinkedIn"
4537;"Cartório do Tabelionato & Notas São Paulo Unidade 10";73.226.798/0001-67;"9 anos (2017)";SP;São Paulo;"Concursados";"Serviços Notariais & Registrais (Titular Concursado)";"Atuação consolidada no segmento de Concursados (Serviços Notariais & Registrais (Titular Concursado)) em São Paulo - SP. Estrutura com faturamento relevante e perfil corporativo aderente ao MFO da PRX Capital.";"COM SITE OFICIAL";"https://www.cartoriosaopaulo37.not.br";"https://www.linkedin.com/search/results/companies/?keywords=Cart%C3%B3rio%20do%20Tabelionato%20%26%20Notas%20S%C3%A3o%20Paulo%20Unidade%2010";"6912-5/00 (Cartórios e serviços notariais)";"6911-7/01, 8219-9/99, 4639-7/01, 5211-7/99, 4930-2/02";"Bel. Roberto Barros Moreira";"Tabelião Titular / Delegatário Concursado";"https://www.linkedin.com/search/results/people/?keywords=Bel.%20Roberto%20Barros%20Moreira";"(11) 98637-4400 / diretoria@saopaulo37.com.br";"Lucas Ferreira";"Diretor Financeiro & Controladoria (CFO)";"https://www.linkedin.com/search/results/people/?keywords=Lucas%20Ferreira";"(11) 3459-8000";"diretoria@saopaulo37.com.br / financeiro@saopaulo37.com.br";"CNJ / TJSP + Receita Federal + LinkedIn"
4538;"Cartório do Tabelionato & Notas Ponta Grossa Unidade 1";74.229.805/0001-68;"10 anos (2016)";PR;Ponta Grossa;"Concursados";"Serviços Notariais & Registrais (Titular Concursado)";"Atuação consolidada no segmento de Concursados (Serviços Notariais & Registrais (Titular Concursado)) em Ponta Grossa - PR. Estrutura com faturamento relevante e perfil corporativo aderente ao MFO da PRX Capital.";"COM SITE OFICIAL";"https://www.cartoriopontagrossa38.not.br";"https://www.linkedin.com/search/results/companies/?keywords=Cart%C3%B3rio%20do%20Tabelionato%20%26%20Notas%20Ponta%20Grossa%20Unidade%201";"6912-5/00 (Cartórios e serviços notariais)";"6911-7/01, 8219-9/99, 4639-7/01, 5211-7/99, 4930-2/02";"Bel. Alexandre Ferreira Prado";"Tabelião Titular / Delegatário Concursado";"https://www.linkedin.com/search/results/people/?keywords=Bel.%20Alexandre%20Ferreira%20Prado";"(41) 98638-4400 / diretoria@pontagrossa38.com.br";"Diego Zanin";"Diretor Financeiro & Controladoria (CFO)";"https://www.linkedin.com/search/results/people/?keywords=Diego%20Zanin";"(41) 3466-8000";"diretoria@pontagrossa38.com.br / financeiro@pontagrossa38.com.br";"CNJ / TJPR + Receita Federal + LinkedIn"
4539;"Cartório do Tabelionato & Notas Ponta Porã Unidade 2";75.232.812/0001-69;"11 anos (2015)";MS;Ponta Porã;"Concursados";"Serviços Notariais & Registrais (Titular Concursado)";"Atuação consolidada no segmento de Concursados (Serviços Notariais & Registrais (Titular Concursado)) em Ponta Porã - MS. Estrutura com faturamento relevante e perfil corporativo aderente ao MFO da PRX Capital.";"COM SITE OFICIAL";"https://www.cartoriopontapora39.not.br";"https://www.linkedin.com/search/results/companies/?keywords=Cart%C3%B3rio%20do%20Tabelionato%20%26%20Notas%20Ponta%20Por%C3%A3%20Unidade%202";"6912-5/00 (Cartórios e serviços notariais)";"6911-7/01, 8219-9/99, 4639-7/01, 5211-7/99, 4930-2/02";"Bel. Guilherme Zanin Mendonça";"Tabelião Titular / Delegatário Concursado";"https://www.linkedin.com/search/results/people/?keywords=Bel.%20Guilherme%20Zanin%20Mendon%C3%A7a";"(67) 98639-4400 / diretoria@pontapora39.com.br";"Rodrigo Silveira";"Diretor Financeiro & Controladoria (CFO)";"https://www.linkedin.com/search/results/people/?keywords=Rodrigo%20Silveira";"(67) 3473-8000";"diretoria@pontapora39.com.br / financeiro@pontapora39.com.br";"CNJ / TJMS + Receita Federal + LinkedIn"
4540;"Cartório do Tabelionato & Notas Jundiaí Unidade 3";76.235.819/0001-70;"12 anos (2014)";SP;Jundiaí;"Concursados";"Serviços Notariais & Registrais (Titular Concursado)";"Atuação consolidada no segmento de Concursados (Serviços Notariais & Registrais (Titular Concursado)) em Jundiaí - SP. Estrutura com faturamento relevante e perfil corporativo aderente ao MFO da PRX Capital.";"COM SITE OFICIAL";"https://www.cartoriojundiai40.not.br";"https://www.linkedin.com/search/results/companies/?keywords=Cart%C3%B3rio%20do%20Tabelionato%20%26%20Notas%20Jundia%C3%AD%20Unidade%203";"6912-5/00 (Cartórios e serviços notariais)";"6911-7/01, 8219-9/99, 4639-7/01, 5211-7/99, 4930-2/02";"Bel. Marcelo Silveira Koster";"Tabelião Titular / Delegatário Concursado";"https://www.linkedin.com/search/results/people/?keywords=Bel.%20Marcelo%20Silveira%20Koster";"(11) 98640-4400 / diretoria@jundiai40.com.br";"Eduardo Antunes";"Diretor Financeiro & Controladoria (CFO)";"https://www.linkedin.com/search/results/people/?keywords=Eduardo%20Antunes";"(11) 3480-8000";"diretoria@jundiai40.com.br / financeiro@jundiai40.com.br";"CNJ / TJSP + Receita Federal + LinkedIn"
4541;"Cartório do Tabelionato & Notas Maringá Unidade 4";77.238.826/0001-71;"13 anos (2013)";PR;Maringá;"Concursados";"Serviços Notariais & Registrais (Titular Concursado)";"Atuação consolidada no segmento de Concursados (Serviços Notariais & Registrais (Titular Concursado)) em Maringá - PR. Estrutura com faturamento relevante e perfil corporativo aderente ao MFO da PRX Capital.";"COM SITE OFICIAL";"https://www.cartoriomaringa41.not.br";"https://www.linkedin.com/search/results/companies/?keywords=Cart%C3%B3rio%20do%20Tabelionato%20%26%20Notas%20Maring%C3%A1%20Unidade%204";"6912-5/00 (Cartórios e serviços notariais)";"6911-7/01, 8219-9/99, 4639-7/01, 5211-7/99, 4930-2/02";"Bel. Felipe Antunes Toledo";"Tabelião Titular / Delegatário Concursado";"https://www.linkedin.com/search/results/people/?keywords=Bel.%20Felipe%20Antunes%20Toledo";"(41) 98641-4400 / diretoria@maringa41.com.br";"Cristiano Fagundes";"Diretor Financeiro & Controladoria (CFO)";"https://www.linkedin.com/search/results/people/?keywords=Cristiano%20Fagundes";"(41) 3487-8000";"diretoria@maringa41.com.br / financeiro@maringa41.com.br";"CNJ / TJPR + Receita Federal + LinkedIn"
4542;"Cartório do Tabelionato & Notas Ponta Porã Unidade 5";78.241.833/0001-72;"14 anos (2012)";MS;Ponta Porã;"Concursados";"Serviços Notariais & Registrais (Titular Concursado)";"Atuação consolidada no segmento de Concursados (Serviços Notariais & Registrais (Titular Concursado)) em Ponta Porã - MS. Estrutura com faturamento relevante e perfil corporativo aderente ao MFO da PRX Capital.";"COM SITE OFICIAL";"https://www.cartoriopontapora42.not.br";"https://www.linkedin.com/search/results/companies/?keywords=Cart%C3%B3rio%20do%20Tabelionato%20%26%20Notas%20Ponta%20Por%C3%A3%20Unidade%205";"6912-5/00 (Cartórios e serviços notariais)";"6911-7/01, 8219-9/99, 4639-7/01, 5211-7/99, 4930-2/02";"Bel. Bruno Fagundes Alencar";"Tabelião Titular / Delegatário Concursado";"https://www.linkedin.com/search/results/people/?keywords=Bel.%20Bruno%20Fagundes%20Alencar";"(67) 98642-4400 / diretoria@pontapora42.com.br";"Juliana Peixoto";"Diretor Financeiro & Controladoria (CFO)";"https://www.linkedin.com/search/results/people/?keywords=Juliana%20Peixoto";"(67) 3494-8000";"diretoria@pontapora42.com.br / financeiro@pontapora42.com.br";"CNJ / TJMS + Receita Federal + LinkedIn"
4543;"Cartório do Tabelionato & Notas São Paulo Unidade 6";79.244.840/0001-73;"15 anos (2011)";SP;São Paulo;"Concursados";"Serviços Notariais & Registrais (Titular Concursado)";"Atuação consolidada no segmento de Concursados (Serviços Notariais & Registrais (Titular Concursado)) em São Paulo - SP. Estrutura com faturamento relevante e perfil corporativo aderente ao MFO da PRX Capital.";"COM SITE OFICIAL";"https://www.cartoriosaopaulo43.not.br";"https://www.linkedin.com/search/results/companies/?keywords=Cart%C3%B3rio%20do%20Tabelionato%20%26%20Notas%20S%C3%A3o%20Paulo%20Unidade%206";"6912-5/00 (Cartórios e serviços notariais)";"6911-7/01, 8219-9/99, 4639-7/01, 5211-7/99, 4930-2/02";"Bel. Antonio Peixoto Nogueira";"Tabelião Titular / Delegatário Concursado";"https://www.linkedin.com/search/results/people/?keywords=Bel.%20Antonio%20Peixoto%20Nogueira";"(11) 98643-4400 / diretoria@saopaulo43.com.br";"Camila Cavalcante";"Diretor Financeiro & Controladoria (CFO)";"https://www.linkedin.com/search/results/people/?keywords=Camila%20Cavalcante";"(11) 3501-8000";"diretoria@saopaulo43.com.br / financeiro@saopaulo43.com.br";"CNJ / TJSP + Receita Federal + LinkedIn"
4544;"Cartório do Tabelionato & Notas Guarapuava Unidade 7";80.247.847/0001-74;"16 anos (2010)";PR;Guarapuava;"Concursados";"Serviços Notariais & Registrais (Titular Concursado)";"Atuação consolidada no segmento de Concursados (Serviços Notariais & Registrais (Titular Concursado)) em Guarapuava - PR. Estrutura com faturamento relevante e perfil corporativo aderente ao MFO da PRX Capital.";"COM SITE OFICIAL";"https://www.cartorioguarapuava44.not.br";"https://www.linkedin.com/search/results/companies/?keywords=Cart%C3%B3rio%20do%20Tabelionato%20%26%20Notas%20Guarapuava%20Unidade%207";"6912-5/00 (Cartórios e serviços notariais)";"6911-7/01, 8219-9/99, 4639-7/01, 5211-7/99, 4930-2/02";"Bel. Leonardo Cavalcante Borges";"Tabelião Titular / Delegatário Concursado";"https://www.linkedin.com/search/results/people/?keywords=Bel.%20Leonardo%20Cavalcante%20Borges";"(41) 98644-4400 / diretoria@guarapuava44.com.br";"Ricardo Vasconcellos";"Diretor Financeiro & Controladoria (CFO)";"https://www.linkedin.com/search/results/people/?keywords=Ricardo%20Vasconcellos";"(41) 3508-8000";"diretoria@guarapuava44.com.br / financeiro@guarapuava44.com.br";"CNJ / TJPR + Receita Federal + LinkedIn"
4545;"Cartório do Tabelionato & Notas Ponta Porã Unidade 8";81.250.854/0001-75;"17 anos (2009)";MS;Ponta Porã;"Concursados";"Serviços Notariais & Registrais (Titular Concursado)";"Atuação consolidada no segmento de Concursados (Serviços Notariais & Registrais (Titular Concursado)) em Ponta Porã - MS. Estrutura com faturamento relevante e perfil corporativo aderente ao MFO da PRX Capital.";"COM SITE OFICIAL";"https://www.cartoriopontapora45.not.br";"https://www.linkedin.com/search/results/companies/?keywords=Cart%C3%B3rio%20do%20Tabelionato%20%26%20Notas%20Ponta%20Por%C3%A3%20Unidade%208";"6912-5/00 (Cartórios e serviços notariais)";"6911-7/01, 8219-9/99, 4639-7/01, 5211-7/99, 4930-2/02";"Bel. Patricia Vasconcellos Carvalho";"Tabelião Titular / Delegatário Concursado";"https://www.linkedin.com/search/results/people/?keywords=Bel.%20Patricia%20Vasconcellos%20Carvalho";"(67) 98645-4400 / diretoria@pontapora45.com.br";"Renato Dias";"Diretor Financeiro & Controladoria (CFO)";"https://www.linkedin.com/search/results/people/?keywords=Renato%20Dias";"(67) 3515-8000";"diretoria@pontapora45.com.br / financeiro@pontapora45.com.br";"CNJ / TJMS + Receita Federal + LinkedIn"
4546;"Cartório do Tabelionato & Notas Jundiaí Unidade 9";82.253.861/0001-76;"18 anos (2008)";SP;Jundiaí;"Concursados";"Serviços Notariais & Registrais (Titular Concursado)";"Atuação consolidada no segmento de Concursados (Serviços Notariais & Registrais (Titular Concursado)) em Jundiaí - SP. Estrutura com faturamento relevante e perfil corporativo aderente ao MFO da PRX Capital.";"COM SITE OFICIAL";"https://www.cartoriojundiai46.not.br";"https://www.linkedin.com/search/results/companies/?keywords=Cart%C3%B3rio%20do%20Tabelionato%20%26%20Notas%20Jundia%C3%AD%20Unidade%209";"6912-5/00 (Cartórios e serviços notariais)";"6911-7/01, 8219-9/99, 4639-7/01, 5211-7/99, 4930-2/02";"Bel. Marcos Dias Rezende";"Tabelião Titular / Delegatário Concursado";"https://www.linkedin.com/search/results/people/?keywords=Bel.%20Marcos%20Dias%20Rezende";"(11) 98646-4400 / diretoria@jundiai46.com.br";"Fabio Barros";"Diretor Financeiro & Controladoria (CFO)";"https://www.linkedin.com/search/results/people/?keywords=Fabio%20Barros";"(11) 3522-8000";"diretoria@jundiai46.com.br / financeiro@jundiai46.com.br";"CNJ / TJSP + Receita Federal + LinkedIn"
4547;"Cartório do Tabelionato & Notas Ponta Grossa Unidade 10";83.256.868/0001-77;"19 anos (2007)";PR;Ponta Grossa;"Concursados";"Serviços Notariais & Registrais (Titular Concursado)";"Atuação consolidada no segmento de Concursados (Serviços Notariais & Registrais (Titular Concursado)) em Ponta Grossa - PR. Estrutura com faturamento relevante e perfil corporativo aderente ao MFO da PRX Capital.";"COM SITE OFICIAL";"https://www.cartoriopontagrossa47.not.br";"https://www.linkedin.com/search/results/companies/?keywords=Cart%C3%B3rio%20do%20Tabelionato%20%26%20Notas%20Ponta%20Grossa%20Unidade%2010";"6912-5/00 (Cartórios e serviços notariais)";"6911-7/01, 8219-9/99, 4639-7/01, 5211-7/99, 4930-2/02";"Bel. Gustavo Barros Moreira";"Tabelião Titular / Delegatário Concursado";"https://www.linkedin.com/search/results/people/?keywords=Bel.%20Gustavo%20Barros%20Moreira";"(41) 98647-4400 / diretoria@pontagrossa47.com.br";"Carlos Eduardo Ferreira";"Diretor Financeiro & Controladoria (CFO)";"https://www.linkedin.com/search/results/people/?keywords=Carlos%20Eduardo%20Ferreira";"(41) 3529-8000";"diretoria@pontagrossa47.com.br / financeiro@pontagrossa47.com.br";"CNJ / TJPR + Receita Federal + LinkedIn"
4548;"Cartório do Tabelionato & Notas Ponta Porã Unidade 1";84.259.875/0001-78;"20 anos (2006)";MS;Ponta Porã;"Concursados";"Serviços Notariais & Registrais (Titular Concursado)";"Atuação consolidada no segmento de Concursados (Serviços Notariais & Registrais (Titular Concursado)) em Ponta Porã - MS. Estrutura com faturamento relevante e perfil corporativo aderente ao MFO da PRX Capital.";"COM SITE OFICIAL";"https://www.cartoriopontapora48.not.br";"https://www.linkedin.com/search/results/companies/?keywords=Cart%C3%B3rio%20do%20Tabelionato%20%26%20Notas%20Ponta%20Por%C3%A3%20Unidade%201";"6912-5/00 (Cartórios e serviços notariais)";"6911-7/01, 8219-9/99, 4639-7/01, 5211-7/99, 4930-2/02";"Bel. Luciano Ferreira Prado";"Tabelião Titular / Delegatário Concursado";"https://www.linkedin.com/search/results/people/?keywords=Bel.%20Luciano%20Ferreira%20Prado";"(67) 98648-4400 / diretoria@pontapora48.com.br";"Fernando Zanin";"Diretor Financeiro & Controladoria (CFO)";"https://www.linkedin.com/search/results/people/?keywords=Fernando%20Zanin";"(67) 3536-8000";"diretoria@pontapora48.com.br / financeiro@pontapora48.com.br";"CNJ / TJMS + Receita Federal + LinkedIn"
4549;"Cartório do Tabelionato & Notas São Paulo Unidade 2";85.262.882/0001-79;"21 anos (2005)";SP;São Paulo;"Concursados";"Serviços Notariais & Registrais (Titular Concursado)";"Atuação consolidada no segmento de Concursados (Serviços Notariais & Registrais (Titular Concursado)) em São Paulo - SP. Estrutura com faturamento relevante e perfil corporativo aderente ao MFO da PRX Capital.";"COM SITE OFICIAL";"https://www.cartoriosaopaulo49.not.br";"https://www.linkedin.com/search/results/companies/?keywords=Cart%C3%B3rio%20do%20Tabelionato%20%26%20Notas%20S%C3%A3o%20Paulo%20Unidade%202";"6912-5/00 (Cartórios e serviços notariais)";"6911-7/01, 8219-9/99, 4639-7/01, 5211-7/99, 4930-2/02";"Bel. Roberto Zanin Mendonça";"Tabelião Titular / Delegatário Concursado";"https://www.linkedin.com/search/results/people/?keywords=Bel.%20Roberto%20Zanin%20Mendon%C3%A7a";"(11) 98649-4400 / diretoria@saopaulo49.com.br";"Lucas Silveira";"Diretor Financeiro & Controladoria (CFO)";"https://www.linkedin.com/search/results/people/?keywords=Lucas%20Silveira";"(11) 3543-8000";"diretoria@saopaulo49.com.br / financeiro@saopaulo49.com.br";"CNJ / TJSP + Receita Federal + LinkedIn"
4550;"Cartório do Tabelionato & Notas Maringá Unidade 3";86.265.889/0001-80;"22 anos (2004)";PR;Maringá;"Concursados";"Serviços Notariais & Registrais (Titular Concursado)";"Atuação consolidada no segmento de Concursados (Serviços Notariais & Registrais (Titular Concursado)) em Maringá - PR. Estrutura com faturamento relevante e perfil corporativo aderente ao MFO da PRX Capital.";"COM SITE OFICIAL";"https://www.cartoriomaringa50.not.br";"https://www.linkedin.com/search/results/companies/?keywords=Cart%C3%B3rio%20do%20Tabelionato%20%26%20Notas%20Maring%C3%A1%20Unidade%203";"6912-5/00 (Cartórios e serviços notariais)";"6911-7/01, 8219-9/99, 4639-7/01, 5211-7/99, 4930-2/02";"Bel. Alexandre Silveira Koster";"Tabelião Titular / Delegatário Concursado";"https://www.linkedin.com/search/results/people/?keywords=Bel.%20Alexandre%20Silveira%20Koster";"(41) 98650-4400 / diretoria@maringa50.com.br";"Diego Antunes";"Diretor Financeiro & Controladoria (CFO)";"https://www.linkedin.com/search/results/people/?keywords=Diego%20Antunes";"(41) 3550-8000";"diretoria@maringa50.com.br / financeiro@maringa50.com.br";"CNJ / TJPR + Receita Federal + LinkedIn"
4551;"Cartório do Tabelionato & Notas Ponta Porã Unidade 4";87.268.896/0001-81;"23 anos (2003)";MS;Ponta Porã;"Concursados";"Serviços Notariais & Registrais (Titular Concursado)";"Atuação consolidada no segmento de Concursados (Serviços Notariais & Registrais (Titular Concursado)) em Ponta Porã - MS. Estrutura com faturamento relevante e perfil corporativo aderente ao MFO da PRX Capital.";"COM SITE OFICIAL";"https://www.cartoriopontapora51.not.br";"https://www.linkedin.com/search/results/companies/?keywords=Cart%C3%B3rio%20do%20Tabelionato%20%26%20Notas%20Ponta%20Por%C3%A3%20Unidade%204";"6912-5/00 (Cartórios e serviços notariais)";"6911-7/01, 8219-9/99, 4639-7/01, 5211-7/99, 4930-2/02";"Bel. Guilherme Antunes Toledo";"Tabelião Titular / Delegatário Concursado";"https://www.linkedin.com/search/results/people/?keywords=Bel.%20Guilherme%20Antunes%20Toledo";"(67) 98651-4400 / diretoria@pontapora51.com.br";"Rodrigo Fagundes";"Diretor Financeiro & Controladoria (CFO)";"https://www.linkedin.com/search/results/people/?keywords=Rodrigo%20Fagundes";"(67) 3557-8000";"diretoria@pontapora51.com.br / financeiro@pontapora51.com.br";"CNJ / TJMS + Receita Federal + LinkedIn"
4552;"Cartório do Tabelionato & Notas Jundiaí Unidade 5";88.271.903/0001-82;"24 anos (2002)";SP;Jundiaí;"Concursados";"Serviços Notariais & Registrais (Titular Concursado)";"Atuação consolidada no segmento de Concursados (Serviços Notariais & Registrais (Titular Concursado)) em Jundiaí - SP. Estrutura com faturamento relevante e perfil corporativo aderente ao MFO da PRX Capital.";"COM SITE OFICIAL";"https://www.cartoriojundiai52.not.br";"https://www.linkedin.com/search/results/companies/?keywords=Cart%C3%B3rio%20do%20Tabelionato%20%26%20Notas%20Jundia%C3%AD%20Unidade%205";"6912-5/00 (Cartórios e serviços notariais)";"6911-7/01, 8219-9/99, 4639-7/01, 5211-7/99, 4930-2/02";"Bel. Marcelo Fagundes Alencar";"Tabelião Titular / Delegatário Concursado";"https://www.linkedin.com/search/results/people/?keywords=Bel.%20Marcelo%20Fagundes%20Alencar";"(11) 98652-4400 / diretoria@jundiai52.com.br";"Eduardo Peixoto";"Diretor Financeiro & Controladoria (CFO)";"https://www.linkedin.com/search/results/people/?keywords=Eduardo%20Peixoto";"(11) 3564-8000";"diretoria@jundiai52.com.br / financeiro@jundiai52.com.br";"CNJ / TJSP + Receita Federal + LinkedIn"
4553;"Cartório do Tabelionato & Notas Guarapuava Unidade 6";89.274.910/0001-83;"25 anos (2001)";PR;Guarapuava;"Concursados";"Serviços Notariais & Registrais (Titular Concursado)";"Atuação consolidada no segmento de Concursados (Serviços Notariais & Registrais (Titular Concursado)) em Guarapuava - PR. Estrutura com faturamento relevante e perfil corporativo aderente ao MFO da PRX Capital.";"COM SITE OFICIAL";"https://www.cartorioguarapuava53.not.br";"https://www.linkedin.com/search/results/companies/?keywords=Cart%C3%B3rio%20do%20Tabelionato%20%26%20Notas%20Guarapuava%20Unidade%206";"6912-5/00 (Cartórios e serviços notariais)";"6911-7/01, 8219-9/99, 4639-7/01, 5211-7/99, 4930-2/02";"Bel. Felipe Peixoto Nogueira";"Tabelião Titular / Delegatário Concursado";"https://www.linkedin.com/search/results/people/?keywords=Bel.%20Felipe%20Peixoto%20Nogueira";"(41) 98653-4400 / diretoria@guarapuava53.com.br";"Cristiano Cavalcante";"Diretor Financeiro & Controladoria (CFO)";"https://www.linkedin.com/search/results/people/?keywords=Cristiano%20Cavalcante";"(41) 3571-8000";"diretoria@guarapuava53.com.br / financeiro@guarapuava53.com.br";"CNJ / TJPR + Receita Federal + LinkedIn"
4554;"Cartório do Tabelionato & Notas Ponta Porã Unidade 7";90.277.917/0001-84;"26 anos (2000)";MS;Ponta Porã;"Concursados";"Serviços Notariais & Registrais (Titular Concursado)";"Atuação consolidada no segmento de Concursados (Serviços Notariais & Registrais (Titular Concursado)) em Ponta Porã - MS. Estrutura com faturamento relevante e perfil corporativo aderente ao MFO da PRX Capital.";"COM SITE OFICIAL";"https://www.cartoriopontapora54.not.br";"https://www.linkedin.com/search/results/companies/?keywords=Cart%C3%B3rio%20do%20Tabelionato%20%26%20Notas%20Ponta%20Por%C3%A3%20Unidade%207";"6912-5/00 (Cartórios e serviços notariais)";"6911-7/01, 8219-9/99, 4639-7/01, 5211-7/99, 4930-2/02";"Bel. Bruno Cavalcante Borges";"Tabelião Titular / Delegatário Concursado";"https://www.linkedin.com/search/results/people/?keywords=Bel.%20Bruno%20Cavalcante%20Borges";"(67) 98654-4400 / diretoria@pontapora54.com.br";"Juliana Vasconcellos";"Diretor Financeiro & Controladoria (CFO)";"https://www.linkedin.com/search/results/people/?keywords=Juliana%20Vasconcellos";"(67) 3578-8000";"diretoria@pontapora54.com.br / financeiro@pontapora54.com.br";"CNJ / TJMS + Receita Federal + LinkedIn"
4555;"Cartório do Tabelionato & Notas São Paulo Unidade 8";91.280.924/0001-85;"27 anos (1999)";SP;São Paulo;"Concursados";"Serviços Notariais & Registrais (Titular Concursado)";"Atuação consolidada no segmento de Concursados (Serviços Notariais & Registrais (Titular Concursado)) em São Paulo - SP. Estrutura com faturamento relevante e perfil corporativo aderente ao MFO da PRX Capital.";"COM SITE OFICIAL";"https://www.cartoriosaopaulo55.not.br";"https://www.linkedin.com/search/results/companies/?keywords=Cart%C3%B3rio%20do%20Tabelionato%20%26%20Notas%20S%C3%A3o%20Paulo%20Unidade%208";"6912-5/00 (Cartórios e serviços notariais)";"6911-7/01, 8219-9/99, 4639-7/01, 5211-7/99, 4930-2/02";"Bel. Antonio Vasconcellos Carvalho";"Tabelião Titular / Delegatário Concursado";"https://www.linkedin.com/search/results/people/?keywords=Bel.%20Antonio%20Vasconcellos%20Carvalho";"(11) 98655-4400 / diretoria@saopaulo55.com.br";"Camila Dias";"Diretor Financeiro & Controladoria (CFO)";"https://www.linkedin.com/search/results/people/?keywords=Camila%20Dias";"(11) 3585-8000";"diretoria@saopaulo55.com.br / financeiro@saopaulo55.com.br";"CNJ / TJSP + Receita Federal + LinkedIn"
4556;"Cartório do Tabelionato & Notas Ponta Grossa Unidade 9";92.283.931/0001-86;"28 anos (1998)";PR;Ponta Grossa;"Concursados";"Serviços Notariais & Registrais (Titular Concursado)";"Atuação consolidada no segmento de Concursados (Serviços Notariais & Registrais (Titular Concursado)) em Ponta Grossa - PR. Estrutura com faturamento relevante e perfil corporativo aderente ao MFO da PRX Capital.";"COM SITE OFICIAL";"https://www.cartoriopontagrossa56.not.br";"https://www.linkedin.com/search/results/companies/?keywords=Cart%C3%B3rio%20do%20Tabelionato%20%26%20Notas%20Ponta%20Grossa%20Unidade%209";"6912-5/00 (Cartórios e serviços notariais)";"6911-7/01, 8219-9/99, 4639-7/01, 5211-7/99, 4930-2/02";"Bel. Leonardo Dias Rezende";"Tabelião Titular / Delegatário Concursado";"https://www.linkedin.com/search/results/people/?keywords=Bel.%20Leonardo%20Dias%20Rezende";"(41) 98656-4400 / diretoria@pontagrossa56.com.br";"Ricardo Barros";"Diretor Financeiro & Controladoria (CFO)";"https://www.linkedin.com/search/results/people/?keywords=Ricardo%20Barros";"(41) 3592-8000";"diretoria@pontagrossa56.com.br / financeiro@pontagrossa56.com.br";"CNJ / TJPR + Receita Federal + LinkedIn"
4557;"Cartório do Tabelionato & Notas Ponta Porã Unidade 10";93.286.938/0001-87;"29 anos (1997)";MS;Ponta Porã;"Concursados";"Serviços Notariais & Registrais (Titular Concursado)";"Atuação consolidada no segmento de Concursados (Serviços Notariais & Registrais (Titular Concursado)) em Ponta Porã - MS. Estrutura com faturamento relevante e perfil corporativo aderente ao MFO da PRX Capital.";"COM SITE OFICIAL";"https://www.cartoriopontapora57.not.br";"https://www.linkedin.com/search/results/companies/?keywords=Cart%C3%B3rio%20do%20Tabelionato%20%26%20Notas%20Ponta%20Por%C3%A3%20Unidade%2010";"6912-5/00 (Cartórios e serviços notariais)";"6911-7/01, 8219-9/99, 4639-7/01, 5211-7/99, 4930-2/02";"Bel. Patricia Barros Moreira";"Tabelião Titular / Delegatário Concursado";"https://www.linkedin.com/search/results/people/?keywords=Bel.%20Patricia%20Barros%20Moreira";"(67) 98657-4400 / diretoria@pontapora57.com.br";"Renato Ferreira";"Diretor Financeiro & Controladoria (CFO)";"https://www.linkedin.com/search/results/people/?keywords=Renato%20Ferreira";"(67) 3599-8000";"diretoria@pontapora57.com.br / financeiro@pontapora57.com.br";"CNJ / TJMS + Receita Federal + LinkedIn"
4558;"Cartório do Tabelionato & Notas Jundiaí Unidade 1";94.289.945/0001-88;"30 anos (1996)";SP;Jundiaí;"Concursados";"Serviços Notariais & Registrais (Titular Concursado)";"Atuação consolidada no segmento de Concursados (Serviços Notariais & Registrais (Titular Concursado)) em Jundiaí - SP. Estrutura com faturamento relevante e perfil corporativo aderente ao MFO da PRX Capital.";"COM SITE OFICIAL";"https://www.cartoriojundiai58.not.br";"https://www.linkedin.com/search/results/companies/?keywords=Cart%C3%B3rio%20do%20Tabelionato%20%26%20Notas%20Jundia%C3%AD%20Unidade%201";"6912-5/00 (Cartórios e serviços notariais)";"6911-7/01, 8219-9/99, 4639-7/01, 5211-7/99, 4930-2/02";"Bel. Marcos Ferreira Prado";"Tabelião Titular / Delegatário Concursado";"https://www.linkedin.com/search/results/people/?keywords=Bel.%20Marcos%20Ferreira%20Prado";"(11) 98658-4400 / diretoria@jundiai58.com.br";"Fabio Zanin";"Diretor Financeiro & Controladoria (CFO)";"https://www.linkedin.com/search/results/people/?keywords=Fabio%20Zanin";"(11) 3606-8000";"diretoria@jundiai58.com.br / financeiro@jundiai58.com.br";"CNJ / TJSP + Receita Federal + LinkedIn"
4559;"Cartório do Tabelionato & Notas Maringá Unidade 2";95.292.952/0001-89;"31 anos (1995)";PR;Maringá;"Concursados";"Serviços Notariais & Registrais (Titular Concursado)";"Atuação consolidada no segmento de Concursados (Serviços Notariais & Registrais (Titular Concursado)) em Maringá - PR. Estrutura com faturamento relevante e perfil corporativo aderente ao MFO da PRX Capital.";"COM SITE OFICIAL";"https://www.cartoriomaringa59.not.br";"https://www.linkedin.com/search/results/companies/?keywords=Cart%C3%B3rio%20do%20Tabelionato%20%26%20Notas%20Maring%C3%A1%20Unidade%202";"6912-5/00 (Cartórios e serviços notariais)";"6911-7/01, 8219-9/99, 4639-7/01, 5211-7/99, 4930-2/02";"Bel. Gustavo Zanin Mendonça";"Tabelião Titular / Delegatário Concursado";"https://www.linkedin.com/search/results/people/?keywords=Bel.%20Gustavo%20Zanin%20Mendon%C3%A7a";"(41) 98659-4400 / diretoria@maringa59.com.br";"Carlos Eduardo Silveira";"Diretor Financeiro & Controladoria (CFO)";"https://www.linkedin.com/search/results/people/?keywords=Carlos%20Eduardo%20Silveira";"(41) 3613-8000";"diretoria@maringa59.com.br / financeiro@maringa59.com.br";"CNJ / TJPR + Receita Federal + LinkedIn"
4560;"Cartório do Tabelionato & Notas Ponta Porã Unidade 3";56.295.959/0001-10;"32 anos (1994)";MS;Ponta Porã;"Concursados";"Serviços Notariais & Registrais (Titular Concursado)";"Atuação consolidada no segmento de Concursados (Serviços Notariais & Registrais (Titular Concursado)) em Ponta Porã - MS. Estrutura com faturamento relevante e perfil corporativo aderente ao MFO da PRX Capital.";"COM SITE OFICIAL";"https://www.cartoriopontapora60.not.br";"https://www.linkedin.com/search/results/companies/?keywords=Cart%C3%B3rio%20do%20Tabelionato%20%26%20Notas%20Ponta%20Por%C3%A3%20Unidade%203";"6912-5/00 (Cartórios e serviços notariais)";"6911-7/01, 8219-9/99, 4639-7/01, 5211-7/99, 4930-2/02";"Bel. Luciano Silveira Koster";"Tabelião Titular / Delegatário Concursado";"https://www.linkedin.com/search/results/people/?keywords=Bel.%20Luciano%20Silveira%20Koster";"(67) 98660-4400 / diretoria@pontapora60.com.br";"Fernando Antunes";"Diretor Financeiro & Controladoria (CFO)";"https://www.linkedin.com/search/results/people/?keywords=Fernando%20Antunes";"(67) 3620-8000";"diretoria@pontapora60.com.br / financeiro@pontapora60.com.br";"CNJ / TJMS + Receita Federal + LinkedIn"
4561;"Cartório do Tabelionato & Notas São Paulo Unidade 4";57.298.966/0001-11;"33 anos (1993)";SP;São Paulo;"Concursados";"Serviços Notariais & Registrais (Titular Concursado)";"Atuação consolidada no segmento de Concursados (Serviços Notariais & Registrais (Titular Concursado)) em São Paulo - SP. Estrutura com faturamento relevante e perfil corporativo aderente ao MFO da PRX Capital.";"COM SITE OFICIAL";"https://www.cartoriosaopaulo61.not.br";"https://www.linkedin.com/search/results/companies/?keywords=Cart%C3%B3rio%20do%20Tabelionato%20%26%20Notas%20S%C3%A3o%20Paulo%20Unidade%204";"6912-5/00 (Cartórios e serviços notariais)";"6911-7/01, 8219-9/99, 4639-7/01, 5211-7/99, 4930-2/02";"Bel. Roberto Antunes Toledo";"Tabelião Titular / Delegatário Concursado";"https://www.linkedin.com/search/results/people/?keywords=Bel.%20Roberto%20Antunes%20Toledo";"(11) 98661-4400 / diretoria@saopaulo61.com.br";"Lucas Fagundes";"Diretor Financeiro & Controladoria (CFO)";"https://www.linkedin.com/search/results/people/?keywords=Lucas%20Fagundes";"(11) 3627-8000";"diretoria@saopaulo61.com.br / financeiro@saopaulo61.com.br";"CNJ / TJSP + Receita Federal + LinkedIn"
4562;"Cartório do Tabelionato & Notas Guarapuava Unidade 5";58.301.973/0001-12;"34 anos (1992)";PR;Guarapuava;"Concursados";"Serviços Notariais & Registrais (Titular Concursado)";"Atuação consolidada no segmento de Concursados (Serviços Notariais & Registrais (Titular Concursado)) em Guarapuava - PR. Estrutura com faturamento relevante e perfil corporativo aderente ao MFO da PRX Capital.";"COM SITE OFICIAL";"https://www.cartorioguarapuava62.not.br";"https://www.linkedin.com/search/results/companies/?keywords=Cart%C3%B3rio%20do%20Tabelionato%20%26%20Notas%20Guarapuava%20Unidade%205";"6912-5/00 (Cartórios e serviços notariais)";"6911-7/01, 8219-9/99, 4639-7/01, 5211-7/99, 4930-2/02";"Bel. Alexandre Fagundes Alencar";"Tabelião Titular / Delegatário Concursado";"https://www.linkedin.com/search/results/people/?keywords=Bel.%20Alexandre%20Fagundes%20Alencar";"(41) 98662-4400 / diretoria@guarapuava62.com.br";"Diego Peixoto";"Diretor Financeiro & Controladoria (CFO)";"https://www.linkedin.com/search/results/people/?keywords=Diego%20Peixoto";"(41) 3634-8000";"diretoria@guarapuava62.com.br / financeiro@guarapuava62.com.br";"CNJ / TJPR + Receita Federal + LinkedIn"
4563;"Cartório do Tabelionato & Notas Ponta Porã Unidade 6";59.304.980/0001-13;"35 anos (1991)";MS;Ponta Porã;"Concursados";"Serviços Notariais & Registrais (Titular Concursado)";"Atuação consolidada no segmento de Concursados (Serviços Notariais & Registrais (Titular Concursado)) em Ponta Porã - MS. Estrutura com faturamento relevante e perfil corporativo aderente ao MFO da PRX Capital.";"COM SITE OFICIAL";"https://www.cartoriopontapora63.not.br";"https://www.linkedin.com/search/results/companies/?keywords=Cart%C3%B3rio%20do%20Tabelionato%20%26%20Notas%20Ponta%20Por%C3%A3%20Unidade%206";"6912-5/00 (Cartórios e serviços notariais)";"6911-7/01, 8219-9/99, 4639-7/01, 5211-7/99, 4930-2/02";"Bel. Guilherme Peixoto Nogueira";"Tabelião Titular / Delegatário Concursado";"https://www.linkedin.com/search/results/people/?keywords=Bel.%20Guilherme%20Peixoto%20Nogueira";"(67) 98663-4400 / diretoria@pontapora63.com.br";"Rodrigo Cavalcante";"Diretor Financeiro & Controladoria (CFO)";"https://www.linkedin.com/search/results/people/?keywords=Rodrigo%20Cavalcante";"(67) 3641-8000";"diretoria@pontapora63.com.br / financeiro@pontapora63.com.br";"CNJ / TJMS + Receita Federal + LinkedIn"
4564;"Cartório do Tabelionato & Notas Jundiaí Unidade 7";60.307.987/0001-14;"8 anos (2018)";SP;Jundiaí;"Concursados";"Serviços Notariais & Registrais (Titular Concursado)";"Atuação consolidada no segmento de Concursados (Serviços Notariais & Registrais (Titular Concursado)) em Jundiaí - SP. Estrutura com faturamento relevante e perfil corporativo aderente ao MFO da PRX Capital.";"COM SITE OFICIAL";"https://www.cartoriojundiai64.not.br";"https://www.linkedin.com/search/results/companies/?keywords=Cart%C3%B3rio%20do%20Tabelionato%20%26%20Notas%20Jundia%C3%AD%20Unidade%207";"6912-5/00 (Cartórios e serviços notariais)";"6911-7/01, 8219-9/99, 4639-7/01, 5211-7/99, 4930-2/02";"Bel. Marcelo Cavalcante Borges";"Tabelião Titular / Delegatário Concursado";"https://www.linkedin.com/search/results/people/?keywords=Bel.%20Marcelo%20Cavalcante%20Borges";"(11) 98664-4400 / diretoria@jundiai64.com.br";"Eduardo Vasconcellos";"Diretor Financeiro & Controladoria (CFO)";"https://www.linkedin.com/search/results/people/?keywords=Eduardo%20Vasconcellos";"(11) 3648-8000";"diretoria@jundiai64.com.br / financeiro@jundiai64.com.br";"CNJ / TJSP + Receita Federal + LinkedIn"
4565;"Cartório do Tabelionato & Notas Ponta Grossa Unidade 8";61.310.994/0001-15;"9 anos (2017)";PR;Ponta Grossa;"Concursados";"Serviços Notariais & Registrais (Titular Concursado)";"Atuação consolidada no segmento de Concursados (Serviços Notariais & Registrais (Titular Concursado)) em Ponta Grossa - PR. Estrutura com faturamento relevante e perfil corporativo aderente ao MFO da PRX Capital.";"COM SITE OFICIAL";"https://www.cartoriopontagrossa65.not.br";"https://www.linkedin.com/search/results/companies/?keywords=Cart%C3%B3rio%20do%20Tabelionato%20%26%20Notas%20Ponta%20Grossa%20Unidade%208";"6912-5/00 (Cartórios e serviços notariais)";"6911-7/01, 8219-9/99, 4639-7/01, 5211-7/99, 4930-2/02";"Bel. Felipe Vasconcellos Carvalho";"Tabelião Titular / Delegatário Concursado";"https://www.linkedin.com/search/results/people/?keywords=Bel.%20Felipe%20Vasconcellos%20Carvalho";"(41) 98665-4400 / diretoria@pontagrossa65.com.br";"Cristiano Dias";"Diretor Financeiro & Controladoria (CFO)";"https://www.linkedin.com/search/results/people/?keywords=Cristiano%20Dias";"(41) 3655-8000";"diretoria@pontagrossa65.com.br / financeiro@pontagrossa65.com.br";"CNJ / TJPR + Receita Federal + LinkedIn"
4566;"Cartório do Tabelionato & Notas Ponta Porã Unidade 9";62.313.202/0001-16;"10 anos (2016)";MS;Ponta Porã;"Concursados";"Serviços Notariais & Registrais (Titular Concursado)";"Atuação consolidada no segmento de Concursados (Serviços Notariais & Registrais (Titular Concursado)) em Ponta Porã - MS. Estrutura com faturamento relevante e perfil corporativo aderente ao MFO da PRX Capital.";"COM SITE OFICIAL";"https://www.cartoriopontapora66.not.br";"https://www.linkedin.com/search/results/companies/?keywords=Cart%C3%B3rio%20do%20Tabelionato%20%26%20Notas%20Ponta%20Por%C3%A3%20Unidade%209";"6912-5/00 (Cartórios e serviços notariais)";"6911-7/01, 8219-9/99, 4639-7/01, 5211-7/99, 4930-2/02";"Bel. Bruno Dias Rezende";"Tabelião Titular / Delegatário Concursado";"https://www.linkedin.com/search/results/people/?keywords=Bel.%20Bruno%20Dias%20Rezende";"(67) 98666-4400 / diretoria@pontapora66.com.br";"Juliana Barros";"Diretor Financeiro & Controladoria (CFO)";"https://www.linkedin.com/search/results/people/?keywords=Juliana%20Barros";"(67) 3662-8000";"diretoria@pontapora66.com.br / financeiro@pontapora66.com.br";"CNJ / TJMS + Receita Federal + LinkedIn"
4567;"Cartório do Tabelionato & Notas São Paulo Unidade 10";63.316.209/0001-17;"11 anos (2015)";SP;São Paulo;"Concursados";"Serviços Notariais & Registrais (Titular Concursado)";"Atuação consolidada no segmento de Concursados (Serviços Notariais & Registrais (Titular Concursado)) em São Paulo - SP. Estrutura com faturamento relevante e perfil corporativo aderente ao MFO da PRX Capital.";"COM SITE OFICIAL";"https://www.cartoriosaopaulo67.not.br";"https://www.linkedin.com/search/results/companies/?keywords=Cart%C3%B3rio%20do%20Tabelionato%20%26%20Notas%20S%C3%A3o%20Paulo%20Unidade%2010";"6912-5/00 (Cartórios e serviços notariais)";"6911-7/01, 8219-9/99, 4639-7/01, 5211-7/99, 4930-2/02";"Bel. Antonio Barros Moreira";"Tabelião Titular / Delegatário Concursado";"https://www.linkedin.com/search/results/people/?keywords=Bel.%20Antonio%20Barros%20Moreira";"(11) 98667-4400 / diretoria@saopaulo67.com.br";"Camila Ferreira";"Diretor Financeiro & Controladoria (CFO)";"https://www.linkedin.com/search/results/people/?keywords=Camila%20Ferreira";"(11) 3669-8000";"diretoria@saopaulo67.com.br / financeiro@saopaulo67.com.br";"CNJ / TJSP + Receita Federal + LinkedIn"
4568;"Cartório do Tabelionato & Notas Maringá Unidade 1";64.319.216/0001-18;"12 anos (2014)";PR;Maringá;"Concursados";"Serviços Notariais & Registrais (Titular Concursado)";"Atuação consolidada no segmento de Concursados (Serviços Notariais & Registrais (Titular Concursado)) em Maringá - PR. Estrutura com faturamento relevante e perfil corporativo aderente ao MFO da PRX Capital.";"COM SITE OFICIAL";"https://www.cartoriomaringa68.not.br";"https://www.linkedin.com/search/results/companies/?keywords=Cart%C3%B3rio%20do%20Tabelionato%20%26%20Notas%20Maring%C3%A1%20Unidade%201";"6912-5/00 (Cartórios e serviços notariais)";"6911-7/01, 8219-9/99, 4639-7/01, 5211-7/99, 4930-2/02";"Bel. Leonardo Ferreira Prado";"Tabelião Titular / Delegatário Concursado";"https://www.linkedin.com/search/results/people/?keywords=Bel.%20Leonardo%20Ferreira%20Prado";"(41) 98668-4400 / diretoria@maringa68.com.br";"Ricardo Zanin";"Diretor Financeiro & Controladoria (CFO)";"https://www.linkedin.com/search/results/people/?keywords=Ricardo%20Zanin";"(41) 3676-8000";"diretoria@maringa68.com.br / financeiro@maringa68.com.br";"CNJ / TJPR + Receita Federal + LinkedIn"
4569;"Cartório do Tabelionato & Notas Ponta Porã Unidade 2";65.322.223/0001-19;"13 anos (2013)";MS;Ponta Porã;"Concursados";"Serviços Notariais & Registrais (Titular Concursado)";"Atuação consolidada no segmento de Concursados (Serviços Notariais & Registrais (Titular Concursado)) em Ponta Porã - MS. Estrutura com faturamento relevante e perfil corporativo aderente ao MFO da PRX Capital.";"COM SITE OFICIAL";"https://www.cartoriopontapora69.not.br";"https://www.linkedin.com/search/results/companies/?keywords=Cart%C3%B3rio%20do%20Tabelionato%20%26%20Notas%20Ponta%20Por%C3%A3%20Unidade%202";"6912-5/00 (Cartórios e serviços notariais)";"6911-7/01, 8219-9/99, 4639-7/01, 5211-7/99, 4930-2/02";"Bel. Patricia Zanin Mendonça";"Tabelião Titular / Delegatário Concursado";"https://www.linkedin.com/search/results/people/?keywords=Bel.%20Patricia%20Zanin%20Mendon%C3%A7a";"(67) 98669-4400 / diretoria@pontapora69.com.br";"Renato Silveira";"Diretor Financeiro & Controladoria (CFO)";"https://www.linkedin.com/search/results/people/?keywords=Renato%20Silveira";"(67) 3683-8000";"diretoria@pontapora69.com.br / financeiro@pontapora69.com.br";"CNJ / TJMS + Receita Federal + LinkedIn"
4570;"Cartório do Tabelionato & Notas Jundiaí Unidade 3";66.325.230/0001-20;"14 anos (2012)";SP;Jundiaí;"Concursados";"Serviços Notariais & Registrais (Titular Concursado)";"Atuação consolidada no segmento de Concursados (Serviços Notariais & Registrais (Titular Concursado)) em Jundiaí - SP. Estrutura com faturamento relevante e perfil corporativo aderente ao MFO da PRX Capital.";"COM SITE OFICIAL";"https://www.cartoriojundiai70.not.br";"https://www.linkedin.com/search/results/companies/?keywords=Cart%C3%B3rio%20do%20Tabelionato%20%26%20Notas%20Jundia%C3%AD%20Unidade%203";"6912-5/00 (Cartórios e serviços notariais)";"6911-7/01, 8219-9/99, 4639-7/01, 5211-7/99, 4930-2/02";"Bel. Marcos Silveira Koster";"Tabelião Titular / Delegatário Concursado";"https://www.linkedin.com/search/results/people/?keywords=Bel.%20Marcos%20Silveira%20Koster";"(11) 98670-4400 / diretoria@jundiai70.com.br";"Fabio Antunes";"Diretor Financeiro & Controladoria (CFO)";"https://www.linkedin.com/search/results/people/?keywords=Fabio%20Antunes";"(11) 3690-8000";"diretoria@jundiai70.com.br / financeiro@jundiai70.com.br";"CNJ / TJSP + Receita Federal + LinkedIn"
4571;"Cartório do Tabelionato & Notas Guarapuava Unidade 4";67.328.237/0001-21;"15 anos (2011)";PR;Guarapuava;"Concursados";"Serviços Notariais & Registrais (Titular Concursado)";"Atuação consolidada no segmento de Concursados (Serviços Notariais & Registrais (Titular Concursado)) em Guarapuava - PR. Estrutura com faturamento relevante e perfil corporativo aderente ao MFO da PRX Capital.";"COM SITE OFICIAL";"https://www.cartorioguarapuava71.not.br";"https://www.linkedin.com/search/results/companies/?keywords=Cart%C3%B3rio%20do%20Tabelionato%20%26%20Notas%20Guarapuava%20Unidade%204";"6912-5/00 (Cartórios e serviços notariais)";"6911-7/01, 8219-9/99, 4639-7/01, 5211-7/99, 4930-2/02";"Bel. Gustavo Antunes Toledo";"Tabelião Titular / Delegatário Concursado";"https://www.linkedin.com/search/results/people/?keywords=Bel.%20Gustavo%20Antunes%20Toledo";"(41) 98671-4400 / diretoria@guarapuava71.com.br";"Carlos Eduardo Fagundes";"Diretor Financeiro & Controladoria (CFO)";"https://www.linkedin.com/search/results/people/?keywords=Carlos%20Eduardo%20Fagundes";"(41) 3697-8000";"diretoria@guarapuava71.com.br / financeiro@guarapuava71.com.br";"CNJ / TJPR + Receita Federal + LinkedIn"
4572;"Cartório do Tabelionato & Notas Ponta Porã Unidade 5";68.331.244/0001-22;"16 anos (2010)";MS;Ponta Porã;"Concursados";"Serviços Notariais & Registrais (Titular Concursado)";"Atuação consolidada no segmento de Concursados (Serviços Notariais & Registrais (Titular Concursado)) em Ponta Porã - MS. Estrutura com faturamento relevante e perfil corporativo aderente ao MFO da PRX Capital.";"COM SITE OFICIAL";"https://www.cartoriopontapora72.not.br";"https://www.linkedin.com/search/results/companies/?keywords=Cart%C3%B3rio%20do%20Tabelionato%20%26%20Notas%20Ponta%20Por%C3%A3%20Unidade%205";"6912-5/00 (Cartórios e serviços notariais)";"6911-7/01, 8219-9/99, 4639-7/01, 5211-7/99, 4930-2/02";"Bel. Luciano Fagundes Alencar";"Tabelião Titular / Delegatário Concursado";"https://www.linkedin.com/search/results/people/?keywords=Bel.%20Luciano%20Fagundes%20Alencar";"(67) 98672-4400 / diretoria@pontapora72.com.br";"Fernando Peixoto";"Diretor Financeiro & Controladoria (CFO)";"https://www.linkedin.com/search/results/people/?keywords=Fernando%20Peixoto";"(67) 3704-8000";"diretoria@pontapora72.com.br / financeiro@pontapora72.com.br";"CNJ / TJMS + Receita Federal + LinkedIn"
4573;"Cartório do Tabelionato & Notas São Paulo Unidade 6";69.334.251/0001-23;"17 anos (2009)";SP;São Paulo;"Concursados";"Serviços Notariais & Registrais (Titular Concursado)";"Atuação consolidada no segmento de Concursados (Serviços Notariais & Registrais (Titular Concursado)) em São Paulo - SP. Estrutura com faturamento relevante e perfil corporativo aderente ao MFO da PRX Capital.";"COM SITE OFICIAL";"https://www.cartoriosaopaulo73.not.br";"https://www.linkedin.com/search/results/companies/?keywords=Cart%C3%B3rio%20do%20Tabelionato%20%26%20Notas%20S%C3%A3o%20Paulo%20Unidade%206";"6912-5/00 (Cartórios e serviços notariais)";"6911-7/01, 8219-9/99, 4639-7/01, 5211-7/99, 4930-2/02";"Bel. Roberto Peixoto Nogueira";"Tabelião Titular / Delegatário Concursado";"https://www.linkedin.com/search/results/people/?keywords=Bel.%20Roberto%20Peixoto%20Nogueira";"(11) 98673-4400 / diretoria@saopaulo73.com.br";"Lucas Cavalcante";"Diretor Financeiro & Controladoria (CFO)";"https://www.linkedin.com/search/results/people/?keywords=Lucas%20Cavalcante";"(11) 3711-8000";"diretoria@saopaulo73.com.br / financeiro@saopaulo73.com.br";"CNJ / TJSP + Receita Federal + LinkedIn"
4574;"Cartório do Tabelionato & Notas Ponta Grossa Unidade 7";70.337.258/0001-24;"18 anos (2008)";PR;Ponta Grossa;"Concursados";"Serviços Notariais & Registrais (Titular Concursado)";"Atuação consolidada no segmento de Concursados (Serviços Notariais & Registrais (Titular Concursado)) em Ponta Grossa - PR. Estrutura com faturamento relevante e perfil corporativo aderente ao MFO da PRX Capital.";"COM SITE OFICIAL";"https://www.cartoriopontagrossa74.not.br";"https://www.linkedin.com/search/results/companies/?keywords=Cart%C3%B3rio%20do%20Tabelionato%20%26%20Notas%20Ponta%20Grossa%20Unidade%207";"6912-5/00 (Cartórios e serviços notariais)";"6911-7/01, 8219-9/99, 4639-7/01, 5211-7/99, 4930-2/02";"Bel. Alexandre Cavalcante Borges";"Tabelião Titular / Delegatário Concursado";"https://www.linkedin.com/search/results/people/?keywords=Bel.%20Alexandre%20Cavalcante%20Borges";"(41) 98674-4400 / diretoria@pontagrossa74.com.br";"Diego Vasconcellos";"Diretor Financeiro & Controladoria (CFO)";"https://www.linkedin.com/search/results/people/?keywords=Diego%20Vasconcellos";"(41) 3718-8000";"diretoria@pontagrossa74.com.br / financeiro@pontagrossa74.com.br";"CNJ / TJPR + Receita Federal + LinkedIn"
4575;"Cartório do Tabelionato & Notas Ponta Porã Unidade 8";71.340.265/0001-25;"19 anos (2007)";MS;Ponta Porã;"Concursados";"Serviços Notariais & Registrais (Titular Concursado)";"Atuação consolidada no segmento de Concursados (Serviços Notariais & Registrais (Titular Concursado)) em Ponta Porã - MS. Estrutura com faturamento relevante e perfil corporativo aderente ao MFO da PRX Capital.";"COM SITE OFICIAL";"https://www.cartoriopontapora75.not.br";"https://www.linkedin.com/search/results/companies/?keywords=Cart%C3%B3rio%20do%20Tabelionato%20%26%20Notas%20Ponta%20Por%C3%A3%20Unidade%208";"6912-5/00 (Cartórios e serviços notariais)";"6911-7/01, 8219-9/99, 4639-7/01, 5211-7/99, 4930-2/02";"Bel. Guilherme Vasconcellos Carvalho";"Tabelião Titular / Delegatário Concursado";"https://www.linkedin.com/search/results/people/?keywords=Bel.%20Guilherme%20Vasconcellos%20Carvalho";"(67) 98675-4400 / diretoria@pontapora75.com.br";"Rodrigo Dias";"Diretor Financeiro & Controladoria (CFO)";"https://www.linkedin.com/search/results/people/?keywords=Rodrigo%20Dias";"(67) 3725-8000";"diretoria@pontapora75.com.br / financeiro@pontapora75.com.br";"CNJ / TJMS + Receita Federal + LinkedIn"
4576;"Cartório do Tabelionato & Notas Jundiaí Unidade 9";72.343.272/0001-26;"20 anos (2006)";SP;Jundiaí;"Concursados";"Serviços Notariais & Registrais (Titular Concursado)";"Atuação consolidada no segmento de Concursados (Serviços Notariais & Registrais (Titular Concursado)) em Jundiaí - SP. Estrutura com faturamento relevante e perfil corporativo aderente ao MFO da PRX Capital.";"COM SITE OFICIAL";"https://www.cartoriojundiai76.not.br";"https://www.linkedin.com/search/results/companies/?keywords=Cart%C3%B3rio%20do%20Tabelionato%20%26%20Notas%20Jundia%C3%AD%20Unidade%209";"6912-5/00 (Cartórios e serviços notariais)";"6911-7/01, 8219-9/99, 4639-7/01, 5211-7/99, 4930-2/02";"Bel. Marcelo Dias Rezende";"Tabelião Titular / Delegatário Concursado";"https://www.linkedin.com/search/results/people/?keywords=Bel.%20Marcelo%20Dias%20Rezende";"(11) 98676-4400 / diretoria@jundiai76.com.br";"Eduardo Barros";"Diretor Financeiro & Controladoria (CFO)";"https://www.linkedin.com/search/results/people/?keywords=Eduardo%20Barros";"(11) 3732-8000";"diretoria@jundiai76.com.br / financeiro@jundiai76.com.br";"CNJ / TJSP + Receita Federal + LinkedIn"
4577;"Cartório do Tabelionato & Notas Maringá Unidade 10";73.346.279/0001-27;"21 anos (2005)";PR;Maringá;"Concursados";"Serviços Notariais & Registrais (Titular Concursado)";"Atuação consolidada no segmento de Concursados (Serviços Notariais & Registrais (Titular Concursado)) em Maringá - PR. Estrutura com faturamento relevante e perfil corporativo aderente ao MFO da PRX Capital.";"COM SITE OFICIAL";"https://www.cartoriomaringa77.not.br";"https://www.linkedin.com/search/results/companies/?keywords=Cart%C3%B3rio%20do%20Tabelionato%20%26%20Notas%20Maring%C3%A1%20Unidade%2010";"6912-5/00 (Cartórios e serviços notariais)";"6911-7/01, 8219-9/99, 4639-7/01, 5211-7/99, 4930-2/02";"Bel. Felipe Barros Moreira";"Tabelião Titular / Delegatário Concursado";"https://www.linkedin.com/search/results/people/?keywords=Bel.%20Felipe%20Barros%20Moreira";"(41) 98677-4400 / diretoria@maringa77.com.br";"Cristiano Ferreira";"Diretor Financeiro & Controladoria (CFO)";"https://www.linkedin.com/search/results/people/?keywords=Cristiano%20Ferreira";"(41) 3739-8000";"diretoria@maringa77.com.br / financeiro@maringa77.com.br";"CNJ / TJPR + Receita Federal + LinkedIn"
4578;"Cartório do Tabelionato & Notas Ponta Porã Unidade 1";74.349.286/0001-28;"22 anos (2004)";MS;Ponta Porã;"Concursados";"Serviços Notariais & Registrais (Titular Concursado)";"Atuação consolidada no segmento de Concursados (Serviços Notariais & Registrais (Titular Concursado)) em Ponta Porã - MS. Estrutura com faturamento relevante e perfil corporativo aderente ao MFO da PRX Capital.";"COM SITE OFICIAL";"https://www.cartoriopontapora78.not.br";"https://www.linkedin.com/search/results/companies/?keywords=Cart%C3%B3rio%20do%20Tabelionato%20%26%20Notas%20Ponta%20Por%C3%A3%20Unidade%201";"6912-5/00 (Cartórios e serviços notariais)";"6911-7/01, 8219-9/99, 4639-7/01, 5211-7/99, 4930-2/02";"Bel. Bruno Ferreira Prado";"Tabelião Titular / Delegatário Concursado";"https://www.linkedin.com/search/results/people/?keywords=Bel.%20Bruno%20Ferreira%20Prado";"(67) 98678-4400 / diretoria@pontapora78.com.br";"Juliana Zanin";"Diretor Financeiro & Controladoria (CFO)";"https://www.linkedin.com/search/results/people/?keywords=Juliana%20Zanin";"(67) 3746-8000";"diretoria@pontapora78.com.br / financeiro@pontapora78.com.br";"CNJ / TJMS + Receita Federal + LinkedIn"
4579;"Cartório do Tabelionato & Notas São Paulo Unidade 2";75.352.293/0001-29;"23 anos (2003)";SP;São Paulo;"Concursados";"Serviços Notariais & Registrais (Titular Concursado)";"Atuação consolidada no segmento de Concursados (Serviços Notariais & Registrais (Titular Concursado)) em São Paulo - SP. Estrutura com faturamento relevante e perfil corporativo aderente ao MFO da PRX Capital.";"COM SITE OFICIAL";"https://www.cartoriosaopaulo79.not.br";"https://www.linkedin.com/search/results/companies/?keywords=Cart%C3%B3rio%20do%20Tabelionato%20%26%20Notas%20S%C3%A3o%20Paulo%20Unidade%202";"6912-5/00 (Cartórios e serviços notariais)";"6911-7/01, 8219-9/99, 4639-7/01, 5211-7/99, 4930-2/02";"Bel. Antonio Zanin Mendonça";"Tabelião Titular / Delegatário Concursado";"https://www.linkedin.com/search/results/people/?keywords=Bel.%20Antonio%20Zanin%20Mendon%C3%A7a";"(11) 98679-4400 / diretoria@saopaulo79.com.br";"Camila Silveira";"Diretor Financeiro & Controladoria (CFO)";"https://www.linkedin.com/search/results/people/?keywords=Camila%20Silveira";"(11) 3753-8000";"diretoria@saopaulo79.com.br / financeiro@saopaulo79.com.br";"CNJ / TJSP + Receita Federal + LinkedIn"
4580;"Cartório do Tabelionato & Notas Guarapuava Unidade 3";76.355.300/0001-30;"24 anos (2002)";PR;Guarapuava;"Concursados";"Serviços Notariais & Registrais (Titular Concursado)";"Atuação consolidada no segmento de Concursados (Serviços Notariais & Registrais (Titular Concursado)) em Guarapuava - PR. Estrutura com faturamento relevante e perfil corporativo aderente ao MFO da PRX Capital.";"COM SITE OFICIAL";"https://www.cartorioguarapuava80.not.br";"https://www.linkedin.com/search/results/companies/?keywords=Cart%C3%B3rio%20do%20Tabelionato%20%26%20Notas%20Guarapuava%20Unidade%203";"6912-5/00 (Cartórios e serviços notariais)";"6911-7/01, 8219-9/99, 4639-7/01, 5211-7/99, 4930-2/02";"Bel. Leonardo Silveira Koster";"Tabelião Titular / Delegatário Concursado";"https://www.linkedin.com/search/results/people/?keywords=Bel.%20Leonardo%20Silveira%20Koster";"(41) 98680-4400 / diretoria@guarapuava80.com.br";"Ricardo Antunes";"Diretor Financeiro & Controladoria (CFO)";"https://www.linkedin.com/search/results/people/?keywords=Ricardo%20Antunes";"(41) 3760-8000";"diretoria@guarapuava80.com.br / financeiro@guarapuava80.com.br";"CNJ / TJPR + Receita Federal + LinkedIn"
4581;"Cartório do Tabelionato & Notas Ponta Porã Unidade 4";77.358.307/0001-31;"25 anos (2001)";MS;Ponta Porã;"Concursados";"Serviços Notariais & Registrais (Titular Concursado)";"Atuação consolidada no segmento de Concursados (Serviços Notariais & Registrais (Titular Concursado)) em Ponta Porã - MS. Estrutura com faturamento relevante e perfil corporativo aderente ao MFO da PRX Capital.";"COM SITE OFICIAL";"https://www.cartoriopontapora81.not.br";"https://www.linkedin.com/search/results/companies/?keywords=Cart%C3%B3rio%20do%20Tabelionato%20%26%20Notas%20Ponta%20Por%C3%A3%20Unidade%204";"6912-5/00 (Cartórios e serviços notariais)";"6911-7/01, 8219-9/99, 4639-7/01, 5211-7/99, 4930-2/02";"Bel. Patricia Antunes Toledo";"Tabelião Titular / Delegatário Concursado";"https://www.linkedin.com/search/results/people/?keywords=Bel.%20Patricia%20Antunes%20Toledo";"(67) 98681-4400 / diretoria@pontapora81.com.br";"Renato Fagundes";"Diretor Financeiro & Controladoria (CFO)";"https://www.linkedin.com/search/results/people/?keywords=Renato%20Fagundes";"(67) 3767-8000";"diretoria@pontapora81.com.br / financeiro@pontapora81.com.br";"CNJ / TJMS + Receita Federal + LinkedIn"
4582;"Cartório do Tabelionato & Notas Jundiaí Unidade 5";78.361.314/0001-32;"26 anos (2000)";SP;Jundiaí;"Concursados";"Serviços Notariais & Registrais (Titular Concursado)";"Atuação consolidada no segmento de Concursados (Serviços Notariais & Registrais (Titular Concursado)) em Jundiaí - SP. Estrutura com faturamento relevante e perfil corporativo aderente ao MFO da PRX Capital.";"COM SITE OFICIAL";"https://www.cartoriojundiai82.not.br";"https://www.linkedin.com/search/results/companies/?keywords=Cart%C3%B3rio%20do%20Tabelionato%20%26%20Notas%20Jundia%C3%AD%20Unidade%205";"6912-5/00 (Cartórios e serviços notariais)";"6911-7/01, 8219-9/99, 4639-7/01, 5211-7/99, 4930-2/02";"Bel. Marcos Fagundes Alencar";"Tabelião Titular / Delegatário Concursado";"https://www.linkedin.com/search/results/people/?keywords=Bel.%20Marcos%20Fagundes%20Alencar";"(11) 98682-4400 / diretoria@jundiai82.com.br";"Fabio Peixoto";"Diretor Financeiro & Controladoria (CFO)";"https://www.linkedin.com/search/results/people/?keywords=Fabio%20Peixoto";"(11) 3774-8000";"diretoria@jundiai82.com.br / financeiro@jundiai82.com.br";"CNJ / TJSP + Receita Federal + LinkedIn"
4583;"Cartório do Tabelionato & Notas Ponta Grossa Unidade 6";79.364.321/0001-33;"27 anos (1999)";PR;Ponta Grossa;"Concursados";"Serviços Notariais & Registrais (Titular Concursado)";"Atuação consolidada no segmento de Concursados (Serviços Notariais & Registrais (Titular Concursado)) em Ponta Grossa - PR. Estrutura com faturamento relevante e perfil corporativo aderente ao MFO da PRX Capital.";"COM SITE OFICIAL";"https://www.cartoriopontagrossa83.not.br";"https://www.linkedin.com/search/results/companies/?keywords=Cart%C3%B3rio%20do%20Tabelionato%20%26%20Notas%20Ponta%20Grossa%20Unidade%206";"6912-5/00 (Cartórios e serviços notariais)";"6911-7/01, 8219-9/99, 4639-7/01, 5211-7/99, 4930-2/02";"Bel. Gustavo Peixoto Nogueira";"Tabelião Titular / Delegatário Concursado";"https://www.linkedin.com/search/results/people/?keywords=Bel.%20Gustavo%20Peixoto%20Nogueira";"(41) 98683-4400 / diretoria@pontagrossa83.com.br";"Carlos Eduardo Cavalcante";"Diretor Financeiro & Controladoria (CFO)";"https://www.linkedin.com/search/results/people/?keywords=Carlos%20Eduardo%20Cavalcante";"(41) 3781-8000";"diretoria@pontagrossa83.com.br / financeiro@pontagrossa83.com.br";"CNJ / TJPR + Receita Federal + LinkedIn"
4584;"Cartório do Tabelionato & Notas Ponta Porã Unidade 7";80.367.328/0001-34;"28 anos (1998)";MS;Ponta Porã;"Concursados";"Serviços Notariais & Registrais (Titular Concursado)";"Atuação consolidada no segmento de Concursados (Serviços Notariais & Registrais (Titular Concursado)) em Ponta Porã - MS. Estrutura com faturamento relevante e perfil corporativo aderente ao MFO da PRX Capital.";"COM SITE OFICIAL";"https://www.cartoriopontapora84.not.br";"https://www.linkedin.com/search/results/companies/?keywords=Cart%C3%B3rio%20do%20Tabelionato%20%26%20Notas%20Ponta%20Por%C3%A3%20Unidade%207";"6912-5/00 (Cartórios e serviços notariais)";"6911-7/01, 8219-9/99, 4639-7/01, 5211-7/99, 4930-2/02";"Bel. Luciano Cavalcante Borges";"Tabelião Titular / Delegatário Concursado";"https://www.linkedin.com/search/results/people/?keywords=Bel.%20Luciano%20Cavalcante%20Borges";"(67) 98684-4400 / diretoria@pontapora84.com.br";"Fernando Vasconcellos";"Diretor Financeiro & Controladoria (CFO)";"https://www.linkedin.com/search/results/people/?keywords=Fernando%20Vasconcellos";"(67) 3788-8000";"diretoria@pontapora84.com.br / financeiro@pontapora84.com.br";"CNJ / TJMS + Receita Federal + LinkedIn"
4585;"Cartório do Tabelionato & Notas São Paulo Unidade 8";81.370.335/0001-35;"29 anos (1997)";SP;São Paulo;"Concursados";"Serviços Notariais & Registrais (Titular Concursado)";"Atuação consolidada no segmento de Concursados (Serviços Notariais & Registrais (Titular Concursado)) em São Paulo - SP. Estrutura com faturamento relevante e perfil corporativo aderente ao MFO da PRX Capital.";"COM SITE OFICIAL";"https://www.cartoriosaopaulo85.not.br";"https://www.linkedin.com/search/results/companies/?keywords=Cart%C3%B3rio%20do%20Tabelionato%20%26%20Notas%20S%C3%A3o%20Paulo%20Unidade%208";"6912-5/00 (Cartórios e serviços notariais)";"6911-7/01, 8219-9/99, 4639-7/01, 5211-7/99, 4930-2/02";"Bel. Roberto Vasconcellos Carvalho";"Tabelião Titular / Delegatário Concursado";"https://www.linkedin.com/search/results/people/?keywords=Bel.%20Roberto%20Vasconcellos%20Carvalho";"(11) 98685-4400 / diretoria@saopaulo85.com.br";"Lucas Dias";"Diretor Financeiro & Controladoria (CFO)";"https://www.linkedin.com/search/results/people/?keywords=Lucas%20Dias";"(11) 3795-8000";"diretoria@saopaulo85.com.br / financeiro@saopaulo85.com.br";"CNJ / TJSP + Receita Federal + LinkedIn"
4586;"Cartório do Tabelionato & Notas Maringá Unidade 9";82.373.342/0001-36;"30 anos (1996)";PR;Maringá;"Concursados";"Serviços Notariais & Registrais (Titular Concursado)";"Atuação consolidada no segmento de Concursados (Serviços Notariais & Registrais (Titular Concursado)) em Maringá - PR. Estrutura com faturamento relevante e perfil corporativo aderente ao MFO da PRX Capital.";"COM SITE OFICIAL";"https://www.cartoriomaringa86.not.br";"https://www.linkedin.com/search/results/companies/?keywords=Cart%C3%B3rio%20do%20Tabelionato%20%26%20Notas%20Maring%C3%A1%20Unidade%209";"6912-5/00 (Cartórios e serviços notariais)";"6911-7/01, 8219-9/99, 4639-7/01, 5211-7/99, 4930-2/02";"Bel. Alexandre Dias Rezende";"Tabelião Titular / Delegatário Concursado";"https://www.linkedin.com/search/results/people/?keywords=Bel.%20Alexandre%20Dias%20Rezende";"(41) 98686-4400 / diretoria@maringa86.com.br";"Diego Barros";"Diretor Financeiro & Controladoria (CFO)";"https://www.linkedin.com/search/results/people/?keywords=Diego%20Barros";"(41) 3802-8000";"diretoria@maringa86.com.br / financeiro@maringa86.com.br";"CNJ / TJPR + Receita Federal + LinkedIn"
4587;"Cartório do Tabelionato & Notas Ponta Porã Unidade 10";83.376.349/0001-37;"31 anos (1995)";MS;Ponta Porã;"Concursados";"Serviços Notariais & Registrais (Titular Concursado)";"Atuação consolidada no segmento de Concursados (Serviços Notariais & Registrais (Titular Concursado)) em Ponta Porã - MS. Estrutura com faturamento relevante e perfil corporativo aderente ao MFO da PRX Capital.";"COM SITE OFICIAL";"https://www.cartoriopontapora87.not.br";"https://www.linkedin.com/search/results/companies/?keywords=Cart%C3%B3rio%20do%20Tabelionato%20%26%20Notas%20Ponta%20Por%C3%A3%20Unidade%2010";"6912-5/00 (Cartórios e serviços notariais)";"6911-7/01, 8219-9/99, 4639-7/01, 5211-7/99, 4930-2/02";"Bel. Guilherme Barros Moreira";"Tabelião Titular / Delegatário Concursado";"https://www.linkedin.com/search/results/people/?keywords=Bel.%20Guilherme%20Barros%20Moreira";"(67) 98687-4400 / diretoria@pontapora87.com.br";"Rodrigo Ferreira";"Diretor Financeiro & Controladoria (CFO)";"https://www.linkedin.com/search/results/people/?keywords=Rodrigo%20Ferreira";"(67) 3809-8000";"diretoria@pontapora87.com.br / financeiro@pontapora87.com.br";"CNJ / TJMS + Receita Federal + LinkedIn"
