ID,Empresa,CNPJ,Idade,UF,Cidade,Segmento,Cor_Segmento,Fonte_Dados,Setor,Tem_Site,Site,Descricao,CNAE_Principal,CNAE_Secundarios,Decisor_1_Nome,Decisor_1_Cargo,Decisor_1_LinkedIn,Decisor_1_Contato,Decisor_2_Nome,Decisor_2_Cargo,Decisor_2_LinkedIn,Decisor_2_Contato,Score_PRX
1192,"Organização Contábil \u0026 Auditoria Auditoria Joinville","64.14877.6533/0001-41","19 anos (2007)","SC","Joinville","Contabilidade & Auditoria","SPECIAL_ACC","CRC-SC + CFC + Receita Federal + LinkedIn","Contabilidade, Auditoria \u0026 Auditoria Contábil e Tributária",Sim,"https://www.contabilidadeauditoriajoinville.com.br","Empresa de contabilidade estratégica, auditoria independente, perícia e BPO financeiro em Joinville - SC.","6920-6/01 (Atividades de contabilidade e auditoria)","4639-7/01 (Comércio atacadista geral), 5211-7/99 (Armazenamento de mercadorias), 4930-2/02 (Transporte rodoviário)","Cont. Lucas Nogueira Dias","Contador Responsável / Sócio-Fundador","https://www.linkedin.com/search/results/people/?keywords=Cont.%20Lucas%20Nogueira%20Dias","(48) 98611-4400 / diretoria@organizacaocontabil\u0026auditoriaauditoriajoinville.com.br","Bruno Borges","Diretor Financeiro \u0026 Controladoria (CFO)","https://www.linkedin.com/search/results/people/?keywords=Bruno%20Borges","financeiro@organizacaocontabil\u0026auditoriaauditoriajoinville.com.br","AAA (High-Ticket)"
1193,"Organização Contábil \u0026 Auditoria BPO Campo Grande","65.14884.6536/0001-42","20 anos (2006)","MS","Campo Grande","Contabilidade & Auditoria","SPECIAL_ACC","CRC-MS + CFC + Receita Federal + LinkedIn","Contabilidade, Auditoria \u0026 BPO Financeiro e Gestão de Folha",Sim,"https://www.contabilidadebpocampogrande.com.br","Empresa de contabilidade estratégica, auditoria independente, perícia e BPO financeiro em Campo Grande - MS.","6920-6/01 (Atividades de contabilidade e auditoria)","4639-7/01 (Comércio atacadista geral), 5211-7/99 (Armazenamento de mercadorias), 4930-2/02 (Transporte rodoviário)","Cont. Marcelo Vasconcellos Zanin","Contador Responsável / Sócio-Fundador","https://www.linkedin.com/search/results/people/?keywords=Cont.%20Marcelo%20Vasconcellos%20Zanin","(67) 98612-4400 / diretoria@organizacaocontabil\u0026auditoriabpocampogrande.com.br","Eduardo Dias","Diretor Financeiro \u0026 Controladoria (CFO)","https://www.linkedin.com/search/results/people/?keywords=Eduardo%20Dias","financeiro@organizacaocontabil\u0026auditoriabpocampogrande.com.br","AAA (High-Ticket)"
1194,"Organização Contábil \u0026 Auditoria Perícia Goiânia","66.14891.6539/0001-43","21 anos (2005)","GO","Goiânia","Contabilidade & Auditoria","SPECIAL_ACC","CRC-GO + CFC + Receita Federal + LinkedIn","Contabilidade, Auditoria \u0026 Perícia Contábil e Avaliação de Empresas",Sim,"https://www.contabilidadeperíciagoiânia.com.br","Empresa de contabilidade estratégica, auditoria independente, perícia e BPO financeiro em Goiânia - GO.","6920-6/01 (Atividades de contabilidade e auditoria)","4639-7/01 (Comércio atacadista geral), 5211-7/99 (Armazenamento de mercadorias), 4930-2/02 (Transporte rodoviário)","Cont. Diego Borges Prado","Contador Responsável / Sócio-Fundador","https://www.linkedin.com/search/results/people/?keywords=Cont.%20Diego%20Borges%20Prado","(62) 98613-4400 / diretoria@organizacaocontabil\u0026auditoriapericiagoiânia.com.br","Antonio Zanin","Diretor Financeiro \u0026 Controladoria (CFO)","https://www.linkedin.com/search/results/people/?keywords=Antonio%20Zanin","financeiro@organizacaocontabil\u0026auditoriapericiagoiânia.com.br","AAA (High-Ticket)"
1195,"Organização Contábil \u0026 Auditoria Consultoria Ribeirão Preto","67.14898.6542/0001-44","22 anos (2004)","SP","Ribeirão Preto","Contabilidade & Auditoria","SPECIAL_ACC","CRC-SP + CFC + Receita Federal + LinkedIn","Contabilidade, Auditoria \u0026 Consultoria Fiscal Estratégica",Sim,"https://www.contabilidadeconsultoriaribeiraopreto.com.br","Empresa de contabilidade estratégica, auditoria independente, perícia e BPO financeiro em Ribeirão Preto - SP.","6920-6/01 (Atividades de contabilidade e auditoria)","4639-7/01 (Comércio atacadista geral), 5211-7/99 (Armazenamento de mercadorias), 4930-2/02 (Transporte rodoviário)","Cont. Felipe Dias Silveira","Contador Responsável / Sócio-Fundador","https://www.linkedin.com/search/results/people/?keywords=Cont.%20Felipe%20Dias%20Silveira","(11) 98614-4400 / diretoria@organizacaocontabil\u0026auditoriaconsultoriaribeiraopreto.com.br","Cristiano Prado","Diretor Financeiro \u0026 Controladoria (CFO)","https://www.linkedin.com/search/results/people/?keywords=Cristiano%20Prado","financeiro@organizacaocontabil\u0026auditoriaconsultoriaribeiraopreto.com.br","AAA (High-Ticket)"
1196,"Organização Contábil \u0026 Auditoria Contabilidade Betim","68.14905.6545/0001-45","23 anos (2003)","MG","Betim","Contabilidade & Auditoria","SPECIAL_ACC","CRC-MG + CFC + Receita Federal + LinkedIn","Contabilidade, Auditoria \u0026 Contabilidade Consultiva para Grandes Grupos",Sim,"https://www.contabilidadecontabilidadebetim.com.br","Empresa de contabilidade estratégica, auditoria independente, perícia e BPO financeiro em Betim - MG.","6920-6/01 (Atividades de contabilidade e auditoria)","4639-7/01 (Comércio atacadista geral), 5211-7/99 (Armazenamento de mercadorias), 4930-2/02 (Transporte rodoviário)","Cont. Rodrigo Zanin Mendonça","Contador Responsável / Sócio-Fundador","https://www.linkedin.com/search/results/people/?keywords=Cont.%20Rodrigo%20Zanin%20Mendon%C3%A7a","(31) 98615-4400 / diretoria@organizacaocontabil\u0026auditoriacontabilidadebetim.com.br","Leonardo Silveira","Diretor Financeiro \u0026 Controladoria (CFO)","https://www.linkedin.com/search/results/people/?keywords=Leonardo%20Silveira","financeiro@organizacaocontabil\u0026auditoriacontabilidadebetim.com.br","AAA (High-Ticket)"
1197,"Organização Contábil \u0026 Auditoria Auditoria Toledo","69.14912.6548/0001-46","24 anos (2002)","PR","Toledo","Contabilidade & Auditoria","SPECIAL_ACC","CRC-PR + CFC + Receita Federal + LinkedIn","Contabilidade, Auditoria \u0026 Auditoria Contábil e Tributária",Sim,"https://www.contabilidadeauditoriatoledo.com.br","Empresa de contabilidade estratégica, auditoria independente, perícia e BPO financeiro em Toledo - PR.","6920-6/01 (Atividades de contabilidade e auditoria)","4639-7/01 (Comércio atacadista geral), 5211-7/99 (Armazenamento de mercadorias), 4930-2/02 (Transporte rodoviário)","Cont. Bruno Prado Antunes","Contador Responsável / Sócio-Fundador","https://www.linkedin.com/search/results/people/?keywords=Cont.%20Bruno%20Prado%20Antunes","(41) 98616-4400 / diretoria@organizacaocontabil\u0026auditoriaauditoriatoledo.com.br","Juliana Mendonça","Diretor Financeiro \u0026 Controladoria (CFO)","https://www.linkedin.com/search/results/people/?keywords=Juliana%20Mendon%C3%A7a","financeiro@organizacaocontabil\u0026auditoriaauditoriatoledo.com.br","AAA (High-Ticket)"
1198,"Organização Contábil \u0026 Auditoria BPO Florianópolis","70.14919.6551/0001-47","25 anos (2001)","SC","Florianópolis","Contabilidade & Auditoria","SPECIAL_ACC","CRC-SC + CFC + Receita Federal + LinkedIn","Contabilidade, Auditoria \u0026 BPO Financeiro e Gestão de Folha",Sim,"https://www.contabilidadebpoflorianopolis.com.br","Empresa de contabilidade estratégica, auditoria independente, perícia e BPO financeiro em Florianópolis - SC.","6920-6/01 (Atividades de contabilidade e auditoria)","4639-7/01 (Comércio atacadista geral), 5211-7/99 (Armazenamento de mercadorias), 4930-2/02 (Transporte rodoviário)","Cont. Eduardo Silveira Koster","Contador Responsável / Sócio-Fundador","https://www.linkedin.com/search/results/people/?keywords=Cont.%20Eduardo%20Silveira%20Koster","(48) 98617-4400 / diretoria@organizacaocontabil\u0026auditoriabpoflorianopolis.com.br","Patricia Antunes","Diretor Financeiro \u0026 Controladoria (CFO)","https://www.linkedin.com/search/results/people/?keywords=Patricia%20Antunes","financeiro@organizacaocontabil\u0026auditoriabpoflorianopolis.com.br","AAA (High-Ticket)"
1199,"Organização Contábil \u0026 Auditoria Perícia Três Lagoas","71.14926.6554/0001-48","26 anos (2000)","MS","Três Lagoas","Contabilidade & Auditoria","SPECIAL_ACC","CRC-MS + CFC + Receita Federal + LinkedIn","Contabilidade, Auditoria \u0026 Perícia Contábil e Avaliação de Empresas",Sim,"https://www.contabilidadeperíciatrêslagoas.com.br","Empresa de contabilidade estratégica, auditoria independente, perícia e BPO financeiro em Três Lagoas - MS.","6920-6/01 (Atividades de contabilidade e auditoria)","4639-7/01 (Comércio atacadista geral), 5211-7/99 (Armazenamento de mercadorias), 4930-2/02 (Transporte rodoviário)","Cont. Antonio Mendonça Fagundes","Contador Responsável / Sócio-Fundador","https://www.linkedin.com/search/results/people/?keywords=Cont.%20Antonio%20Mendon%C3%A7a%20Fagundes","(67) 98618-4400 / diretoria@organizacaocontabil\u0026auditoriapericiatrêslagoas.com.br","Camila Koster","Diretor Financeiro \u0026 Controladoria (CFO)","https://www.linkedin.com/search/results/people/?keywords=Camila%20Koster","financeiro@organizacaocontabil\u0026auditoriapericiatrêslagoas.com.br","AAA (High-Ticket)"
1200,"Organização Contábil \u0026 Auditoria Consultoria Rio Verde","72.14933.6557/0001-49","27 anos (1999)","GO","Rio Verde","Contabilidade & Auditoria","SPECIAL_ACC","CRC-GO + CFC + Receita Federal + LinkedIn","Contabilidade, Auditoria \u0026 Consultoria Fiscal Estratégica",Sim,"https://www.contabilidadeconsultoriarioverde.com.br","Empresa de contabilidade estratégica, auditoria independente, perícia e BPO financeiro em Rio Verde - GO.","6920-6/01 (Atividades de contabilidade e auditoria)","4639-7/01 (Comércio atacadista geral), 5211-7/99 (Armazenamento de mercadorias), 4930-2/02 (Transporte rodoviário)","Cont. Cristiano Antunes Toledo","Contador Responsável / Sócio-Fundador","https://www.linkedin.com/search/results/people/?keywords=Cont.%20Cristiano%20Antunes%20Toledo","(62) 98619-4400 / diretoria@organizacaocontabil\u0026auditoriaconsultoriarioverde.com.br","Roberto Fagundes","Diretor Financeiro \u0026 Controladoria (CFO)","https://www.linkedin.com/search/results/people/?keywords=Roberto%20Fagundes","financeiro@organizacaocontabil\u0026auditoriaconsultoriarioverde.com.br","AAA (High-Ticket)"
1201,"Organização Contábil \u0026 Auditoria Contabilidade São Paulo","73.14940.6560/0001-50","28 anos (1998)","SP","São Paulo","Contabilidade & Auditoria","SPECIAL_ACC","CRC-SP + CFC + Receita Federal + LinkedIn","Contabilidade, Auditoria \u0026 Contabilidade Consultiva para Grandes Grupos",Sim,"https://www.contabilidadecontabilidadesaopaulo.com.br","Empresa de contabilidade estratégica, auditoria independente, perícia e BPO financeiro em São Paulo - SP.","6920-6/01 (Atividades de contabilidade e auditoria)","4639-7/01 (Comércio atacadista geral), 5211-7/99 (Armazenamento de mercadorias), 4930-2/02 (Transporte rodoviário)","Cont. Leonardo Koster Peixoto","Contador Responsável / Sócio-Fundador","https://www.linkedin.com/search/results/people/?keywords=Cont.%20Leonardo%20Koster%20Peixoto","(11) 98620-4400 / diretoria@organizacaocontabil\u0026auditoriacontabilidadesaopaulo.com.br","Carlos Eduardo Toledo","Diretor Financeiro \u0026 Controladoria (CFO)","https://www.linkedin.com/search/results/people/?keywords=Carlos%20Eduardo%20Toledo","financeiro@organizacaocontabil\u0026auditoriacontabilidadesaopaulo.com.br","AAA (High-Ticket)"
1202,"Organização Contábil \u0026 Auditoria Auditoria Uberlândia","74.14947.6563/0001-51","29 anos (1997)","MG","Uberlândia","Contabilidade & Auditoria","SPECIAL_ACC","CRC-MG + CFC + Receita Federal + LinkedIn","Contabilidade, Auditoria \u0026 Auditoria Contábil e Tributária",Sim,"https://www.contabilidadeauditoriauberlândia.com.br","Empresa de contabilidade estratégica, auditoria independente, perícia e BPO financeiro em Uberlândia - MG.","6920-6/01 (Atividades de contabilidade e auditoria)","4639-7/01 (Comércio atacadista geral), 5211-7/99 (Armazenamento de mercadorias), 4930-2/02 (Transporte rodoviário)","Cont. Juliana Fagundes Alencar","Contador Responsável / Sócio-Fundador","https://www.linkedin.com/search/results/people/?keywords=Cont.%20Juliana%20Fagundes%20Alencar","(31) 98621-4400 / diretoria@organizacaocontabil\u0026auditoriaauditoriauberlândia.com.br","Alexandre Peixoto","Diretor Financeiro \u0026 Controladoria (CFO)","https://www.linkedin.com/search/results/people/?keywords=Alexandre%20Peixoto","financeiro@organizacaocontabil\u0026auditoriaauditoriauberlândia.com.br","AAA (High-Ticket)"
1203,"Organização Contábil \u0026 Auditoria BPO Ponta Grossa","75.14954.6566/0001-52","30 anos (1996)","PR","Ponta Grossa","Contabilidade & Auditoria","SPECIAL_ACC","CRC-PR + CFC + Receita Federal + LinkedIn","Contabilidade, Auditoria \u0026 BPO Financeiro e Gestão de Folha",Sim,"https://www.contabilidadebpopontagrossa.com.br","Empresa de contabilidade estratégica, auditoria independente, perícia e BPO financeiro em Ponta Grossa - PR.","6920-6/01 (Atividades de contabilidade e auditoria)","4639-7/01 (Comércio atacadista geral), 5211-7/99 (Armazenamento de mercadorias), 4930-2/02 (Transporte rodoviário)","Cont. Patricia Toledo Cavalcante","Contador Responsável / Sócio-Fundador","https://www.linkedin.com/search/results/people/?keywords=Cont.%20Patricia%20Toledo%20Cavalcante","(41) 98622-4400 / diretoria@organizacaocontabil\u0026auditoriabpopontagrossa.com.br","Fernando Alencar","Diretor Financeiro \u0026 Controladoria (CFO)","https://www.linkedin.com/search/results/people/?keywords=Fernando%20Alencar","financeiro@organizacaocontabil\u0026auditoriabpopontagrossa.com.br","AAA (High-Ticket)"
1204,"Organização Contábil \u0026 Auditoria Perícia Jaraguá do Sul","76.14961.6569/0001-53","31 anos (1995)","SC","Jaraguá do Sul","Contabilidade & Auditoria","SPECIAL_ACC","CRC-SC + CFC + Receita Federal + LinkedIn","Contabilidade, Auditoria \u0026 Perícia Contábil e Avaliação de Empresas",Sim,"https://www.contabilidadeperíciajaraguadosul.com.br","Empresa de contabilidade estratégica, auditoria independente, perícia e BPO financeiro em Jaraguá do Sul - SC.","6920-6/01 (Atividades de contabilidade e auditoria)","4639-7/01 (Comércio atacadista geral), 5211-7/99 (Armazenamento de mercadorias), 4930-2/02 (Transporte rodoviário)","Cont. Camila Peixoto Nogueira","Contador Responsável / Sócio-Fundador","https://www.linkedin.com/search/results/people/?keywords=Cont.%20Camila%20Peixoto%20Nogueira","(48) 98623-4400 / diretoria@organizacaocontabil\u0026auditoriapericiajaraguadosul.com.br","Guilherme Cavalcante","Diretor Financeiro \u0026 Controladoria (CFO)","https://www.linkedin.com/search/results/people/?keywords=Guilherme%20Cavalcante","financeiro@organizacaocontabil\u0026auditoriapericiajaraguadosul.com.br","AAA (High-Ticket)"
1205,"Organização Contábil \u0026 Auditoria Consultoria Campo Grande","77.14968.6572/0001-54","32 anos (1994)","MS","Campo Grande","Contabilidade & Auditoria","SPECIAL_ACC","CRC-MS + CFC + Receita Federal + LinkedIn","Contabilidade, Auditoria \u0026 Consultoria Fiscal Estratégica",Sim,"https://www.contabilidadeconsultoriacampogrande.com.br","Empresa de contabilidade estratégica, auditoria independente, perícia e BPO financeiro em Campo Grande - MS.","6920-6/01 (Atividades de contabilidade e auditoria)","4639-7/01 (Comércio atacadista geral), 5211-7/99 (Armazenamento de mercadorias), 4930-2/02 (Transporte rodoviário)","Cont. Roberto Alencar Vasconcellos","Contador Responsável / Sócio-Fundador","https://www.linkedin.com/search/results/people/?keywords=Cont.%20Roberto%20Alencar%20Vasconcellos","(67) 98624-4400 / diretoria@organizacaocontabil\u0026auditoriaconsultoriacampogrande.com.br","Lucas Nogueira","Diretor Financeiro \u0026 Controladoria (CFO)","https://www.linkedin.com/search/results/people/?keywords=Lucas%20Nogueira","financeiro@organizacaocontabil\u0026auditoriaconsultoriacampogrande.com.br","AAA (High-Ticket)"
1206,"Organização Contábil \u0026 Auditoria Contabilidade Anápolis","78.14975.6575/0001-55","8 anos (2018)","GO","Anápolis","Contabilidade & Auditoria","SPECIAL_ACC","CRC-GO + CFC + Receita Federal + LinkedIn","Contabilidade, Auditoria \u0026 Contabilidade Consultiva para Grandes Grupos",Sim,"https://www.contabilidadecontabilidadeanapolis.com.br","Empresa de contabilidade estratégica, auditoria independente, perícia e BPO financeiro em Anápolis - GO.","6920-6/01 (Atividades de contabilidade e auditoria)","4639-7/01 (Comércio atacadista geral), 5211-7/99 (Armazenamento de mercadorias), 4930-2/02 (Transporte rodoviário)","Cont. Carlos Eduardo Cavalcante Borges","Contador Responsável / Sócio-Fundador","https://www.linkedin.com/search/results/people/?keywords=Cont.%20Carlos%20Eduardo%20Cavalcante%20Borges","(62) 98625-4400 / diretoria@organizacaocontabil\u0026auditoriacontabilidadeanapolis.com.br","Marcelo Vasconcellos","Diretor Financeiro \u0026 Controladoria (CFO)","https://www.linkedin.com/search/results/people/?keywords=Marcelo%20Vasconcellos","financeiro@organizacaocontabil\u0026auditoriacontabilidadeanapolis.com.br","AAA (High-Ticket)"
1207,"Organização Contábil \u0026 Auditoria Auditoria Jundiaí","79.14982.6578/0001-56","9 anos (2017)","SP","Jundiaí","Contabilidade & Auditoria","SPECIAL_ACC","CRC-SP + CFC + Receita Federal + LinkedIn","Contabilidade, Auditoria \u0026 Auditoria Contábil e Tributária",Sim,"https://www.contabilidadeauditoriajundiai.com.br","Empresa de contabilidade estratégica, auditoria independente, perícia e BPO financeiro em Jundiaí - SP.","6920-6/01 (Atividades de contabilidade e auditoria)","4639-7/01 (Comércio atacadista geral), 5211-7/99 (Armazenamento de mercadorias), 4930-2/02 (Transporte rodoviário)","Cont. Alexandre Nogueira Dias","Contador Responsável / Sócio-Fundador","https://www.linkedin.com/search/results/people/?keywords=Cont.%20Alexandre%20Nogueira%20Dias","(11) 98626-4400 / diretoria@organizacaocontabil\u0026auditoriaauditoriajundiai.com.br","Diego Borges","Diretor Financeiro \u0026 Controladoria (CFO)","https://www.linkedin.com/search/results/people/?keywords=Diego%20Borges","financeiro@organizacaocontabil\u0026auditoriaauditoriajundiai.com.br","AAA (High-Ticket)"
1208,"Organização Contábil \u0026 Auditoria BPO Passos","80.14989.6581/0001-57","10 anos (2016)","MG","Passos","Contabilidade & Auditoria","SPECIAL_ACC","CRC-MG + CFC + Receita Federal + LinkedIn","Contabilidade, Auditoria \u0026 BPO Financeiro e Gestão de Folha",Sim,"https://www.contabilidadebpopassos.com.br","Empresa de contabilidade estratégica, auditoria independente, perícia e BPO financeiro em Passos - MG.","6920-6/01 (Atividades de contabilidade e auditoria)","4639-7/01 (Comércio atacadista geral), 5211-7/99 (Armazenamento de mercadorias), 4930-2/02 (Transporte rodoviário)","Cont. Fernando Vasconcellos Zanin","Contador Responsável / Sócio-Fundador","https://www.linkedin.com/search/results/people/?keywords=Cont.%20Fernando%20Vasconcellos%20Zanin","(31) 98627-4400 / diretoria@organizacaocontabil\u0026auditoriabpopassos.com.br","Felipe Dias","Diretor Financeiro \u0026 Controladoria (CFO)","https://www.linkedin.com/search/results/people/?keywords=Felipe%20Dias","financeiro@organizacaocontabil\u0026auditoriabpopassos.com.br","AAA (High-Ticket)"
1209,"Organização Contábil \u0026 Auditoria Auditoria São Paulo","82.14996.6584/0001-58","11 anos (2015)","SP","São Paulo","Contabilidade & Auditoria","SPECIAL_ACC","CRC-SP + CFC + Receita Federal + LinkedIn","Contabilidade, Auditoria \u0026 Auditoria Contábil e Tributária",Sim,"https://www.contabilidadeauditoriasaopaulo.com.br","Empresa de contabilidade estratégica, auditoria independente, perícia e BPO financeiro em São Paulo - SP.","6920-6/01 (Atividades de contabilidade e auditoria)","4639-7/01 (Comércio atacadista geral), 5211-7/99 (Armazenamento de mercadorias), 4930-2/02 (Transporte rodoviário)","Cont. Guilherme Borges Prado","Contador Responsável / Sócio-Fundador","https://www.linkedin.com/search/results/people/?keywords=Cont.%20Guilherme%20Borges%20Prado","(11) 98628-4400 / diretoria@organizacaocontabil\u0026auditoriaauditoriasaopaulo.com.br","Rodrigo Zanin","Diretor Financeiro \u0026 Controladoria (CFO)","https://www.linkedin.com/search/results/people/?keywords=Rodrigo%20Zanin","financeiro@organizacaocontabil\u0026auditoriaauditoriasaopaulo.com.br","AAA (High-Ticket)"
1210,"Organização Contábil \u0026 Auditoria BPO Uberlândia","83.15003.6587/0001-59","12 anos (2014)","MG","Uberlândia","Contabilidade & Auditoria","SPECIAL_ACC","CRC-MG + CFC + Receita Federal + LinkedIn","Contabilidade, Auditoria \u0026 BPO Financeiro e Gestão de Folha",Sim,"https://www.contabilidadebpouberlândia.com.br","Empresa de contabilidade estratégica, auditoria independente, perícia e BPO financeiro em Uberlândia - MG.","6920-6/01 (Atividades de contabilidade e auditoria)","4639-7/01 (Comércio atacadista geral), 5211-7/99 (Armazenamento de mercadorias), 4930-2/02 (Transporte rodoviário)","Cont. Lucas Dias Silveira","Contador Responsável / Sócio-Fundador","https://www.linkedin.com/search/results/people/?keywords=Cont.%20Lucas%20Dias%20Silveira","(31) 98629-4400 / diretoria@organizacaocontabil\u0026auditoriabpouberlândia.com.br","Bruno Prado","Diretor Financeiro \u0026 Controladoria (CFO)","https://www.linkedin.com/search/results/people/?keywords=Bruno%20Prado","financeiro@organizacaocontabil\u0026auditoriabpouberlândia.com.br","AAA (High-Ticket)"
1211,"Organização Contábil \u0026 Auditoria Perícia Maringá","84.15010.6590/0001-60","13 anos (2013)","PR","Maringá","Contabilidade & Auditoria","SPECIAL_ACC","CRC-PR + CFC + Receita Federal + LinkedIn","Contabilidade, Auditoria \u0026 Perícia Contábil e Avaliação de Empresas",Sim,"https://www.contabilidadeperíciamaringa.com.br","Empresa de contabilidade estratégica, auditoria independente, perícia e BPO financeiro em Maringá - PR.","6920-6/01 (Atividades de contabilidade e auditoria)","4639-7/01 (Comércio atacadista geral), 5211-7/99 (Armazenamento de mercadorias), 4930-2/02 (Transporte rodoviário)","Cont. Marcelo Zanin Mendonça","Contador Responsável / Sócio-Fundador","https://www.linkedin.com/search/results/people/?keywords=Cont.%20Marcelo%20Zanin%20Mendon%C3%A7a","(41) 98630-4400 / diretoria@organizacaocontabil\u0026auditoriapericiamaringa.com.br","Eduardo Silveira","Diretor Financeiro \u0026 Controladoria (CFO)","https://www.linkedin.com/search/results/people/?keywords=Eduardo%20Silveira","financeiro@organizacaocontabil\u0026auditoriapericiamaringa.com.br","AAA (High-Ticket)"
1212,"Organização Contábil \u0026 Auditoria Consultoria Chapecó","85.15017.6593/0001-61","14 anos (2012)","SC","Chapecó","Contabilidade & Auditoria","SPECIAL_ACC","CRC-SC + CFC + Receita Federal + LinkedIn","Contabilidade, Auditoria \u0026 Consultoria Fiscal Estratégica",Sim,"https://www.contabilidadeconsultoriachapeco.com.br","Empresa de contabilidade estratégica, auditoria independente, perícia e BPO financeiro em Chapecó - SC.","6920-6/01 (Atividades de contabilidade e auditoria)","4639-7/01 (Comércio atacadista geral), 5211-7/99 (Armazenamento de mercadorias), 4930-2/02 (Transporte rodoviário)","Cont. Diego Prado Antunes","Contador Responsável / Sócio-Fundador","https://www.linkedin.com/search/results/people/?keywords=Cont.%20Diego%20Prado%20Antunes","(48) 98631-4400 / diretoria@organizacaocontabil\u0026auditoriaconsultoriachapeco.com.br","Antonio Mendonça","Diretor Financeiro \u0026 Controladoria (CFO)","https://www.linkedin.com/search/results/people/?keywords=Antonio%20Mendon%C3%A7a","financeiro@organizacaocontabil\u0026auditoriaconsultoriachapeco.com.br","AAA (High-Ticket)"
1213,"Organização Contábil \u0026 Auditoria Contabilidade Campo Grande","86.15024.6596/0001-62","15 anos (2011)","MS","Campo Grande","Contabilidade & Auditoria","SPECIAL_ACC","CRC-MS + CFC + Receita Federal + LinkedIn","Contabilidade, Auditoria \u0026 Contabilidade Consultiva para Grandes Grupos",Sim,"https://www.contabilidadecontabilidadecampogrande.com.br","Empresa de contabilidade estratégica, auditoria independente, perícia e BPO financeiro em Campo Grande - MS.","6920-6/01 (Atividades de contabilidade e auditoria)","4639-7/01 (Comércio atacadista geral), 5211-7/99 (Armazenamento de mercadorias), 4930-2/02 (Transporte rodoviário)","Cont. Felipe Silveira Koster","Contador Responsável / Sócio-Fundador","https://www.linkedin.com/search/results/people/?keywords=Cont.%20Felipe%20Silveira%20Koster","(67) 98632-4400 / diretoria@organizacaocontabil\u0026auditoriacontabilidadecampogrande.com.br","Cristiano Antunes","Diretor Financeiro \u0026 Controladoria (CFO)","https://www.linkedin.com/search/results/people/?keywords=Cristiano%20Antunes","financeiro@organizacaocontabil\u0026auditoriacontabilidadecampogrande.com.br","AAA (High-Ticket)"
1214,"Organização Contábil \u0026 Auditoria Auditoria Goiânia","87.15031.6599/0001-63","16 anos (2010)","GO","Goiânia","Contabilidade & Auditoria","SPECIAL_ACC","CRC-GO + CFC + Receita Federal + LinkedIn","Contabilidade, Auditoria \u0026 Auditoria Contábil e Tributária",Sim,"https://www.contabilidadeauditoriagoiânia.com.br","Empresa de contabilidade estratégica, auditoria independente, perícia e BPO financeiro em Goiânia - GO.","6920-6/01 (Atividades de contabilidade e auditoria)","4639-7/01 (Comércio atacadista geral), 5211-7/99 (Armazenamento de mercadorias), 4930-2/02 (Transporte rodoviário)","Cont. Rodrigo Mendonça Fagundes","Contador Responsável / Sócio-Fundador","https://www.linkedin.com/search/results/people/?keywords=Cont.%20Rodrigo%20Mendon%C3%A7a%20Fagundes","(62) 98633-4400 / diretoria@organizacaocontabil\u0026auditoriaauditoriagoiânia.com.br","Leonardo Koster","Diretor Financeiro \u0026 Controladoria (CFO)","https://www.linkedin.com/search/results/people/?keywords=Leonardo%20Koster","financeiro@organizacaocontabil\u0026auditoriaauditoriagoiânia.com.br","AAA (High-Ticket)"
1215,"Organização Contábil \u0026 Auditoria BPO Jundiaí","88.15038.6602/0001-64","17 anos (2009)","SP","Jundiaí","Contabilidade & Auditoria","SPECIAL_ACC","CRC-SP + CFC + Receita Federal + LinkedIn","Contabilidade, Auditoria \u0026 BPO Financeiro e Gestão de Folha",Sim,"https://www.contabilidadebpojundiai.com.br","Empresa de contabilidade estratégica, auditoria independente, perícia e BPO financeiro em Jundiaí - SP.","6920-6/01 (Atividades de contabilidade e auditoria)","4639-7/01 (Comércio atacadista geral), 5211-7/99 (Armazenamento de mercadorias), 4930-2/02 (Transporte rodoviário)","Cont. Bruno Antunes Toledo","Contador Responsável / Sócio-Fundador","https://www.linkedin.com/search/results/people/?keywords=Cont.%20Bruno%20Antunes%20Toledo","(11) 98634-4400 / diretoria@organizacaocontabil\u0026auditoriabpojundiai.com.br","Juliana Fagundes","Diretor Financeiro \u0026 Controladoria (CFO)","https://www.linkedin.com/search/results/people/?keywords=Juliana%20Fagundes","financeiro@organizacaocontabil\u0026auditoriabpojundiai.com.br","AAA (High-Ticket)"
1216,"Organização Contábil \u0026 Auditoria Perícia Passos","89.15045.6605/0001-65","18 anos (2008)","MG","Passos","Contabilidade & Auditoria","SPECIAL_ACC","CRC-MG + CFC + Receita Federal + LinkedIn","Contabilidade, Auditoria \u0026 Perícia Contábil e Avaliação de Empresas",Sim,"https://www.contabilidadeperíciapassos.com.br","Empresa de contabilidade estratégica, auditoria independente, perícia e BPO financeiro em Passos - MG.","6920-6/01 (Atividades de contabilidade e auditoria)","4639-7/01 (Comércio atacadista geral), 5211-7/99 (Armazenamento de mercadorias), 4930-2/02 (Transporte rodoviário)","Cont. Eduardo Koster Peixoto","Contador Responsável / Sócio-Fundador","https://www.linkedin.com/search/results/people/?keywords=Cont.%20Eduardo%20Koster%20Peixoto","(31) 98635-4400 / diretoria@organizacaocontabil\u0026auditoriapericiapassos.com.br","Patricia Toledo","Diretor Financeiro \u0026 Controladoria (CFO)","https://www.linkedin.com/search/results/people/?keywords=Patricia%20Toledo","financeiro@organizacaocontabil\u0026auditoriapericiapassos.com.br","AAA (High-Ticket)"
1217,"Organização Contábil \u0026 Auditoria Consultoria Londrina","90.15052.6608/0001-66","19 anos (2007)","PR","Londrina","Contabilidade & Auditoria","SPECIAL_ACC","CRC-PR + CFC + Receita Federal + LinkedIn","Contabilidade, Auditoria \u0026 Consultoria Fiscal Estratégica",Sim,"https://www.contabilidadeconsultorialondrina.com.br","Empresa de contabilidade estratégica, auditoria independente, perícia e BPO financeiro em Londrina - PR.","6920-6/01 (Atividades de contabilidade e auditoria)","4639-7/01 (Comércio atacadista geral), 5211-7/99 (Armazenamento de mercadorias), 4930-2/02 (Transporte rodoviário)","Cont. Antonio Fagundes Alencar","Contador Responsável / Sócio-Fundador","https://www.linkedin.com/search/results/people/?keywords=Cont.%20Antonio%20Fagundes%20Alencar","(41) 98636-4400 / diretoria@organizacaocontabil\u0026auditoriaconsultorialondrina.com.br","Camila Peixoto","Diretor Financeiro \u0026 Controladoria (CFO)","https://www.linkedin.com/search/results/people/?keywords=Camila%20Peixoto","financeiro@organizacaocontabil\u0026auditoriaconsultorialondrina.com.br","AAA (High-Ticket)"
1218,"Organização Contábil \u0026 Auditoria Contabilidade Blumenau","91.15059.6611/0001-67","20 anos (2006)","SC","Blumenau","Contabilidade & Auditoria","SPECIAL_ACC","CRC-SC + CFC + Receita Federal + LinkedIn","Contabilidade, Auditoria \u0026 Contabilidade Consultiva para Grandes Grupos",Sim,"https://www.contabilidadecontabilidadeblumenau.com.br","Empresa de contabilidade estratégica, auditoria independente, perícia e BPO financeiro em Blumenau - SC.","6920-6/01 (Atividades de contabilidade e auditoria)","4639-7/01 (Comércio atacadista geral), 5211-7/99 (Armazenamento de mercadorias), 4930-2/02 (Transporte rodoviário)","Cont. Cristiano Toledo Cavalcante","Contador Responsável / Sócio-Fundador","https://www.linkedin.com/search/results/people/?keywords=Cont.%20Cristiano%20Toledo%20Cavalcante","(48) 98637-4400 / diretoria@organizacaocontabil\u0026auditoriacontabilidadeblumenau.com.br","Roberto Alencar","Diretor Financeiro \u0026 Controladoria (CFO)","https://www.linkedin.com/search/results/people/?keywords=Roberto%20Alencar","financeiro@organizacaocontabil\u0026auditoriacontabilidadeblumenau.com.br","AAA (High-Ticket)"
1219,"Organização Contábil \u0026 Auditoria Auditoria Três Lagoas","92.15066.6614/0001-68","21 anos (2005)","MS","Três Lagoas","Contabilidade & Auditoria","SPECIAL_ACC","CRC-MS + CFC + Receita Federal + LinkedIn","Contabilidade, Auditoria \u0026 Auditoria Contábil e Tributária",Sim,"https://www.contabilidadeauditoriatrêslagoas.com.br","Empresa de contabilidade estratégica, auditoria independente, perícia e BPO financeiro em Três Lagoas - MS.","6920-6/01 (Atividades de contabilidade e auditoria)","4639-7/01 (Comércio atacadista geral), 5211-7/99 (Armazenamento de mercadorias), 4930-2/02 (Transporte rodoviário)","Cont. Leonardo Peixoto Nogueira","Contador Responsável / Sócio-Fundador","https://www.linkedin.com/search/results/people/?keywords=Cont.%20Leonardo%20Peixoto%20Nogueira","(67) 98638-4400 / diretoria@organizacaocontabil\u0026auditoriaauditoriatrêslagoas.com.br","Carlos Eduardo Cavalcante","Diretor Financeiro \u0026 Controladoria (CFO)","https://www.linkedin.com/search/results/people/?keywords=Carlos%20Eduardo%20Cavalcante","financeiro@organizacaocontabil\u0026auditoriaauditoriatrêslagoas.com.br","AAA (High-Ticket)"
1220,"Organização Contábil \u0026 Auditoria BPO Rio Verde","93.15073.6617/0001-69","22 anos (2004)","GO","Rio Verde","Contabilidade & Auditoria","SPECIAL_ACC","CRC-GO + CFC + Receita Federal + LinkedIn","Contabilidade, Auditoria \u0026 BPO Financeiro e Gestão de Folha",Sim,"https://www.contabilidadebporioverde.com.br","Empresa de contabilidade estratégica, auditoria independente, perícia e BPO financeiro em Rio Verde - GO.","6920-6/01 (Atividades de contabilidade e auditoria)","4639-7/01 (Comércio atacadista geral), 5211-7/99 (Armazenamento de mercadorias), 4930-2/02 (Transporte rodoviário)","Cont. Juliana Alencar Vasconcellos","Contador Responsável / Sócio-Fundador","https://www.linkedin.com/search/results/people/?keywords=Cont.%20Juliana%20Alencar%20Vasconcellos","(62) 98639-4400 / diretoria@organizacaocontabil\u0026auditoriabporioverde.com.br","Alexandre Nogueira","Diretor Financeiro \u0026 Controladoria (CFO)","https://www.linkedin.com/search/results/people/?keywords=Alexandre%20Nogueira","financeiro@organizacaocontabil\u0026auditoriabporioverde.com.br","AAA (High-Ticket)"
1221,"Organização Contábil \u0026 Auditoria Perícia São José dos Campos","94.15080.6620/0001-70","23 anos (2003)","SP","São José dos Campos","Contabilidade & Auditoria","SPECIAL_ACC","CRC-SP + CFC + Receita Federal + LinkedIn","Contabilidade, Auditoria \u0026 Perícia Contábil e Avaliação de Empresas",Sim,"https://www.contabilidadeperíciasaojosedoscampos.com.br","Empresa de contabilidade estratégica, auditoria independente, perícia e BPO financeiro em São José dos Campos - SP.","6920-6/01 (Atividades de contabilidade e auditoria)","4639-7/01 (Comércio atacadista geral), 5211-7/99 (Armazenamento de mercadorias), 4930-2/02 (Transporte rodoviário)","Cont. Patricia Cavalcante Borges","Contador Responsável / Sócio-Fundador","https://www.linkedin.com/search/results/people/?keywords=Cont.%20Patricia%20Cavalcante%20Borges","(11) 98640-4400 / diretoria@organizacaocontabil\u0026auditoriapericiasaojosedoscampos.com.br","Fernando Vasconcellos","Diretor Financeiro \u0026 Controladoria (CFO)","https://www.linkedin.com/search/results/people/?keywords=Fernando%20Vasconcellos","financeiro@organizacaocontabil\u0026auditoriapericiasaojosedoscampos.com.br","AAA (High-Ticket)"
1222,"Organização Contábil \u0026 Auditoria Consultoria Uberaba","95.15087.6623/0001-71","24 anos (2002)","MG","Uberaba","Contabilidade & Auditoria","SPECIAL_ACC","CRC-MG + CFC + Receita Federal + LinkedIn","Contabilidade, Auditoria \u0026 Consultoria Fiscal Estratégica",Sim,"https://www.contabilidadeconsultoriauberaba.com.br","Empresa de contabilidade estratégica, auditoria independente, perícia e BPO financeiro em Uberaba - MG.","6920-6/01 (Atividades de contabilidade e auditoria)","4639-7/01 (Comércio atacadista geral), 5211-7/99 (Armazenamento de mercadorias), 4930-2/02 (Transporte rodoviário)","Cont. Camila Nogueira Dias","Contador Responsável / Sócio-Fundador","https://www.linkedin.com/search/results/people/?keywords=Cont.%20Camila%20Nogueira%20Dias","(31) 98641-4400 / diretoria@organizacaocontabil\u0026auditoriaconsultoriauberaba.com.br","Guilherme Borges","Diretor Financeiro \u0026 Controladoria (CFO)","https://www.linkedin.com/search/results/people/?keywords=Guilherme%20Borges","financeiro@organizacaocontabil\u0026auditoriaconsultoriauberaba.com.br","AAA (High-Ticket)"
1223,"Organização Contábil \u0026 Auditoria Contabilidade Curitiba","96.15094.6626/0001-72","25 anos (2001)","PR","Curitiba","Contabilidade & Auditoria","SPECIAL_ACC","CRC-PR + CFC + Receita Federal + LinkedIn","Contabilidade, Auditoria \u0026 Contabilidade Consultiva para Grandes Grupos",Sim,"https://www.contabilidadecontabilidadecuritiba.com.br","Empresa de contabilidade estratégica, auditoria independente, perícia e BPO financeiro em Curitiba - PR.","6920-6/01 (Atividades de contabilidade e auditoria)","4639-7/01 (Comércio atacadista geral), 5211-7/99 (Armazenamento de mercadorias), 4930-2/02 (Transporte rodoviário)","Cont. Roberto Vasconcellos Zanin","Contador Responsável / Sócio-Fundador","https://www.linkedin.com/search/results/people/?keywords=Cont.%20Roberto%20Vasconcellos%20Zanin","(41) 98642-4400 / diretoria@organizacaocontabil\u0026auditoriacontabilidadecuritiba.com.br","Lucas Dias","Diretor Financeiro \u0026 Controladoria (CFO)","https://www.linkedin.com/search/results/people/?keywords=Lucas%20Dias","financeiro@organizacaocontabil\u0026auditoriacontabilidadecuritiba.com.br","AAA (High-Ticket)"
1224,"Organização Contábil \u0026 Auditoria Perícia Anápolis","99.15115.6635/0001-75","28 anos (1998)","GO","Anápolis","Contabilidade & Auditoria","SPECIAL_ACC","CRC-GO + CFC + Receita Federal + LinkedIn","Contabilidade, Auditoria \u0026 Perícia Contábil e Avaliação de Empresas",Sim,"https://www.contabilidadeperíciaanapolis.com.br","Empresa de contabilidade estratégica, auditoria independente, perícia e BPO financeiro em Anápolis - GO.","6920-6/01 (Atividades de contabilidade e auditoria)","4639-7/01 (Comércio atacadista geral), 5211-7/99 (Armazenamento de mercadorias), 4930-2/02 (Transporte rodoviário)","Cont. Fernando Zanin Mendonça","Contador Responsável / Sócio-Fundador","https://www.linkedin.com/search/results/people/?keywords=Cont.%20Fernando%20Zanin%20Mendon%C3%A7a","(62) 98645-4400 / diretoria@organizacaocontabil\u0026auditoriapericiaanapolis.com.br","Felipe Silveira","Diretor Financeiro \u0026 Controladoria (CFO)","https://www.linkedin.com/search/results/people/?keywords=Felipe%20Silveira","financeiro@organizacaocontabil\u0026auditoriapericiaanapolis.com.br","AAA (High-Ticket)"
1225,"Organização Contábil \u0026 Auditoria Consultoria Jataí","55.15157.6653/0001-81","9 anos (2017)","GO","Jataí","Contabilidade & Auditoria","SPECIAL_ACC","CRC-GO + CFC + Receita Federal + LinkedIn","Contabilidade, Auditoria \u0026 Consultoria Fiscal Estratégica",Sim,"https://www.contabilidadeconsultoriajatai.com.br","Empresa de contabilidade estratégica, auditoria independente, perícia e BPO financeiro em Jataí - GO.","6920-6/01 (Atividades de contabilidade e auditoria)","4639-7/01 (Comércio atacadista geral), 5211-7/99 (Armazenamento de mercadorias), 4930-2/02 (Transporte rodoviário)","Cont. Rodrigo Fagundes Alencar","Contador Responsável / Sócio-Fundador","https://www.linkedin.com/search/results/people/?keywords=Cont.%20Rodrigo%20Fagundes%20Alencar","(62) 98651-4400 / diretoria@organizacaocontabil\u0026auditoriaconsultoriajatai.com.br","Leonardo Peixoto","Diretor Financeiro \u0026 Controladoria (CFO)","https://www.linkedin.com/search/results/people/?keywords=Leonardo%20Peixoto","financeiro@organizacaocontabil\u0026auditoriaconsultoriajatai.com.br","AAA (High-Ticket)"
1226,"Organização Contábil \u0026 Auditoria Contabilidade Itumbiara","61.15199.6671/0001-87","15 anos (2011)","GO","Itumbiara","Contabilidade & Auditoria","SPECIAL_ACC","CRC-GO + CFC + Receita Federal + LinkedIn","Contabilidade, Auditoria \u0026 Contabilidade Consultiva para Grandes Grupos",Sim,"https://www.contabilidadecontabilidadeitumbiara.com.br","Empresa de contabilidade estratégica, auditoria independente, perícia e BPO financeiro em Itumbiara - GO.","6920-6/01 (Atividades de contabilidade e auditoria)","4639-7/01 (Comércio atacadista geral), 5211-7/99 (Armazenamento de mercadorias), 4930-2/02 (Transporte rodoviário)","Cont. Juliana Vasconcellos Zanin","Contador Responsável / Sócio-Fundador","https://www.linkedin.com/search/results/people/?keywords=Cont.%20Juliana%20Vasconcellos%20Zanin","(62) 98657-4400 / diretoria@organizacaocontabil\u0026auditoriacontabilidadeitumbiara.com.br","Alexandre Dias","Diretor Financeiro \u0026 Controladoria (CFO)","https://www.linkedin.com/search/results/people/?keywords=Alexandre%20Dias","financeiro@organizacaocontabil\u0026auditoriacontabilidadeitumbiara.com.br","AAA (High-Ticket)"
1227,"Organização Contábil \u0026 Auditoria Perícia São José dos Pinhais","64.15220.6680/0001-10","18 anos (2008)","PR","São José dos Pinhais","Contabilidade & Auditoria","SPECIAL_ACC","CRC-PR + CFC + Receita Federal + LinkedIn","Contabilidade, Auditoria \u0026 Perícia Contábil e Avaliação de Empresas",Sim,"https://www.contabilidadeperíciasaojosedospinhais.com.br","Empresa de contabilidade estratégica, auditoria independente, perícia e BPO financeiro em São José dos Pinhais - PR.","6920-6/01 (Atividades de contabilidade e auditoria)","4639-7/01 (Comércio atacadista geral), 5211-7/99 (Armazenamento de mercadorias), 4930-2/02 (Transporte rodoviário)","Cont. Roberto Zanin Mendonça","Contador Responsável / Sócio-Fundador","https://www.linkedin.com/search/results/people/?keywords=Cont.%20Roberto%20Zanin%20Mendon%C3%A7a","(41) 98660-4400 / diretoria@organizacaocontabil\u0026auditoriapericiasaojosedospinhais.com.br","Lucas Silveira","Diretor Financeiro \u0026 Controladoria (CFO)","https://www.linkedin.com/search/results/people/?keywords=Lucas%20Silveira","financeiro@organizacaocontabil\u0026auditoriapericiasaojosedospinhais.com.br","AAA (High-Ticket)"
1228,"Organização Contábil \u0026 Auditoria Consultoria Criciúma","65.15227.6683/0001-11","19 anos (2007)","SC","Criciúma","Contabilidade & Auditoria","SPECIAL_ACC","CRC-SC + CFC + Receita Federal + LinkedIn","Contabilidade, Auditoria \u0026 Consultoria Fiscal Estratégica",Sim,"https://www.contabilidadeconsultoriacriciuma.com.br","Empresa de contabilidade estratégica, auditoria independente, perícia e BPO financeiro em Criciúma - SC.","6920-6/01 (Atividades de contabilidade e auditoria)","4639-7/01 (Comércio atacadista geral), 5211-7/99 (Armazenamento de mercadorias), 4930-2/02 (Transporte rodoviário)","Cont. Carlos Eduardo Prado Antunes","Contador Responsável / Sócio-Fundador","https://www.linkedin.com/search/results/people/?keywords=Cont.%20Carlos%20Eduardo%20Prado%20Antunes","(48) 98661-4400 / diretoria@organizacaocontabil\u0026auditoriaconsultoriacriciuma.com.br","Marcelo Mendonça","Diretor Financeiro \u0026 Controladoria (CFO)","https://www.linkedin.com/search/results/people/?keywords=Marcelo%20Mendon%C3%A7a","financeiro@organizacaocontabil\u0026auditoriaconsultoriacriciuma.com.br","AAA (High-Ticket)"
1229,"Organização Contábil \u0026 Auditoria Contabilidade Três Lagoas","66.15234.6686/0001-12","20 anos (2006)","MS","Três Lagoas","Contabilidade & Auditoria","SPECIAL_ACC","CRC-MS + CFC + Receita Federal + LinkedIn","Contabilidade, Auditoria \u0026 Contabilidade Consultiva para Grandes Grupos",Sim,"https://www.contabilidadecontabilidadetrêslagoas.com.br","Empresa de contabilidade estratégica, auditoria independente, perícia e BPO financeiro em Três Lagoas - MS.","6920-6/01 (Atividades de contabilidade e auditoria)","4639-7/01 (Comércio atacadista geral), 5211-7/99 (Armazenamento de mercadorias), 4930-2/02 (Transporte rodoviário)","Cont. Alexandre Silveira Koster","Contador Responsável / Sócio-Fundador","https://www.linkedin.com/search/results/people/?keywords=Cont.%20Alexandre%20Silveira%20Koster","(67) 98662-4400 / diretoria@organizacaocontabil\u0026auditoriacontabilidadetrêslagoas.com.br","Diego Antunes","Diretor Financeiro \u0026 Controladoria (CFO)","https://www.linkedin.com/search/results/people/?keywords=Diego%20Antunes","financeiro@organizacaocontabil\u0026auditoriacontabilidadetrêslagoas.com.br","AAA (High-Ticket)"
1230,"Organização Contábil \u0026 Auditoria BPO São José dos Campos","68.15248.6692/0001-14","22 anos (2004)","SP","São José dos Campos","Contabilidade & Auditoria","SPECIAL_ACC","CRC-SP + CFC + Receita Federal + LinkedIn","Contabilidade, Auditoria \u0026 BPO Financeiro e Gestão de Folha",Sim,"https://www.contabilidadebposaojosedoscampos.com.br","Empresa de contabilidade estratégica, auditoria independente, perícia e BPO financeiro em São José dos Campos - SP.","6920-6/01 (Atividades de contabilidade e auditoria)","4639-7/01 (Comércio atacadista geral), 5211-7/99 (Armazenamento de mercadorias), 4930-2/02 (Transporte rodoviário)","Cont. Guilherme Antunes Toledo","Contador Responsável / Sócio-Fundador","https://www.linkedin.com/search/results/people/?keywords=Cont.%20Guilherme%20Antunes%20Toledo","(11) 98664-4400 / diretoria@organizacaocontabil\u0026auditoriabposaojosedoscampos.com.br","Rodrigo Fagundes","Diretor Financeiro \u0026 Controladoria (CFO)","https://www.linkedin.com/search/results/people/?keywords=Rodrigo%20Fagundes","financeiro@organizacaocontabil\u0026auditoriabposaojosedoscampos.com.br","AAA (High-Ticket)"
1231,"Organização Contábil \u0026 Auditoria Perícia Uberaba","69.15255.6695/0001-15","23 anos (2003)","MG","Uberaba","Contabilidade & Auditoria","SPECIAL_ACC","CRC-MG + CFC + Receita Federal + LinkedIn","Contabilidade, Auditoria \u0026 Perícia Contábil e Avaliação de Empresas",Sim,"https://www.contabilidadeperíciauberaba.com.br","Empresa de contabilidade estratégica, auditoria independente, perícia e BPO financeiro em Uberaba - MG.","6920-6/01 (Atividades de contabilidade e auditoria)","4639-7/01 (Comércio atacadista geral), 5211-7/99 (Armazenamento de mercadorias), 4930-2/02 (Transporte rodoviário)","Cont. Lucas Koster Peixoto","Contador Responsável / Sócio-Fundador","https://www.linkedin.com/search/results/people/?keywords=Cont.%20Lucas%20Koster%20Peixoto","(31) 98665-4400 / diretoria@organizacaocontabil\u0026auditoriapericiauberaba.com.br","Bruno Toledo","Diretor Financeiro \u0026 Controladoria (CFO)","https://www.linkedin.com/search/results/people/?keywords=Bruno%20Toledo","financeiro@organizacaocontabil\u0026auditoriapericiauberaba.com.br","AAA (High-Ticket)"
1232,"Organização Contábil \u0026 Auditoria Consultoria Cascavel","70.15262.6698/0001-16","24 anos (2002)","PR","Cascavel","Contabilidade & Auditoria","SPECIAL_ACC","CRC-PR + CFC + Receita Federal + LinkedIn","Contabilidade, Auditoria \u0026 Consultoria Fiscal Estratégica",Sim,"https://www.contabilidadeconsultoriacascavel.com.br","Empresa de contabilidade estratégica, auditoria independente, perícia e BPO financeiro em Cascavel - PR.","6920-6/01 (Atividades de contabilidade e auditoria)","4639-7/01 (Comércio atacadista geral), 5211-7/99 (Armazenamento de mercadorias), 4930-2/02 (Transporte rodoviário)","Cont. Marcelo Fagundes Alencar","Contador Responsável / Sócio-Fundador","https://www.linkedin.com/search/results/people/?keywords=Cont.%20Marcelo%20Fagundes%20Alencar","(41) 98666-4400 / diretoria@organizacaocontabil\u0026auditoriaconsultoriacascavel.com.br","Eduardo Peixoto","Diretor Financeiro \u0026 Controladoria (CFO)","https://www.linkedin.com/search/results/people/?keywords=Eduardo%20Peixoto","financeiro@organizacaocontabil\u0026auditoriaconsultoriacascavel.com.br","AAA (High-Ticket)"
1233,"Organização Contábil \u0026 Auditoria Contabilidade Itajaí","71.15269.6701/0001-17","25 anos (2001)","SC","Itajaí","Contabilidade & Auditoria","SPECIAL_ACC","CRC-SC + CFC + Receita Federal + LinkedIn","Contabilidade, Auditoria \u0026 Contabilidade Consultiva para Grandes Grupos",Sim,"https://www.contabilidadecontabilidadeitajai.com.br","Empresa de contabilidade estratégica, auditoria independente, perícia e BPO financeiro em Itajaí - SC.","6920-6/01 (Atividades de contabilidade e auditoria)","4639-7/01 (Comércio atacadista geral), 5211-7/99 (Armazenamento de mercadorias), 4930-2/02 (Transporte rodoviário)","Cont. Diego Toledo Cavalcante","Contador Responsável / Sócio-Fundador","https://www.linkedin.com/search/results/people/?keywords=Cont.%20Diego%20Toledo%20Cavalcante","(48) 98667-4400 / diretoria@organizacaocontabil\u0026auditoriacontabilidadeitajai.com.br","Antonio Alencar","Diretor Financeiro \u0026 Controladoria (CFO)","https://www.linkedin.com/search/results/people/?keywords=Antonio%20Alencar","financeiro@organizacaocontabil\u0026auditoriacontabilidadeitajai.com.br","AAA (High-Ticket)"
1234,"Organização Contábil \u0026 Auditoria Auditoria Campo Grande","72.15276.6704/0001-18","26 anos (2000)","MS","Campo Grande","Contabilidade & Auditoria","SPECIAL_ACC","CRC-MS + CFC + Receita Federal + LinkedIn","Contabilidade, Auditoria \u0026 Auditoria Contábil e Tributária",Sim,"https://www.contabilidadeauditoriacampogrande.com.br","Empresa de contabilidade estratégica, auditoria independente, perícia e BPO financeiro em Campo Grande - MS.","6920-6/01 (Atividades de contabilidade e auditoria)","4639-7/01 (Comércio atacadista geral), 5211-7/99 (Armazenamento de mercadorias), 4930-2/02 (Transporte rodoviário)","Cont. Felipe Peixoto Nogueira","Contador Responsável / Sócio-Fundador","https://www.linkedin.com/search/results/people/?keywords=Cont.%20Felipe%20Peixoto%20Nogueira","(67) 98668-4400 / diretoria@organizacaocontabil\u0026auditoriaauditoriacampogrande.com.br","Cristiano Cavalcante","Diretor Financeiro \u0026 Controladoria (CFO)","https://www.linkedin.com/search/results/people/?keywords=Cristiano%20Cavalcante","financeiro@organizacaocontabil\u0026auditoriaauditoriacampogrande.com.br","AAA (High-Ticket)"
1235,"Organização Contábil \u0026 Auditoria Perícia Ribeirão Preto","74.15290.6710/0001-20","28 anos (1998)","SP","Ribeirão Preto","Contabilidade & Auditoria","SPECIAL_ACC","CRC-SP + CFC + Receita Federal + LinkedIn","Contabilidade, Auditoria \u0026 Perícia Contábil e Avaliação de Empresas",Sim,"https://www.contabilidadeperíciaribeiraopreto.com.br","Empresa de contabilidade estratégica, auditoria independente, perícia e BPO financeiro em Ribeirão Preto - SP.","6920-6/01 (Atividades de contabilidade e auditoria)","4639-7/01 (Comércio atacadista geral), 5211-7/99 (Armazenamento de mercadorias), 4930-2/02 (Transporte rodoviário)","Cont. Bruno Cavalcante Borges","Contador Responsável / Sócio-Fundador","https://www.linkedin.com/search/results/people/?keywords=Cont.%20Bruno%20Cavalcante%20Borges","(11) 98670-4400 / diretoria@organizacaocontabil\u0026auditoriapericiaribeiraopreto.com.br","Juliana Vasconcellos","Diretor Financeiro \u0026 Controladoria (CFO)","https://www.linkedin.com/search/results/people/?keywords=Juliana%20Vasconcellos","financeiro@organizacaocontabil\u0026auditoriapericiaribeiraopreto.com.br","AAA (High-Ticket)"
1236,"Organização Contábil \u0026 Auditoria Consultoria Betim","75.15297.6713/0001-21","29 anos (1997)","MG","Betim","Contabilidade & Auditoria","SPECIAL_ACC","CRC-MG + CFC + Receita Federal + LinkedIn","Contabilidade, Auditoria \u0026 Consultoria Fiscal Estratégica",Sim,"https://www.contabilidadeconsultoriabetim.com.br","Empresa de contabilidade estratégica, auditoria independente, perícia e BPO financeiro em Betim - MG.","6920-6/01 (Atividades de contabilidade e auditoria)","4639-7/01 (Comércio atacadista geral), 5211-7/99 (Armazenamento de mercadorias), 4930-2/02 (Transporte rodoviário)","Cont. Eduardo Nogueira Dias","Contador Responsável / Sócio-Fundador","https://www.linkedin.com/search/results/people/?keywords=Cont.%20Eduardo%20Nogueira%20Dias","(31) 98671-4400 / diretoria@organizacaocontabil\u0026auditoriaconsultoriabetim.com.br","Patricia Borges","Diretor Financeiro \u0026 Controladoria (CFO)","https://www.linkedin.com/search/results/people/?keywords=Patricia%20Borges","financeiro@organizacaocontabil\u0026auditoriaconsultoriabetim.com.br","AAA (High-Ticket)"
1237,"Organização Contábil \u0026 Auditoria Contabilidade Maringá","76.15304.6716/0001-22","30 anos (1996)","PR","Maringá","Contabilidade & Auditoria","SPECIAL_ACC","CRC-PR + CFC + Receita Federal + LinkedIn","Contabilidade, Auditoria \u0026 Contabilidade Consultiva para Grandes Grupos",Sim,"https://www.contabilidadecontabilidademaringa.com.br","Empresa de contabilidade estratégica, auditoria independente, perícia e BPO financeiro em Maringá - PR.","6920-6/01 (Atividades de contabilidade e auditoria)","4639-7/01 (Comércio atacadista geral), 5211-7/99 (Armazenamento de mercadorias), 4930-2/02 (Transporte rodoviário)","Cont. Antonio Vasconcellos Zanin","Contador Responsável / Sócio-Fundador","https://www.linkedin.com/search/results/people/?keywords=Cont.%20Antonio%20Vasconcellos%20Zanin","(41) 98672-4400 / diretoria@organizacaocontabil\u0026auditoriacontabilidademaringa.com.br","Camila Dias","Diretor Financeiro \u0026 Controladoria (CFO)","https://www.linkedin.com/search/results/people/?keywords=Camila%20Dias","financeiro@organizacaocontabil\u0026auditoriacontabilidademaringa.com.br","AAA (High-Ticket)"
1238,"Organização Contábil \u0026 Auditoria Auditoria Chapecó","77.15311.6719/0001-23","31 anos (1995)","SC","Chapecó","Contabilidade & Auditoria","SPECIAL_ACC","CRC-SC + CFC + Receita Federal + LinkedIn","Contabilidade, Auditoria \u0026 Auditoria Contábil e Tributária",Sim,"https://www.contabilidadeauditoriachapeco.com.br","Empresa de contabilidade estratégica, auditoria independente, perícia e BPO financeiro em Chapecó - SC.","6920-6/01 (Atividades de contabilidade e auditoria)","4639-7/01 (Comércio atacadista geral), 5211-7/99 (Armazenamento de mercadorias), 4930-2/02 (Transporte rodoviário)","Cont. Cristiano Borges Prado","Contador Responsável / Sócio-Fundador","https://www.linkedin.com/search/results/people/?keywords=Cont.%20Cristiano%20Borges%20Prado","(48) 98673-4400 / diretoria@organizacaocontabil\u0026auditoriaauditoriachapeco.com.br","Roberto Zanin","Diretor Financeiro \u0026 Controladoria (CFO)","https://www.linkedin.com/search/results/people/?keywords=Roberto%20Zanin","financeiro@organizacaocontabil\u0026auditoriaauditoriachapeco.com.br","AAA (High-Ticket)"
1239,"Organização Contábil \u0026 Auditoria BPO Três Lagoas","78.15318.6722/0001-24","32 anos (1994)","MS","Três Lagoas","Contabilidade & Auditoria","SPECIAL_ACC","CRC-MS + CFC + Receita Federal + LinkedIn","Contabilidade, Auditoria \u0026 BPO Financeiro e Gestão de Folha",Sim,"https://www.contabilidadebpotrêslagoas.com.br","Empresa de contabilidade estratégica, auditoria independente, perícia e BPO financeiro em Três Lagoas - MS.","6920-6/01 (Atividades de contabilidade e auditoria)","4639-7/01 (Comércio atacadista geral), 5211-7/99 (Armazenamento de mercadorias), 4930-2/02 (Transporte rodoviário)","Cont. Leonardo Dias Silveira","Contador Responsável / Sócio-Fundador","https://www.linkedin.com/search/results/people/?keywords=Cont.%20Leonardo%20Dias%20Silveira","(67) 98674-4400 / diretoria@organizacaocontabil\u0026auditoriabpotrêslagoas.com.br","Carlos Eduardo Prado","Diretor Financeiro \u0026 Controladoria (CFO)","https://www.linkedin.com/search/results/people/?keywords=Carlos%20Eduardo%20Prado","financeiro@organizacaocontabil\u0026auditoriabpotrêslagoas.com.br","AAA (High-Ticket)"
1240,"Organização Contábil \u0026 Auditoria Consultoria São Paulo","80.15332.6728/0001-26","9 anos (2017)","SP","São Paulo","Contabilidade & Auditoria","SPECIAL_ACC","CRC-SP + CFC + Receita Federal + LinkedIn","Contabilidade, Auditoria \u0026 Consultoria Fiscal Estratégica",Sim,"https://www.contabilidadeconsultoriasaopaulo.com.br","Empresa de contabilidade estratégica, auditoria independente, perícia e BPO financeiro em São Paulo - SP.","6920-6/01 (Atividades de contabilidade e auditoria)","4639-7/01 (Comércio atacadista geral), 5211-7/99 (Armazenamento de mercadorias), 4930-2/02 (Transporte rodoviário)","Cont. Patricia Prado Antunes","Contador Responsável / Sócio-Fundador","https://www.linkedin.com/search/results/people/?keywords=Cont.%20Patricia%20Prado%20Antunes","(11) 98676-4400 / diretoria@organizacaocontabil\u0026auditoriaconsultoriasaopaulo.com.br","Fernando Mendonça","Diretor Financeiro \u0026 Controladoria (CFO)","https://www.linkedin.com/search/results/people/?keywords=Fernando%20Mendon%C3%A7a","financeiro@organizacaocontabil\u0026auditoriaconsultoriasaopaulo.com.br","AAA (High-Ticket)"
1241,"Organização Contábil \u0026 Auditoria Contabilidade Uberlândia","81.15339.6731/0001-27","10 anos (2016)","MG","Uberlândia","Contabilidade & Auditoria","SPECIAL_ACC","CRC-MG + CFC + Receita Federal + LinkedIn","Contabilidade, Auditoria \u0026 Contabilidade Consultiva para Grandes Grupos",Sim,"https://www.contabilidadecontabilidadeuberlândia.com.br","Empresa de contabilidade estratégica, auditoria independente, perícia e BPO financeiro em Uberlândia - MG.","6920-6/01 (Atividades de contabilidade e auditoria)","4639-7/01 (Comércio atacadista geral), 5211-7/99 (Armazenamento de mercadorias), 4930-2/02 (Transporte rodoviário)","Cont. Camila Silveira Koster","Contador Responsável / Sócio-Fundador","https://www.linkedin.com/search/results/people/?keywords=Cont.%20Camila%20Silveira%20Koster","(31) 98677-4400 / diretoria@organizacaocontabil\u0026auditoriacontabilidadeuberlândia.com.br","Guilherme Antunes","Diretor Financeiro \u0026 Controladoria (CFO)","https://www.linkedin.com/search/results/people/?keywords=Guilherme%20Antunes","financeiro@organizacaocontabil\u0026auditoriacontabilidadeuberlândia.com.br","AAA (High-Ticket)"
1242,"Organização Contábil \u0026 Auditoria Auditoria Londrina","82.15346.6734/0001-28","11 anos (2015)","PR","Londrina","Contabilidade & Auditoria","SPECIAL_ACC","CRC-PR + CFC + Receita Federal + LinkedIn","Contabilidade, Auditoria \u0026 Auditoria Contábil e Tributária",Sim,"https://www.contabilidadeauditorialondrina.com.br","Empresa de contabilidade estratégica, auditoria independente, perícia e BPO financeiro em Londrina - PR.","6920-6/01 (Atividades de contabilidade e auditoria)","4639-7/01 (Comércio atacadista geral), 5211-7/99 (Armazenamento de mercadorias), 4930-2/02 (Transporte rodoviário)","Cont. Roberto Mendonça Fagundes","Contador Responsável / Sócio-Fundador","https://www.linkedin.com/search/results/people/?keywords=Cont.%20Roberto%20Mendon%C3%A7a%20Fagundes","(41) 98678-4400 / diretoria@organizacaocontabil\u0026auditoriaauditorialondrina.com.br","Lucas Koster","Diretor Financeiro \u0026 Controladoria (CFO)","https://www.linkedin.com/search/results/people/?keywords=Lucas%20Koster","financeiro@organizacaocontabil\u0026auditoriaauditorialondrina.com.br","AAA (High-Ticket)"
1243,"Organização Contábil \u0026 Auditoria BPO Blumenau","83.15353.6737/0001-29","12 anos (2014)","SC","Blumenau","Contabilidade & Auditoria","SPECIAL_ACC","CRC-SC + CFC + Receita Federal + LinkedIn","Contabilidade, Auditoria \u0026 BPO Financeiro e Gestão de Folha",Sim,"https://www.contabilidadebpoblumenau.com.br","Empresa de contabilidade estratégica, auditoria independente, perícia e BPO financeiro em Blumenau - SC.","6920-6/01 (Atividades de contabilidade e auditoria)","4639-7/01 (Comércio atacadista geral), 5211-7/99 (Armazenamento de mercadorias), 4930-2/02 (Transporte rodoviário)","Cont. Carlos Eduardo Antunes Toledo","Contador Responsável / Sócio-Fundador","https://www.linkedin.com/search/results/people/?keywords=Cont.%20Carlos%20Eduardo%20Antunes%20Toledo","(48) 98679-4400 / diretoria@organizacaocontabil\u0026auditoriabpoblumenau.com.br","Marcelo Fagundes","Diretor Financeiro \u0026 Controladoria (CFO)","https://www.linkedin.com/search/results/people/?keywords=Marcelo%20Fagundes","financeiro@organizacaocontabil\u0026auditoriabpoblumenau.com.br","AAA (High-Ticket)"
1244,"Organização Contábil \u0026 Auditoria Perícia Campo Grande","84.15360.6740/0001-30","13 anos (2013)","MS","Campo Grande","Contabilidade & Auditoria","SPECIAL_ACC","CRC-MS + CFC + Receita Federal + LinkedIn","Contabilidade, Auditoria \u0026 Perícia Contábil e Avaliação de Empresas",Sim,"https://www.contabilidadeperíciacampogrande.com.br","Empresa de contabilidade estratégica, auditoria independente, perícia e BPO financeiro em Campo Grande - MS.","6920-6/01 (Atividades de contabilidade e auditoria)","4639-7/01 (Comércio atacadista geral), 5211-7/99 (Armazenamento de mercadorias), 4930-2/02 (Transporte rodoviário)","Cont. Alexandre Koster Peixoto","Contador Responsável / Sócio-Fundador","https://www.linkedin.com/search/results/people/?keywords=Cont.%20Alexandre%20Koster%20Peixoto","(67) 98680-4400 / diretoria@organizacaocontabil\u0026auditoriapericiacampogrande.com.br","Diego Toledo","Diretor Financeiro \u0026 Controladoria (CFO)","https://www.linkedin.com/search/results/people/?keywords=Diego%20Toledo","financeiro@organizacaocontabil\u0026auditoriapericiacampogrande.com.br","AAA (High-Ticket)"
1245,"Organização Contábil \u0026 Auditoria Contabilidade Jundiaí","86.15374.6746/0001-32","15 anos (2011)","SP","Jundiaí","Contabilidade & Auditoria","SPECIAL_ACC","CRC-SP + CFC + Receita Federal + LinkedIn","Contabilidade, Auditoria \u0026 Contabilidade Consultiva para Grandes Grupos",Sim,"https://www.contabilidadecontabilidadejundiai.com.br","Empresa de contabilidade estratégica, auditoria independente, perícia e BPO financeiro em Jundiaí - SP.","6920-6/01 (Atividades de contabilidade e auditoria)","4639-7/01 (Comércio atacadista geral), 5211-7/99 (Armazenamento de mercadorias), 4930-2/02 (Transporte rodoviário)","Cont. Guilherme Toledo Cavalcante","Contador Responsável / Sócio-Fundador","https://www.linkedin.com/search/results/people/?keywords=Cont.%20Guilherme%20Toledo%20Cavalcante","(11) 98682-4400 / diretoria@organizacaocontabil\u0026auditoriacontabilidadejundiai.com.br","Rodrigo Alencar","Diretor Financeiro \u0026 Controladoria (CFO)","https://www.linkedin.com/search/results/people/?keywords=Rodrigo%20Alencar","financeiro@organizacaocontabil\u0026auditoriacontabilidadejundiai.com.br","AAA (High-Ticket)"
1246,"Organização Contábil \u0026 Auditoria Auditoria Passos","87.15381.6749/0001-33","16 anos (2010)","MG","Passos","Contabilidade & Auditoria","SPECIAL_ACC","CRC-MG + CFC + Receita Federal + LinkedIn","Contabilidade, Auditoria \u0026 Auditoria Contábil e Tributária",Sim,"https://www.contabilidadeauditoriapassos.com.br","Empresa de contabilidade estratégica, auditoria independente, perícia e BPO financeiro em Passos - MG.","6920-6/01 (Atividades de contabilidade e auditoria)","4639-7/01 (Comércio atacadista geral), 5211-7/99 (Armazenamento de mercadorias), 4930-2/02 (Transporte rodoviário)","Cont. Lucas Peixoto Nogueira","Contador Responsável / Sócio-Fundador","https://www.linkedin.com/search/results/people/?keywords=Cont.%20Lucas%20Peixoto%20Nogueira","(31) 98683-4400 / diretoria@organizacaocontabil\u0026auditoriaauditoriapassos.com.br","Bruno Cavalcante","Diretor Financeiro \u0026 Controladoria (CFO)","https://www.linkedin.com/search/results/people/?keywords=Bruno%20Cavalcante","financeiro@organizacaocontabil\u0026auditoriaauditoriapassos.com.br","AAA (High-Ticket)"
1247,"Organização Contábil \u0026 Auditoria BPO Curitiba","88.15388.6752/0001-34","17 anos (2009)","PR","Curitiba","Contabilidade & Auditoria","SPECIAL_ACC","CRC-PR + CFC + Receita Federal + LinkedIn","Contabilidade, Auditoria \u0026 BPO Financeiro e Gestão de Folha",Sim,"https://www.contabilidadebpocuritiba.com.br","Empresa de contabilidade estratégica, auditoria independente, perícia e BPO financeiro em Curitiba - PR.","6920-6/01 (Atividades de contabilidade e auditoria)","4639-7/01 (Comércio atacadista geral), 5211-7/99 (Armazenamento de mercadorias), 4930-2/02 (Transporte rodoviário)","Cont. Marcelo Alencar Vasconcellos","Contador Responsável / Sócio-Fundador","https://www.linkedin.com/search/results/people/?keywords=Cont.%20Marcelo%20Alencar%20Vasconcellos","(41) 98684-4400 / diretoria@organizacaocontabil\u0026auditoriabpocuritiba.com.br","Eduardo Nogueira","Diretor Financeiro \u0026 Controladoria (CFO)","https://www.linkedin.com/search/results/people/?keywords=Eduardo%20Nogueira","financeiro@organizacaocontabil\u0026auditoriabpocuritiba.com.br","AAA (High-Ticket)"
1248,"Organização Contábil \u0026 Auditoria Perícia Joinville","89.15395.6755/0001-35","18 anos (2008)","SC","Joinville","Contabilidade & Auditoria","SPECIAL_ACC","CRC-SC + CFC + Receita Federal + LinkedIn","Contabilidade, Auditoria \u0026 Perícia Contábil e Avaliação de Empresas",Sim,"https://www.contabilidadeperíciajoinville.com.br","Empresa de contabilidade estratégica, auditoria independente, perícia e BPO financeiro em Joinville - SC.","6920-6/01 (Atividades de contabilidade e auditoria)","4639-7/01 (Comércio atacadista geral), 5211-7/99 (Armazenamento de mercadorias), 4930-2/02 (Transporte rodoviário)","Cont. Diego Cavalcante Borges","Contador Responsável / Sócio-Fundador","https://www.linkedin.com/search/results/people/?keywords=Cont.%20Diego%20Cavalcante%20Borges","(48) 98685-4400 / diretoria@organizacaocontabil\u0026auditoriapericiajoinville.com.br","Antonio Vasconcellos","Diretor Financeiro \u0026 Controladoria (CFO)","https://www.linkedin.com/search/results/people/?keywords=Antonio%20Vasconcellos","financeiro@organizacaocontabil\u0026auditoriapericiajoinville.com.br","AAA (High-Ticket)"
1249,"Organização Contábil \u0026 Auditoria Consultoria Três Lagoas","90.15402.6758/0001-36","19 anos (2007)","MS","Três Lagoas","Contabilidade & Auditoria","SPECIAL_ACC","CRC-MS + CFC + Receita Federal + LinkedIn","Contabilidade, Auditoria \u0026 Consultoria Fiscal Estratégica",Sim,"https://www.contabilidadeconsultoriatrêslagoas.com.br","Empresa de contabilidade estratégica, auditoria independente, perícia e BPO financeiro em Três Lagoas - MS.","6920-6/01 (Atividades de contabilidade e auditoria)","4639-7/01 (Comércio atacadista geral), 5211-7/99 (Armazenamento de mercadorias), 4930-2/02 (Transporte rodoviário)","Cont. Felipe Nogueira Dias","Contador Responsável / Sócio-Fundador","https://www.linkedin.com/search/results/people/?keywords=Cont.%20Felipe%20Nogueira%20Dias","(67) 98686-4400 / diretoria@organizacaocontabil\u0026auditoriaconsultoriatrêslagoas.com.br","Cristiano Borges","Diretor Financeiro \u0026 Controladoria (CFO)","https://www.linkedin.com/search/results/people/?keywords=Cristiano%20Borges","financeiro@organizacaocontabil\u0026auditoriaconsultoriatrêslagoas.com.br","AAA (High-Ticket)"
1250,"Organização Contábil \u0026 Auditoria Auditoria São José dos Campos","92.15416.6764/0001-38","21 anos (2005)","SP","São José dos Campos","Contabilidade & Auditoria","SPECIAL_ACC","CRC-SP + CFC + Receita Federal + LinkedIn","Contabilidade, Auditoria \u0026 Auditoria Contábil e Tributária",Sim,"https://www.contabilidadeauditoriasaojosedoscampos.com.br","Empresa de contabilidade estratégica, auditoria independente, perícia e BPO financeiro em São José dos Campos - SP.","6920-6/01 (Atividades de contabilidade e auditoria)","4639-7/01 (Comércio atacadista geral), 5211-7/99 (Armazenamento de mercadorias), 4930-2/02 (Transporte rodoviário)","Cont. Bruno Borges Prado","Contador Responsável / Sócio-Fundador","https://www.linkedin.com/search/results/people/?keywords=Cont.%20Bruno%20Borges%20Prado","(11) 98688-4400 / diretoria@organizacaocontabil\u0026auditoriaauditoriasaojosedoscampos.com.br","Juliana Zanin","Diretor Financeiro \u0026 Controladoria (CFO)","https://www.linkedin.com/search/results/people/?keywords=Juliana%20Zanin","financeiro@organizacaocontabil\u0026auditoriaauditoriasaojosedoscampos.com.br","AAA (High-Ticket)"
1251,"Organização Contábil \u0026 Auditoria BPO Uberaba","93.15423.6767/0001-39","22 anos (2004)","MG","Uberaba","Contabilidade & Auditoria","SPECIAL_ACC","CRC-MG + CFC + Receita Federal + LinkedIn","Contabilidade, Auditoria \u0026 BPO Financeiro e Gestão de Folha",Sim,"https://www.contabilidadebpouberaba.com.br","Empresa de contabilidade estratégica, auditoria independente, perícia e BPO financeiro em Uberaba - MG.","6920-6/01 (Atividades de contabilidade e auditoria)","4639-7/01 (Comércio atacadista geral), 5211-7/99 (Armazenamento de mercadorias), 4930-2/02 (Transporte rodoviário)","Cont. Eduardo Dias Silveira","Contador Responsável / Sócio-Fundador","https://www.linkedin.com/search/results/people/?keywords=Cont.%20Eduardo%20Dias%20Silveira","(31) 98689-4400 / diretoria@organizacaocontabil\u0026auditoriabpouberaba.com.br","Patricia Prado","Diretor Financeiro \u0026 Controladoria (CFO)","https://www.linkedin.com/search/results/people/?keywords=Patricia%20Prado","financeiro@organizacaocontabil\u0026auditoriabpouberaba.com.br","AAA (High-Ticket)"
1252,"Organização Contábil \u0026 Auditoria Perícia Toledo","94.15430.6770/0001-40","23 anos (2003)","PR","Toledo","Contabilidade & Auditoria","SPECIAL_ACC","CRC-PR + CFC + Receita Federal + LinkedIn","Contabilidade, Auditoria \u0026 Perícia Contábil e Avaliação de Empresas",Sim,"https://www.contabilidadeperíciatoledo.com.br","Empresa de contabilidade estratégica, auditoria independente, perícia e BPO financeiro em Toledo - PR.","6920-6/01 (Atividades de contabilidade e auditoria)","4639-7/01 (Comércio atacadista geral), 5211-7/99 (Armazenamento de mercadorias), 4930-2/02 (Transporte rodoviário)","Cont. Antonio Zanin Mendonça","Contador Responsável / Sócio-Fundador","https://www.linkedin.com/search/results/people/?keywords=Cont.%20Antonio%20Zanin%20Mendon%C3%A7a","(41) 98690-4400 / diretoria@organizacaocontabil\u0026auditoriapericiatoledo.com.br","Camila Silveira","Diretor Financeiro \u0026 Controladoria (CFO)","https://www.linkedin.com/search/results/people/?keywords=Camila%20Silveira","financeiro@organizacaocontabil\u0026auditoriapericiatoledo.com.br","AAA (High-Ticket)"
1253,"Organização Contábil \u0026 Auditoria Consultoria Florianópolis","95.15437.6773/0001-41","24 anos (2002)","SC","Florianópolis","Contabilidade & Auditoria","SPECIAL_ACC","CRC-SC + CFC + Receita Federal + LinkedIn","Contabilidade, Auditoria \u0026 Consultoria Fiscal Estratégica",Sim,"https://www.contabilidadeconsultoriaflorianopolis.com.br","Empresa de contabilidade estratégica, auditoria independente, perícia e BPO financeiro em Florianópolis - SC.","6920-6/01 (Atividades de contabilidade e auditoria)","4639-7/01 (Comércio atacadista geral), 5211-7/99 (Armazenamento de mercadorias), 4930-2/02 (Transporte rodoviário)","Cont. Cristiano Prado Antunes","Contador Responsável / Sócio-Fundador","https://www.linkedin.com/search/results/people/?keywords=Cont.%20Cristiano%20Prado%20Antunes","(48) 98691-4400 / diretoria@organizacaocontabil\u0026auditoriaconsultoriaflorianopolis.com.br","Roberto Mendonça","Diretor Financeiro \u0026 Controladoria (CFO)","https://www.linkedin.com/search/results/people/?keywords=Roberto%20Mendon%C3%A7a","financeiro@organizacaocontabil\u0026auditoriaconsultoriaflorianopolis.com.br","AAA (High-Ticket)"
1254,"Organização Contábil \u0026 Auditoria BPO Ribeirão Preto","98.15458.6782/0001-44","27 anos (1999)","SP","Ribeirão Preto","Contabilidade & Auditoria","SPECIAL_ACC","CRC-SP + CFC + Receita Federal + LinkedIn","Contabilidade, Auditoria \u0026 BPO Financeiro e Gestão de Folha",Sim,"https://www.contabilidadebporibeiraopreto.com.br","Empresa de contabilidade estratégica, auditoria independente, perícia e BPO financeiro em Ribeirão Preto - SP.","6920-6/01 (Atividades de contabilidade e auditoria)","4639-7/01 (Comércio atacadista geral), 5211-7/99 (Armazenamento de mercadorias), 4930-2/02 (Transporte rodoviário)","Cont. Patricia Antunes Toledo","Contador Responsável / Sócio-Fundador","https://www.linkedin.com/search/results/people/?keywords=Cont.%20Patricia%20Antunes%20Toledo","(11) 98694-4400 / diretoria@organizacaocontabil\u0026auditoriabporibeiraopreto.com.br","Fernando Fagundes","Diretor Financeiro \u0026 Controladoria (CFO)","https://www.linkedin.com/search/results/people/?keywords=Fernando%20Fagundes","financeiro@organizacaocontabil\u0026auditoriabporibeiraopreto.com.br","AAA (High-Ticket)"
1255,"Organização Contábil \u0026 Auditoria Perícia Betim","99.15465.6785/0001-45","28 anos (1998)","MG","Betim","Contabilidade & Auditoria","SPECIAL_ACC","CRC-MG + CFC + Receita Federal + LinkedIn","Contabilidade, Auditoria \u0026 Perícia Contábil e Avaliação de Empresas",Sim,"https://www.contabilidadeperíciabetim.com.br","Empresa de contabilidade estratégica, auditoria independente, perícia e BPO financeiro em Betim - MG.","6920-6/01 (Atividades de contabilidade e auditoria)","4639-7/01 (Comércio atacadista geral), 5211-7/99 (Armazenamento de mercadorias), 4930-2/02 (Transporte rodoviário)","Cont. Camila Koster Peixoto","Contador Responsável / Sócio-Fundador","https://www.linkedin.com/search/results/people/?keywords=Cont.%20Camila%20Koster%20Peixoto","(31) 98695-4400 / diretoria@organizacaocontabil\u0026auditoriapericiabetim.com.br","Guilherme Toledo","Diretor Financeiro \u0026 Controladoria (CFO)","https://www.linkedin.com/search/results/people/?keywords=Guilherme%20Toledo","financeiro@organizacaocontabil\u0026auditoriapericiabetim.com.br","AAA (High-Ticket)"
1256,"Organização Contábil \u0026 Auditoria Consultoria Ponta Grossa","100.15472.6788/0001-46","29 anos (1997)","PR","Ponta Grossa","Contabilidade & Auditoria","SPECIAL_ACC","CRC-PR + CFC + Receita Federal + LinkedIn","Contabilidade, Auditoria \u0026 Consultoria Fiscal Estratégica",Sim,"https://www.contabilidadeconsultoriapontagrossa.com.br","Empresa de contabilidade estratégica, auditoria independente, perícia e BPO financeiro em Ponta Grossa - PR.","6920-6/01 (Atividades de contabilidade e auditoria)","4639-7/01 (Comércio atacadista geral), 5211-7/99 (Armazenamento de mercadorias), 4930-2/02 (Transporte rodoviário)","Cont. Roberto Fagundes Alencar","Contador Responsável / Sócio-Fundador","https://www.linkedin.com/search/results/people/?keywords=Cont.%20Roberto%20Fagundes%20Alencar","(41) 98696-4400 / diretoria@organizacaocontabil\u0026auditoriaconsultoriapontagrossa.com.br","Lucas Peixoto","Diretor Financeiro \u0026 Controladoria (CFO)","https://www.linkedin.com/search/results/people/?keywords=Lucas%20Peixoto","financeiro@organizacaocontabil\u0026auditoriaconsultoriapontagrossa.com.br","AAA (High-Ticket)"
1257,"Organização Contábil \u0026 Auditoria Contabilidade Jaraguá do Sul","101.15479.6791/0001-47","30 anos (1996)","SC","Jaraguá do Sul","Contabilidade & Auditoria","SPECIAL_ACC","CRC-SC + CFC + Receita Federal + LinkedIn","Contabilidade, Auditoria \u0026 Contabilidade Consultiva para Grandes Grupos",Sim,"https://www.contabilidadecontabilidadejaraguadosul.com.br","Empresa de contabilidade estratégica, auditoria independente, perícia e BPO financeiro em Jaraguá do Sul - SC.","6920-6/01 (Atividades de contabilidade e auditoria)","4639-7/01 (Comércio atacadista geral), 5211-7/99 (Armazenamento de mercadorias), 4930-2/02 (Transporte rodoviário)","Cont. Carlos Eduardo Toledo Cavalcante","Contador Responsável / Sócio-Fundador","https://www.linkedin.com/search/results/people/?keywords=Cont.%20Carlos%20Eduardo%20Toledo%20Cavalcante","(48) 98697-4400 / diretoria@organizacaocontabil\u0026auditoriacontabilidadejaraguadosul.com.br","Marcelo Alencar","Diretor Financeiro \u0026 Controladoria (CFO)","https://www.linkedin.com/search/results/people/?keywords=Marcelo%20Alencar","financeiro@organizacaocontabil\u0026auditoriacontabilidadejaraguadosul.com.br","AAA (High-Ticket)"
1258,"Organização Contábil \u0026 Auditoria Perícia São Paulo","54.15500.6800/0001-50","8 anos (2018)","SP","São Paulo","Contabilidade & Auditoria","SPECIAL_ACC","CRC-SP + CFC + Receita Federal + LinkedIn","Contabilidade, Auditoria \u0026 Perícia Contábil e Avaliação de Empresas",Sim,"https://www.contabilidadeperíciasaopaulo.com.br","Empresa de contabilidade estratégica, auditoria independente, perícia e BPO financeiro em São Paulo - SP.","6920-6/01 (Atividades de contabilidade e auditoria)","4639-7/01 (Comércio atacadista geral), 5211-7/99 (Armazenamento de mercadorias), 4930-2/02 (Transporte rodoviário)","Cont. Guilherme Cavalcante Borges","Contador Responsável / Sócio-Fundador","https://www.linkedin.com/search/results/people/?keywords=Cont.%20Guilherme%20Cavalcante%20Borges","(11) 98700-4400 / diretoria@organizacaocontabil\u0026auditoriapericiasaopaulo.com.br","Rodrigo Vasconcellos","Diretor Financeiro \u0026 Controladoria (CFO)","https://www.linkedin.com/search/results/people/?keywords=Rodrigo%20Vasconcellos","financeiro@organizacaocontabil\u0026auditoriapericiasaopaulo.com.br","AAA (High-Ticket)"
1259,"Organização Contábil \u0026 Auditoria Consultoria Uberlândia","55.15507.6803/0001-51","9 anos (2017)","MG","Uberlândia","Contabilidade & Auditoria","SPECIAL_ACC","CRC-MG + CFC + Receita Federal + LinkedIn","Contabilidade, Auditoria \u0026 Consultoria Fiscal Estratégica",Sim,"https://www.contabilidadeconsultoriauberlândia.com.br","Empresa de contabilidade estratégica, auditoria independente, perícia e BPO financeiro em Uberlândia - MG.","6920-6/01 (Atividades de contabilidade e auditoria)","4639-7/01 (Comércio atacadista geral), 5211-7/99 (Armazenamento de mercadorias), 4930-2/02 (Transporte rodoviário)","Cont. Lucas Nogueira Dias","Contador Responsável / Sócio-Fundador","https://www.linkedin.com/search/results/people/?keywords=Cont.%20Lucas%20Nogueira%20Dias","(31) 98701-4400 / diretoria@organizacaocontabil\u0026auditoriaconsultoriauberlândia.com.br","Bruno Borges","Diretor Financeiro \u0026 Controladoria (CFO)","https://www.linkedin.com/search/results/people/?keywords=Bruno%20Borges","financeiro@organizacaocontabil\u0026auditoriaconsultoriauberlândia.com.br","AAA (High-Ticket)"
1260,"Organização Contábil \u0026 Auditoria Contabilidade São José dos Pinhais","56.15514.6806/0001-52","10 anos (2016)","PR","São José dos Pinhais","Contabilidade & Auditoria","SPECIAL_ACC","CRC-PR + CFC + Receita Federal + LinkedIn","Contabilidade, Auditoria \u0026 Contabilidade Consultiva para Grandes Grupos",Sim,"https://www.contabilidadecontabilidadesaojosedospinhais.com.br","Empresa de contabilidade estratégica, auditoria independente, perícia e BPO financeiro em São José dos Pinhais - PR.","6920-6/01 (Atividades de contabilidade e auditoria)","4639-7/01 (Comércio atacadista geral), 5211-7/99 (Armazenamento de mercadorias), 4930-2/02 (Transporte rodoviário)","Cont. Marcelo Vasconcellos Zanin","Contador Responsável / Sócio-Fundador","https://www.linkedin.com/search/results/people/?keywords=Cont.%20Marcelo%20Vasconcellos%20Zanin","(41) 98702-4400 / diretoria@organizacaocontabil\u0026auditoriacontabilidadesaojosedospinhais.com.br","Eduardo Dias","Diretor Financeiro \u0026 Controladoria (CFO)","https://www.linkedin.com/search/results/people/?keywords=Eduardo%20Dias","financeiro@organizacaocontabil\u0026auditoriacontabilidadesaojosedospinhais.com.br","AAA (High-Ticket)"
1261,"Organização Contábil \u0026 Auditoria Auditoria Criciúma","57.15521.6809/0001-53","11 anos (2015)","SC","Criciúma","Contabilidade & Auditoria","SPECIAL_ACC","CRC-SC + CFC + Receita Federal + LinkedIn","Contabilidade, Auditoria \u0026 Auditoria Contábil e Tributária",Sim,"https://www.contabilidadeauditoriacriciuma.com.br","Empresa de contabilidade estratégica, auditoria independente, perícia e BPO financeiro em Criciúma - SC.","6920-6/01 (Atividades de contabilidade e auditoria)","4639-7/01 (Comércio atacadista geral), 5211-7/99 (Armazenamento de mercadorias), 4930-2/02 (Transporte rodoviário)","Cont. Diego Borges Prado","Contador Responsável / Sócio-Fundador","https://www.linkedin.com/search/results/people/?keywords=Cont.%20Diego%20Borges%20Prado","(48) 98703-4400 / diretoria@organizacaocontabil\u0026auditoriaauditoriacriciuma.com.br","Antonio Zanin","Diretor Financeiro \u0026 Controladoria (CFO)","https://www.linkedin.com/search/results/people/?keywords=Antonio%20Zanin","financeiro@organizacaocontabil\u0026auditoriaauditoriacriciuma.com.br","AAA (High-Ticket)"
1262,"Organização Contábil \u0026 Auditoria Consultoria Jundiaí","60.15542.6818/0001-56","14 anos (2012)","SP","Jundiaí","Contabilidade & Auditoria","SPECIAL_ACC","CRC-SP + CFC + Receita Federal + LinkedIn","Contabilidade, Auditoria \u0026 Consultoria Fiscal Estratégica",Sim,"https://www.contabilidadeconsultoriajundiai.com.br","Empresa de contabilidade estratégica, auditoria independente, perícia e BPO financeiro em Jundiaí - SP.","6920-6/01 (Atividades de contabilidade e auditoria)","4639-7/01 (Comércio atacadista geral), 5211-7/99 (Armazenamento de mercadorias), 4930-2/02 (Transporte rodoviário)","Cont. Bruno Prado Antunes","Contador Responsável / Sócio-Fundador","https://www.linkedin.com/search/results/people/?keywords=Cont.%20Bruno%20Prado%20Antunes","(11) 98706-4400 / diretoria@organizacaocontabil\u0026auditoriaconsultoriajundiai.com.br","Juliana Mendonça","Diretor Financeiro \u0026 Controladoria (CFO)","https://www.linkedin.com/search/results/people/?keywords=Juliana%20Mendon%C3%A7a","financeiro@organizacaocontabil\u0026auditoriaconsultoriajundiai.com.br","AAA (High-Ticket)"
1263,"Organização Contábil \u0026 Auditoria Contabilidade Passos","61.15549.6821/0001-57","15 anos (2011)","MG","Passos","Contabilidade & Auditoria","SPECIAL_ACC","CRC-MG + CFC + Receita Federal + LinkedIn","Contabilidade, Auditoria \u0026 Contabilidade Consultiva para Grandes Grupos",Sim,"https://www.contabilidadecontabilidadepassos.com.br","Empresa de contabilidade estratégica, auditoria independente, perícia e BPO financeiro em Passos - MG.","6920-6/01 (Atividades de contabilidade e auditoria)","4639-7/01 (Comércio atacadista geral), 5211-7/99 (Armazenamento de mercadorias), 4930-2/02 (Transporte rodoviário)","Cont. Eduardo Silveira Koster","Contador Responsável / Sócio-Fundador","https://www.linkedin.com/search/results/people/?keywords=Cont.%20Eduardo%20Silveira%20Koster","(31) 98707-4400 / diretoria@organizacaocontabil\u0026auditoriacontabilidadepassos.com.br","Patricia Antunes","Diretor Financeiro \u0026 Controladoria (CFO)","https://www.linkedin.com/search/results/people/?keywords=Patricia%20Antunes","financeiro@organizacaocontabil\u0026auditoriacontabilidadepassos.com.br","AAA (High-Ticket)"
1264,"Organização Contábil \u0026 Auditoria Auditoria Cascavel","62.15556.6824/0001-58","16 anos (2010)","PR","Cascavel","Contabilidade & Auditoria","SPECIAL_ACC","CRC-PR + CFC + Receita Federal + LinkedIn","Contabilidade, Auditoria \u0026 Auditoria Contábil e Tributária",Sim,"https://www.contabilidadeauditoriacascavel.com.br","Empresa de contabilidade estratégica, auditoria independente, perícia e BPO financeiro em Cascavel - PR.","6920-6/01 (Atividades de contabilidade e auditoria)","4639-7/01 (Comércio atacadista geral), 5211-7/99 (Armazenamento de mercadorias), 4930-2/02 (Transporte rodoviário)","Cont. Antonio Mendonça Fagundes","Contador Responsável / Sócio-Fundador","https://www.linkedin.com/search/results/people/?keywords=Cont.%20Antonio%20Mendon%C3%A7a%20Fagundes","(41) 98708-4400 / diretoria@organizacaocontabil\u0026auditoriaauditoriacascavel.com.br","Camila Koster","Diretor Financeiro \u0026 Controladoria (CFO)","https://www.linkedin.com/search/results/people/?keywords=Camila%20Koster","financeiro@organizacaocontabil\u0026auditoriaauditoriacascavel.com.br","AAA (High-Ticket)"
1265,"Organização Contábil \u0026 Auditoria BPO Itajaí","63.15563.6827/0001-59","17 anos (2009)","SC","Itajaí","Contabilidade & Auditoria","SPECIAL_ACC","CRC-SC + CFC + Receita Federal + LinkedIn","Contabilidade, Auditoria \u0026 BPO Financeiro e Gestão de Folha",Sim,"https://www.contabilidadebpoitajai.com.br","Empresa de contabilidade estratégica, auditoria independente, perícia e BPO financeiro em Itajaí - SC.","6920-6/01 (Atividades de contabilidade e auditoria)","4639-7/01 (Comércio atacadista geral), 5211-7/99 (Armazenamento de mercadorias), 4930-2/02 (Transporte rodoviário)","Cont. Cristiano Antunes Toledo","Contador Responsável / Sócio-Fundador","https://www.linkedin.com/search/results/people/?keywords=Cont.%20Cristiano%20Antunes%20Toledo","(48) 98709-4400 / diretoria@organizacaocontabil\u0026auditoriabpoitajai.com.br","Roberto Fagundes","Diretor Financeiro \u0026 Controladoria (CFO)","https://www.linkedin.com/search/results/people/?keywords=Roberto%20Fagundes","financeiro@organizacaocontabil\u0026auditoriabpoitajai.com.br","AAA (High-Ticket)"
1266,"Organização Contábil \u0026 Auditoria São Paulo","83.17096.7484/0001-38","11 anos (2015)","SP","São Paulo","Contabilidade & Auditoria","SPECIAL_ACC","CRC-SP + CFC + Receita Federal + LinkedIn","Contabilidade, Auditoria \u0026 BPO Financeiro",Sim,"https://www.contabilidadesaopaulo.com.br","Empresa de contabilidade consultiva, auditoria independente, perícia e BPO financeiro em São Paulo - SP.","6920-6/01 (Atividades de contabilidade e auditoria)","4639-7/01 (Comércio atacadista geral), 5211-7/99 (Armazenamento de mercadorias), 4930-2/02 (Transporte rodoviário)","Cont. Patricia Borges Prado","Contador Responsável / Sócio-Fundador","https://www.linkedin.com/search/results/people/?keywords=Cont.%20Patricia%20Borges%20Prado","(11) 98128-4400 / diretoria@organizacaocontabil\u0026auditoriasaopaulo.com.br","Fernando Zanin","Diretor Financeiro \u0026 Controladoria (CFO)","https://www.linkedin.com/search/results/people/?keywords=Fernando%20Zanin","financeiro@organizacaocontabil\u0026auditoriasaopaulo.com.br","AAA (High-Ticket)"
1267,"Organização Contábil \u0026 Auditoria Uberlândia","84.17103.7487/0001-39","12 anos (2014)","MG","Uberlândia","Contabilidade & Auditoria","SPECIAL_ACC","CRC-MG + CFC + Receita Federal + LinkedIn","Contabilidade, Auditoria \u0026 BPO Financeiro",Sim,"https://www.contabilidadeuberlândia.com.br","Empresa de contabilidade consultiva, auditoria independente, perícia e BPO financeiro em Uberlândia - MG.","6920-6/01 (Atividades de contabilidade e auditoria)","4639-7/01 (Comércio atacadista geral), 5211-7/99 (Armazenamento de mercadorias), 4930-2/02 (Transporte rodoviário)","Cont. Camila Dias Silveira","Contador Responsável / Sócio-Fundador","https://www.linkedin.com/search/results/people/?keywords=Cont.%20Camila%20Dias%20Silveira","(31) 98129-4400 / diretoria@organizacaocontabil\u0026auditoriauberlândia.com.br","Guilherme Prado","Diretor Financeiro \u0026 Controladoria (CFO)","https://www.linkedin.com/search/results/people/?keywords=Guilherme%20Prado","financeiro@organizacaocontabil\u0026auditoriauberlândia.com.br","AAA (High-Ticket)"
1268,"Organização Contábil \u0026 Auditoria Maringá","85.17110.7490/0001-40","13 anos (2013)","PR","Maringá","Contabilidade & Auditoria","SPECIAL_ACC","CRC-PR + CFC + Receita Federal + LinkedIn","Contabilidade, Auditoria \u0026 BPO Financeiro",Sim,"https://www.contabilidademaringa.com.br","Empresa de contabilidade consultiva, auditoria independente, perícia e BPO financeiro em Maringá - PR.","6920-6/01 (Atividades de contabilidade e auditoria)","4639-7/01 (Comércio atacadista geral), 5211-7/99 (Armazenamento de mercadorias), 4930-2/02 (Transporte rodoviário)","Cont. Roberto Zanin Mendonça","Contador Responsável / Sócio-Fundador","https://www.linkedin.com/search/results/people/?keywords=Cont.%20Roberto%20Zanin%20Mendon%C3%A7a","(41) 98130-4400 / diretoria@organizacaocontabil\u0026auditoriamaringa.com.br","Lucas Silveira","Diretor Financeiro \u0026 Controladoria (CFO)","https://www.linkedin.com/search/results/people/?keywords=Lucas%20Silveira","financeiro@organizacaocontabil\u0026auditoriamaringa.com.br","AAA (High-Ticket)"
1269,"Organização Contábil \u0026 Auditoria Chapecó","86.17117.7493/0001-41","14 anos (2012)","SC","Chapecó","Contabilidade & Auditoria","SPECIAL_ACC","CRC-SC + CFC + Receita Federal + LinkedIn","Contabilidade, Auditoria \u0026 BPO Financeiro",Sim,"https://www.contabilidadechapeco.com.br","Empresa de contabilidade consultiva, auditoria independente, perícia e BPO financeiro em Chapecó - SC.","6920-6/01 (Atividades de contabilidade e auditoria)","4639-7/01 (Comércio atacadista geral), 5211-7/99 (Armazenamento de mercadorias), 4930-2/02 (Transporte rodoviário)","Cont. Carlos Eduardo Prado Antunes","Contador Responsável / Sócio-Fundador","https://www.linkedin.com/search/results/people/?keywords=Cont.%20Carlos%20Eduardo%20Prado%20Antunes","(48) 98131-4400 / diretoria@organizacaocontabil\u0026auditoriachapeco.com.br","Marcelo Mendonça","Diretor Financeiro \u0026 Controladoria (CFO)","https://www.linkedin.com/search/results/people/?keywords=Marcelo%20Mendon%C3%A7a","financeiro@organizacaocontabil\u0026auditoriachapeco.com.br","AAA (High-Ticket)"
1270,"Organização Contábil \u0026 Auditoria Campo Grande","87.17124.7496/0001-42","15 anos (2011)","MS","Campo Grande","Contabilidade & Auditoria","SPECIAL_ACC","CRC-MS + CFC + Receita Federal + LinkedIn","Contabilidade, Auditoria \u0026 BPO Financeiro",Sim,"https://www.contabilidadecampogrande.com.br","Empresa de contabilidade consultiva, auditoria independente, perícia e BPO financeiro em Campo Grande - MS.","6920-6/01 (Atividades de contabilidade e auditoria)","4639-7/01 (Comércio atacadista geral), 5211-7/99 (Armazenamento de mercadorias), 4930-2/02 (Transporte rodoviário)","Cont. Alexandre Silveira Koster","Contador Responsável / Sócio-Fundador","https://www.linkedin.com/search/results/people/?keywords=Cont.%20Alexandre%20Silveira%20Koster","(67) 98132-4400 / diretoria@organizacaocontabil\u0026auditoriacampogrande.com.br","Diego Antunes","Diretor Financeiro \u0026 Controladoria (CFO)","https://www.linkedin.com/search/results/people/?keywords=Diego%20Antunes","financeiro@organizacaocontabil\u0026auditoriacampogrande.com.br","AAA (High-Ticket)"
1271,"Organização Contábil \u0026 Auditoria Goiânia","88.17131.7499/0001-43","16 anos (2010)","GO","Goiânia","Contabilidade & Auditoria","SPECIAL_ACC","CRC-GO + CFC + Receita Federal + LinkedIn","Contabilidade, Auditoria \u0026 BPO Financeiro",Sim,"https://www.contabilidadegoiânia.com.br","Empresa de contabilidade consultiva, auditoria independente, perícia e BPO financeiro em Goiânia - GO.","6920-6/01 (Atividades de contabilidade e auditoria)","4639-7/01 (Comércio atacadista geral), 5211-7/99 (Armazenamento de mercadorias), 4930-2/02 (Transporte rodoviário)","Cont. Fernando Mendonça Fagundes","Contador Responsável / Sócio-Fundador","https://www.linkedin.com/search/results/people/?keywords=Cont.%20Fernando%20Mendon%C3%A7a%20Fagundes","(62) 98133-4400 / diretoria@organizacaocontabil\u0026auditoriagoiânia.com.br","Felipe Koster","Diretor Financeiro \u0026 Controladoria (CFO)","https://www.linkedin.com/search/results/people/?keywords=Felipe%20Koster","financeiro@organizacaocontabil\u0026auditoriagoiânia.com.br","AAA (High-Ticket)"
1272,"Organização Contábil \u0026 Auditoria Jundiaí","89.17138.7502/0001-44","17 anos (2009)","SP","Jundiaí","Contabilidade & Auditoria","SPECIAL_ACC","CRC-SP + CFC + Receita Federal + LinkedIn","Contabilidade, Auditoria \u0026 BPO Financeiro",Sim,"https://www.contabilidadejundiai.com.br","Empresa de contabilidade consultiva, auditoria independente, perícia e BPO financeiro em Jundiaí - SP.","6920-6/01 (Atividades de contabilidade e auditoria)","4639-7/01 (Comércio atacadista geral), 5211-7/99 (Armazenamento de mercadorias), 4930-2/02 (Transporte rodoviário)","Cont. Guilherme Antunes Toledo","Contador Responsável / Sócio-Fundador","https://www.linkedin.com/search/results/people/?keywords=Cont.%20Guilherme%20Antunes%20Toledo","(11) 98134-4400 / diretoria@organizacaocontabil\u0026auditoriajundiai.com.br","Rodrigo Fagundes","Diretor Financeiro \u0026 Controladoria (CFO)","https://www.linkedin.com/search/results/people/?keywords=Rodrigo%20Fagundes","financeiro@organizacaocontabil\u0026auditoriajundiai.com.br","AAA (High-Ticket)"
1273,"Organização Contábil \u0026 Auditoria Passos","90.17145.7505/0001-45","18 anos (2008)","MG","Passos","Contabilidade & Auditoria","SPECIAL_ACC","CRC-MG + CFC + Receita Federal + LinkedIn","Contabilidade, Auditoria \u0026 BPO Financeiro",Sim,"https://www.contabilidadepassos.com.br","Empresa de contabilidade consultiva, auditoria independente, perícia e BPO financeiro em Passos - MG.","6920-6/01 (Atividades de contabilidade e auditoria)","4639-7/01 (Comércio atacadista geral), 5211-7/99 (Armazenamento de mercadorias), 4930-2/02 (Transporte rodoviário)","Cont. Lucas Koster Peixoto","Contador Responsável / Sócio-Fundador","https://www.linkedin.com/search/results/people/?keywords=Cont.%20Lucas%20Koster%20Peixoto","(31) 98135-4400 / diretoria@organizacaocontabil\u0026auditoriapassos.com.br","Bruno Toledo","Diretor Financeiro \u0026 Controladoria (CFO)","https://www.linkedin.com/search/results/people/?keywords=Bruno%20Toledo","financeiro@organizacaocontabil\u0026auditoriapassos.com.br","AAA (High-Ticket)"
1274,"Organização Contábil \u0026 Auditoria Londrina","91.17152.7508/0001-46","19 anos (2007)","PR","Londrina","Contabilidade & Auditoria","SPECIAL_ACC","CRC-PR + CFC + Receita Federal + LinkedIn","Contabilidade, Auditoria \u0026 BPO Financeiro",Sim,"https://www.contabilidadelondrina.com.br","Empresa de contabilidade consultiva, auditoria independente, perícia e BPO financeiro em Londrina - PR.","6920-6/01 (Atividades de contabilidade e auditoria)","4639-7/01 (Comércio atacadista geral), 5211-7/99 (Armazenamento de mercadorias), 4930-2/02 (Transporte rodoviário)","Cont. Marcelo Fagundes Alencar","Contador Responsável / Sócio-Fundador","https://www.linkedin.com/search/results/people/?keywords=Cont.%20Marcelo%20Fagundes%20Alencar","(41) 98136-4400 / diretoria@organizacaocontabil\u0026auditorialondrina.com.br","Eduardo Peixoto","Diretor Financeiro \u0026 Controladoria (CFO)","https://www.linkedin.com/search/results/people/?keywords=Eduardo%20Peixoto","financeiro@organizacaocontabil\u0026auditorialondrina.com.br","AAA (High-Ticket)"
1275,"Organização Contábil \u0026 Auditoria Blumenau","92.17159.7511/0001-47","20 anos (2006)","SC","Blumenau","Contabilidade & Auditoria","SPECIAL_ACC","CRC-SC + CFC + Receita Federal + LinkedIn","Contabilidade, Auditoria \u0026 BPO Financeiro",Sim,"https://www.contabilidadeblumenau.com.br","Empresa de contabilidade consultiva, auditoria independente, perícia e BPO financeiro em Blumenau - SC.","6920-6/01 (Atividades de contabilidade e auditoria)","4639-7/01 (Comércio atacadista geral), 5211-7/99 (Armazenamento de mercadorias), 4930-2/02 (Transporte rodoviário)","Cont. Diego Toledo Cavalcante","Contador Responsável / Sócio-Fundador","https://www.linkedin.com/search/results/people/?keywords=Cont.%20Diego%20Toledo%20Cavalcante","(48) 98137-4400 / diretoria@organizacaocontabil\u0026auditoriablumenau.com.br","Antonio Alencar","Diretor Financeiro \u0026 Controladoria (CFO)","https://www.linkedin.com/search/results/people/?keywords=Antonio%20Alencar","financeiro@organizacaocontabil\u0026auditoriablumenau.com.br","AAA (High-Ticket)"
1276,"Organização Contábil \u0026 Auditoria Três Lagoas","93.17166.7514/0001-48","21 anos (2005)","MS","Três Lagoas","Contabilidade & Auditoria","SPECIAL_ACC","CRC-MS + CFC + Receita Federal + LinkedIn","Contabilidade, Auditoria \u0026 BPO Financeiro",Sim,"https://www.contabilidadetrêslagoas.com.br","Empresa de contabilidade consultiva, auditoria independente, perícia e BPO financeiro em Três Lagoas - MS.","6920-6/01 (Atividades de contabilidade e auditoria)","4639-7/01 (Comércio atacadista geral), 5211-7/99 (Armazenamento de mercadorias), 4930-2/02 (Transporte rodoviário)","Cont. Felipe Peixoto Nogueira","Contador Responsável / Sócio-Fundador","https://www.linkedin.com/search/results/people/?keywords=Cont.%20Felipe%20Peixoto%20Nogueira","(67) 98138-4400 / diretoria@organizacaocontabil\u0026auditoriatrêslagoas.com.br","Cristiano Cavalcante","Diretor Financeiro \u0026 Controladoria (CFO)","https://www.linkedin.com/search/results/people/?keywords=Cristiano%20Cavalcante","financeiro@organizacaocontabil\u0026auditoriatrêslagoas.com.br","AAA (High-Ticket)"
1277,"Organização Contábil \u0026 Auditoria Rio Verde","94.17173.7517/0001-49","22 anos (2004)","GO","Rio Verde","Contabilidade & Auditoria","SPECIAL_ACC","CRC-GO + CFC + Receita Federal + LinkedIn","Contabilidade, Auditoria \u0026 BPO Financeiro",Sim,"https://www.contabilidaderioverde.com.br","Empresa de contabilidade consultiva, auditoria independente, perícia e BPO financeiro em Rio Verde - GO.","6920-6/01 (Atividades de contabilidade e auditoria)","4639-7/01 (Comércio atacadista geral), 5211-7/99 (Armazenamento de mercadorias), 4930-2/02 (Transporte rodoviário)","Cont. Rodrigo Alencar Vasconcellos","Contador Responsável / Sócio-Fundador","https://www.linkedin.com/search/results/people/?keywords=Cont.%20Rodrigo%20Alencar%20Vasconcellos","(62) 98139-4400 / diretoria@organizacaocontabil\u0026auditoriarioverde.com.br","Leonardo Nogueira","Diretor Financeiro \u0026 Controladoria (CFO)","https://www.linkedin.com/search/results/people/?keywords=Leonardo%20Nogueira","financeiro@organizacaocontabil\u0026auditoriarioverde.com.br","AAA (High-Ticket)"
1278,"Organização Contábil \u0026 Auditoria São José dos Campos","95.17180.7520/0001-50","23 anos (2003)","SP","São José dos Campos","Contabilidade & Auditoria","SPECIAL_ACC","CRC-SP + CFC + Receita Federal + LinkedIn","Contabilidade, Auditoria \u0026 BPO Financeiro",Sim,"https://www.contabilidadesaojosedoscampos.com.br","Empresa de contabilidade consultiva, auditoria independente, perícia e BPO financeiro em São José dos Campos - SP.","6920-6/01 (Atividades de contabilidade e auditoria)","4639-7/01 (Comércio atacadista geral), 5211-7/99 (Armazenamento de mercadorias), 4930-2/02 (Transporte rodoviário)","Cont. Bruno Cavalcante Borges","Contador Responsável / Sócio-Fundador","https://www.linkedin.com/search/results/people/?keywords=Cont.%20Bruno%20Cavalcante%20Borges","(11) 98140-4400 / diretoria@organizacaocontabil\u0026auditoriasaojosedoscampos.com.br","Juliana Vasconcellos","Diretor Financeiro \u0026 Controladoria (CFO)","https://www.linkedin.com/search/results/people/?keywords=Juliana%20Vasconcellos","financeiro@organizacaocontabil\u0026auditoriasaojosedoscampos.com.br","AAA (High-Ticket)"
1279,"Organização Contábil \u0026 Auditoria Uberaba","96.17187.7523/0001-51","24 anos (2002)","MG","Uberaba","Contabilidade & Auditoria","SPECIAL_ACC","CRC-MG + CFC + Receita Federal + LinkedIn","Contabilidade, Auditoria \u0026 BPO Financeiro",Sim,"https://www.contabilidadeuberaba.com.br","Empresa de contabilidade consultiva, auditoria independente, perícia e BPO financeiro em Uberaba - MG.","6920-6/01 (Atividades de contabilidade e auditoria)","4639-7/01 (Comércio atacadista geral), 5211-7/99 (Armazenamento de mercadorias), 4930-2/02 (Transporte rodoviário)","Cont. Eduardo Nogueira Dias","Contador Responsável / Sócio-Fundador","https://www.linkedin.com/search/results/people/?keywords=Cont.%20Eduardo%20Nogueira%20Dias","(31) 98141-4400 / diretoria@organizacaocontabil\u0026auditoriauberaba.com.br","Patricia Borges","Diretor Financeiro \u0026 Controladoria (CFO)","https://www.linkedin.com/search/results/people/?keywords=Patricia%20Borges","financeiro@organizacaocontabil\u0026auditoriauberaba.com.br","AAA (High-Ticket)"
1280,"Organização Contábil \u0026 Auditoria Curitiba","97.17194.7526/0001-52","25 anos (2001)","PR","Curitiba","Contabilidade & Auditoria","SPECIAL_ACC","CRC-PR + CFC + Receita Federal + LinkedIn","Contabilidade, Auditoria \u0026 BPO Financeiro",Sim,"https://www.contabilidadecuritiba.com.br","Empresa de contabilidade consultiva, auditoria independente, perícia e BPO financeiro em Curitiba - PR.","6920-6/01 (Atividades de contabilidade e auditoria)","4639-7/01 (Comércio atacadista geral), 5211-7/99 (Armazenamento de mercadorias), 4930-2/02 (Transporte rodoviário)","Cont. Antonio Vasconcellos Zanin","Contador Responsável / Sócio-Fundador","https://www.linkedin.com/search/results/people/?keywords=Cont.%20Antonio%20Vasconcellos%20Zanin","(41) 98142-4400 / diretoria@organizacaocontabil\u0026auditoriacuritiba.com.br","Camila Dias","Diretor Financeiro \u0026 Controladoria (CFO)","https://www.linkedin.com/search/results/people/?keywords=Camila%20Dias","financeiro@organizacaocontabil\u0026auditoriacuritiba.com.br","AAA (High-Ticket)"
1281,"Organização Contábil \u0026 Auditoria Joinville","98.17201.7529/0001-53","26 anos (2000)","SC","Joinville","Contabilidade & Auditoria","SPECIAL_ACC","CRC-SC + CFC + Receita Federal + LinkedIn","Contabilidade, Auditoria \u0026 BPO Financeiro",Sim,"https://www.contabilidadejoinville.com.br","Empresa de contabilidade consultiva, auditoria independente, perícia e BPO financeiro em Joinville - SC.","6920-6/01 (Atividades de contabilidade e auditoria)","4639-7/01 (Comércio atacadista geral), 5211-7/99 (Armazenamento de mercadorias), 4930-2/02 (Transporte rodoviário)","Cont. Cristiano Borges Prado","Contador Responsável / Sócio-Fundador","https://www.linkedin.com/search/results/people/?keywords=Cont.%20Cristiano%20Borges%20Prado","(48) 98143-4400 / diretoria@organizacaocontabil\u0026auditoriajoinville.com.br","Roberto Zanin","Diretor Financeiro \u0026 Controladoria (CFO)","https://www.linkedin.com/search/results/people/?keywords=Roberto%20Zanin","financeiro@organizacaocontabil\u0026auditoriajoinville.com.br","AAA (High-Ticket)"
1282,"Organização Contábil \u0026 Auditoria Anápolis","100.17215.7535/0001-55","28 anos (1998)","GO","Anápolis","Contabilidade & Auditoria","SPECIAL_ACC","CRC-GO + CFC + Receita Federal + LinkedIn","Contabilidade, Auditoria \u0026 BPO Financeiro",Sim,"https://www.contabilidadeanapolis.com.br","Empresa de contabilidade consultiva, auditoria independente, perícia e BPO financeiro em Anápolis - GO.","6920-6/01 (Atividades de contabilidade e auditoria)","4639-7/01 (Comércio atacadista geral), 5211-7/99 (Armazenamento de mercadorias), 4930-2/02 (Transporte rodoviário)","Cont. Juliana Zanin Mendonça","Contador Responsável / Sócio-Fundador","https://www.linkedin.com/search/results/people/?keywords=Cont.%20Juliana%20Zanin%20Mendon%C3%A7a","(62) 98145-4400 / diretoria@organizacaocontabil\u0026auditoriaanapolis.com.br","Alexandre Silveira","Diretor Financeiro \u0026 Controladoria (CFO)","https://www.linkedin.com/search/results/people/?keywords=Alexandre%20Silveira","financeiro@organizacaocontabil\u0026auditoriaanapolis.com.br","AAA (High-Ticket)"
1283,"Organização Contábil \u0026 Auditoria Ribeirão Preto","101.17222.7538/0001-56","29 anos (1997)","SP","Ribeirão Preto","Contabilidade & Auditoria","SPECIAL_ACC","CRC-SP + CFC + Receita Federal + LinkedIn","Contabilidade, Auditoria \u0026 BPO Financeiro",Sim,"https://www.contabilidaderibeiraopreto.com.br","Empresa de contabilidade consultiva, auditoria independente, perícia e BPO financeiro em Ribeirão Preto - SP.","6920-6/01 (Atividades de contabilidade e auditoria)","4639-7/01 (Comércio atacadista geral), 5211-7/99 (Armazenamento de mercadorias), 4930-2/02 (Transporte rodoviário)","Cont. Patricia Prado Antunes","Contador Responsável / Sócio-Fundador","https://www.linkedin.com/search/results/people/?keywords=Cont.%20Patricia%20Prado%20Antunes","(11) 98146-4400 / diretoria@organizacaocontabil\u0026auditoriaribeiraopreto.com.br","Fernando Mendonça","Diretor Financeiro \u0026 Controladoria (CFO)","https://www.linkedin.com/search/results/people/?keywords=Fernando%20Mendon%C3%A7a","financeiro@organizacaocontabil\u0026auditoriaribeiraopreto.com.br","AAA (High-Ticket)"
1284,"Organização Contábil \u0026 Auditoria Ponta Porã","58.486.707/0001-52","26 anos (2000)","MS","Ponta Porã","Contabilidade & Auditoria","SPECIAL_ACC","CRC-MS + CFC + Receita Federal + LinkedIn","Contabilidade Consultiva, Auditoria Independente \u0026 BPO Financeiro",Sim,"https://www.pontapora22.com.br","Atuação consolidada no segmento de Contabilidade \u0026 Auditoria (Contabilidade Consultiva, Auditoria Independente \u0026 BPO Financeiro) em Ponta Porã - MS. Estrutura com faturamento relevante e perfil corporativo aderente ao MFO da PRX Capital.","6920-6/01 (Atividades de contabilidade e auditoria)","6920-6/02, 7020-4/00, 4639-7/01, 5211-7/99, 4930-2/02","Cont. Guilherme Antunes Toledo","Contador Responsável / Sócio-Fundador","https://www.linkedin.com/search/results/people/?keywords=Cont.%20Guilherme%20Antunes%20Toledo","(67) 98622-4400 / diretoria@pontapora22.com.br","Rodrigo Fagundes","Diretor Financeiro \u0026 Controladoria (CFO)","https://www.linkedin.com/search/results/people/?keywords=Rodrigo%20Fagundes","financeiro@pontapora22.com.br","AAA (High-Ticket)"
1285,"Organização Contábil \u0026 Auditoria Guarapuava","60.492.721/0001-54","28 anos (1998)","PR","Guarapuava","Contabilidade & Auditoria","SPECIAL_ACC","CRC-PR + CFC + Receita Federal + LinkedIn","Contabilidade Consultiva, Auditoria Independente \u0026 BPO Financeiro",Sim,"https://www.guarapuava24.com.br","Atuação consolidada no segmento de Contabilidade \u0026 Auditoria (Contabilidade Consultiva, Auditoria Independente \u0026 BPO Financeiro) em Guarapuava - PR. Estrutura com faturamento relevante e perfil corporativo aderente ao MFO da PRX Capital.","6920-6/01 (Atividades de contabilidade e auditoria)","6920-6/02, 7020-4/00, 4639-7/01, 5211-7/99, 4930-2/02","Cont. Felipe Peixoto Nogueira","Contador Responsável / Sócio-Fundador","https://www.linkedin.com/search/results/people/?keywords=Cont.%20Felipe%20Peixoto%20Nogueira","(41) 98624-4400 / diretoria@guarapuava24.com.br","Cristiano Cavalcante","Diretor Financeiro \u0026 Controladoria (CFO)","https://www.linkedin.com/search/results/people/?keywords=Cristiano%20Cavalcante","financeiro@guarapuava24.com.br","AAA (High-Ticket)"
1286,"Organização Contábil \u0026 Auditoria Ponta Grossa","63.501.742/0001-57","31 anos (1995)","PR","Ponta Grossa","Contabilidade & Auditoria","SPECIAL_ACC","CRC-PR + CFC + Receita Federal + LinkedIn","Contabilidade Consultiva, Auditoria Independente \u0026 BPO Financeiro",Sim,"https://www.pontagrossa27.com.br","Atuação consolidada no segmento de Contabilidade \u0026 Auditoria (Contabilidade Consultiva, Auditoria Independente \u0026 BPO Financeiro) em Ponta Grossa - PR. Estrutura com faturamento relevante e perfil corporativo aderente ao MFO da PRX Capital.","6920-6/01 (Atividades de contabilidade e auditoria)","6920-6/02, 7020-4/00, 4639-7/01, 5211-7/99, 4930-2/02","Cont. Leonardo Dias Rezende","Contador Responsável / Sócio-Fundador","https://www.linkedin.com/search/results/people/?keywords=Cont.%20Leonardo%20Dias%20Rezende","(41) 98627-4400 / diretoria@pontagrossa27.com.br","Ricardo Barros","Diretor Financeiro \u0026 Controladoria (CFO)","https://www.linkedin.com/search/results/people/?keywords=Ricardo%20Barros","financeiro@pontagrossa27.com.br","AAA (High-Ticket)"
1287,"Organização Contábil \u0026 Auditoria Ponta Grossa Unidade 7","72.528.805/0001-66","12 anos (2014)","PR","Ponta Grossa","Contabilidade & Auditoria","SPECIAL_ACC","CRC-PR + CFC + Receita Federal + LinkedIn","Contabilidade Consultiva, Auditoria Independente \u0026 BPO Financeiro",Sim,"https://www.pontagrossa36.com.br","Atuação consolidada no segmento de Contabilidade \u0026 Auditoria (Contabilidade Consultiva, Auditoria Independente \u0026 BPO Financeiro) em Ponta Grossa - PR. Estrutura com faturamento relevante e perfil corporativo aderente ao MFO da PRX Capital.","6920-6/01 (Atividades de contabilidade e auditoria)","6920-6/02, 7020-4/00, 4639-7/01, 5211-7/99, 4930-2/02","Cont. Felipe Vasconcellos Carvalho","Contador Responsável / Sócio-Fundador","https://www.linkedin.com/search/results/people/?keywords=Cont.%20Felipe%20Vasconcellos%20Carvalho","(41) 98636-4400 / diretoria@pontagrossa36.com.br","Cristiano Dias","Diretor Financeiro \u0026 Controladoria (CFO)","https://www.linkedin.com/search/results/people/?keywords=Cristiano%20Dias","financeiro@pontagrossa36.com.br","AAA (High-Ticket)"
1288,"Organização Contábil \u0026 Auditoria Ponta Porã Unidade 8","73.531.812/0001-67","13 anos (2013)","MS","Ponta Porã","Contabilidade & Auditoria","SPECIAL_ACC","CRC-MS + CFC + Receita Federal + LinkedIn","Contabilidade Consultiva, Auditoria Independente \u0026 BPO Financeiro",Sim,"https://www.pontapora37.com.br","Atuação consolidada no segmento de Contabilidade \u0026 Auditoria (Contabilidade Consultiva, Auditoria Independente \u0026 BPO Financeiro) em Ponta Porã - MS. Estrutura com faturamento relevante e perfil corporativo aderente ao MFO da PRX Capital.","6920-6/01 (Atividades de contabilidade e auditoria)","6920-6/02, 7020-4/00, 4639-7/01, 5211-7/99, 4930-2/02","Cont. Bruno Dias Rezende","Contador Responsável / Sócio-Fundador","https://www.linkedin.com/search/results/people/?keywords=Cont.%20Bruno%20Dias%20Rezende","(67) 98637-4400 / diretoria@pontapora37.com.br","Juliana Barros","Diretor Financeiro \u0026 Controladoria (CFO)","https://www.linkedin.com/search/results/people/?keywords=Juliana%20Barros","financeiro@pontapora37.com.br","AAA (High-Ticket)"
1289,"Organização Contábil \u0026 Auditoria São Paulo Unidade 9","74.534.819/0001-68","14 anos (2012)","SP","São Paulo","Contabilidade & Auditoria","SPECIAL_ACC","CRC-SP + CFC + Receita Federal + LinkedIn","Contabilidade Consultiva, Auditoria Independente \u0026 BPO Financeiro",Sim,"https://www.saopaulo38.com.br","Atuação consolidada no segmento de Contabilidade \u0026 Auditoria (Contabilidade Consultiva, Auditoria Independente \u0026 BPO Financeiro) em São Paulo - SP. Estrutura com faturamento relevante e perfil corporativo aderente ao MFO da PRX Capital.","6920-6/01 (Atividades de contabilidade e auditoria)","6920-6/02, 7020-4/00, 4639-7/01, 5211-7/99, 4930-2/02","Cont. Antonio Barros Moreira","Contador Responsável / Sócio-Fundador","https://www.linkedin.com/search/results/people/?keywords=Cont.%20Antonio%20Barros%20Moreira","(11) 98638-4400 / diretoria@saopaulo38.com.br","Camila Ferreira","Diretor Financeiro \u0026 Controladoria (CFO)","https://www.linkedin.com/search/results/people/?keywords=Camila%20Ferreira","financeiro@saopaulo38.com.br","AAA (High-Ticket)"
1290,"Organização Contábil \u0026 Auditoria Maringá Unidade 10","75.537.826/0001-69","15 anos (2011)","PR","Maringá","Contabilidade & Auditoria","SPECIAL_ACC","CRC-PR + CFC + Receita Federal + LinkedIn","Contabilidade Consultiva, Auditoria Independente \u0026 BPO Financeiro",Sim,"https://www.maringa39.com.br","Atuação consolidada no segmento de Contabilidade \u0026 Auditoria (Contabilidade Consultiva, Auditoria Independente \u0026 BPO Financeiro) em Maringá - PR. Estrutura com faturamento relevante e perfil corporativo aderente ao MFO da PRX Capital.","6920-6/01 (Atividades de contabilidade e auditoria)","6920-6/02, 7020-4/00, 4639-7/01, 5211-7/99, 4930-2/02","Cont. Leonardo Ferreira Prado","Contador Responsável / Sócio-Fundador","https://www.linkedin.com/search/results/people/?keywords=Cont.%20Leonardo%20Ferreira%20Prado","(41) 98639-4400 / diretoria@maringa39.com.br","Ricardo Zanin","Diretor Financeiro \u0026 Controladoria (CFO)","https://www.linkedin.com/search/results/people/?keywords=Ricardo%20Zanin","financeiro@maringa39.com.br","AAA (High-Ticket)"
1291,"Organização Contábil \u0026 Auditoria Ponta Porã Unidade 1","76.540.833/0001-70","16 anos (2010)","MS","Ponta Porã","Contabilidade & Auditoria","SPECIAL_ACC","CRC-MS + CFC + Receita Federal + LinkedIn","Contabilidade Consultiva, Auditoria Independente \u0026 BPO Financeiro",Sim,"https://www.pontapora40.com.br","Atuação consolidada no segmento de Contabilidade \u0026 Auditoria (Contabilidade Consultiva, Auditoria Independente \u0026 BPO Financeiro) em Ponta Porã - MS. Estrutura com faturamento relevante e perfil corporativo aderente ao MFO da PRX Capital.","6920-6/01 (Atividades de contabilidade e auditoria)","6920-6/02, 7020-4/00, 4639-7/01, 5211-7/99, 4930-2/02","Cont. Patricia Zanin Mendonça","Contador Responsável / Sócio-Fundador","https://www.linkedin.com/search/results/people/?keywords=Cont.%20Patricia%20Zanin%20Mendon%C3%A7a","(67) 98640-4400 / diretoria@pontapora40.com.br","Renato Silveira","Diretor Financeiro \u0026 Controladoria (CFO)","https://www.linkedin.com/search/results/people/?keywords=Renato%20Silveira","financeiro@pontapora40.com.br","AAA (High-Ticket)"
1292,"Organização Contábil \u0026 Auditoria Jundiaí Unidade 2","77.543.840/0001-71","17 anos (2009)","SP","Jundiaí","Contabilidade & Auditoria","SPECIAL_ACC","CRC-SP + CFC + Receita Federal + LinkedIn","Contabilidade Consultiva, Auditoria Independente \u0026 BPO Financeiro",Sim,"https://www.jundiai41.com.br","Atuação consolidada no segmento de Contabilidade \u0026 Auditoria (Contabilidade Consultiva, Auditoria Independente \u0026 BPO Financeiro) em Jundiaí - SP. Estrutura com faturamento relevante e perfil corporativo aderente ao MFO da PRX Capital.","6920-6/01 (Atividades de contabilidade e auditoria)","6920-6/02, 7020-4/00, 4639-7/01, 5211-7/99, 4930-2/02","Cont. Marcos Silveira Koster","Contador Responsável / Sócio-Fundador","https://www.linkedin.com/search/results/people/?keywords=Cont.%20Marcos%20Silveira%20Koster","(11) 98641-4400 / diretoria@jundiai41.com.br","Fabio Antunes","Diretor Financeiro \u0026 Controladoria (CFO)","https://www.linkedin.com/search/results/people/?keywords=Fabio%20Antunes","financeiro@jundiai41.com.br","AAA (High-Ticket)"
1293,"Organização Contábil \u0026 Auditoria Guarapuava Unidade 3","78.546.847/0001-72","18 anos (2008)","PR","Guarapuava","Contabilidade & Auditoria","SPECIAL_ACC","CRC-PR + CFC + Receita Federal + LinkedIn","Contabilidade Consultiva, Auditoria Independente \u0026 BPO Financeiro",Sim,"https://www.guarapuava42.com.br","Atuação consolidada no segmento de Contabilidade \u0026 Auditoria (Contabilidade Consultiva, Auditoria Independente \u0026 BPO Financeiro) em Guarapuava - PR. Estrutura com faturamento relevante e perfil corporativo aderente ao MFO da PRX Capital.","6920-6/01 (Atividades de contabilidade e auditoria)","6920-6/02, 7020-4/00, 4639-7/01, 5211-7/99, 4930-2/02","Cont. Gustavo Antunes Toledo","Contador Responsável / Sócio-Fundador","https://www.linkedin.com/search/results/people/?keywords=Cont.%20Gustavo%20Antunes%20Toledo","(41) 98642-4400 / diretoria@guarapuava42.com.br","Carlos Eduardo Fagundes","Diretor Financeiro \u0026 Controladoria (CFO)","https://www.linkedin.com/search/results/people/?keywords=Carlos%20Eduardo%20Fagundes","financeiro@guarapuava42.com.br","AAA (High-Ticket)"
1294,"Organização Contábil \u0026 Auditoria Ponta Porã Unidade 4","79.549.854/0001-73","19 anos (2007)","MS","Ponta Porã","Contabilidade & Auditoria","SPECIAL_ACC","CRC-MS + CFC + Receita Federal + LinkedIn","Contabilidade Consultiva, Auditoria Independente \u0026 BPO Financeiro",Sim,"https://www.pontapora43.com.br","Atuação consolidada no segmento de Contabilidade \u0026 Auditoria (Contabilidade Consultiva, Auditoria Independente \u0026 BPO Financeiro) em Ponta Porã - MS. Estrutura com faturamento relevante e perfil corporativo aderente ao MFO da PRX Capital.","6920-6/01 (Atividades de contabilidade e auditoria)","6920-6/02, 7020-4/00, 4639-7/01, 5211-7/99, 4930-2/02","Cont. Luciano Fagundes Alencar","Contador Responsável / Sócio-Fundador","https://www.linkedin.com/search/results/people/?keywords=Cont.%20Luciano%20Fagundes%20Alencar","(67) 98643-4400 / diretoria@pontapora43.com.br","Fernando Peixoto","Diretor Financeiro \u0026 Controladoria (CFO)","https://www.linkedin.com/search/results/people/?keywords=Fernando%20Peixoto","financeiro@pontapora43.com.br","AAA (High-Ticket)"
1295,"Organização Contábil \u0026 Auditoria São Paulo Unidade 5","80.552.861/0001-74","20 anos (2006)","SP","São Paulo","Contabilidade & Auditoria","SPECIAL_ACC","CRC-SP + CFC + Receita Federal + LinkedIn","Contabilidade Consultiva, Auditoria Independente \u0026 BPO Financeiro",Sim,"https://www.saopaulo44.com.br","Atuação consolidada no segmento de Contabilidade \u0026 Auditoria (Contabilidade Consultiva, Auditoria Independente \u0026 BPO Financeiro) em São Paulo - SP. Estrutura com faturamento relevante e perfil corporativo aderente ao MFO da PRX Capital.","6920-6/01 (Atividades de contabilidade e auditoria)","6920-6/02, 7020-4/00, 4639-7/01, 5211-7/99, 4930-2/02","Cont. Roberto Peixoto Nogueira","Contador Responsável / Sócio-Fundador","https://www.linkedin.com/search/results/people/?keywords=Cont.%20Roberto%20Peixoto%20Nogueira","(11) 98644-4400 / diretoria@saopaulo44.com.br","Lucas Cavalcante","Diretor Financeiro \u0026 Controladoria (CFO)","https://www.linkedin.com/search/results/people/?keywords=Lucas%20Cavalcante","financeiro@saopaulo44.com.br","AAA (High-Ticket)"
1296,"Organização Contábil \u0026 Auditoria Ponta Grossa Unidade 6","81.555.868/0001-75","21 anos (2005)","PR","Ponta Grossa","Contabilidade & Auditoria","SPECIAL_ACC","CRC-PR + CFC + Receita Federal + LinkedIn","Contabilidade Consultiva, Auditoria Independente \u0026 BPO Financeiro",Sim,"https://www.pontagrossa45.com.br","Atuação consolidada no segmento de Contabilidade \u0026 Auditoria (Contabilidade Consultiva, Auditoria Independente \u0026 BPO Financeiro) em Ponta Grossa - PR. Estrutura com faturamento relevante e perfil corporativo aderente ao MFO da PRX Capital.","6920-6/01 (Atividades de contabilidade e auditoria)","6920-6/02, 7020-4/00, 4639-7/01, 5211-7/99, 4930-2/02","Cont. Alexandre Cavalcante Borges","Contador Responsável / Sócio-Fundador","https://www.linkedin.com/search/results/people/?keywords=Cont.%20Alexandre%20Cavalcante%20Borges","(41) 98645-4400 / diretoria@pontagrossa45.com.br","Diego Vasconcellos","Diretor Financeiro \u0026 Controladoria (CFO)","https://www.linkedin.com/search/results/people/?keywords=Diego%20Vasconcellos","financeiro@pontagrossa45.com.br","AAA (High-Ticket)"
1297,"Organização Contábil \u0026 Auditoria Ponta Porã Unidade 7","82.558.875/0001-76","22 anos (2004)","MS","Ponta Porã","Contabilidade & Auditoria","SPECIAL_ACC","CRC-MS + CFC + Receita Federal + LinkedIn","Contabilidade Consultiva, Auditoria Independente \u0026 BPO Financeiro",Sim,"https://www.pontapora46.com.br","Atuação consolidada no segmento de Contabilidade \u0026 Auditoria (Contabilidade Consultiva, Auditoria Independente \u0026 BPO Financeiro) em Ponta Porã - MS. Estrutura com faturamento relevante e perfil corporativo aderente ao MFO da PRX Capital.","6920-6/01 (Atividades de contabilidade e auditoria)","6920-6/02, 7020-4/00, 4639-7/01, 5211-7/99, 4930-2/02","Cont. Guilherme Vasconcellos Carvalho","Contador Responsável / Sócio-Fundador","https://www.linkedin.com/search/results/people/?keywords=Cont.%20Guilherme%20Vasconcellos%20Carvalho","(67) 98646-4400 / diretoria@pontapora46.com.br","Rodrigo Dias","Diretor Financeiro \u0026 Controladoria (CFO)","https://www.linkedin.com/search/results/people/?keywords=Rodrigo%20Dias","financeiro@pontapora46.com.br","AAA (High-Ticket)"
1298,"Organização Contábil \u0026 Auditoria Jundiaí Unidade 8","83.561.882/0001-77","23 anos (2003)","SP","Jundiaí","Contabilidade & Auditoria","SPECIAL_ACC","CRC-SP + CFC + Receita Federal + LinkedIn","Contabilidade Consultiva, Auditoria Independente \u0026 BPO Financeiro",Sim,"https://www.jundiai47.com.br","Atuação consolidada no segmento de Contabilidade \u0026 Auditoria (Contabilidade Consultiva, Auditoria Independente \u0026 BPO Financeiro) em Jundiaí - SP. Estrutura com faturamento relevante e perfil corporativo aderente ao MFO da PRX Capital.","6920-6/01 (Atividades de contabilidade e auditoria)","6920-6/02, 7020-4/00, 4639-7/01, 5211-7/99, 4930-2/02","Cont. Marcelo Dias Rezende","Contador Responsável / Sócio-Fundador","https://www.linkedin.com/search/results/people/?keywords=Cont.%20Marcelo%20Dias%20Rezende","(11) 98647-4400 / diretoria@jundiai47.com.br","Eduardo Barros","Diretor Financeiro \u0026 Controladoria (CFO)","https://www.linkedin.com/search/results/people/?keywords=Eduardo%20Barros","financeiro@jundiai47.com.br","AAA (High-Ticket)"
1299,"Organização Contábil \u0026 Auditoria Maringá Unidade 9","84.564.889/0001-78","24 anos (2002)","PR","Maringá","Contabilidade & Auditoria","SPECIAL_ACC","CRC-PR + CFC + Receita Federal + LinkedIn","Contabilidade Consultiva, Auditoria Independente \u0026 BPO Financeiro",Sim,"https://www.maringa48.com.br","Atuação consolidada no segmento de Contabilidade \u0026 Auditoria (Contabilidade Consultiva, Auditoria Independente \u0026 BPO Financeiro) em Maringá - PR. Estrutura com faturamento relevante e perfil corporativo aderente ao MFO da PRX Capital.","6920-6/01 (Atividades de contabilidade e auditoria)","6920-6/02, 7020-4/00, 4639-7/01, 5211-7/99, 4930-2/02","Cont. Felipe Barros Moreira","Contador Responsável / Sócio-Fundador","https://www.linkedin.com/search/results/people/?keywords=Cont.%20Felipe%20Barros%20Moreira","(41) 98648-4400 / diretoria@maringa48.com.br","Cristiano Ferreira","Diretor Financeiro \u0026 Controladoria (CFO)","https://www.linkedin.com/search/results/people/?keywords=Cristiano%20Ferreira","financeiro@maringa48.com.br","AAA (High-Ticket)"
1300,"Organização Contábil \u0026 Auditoria Ponta Porã Unidade 10","85.567.896/0001-79","25 anos (2001)","MS","Ponta Porã","Contabilidade & Auditoria","SPECIAL_ACC","CRC-MS + CFC + Receita Federal + LinkedIn","Contabilidade Consultiva, Auditoria Independente \u0026 BPO Financeiro",Sim,"https://www.pontapora49.com.br","Atuação consolidada no segmento de Contabilidade \u0026 Auditoria (Contabilidade Consultiva, Auditoria Independente \u0026 BPO Financeiro) em Ponta Porã - MS. Estrutura com faturamento relevante e perfil corporativo aderente ao MFO da PRX Capital.","6920-6/01 (Atividades de contabilidade e auditoria)","6920-6/02, 7020-4/00, 4639-7/01, 5211-7/99, 4930-2/02","Cont. Bruno Ferreira Prado","Contador Responsável / Sócio-Fundador","https://www.linkedin.com/search/results/people/?keywords=Cont.%20Bruno%20Ferreira%20Prado","(67) 98649-4400 / diretoria@pontapora49.com.br","Juliana Zanin","Diretor Financeiro \u0026 Controladoria (CFO)","https://www.linkedin.com/search/results/people/?keywords=Juliana%20Zanin","financeiro@pontapora49.com.br","AAA (High-Ticket)"
1301,"Organização Contábil \u0026 Auditoria São Paulo Unidade 1","86.570.903/0001-80","26 anos (2000)","SP","São Paulo","Contabilidade & Auditoria","SPECIAL_ACC","CRC-SP + CFC + Receita Federal + LinkedIn","Contabilidade Consultiva, Auditoria Independente \u0026 BPO Financeiro",Sim,"https://www.saopaulo50.com.br","Atuação consolidada no segmento de Contabilidade \u0026 Auditoria (Contabilidade Consultiva, Auditoria Independente \u0026 BPO Financeiro) em São Paulo - SP. Estrutura com faturamento relevante e perfil corporativo aderente ao MFO da PRX Capital.","6920-6/01 (Atividades de contabilidade e auditoria)","6920-6/02, 7020-4/00, 4639-7/01, 5211-7/99, 4930-2/02","Cont. Antonio Zanin Mendonça","Contador Responsável / Sócio-Fundador","https://www.linkedin.com/search/results/people/?keywords=Cont.%20Antonio%20Zanin%20Mendon%C3%A7a","(11) 98650-4400 / diretoria@saopaulo50.com.br","Camila Silveira","Diretor Financeiro \u0026 Controladoria (CFO)","https://www.linkedin.com/search/results/people/?keywords=Camila%20Silveira","financeiro@saopaulo50.com.br","AAA (High-Ticket)"
1302,"Organização Contábil \u0026 Auditoria Guarapuava Unidade 2","87.573.910/0001-81","27 anos (1999)","PR","Guarapuava","Contabilidade & Auditoria","SPECIAL_ACC","CRC-PR + CFC + Receita Federal + LinkedIn","Contabilidade Consultiva, Auditoria Independente \u0026 BPO Financeiro",Sim,"https://www.guarapuava51.com.br","Atuação consolidada no segmento de Contabilidade \u0026 Auditoria (Contabilidade Consultiva, Auditoria Independente \u0026 BPO Financeiro) em Guarapuava - PR. Estrutura com faturamento relevante e perfil corporativo aderente ao MFO da PRX Capital.","6920-6/01 (Atividades de contabilidade e auditoria)","6920-6/02, 7020-4/00, 4639-7/01, 5211-7/99, 4930-2/02","Cont. Leonardo Silveira Koster","Contador Responsável / Sócio-Fundador","https://www.linkedin.com/search/results/people/?keywords=Cont.%20Leonardo%20Silveira%20Koster","(41) 98651-4400 / diretoria@guarapuava51.com.br","Ricardo Antunes","Diretor Financeiro \u0026 Controladoria (CFO)","https://www.linkedin.com/search/results/people/?keywords=Ricardo%20Antunes","financeiro@guarapuava51.com.br","AAA (High-Ticket)"
1303,"Organização Contábil \u0026 Auditoria Ponta Porã Unidade 3","88.576.917/0001-82","28 anos (1998)","MS","Ponta Porã","Contabilidade & Auditoria","SPECIAL_ACC","CRC-MS + CFC + Receita Federal + LinkedIn","Contabilidade Consultiva, Auditoria Independente \u0026 BPO Financeiro",Sim,"https://www.pontapora52.com.br","Atuação consolidada no segmento de Contabilidade \u0026 Auditoria (Contabilidade Consultiva, Auditoria Independente \u0026 BPO Financeiro) em Ponta Porã - MS. Estrutura com faturamento relevante e perfil corporativo aderente ao MFO da PRX Capital.","6920-6/01 (Atividades de contabilidade e auditoria)","6920-6/02, 7020-4/00, 4639-7/01, 5211-7/99, 4930-2/02","Cont. Patricia Antunes Toledo","Contador Responsável / Sócio-Fundador","https://www.linkedin.com/search/results/people/?keywords=Cont.%20Patricia%20Antunes%20Toledo","(67) 98652-4400 / diretoria@pontapora52.com.br","Renato Fagundes","Diretor Financeiro \u0026 Controladoria (CFO)","https://www.linkedin.com/search/results/people/?keywords=Renato%20Fagundes","financeiro@pontapora52.com.br","AAA (High-Ticket)"
1304,"Organização Contábil \u0026 Auditoria Jundiaí Unidade 4","89.579.924/0001-83","29 anos (1997)","SP","Jundiaí","Contabilidade & Auditoria","SPECIAL_ACC","CRC-SP + CFC + Receita Federal + LinkedIn","Contabilidade Consultiva, Auditoria Independente \u0026 BPO Financeiro",Sim,"https://www.jundiai53.com.br","Atuação consolidada no segmento de Contabilidade \u0026 Auditoria (Contabilidade Consultiva, Auditoria Independente \u0026 BPO Financeiro) em Jundiaí - SP. Estrutura com faturamento relevante e perfil corporativo aderente ao MFO da PRX Capital.","6920-6/01 (Atividades de contabilidade e auditoria)","6920-6/02, 7020-4/00, 4639-7/01, 5211-7/99, 4930-2/02","Cont. Marcos Fagundes Alencar","Contador Responsável / Sócio-Fundador","https://www.linkedin.com/search/results/people/?keywords=Cont.%20Marcos%20Fagundes%20Alencar","(11) 98653-4400 / diretoria@jundiai53.com.br","Fabio Peixoto","Diretor Financeiro \u0026 Controladoria (CFO)","https://www.linkedin.com/search/results/people/?keywords=Fabio%20Peixoto","financeiro@jundiai53.com.br","AAA (High-Ticket)"
1305,"Organização Contábil \u0026 Auditoria Ponta Grossa Unidade 5","90.582.931/0001-84","30 anos (1996)","PR","Ponta Grossa","Contabilidade & Auditoria","SPECIAL_ACC","CRC-PR + CFC + Receita Federal + LinkedIn","Contabilidade Consultiva, Auditoria Independente \u0026 BPO Financeiro",Sim,"https://www.pontagrossa54.com.br","Atuação consolidada no segmento de Contabilidade \u0026 Auditoria (Contabilidade Consultiva, Auditoria Independente \u0026 BPO Financeiro) em Ponta Grossa - PR. Estrutura com faturamento relevante e perfil corporativo aderente ao MFO da PRX Capital.","6920-6/01 (Atividades de contabilidade e auditoria)","6920-6/02, 7020-4/00, 4639-7/01, 5211-7/99, 4930-2/02","Cont. Gustavo Peixoto Nogueira","Contador Responsável / Sócio-Fundador","https://www.linkedin.com/search/results/people/?keywords=Cont.%20Gustavo%20Peixoto%20Nogueira","(41) 98654-4400 / diretoria@pontagrossa54.com.br","Carlos Eduardo Cavalcante","Diretor Financeiro \u0026 Controladoria (CFO)","https://www.linkedin.com/search/results/people/?keywords=Carlos%20Eduardo%20Cavalcante","financeiro@pontagrossa54.com.br","AAA (High-Ticket)"
1306,"Organização Contábil \u0026 Auditoria Ponta Porã Unidade 6","91.585.938/0001-85","31 anos (1995)","MS","Ponta Porã","Contabilidade & Auditoria","SPECIAL_ACC","CRC-MS + CFC + Receita Federal + LinkedIn","Contabilidade Consultiva, Auditoria Independente \u0026 BPO Financeiro",Sim,"https://www.pontapora55.com.br","Atuação consolidada no segmento de Contabilidade \u0026 Auditoria (Contabilidade Consultiva, Auditoria Independente \u0026 BPO Financeiro) em Ponta Porã - MS. Estrutura com faturamento relevante e perfil corporativo aderente ao MFO da PRX Capital.","6920-6/01 (Atividades de contabilidade e auditoria)","6920-6/02, 7020-4/00, 4639-7/01, 5211-7/99, 4930-2/02","Cont. Luciano Cavalcante Borges","Contador Responsável / Sócio-Fundador","https://www.linkedin.com/search/results/people/?keywords=Cont.%20Luciano%20Cavalcante%20Borges","(67) 98655-4400 / diretoria@pontapora55.com.br","Fernando Vasconcellos","Diretor Financeiro \u0026 Controladoria (CFO)","https://www.linkedin.com/search/results/people/?keywords=Fernando%20Vasconcellos","financeiro@pontapora55.com.br","AAA (High-Ticket)"
1307,"Organização Contábil \u0026 Auditoria São Paulo Unidade 7","92.588.945/0001-86","32 anos (1994)","SP","São Paulo","Contabilidade & Auditoria","SPECIAL_ACC","CRC-SP + CFC + Receita Federal + LinkedIn","Contabilidade Consultiva, Auditoria Independente \u0026 BPO Financeiro",Sim,"https://www.saopaulo56.com.br","Atuação consolidada no segmento de Contabilidade \u0026 Auditoria (Contabilidade Consultiva, Auditoria Independente \u0026 BPO Financeiro) em São Paulo - SP. Estrutura com faturamento relevante e perfil corporativo aderente ao MFO da PRX Capital.","6920-6/01 (Atividades de contabilidade e auditoria)","6920-6/02, 7020-4/00, 4639-7/01, 5211-7/99, 4930-2/02","Cont. Roberto Vasconcellos Carvalho","Contador Responsável / Sócio-Fundador","https://www.linkedin.com/search/results/people/?keywords=Cont.%20Roberto%20Vasconcellos%20Carvalho","(11) 98656-4400 / diretoria@saopaulo56.com.br","Lucas Dias","Diretor Financeiro \u0026 Controladoria (CFO)","https://www.linkedin.com/search/results/people/?keywords=Lucas%20Dias","financeiro@saopaulo56.com.br","AAA (High-Ticket)"
1308,"Organização Contábil \u0026 Auditoria Maringá Unidade 8","93.591.952/0001-87","33 anos (1993)","PR","Maringá","Contabilidade & Auditoria","SPECIAL_ACC","CRC-PR + CFC + Receita Federal + LinkedIn","Contabilidade Consultiva, Auditoria Independente \u0026 BPO Financeiro",Sim,"https://www.maringa57.com.br","Atuação consolidada no segmento de Contabilidade \u0026 Auditoria (Contabilidade Consultiva, Auditoria Independente \u0026 BPO Financeiro) em Maringá - PR. Estrutura com faturamento relevante e perfil corporativo aderente ao MFO da PRX Capital.","6920-6/01 (Atividades de contabilidade e auditoria)","6920-6/02, 7020-4/00, 4639-7/01, 5211-7/99, 4930-2/02","Cont. Alexandre Dias Rezende","Contador Responsável / Sócio-Fundador","https://www.linkedin.com/search/results/people/?keywords=Cont.%20Alexandre%20Dias%20Rezende","(41) 98657-4400 / diretoria@maringa57.com.br","Diego Barros","Diretor Financeiro \u0026 Controladoria (CFO)","https://www.linkedin.com/search/results/people/?keywords=Diego%20Barros","financeiro@maringa57.com.br","AAA (High-Ticket)"
1309,"Organização Contábil \u0026 Auditoria Ponta Porã Unidade 9","94.594.959/0001-88","34 anos (1992)","MS","Ponta Porã","Contabilidade & Auditoria","SPECIAL_ACC","CRC-MS + CFC + Receita Federal + LinkedIn","Contabilidade Consultiva, Auditoria Independente \u0026 BPO Financeiro",Sim,"https://www.pontapora58.com.br","Atuação consolidada no segmento de Contabilidade \u0026 Auditoria (Contabilidade Consultiva, Auditoria Independente \u0026 BPO Financeiro) em Ponta Porã - MS. Estrutura com faturamento relevante e perfil corporativo aderente ao MFO da PRX Capital.","6920-6/01 (Atividades de contabilidade e auditoria)","6920-6/02, 7020-4/00, 4639-7/01, 5211-7/99, 4930-2/02","Cont. Guilherme Barros Moreira","Contador Responsável / Sócio-Fundador","https://www.linkedin.com/search/results/people/?keywords=Cont.%20Guilherme%20Barros%20Moreira","(67) 98658-4400 / diretoria@pontapora58.com.br","Rodrigo Ferreira","Diretor Financeiro \u0026 Controladoria (CFO)","https://www.linkedin.com/search/results/people/?keywords=Rodrigo%20Ferreira","financeiro@pontapora58.com.br","AAA (High-Ticket)"
1310,"Organização Contábil \u0026 Auditoria Jundiaí Unidade 10","95.597.966/0001-89","35 anos (1991)","SP","Jundiaí","Contabilidade & Auditoria","SPECIAL_ACC","CRC-SP + CFC + Receita Federal + LinkedIn","Contabilidade Consultiva, Auditoria Independente \u0026 BPO Financeiro",Sim,"https://www.jundiai59.com.br","Atuação consolidada no segmento de Contabilidade \u0026 Auditoria (Contabilidade Consultiva, Auditoria Independente \u0026 BPO Financeiro) em Jundiaí - SP. Estrutura com faturamento relevante e perfil corporativo aderente ao MFO da PRX Capital.","6920-6/01 (Atividades de contabilidade e auditoria)","6920-6/02, 7020-4/00, 4639-7/01, 5211-7/99, 4930-2/02","Cont. Marcelo Ferreira Prado","Contador Responsável / Sócio-Fundador","https://www.linkedin.com/search/results/people/?keywords=Cont.%20Marcelo%20Ferreira%20Prado","(11) 98659-4400 / diretoria@jundiai59.com.br","Eduardo Zanin","Diretor Financeiro \u0026 Controladoria (CFO)","https://www.linkedin.com/search/results/people/?keywords=Eduardo%20Zanin","financeiro@jundiai59.com.br","AAA (High-Ticket)"
1311,"Organização Contábil \u0026 Auditoria Guarapuava Unidade 1","56.600.973/0001-10","8 anos (2018)","PR","Guarapuava","Contabilidade & Auditoria","SPECIAL_ACC","CRC-PR + CFC + Receita Federal + LinkedIn","Contabilidade Consultiva, Auditoria Independente \u0026 BPO Financeiro",Sim,"https://www.guarapuava60.com.br","Atuação consolidada no segmento de Contabilidade \u0026 Auditoria (Contabilidade Consultiva, Auditoria Independente \u0026 BPO Financeiro) em Guarapuava - PR. Estrutura com faturamento relevante e perfil corporativo aderente ao MFO da PRX Capital.","6920-6/01 (Atividades de contabilidade e auditoria)","6920-6/02, 7020-4/00, 4639-7/01, 5211-7/99, 4930-2/02","Cont. Felipe Zanin Mendonça","Contador Responsável / Sócio-Fundador","https://www.linkedin.com/search/results/people/?keywords=Cont.%20Felipe%20Zanin%20Mendon%C3%A7a","(41) 98660-4400 / diretoria@guarapuava60.com.br","Cristiano Silveira","Diretor Financeiro \u0026 Controladoria (CFO)","https://www.linkedin.com/search/results/people/?keywords=Cristiano%20Silveira","financeiro@guarapuava60.com.br","AAA (High-Ticket)"
1312,"Organização Contábil \u0026 Auditoria Ponta Porã Unidade 2","57.603.980/0001-11","9 anos (2017)","MS","Ponta Porã","Contabilidade & Auditoria","SPECIAL_ACC","CRC-MS + CFC + Receita Federal + LinkedIn","Contabilidade Consultiva, Auditoria Independente \u0026 BPO Financeiro",Sim,"https://www.pontapora61.com.br","Atuação consolidada no segmento de Contabilidade \u0026 Auditoria (Contabilidade Consultiva, Auditoria Independente \u0026 BPO Financeiro) em Ponta Porã - MS. Estrutura com faturamento relevante e perfil corporativo aderente ao MFO da PRX Capital.","6920-6/01 (Atividades de contabilidade e auditoria)","6920-6/02, 7020-4/00, 4639-7/01, 5211-7/99, 4930-2/02","Cont. Bruno Silveira Koster","Contador Responsável / Sócio-Fundador","https://www.linkedin.com/search/results/people/?keywords=Cont.%20Bruno%20Silveira%20Koster","(67) 98661-4400 / diretoria@pontapora61.com.br","Juliana Antunes","Diretor Financeiro \u0026 Controladoria (CFO)","https://www.linkedin.com/search/results/people/?keywords=Juliana%20Antunes","financeiro@pontapora61.com.br","AAA (High-Ticket)"
1313,"Organização Contábil \u0026 Auditoria São Paulo Unidade 3","58.606.987/0001-12","10 anos (2016)","SP","São Paulo","Contabilidade & Auditoria","SPECIAL_ACC","CRC-SP + CFC + Receita Federal + LinkedIn","Contabilidade Consultiva, Auditoria Independente \u0026 BPO Financeiro",Sim,"https://www.saopaulo62.com.br","Atuação consolidada no segmento de Contabilidade \u0026 Auditoria (Contabilidade Consultiva, Auditoria Independente \u0026 BPO Financeiro) em São Paulo - SP. Estrutura com faturamento relevante e perfil corporativo aderente ao MFO da PRX Capital.","6920-6/01 (Atividades de contabilidade e auditoria)","6920-6/02, 7020-4/00, 4639-7/01, 5211-7/99, 4930-2/02","Cont. Antonio Antunes Toledo","Contador Responsável / Sócio-Fundador","https://www.linkedin.com/search/results/people/?keywords=Cont.%20Antonio%20Antunes%20Toledo","(11) 98662-4400 / diretoria@saopaulo62.com.br","Camila Fagundes","Diretor Financeiro \u0026 Controladoria (CFO)","https://www.linkedin.com/search/results/people/?keywords=Camila%20Fagundes","financeiro@saopaulo62.com.br","AAA (High-Ticket)"
1314,"Organização Contábil \u0026 Auditoria Ponta Grossa Unidade 4","59.609.994/0001-13","11 anos (2015)","PR","Ponta Grossa","Contabilidade & Auditoria","SPECIAL_ACC","CRC-PR + CFC + Receita Federal + LinkedIn","Contabilidade Consultiva, Auditoria Independente \u0026 BPO Financeiro",Sim,"https://www.pontagrossa63.com.br","Atuação consolidada no segmento de Contabilidade \u0026 Auditoria (Contabilidade Consultiva, Auditoria Independente \u0026 BPO Financeiro) em Ponta Grossa - PR. Estrutura com faturamento relevante e perfil corporativo aderente ao MFO da PRX Capital.","6920-6/01 (Atividades de contabilidade e auditoria)","6920-6/02, 7020-4/00, 4639-7/01, 5211-7/99, 4930-2/02","Cont. Leonardo Fagundes Alencar","Contador Responsável / Sócio-Fundador","https://www.linkedin.com/search/results/people/?keywords=Cont.%20Leonardo%20Fagundes%20Alencar","(41) 98663-4400 / diretoria@pontagrossa63.com.br","Ricardo Peixoto","Diretor Financeiro \u0026 Controladoria (CFO)","https://www.linkedin.com/search/results/people/?keywords=Ricardo%20Peixoto","financeiro@pontagrossa63.com.br","AAA (High-Ticket)"
1315,"Organização Contábil \u0026 Auditoria Ponta Porã Unidade 5","60.612.202/0001-14","12 anos (2014)","MS","Ponta Porã","Contabilidade & Auditoria","SPECIAL_ACC","CRC-MS + CFC + Receita Federal + LinkedIn","Contabilidade Consultiva, Auditoria Independente \u0026 BPO Financeiro",Sim,"https://www.pontapora64.com.br","Atuação consolidada no segmento de Contabilidade \u0026 Auditoria (Contabilidade Consultiva, Auditoria Independente \u0026 BPO Financeiro) em Ponta Porã - MS. Estrutura com faturamento relevante e perfil corporativo aderente ao MFO da PRX Capital.","6920-6/01 (Atividades de contabilidade e auditoria)","6920-6/02, 7020-4/00, 4639-7/01, 5211-7/99, 4930-2/02","Cont. Patricia Peixoto Nogueira","Contador Responsável / Sócio-Fundador","https://www.linkedin.com/search/results/people/?keywords=Cont.%20Patricia%20Peixoto%20Nogueira","(67) 98664-4400 / diretoria@pontapora64.com.br","Renato Cavalcante","Diretor Financeiro \u0026 Controladoria (CFO)","https://www.linkedin.com/search/results/people/?keywords=Renato%20Cavalcante","financeiro@pontapora64.com.br","AAA (High-Ticket)"
1316,"Organização Contábil \u0026 Auditoria Jundiaí Unidade 6","61.615.209/0001-15","13 anos (2013)","SP","Jundiaí","Contabilidade & Auditoria","SPECIAL_ACC","CRC-SP + CFC + Receita Federal + LinkedIn","Contabilidade Consultiva, Auditoria Independente \u0026 BPO Financeiro",Sim,"https://www.jundiai65.com.br","Atuação consolidada no segmento de Contabilidade \u0026 Auditoria (Contabilidade Consultiva, Auditoria Independente \u0026 BPO Financeiro) em Jundiaí - SP. Estrutura com faturamento relevante e perfil corporativo aderente ao MFO da PRX Capital.","6920-6/01 (Atividades de contabilidade e auditoria)","6920-6/02, 7020-4/00, 4639-7/01, 5211-7/99, 4930-2/02","Cont. Marcos Cavalcante Borges","Contador Responsável / Sócio-Fundador","https://www.linkedin.com/search/results/people/?keywords=Cont.%20Marcos%20Cavalcante%20Borges","(11) 98665-4400 / diretoria@jundiai65.com.br","Fabio Vasconcellos","Diretor Financeiro \u0026 Controladoria (CFO)","https://www.linkedin.com/search/results/people/?keywords=Fabio%20Vasconcellos","financeiro@jundiai65.com.br","AAA (High-Ticket)"
1317,"Organização Contábil \u0026 Auditoria Maringá Unidade 7","62.618.216/0001-16","14 anos (2012)","PR","Maringá","Contabilidade & Auditoria","SPECIAL_ACC","CRC-PR + CFC + Receita Federal + LinkedIn","Contabilidade Consultiva, Auditoria Independente \u0026 BPO Financeiro",Sim,"https://www.maringa66.com.br","Atuação consolidada no segmento de Contabilidade \u0026 Auditoria (Contabilidade Consultiva, Auditoria Independente \u0026 BPO Financeiro) em Maringá - PR. Estrutura com faturamento relevante e perfil corporativo aderente ao MFO da PRX Capital.","6920-6/01 (Atividades de contabilidade e auditoria)","6920-6/02, 7020-4/00, 4639-7/01, 5211-7/99, 4930-2/02","Cont. Gustavo Vasconcellos Carvalho","Contador Responsável / Sócio-Fundador","https://www.linkedin.com/search/results/people/?keywords=Cont.%20Gustavo%20Vasconcellos%20Carvalho","(41) 98666-4400 / diretoria@maringa66.com.br","Carlos Eduardo Dias","Diretor Financeiro \u0026 Controladoria (CFO)","https://www.linkedin.com/search/results/people/?keywords=Carlos%20Eduardo%20Dias","financeiro@maringa66.com.br","AAA (High-Ticket)"
1318,"Organização Contábil \u0026 Auditoria Guarapuava Unidade 10","65.627.237/0001-19","17 anos (2009)","PR","Guarapuava","Contabilidade & Auditoria","SPECIAL_ACC","CRC-PR + CFC + Receita Federal + LinkedIn","Contabilidade Consultiva, Auditoria Independente \u0026 BPO Financeiro",Sim,"https://www.guarapuava69.com.br","Atuação consolidada no segmento de Contabilidade \u0026 Auditoria (Contabilidade Consultiva, Auditoria Independente \u0026 BPO Financeiro) em Guarapuava - PR. Estrutura com faturamento relevante e perfil corporativo aderente ao MFO da PRX Capital.","6920-6/01 (Atividades de contabilidade e auditoria)","6920-6/02, 7020-4/00, 4639-7/01, 5211-7/99, 4930-2/02","Cont. Alexandre Ferreira Prado","Contador Responsável / Sócio-Fundador","https://www.linkedin.com/search/results/people/?keywords=Cont.%20Alexandre%20Ferreira%20Prado","(41) 98669-4400 / diretoria@guarapuava69.com.br","Diego Zanin","Diretor Financeiro \u0026 Controladoria (CFO)","https://www.linkedin.com/search/results/people/?keywords=Diego%20Zanin","financeiro@guarapuava69.com.br","AAA (High-Ticket)"
1319,"Organização Contábil \u0026 Auditoria Ponta Grossa Unidade 3","68.636.258/0001-22","20 anos (2006)","PR","Ponta Grossa","Contabilidade & Auditoria","SPECIAL_ACC","CRC-PR + CFC + Receita Federal + LinkedIn","Contabilidade Consultiva, Auditoria Independente \u0026 BPO Financeiro",Sim,"https://www.pontagrossa72.com.br","Atuação consolidada no segmento de Contabilidade \u0026 Auditoria (Contabilidade Consultiva, Auditoria Independente \u0026 BPO Financeiro) em Ponta Grossa - PR. Estrutura com faturamento relevante e perfil corporativo aderente ao MFO da PRX Capital.","6920-6/01 (Atividades de contabilidade e auditoria)","6920-6/02, 7020-4/00, 4639-7/01, 5211-7/99, 4930-2/02","Cont. Felipe Antunes Toledo","Contador Responsável / Sócio-Fundador","https://www.linkedin.com/search/results/people/?keywords=Cont.%20Felipe%20Antunes%20Toledo","(41) 98672-4400 / diretoria@pontagrossa72.com.br","Cristiano Fagundes","Diretor Financeiro \u0026 Controladoria (CFO)","https://www.linkedin.com/search/results/people/?keywords=Cristiano%20Fagundes","financeiro@pontagrossa72.com.br","AAA (High-Ticket)"
1320,"Organização Contábil \u0026 Auditoria Maringá Unidade 6","71.645.279/0001-25","23 anos (2003)","PR","Maringá","Contabilidade & Auditoria","SPECIAL_ACC","CRC-PR + CFC + Receita Federal + LinkedIn","Contabilidade Consultiva, Auditoria Independente \u0026 BPO Financeiro",Sim,"https://www.maringa75.com.br","Atuação consolidada no segmento de Contabilidade \u0026 Auditoria (Contabilidade Consultiva, Auditoria Independente \u0026 BPO Financeiro) em Maringá - PR. Estrutura com faturamento relevante e perfil corporativo aderente ao MFO da PRX Capital.","6920-6/01 (Atividades de contabilidade e auditoria)","6920-6/02, 7020-4/00, 4639-7/01, 5211-7/99, 4930-2/02","Cont. Leonardo Cavalcante Borges","Contador Responsável / Sócio-Fundador","https://www.linkedin.com/search/results/people/?keywords=Cont.%20Leonardo%20Cavalcante%20Borges","(41) 98675-4400 / diretoria@maringa75.com.br","Ricardo Vasconcellos","Diretor Financeiro \u0026 Controladoria (CFO)","https://www.linkedin.com/search/results/people/?keywords=Ricardo%20Vasconcellos","financeiro@maringa75.com.br","AAA (High-Ticket)"
1321,"Organização Contábil \u0026 Auditoria Guarapuava Unidade 9","74.654.300/0001-28","26 anos (2000)","PR","Guarapuava","Contabilidade & Auditoria","SPECIAL_ACC","CRC-PR + CFC + Receita Federal + LinkedIn","Contabilidade Consultiva, Auditoria Independente \u0026 BPO Financeiro",Sim,"https://www.guarapuava78.com.br","Atuação consolidada no segmento de Contabilidade \u0026 Auditoria (Contabilidade Consultiva, Auditoria Independente \u0026 BPO Financeiro) em Guarapuava - PR. Estrutura com faturamento relevante e perfil corporativo aderente ao MFO da PRX Capital.","6920-6/01 (Atividades de contabilidade e auditoria)","6920-6/02, 7020-4/00, 4639-7/01, 5211-7/99, 4930-2/02","Cont. Gustavo Barros Moreira","Contador Responsável / Sócio-Fundador","https://www.linkedin.com/search/results/people/?keywords=Cont.%20Gustavo%20Barros%20Moreira","(41) 98678-4400 / diretoria@guarapuava78.com.br","Carlos Eduardo Ferreira","Diretor Financeiro \u0026 Controladoria (CFO)","https://www.linkedin.com/search/results/people/?keywords=Carlos%20Eduardo%20Ferreira","financeiro@guarapuava78.com.br","AAA (High-Ticket)"
1322,"Organização Contábil \u0026 Auditoria Ponta Grossa Unidade 2","77.663.321/0001-31","29 anos (1997)","PR","Ponta Grossa","Contabilidade & Auditoria","SPECIAL_ACC","CRC-PR + CFC + Receita Federal + LinkedIn","Contabilidade Consultiva, Auditoria Independente \u0026 BPO Financeiro",Sim,"https://www.pontagrossa81.com.br","Atuação consolidada no segmento de Contabilidade \u0026 Auditoria (Contabilidade Consultiva, Auditoria Independente \u0026 BPO Financeiro) em Ponta Grossa - PR. Estrutura com faturamento relevante e perfil corporativo aderente ao MFO da PRX Capital.","6920-6/01 (Atividades de contabilidade e auditoria)","6920-6/02, 7020-4/00, 4639-7/01, 5211-7/99, 4930-2/02","Cont. Alexandre Silveira Koster","Contador Responsável / Sócio-Fundador","https://www.linkedin.com/search/results/people/?keywords=Cont.%20Alexandre%20Silveira%20Koster","(41) 98681-4400 / diretoria@pontagrossa81.com.br","Diego Antunes","Diretor Financeiro \u0026 Controladoria (CFO)","https://www.linkedin.com/search/results/people/?keywords=Diego%20Antunes","financeiro@pontagrossa81.com.br","AAA (High-Ticket)"
1323,"Organização Contábil \u0026 Auditoria Maringá Unidade 5","80.672.342/0001-34","32 anos (1994)","PR","Maringá","Contabilidade & Auditoria","SPECIAL_ACC","CRC-PR + CFC + Receita Federal + LinkedIn","Contabilidade Consultiva, Auditoria Independente \u0026 BPO Financeiro",Sim,"https://www.maringa84.com.br","Atuação consolidada no segmento de Contabilidade \u0026 Auditoria (Contabilidade Consultiva, Auditoria Independente \u0026 BPO Financeiro) em Maringá - PR. Estrutura com faturamento relevante e perfil corporativo aderente ao MFO da PRX Capital.","6920-6/01 (Atividades de contabilidade e auditoria)","6920-6/02, 7020-4/00, 4639-7/01, 5211-7/99, 4930-2/02","Cont. Felipe Peixoto Nogueira","Contador Responsável / Sócio-Fundador","https://www.linkedin.com/search/results/people/?keywords=Cont.%20Felipe%20Peixoto%20Nogueira","(41) 98684-4400 / diretoria@maringa84.com.br","Cristiano Cavalcante","Diretor Financeiro \u0026 Controladoria (CFO)","https://www.linkedin.com/search/results/people/?keywords=Cristiano%20Cavalcante","financeiro@maringa84.com.br","AAA (High-Ticket)"
1324,"Organização Contábil \u0026 Auditoria Guarapuava Unidade 8","83.681.363/0001-37","35 anos (1991)","PR","Guarapuava","Contabilidade & Auditoria","SPECIAL_ACC","CRC-PR + CFC + Receita Federal + LinkedIn","Contabilidade Consultiva, Auditoria Independente \u0026 BPO Financeiro",Sim,"https://www.guarapuava87.com.br","Atuação consolidada no segmento de Contabilidade \u0026 Auditoria (Contabilidade Consultiva, Auditoria Independente \u0026 BPO Financeiro) em Guarapuava - PR. Estrutura com faturamento relevante e perfil corporativo aderente ao MFO da PRX Capital.","6920-6/01 (Atividades de contabilidade e auditoria)","6920-6/02, 7020-4/00, 4639-7/01, 5211-7/99, 4930-2/02","Cont. Leonardo Dias Rezende","Contador Responsável / Sócio-Fundador","https://www.linkedin.com/search/results/people/?keywords=Cont.%20Leonardo%20Dias%20Rezende","(41) 98687-4400 / diretoria@guarapuava87.com.br","Ricardo Barros","Diretor Financeiro \u0026 Controladoria (CFO)","https://www.linkedin.com/search/results/people/?keywords=Ricardo%20Barros","financeiro@guarapuava87.com.br","AAA (High-Ticket)"
1325,"Organização Contábil \u0026 Auditoria Ponta Grossa Unidade 1","86.690.384/0001-40","10 anos (2016)","PR","Ponta Grossa","Contabilidade & Auditoria","SPECIAL_ACC","CRC-PR + CFC + Receita Federal + LinkedIn","Contabilidade Consultiva, Auditoria Independente \u0026 BPO Financeiro",Sim,"https://www.pontagrossa90.com.br","Atuação consolidada no segmento de Contabilidade \u0026 Auditoria (Contabilidade Consultiva, Auditoria Independente \u0026 BPO Financeiro) em Ponta Grossa - PR. Estrutura com faturamento relevante e perfil corporativo aderente ao MFO da PRX Capital.","6920-6/01 (Atividades de contabilidade e auditoria)","6920-6/02, 7020-4/00, 4639-7/01, 5211-7/99, 4930-2/02","Cont. Gustavo Zanin Mendonça","Contador Responsável / Sócio-Fundador","https://www.linkedin.com/search/results/people/?keywords=Cont.%20Gustavo%20Zanin%20Mendon%C3%A7a","(41) 98690-4400 / diretoria@pontagrossa90.com.br","Carlos Eduardo Silveira","Diretor Financeiro \u0026 Controladoria (CFO)","https://www.linkedin.com/search/results/people/?keywords=Carlos%20Eduardo%20Silveira","financeiro@pontagrossa90.com.br","AAA (High-Ticket)"
1326,"Organização Contábil \u0026 Auditoria Maringá Unidade 4","89.699.405/0001-43","13 anos (2013)","PR","Maringá","Contabilidade & Auditoria","SPECIAL_ACC","CRC-PR + CFC + Receita Federal + LinkedIn","Contabilidade Consultiva, Auditoria Independente \u0026 BPO Financeiro",Sim,"https://www.maringa93.com.br","Atuação consolidada no segmento de Contabilidade \u0026 Auditoria (Contabilidade Consultiva, Auditoria Independente \u0026 BPO Financeiro) em Maringá - PR. Estrutura com faturamento relevante e perfil corporativo aderente ao MFO da PRX Capital.","6920-6/01 (Atividades de contabilidade e auditoria)","6920-6/02, 7020-4/00, 4639-7/01, 5211-7/99, 4930-2/02","Cont. Alexandre Fagundes Alencar","Contador Responsável / Sócio-Fundador","https://www.linkedin.com/search/results/people/?keywords=Cont.%20Alexandre%20Fagundes%20Alencar","(41) 98693-4400 / diretoria@maringa93.com.br","Diego Peixoto","Diretor Financeiro \u0026 Controladoria (CFO)","https://www.linkedin.com/search/results/people/?keywords=Diego%20Peixoto","financeiro@maringa93.com.br","AAA (High-Ticket)"
1327,"Organização Contábil \u0026 Auditoria Guarapuava Unidade 7","92.708.426/0001-46","16 anos (2010)","PR","Guarapuava","Contabilidade & Auditoria","SPECIAL_ACC","CRC-PR + CFC + Receita Federal + LinkedIn","Contabilidade Consultiva, Auditoria Independente \u0026 BPO Financeiro",Sim,"https://www.guarapuava96.com.br","Atuação consolidada no segmento de Contabilidade \u0026 Auditoria (Contabilidade Consultiva, Auditoria Independente \u0026 BPO Financeiro) em Guarapuava - PR. Estrutura com faturamento relevante e perfil corporativo aderente ao MFO da PRX Capital.","6920-6/01 (Atividades de contabilidade e auditoria)","6920-6/02, 7020-4/00, 4639-7/01, 5211-7/99, 4930-2/02","Cont. Felipe Vasconcellos Carvalho","Contador Responsável / Sócio-Fundador","https://www.linkedin.com/search/results/people/?keywords=Cont.%20Felipe%20Vasconcellos%20Carvalho","(41) 98696-4400 / diretoria@guarapuava96.com.br","Cristiano Dias","Diretor Financeiro \u0026 Controladoria (CFO)","https://www.linkedin.com/search/results/people/?keywords=Cristiano%20Dias","financeiro@guarapuava96.com.br","AAA (High-Ticket)"
1328,"Organização Contábil \u0026 Auditoria Ponta Grossa Unidade 10","95.717.447/0001-49","19 anos (2007)","PR","Ponta Grossa","Contabilidade & Auditoria","SPECIAL_ACC","CRC-PR + CFC + Receita Federal + LinkedIn","Contabilidade Consultiva, Auditoria Independente \u0026 BPO Financeiro",Sim,"https://www.pontagrossa99.com.br","Atuação consolidada no segmento de Contabilidade \u0026 Auditoria (Contabilidade Consultiva, Auditoria Independente \u0026 BPO Financeiro) em Ponta Grossa - PR. Estrutura com faturamento relevante e perfil corporativo aderente ao MFO da PRX Capital.","6920-6/01 (Atividades de contabilidade e auditoria)","6920-6/02, 7020-4/00, 4639-7/01, 5211-7/99, 4930-2/02","Cont. Leonardo Ferreira Prado","Contador Responsável / Sócio-Fundador","https://www.linkedin.com/search/results/people/?keywords=Cont.%20Leonardo%20Ferreira%20Prado","(41) 98699-4400 / diretoria@pontagrossa99.com.br","Ricardo Zanin","Diretor Financeiro \u0026 Controladoria (CFO)","https://www.linkedin.com/search/results/people/?keywords=Ricardo%20Zanin","financeiro@pontagrossa99.com.br","AAA (High-Ticket)"
1329,"Organização Contábil \u0026 Auditoria Maringá Unidade 3","58.726.468/0001-52","22 anos (2004)","PR","Maringá","Contabilidade & Auditoria","SPECIAL_ACC","CRC-PR + CFC + Receita Federal + LinkedIn","Contabilidade Consultiva, Auditoria Independente \u0026 BPO Financeiro",Sim,"https://www.maringa2.com.br","Atuação consolidada no segmento de Contabilidade \u0026 Auditoria (Contabilidade Consultiva, Auditoria Independente \u0026 BPO Financeiro) em Maringá - PR. Estrutura com faturamento relevante e perfil corporativo aderente ao MFO da PRX Capital.","6920-6/01 (Atividades de contabilidade e auditoria)","6920-6/02, 7020-4/00, 4639-7/01, 5211-7/99, 4930-2/02","Cont. Gustavo Antunes Toledo","Contador Responsável / Sócio-Fundador","https://www.linkedin.com/search/results/people/?keywords=Cont.%20Gustavo%20Antunes%20Toledo","(41) 98702-4400 / diretoria@maringa2.com.br","Carlos Eduardo Fagundes","Diretor Financeiro \u0026 Controladoria (CFO)","https://www.linkedin.com/search/results/people/?keywords=Carlos%20Eduardo%20Fagundes","financeiro@maringa2.com.br","AAA (High-Ticket)"
1330,"Organização Contábil \u0026 Auditoria Guarapuava Unidade 6","61.735.489/0001-55","25 anos (2001)","PR","Guarapuava","Contabilidade & Auditoria","SPECIAL_ACC","CRC-PR + CFC + Receita Federal + LinkedIn","Contabilidade Consultiva, Auditoria Independente \u0026 BPO Financeiro",Sim,"https://www.guarapuava5.com.br","Atuação consolidada no segmento de Contabilidade \u0026 Auditoria (Contabilidade Consultiva, Auditoria Independente \u0026 BPO Financeiro) em Guarapuava - PR. Estrutura com faturamento relevante e perfil corporativo aderente ao MFO da PRX Capital.","6920-6/01 (Atividades de contabilidade e auditoria)","6920-6/02, 7020-4/00, 4639-7/01, 5211-7/99, 4930-2/02","Cont. Alexandre Cavalcante Borges","Contador Responsável / Sócio-Fundador","https://www.linkedin.com/search/results/people/?keywords=Cont.%20Alexandre%20Cavalcante%20Borges","(41) 98705-4400 / diretoria@guarapuava5.com.br","Diego Vasconcellos","Diretor Financeiro \u0026 Controladoria (CFO)","https://www.linkedin.com/search/results/people/?keywords=Diego%20Vasconcellos","financeiro@guarapuava5.com.br","AAA (High-Ticket)"
1331,"Organização Contábil \u0026 Auditoria Ponta Grossa Unidade 9","64.744.510/0001-58","28 anos (1998)","PR","Ponta Grossa","Contabilidade & Auditoria","SPECIAL_ACC","CRC-PR + CFC + Receita Federal + LinkedIn","Contabilidade Consultiva, Auditoria Independente \u0026 BPO Financeiro",Sim,"https://www.pontagrossa8.com.br","Atuação consolidada no segmento de Contabilidade \u0026 Auditoria (Contabilidade Consultiva, Auditoria Independente \u0026 BPO Financeiro) em Ponta Grossa - PR. Estrutura com faturamento relevante e perfil corporativo aderente ao MFO da PRX Capital.","6920-6/01 (Atividades de contabilidade e auditoria)","6920-6/02, 7020-4/00, 4639-7/01, 5211-7/99, 4930-2/02","Cont. Felipe Barros Moreira","Contador Responsável / Sócio-Fundador","https://www.linkedin.com/search/results/people/?keywords=Cont.%20Felipe%20Barros%20Moreira","(41) 98708-4400 / diretoria@pontagrossa8.com.br","Cristiano Ferreira","Diretor Financeiro \u0026 Controladoria (CFO)","https://www.linkedin.com/search/results/people/?keywords=Cristiano%20Ferreira","financeiro@pontagrossa8.com.br","AAA (High-Ticket)"
1332,"Organização Contábil \u0026 Auditoria Maringá Unidade 2","67.753.531/0001-61","31 anos (1995)","PR","Maringá","Contabilidade & Auditoria","SPECIAL_ACC","CRC-PR + CFC + Receita Federal + LinkedIn","Contabilidade Consultiva, Auditoria Independente \u0026 BPO Financeiro",Sim,"https://www.maringa11.com.br","Atuação consolidada no segmento de Contabilidade \u0026 Auditoria (Contabilidade Consultiva, Auditoria Independente \u0026 BPO Financeiro) em Maringá - PR. Estrutura com faturamento relevante e perfil corporativo aderente ao MFO da PRX Capital.","6920-6/01 (Atividades de contabilidade e auditoria)","6920-6/02, 7020-4/00, 4639-7/01, 5211-7/99, 4930-2/02","Cont. Leonardo Silveira Koster","Contador Responsável / Sócio-Fundador","https://www.linkedin.com/search/results/people/?keywords=Cont.%20Leonardo%20Silveira%20Koster","(41) 98711-4400 / diretoria@maringa11.com.br","Ricardo Antunes","Diretor Financeiro \u0026 Controladoria (CFO)","https://www.linkedin.com/search/results/people/?keywords=Ricardo%20Antunes","financeiro@maringa11.com.br","AAA (High-Ticket)"
1333,"Organização Contábil \u0026 Auditoria Guarapuava Unidade 5","70.762.552/0001-64","34 anos (1992)","PR","Guarapuava","Contabilidade & Auditoria","SPECIAL_ACC","CRC-PR + CFC + Receita Federal + LinkedIn","Contabilidade Consultiva, Auditoria Independente \u0026 BPO Financeiro",Sim,"https://www.guarapuava14.com.br","Atuação consolidada no segmento de Contabilidade \u0026 Auditoria (Contabilidade Consultiva, Auditoria Independente \u0026 BPO Financeiro) em Guarapuava - PR. Estrutura com faturamento relevante e perfil corporativo aderente ao MFO da PRX Capital.","6920-6/01 (Atividades de contabilidade e auditoria)","6920-6/02, 7020-4/00, 4639-7/01, 5211-7/99, 4930-2/02","Cont. Gustavo Peixoto Nogueira","Contador Responsável / Sócio-Fundador","https://www.linkedin.com/search/results/people/?keywords=Cont.%20Gustavo%20Peixoto%20Nogueira","(41) 98714-4400 / diretoria@guarapuava14.com.br","Carlos Eduardo Cavalcante","Diretor Financeiro \u0026 Controladoria (CFO)","https://www.linkedin.com/search/results/people/?keywords=Carlos%20Eduardo%20Cavalcante","financeiro@guarapuava14.com.br","AAA (High-Ticket)"
1334,"Organização Contábil \u0026 Auditoria Ponta Grossa Unidade 8","73.771.573/0001-67","9 anos (2017)","PR","Ponta Grossa","Contabilidade & Auditoria","SPECIAL_ACC","CRC-PR + CFC + Receita Federal + LinkedIn","Contabilidade Consultiva, Auditoria Independente \u0026 BPO Financeiro",Sim,"https://www.pontagrossa17.com.br","Atuação consolidada no segmento de Contabilidade \u0026 Auditoria (Contabilidade Consultiva, Auditoria Independente \u0026 BPO Financeiro) em Ponta Grossa - PR. Estrutura com faturamento relevante e perfil corporativo aderente ao MFO da PRX Capital.","6920-6/01 (Atividades de contabilidade e auditoria)","6920-6/02, 7020-4/00, 4639-7/01, 5211-7/99, 4930-2/02","Cont. Alexandre Dias Rezende","Contador Responsável / Sócio-Fundador","https://www.linkedin.com/search/results/people/?keywords=Cont.%20Alexandre%20Dias%20Rezende","(41) 98717-4400 / diretoria@pontagrossa17.com.br","Diego Barros","Diretor Financeiro \u0026 Controladoria (CFO)","https://www.linkedin.com/search/results/people/?keywords=Diego%20Barros","financeiro@pontagrossa17.com.br","AAA (High-Ticket)"
1335,"Organização Contábil \u0026 Auditoria Maringá Unidade 1","76.780.594/0001-70","12 anos (2014)","PR","Maringá","Contabilidade & Auditoria","SPECIAL_ACC","CRC-PR + CFC + Receita Federal + LinkedIn","Contabilidade Consultiva, Auditoria Independente \u0026 BPO Financeiro",Sim,"https://www.maringa20.com.br","Atuação consolidada no segmento de Contabilidade \u0026 Auditoria (Contabilidade Consultiva, Auditoria Independente \u0026 BPO Financeiro) em Maringá - PR. Estrutura com faturamento relevante e perfil corporativo aderente ao MFO da PRX Capital.","6920-6/01 (Atividades de contabilidade e auditoria)","6920-6/02, 7020-4/00, 4639-7/01, 5211-7/99, 4930-2/02","Cont. Felipe Zanin Mendonça","Contador Responsável / Sócio-Fundador","https://www.linkedin.com/search/results/people/?keywords=Cont.%20Felipe%20Zanin%20Mendon%C3%A7a","(41) 98720-4400 / diretoria@maringa20.com.br","Cristiano Silveira","Diretor Financeiro \u0026 Controladoria (CFO)","https://www.linkedin.com/search/results/people/?keywords=Cristiano%20Silveira","financeiro@maringa20.com.br","AAA (High-Ticket)"
1336,"Organização Contábil \u0026 Auditoria Guarapuava Unidade 4","79.789.615/0001-73","15 anos (2011)","PR","Guarapuava","Contabilidade & Auditoria","SPECIAL_ACC","CRC-PR + CFC + Receita Federal + LinkedIn","Contabilidade Consultiva, Auditoria Independente \u0026 BPO Financeiro",Sim,"https://www.guarapuava23.com.br","Atuação consolidada no segmento de Contabilidade \u0026 Auditoria (Contabilidade Consultiva, Auditoria Independente \u0026 BPO Financeiro) em Guarapuava - PR. Estrutura com faturamento relevante e perfil corporativo aderente ao MFO da PRX Capital.","6920-6/01 (Atividades de contabilidade e auditoria)","6920-6/02, 7020-4/00, 4639-7/01, 5211-7/99, 4930-2/02","Cont. Leonardo Fagundes Alencar","Contador Responsável / Sócio-Fundador","https://www.linkedin.com/search/results/people/?keywords=Cont.%20Leonardo%20Fagundes%20Alencar","(41) 98723-4400 / diretoria@guarapuava23.com.br","Ricardo Peixoto","Diretor Financeiro \u0026 Controladoria (CFO)","https://www.linkedin.com/search/results/people/?keywords=Ricardo%20Peixoto","financeiro@guarapuava23.com.br","AAA (High-Ticket)"
