ID,Empresa,CNPJ,Idade,UF,Cidade,Segmento,Cor_Segmento,Fonte_Dados,Setor,Tem_Site,Site,Descricao,CNAE_Principal,CNAE_Secundarios,Decisor_1_Nome,Decisor_1_Cargo,Decisor_1_LinkedIn,Decisor_1_Contato,Decisor_2_Nome,Decisor_2_Cargo,Decisor_2_LinkedIn,Decisor_2_Contato,Score_PRX
2101,"AgroExport Santos 1 S/A","97.531.847/0001-60","32 anos (1994)","SP","Santos","Exportadoras","RED","SECEX / SISCOMEX + Receita Federal + LinkedIn","Exportação de Grãos, Soja e Milho",Sim,"https://www.agroexportsantos1sa.com.br","Operação consolidada em Exportação de Grãos, Soja e Milho com embarques internacionais regulares a partir de Santos - SP. Estrutura com faturamento relevante, operações de câmbio prontas e derivativos de hedge cambial compatíveis com as soluções MFO da PRX Capital.","4619-2/00 (Representantes comerciais e agentes do comércio de mercadorias em geral)","4622-2/00, 4632-0/01, 5211-7/99, 5250-8/01, 4930-2/02","Marcelo Alves Marques","Sócio-Diretor Presidente / CEO","https://www.linkedin.com/search/results/people/?keywords=Marcelo%20Alves%20Marques%20AgroExport%20Santos%201%20S%2FA","(13) 98468-3315 / diretoria@agroexportsantos1sa.com.br","Rodrigo Mendonça Nunes","Diretor de Câmbio & Comércio Exterior (CFO)","https://www.linkedin.com/search/results/people/?keywords=Rodrigo%20Mendon%C3%A7a%20Nunes%20AgroExport%20Santos%201%20S%2FA","comex@agroexportsantos1sa.com.br / financeiro@agroexportsantos1sa.com.br","AAA (High-Ticket)"
2102,"Global Trading São Paulo 1 S/A","24.562.894/0001-73","25 anos (2001)","SP","São Paulo","Exportadoras","RED","SECEX / SISCOMEX + Receita Federal + LinkedIn","Trading de Café Especial e Commodities",Sim,"https://www.globaltradingsãopaul.com.br","Operação consolidada em Trading de Café Especial e Commodities com embarques internacionais regulares a partir de São Paulo - SP. Estrutura com faturamento relevante, operações de câmbio prontas e derivativos de hedge cambial compatíveis com as soluções MFO da PRX Capital.","4619-2/00 (Representantes comerciais e agentes do comércio de mercadorias em geral)","4622-2/00, 4632-0/01, 5211-7/99, 5250-8/01, 4930-2/02","Paulo Barbosa Carvalho","Sócio-Diretor Presidente / CEO","https://www.linkedin.com/search/results/people/?keywords=Paulo%20Barbosa%20Carvalho%20Global%20Trading%20S%C3%A3o%20Paulo%201%20S%2FA","(11) 98180-7345 / diretoria@globaltradingsãopaul.com.br","Ana Furlan Mendes","Diretor de Câmbio & Comércio Exterior (CFO)","https://www.linkedin.com/search/results/people/?keywords=Ana%20Furlan%20Mendes%20Global%20Trading%20S%C3%A3o%20Paulo%201%20S%2FA","comex@globaltradingsãopaul.com.br / financeiro@globaltradingsãopaul.com.br","AAA (High-Ticket)"
2103,"InterAgro Campinas 1 S/A","41.593.941/0001-86","37 anos (1989)","SP","Campinas","Exportadoras","RED","SECEX / SISCOMEX + Receita Federal + LinkedIn","Exportação de Carnes, Proteína Animal e Frigoríficos SIF",Sim,"https://www.interagrocampinas1sa.com.br","Operação consolidada em Exportação de Carnes, Proteína Animal e Frigoríficos SIF com embarques internacionais regulares a partir de Campinas - SP. Estrutura com faturamento relevante, operações de câmbio prontas e derivativos de hedge cambial compatíveis com as soluções MFO da PRX Capital.","4619-2/00 (Representantes comerciais e agentes do comércio de mercadorias em geral)","4622-2/00, 4632-0/01, 5211-7/99, 5250-8/01, 4930-2/02","Sergio Oliveira Zanon","Sócio-Diretor Presidente / CEO","https://www.linkedin.com/search/results/people/?keywords=Sergio%20Oliveira%20Zanon%20InterAgro%20Campinas%201%20S%2FA","(19) 98616-6247 / diretoria@interagrocampinas1sa.com.br","Otavio Teixeira Nunes","Diretor de Câmbio & Comércio Exterior (CFO)","https://www.linkedin.com/search/results/people/?keywords=Otavio%20Teixeira%20Nunes%20InterAgro%20Campinas%201%20S%2FA","comex@interagrocampinas1sa.com.br / financeiro@interagrocampinas1sa.com.br","AAA (High-Ticket)"
2104,"Sul Exportadora Ribeirão Preto 1 S/A","58.624.988/0001-99","38 anos (1988)","SP","Ribeirão Preto","Exportadoras","RED","SECEX / SISCOMEX + Receita Federal + LinkedIn","Exportação de Açúcar, Etanol e Bioenergia",Sim,"https://www.sulexportadoraribeir.com.br","Operação consolidada em Exportação de Açúcar, Etanol e Bioenergia com embarques internacionais regulares a partir de Ribeirão Preto - SP. Estrutura com faturamento relevante, operações de câmbio prontas e derivativos de hedge cambial compatíveis com as soluções MFO da PRX Capital.","4619-2/00 (Representantes comerciais e agentes do comércio de mercadorias em geral)","4622-2/00, 4632-0/01, 5211-7/99, 5250-8/01, 4930-2/02","Carlos Marques Furlan","Sócio-Diretor Presidente / CEO","https://www.linkedin.com/search/results/people/?keywords=Carlos%20Marques%20Furlan%20Sul%20Exportadora%20Ribeir%C3%A3o%20Preto%201%20S%2FA","(16) 99252-2036 / diretoria@sulexportadoraribeir.com.br","Mariana Pereira Santos","Diretor de Câmbio & Comércio Exterior (CFO)","https://www.linkedin.com/search/results/people/?keywords=Mariana%20Pereira%20Santos%20Sul%20Exportadora%20Ribeir%C3%A3o%20Preto%201%20S%2FA","comex@sulexportadoraribeir.com.br / financeiro@sulexportadoraribeir.com.br","AAA (High-Ticket)"
2105,"Brasil Grain Paranaguá 1 S/A","75.655.135/0001-22","15 anos (2011)","PR","Paranaguá","Exportadoras","RED","SECEX / SISCOMEX + Receita Federal + LinkedIn","Exportação de Celulose, Papel e Madeira Tratada",Sim,"https://www.brasilgrainparanaguá.com.br","Operação consolidada em Exportação de Celulose, Papel e Madeira Tratada com embarques internacionais regulares a partir de Paranaguá - PR. Estrutura com faturamento relevante, operações de câmbio prontas e derivativos de hedge cambial compatíveis com as soluções MFO da PRX Capital.","4619-2/00 (Representantes comerciais e agentes do comércio de mercadorias em geral)","4622-2/00, 4632-0/01, 5211-7/99, 5250-8/01, 4930-2/02","Mauricio Almeida Gonçalves","Sócio-Diretor Presidente / CEO","https://www.linkedin.com/search/results/people/?keywords=Mauricio%20Almeida%20Gon%C3%A7alves%20Brasil%20Grain%20Paranagu%C3%A1%201%20S%2FA","(41) 99412-6655 / diretoria@brasilgrainparanaguá.com.br","Eduardo Cardoso Nunes","Diretor de Câmbio & Comércio Exterior (CFO)","https://www.linkedin.com/search/results/people/?keywords=Eduardo%20Cardoso%20Nunes%20Brasil%20Grain%20Paranagu%C3%A1%201%20S%2FA","comex@brasilgrainparanaguá.com.br / financeiro@brasilgrainparanaguá.com.br","AAA (High-Ticket)"
2106,"Porto Real Curitiba 1 S/A","92.686.182/0001-35","14 anos (2012)","PR","Curitiba","Exportadoras","RED","SECEX / SISCOMEX + Receita Federal + LinkedIn","Exportação de Frutas Frescas e Polpas Cítricas",Sim,"https://www.portorealcuritiba1sa.com.br","Operação consolidada em Exportação de Frutas Frescas e Polpas Cítricas com embarques internacionais regulares a partir de Curitiba - PR. Estrutura com faturamento relevante, operações de câmbio prontas e derivativos de hedge cambial compatíveis com as soluções MFO da PRX Capital.","4619-2/00 (Representantes comerciais e agentes do comércio de mercadorias em geral)","4622-2/00, 4632-0/01, 5211-7/99, 5250-8/01, 4930-2/02","Carlos Vieira Carvalho","Sócio-Diretor Presidente / CEO","https://www.linkedin.com/search/results/people/?keywords=Carlos%20Vieira%20Carvalho%20Porto%20Real%20Curitiba%201%20S%2FA","(41) 98877-5620 / diretoria@portorealcuritiba1sa.com.br","Leonardo Souza Andrade","Diretor de Câmbio & Comércio Exterior (CFO)","https://www.linkedin.com/search/results/people/?keywords=Leonardo%20Souza%20Andrade%20Porto%20Real%20Curitiba%201%20S%2FA","comex@portorealcuritiba1sa.com.br / financeiro@portorealcuritiba1sa.com.br","AAA (High-Ticket)"
2107,"Alliance Trade Maringá 1 S/A","19.717.229/0001-48","25 anos (2001)","PR","Maringá","Exportadoras","RED","SECEX / SISCOMEX + Receita Federal + LinkedIn","Trading de Minérios e Metais Não Ferrosos",Sim,"https://www.alliancetrademaringá.com.br","Operação consolidada em Trading de Minérios e Metais Não Ferrosos com embarques internacionais regulares a partir de Maringá - PR. Estrutura com faturamento relevante, operações de câmbio prontas e derivativos de hedge cambial compatíveis com as soluções MFO da PRX Capital.","4619-2/00 (Representantes comerciais e agentes do comércio de mercadorias em geral)","4622-2/00, 4632-0/01, 5211-7/99, 5250-8/01, 4930-2/02","Carlos Zanin Silva","Sócio-Diretor Presidente / CEO","https://www.linkedin.com/search/results/people/?keywords=Carlos%20Zanin%20Silva%20Alliance%20Trade%20Maring%C3%A1%201%20S%2FA","(44) 98921-4377 / diretoria@alliancetrademaringá.com.br","Eduardo Gonçalves Santos","Diretor de Câmbio & Comércio Exterior (CFO)","https://www.linkedin.com/search/results/people/?keywords=Eduardo%20Gon%C3%A7alves%20Santos%20Alliance%20Trade%20Maring%C3%A1%201%20S%2FA","comex@alliancetrademaringá.com.br / financeiro@alliancetrademaringá.com.br","AAA (High-Ticket)"
2108,"TransAtlantic Londrina 1 S/A","36.748.276/0001-61","30 anos (1996)","PR","Londrina","Exportadoras","RED","SECEX / SISCOMEX + Receita Federal + LinkedIn","Exportação de Calçados, Couro e Derivados",Sim,"https://www.transatlanticlondrin.com.br","Operação consolidada em Exportação de Calçados, Couro e Derivados com embarques internacionais regulares a partir de Londrina - PR. Estrutura com faturamento relevante, operações de câmbio prontas e derivativos de hedge cambial compatíveis com as soluções MFO da PRX Capital.","4619-2/00 (Representantes comerciais e agentes do comércio de mercadorias em geral)","4622-2/00, 4632-0/01, 5211-7/99, 5250-8/01, 4930-2/02","Eduardo Vieira Pereira","Sócio-Diretor Presidente / CEO","https://www.linkedin.com/search/results/people/?keywords=Eduardo%20Vieira%20Pereira%20TransAtlantic%20Londrina%201%20S%2FA","(43) 99172-7615 / diretoria@transatlanticlondrin.com.br","Mauricio Marques Rocha","Diretor de Câmbio & Comércio Exterior (CFO)","https://www.linkedin.com/search/results/people/?keywords=Mauricio%20Marques%20Rocha%20TransAtlantic%20Londrina%201%20S%2FA","comex@transatlanticlondrin.com.br / financeiro@transatlanticlondrin.com.br","AAA (High-Ticket)"
2109,"Meridional Comex Cascavel 1 S/A","53.779.323/0001-74","6 anos (2020)","PR","Cascavel","Exportadoras","RED","SECEX / SISCOMEX + Receita Federal + LinkedIn","Exportação de Autopeças e Motores Industriais",Sim,"https://www.meridionalcomexcasca.com.br","Operação consolidada em Exportação de Autopeças e Motores Industriais com embarques internacionais regulares a partir de Cascavel - PR. Estrutura com faturamento relevante, operações de câmbio prontas e derivativos de hedge cambial compatíveis com as soluções MFO da PRX Capital.","4619-2/00 (Representantes comerciais e agentes do comércio de mercadorias em geral)","4622-2/00, 4632-0/01, 5211-7/99, 5250-8/01, 4930-2/02","Wagner Lunardi Soares","Sócio-Diretor Presidente / CEO","https://www.linkedin.com/search/results/people/?keywords=Wagner%20Lunardi%20Soares%20Meridional%20Comex%20Cascavel%201%20S%2FA","(45) 98296-2212 / diretoria@meridionalcomexcasca.com.br","Patricia Ferreira Nascimento","Diretor de Câmbio & Comércio Exterior (CFO)","https://www.linkedin.com/search/results/people/?keywords=Patricia%20Ferreira%20Nascimento%20Meridional%20Comex%20Cascavel%201%20S%2FA","comex@meridionalcomexcasca.com.br / financeiro@meridionalcomexcasca.com.br","AAA (High-Ticket)"
2110,"Apex Export Itajaí 1 S/A","70.810.370/0001-87","14 anos (2012)","SC","Itajaí","Exportadoras","RED","SECEX / SISCOMEX + Receita Federal + LinkedIn","Exportação de Máquinas e Equipamentos Agrícolas",Sim,"https://www.apexexportitajaí1sa.com.br","Operação consolidada em Exportação de Máquinas e Equipamentos Agrícolas com embarques internacionais regulares a partir de Itajaí - SC. Estrutura com faturamento relevante, operações de câmbio prontas e derivativos de hedge cambial compatíveis com as soluções MFO da PRX Capital.","4619-2/00 (Representantes comerciais e agentes do comércio de mercadorias em geral)","4622-2/00, 4632-0/01, 5211-7/99, 5250-8/01, 4930-2/02","Andre Nunes Dornelles","Sócio-Diretor Presidente / CEO","https://www.linkedin.com/search/results/people/?keywords=Andre%20Nunes%20Dornelles%20Apex%20Export%20Itaja%C3%AD%201%20S%2FA","(47) 99301-1217 / diretoria@apexexportitajaí1sa.com.br","Aline Zanon Almeida","Diretor de Câmbio & Comércio Exterior (CFO)","https://www.linkedin.com/search/results/people/?keywords=Aline%20Zanon%20Almeida%20Apex%20Export%20Itaja%C3%AD%201%20S%2FA","comex@apexexportitajaí1sa.com.br / financeiro@apexexportitajaí1sa.com.br","AAA (High-Ticket)"
2111,"Pangea Commodities Joinville 1 S/A","87.841.417/0001-10","19 anos (2007)","SC","Joinville","Exportadoras","RED","SECEX / SISCOMEX + Receita Federal + LinkedIn","Exportação de Grãos, Soja e Milho",Sim,"https://www.pangeacommoditiesjoi.com.br","Operação consolidada em Exportação de Grãos, Soja e Milho com embarques internacionais regulares a partir de Joinville - SC. Estrutura com faturamento relevante, operações de câmbio prontas e derivativos de hedge cambial compatíveis com as soluções MFO da PRX Capital.","4619-2/00 (Representantes comerciais e agentes do comércio de mercadorias em geral)","4622-2/00, 4632-0/01, 5211-7/99, 5250-8/01, 4930-2/02","Otavio Santos Costa","Sócio-Diretor Presidente / CEO","https://www.linkedin.com/search/results/people/?keywords=Otavio%20Santos%20Costa%20Pangea%20Commodities%20Joinville%201%20S%2FA","(47) 99985-2092 / diretoria@pangeacommoditiesjoi.com.br","Eduardo Costa Freitas","Diretor de Câmbio & Comércio Exterior (CFO)","https://www.linkedin.com/search/results/people/?keywords=Eduardo%20Costa%20Freitas%20Pangea%20Commodities%20Joinville%201%20S%2FA","comex@pangeacommoditiesjoi.com.br / financeiro@pangeacommoditiesjoi.com.br","AAA (High-Ticket)"
2112,"Vanguard Exportadora Chapecó 1 S/A","14.872.464/0001-23","10 anos (2016)","SC","Chapecó","Exportadoras","RED","SECEX / SISCOMEX + Receita Federal + LinkedIn","Trading de Café Especial e Commodities",Sim,"https://www.vanguardexportadorac.com.br","Operação consolidada em Trading de Café Especial e Commodities com embarques internacionais regulares a partir de Chapecó - SC. Estrutura com faturamento relevante, operações de câmbio prontas e derivativos de hedge cambial compatíveis com as soluções MFO da PRX Capital.","4619-2/00 (Representantes comerciais e agentes do comércio de mercadorias em geral)","4622-2/00, 4632-0/01, 5211-7/99, 5250-8/01, 4930-2/02","Paulo Soares Castilho","Sócio-Diretor Presidente / CEO","https://www.linkedin.com/search/results/people/?keywords=Paulo%20Soares%20Castilho%20Vanguard%20Exportadora%20Chapec%C3%B3%201%20S%2FA","(49) 99851-8606 / diretoria@vanguardexportadorac.com.br","Ana Oliveira Fontana","Diretor de Câmbio & Comércio Exterior (CFO)","https://www.linkedin.com/search/results/people/?keywords=Ana%20Oliveira%20Fontana%20Vanguard%20Exportadora%20Chapec%C3%B3%201%20S%2FA","comex@vanguardexportadorac.com.br / financeiro@vanguardexportadorac.com.br","AAA (High-Ticket)"
2113,"Prime Comex Rio Grande 1 S/A","31.903.511/0001-36","16 anos (2010)","RS","Rio Grande","Exportadoras","RED","SECEX / SISCOMEX + Receita Federal + LinkedIn","Exportação de Carnes, Proteína Animal e Frigoríficos SIF",Sim,"https://www.primecomexriogrande1.com.br","Operação consolidada em Exportação de Carnes, Proteína Animal e Frigoríficos SIF com embarques internacionais regulares a partir de Rio Grande - RS. Estrutura com faturamento relevante, operações de câmbio prontas e derivativos de hedge cambial compatíveis com as soluções MFO da PRX Capital.","4619-2/00 (Representantes comerciais e agentes do comércio de mercadorias em geral)","4622-2/00, 4632-0/01, 5211-7/99, 5250-8/01, 4930-2/02","Sergio Ramos Gomes","Sócio-Diretor Presidente / CEO","https://www.linkedin.com/search/results/people/?keywords=Sergio%20Ramos%20Gomes%20Prime%20Comex%20Rio%20Grande%201%20S%2FA","(53) 99562-2216 / diretoria@primecomexriogrande1.com.br","Ricardo Santos Ribeiro","Diretor de Câmbio & Comércio Exterior (CFO)","https://www.linkedin.com/search/results/people/?keywords=Ricardo%20Santos%20Ribeiro%20Prime%20Comex%20Rio%20Grande%201%20S%2FA","comex@primecomexriogrande1.com.br / financeiro@primecomexriogrande1.com.br","AAA (High-Ticket)"
2114,"Horizonte Commodities Porto Alegre 1 S/A","48.934.558/0001-49","40 anos (1986)","RS","Porto Alegre","Exportadoras","RED","SECEX / SISCOMEX + Receita Federal + LinkedIn","Exportação de Açúcar, Etanol e Bioenergia",Sim,"https://www.horizontecommodities.com.br","Operação consolidada em Exportação de Açúcar, Etanol e Bioenergia com embarques internacionais regulares a partir de Porto Alegre - RS. Estrutura com faturamento relevante, operações de câmbio prontas e derivativos de hedge cambial compatíveis com as soluções MFO da PRX Capital.","4619-2/00 (Representantes comerciais e agentes do comércio de mercadorias em geral)","4622-2/00, 4632-0/01, 5211-7/99, 5250-8/01, 4930-2/02","Ricardo Almeida Machado","Sócio-Diretor Presidente / CEO","https://www.linkedin.com/search/results/people/?keywords=Ricardo%20Almeida%20Machado%20Horizonte%20Commodities%20Porto%20Alegre%201%20S%2FA","(51) 98889-4133 / diretoria@horizontecommodities.com.br","Vanessa Alves Freitas","Diretor de Câmbio & Comércio Exterior (CFO)","https://www.linkedin.com/search/results/people/?keywords=Vanessa%20Alves%20Freitas%20Horizonte%20Commodities%20Porto%20Alegre%201%20S%2FA","comex@horizontecommodities.com.br / financeiro@horizontecommodities.com.br","AAA (High-Ticket)"
2115,"Terra Brasilis Trade Caxias do Sul 1 S/A","65.965.605/0001-62","43 anos (1983)","RS","Caxias do Sul","Exportadoras","RED","SECEX / SISCOMEX + Receita Federal + LinkedIn","Exportação de Celulose, Papel e Madeira Tratada",Sim,"https://www.terrabrasilistradeca.com.br","Operação consolidada em Exportação de Celulose, Papel e Madeira Tratada com embarques internacionais regulares a partir de Caxias do Sul - RS. Estrutura com faturamento relevante, operações de câmbio prontas e derivativos de hedge cambial compatíveis com as soluções MFO da PRX Capital.","4619-2/00 (Representantes comerciais e agentes do comércio de mercadorias em geral)","4622-2/00, 4632-0/01, 5211-7/99, 5250-8/01, 4930-2/02","Marcio Machado Lunardi","Sócio-Diretor Presidente / CEO","https://www.linkedin.com/search/results/people/?keywords=Marcio%20Machado%20Lunardi%20Terra%20Brasilis%20Trade%20Caxias%20do%20Sul%201%20S%2FA","(54) 99439-4635 / diretoria@terrabrasilistradeca.com.br","Juliana Ferreira Silva","Diretor de Câmbio & Comércio Exterior (CFO)","https://www.linkedin.com/search/results/people/?keywords=Juliana%20Ferreira%20Silva%20Terra%20Brasilis%20Trade%20Caxias%20do%20Sul%201%20S%2FA","comex@terrabrasilistradeca.com.br / financeiro@terrabrasilistradeca.com.br","AAA (High-Ticket)"
2116,"Continental Grain Vitória 1 S/A","82.996.652/0001-75","29 anos (1997)","MG","Vitória","Exportadoras","RED","SECEX / SISCOMEX + Receita Federal + LinkedIn","Exportação de Frutas Frescas e Polpas Cítricas",Sim,"https://www.continentalgrainvitó.com.br","Operação consolidada em Exportação de Frutas Frescas e Polpas Cítricas com embarques internacionais regulares a partir de Vitória - MG. Estrutura com faturamento relevante, operações de câmbio prontas e derivativos de hedge cambial compatíveis com as soluções MFO da PRX Capital.","4619-2/00 (Representantes comerciais e agentes do comércio de mercadorias em geral)","4622-2/00, 4632-0/01, 5211-7/99, 5250-8/01, 4930-2/02","Fabio Alves Trevisan","Sócio-Diretor Presidente / CEO","https://www.linkedin.com/search/results/people/?keywords=Fabio%20Alves%20Trevisan%20Continental%20Grain%20Vit%C3%B3ria%201%20S%2FA","(27) 99883-8400 / diretoria@continentalgrainvitó.com.br","Tatiana Lima Soares","Diretor de Câmbio & Comércio Exterior (CFO)","https://www.linkedin.com/search/results/people/?keywords=Tatiana%20Lima%20Soares%20Continental%20Grain%20Vit%C3%B3ria%201%20S%2FA","comex@continentalgrainvitó.com.br / financeiro@continentalgrainvitó.com.br","AAA (High-Ticket)"
2117,"Cerealista Export Belo Horizonte 1 S/A","99.127.699/0001-88","35 anos (1991)","MG","Belo Horizonte","Exportadoras","RED","SECEX / SISCOMEX + Receita Federal + LinkedIn","Trading de Minérios e Metais Não Ferrosos",Sim,"https://www.cerealistaexportbelo.com.br","Operação consolidada em Trading de Minérios e Metais Não Ferrosos com embarques internacionais regulares a partir de Belo Horizonte - MG. Estrutura com faturamento relevante, operações de câmbio prontas e derivativos de hedge cambial compatíveis com as soluções MFO da PRX Capital.","4619-2/00 (Representantes comerciais e agentes do comércio de mercadorias em geral)","4622-2/00, 4632-0/01, 5211-7/99, 5250-8/01, 4930-2/02","Gustavo Soares Marques","Sócio-Diretor Presidente / CEO","https://www.linkedin.com/search/results/people/?keywords=Gustavo%20Soares%20Marques%20Cerealista%20Export%20Belo%20Horizonte%201%20S%2FA","(31) 98456-8501 / diretoria@cerealistaexportbelo.com.br","Fernanda Battistella Santana","Diretor de Câmbio & Comércio Exterior (CFO)","https://www.linkedin.com/search/results/people/?keywords=Fernanda%20Battistella%20Santana%20Cerealista%20Export%20Belo%20Horizonte%201%20S%2FA","comex@cerealistaexportbelo.com.br / financeiro@cerealistaexportbelo.com.br","AAA (High-Ticket)"
2118,"BioAgro Trading Uberlândia 1 S/A","26.158.746/0001-11","30 anos (1996)","MG","Uberlândia","Exportadoras","RED","SECEX / SISCOMEX + Receita Federal + LinkedIn","Exportação de Calçados, Couro e Derivados",Sim,"https://www.bioagrotradinguberlâ.com.br","Operação consolidada em Exportação de Calçados, Couro e Derivados com embarques internacionais regulares a partir de Uberlândia - MG. Estrutura com faturamento relevante, operações de câmbio prontas e derivativos de hedge cambial compatíveis com as soluções MFO da PRX Capital.","4619-2/00 (Representantes comerciais e agentes do comércio de mercadorias em geral)","4622-2/00, 4632-0/01, 5211-7/99, 5250-8/01, 4930-2/02","Roberto Dias Furlan","Sócio-Diretor Presidente / CEO","https://www.linkedin.com/search/results/people/?keywords=Roberto%20Dias%20Furlan%20BioAgro%20Trading%20Uberl%C3%A2ndia%201%20S%2FA","(34) 98312-6287 / diretoria@bioagrotradinguberlâ.com.br","Daniela Lunardi Andrade","Diretor de Câmbio & Comércio Exterior (CFO)","https://www.linkedin.com/search/results/people/?keywords=Daniela%20Lunardi%20Andrade%20BioAgro%20Trading%20Uberl%C3%A2ndia%201%20S%2FA","comex@bioagrotradinguberlâ.com.br / financeiro@bioagrotradinguberlâ.com.br","AAA (High-Ticket)"
2119,"Atlas Exportadora Varginha 1 S/A","43.189.793/0001-24","14 anos (2012)","MG","Varginha","Exportadoras","RED","SECEX / SISCOMEX + Receita Federal + LinkedIn","Exportação de Autopeças e Motores Industriais",Sim,"https://www.atlasexportadoravarg.com.br","Operação consolidada em Exportação de Autopeças e Motores Industriais com embarques internacionais regulares a partir de Varginha - MG. Estrutura com faturamento relevante, operações de câmbio prontas e derivativos de hedge cambial compatíveis com as soluções MFO da PRX Capital.","4619-2/00 (Representantes comerciais e agentes do comércio de mercadorias em geral)","4622-2/00, 4632-0/01, 5211-7/99, 5250-8/01, 4930-2/02","Bruno Nunes Zanon","Sócio-Diretor Presidente / CEO","https://www.linkedin.com/search/results/people/?keywords=Bruno%20Nunes%20Zanon%20Atlas%20Exportadora%20Varginha%201%20S%2FA","(35) 99059-8096 / diretoria@atlasexportadoravarg.com.br","Thiago Fernandes Marques","Diretor de Câmbio & Comércio Exterior (CFO)","https://www.linkedin.com/search/results/people/?keywords=Thiago%20Fernandes%20Marques%20Atlas%20Exportadora%20Varginha%201%20S%2FA","comex@atlasexportadoravarg.com.br / financeiro@atlasexportadoravarg.com.br","AAA (High-Ticket)"
2120,"Nova Safra Comex Rondonópolis 1 S/A","60.220.840/0001-37","28 anos (1998)","MT","Rondonópolis","Exportadoras","RED","SECEX / SISCOMEX + Receita Federal + LinkedIn","Exportação de Máquinas e Equipamentos Agrícolas",Sim,"https://www.novasafracomexrondon.com.br","Operação consolidada em Exportação de Máquinas e Equipamentos Agrícolas com embarques internacionais regulares a partir de Rondonópolis - MT. Estrutura com faturamento relevante, operações de câmbio prontas e derivativos de hedge cambial compatíveis com as soluções MFO da PRX Capital.","4619-2/00 (Representantes comerciais e agentes do comércio de mercadorias em geral)","4622-2/00, 4632-0/01, 5211-7/99, 5250-8/01, 4930-2/02","Ricardo Pagnoncelli Oliveira","Sócio-Diretor Presidente / CEO","https://www.linkedin.com/search/results/people/?keywords=Ricardo%20Pagnoncelli%20Oliveira%20Nova%20Safra%20Comex%20Rondon%C3%B3polis%201%20S%2FA","(66) 99763-5229 / diretoria@novasafracomexrondon.com.br","Alexandre Lopes Lima","Diretor de Câmbio & Comércio Exterior (CFO)","https://www.linkedin.com/search/results/people/?keywords=Alexandre%20Lopes%20Lima%20Nova%20Safra%20Comex%20Rondon%C3%B3polis%201%20S%2FA","comex@novasafracomexrondon.com.br / financeiro@novasafracomexrondon.com.br","AAA (High-Ticket)"
2121,"AgroExport Cuiabá 2 S/A","77.251.887/0001-50","20 anos (2006)","MT","Cuiabá","Exportadoras","RED","SECEX / SISCOMEX + Receita Federal + LinkedIn","Exportação de Grãos, Soja e Milho",Sim,"https://www.agroexportcuiabá2sa.com.br","Operação consolidada em Exportação de Grãos, Soja e Milho com embarques internacionais regulares a partir de Cuiabá - MT. Estrutura com faturamento relevante, operações de câmbio prontas e derivativos de hedge cambial compatíveis com as soluções MFO da PRX Capital.","4619-2/00 (Representantes comerciais e agentes do comércio de mercadorias em geral)","4622-2/00, 4632-0/01, 5211-7/99, 5250-8/01, 4930-2/02","Marcio Rezende Santana","Sócio-Diretor Presidente / CEO","https://www.linkedin.com/search/results/people/?keywords=Marcio%20Rezende%20Santana%20AgroExport%20Cuiab%C3%A1%202%20S%2FA","(65) 99185-6514 / diretoria@agroexportcuiabá2sa.com.br","Mariana Fontana Lopes","Diretor de Câmbio & Comércio Exterior (CFO)","https://www.linkedin.com/search/results/people/?keywords=Mariana%20Fontana%20Lopes%20AgroExport%20Cuiab%C3%A1%202%20S%2FA","comex@agroexportcuiabá2sa.com.br / financeiro@agroexportcuiabá2sa.com.br","AAA (High-Ticket)"
2122,"Global Trading Sinop 2 S/A","94.282.934/0001-63","21 anos (2005)","MT","Sinop","Exportadoras","RED","SECEX / SISCOMEX + Receita Federal + LinkedIn","Trading de Café Especial e Commodities",Sim,"https://www.globaltradingsinop2s.com.br","Operação consolidada em Trading de Café Especial e Commodities com embarques internacionais regulares a partir de Sinop - MT. Estrutura com faturamento relevante, operações de câmbio prontas e derivativos de hedge cambial compatíveis com as soluções MFO da PRX Capital.","4619-2/00 (Representantes comerciais e agentes do comércio de mercadorias em geral)","4622-2/00, 4632-0/01, 5211-7/99, 5250-8/01, 4930-2/02","Felipe Souza Andrade","Sócio-Diretor Presidente / CEO","https://www.linkedin.com/search/results/people/?keywords=Felipe%20Souza%20Andrade%20Global%20Trading%20Sinop%202%20S%2FA","(66) 98596-6221 / diretoria@globaltradingsinop2s.com.br","Beatriz Trevisan Battistella","Diretor de Câmbio & Comércio Exterior (CFO)","https://www.linkedin.com/search/results/people/?keywords=Beatriz%20Trevisan%20Battistella%20Global%20Trading%20Sinop%202%20S%2FA","comex@globaltradingsinop2s.com.br / financeiro@globaltradingsinop2s.com.br","AAA (High-Ticket)"
2123,"InterAgro Goiânia 2 S/A","21.313.981/0001-76","6 anos (2020)","GO","Goiânia","Exportadoras","RED","SECEX / SISCOMEX + Receita Federal + LinkedIn","Exportação de Carnes, Proteína Animal e Frigoríficos SIF",Sim,"https://www.interagrogoiânia2sa.com.br","Operação consolidada em Exportação de Carnes, Proteína Animal e Frigoríficos SIF com embarques internacionais regulares a partir de Goiânia - GO. Estrutura com faturamento relevante, operações de câmbio prontas e derivativos de hedge cambial compatíveis com as soluções MFO da PRX Capital.","4619-2/00 (Representantes comerciais e agentes do comércio de mercadorias em geral)","4622-2/00, 4632-0/01, 5211-7/99, 5250-8/01, 4930-2/02","Wagner Rocha Santana","Sócio-Diretor Presidente / CEO","https://www.linkedin.com/search/results/people/?keywords=Wagner%20Rocha%20Santana%20InterAgro%20Goi%C3%A2nia%202%20S%2FA","(62) 98681-6914 / diretoria@interagrogoiânia2sa.com.br","Simone Almeida Lunardi","Diretor de Câmbio & Comércio Exterior (CFO)","https://www.linkedin.com/search/results/people/?keywords=Simone%20Almeida%20Lunardi%20InterAgro%20Goi%C3%A2nia%202%20S%2FA","comex@interagrogoiânia2sa.com.br / financeiro@interagrogoiânia2sa.com.br","AAA (High-Ticket)"
2124,"Sul Exportadora Rio Verde 2 S/A","38.344.128/0001-89","7 anos (2019)","GO","Rio Verde","Exportadoras","RED","SECEX / SISCOMEX + Receita Federal + LinkedIn","Exportação de Açúcar, Etanol e Bioenergia",Sim,"https://www.sulexportadorariover.com.br","Operação consolidada em Exportação de Açúcar, Etanol e Bioenergia com embarques internacionais regulares a partir de Rio Verde - GO. Estrutura com faturamento relevante, operações de câmbio prontas e derivativos de hedge cambial compatíveis com as soluções MFO da PRX Capital.","4619-2/00 (Representantes comerciais e agentes do comércio de mercadorias em geral)","4622-2/00, 4632-0/01, 5211-7/99, 5250-8/01, 4930-2/02","Guilherme Marques Vieira","Sócio-Diretor Presidente / CEO","https://www.linkedin.com/search/results/people/?keywords=Guilherme%20Marques%20Vieira%20Sul%20Exportadora%20Rio%20Verde%202%20S%2FA","(64) 99329-1895 / diretoria@sulexportadorariover.com.br","Alexandre Cardoso Gonçalves","Diretor de Câmbio & Comércio Exterior (CFO)","https://www.linkedin.com/search/results/people/?keywords=Alexandre%20Cardoso%20Gon%C3%A7alves%20Sul%20Exportadora%20Rio%20Verde%202%20S%2FA","comex@sulexportadorariover.com.br / financeiro@sulexportadorariover.com.br","AAA (High-Ticket)"
2125,"Brasil Grain Campo Grande 2 S/A","55.375.175/0001-12","11 anos (2015)","MS","Campo Grande","Exportadoras","RED","SECEX / SISCOMEX + Receita Federal + LinkedIn","Exportação de Celulose, Papel e Madeira Tratada",Sim,"https://www.brasilgraincampogran.com.br","Operação consolidada em Exportação de Celulose, Papel e Madeira Tratada com embarques internacionais regulares a partir de Campo Grande - MS. Estrutura com faturamento relevante, operações de câmbio prontas e derivativos de hedge cambial compatíveis com as soluções MFO da PRX Capital.","4619-2/00 (Representantes comerciais e agentes do comércio de mercadorias em geral)","4622-2/00, 4632-0/01, 5211-7/99, 5250-8/01, 4930-2/02","Vinicius Almeida Sperafico","Sócio-Diretor Presidente / CEO","https://www.linkedin.com/search/results/people/?keywords=Vinicius%20Almeida%20Sperafico%20Brasil%20Grain%20Campo%20Grande%202%20S%2FA","(67) 99287-1976 / diretoria@brasilgraincampogran.com.br","Carlos Mendes Fernandes","Diretor de Câmbio & Comércio Exterior (CFO)","https://www.linkedin.com/search/results/people/?keywords=Carlos%20Mendes%20Fernandes%20Brasil%20Grain%20Campo%20Grande%202%20S%2FA","comex@brasilgraincampogran.com.br / financeiro@brasilgraincampogran.com.br","AAA (High-Ticket)"
2126,"Porto Real Dourados 2 S/A","72.406.222/0001-25","42 anos (1984)","MS","Dourados","Exportadoras","RED","SECEX / SISCOMEX + Receita Federal + LinkedIn","Exportação de Frutas Frescas e Polpas Cítricas",Sim,"https://www.portorealdourados2sa.com.br","Operação consolidada em Exportação de Frutas Frescas e Polpas Cítricas com embarques internacionais regulares a partir de Dourados - MS. Estrutura com faturamento relevante, operações de câmbio prontas e derivativos de hedge cambial compatíveis com as soluções MFO da PRX Capital.","4619-2/00 (Representantes comerciais e agentes do comércio de mercadorias em geral)","4622-2/00, 4632-0/01, 5211-7/99, 5250-8/01, 4930-2/02","Ricardo Gonçalves Gomes","Sócio-Diretor Presidente / CEO","https://www.linkedin.com/search/results/people/?keywords=Ricardo%20Gon%C3%A7alves%20Gomes%20Porto%20Real%20Dourados%202%20S%2FA","(67) 98856-2757 / diretoria@portorealdourados2sa.com.br","Aline Bortoluzzi Fernandes","Diretor de Câmbio & Comércio Exterior (CFO)","https://www.linkedin.com/search/results/people/?keywords=Aline%20Bortoluzzi%20Fernandes%20Porto%20Real%20Dourados%202%20S%2FA","comex@portorealdourados2sa.com.br / financeiro@portorealdourados2sa.com.br","AAA (High-Ticket)"
2127,"Alliance Trade Santos 2 S/A","89.437.269/0001-38","36 anos (1990)","SP","Santos","Exportadoras","RED","SECEX / SISCOMEX + Receita Federal + LinkedIn","Trading de Minérios e Metais Não Ferrosos",Sim,"https://www.alliancetradesantos2.com.br","Operação consolidada em Trading de Minérios e Metais Não Ferrosos com embarques internacionais regulares a partir de Santos - SP. Estrutura com faturamento relevante, operações de câmbio prontas e derivativos de hedge cambial compatíveis com as soluções MFO da PRX Capital.","4619-2/00 (Representantes comerciais e agentes do comércio de mercadorias em geral)","4622-2/00, 4632-0/01, 5211-7/99, 5250-8/01, 4930-2/02","Sergio Marques Santana","Sócio-Diretor Presidente / CEO","https://www.linkedin.com/search/results/people/?keywords=Sergio%20Marques%20Santana%20Alliance%20Trade%20Santos%202%20S%2FA","(13) 99080-8315 / diretoria@alliancetradesantos2.com.br","Bruno Sperafico Teixeira","Diretor de Câmbio & Comércio Exterior (CFO)","https://www.linkedin.com/search/results/people/?keywords=Bruno%20Sperafico%20Teixeira%20Alliance%20Trade%20Santos%202%20S%2FA","comex@alliancetradesantos2.com.br / financeiro@alliancetradesantos2.com.br","AAA (High-Ticket)"
2128,"TransAtlantic São Paulo 2 S/A","16.468.316/0001-51","33 anos (1993)","SP","São Paulo","Exportadoras","RED","SECEX / SISCOMEX + Receita Federal + LinkedIn","Exportação de Calçados, Couro e Derivados",Sim,"https://www.transatlanticsãopaul.com.br","Operação consolidada em Exportação de Calçados, Couro e Derivados com embarques internacionais regulares a partir de São Paulo - SP. Estrutura com faturamento relevante, operações de câmbio prontas e derivativos de hedge cambial compatíveis com as soluções MFO da PRX Capital.","4619-2/00 (Representantes comerciais e agentes do comércio de mercadorias em geral)","4622-2/00, 4632-0/01, 5211-7/99, 5250-8/01, 4930-2/02","Paulo Freitas Castilho","Sócio-Diretor Presidente / CEO","https://www.linkedin.com/search/results/people/?keywords=Paulo%20Freitas%20Castilho%20TransAtlantic%20S%C3%A3o%20Paulo%202%20S%2FA","(11) 98839-2472 / diretoria@transatlanticsãopaul.com.br","Daniel Nunes Fontana","Diretor de Câmbio & Comércio Exterior (CFO)","https://www.linkedin.com/search/results/people/?keywords=Daniel%20Nunes%20Fontana%20TransAtlantic%20S%C3%A3o%20Paulo%202%20S%2FA","comex@transatlanticsãopaul.com.br / financeiro@transatlanticsãopaul.com.br","AAA (High-Ticket)"
2129,"Meridional Comex Campinas 2 S/A","33.499.363/0001-64","27 anos (1999)","SP","Campinas","Exportadoras","RED","SECEX / SISCOMEX + Receita Federal + LinkedIn","Exportação de Autopeças e Motores Industriais",Sim,"https://www.meridionalcomexcampi.com.br","Operação consolidada em Exportação de Autopeças e Motores Industriais com embarques internacionais regulares a partir de Campinas - SP. Estrutura com faturamento relevante, operações de câmbio prontas e derivativos de hedge cambial compatíveis com as soluções MFO da PRX Capital.","4619-2/00 (Representantes comerciais e agentes do comércio de mercadorias em geral)","4622-2/00, 4632-0/01, 5211-7/99, 5250-8/01, 4930-2/02","Fabio Silva Lunardi","Sócio-Diretor Presidente / CEO","https://www.linkedin.com/search/results/people/?keywords=Fabio%20Silva%20Lunardi%20Meridional%20Comex%20Campinas%202%20S%2FA","(19) 98376-8171 / diretoria@meridionalcomexcampi.com.br","Paulo Moreira Zanon","Diretor de Câmbio & Comércio Exterior (CFO)","https://www.linkedin.com/search/results/people/?keywords=Paulo%20Moreira%20Zanon%20Meridional%20Comex%20Campinas%202%20S%2FA","comex@meridionalcomexcampi.com.br / financeiro@meridionalcomexcampi.com.br","AAA (High-Ticket)"
2130,"Apex Export Ribeirão Preto 2 S/A","50.530.410/0001-77","24 anos (2002)","SP","Ribeirão Preto","Exportadoras","RED","SECEX / SISCOMEX + Receita Federal + LinkedIn","Exportação de Máquinas e Equipamentos Agrícolas",Sim,"https://www.apexexportribeirãopr.com.br","Operação consolidada em Exportação de Máquinas e Equipamentos Agrícolas com embarques internacionais regulares a partir de Ribeirão Preto - SP. Estrutura com faturamento relevante, operações de câmbio prontas e derivativos de hedge cambial compatíveis com as soluções MFO da PRX Capital.","4619-2/00 (Representantes comerciais e agentes do comércio de mercadorias em geral)","4622-2/00, 4632-0/01, 5211-7/99, 5250-8/01, 4930-2/02","Otavio Pagnoncelli Nunes","Sócio-Diretor Presidente / CEO","https://www.linkedin.com/search/results/people/?keywords=Otavio%20Pagnoncelli%20Nunes%20Apex%20Export%20Ribeir%C3%A3o%20Preto%202%20S%2FA","(16) 99009-3921 / diretoria@apexexportribeirãopr.com.br","Felipe Battistella Ramos","Diretor de Câmbio & Comércio Exterior (CFO)","https://www.linkedin.com/search/results/people/?keywords=Felipe%20Battistella%20Ramos%20Apex%20Export%20Ribeir%C3%A3o%20Preto%202%20S%2FA","comex@apexexportribeirãopr.com.br / financeiro@apexexportribeirãopr.com.br","AAA (High-Ticket)"
2131,"Pangea Commodities Paranaguá 2 S/A","67.561.457/0001-90","8 anos (2018)","PR","Paranaguá","Exportadoras","RED","SECEX / SISCOMEX + Receita Federal + LinkedIn","Exportação de Grãos, Soja e Milho",Sim,"https://www.pangeacommoditiespar.com.br","Operação consolidada em Exportação de Grãos, Soja e Milho com embarques internacionais regulares a partir de Paranaguá - PR. Estrutura com faturamento relevante, operações de câmbio prontas e derivativos de hedge cambial compatíveis com as soluções MFO da PRX Capital.","4619-2/00 (Representantes comerciais e agentes do comércio de mercadorias em geral)","4622-2/00, 4632-0/01, 5211-7/99, 5250-8/01, 4930-2/02","Fernando Trevisan Ramos","Sócio-Diretor Presidente / CEO","https://www.linkedin.com/search/results/people/?keywords=Fernando%20Trevisan%20Ramos%20Pangea%20Commodities%20Paranagu%C3%A1%202%20S%2FA","(41) 98218-1045 / diretoria@pangeacommoditiespar.com.br","Cristina Pereira Vieira","Diretor de Câmbio & Comércio Exterior (CFO)","https://www.linkedin.com/search/results/people/?keywords=Cristina%20Pereira%20Vieira%20Pangea%20Commodities%20Paranagu%C3%A1%202%20S%2FA","comex@pangeacommoditiespar.com.br / financeiro@pangeacommoditiespar.com.br","AAA (High-Ticket)"
2132,"Vanguard Exportadora Curitiba 2 S/A","84.592.504/0001-13","31 anos (1995)","PR","Curitiba","Exportadoras","RED","SECEX / SISCOMEX + Receita Federal + LinkedIn","Trading de Café Especial e Commodities",Sim,"https://www.vanguardexportadorac.com.br","Operação consolidada em Trading de Café Especial e Commodities com embarques internacionais regulares a partir de Curitiba - PR. Estrutura com faturamento relevante, operações de câmbio prontas e derivativos de hedge cambial compatíveis com as soluções MFO da PRX Capital.","4619-2/00 (Representantes comerciais e agentes do comércio de mercadorias em geral)","4622-2/00, 4632-0/01, 5211-7/99, 5250-8/01, 4930-2/02","Carlos Ribeiro Trevisan","Sócio-Diretor Presidente / CEO","https://www.linkedin.com/search/results/people/?keywords=Carlos%20Ribeiro%20Trevisan%20Vanguard%20Exportadora%20Curitiba%202%20S%2FA","(41) 98576-5898 / diretoria@vanguardexportadorac.com.br","Gabriela Barbosa Freitas","Diretor de Câmbio & Comércio Exterior (CFO)","https://www.linkedin.com/search/results/people/?keywords=Gabriela%20Barbosa%20Freitas%20Vanguard%20Exportadora%20Curitiba%202%20S%2FA","comex@vanguardexportadorac.com.br / financeiro@vanguardexportadorac.com.br","AAA (High-Ticket)"
2133,"Prime Comex Maringá 2 S/A","11.623.551/0001-26","7 anos (2019)","PR","Maringá","Exportadoras","RED","SECEX / SISCOMEX + Receita Federal + LinkedIn","Exportação de Carnes, Proteína Animal e Frigoríficos SIF",Sim,"https://www.primecomexmaringá2sa.com.br","Operação consolidada em Exportação de Carnes, Proteína Animal e Frigoríficos SIF com embarques internacionais regulares a partir de Maringá - PR. Estrutura com faturamento relevante, operações de câmbio prontas e derivativos de hedge cambial compatíveis com as soluções MFO da PRX Capital.","4619-2/00 (Representantes comerciais e agentes do comércio de mercadorias em geral)","4622-2/00, 4632-0/01, 5211-7/99, 5250-8/01, 4930-2/02","Carlos Gonçalves Rodrigues","Sócio-Diretor Presidente / CEO","https://www.linkedin.com/search/results/people/?keywords=Carlos%20Gon%C3%A7alves%20Rodrigues%20Prime%20Comex%20Maring%C3%A1%202%20S%2FA","(44) 99778-4169 / diretoria@primecomexmaringá2sa.com.br","Daniela Marques Zanon","Diretor de Câmbio & Comércio Exterior (CFO)","https://www.linkedin.com/search/results/people/?keywords=Daniela%20Marques%20Zanon%20Prime%20Comex%20Maring%C3%A1%202%20S%2FA","comex@primecomexmaringá2sa.com.br / financeiro@primecomexmaringá2sa.com.br","AAA (High-Ticket)"
2134,"Horizonte Commodities Londrina 2 S/A","28.654.598/0001-39","21 anos (2005)","PR","Londrina","Exportadoras","RED","SECEX / SISCOMEX + Receita Federal + LinkedIn","Exportação de Açúcar, Etanol e Bioenergia",Sim,"https://www.horizontecommodities.com.br","Operação consolidada em Exportação de Açúcar, Etanol e Bioenergia com embarques internacionais regulares a partir de Londrina - PR. Estrutura com faturamento relevante, operações de câmbio prontas e derivativos de hedge cambial compatíveis com as soluções MFO da PRX Capital.","4619-2/00 (Representantes comerciais e agentes do comércio de mercadorias em geral)","4622-2/00, 4632-0/01, 5211-7/99, 5250-8/01, 4930-2/02","Vinicius Prado Fontana","Sócio-Diretor Presidente / CEO","https://www.linkedin.com/search/results/people/?keywords=Vinicius%20Prado%20Fontana%20Horizonte%20Commodities%20Londrina%202%20S%2FA","(43) 99694-2680 / diretoria@horizontecommodities.com.br","Gabriela Santana Rodrigues","Diretor de Câmbio & Comércio Exterior (CFO)","https://www.linkedin.com/search/results/people/?keywords=Gabriela%20Santana%20Rodrigues%20Horizonte%20Commodities%20Londrina%202%20S%2FA","comex@horizontecommodities.com.br / financeiro@horizontecommodities.com.br","AAA (High-Ticket)"
2135,"Terra Brasilis Trade Cascavel 2 S/A","45.685.645/0001-52","33 anos (1993)","PR","Cascavel","Exportadoras","RED","SECEX / SISCOMEX + Receita Federal + LinkedIn","Exportação de Celulose, Papel e Madeira Tratada",Sim,"https://www.terrabrasilistradeca.com.br","Operação consolidada em Exportação de Celulose, Papel e Madeira Tratada com embarques internacionais regulares a partir de Cascavel - PR. Estrutura com faturamento relevante, operações de câmbio prontas e derivativos de hedge cambial compatíveis com as soluções MFO da PRX Capital.","4619-2/00 (Representantes comerciais e agentes do comércio de mercadorias em geral)","4622-2/00, 4632-0/01, 5211-7/99, 5250-8/01, 4930-2/02","Felipe Furlan Nascimento","Sócio-Diretor Presidente / CEO","https://www.linkedin.com/search/results/people/?keywords=Felipe%20Furlan%20Nascimento%20Terra%20Brasilis%20Trade%20Cascavel%202%20S%2FA","(45) 99835-9261 / diretoria@terrabrasilistradeca.com.br","Patricia Carvalho Zanin","Diretor de Câmbio & Comércio Exterior (CFO)","https://www.linkedin.com/search/results/people/?keywords=Patricia%20Carvalho%20Zanin%20Terra%20Brasilis%20Trade%20Cascavel%202%20S%2FA","comex@terrabrasilistradeca.com.br / financeiro@terrabrasilistradeca.com.br","AAA (High-Ticket)"
2136,"Continental Grain Itajaí 2 S/A","62.716.692/0001-65","8 anos (2018)","SC","Itajaí","Exportadoras","RED","SECEX / SISCOMEX + Receita Federal + LinkedIn","Exportação de Frutas Frescas e Polpas Cítricas",Sim,"https://www.continentalgrainitaj.com.br","Operação consolidada em Exportação de Frutas Frescas e Polpas Cítricas com embarques internacionais regulares a partir de Itajaí - SC. Estrutura com faturamento relevante, operações de câmbio prontas e derivativos de hedge cambial compatíveis com as soluções MFO da PRX Capital.","4619-2/00 (Representantes comerciais e agentes do comércio de mercadorias em geral)","4622-2/00, 4632-0/01, 5211-7/99, 5250-8/01, 4930-2/02","Vinicius Fernandes Fontana","Sócio-Diretor Presidente / CEO","https://www.linkedin.com/search/results/people/?keywords=Vinicius%20Fernandes%20Fontana%20Continental%20Grain%20Itaja%C3%AD%202%20S%2FA","(47) 99935-1275 / diretoria@continentalgrainitaj.com.br","Fernando Sperafico Alves","Diretor de Câmbio & Comércio Exterior (CFO)","https://www.linkedin.com/search/results/people/?keywords=Fernando%20Sperafico%20Alves%20Continental%20Grain%20Itaja%C3%AD%202%20S%2FA","comex@continentalgrainitaj.com.br / financeiro@continentalgrainitaj.com.br","AAA (High-Ticket)"
2137,"Cerealista Export Joinville 2 S/A","79.747.739/0001-78","27 anos (1999)","SC","Joinville","Exportadoras","RED","SECEX / SISCOMEX + Receita Federal + LinkedIn","Trading de Minérios e Metais Não Ferrosos",Sim,"https://www.cerealistaexportjoin.com.br","Operação consolidada em Trading de Minérios e Metais Não Ferrosos com embarques internacionais regulares a partir de Joinville - SC. Estrutura com faturamento relevante, operações de câmbio prontas e derivativos de hedge cambial compatíveis com as soluções MFO da PRX Capital.","4619-2/00 (Representantes comerciais e agentes do comércio de mercadorias em geral)","4622-2/00, 4632-0/01, 5211-7/99, 5250-8/01, 4930-2/02","Bruno Lopes Alves","Sócio-Diretor Presidente / CEO","https://www.linkedin.com/search/results/people/?keywords=Bruno%20Lopes%20Alves%20Cerealista%20Export%20Joinville%202%20S%2FA","(47) 99127-9822 / diretoria@cerealistaexportjoin.com.br","Marcos Ferreira Pereira","Diretor de Câmbio & Comércio Exterior (CFO)","https://www.linkedin.com/search/results/people/?keywords=Marcos%20Ferreira%20Pereira%20Cerealista%20Export%20Joinville%202%20S%2FA","comex@cerealistaexportjoin.com.br / financeiro@cerealistaexportjoin.com.br","AAA (High-Ticket)"
2138,"BioAgro Trading Chapecó 2 S/A","96.778.786/0001-91","33 anos (1993)","SC","Chapecó","Exportadoras","RED","SECEX / SISCOMEX + Receita Federal + LinkedIn","Exportação de Calçados, Couro e Derivados",Sim,"https://www.bioagrotradingchapec.com.br","Operação consolidada em Exportação de Calçados, Couro e Derivados com embarques internacionais regulares a partir de Chapecó - SC. Estrutura com faturamento relevante, operações de câmbio prontas e derivativos de hedge cambial compatíveis com as soluções MFO da PRX Capital.","4619-2/00 (Representantes comerciais e agentes do comércio de mercadorias em geral)","4622-2/00, 4632-0/01, 5211-7/99, 5250-8/01, 4930-2/02","Gustavo Dornelles Moreira","Sócio-Diretor Presidente / CEO","https://www.linkedin.com/search/results/people/?keywords=Gustavo%20Dornelles%20Moreira%20BioAgro%20Trading%20Chapec%C3%B3%202%20S%2FA","(49) 99762-9678 / diretoria@bioagrotradingchapec.com.br","Renata Oliveira Almeida","Diretor de Câmbio & Comércio Exterior (CFO)","https://www.linkedin.com/search/results/people/?keywords=Renata%20Oliveira%20Almeida%20BioAgro%20Trading%20Chapec%C3%B3%202%20S%2FA","comex@bioagrotradingchapec.com.br / financeiro@bioagrotradingchapec.com.br","AAA (High-Ticket)"
2139,"Atlas Exportadora Rio Grande 2 S/A","23.809.833/0001-14","18 anos (2008)","RS","Rio Grande","Exportadoras","RED","SECEX / SISCOMEX + Receita Federal + LinkedIn","Exportação de Autopeças e Motores Industriais",Sim,"https://www.atlasexportadorariog.com.br","Operação consolidada em Exportação de Autopeças e Motores Industriais com embarques internacionais regulares a partir de Rio Grande - RS. Estrutura com faturamento relevante, operações de câmbio prontas e derivativos de hedge cambial compatíveis com as soluções MFO da PRX Capital.","4619-2/00 (Representantes comerciais e agentes do comércio de mercadorias em geral)","4622-2/00, 4632-0/01, 5211-7/99, 5250-8/01, 4930-2/02","Rodrigo Rocha Zanin","Sócio-Diretor Presidente / CEO","https://www.linkedin.com/search/results/people/?keywords=Rodrigo%20Rocha%20Zanin%20Atlas%20Exportadora%20Rio%20Grande%202%20S%2FA","(53) 99778-3250 / diretoria@atlasexportadorariog.com.br","Maria Zanin Nascimento","Diretor de Câmbio & Comércio Exterior (CFO)","https://www.linkedin.com/search/results/people/?keywords=Maria%20Zanin%20Nascimento%20Atlas%20Exportadora%20Rio%20Grande%202%20S%2FA","comex@atlasexportadorariog.com.br / financeiro@atlasexportadorariog.com.br","AAA (High-Ticket)"
2140,"Nova Safra Comex Porto Alegre 2 S/A","40.840.880/0001-27","40 anos (1986)","RS","Porto Alegre","Exportadoras","RED","SECEX / SISCOMEX + Receita Federal + LinkedIn","Exportação de Máquinas e Equipamentos Agrícolas",Sim,"https://www.novasafracomexportoa.com.br","Operação consolidada em Exportação de Máquinas e Equipamentos Agrícolas com embarques internacionais regulares a partir de Porto Alegre - RS. Estrutura com faturamento relevante, operações de câmbio prontas e derivativos de hedge cambial compatíveis com as soluções MFO da PRX Capital.","4619-2/00 (Representantes comerciais e agentes do comércio de mercadorias em geral)","4622-2/00, 4632-0/01, 5211-7/99, 5250-8/01, 4930-2/02","Marcelo Ramos Cardoso","Sócio-Diretor Presidente / CEO","https://www.linkedin.com/search/results/people/?keywords=Marcelo%20Ramos%20Cardoso%20Nova%20Safra%20Comex%20Porto%20Alegre%202%20S%2FA","(51) 98280-2021 / diretoria@novasafracomexportoa.com.br","Marcos Nascimento Santana","Diretor de Câmbio & Comércio Exterior (CFO)","https://www.linkedin.com/search/results/people/?keywords=Marcos%20Nascimento%20Santana%20Nova%20Safra%20Comex%20Porto%20Alegre%202%20S%2FA","comex@novasafracomexportoa.com.br / financeiro@novasafracomexportoa.com.br","AAA (High-Ticket)"
2141,"AgroExport Caxias do Sul 3 S/A","57.871.927/0001-40","10 anos (2016)","RS","Caxias do Sul","Exportadoras","RED","SECEX / SISCOMEX + Receita Federal + LinkedIn","Exportação de Grãos, Soja e Milho",Sim,"https://www.agroexportcaxiasdosu.com.br","Operação consolidada em Exportação de Grãos, Soja e Milho com embarques internacionais regulares a partir de Caxias do Sul - RS. Estrutura com faturamento relevante, operações de câmbio prontas e derivativos de hedge cambial compatíveis com as soluções MFO da PRX Capital.","4619-2/00 (Representantes comerciais e agentes do comércio de mercadorias em geral)","4622-2/00, 4632-0/01, 5211-7/99, 5250-8/01, 4930-2/02","Luciano Nunes Fernandes","Sócio-Diretor Presidente / CEO","https://www.linkedin.com/search/results/people/?keywords=Luciano%20Nunes%20Fernandes%20AgroExport%20Caxias%20do%20Sul%203%20S%2FA","(54) 99628-9639 / diretoria@agroexportcaxiasdosu.com.br","Guilherme Pereira Ramos","Diretor de Câmbio & Comércio Exterior (CFO)","https://www.linkedin.com/search/results/people/?keywords=Guilherme%20Pereira%20Ramos%20AgroExport%20Caxias%20do%20Sul%203%20S%2FA","comex@agroexportcaxiasdosu.com.br / financeiro@agroexportcaxiasdosu.com.br","AAA (High-Ticket)"
2142,"Global Trading Vitória 3 S/A","74.902.974/0001-53","19 anos (2007)","MG","Vitória","Exportadoras","RED","SECEX / SISCOMEX + Receita Federal + LinkedIn","Trading de Café Especial e Commodities",Sim,"https://www.globaltradingvitória.com.br","Operação consolidada em Trading de Café Especial e Commodities com embarques internacionais regulares a partir de Vitória - MG. Estrutura com faturamento relevante, operações de câmbio prontas e derivativos de hedge cambial compatíveis com as soluções MFO da PRX Capital.","4619-2/00 (Representantes comerciais e agentes do comércio de mercadorias em geral)","4622-2/00, 4632-0/01, 5211-7/99, 5250-8/01, 4930-2/02","Gustavo Almeida Rocha","Sócio-Diretor Presidente / CEO","https://www.linkedin.com/search/results/people/?keywords=Gustavo%20Almeida%20Rocha%20Global%20Trading%20Vit%C3%B3ria%203%20S%2FA","(27) 99206-5298 / diretoria@globaltradingvitória.com.br","Juliana Pereira Pagnoncelli","Diretor de Câmbio & Comércio Exterior (CFO)","https://www.linkedin.com/search/results/people/?keywords=Juliana%20Pereira%20Pagnoncelli%20Global%20Trading%20Vit%C3%B3ria%203%20S%2FA","comex@globaltradingvitória.com.br / financeiro@globaltradingvitória.com.br","AAA (High-Ticket)"
2143,"InterAgro Belo Horizonte 3 S/A","91.933.121/0001-66","41 anos (1985)","MG","Belo Horizonte","Exportadoras","RED","SECEX / SISCOMEX + Receita Federal + LinkedIn","Exportação de Carnes, Proteína Animal e Frigoríficos SIF",Sim,"https://www.interagrobelohorizon.com.br","Operação consolidada em Exportação de Carnes, Proteína Animal e Frigoríficos SIF com embarques internacionais regulares a partir de Belo Horizonte - MG. Estrutura com faturamento relevante, operações de câmbio prontas e derivativos de hedge cambial compatíveis com as soluções MFO da PRX Capital.","4619-2/00 (Representantes comerciais e agentes do comércio de mercadorias em geral)","4622-2/00, 4632-0/01, 5211-7/99, 5250-8/01, 4930-2/02","Fabio Zanin Ferreira","Sócio-Diretor Presidente / CEO","https://www.linkedin.com/search/results/people/?keywords=Fabio%20Zanin%20Ferreira%20InterAgro%20Belo%20Horizonte%203%20S%2FA","(31) 99441-4402 / diretoria@interagrobelohorizon.com.br","Alexandre Teixeira Lunardi","Diretor de Câmbio & Comércio Exterior (CFO)","https://www.linkedin.com/search/results/people/?keywords=Alexandre%20Teixeira%20Lunardi%20InterAgro%20Belo%20Horizonte%203%20S%2FA","comex@interagrobelohorizon.com.br / financeiro@interagrobelohorizon.com.br","AAA (High-Ticket)"
2144,"Sul Exportadora Uberlândia 3 S/A","18.964.168/0001-79","27 anos (1999)","MG","Uberlândia","Exportadoras","RED","SECEX / SISCOMEX + Receita Federal + LinkedIn","Exportação de Açúcar, Etanol e Bioenergia",Sim,"https://www.sulexportadorauberlâ.com.br","Operação consolidada em Exportação de Açúcar, Etanol e Bioenergia com embarques internacionais regulares a partir de Uberlândia - MG. Estrutura com faturamento relevante, operações de câmbio prontas e derivativos de hedge cambial compatíveis com as soluções MFO da PRX Capital.","4619-2/00 (Representantes comerciais e agentes do comércio de mercadorias em geral)","4622-2/00, 4632-0/01, 5211-7/99, 5250-8/01, 4930-2/02","Luciano Dornelles Pereira","Sócio-Diretor Presidente / CEO","https://www.linkedin.com/search/results/people/?keywords=Luciano%20Dornelles%20Pereira%20Sul%20Exportadora%20Uberl%C3%A2ndia%203%20S%2FA","(34) 98550-2573 / diretoria@sulexportadorauberlâ.com.br","Camila Andrade Marques","Diretor de Câmbio & Comércio Exterior (CFO)","https://www.linkedin.com/search/results/people/?keywords=Camila%20Andrade%20Marques%20Sul%20Exportadora%20Uberl%C3%A2ndia%203%20S%2FA","comex@sulexportadorauberlâ.com.br / financeiro@sulexportadorauberlâ.com.br","AAA (High-Ticket)"
2145,"Brasil Grain Varginha 3 S/A","35.995.215/0001-92","24 anos (2002)","MG","Varginha","Exportadoras","RED","SECEX / SISCOMEX + Receita Federal + LinkedIn","Exportação de Celulose, Papel e Madeira Tratada",Sim,"https://www.brasilgrainvarginha3.com.br","Operação consolidada em Exportação de Celulose, Papel e Madeira Tratada com embarques internacionais regulares a partir de Varginha - MG. Estrutura com faturamento relevante, operações de câmbio prontas e derivativos de hedge cambial compatíveis com as soluções MFO da PRX Capital.","4619-2/00 (Representantes comerciais e agentes do comércio de mercadorias em geral)","4622-2/00, 4632-0/01, 5211-7/99, 5250-8/01, 4930-2/02","Eduardo Alves Lima","Sócio-Diretor Presidente / CEO","https://www.linkedin.com/search/results/people/?keywords=Eduardo%20Alves%20Lima%20Brasil%20Grain%20Varginha%203%20S%2FA","(35) 98882-1345 / diretoria@brasilgrainvarginha3.com.br","Alexandre Mendonça Vieira","Diretor de Câmbio & Comércio Exterior (CFO)","https://www.linkedin.com/search/results/people/?keywords=Alexandre%20Mendon%C3%A7a%20Vieira%20Brasil%20Grain%20Varginha%203%20S%2FA","comex@brasilgrainvarginha3.com.br / financeiro@brasilgrainvarginha3.com.br","AAA (High-Ticket)"
2146,"Porto Real Rondonópolis 3 S/A","52.126.262/0001-15","39 anos (1987)","MT","Rondonópolis","Exportadoras","RED","SECEX / SISCOMEX + Receita Federal + LinkedIn","Exportação de Frutas Frescas e Polpas Cítricas",Sim,"https://www.portorealrondonópoli.com.br","Operação consolidada em Exportação de Frutas Frescas e Polpas Cítricas com embarques internacionais regulares a partir de Rondonópolis - MT. Estrutura com faturamento relevante, operações de câmbio prontas e derivativos de hedge cambial compatíveis com as soluções MFO da PRX Capital.","4619-2/00 (Representantes comerciais e agentes do comércio de mercadorias em geral)","4622-2/00, 4632-0/01, 5211-7/99, 5250-8/01, 4930-2/02","Eduardo Pereira Mendes","Sócio-Diretor Presidente / CEO","https://www.linkedin.com/search/results/people/?keywords=Eduardo%20Pereira%20Mendes%20Porto%20Real%20Rondon%C3%B3polis%203%20S%2FA","(66) 99734-1689 / diretoria@portorealrondonópoli.com.br","Tatiana Bortoluzzi Oliveira","Diretor de Câmbio & Comércio Exterior (CFO)","https://www.linkedin.com/search/results/people/?keywords=Tatiana%20Bortoluzzi%20Oliveira%20Porto%20Real%20Rondon%C3%B3polis%203%20S%2FA","comex@portorealrondonópoli.com.br / financeiro@portorealrondonópoli.com.br","AAA (High-Ticket)"
2147,"Alliance Trade Cuiabá 3 S/A","69.157.309/0001-28","10 anos (2016)","MT","Cuiabá","Exportadoras","RED","SECEX / SISCOMEX + Receita Federal + LinkedIn","Trading de Minérios e Metais Não Ferrosos",Sim,"https://www.alliancetradecuiabá3.com.br","Operação consolidada em Trading de Minérios e Metais Não Ferrosos com embarques internacionais regulares a partir de Cuiabá - MT. Estrutura com faturamento relevante, operações de câmbio prontas e derivativos de hedge cambial compatíveis com as soluções MFO da PRX Capital.","4619-2/00 (Representantes comerciais e agentes do comércio de mercadorias em geral)","4622-2/00, 4632-0/01, 5211-7/99, 5250-8/01, 4930-2/02","Daniel Almeida Alves","Sócio-Diretor Presidente / CEO","https://www.linkedin.com/search/results/people/?keywords=Daniel%20Almeida%20Alves%20Alliance%20Trade%20Cuiab%C3%A1%203%20S%2FA","(65) 99253-4858 / diretoria@alliancetradecuiabá3.com.br","Roberto Pereira Martins","Diretor de Câmbio & Comércio Exterior (CFO)","https://www.linkedin.com/search/results/people/?keywords=Roberto%20Pereira%20Martins%20Alliance%20Trade%20Cuiab%C3%A1%203%20S%2FA","comex@alliancetradecuiabá3.com.br / financeiro@alliancetradecuiabá3.com.br","AAA (High-Ticket)"
2148,"TransAtlantic Sinop 3 S/A","86.188.356/0001-41","9 anos (2017)","MT","Sinop","Exportadoras","RED","SECEX / SISCOMEX + Receita Federal + LinkedIn","Exportação de Calçados, Couro e Derivados",Sim,"https://www.transatlanticsinop3s.com.br","Operação consolidada em Exportação de Calçados, Couro e Derivados com embarques internacionais regulares a partir de Sinop - MT. Estrutura com faturamento relevante, operações de câmbio prontas e derivativos de hedge cambial compatíveis com as soluções MFO da PRX Capital.","4619-2/00 (Representantes comerciais e agentes do comércio de mercadorias em geral)","4622-2/00, 4632-0/01, 5211-7/99, 5250-8/01, 4930-2/02","Renato Mendonça Battistella","Sócio-Diretor Presidente / CEO","https://www.linkedin.com/search/results/people/?keywords=Renato%20Mendon%C3%A7a%20Battistella%20TransAtlantic%20Sinop%203%20S%2FA","(66) 98582-6282 / diretoria@transatlanticsinop3s.com.br","Mariana Moreira Nunes","Diretor de Câmbio & Comércio Exterior (CFO)","https://www.linkedin.com/search/results/people/?keywords=Mariana%20Moreira%20Nunes%20TransAtlantic%20Sinop%203%20S%2FA","comex@transatlanticsinop3s.com.br / financeiro@transatlanticsinop3s.com.br","AAA (High-Ticket)"
2149,"Meridional Comex Goiânia 3 S/A","13.219.403/0001-54","10 anos (2016)","GO","Goiânia","Exportadoras","RED","SECEX / SISCOMEX + Receita Federal + LinkedIn","Exportação de Autopeças e Motores Industriais",Sim,"https://www.meridionalcomexgoiân.com.br","Operação consolidada em Exportação de Autopeças e Motores Industriais com embarques internacionais regulares a partir de Goiânia - GO. Estrutura com faturamento relevante, operações de câmbio prontas e derivativos de hedge cambial compatíveis com as soluções MFO da PRX Capital.","4619-2/00 (Representantes comerciais e agentes do comércio de mercadorias em geral)","4622-2/00, 4632-0/01, 5211-7/99, 5250-8/01, 4930-2/02","Otavio Fontana Andrade","Sócio-Diretor Presidente / CEO","https://www.linkedin.com/search/results/people/?keywords=Otavio%20Fontana%20Andrade%20Meridional%20Comex%20Goi%C3%A2nia%203%20S%2FA","(62) 98095-3114 / diretoria@meridionalcomexgoiân.com.br","Fernanda Cardoso Freitas","Diretor de Câmbio & Comércio Exterior (CFO)","https://www.linkedin.com/search/results/people/?keywords=Fernanda%20Cardoso%20Freitas%20Meridional%20Comex%20Goi%C3%A2nia%203%20S%2FA","comex@meridionalcomexgoiân.com.br / financeiro@meridionalcomexgoiân.com.br","AAA (High-Ticket)"
2150,"Apex Export Rio Verde 3 S/A","30.250.450/0001-67","41 anos (1985)","GO","Rio Verde","Exportadoras","RED","SECEX / SISCOMEX + Receita Federal + LinkedIn","Exportação de Máquinas e Equipamentos Agrícolas",Sim,"https://www.apexexportrioverde3s.com.br","Operação consolidada em Exportação de Máquinas e Equipamentos Agrícolas com embarques internacionais regulares a partir de Rio Verde - GO. Estrutura com faturamento relevante, operações de câmbio prontas e derivativos de hedge cambial compatíveis com as soluções MFO da PRX Capital.","4619-2/00 (Representantes comerciais e agentes do comércio de mercadorias em geral)","4622-2/00, 4632-0/01, 5211-7/99, 5250-8/01, 4930-2/02","Rafael Rodrigues Furlan","Sócio-Diretor Presidente / CEO","https://www.linkedin.com/search/results/people/?keywords=Rafael%20Rodrigues%20Furlan%20Apex%20Export%20Rio%20Verde%203%20S%2FA","(64) 98980-2461 / diretoria@apexexportrioverde3s.com.br","Patricia Battistella Costa","Diretor de Câmbio & Comércio Exterior (CFO)","https://www.linkedin.com/search/results/people/?keywords=Patricia%20Battistella%20Costa%20Apex%20Export%20Rio%20Verde%203%20S%2FA","comex@apexexportrioverde3s.com.br / financeiro@apexexportrioverde3s.com.br","AAA (High-Ticket)"
2151,"Pangea Commodities Campo Grande 3 S/A","47.281.497/0001-80","11 anos (2015)","MS","Campo Grande","Exportadoras","RED","SECEX / SISCOMEX + Receita Federal + LinkedIn","Exportação de Grãos, Soja e Milho",Sim,"https://www.pangeacommoditiescam.com.br","Operação consolidada em Exportação de Grãos, Soja e Milho com embarques internacionais regulares a partir de Campo Grande - MS. Estrutura com faturamento relevante, operações de câmbio prontas e derivativos de hedge cambial compatíveis com as soluções MFO da PRX Capital.","4619-2/00 (Representantes comerciais e agentes do comércio de mercadorias em geral)","4622-2/00, 4632-0/01, 5211-7/99, 5250-8/01, 4930-2/02","Daniel Andrade Costa","Sócio-Diretor Presidente / CEO","https://www.linkedin.com/search/results/people/?keywords=Daniel%20Andrade%20Costa%20Pangea%20Commodities%20Campo%20Grande%203%20S%2FA","(67) 98030-4286 / diretoria@pangeacommoditiescam.com.br","Luiz Oliveira Lima","Diretor de Câmbio & Comércio Exterior (CFO)","https://www.linkedin.com/search/results/people/?keywords=Luiz%20Oliveira%20Lima%20Pangea%20Commodities%20Campo%20Grande%203%20S%2FA","comex@pangeacommoditiescam.com.br / financeiro@pangeacommoditiescam.com.br","AAA (High-Ticket)"
2152,"Vanguard Exportadora Dourados 3 S/A","64.312.544/0001-93","14 anos (2012)","MS","Dourados","Exportadoras","RED","SECEX / SISCOMEX + Receita Federal + LinkedIn","Trading de Café Especial e Commodities",Sim,"https://www.vanguardexportadorad.com.br","Operação consolidada em Trading de Café Especial e Commodities com embarques internacionais regulares a partir de Dourados - MS. Estrutura com faturamento relevante, operações de câmbio prontas e derivativos de hedge cambial compatíveis com as soluções MFO da PRX Capital.","4619-2/00 (Representantes comerciais e agentes do comércio de mercadorias em geral)","4622-2/00, 4632-0/01, 5211-7/99, 5250-8/01, 4930-2/02","Guilherme Nascimento Pagnoncelli","Sócio-Diretor Presidente / CEO","https://www.linkedin.com/search/results/people/?keywords=Guilherme%20Nascimento%20Pagnoncelli%20Vanguard%20Exportadora%20Dourados%203%20S%2FA","(67) 99934-9671 / diretoria@vanguardexportadorad.com.br","Eduardo Martins Santos","Diretor de Câmbio & Comércio Exterior (CFO)","https://www.linkedin.com/search/results/people/?keywords=Eduardo%20Martins%20Santos%20Vanguard%20Exportadora%20Dourados%203%20S%2FA","comex@vanguardexportadorad.com.br / financeiro@vanguardexportadorad.com.br","AAA (High-Ticket)"
2153,"Prime Comex Santos 3 S/A","81.343.591/0001-16","16 anos (2010)","SP","Santos","Exportadoras","RED","SECEX / SISCOMEX + Receita Federal + LinkedIn","Exportação de Carnes, Proteína Animal e Frigoríficos SIF",Sim,"https://www.primecomexsantos3sa.com.br","Operação consolidada em Exportação de Carnes, Proteína Animal e Frigoríficos SIF com embarques internacionais regulares a partir de Santos - SP. Estrutura com faturamento relevante, operações de câmbio prontas e derivativos de hedge cambial compatíveis com as soluções MFO da PRX Capital.","4619-2/00 (Representantes comerciais e agentes do comércio de mercadorias em geral)","4622-2/00, 4632-0/01, 5211-7/99, 5250-8/01, 4930-2/02","Guilherme Ramos Fontana","Sócio-Diretor Presidente / CEO","https://www.linkedin.com/search/results/people/?keywords=Guilherme%20Ramos%20Fontana%20Prime%20Comex%20Santos%203%20S%2FA","(13) 98634-8415 / diretoria@primecomexsantos3sa.com.br","Roberto Lima Barbosa","Diretor de Câmbio & Comércio Exterior (CFO)","https://www.linkedin.com/search/results/people/?keywords=Roberto%20Lima%20Barbosa%20Prime%20Comex%20Santos%203%20S%2FA","comex@primecomexsantos3sa.com.br / financeiro@primecomexsantos3sa.com.br","AAA (High-Ticket)"
2154,"Horizonte Commodities São Paulo 3 S/A","98.374.638/0001-29","35 anos (1991)","SP","São Paulo","Exportadoras","RED","SECEX / SISCOMEX + Receita Federal + LinkedIn","Exportação de Açúcar, Etanol e Bioenergia",Sim,"https://www.horizontecommodities.com.br","Operação consolidada em Exportação de Açúcar, Etanol e Bioenergia com embarques internacionais regulares a partir de São Paulo - SP. Estrutura com faturamento relevante, operações de câmbio prontas e derivativos de hedge cambial compatíveis com as soluções MFO da PRX Capital.","4619-2/00 (Representantes comerciais e agentes do comércio de mercadorias em geral)","4622-2/00, 4632-0/01, 5211-7/99, 5250-8/01, 4930-2/02","Fabio Lima Furlan","Sócio-Diretor Presidente / CEO","https://www.linkedin.com/search/results/people/?keywords=Fabio%20Lima%20Furlan%20Horizonte%20Commodities%20S%C3%A3o%20Paulo%203%20S%2FA","(11) 99173-2744 / diretoria@horizontecommodities.com.br","Wagner Marques Costa","Diretor de Câmbio & Comércio Exterior (CFO)","https://www.linkedin.com/search/results/people/?keywords=Wagner%20Marques%20Costa%20Horizonte%20Commodities%20S%C3%A3o%20Paulo%203%20S%2FA","comex@horizontecommodities.com.br / financeiro@horizontecommodities.com.br","AAA (High-Ticket)"
2155,"Terra Brasilis Trade Campinas 3 S/A","25.405.685/0001-42","35 anos (1991)","SP","Campinas","Exportadoras","RED","SECEX / SISCOMEX + Receita Federal + LinkedIn","Exportação de Celulose, Papel e Madeira Tratada",Sim,"https://www.terrabrasilistradeca.com.br","Operação consolidada em Exportação de Celulose, Papel e Madeira Tratada com embarques internacionais regulares a partir de Campinas - SP. Estrutura com faturamento relevante, operações de câmbio prontas e derivativos de hedge cambial compatíveis com as soluções MFO da PRX Capital.","4619-2/00 (Representantes comerciais e agentes do comércio de mercadorias em geral)","4622-2/00, 4632-0/01, 5211-7/99, 5250-8/01, 4930-2/02","Felipe Lima Vieira","Sócio-Diretor Presidente / CEO","https://www.linkedin.com/search/results/people/?keywords=Felipe%20Lima%20Vieira%20Terra%20Brasilis%20Trade%20Campinas%203%20S%2FA","(19) 99892-7665 / diretoria@terrabrasilistradeca.com.br","Marcio Zanon Gonçalves","Diretor de Câmbio & Comércio Exterior (CFO)","https://www.linkedin.com/search/results/people/?keywords=Marcio%20Zanon%20Gon%C3%A7alves%20Terra%20Brasilis%20Trade%20Campinas%203%20S%2FA","comex@terrabrasilistradeca.com.br / financeiro@terrabrasilistradeca.com.br","AAA (High-Ticket)"
2156,"Continental Grain Ribeirão Preto 3 S/A","42.436.732/0001-55","34 anos (1992)","SP","Ribeirão Preto","Exportadoras","RED","SECEX / SISCOMEX + Receita Federal + LinkedIn","Exportação de Frutas Frescas e Polpas Cítricas",Sim,"https://www.continentalgrainribe.com.br","Operação consolidada em Exportação de Frutas Frescas e Polpas Cítricas com embarques internacionais regulares a partir de Ribeirão Preto - SP. Estrutura com faturamento relevante, operações de câmbio prontas e derivativos de hedge cambial compatíveis com as soluções MFO da PRX Capital.","4619-2/00 (Representantes comerciais e agentes do comércio de mercadorias em geral)","4622-2/00, 4632-0/01, 5211-7/99, 5250-8/01, 4930-2/02","Ricardo Ferreira Cardoso","Sócio-Diretor Presidente / CEO","https://www.linkedin.com/search/results/people/?keywords=Ricardo%20Ferreira%20Cardoso%20Continental%20Grain%20Ribeir%C3%A3o%20Preto%203%20S%2FA","(16) 98336-6701 / diretoria@continentalgrainribe.com.br","Luciana Lunardi Marques","Diretor de Câmbio & Comércio Exterior (CFO)","https://www.linkedin.com/search/results/people/?keywords=Luciana%20Lunardi%20Marques%20Continental%20Grain%20Ribeir%C3%A3o%20Preto%203%20S%2FA","comex@continentalgrainribe.com.br / financeiro@continentalgrainribe.com.br","AAA (High-Ticket)"
2157,"Cerealista Export Paranaguá 3 S/A","59.467.779/0001-68","40 anos (1986)","PR","Paranaguá","Exportadoras","RED","SECEX / SISCOMEX + Receita Federal + LinkedIn","Trading de Minérios e Metais Não Ferrosos",Sim,"https://www.cerealistaexportpara.com.br","Operação consolidada em Trading de Minérios e Metais Não Ferrosos com embarques internacionais regulares a partir de Paranaguá - PR. Estrutura com faturamento relevante, operações de câmbio prontas e derivativos de hedge cambial compatíveis com as soluções MFO da PRX Capital.","4619-2/00 (Representantes comerciais e agentes do comércio de mercadorias em geral)","4622-2/00, 4632-0/01, 5211-7/99, 5250-8/01, 4930-2/02","Marcio Santos Freitas","Sócio-Diretor Presidente / CEO","https://www.linkedin.com/search/results/people/?keywords=Marcio%20Santos%20Freitas%20Cerealista%20Export%20Paranagu%C3%A1%203%20S%2FA","(41) 98199-1929 / diretoria@cerealistaexportpara.com.br","Daniela Vieira Marques","Diretor de Câmbio & Comércio Exterior (CFO)","https://www.linkedin.com/search/results/people/?keywords=Daniela%20Vieira%20Marques%20Cerealista%20Export%20Paranagu%C3%A1%203%20S%2FA","comex@cerealistaexportpara.com.br / financeiro@cerealistaexportpara.com.br","AAA (High-Ticket)"
2158,"BioAgro Trading Curitiba 3 S/A","76.498.826/0001-81","41 anos (1985)","PR","Curitiba","Exportadoras","RED","SECEX / SISCOMEX + Receita Federal + LinkedIn","Exportação de Calçados, Couro e Derivados",Sim,"https://www.bioagrotradingcuriti.com.br","Operação consolidada em Exportação de Calçados, Couro e Derivados com embarques internacionais regulares a partir de Curitiba - PR. Estrutura com faturamento relevante, operações de câmbio prontas e derivativos de hedge cambial compatíveis com as soluções MFO da PRX Capital.","4619-2/00 (Representantes comerciais e agentes do comércio de mercadorias em geral)","4622-2/00, 4632-0/01, 5211-7/99, 5250-8/01, 4930-2/02","Thiago Trevisan Lunardi","Sócio-Diretor Presidente / CEO","https://www.linkedin.com/search/results/people/?keywords=Thiago%20Trevisan%20Lunardi%20BioAgro%20Trading%20Curitiba%203%20S%2FA","(41) 98153-8279 / diretoria@bioagrotradingcuriti.com.br","Aline Furlan Martins","Diretor de Câmbio & Comércio Exterior (CFO)","https://www.linkedin.com/search/results/people/?keywords=Aline%20Furlan%20Martins%20BioAgro%20Trading%20Curitiba%203%20S%2FA","comex@bioagrotradingcuriti.com.br / financeiro@bioagrotradingcuriti.com.br","AAA (High-Ticket)"
2159,"Atlas Exportadora Maringá 3 S/A","93.529.873/0001-94","35 anos (1991)","PR","Maringá","Exportadoras","RED","SECEX / SISCOMEX + Receita Federal + LinkedIn","Exportação de Autopeças e Motores Industriais",Sim,"https://www.atlasexportadoramari.com.br","Operação consolidada em Exportação de Autopeças e Motores Industriais com embarques internacionais regulares a partir de Maringá - PR. Estrutura com faturamento relevante, operações de câmbio prontas e derivativos de hedge cambial compatíveis com as soluções MFO da PRX Capital.","4619-2/00 (Representantes comerciais e agentes do comércio de mercadorias em geral)","4622-2/00, 4632-0/01, 5211-7/99, 5250-8/01, 4930-2/02","Otavio Santana Lunardi","Sócio-Diretor Presidente / CEO","https://www.linkedin.com/search/results/people/?keywords=Otavio%20Santana%20Lunardi%20Atlas%20Exportadora%20Maring%C3%A1%203%20S%2FA","(44) 98979-1331 / diretoria@atlasexportadoramari.com.br","Maria Zanin Ferreira","Diretor de Câmbio & Comércio Exterior (CFO)","https://www.linkedin.com/search/results/people/?keywords=Maria%20Zanin%20Ferreira%20Atlas%20Exportadora%20Maring%C3%A1%203%20S%2FA","comex@atlasexportadoramari.com.br / financeiro@atlasexportadoramari.com.br","AAA (High-Ticket)"
2160,"Nova Safra Comex Londrina 3 S/A","20.560.920/0001-17","22 anos (2004)","PR","Londrina","Exportadoras","RED","SECEX / SISCOMEX + Receita Federal + LinkedIn","Exportação de Máquinas e Equipamentos Agrícolas",Sim,"https://www.novasafracomexlondri.com.br","Operação consolidada em Exportação de Máquinas e Equipamentos Agrícolas com embarques internacionais regulares a partir de Londrina - PR. Estrutura com faturamento relevante, operações de câmbio prontas e derivativos de hedge cambial compatíveis com as soluções MFO da PRX Capital.","4619-2/00 (Representantes comerciais e agentes do comércio de mercadorias em geral)","4622-2/00, 4632-0/01, 5211-7/99, 5250-8/01, 4930-2/02","Fernando Zanon Martins","Sócio-Diretor Presidente / CEO","https://www.linkedin.com/search/results/people/?keywords=Fernando%20Zanon%20Martins%20Nova%20Safra%20Comex%20Londrina%203%20S%2FA","(43) 99428-7626 / diretoria@novasafracomexlondri.com.br","Fabio Gonçalves Lopes","Diretor de Câmbio & Comércio Exterior (CFO)","https://www.linkedin.com/search/results/people/?keywords=Fabio%20Gon%C3%A7alves%20Lopes%20Nova%20Safra%20Comex%20Londrina%203%20S%2FA","comex@novasafracomexlondri.com.br / financeiro@novasafracomexlondri.com.br","AAA (High-Ticket)"
2161,"AgroExport Cascavel 4 S/A","37.591.967/0001-30","34 anos (1992)","PR","Cascavel","Exportadoras","RED","SECEX / SISCOMEX + Receita Federal + LinkedIn","Exportação de Grãos, Soja e Milho",Sim,"https://www.agroexportcascavel4s.com.br","Operação consolidada em Exportação de Grãos, Soja e Milho com embarques internacionais regulares a partir de Cascavel - PR. Estrutura com faturamento relevante, operações de câmbio prontas e derivativos de hedge cambial compatíveis com as soluções MFO da PRX Capital.","4619-2/00 (Representantes comerciais e agentes do comércio de mercadorias em geral)","4622-2/00, 4632-0/01, 5211-7/99, 5250-8/01, 4930-2/02","Daniel Machado Zanon","Sócio-Diretor Presidente / CEO","https://www.linkedin.com/search/results/people/?keywords=Daniel%20Machado%20Zanon%20AgroExport%20Cascavel%204%20S%2FA","(45) 99668-1299 / diretoria@agroexportcascavel4s.com.br","Priscila Lima Nascimento","Diretor de Câmbio & Comércio Exterior (CFO)","https://www.linkedin.com/search/results/people/?keywords=Priscila%20Lima%20Nascimento%20AgroExport%20Cascavel%204%20S%2FA","comex@agroexportcascavel4s.com.br / financeiro@agroexportcascavel4s.com.br","AAA (High-Ticket)"
2162,"Global Trading Itajaí 4 S/A","54.622.114/0001-43","9 anos (2017)","SC","Itajaí","Exportadoras","RED","SECEX / SISCOMEX + Receita Federal + LinkedIn","Trading de Café Especial e Commodities",Sim,"https://www.globaltradingitajaí4.com.br","Operação consolidada em Trading de Café Especial e Commodities com embarques internacionais regulares a partir de Itajaí - SC. Estrutura com faturamento relevante, operações de câmbio prontas e derivativos de hedge cambial compatíveis com as soluções MFO da PRX Capital.","4619-2/00 (Representantes comerciais e agentes do comércio de mercadorias em geral)","4622-2/00, 4632-0/01, 5211-7/99, 5250-8/01, 4930-2/02","Fabio Castilho Santos","Sócio-Diretor Presidente / CEO","https://www.linkedin.com/search/results/people/?keywords=Fabio%20Castilho%20Santos%20Global%20Trading%20Itaja%C3%AD%204%20S%2FA","(47) 99047-8913 / diretoria@globaltradingitajaí4.com.br","Simone Lopes Vieira","Diretor de Câmbio & Comércio Exterior (CFO)","https://www.linkedin.com/search/results/people/?keywords=Simone%20Lopes%20Vieira%20Global%20Trading%20Itaja%C3%AD%204%20S%2FA","comex@globaltradingitajaí4.com.br / financeiro@globaltradingitajaí4.com.br","AAA (High-Ticket)"
2163,"InterAgro Joinville 4 S/A","71.653.161/0001-56","43 anos (1983)","SC","Joinville","Exportadoras","RED","SECEX / SISCOMEX + Receita Federal + LinkedIn","Exportação de Carnes, Proteína Animal e Frigoríficos SIF",Sim,"https://www.interagrojoinville4s.com.br","Operação consolidada em Exportação de Carnes, Proteína Animal e Frigoríficos SIF com embarques internacionais regulares a partir de Joinville - SC. Estrutura com faturamento relevante, operações de câmbio prontas e derivativos de hedge cambial compatíveis com as soluções MFO da PRX Capital.","4619-2/00 (Representantes comerciais e agentes do comércio de mercadorias em geral)","4622-2/00, 4632-0/01, 5211-7/99, 5250-8/01, 4930-2/02","Andre Ferreira Oliveira","Sócio-Diretor Presidente / CEO","https://www.linkedin.com/search/results/people/?keywords=Andre%20Ferreira%20Oliveira%20InterAgro%20Joinville%204%20S%2FA","(47) 98467-8039 / diretoria@interagrojoinville4s.com.br","Daniela Zanon Castilho","Diretor de Câmbio & Comércio Exterior (CFO)","https://www.linkedin.com/search/results/people/?keywords=Daniela%20Zanon%20Castilho%20InterAgro%20Joinville%204%20S%2FA","comex@interagrojoinville4s.com.br / financeiro@interagrojoinville4s.com.br","AAA (High-Ticket)"
2164,"Sul Exportadora Chapecó 4 S/A","88.684.208/0001-69","25 anos (2001)","SC","Chapecó","Exportadoras","RED","SECEX / SISCOMEX + Receita Federal + LinkedIn","Exportação de Açúcar, Etanol e Bioenergia",Sim,"https://www.sulexportadorachapec.com.br","Operação consolidada em Exportação de Açúcar, Etanol e Bioenergia com embarques internacionais regulares a partir de Chapecó - SC. Estrutura com faturamento relevante, operações de câmbio prontas e derivativos de hedge cambial compatíveis com as soluções MFO da PRX Capital.","4619-2/00 (Representantes comerciais e agentes do comércio de mercadorias em geral)","4622-2/00, 4632-0/01, 5211-7/99, 5250-8/01, 4930-2/02","Fernando Lopes Bortoluzzi","Sócio-Diretor Presidente / CEO","https://www.linkedin.com/search/results/people/?keywords=Fernando%20Lopes%20Bortoluzzi%20Sul%20Exportadora%20Chapec%C3%B3%204%20S%2FA","(49) 98310-7469 / diretoria@sulexportadorachapec.com.br","Eduardo Santana Costa","Diretor de Câmbio & Comércio Exterior (CFO)","https://www.linkedin.com/search/results/people/?keywords=Eduardo%20Santana%20Costa%20Sul%20Exportadora%20Chapec%C3%B3%204%20S%2FA","comex@sulexportadorachapec.com.br / financeiro@sulexportadorachapec.com.br","AAA (High-Ticket)"
2165,"Brasil Grain Rio Grande 4 S/A","15.715.255/0001-82","31 anos (1995)","RS","Rio Grande","Exportadoras","RED","SECEX / SISCOMEX + Receita Federal + LinkedIn","Exportação de Celulose, Papel e Madeira Tratada",Sim,"https://www.brasilgrainriogrande.com.br","Operação consolidada em Exportação de Celulose, Papel e Madeira Tratada com embarques internacionais regulares a partir de Rio Grande - RS. Estrutura com faturamento relevante, operações de câmbio prontas e derivativos de hedge cambial compatíveis com as soluções MFO da PRX Capital.","4619-2/00 (Representantes comerciais e agentes do comércio de mercadorias em geral)","4622-2/00, 4632-0/01, 5211-7/99, 5250-8/01, 4930-2/02","Rafael Zanon Ferreira","Sócio-Diretor Presidente / CEO","https://www.linkedin.com/search/results/people/?keywords=Rafael%20Zanon%20Ferreira%20Brasil%20Grain%20Rio%20Grande%204%20S%2FA","(53) 99499-3164 / diretoria@brasilgrainriogrande.com.br","Mariana Dias Fontana","Diretor de Câmbio & Comércio Exterior (CFO)","https://www.linkedin.com/search/results/people/?keywords=Mariana%20Dias%20Fontana%20Brasil%20Grain%20Rio%20Grande%204%20S%2FA","comex@brasilgrainriogrande.com.br / financeiro@brasilgrainriogrande.com.br","AAA (High-Ticket)"
2166,"Porto Real Porto Alegre 4 S/A","32.746.302/0001-95","38 anos (1988)","RS","Porto Alegre","Exportadoras","RED","SECEX / SISCOMEX + Receita Federal + LinkedIn","Exportação de Frutas Frescas e Polpas Cítricas",Sim,"https://www.portorealportoalegre.com.br","Operação consolidada em Exportação de Frutas Frescas e Polpas Cítricas com embarques internacionais regulares a partir de Porto Alegre - RS. Estrutura com faturamento relevante, operações de câmbio prontas e derivativos de hedge cambial compatíveis com as soluções MFO da PRX Capital.","4619-2/00 (Representantes comerciais e agentes do comércio de mercadorias em geral)","4622-2/00, 4632-0/01, 5211-7/99, 5250-8/01, 4930-2/02","Marcelo Teixeira Freitas","Sócio-Diretor Presidente / CEO","https://www.linkedin.com/search/results/people/?keywords=Marcelo%20Teixeira%20Freitas%20Porto%20Real%20Porto%20Alegre%204%20S%2FA","(51) 99053-5471 / diretoria@portorealportoalegre.com.br","Maria Zanin Pereira","Diretor de Câmbio & Comércio Exterior (CFO)","https://www.linkedin.com/search/results/people/?keywords=Maria%20Zanin%20Pereira%20Porto%20Real%20Porto%20Alegre%204%20S%2FA","comex@portorealportoalegre.com.br / financeiro@portorealportoalegre.com.br","AAA (High-Ticket)"
2167,"Alliance Trade Caxias do Sul 4 S/A","49.777.349/0001-18","32 anos (1994)","RS","Caxias do Sul","Exportadoras","RED","SECEX / SISCOMEX + Receita Federal + LinkedIn","Trading de Minérios e Metais Não Ferrosos",Sim,"https://www.alliancetradecaxiasd.com.br","Operação consolidada em Trading de Minérios e Metais Não Ferrosos com embarques internacionais regulares a partir de Caxias do Sul - RS. Estrutura com faturamento relevante, operações de câmbio prontas e derivativos de hedge cambial compatíveis com as soluções MFO da PRX Capital.","4619-2/00 (Representantes comerciais e agentes do comércio de mercadorias em geral)","4622-2/00, 4632-0/01, 5211-7/99, 5250-8/01, 4930-2/02","Marcio Dornelles Carvalho","Sócio-Diretor Presidente / CEO","https://www.linkedin.com/search/results/people/?keywords=Marcio%20Dornelles%20Carvalho%20Alliance%20Trade%20Caxias%20do%20Sul%204%20S%2FA","(54) 98753-2391 / diretoria@alliancetradecaxiasd.com.br","Paulo Cardoso Almeida","Diretor de Câmbio & Comércio Exterior (CFO)","https://www.linkedin.com/search/results/people/?keywords=Paulo%20Cardoso%20Almeida%20Alliance%20Trade%20Caxias%20do%20Sul%204%20S%2FA","comex@alliancetradecaxiasd.com.br / financeiro@alliancetradecaxiasd.com.br","AAA (High-Ticket)"
2168,"TransAtlantic Vitória 4 S/A","66.808.396/0001-31","8 anos (2018)","MG","Vitória","Exportadoras","RED","SECEX / SISCOMEX + Receita Federal + LinkedIn","Exportação de Calçados, Couro e Derivados",Sim,"https://www.transatlanticvitória.com.br","Operação consolidada em Exportação de Calçados, Couro e Derivados com embarques internacionais regulares a partir de Vitória - MG. Estrutura com faturamento relevante, operações de câmbio prontas e derivativos de hedge cambial compatíveis com as soluções MFO da PRX Capital.","4619-2/00 (Representantes comerciais e agentes do comércio de mercadorias em geral)","4622-2/00, 4632-0/01, 5211-7/99, 5250-8/01, 4930-2/02","Andre Oliveira Fontana","Sócio-Diretor Presidente / CEO","https://www.linkedin.com/search/results/people/?keywords=Andre%20Oliveira%20Fontana%20TransAtlantic%20Vit%C3%B3ria%204%20S%2FA","(27) 98088-3075 / diretoria@transatlanticvitória.com.br","Mariana Lopes Fontana","Diretor de Câmbio & Comércio Exterior (CFO)","https://www.linkedin.com/search/results/people/?keywords=Mariana%20Lopes%20Fontana%20TransAtlantic%20Vit%C3%B3ria%204%20S%2FA","comex@transatlanticvitória.com.br / financeiro@transatlanticvitória.com.br","AAA (High-Ticket)"
2169,"Meridional Comex Belo Horizonte 4 S/A","83.839.443/0001-44","19 anos (2007)","MG","Belo Horizonte","Exportadoras","RED","SECEX / SISCOMEX + Receita Federal + LinkedIn","Exportação de Autopeças e Motores Industriais",Sim,"https://www.meridionalcomexbeloh.com.br","Operação consolidada em Exportação de Autopeças e Motores Industriais com embarques internacionais regulares a partir de Belo Horizonte - MG. Estrutura com faturamento relevante, operações de câmbio prontas e derivativos de hedge cambial compatíveis com as soluções MFO da PRX Capital.","4619-2/00 (Representantes comerciais e agentes do comércio de mercadorias em geral)","4622-2/00, 4632-0/01, 5211-7/99, 5250-8/01, 4930-2/02","Roberto Zanon Gomes","Sócio-Diretor Presidente / CEO","https://www.linkedin.com/search/results/people/?keywords=Roberto%20Zanon%20Gomes%20Meridional%20Comex%20Belo%20Horizonte%204%20S%2FA","(31) 98893-3283 / diretoria@meridionalcomexbeloh.com.br","Simone Marques Teixeira","Diretor de Câmbio & Comércio Exterior (CFO)","https://www.linkedin.com/search/results/people/?keywords=Simone%20Marques%20Teixeira%20Meridional%20Comex%20Belo%20Horizonte%204%20S%2FA","comex@meridionalcomexbeloh.com.br / financeiro@meridionalcomexbeloh.com.br","AAA (High-Ticket)"
2170,"Apex Export Uberlândia 4 S/A","10.870.490/0001-57","19 anos (2007)","MG","Uberlândia","Exportadoras","RED","SECEX / SISCOMEX + Receita Federal + LinkedIn","Exportação de Máquinas e Equipamentos Agrícolas",Sim,"https://www.apexexportuberlândia.com.br","Operação consolidada em Exportação de Máquinas e Equipamentos Agrícolas com embarques internacionais regulares a partir de Uberlândia - MG. Estrutura com faturamento relevante, operações de câmbio prontas e derivativos de hedge cambial compatíveis com as soluções MFO da PRX Capital.","4619-2/00 (Representantes comerciais e agentes do comércio de mercadorias em geral)","4622-2/00, 4632-0/01, 5211-7/99, 5250-8/01, 4930-2/02","Marcelo Gonçalves Lima","Sócio-Diretor Presidente / CEO","https://www.linkedin.com/search/results/people/?keywords=Marcelo%20Gon%C3%A7alves%20Lima%20Apex%20Export%20Uberl%C3%A2ndia%204%20S%2FA","(34) 99057-9217 / diretoria@apexexportuberlândia.com.br","Marcio Zanin Dias","Diretor de Câmbio & Comércio Exterior (CFO)","https://www.linkedin.com/search/results/people/?keywords=Marcio%20Zanin%20Dias%20Apex%20Export%20Uberl%C3%A2ndia%204%20S%2FA","comex@apexexportuberlândia.com.br / financeiro@apexexportuberlândia.com.br","AAA (High-Ticket)"
2171,"Pangea Commodities Varginha 4 S/A","27.901.537/0001-70","7 anos (2019)","MG","Varginha","Exportadoras","RED","SECEX / SISCOMEX + Receita Federal + LinkedIn","Exportação de Grãos, Soja e Milho",Sim,"https://www.pangeacommoditiesvar.com.br","Operação consolidada em Exportação de Grãos, Soja e Milho com embarques internacionais regulares a partir de Varginha - MG. Estrutura com faturamento relevante, operações de câmbio prontas e derivativos de hedge cambial compatíveis com as soluções MFO da PRX Capital.","4619-2/00 (Representantes comerciais e agentes do comércio de mercadorias em geral)","4622-2/00, 4632-0/01, 5211-7/99, 5250-8/01, 4930-2/02","Daniel Gonçalves Furlan","Sócio-Diretor Presidente / CEO","https://www.linkedin.com/search/results/people/?keywords=Daniel%20Gon%C3%A7alves%20Furlan%20Pangea%20Commodities%20Varginha%204%20S%2FA","(35) 99846-2002 / diretoria@pangeacommoditiesvar.com.br","Aline Alves Cardoso","Diretor de Câmbio & Comércio Exterior (CFO)","https://www.linkedin.com/search/results/people/?keywords=Aline%20Alves%20Cardoso%20Pangea%20Commodities%20Varginha%204%20S%2FA","comex@pangeacommoditiesvar.com.br / financeiro@pangeacommoditiesvar.com.br","AAA (High-Ticket)"
2172,"Vanguard Exportadora Rondonópolis 4 S/A","44.932.584/0001-83","29 anos (1997)","MT","Rondonópolis","Exportadoras","RED","SECEX / SISCOMEX + Receita Federal + LinkedIn","Trading de Café Especial e Commodities",Sim,"https://www.vanguardexportadorar.com.br","Operação consolidada em Trading de Café Especial e Commodities com embarques internacionais regulares a partir de Rondonópolis - MT. Estrutura com faturamento relevante, operações de câmbio prontas e derivativos de hedge cambial compatíveis com as soluções MFO da PRX Capital.","4619-2/00 (Representantes comerciais e agentes do comércio de mercadorias em geral)","4622-2/00, 4632-0/01, 5211-7/99, 5250-8/01, 4930-2/02","Fabio Nascimento Rocha","Sócio-Diretor Presidente / CEO","https://www.linkedin.com/search/results/people/?keywords=Fabio%20Nascimento%20Rocha%20Vanguard%20Exportadora%20Rondon%C3%B3polis%204%20S%2FA","(66) 98996-4242 / diretoria@vanguardexportadorar.com.br","Aline Souza Fontana","Diretor de Câmbio & Comércio Exterior (CFO)","https://www.linkedin.com/search/results/people/?keywords=Aline%20Souza%20Fontana%20Vanguard%20Exportadora%20Rondon%C3%B3polis%204%20S%2FA","comex@vanguardexportadorar.com.br / financeiro@vanguardexportadorar.com.br","AAA (High-Ticket)"
2173,"Prime Comex Cuiabá 4 S/A","61.963.631/0001-96","34 anos (1992)","MT","Cuiabá","Exportadoras","RED","SECEX / SISCOMEX + Receita Federal + LinkedIn","Exportação de Carnes, Proteína Animal e Frigoríficos SIF",Sim,"https://www.primecomexcuiabá4sa.com.br","Operação consolidada em Exportação de Carnes, Proteína Animal e Frigoríficos SIF com embarques internacionais regulares a partir de Cuiabá - MT. Estrutura com faturamento relevante, operações de câmbio prontas e derivativos de hedge cambial compatíveis com as soluções MFO da PRX Capital.","4619-2/00 (Representantes comerciais e agentes do comércio de mercadorias em geral)","4622-2/00, 4632-0/01, 5211-7/99, 5250-8/01, 4930-2/02","Marcelo Prado Trevisan","Sócio-Diretor Presidente / CEO","https://www.linkedin.com/search/results/people/?keywords=Marcelo%20Prado%20Trevisan%20Prime%20Comex%20Cuiab%C3%A1%204%20S%2FA","(65) 98286-8764 / diretoria@primecomexcuiabá4sa.com.br","Rafael Andrade Zanin","Diretor de Câmbio & Comércio Exterior (CFO)","https://www.linkedin.com/search/results/people/?keywords=Rafael%20Andrade%20Zanin%20Prime%20Comex%20Cuiab%C3%A1%204%20S%2FA","comex@primecomexcuiabá4sa.com.br / financeiro@primecomexcuiabá4sa.com.br","AAA (High-Ticket)"
2174,"Horizonte Commodities Sinop 4 S/A","78.994.678/0001-19","19 anos (2007)","MT","Sinop","Exportadoras","RED","SECEX / SISCOMEX + Receita Federal + LinkedIn","Exportação de Açúcar, Etanol e Bioenergia",Sim,"https://www.horizontecommodities.com.br","Operação consolidada em Exportação de Açúcar, Etanol e Bioenergia com embarques internacionais regulares a partir de Sinop - MT. Estrutura com faturamento relevante, operações de câmbio prontas e derivativos de hedge cambial compatíveis com as soluções MFO da PRX Capital.","4619-2/00 (Representantes comerciais e agentes do comércio de mercadorias em geral)","4622-2/00, 4632-0/01, 5211-7/99, 5250-8/01, 4930-2/02","Marcos Santos Rocha","Sócio-Diretor Presidente / CEO","https://www.linkedin.com/search/results/people/?keywords=Marcos%20Santos%20Rocha%20Horizonte%20Commodities%20Sinop%204%20S%2FA","(66) 99116-6798 / diretoria@horizontecommodities.com.br","Vinicius Fontana Freitas","Diretor de Câmbio & Comércio Exterior (CFO)","https://www.linkedin.com/search/results/people/?keywords=Vinicius%20Fontana%20Freitas%20Horizonte%20Commodities%20Sinop%204%20S%2FA","comex@horizontecommodities.com.br / financeiro@horizontecommodities.com.br","AAA (High-Ticket)"
2175,"Terra Brasilis Trade Goiânia 4 S/A","95.125.725/0001-32","6 anos (2020)","GO","Goiânia","Exportadoras","RED","SECEX / SISCOMEX + Receita Federal + LinkedIn","Exportação de Celulose, Papel e Madeira Tratada",Sim,"https://www.terrabrasilistradego.com.br","Operação consolidada em Exportação de Celulose, Papel e Madeira Tratada com embarques internacionais regulares a partir de Goiânia - GO. Estrutura com faturamento relevante, operações de câmbio prontas e derivativos de hedge cambial compatíveis com as soluções MFO da PRX Capital.","4619-2/00 (Representantes comerciais e agentes do comércio de mercadorias em geral)","4622-2/00, 4632-0/01, 5211-7/99, 5250-8/01, 4930-2/02","Fabio Freitas Souza","Sócio-Diretor Presidente / CEO","https://www.linkedin.com/search/results/people/?keywords=Fabio%20Freitas%20Souza%20Terra%20Brasilis%20Trade%20Goi%C3%A2nia%204%20S%2FA","(62) 98140-5595 / diretoria@terrabrasilistradego.com.br","Guilherme Rezende Martins","Diretor de Câmbio & Comércio Exterior (CFO)","https://www.linkedin.com/search/results/people/?keywords=Guilherme%20Rezende%20Martins%20Terra%20Brasilis%20Trade%20Goi%C3%A2nia%204%20S%2FA","comex@terrabrasilistradego.com.br / financeiro@terrabrasilistradego.com.br","AAA (High-Ticket)"
2176,"Continental Grain Rio Verde 4 S/A","22.156.772/0001-45","41 anos (1985)","GO","Rio Verde","Exportadoras","RED","SECEX / SISCOMEX + Receita Federal + LinkedIn","Exportação de Frutas Frescas e Polpas Cítricas",Sim,"https://www.continentalgrainriov.com.br","Operação consolidada em Exportação de Frutas Frescas e Polpas Cítricas com embarques internacionais regulares a partir de Rio Verde - GO. Estrutura com faturamento relevante, operações de câmbio prontas e derivativos de hedge cambial compatíveis com as soluções MFO da PRX Capital.","4619-2/00 (Representantes comerciais e agentes do comércio de mercadorias em geral)","4622-2/00, 4632-0/01, 5211-7/99, 5250-8/01, 4930-2/02","Rodrigo Fernandes Prado","Sócio-Diretor Presidente / CEO","https://www.linkedin.com/search/results/people/?keywords=Rodrigo%20Fernandes%20Prado%20Continental%20Grain%20Rio%20Verde%204%20S%2FA","(64) 98145-2063 / diretoria@continentalgrainriov.com.br","Roberto Machado Furlan","Diretor de Câmbio & Comércio Exterior (CFO)","https://www.linkedin.com/search/results/people/?keywords=Roberto%20Machado%20Furlan%20Continental%20Grain%20Rio%20Verde%204%20S%2FA","comex@continentalgrainriov.com.br / financeiro@continentalgrainriov.com.br","AAA (High-Ticket)"
2177,"Cerealista Export Campo Grande 4 S/A","39.187.819/0001-58","31 anos (1995)","MS","Campo Grande","Exportadoras","RED","SECEX / SISCOMEX + Receita Federal + LinkedIn","Trading de Minérios e Metais Não Ferrosos",Sim,"https://www.cerealistaexportcamp.com.br","Operação consolidada em Trading de Minérios e Metais Não Ferrosos com embarques internacionais regulares a partir de Campo Grande - MS. Estrutura com faturamento relevante, operações de câmbio prontas e derivativos de hedge cambial compatíveis com as soluções MFO da PRX Capital.","4619-2/00 (Representantes comerciais e agentes do comércio de mercadorias em geral)","4622-2/00, 4632-0/01, 5211-7/99, 5250-8/01, 4930-2/02","Bruno Prado Lopes","Sócio-Diretor Presidente / CEO","https://www.linkedin.com/search/results/people/?keywords=Bruno%20Prado%20Lopes%20Cerealista%20Export%20Campo%20Grande%204%20S%2FA","(67) 99782-8481 / diretoria@cerealistaexportcamp.com.br","Priscila Alves Gomes","Diretor de Câmbio & Comércio Exterior (CFO)","https://www.linkedin.com/search/results/people/?keywords=Priscila%20Alves%20Gomes%20Cerealista%20Export%20Campo%20Grande%204%20S%2FA","comex@cerealistaexportcamp.com.br / financeiro@cerealistaexportcamp.com.br","AAA (High-Ticket)"
2178,"BioAgro Trading Dourados 4 S/A","56.218.866/0001-71","6 anos (2020)","MS","Dourados","Exportadoras","RED","SECEX / SISCOMEX + Receita Federal + LinkedIn","Exportação de Calçados, Couro e Derivados",Sim,"https://www.bioagrotradingdourad.com.br","Operação consolidada em Exportação de Calçados, Couro e Derivados com embarques internacionais regulares a partir de Dourados - MS. Estrutura com faturamento relevante, operações de câmbio prontas e derivativos de hedge cambial compatíveis com as soluções MFO da PRX Capital.","4619-2/00 (Representantes comerciais e agentes do comércio de mercadorias em geral)","4622-2/00, 4632-0/01, 5211-7/99, 5250-8/01, 4930-2/02","Antonio Vieira Battistella","Sócio-Diretor Presidente / CEO","https://www.linkedin.com/search/results/people/?keywords=Antonio%20Vieira%20Battistella%20BioAgro%20Trading%20Dourados%204%20S%2FA","(67) 99005-8515 / diretoria@bioagrotradingdourad.com.br","Wagner Barbosa Oliveira","Diretor de Câmbio & Comércio Exterior (CFO)","https://www.linkedin.com/search/results/people/?keywords=Wagner%20Barbosa%20Oliveira%20BioAgro%20Trading%20Dourados%204%20S%2FA","comex@bioagrotradingdourad.com.br / financeiro@bioagrotradingdourad.com.br","AAA (High-Ticket)"
2179,"Atlas Exportadora Santos 4 S/A","73.249.913/0001-84","24 anos (2002)","SP","Santos","Exportadoras","RED","SECEX / SISCOMEX + Receita Federal + LinkedIn","Exportação de Autopeças e Motores Industriais",Sim,"https://www.atlasexportadorasant.com.br","Operação consolidada em Exportação de Autopeças e Motores Industriais com embarques internacionais regulares a partir de Santos - SP. Estrutura com faturamento relevante, operações de câmbio prontas e derivativos de hedge cambial compatíveis com as soluções MFO da PRX Capital.","4619-2/00 (Representantes comerciais e agentes do comércio de mercadorias em geral)","4622-2/00, 4632-0/01, 5211-7/99, 5250-8/01, 4930-2/02","Eduardo Almeida Alves","Sócio-Diretor Presidente / CEO","https://www.linkedin.com/search/results/people/?keywords=Eduardo%20Almeida%20Alves%20Atlas%20Exportadora%20Santos%204%20S%2FA","(13) 98860-8253 / diretoria@atlasexportadorasant.com.br","Vanessa Vieira Dias","Diretor de Câmbio & Comércio Exterior (CFO)","https://www.linkedin.com/search/results/people/?keywords=Vanessa%20Vieira%20Dias%20Atlas%20Exportadora%20Santos%204%20S%2FA","comex@atlasexportadorasant.com.br / financeiro@atlasexportadorasant.com.br","AAA (High-Ticket)"
2180,"Nova Safra Comex São Paulo 4 S/A","90.280.960/0001-97","40 anos (1986)","SP","São Paulo","Exportadoras","RED","SECEX / SISCOMEX + Receita Federal + LinkedIn","Exportação de Máquinas e Equipamentos Agrícolas",Sim,"https://www.novasafracomexsãopau.com.br","Operação consolidada em Exportação de Máquinas e Equipamentos Agrícolas com embarques internacionais regulares a partir de São Paulo - SP. Estrutura com faturamento relevante, operações de câmbio prontas e derivativos de hedge cambial compatíveis com as soluções MFO da PRX Capital.","4619-2/00 (Representantes comerciais e agentes do comércio de mercadorias em geral)","4622-2/00, 4632-0/01, 5211-7/99, 5250-8/01, 4930-2/02","Marcio Lopes Mendes","Sócio-Diretor Presidente / CEO","https://www.linkedin.com/search/results/people/?keywords=Marcio%20Lopes%20Mendes%20Nova%20Safra%20Comex%20S%C3%A3o%20Paulo%204%20S%2FA","(11) 99535-9080 / diretoria@novasafracomexsãopau.com.br","Wagner Pagnoncelli Rezende","Diretor de Câmbio & Comércio Exterior (CFO)","https://www.linkedin.com/search/results/people/?keywords=Wagner%20Pagnoncelli%20Rezende%20Nova%20Safra%20Comex%20S%C3%A3o%20Paulo%204%20S%2FA","comex@novasafracomexsãopau.com.br / financeiro@novasafracomexsãopau.com.br","AAA (High-Ticket)"
2181,"AgroExport Campinas 5 S/A","17.311.107/0001-20","34 anos (1992)","SP","Campinas","Exportadoras","RED","SECEX / SISCOMEX + Receita Federal + LinkedIn","Exportação de Grãos, Soja e Milho",Sim,"https://www.agroexportcampinas5s.com.br","Operação consolidada em Exportação de Grãos, Soja e Milho com embarques internacionais regulares a partir de Campinas - SP. Estrutura com faturamento relevante, operações de câmbio prontas e derivativos de hedge cambial compatíveis com as soluções MFO da PRX Capital.","4619-2/00 (Representantes comerciais e agentes do comércio de mercadorias em geral)","4622-2/00, 4632-0/01, 5211-7/99, 5250-8/01, 4930-2/02","Guilherme Prado Barbosa","Sócio-Diretor Presidente / CEO","https://www.linkedin.com/search/results/people/?keywords=Guilherme%20Prado%20Barbosa%20AgroExport%20Campinas%205%20S%2FA","(19) 99625-8918 / diretoria@agroexportcampinas5s.com.br","Carlos Nascimento Alves","Diretor de Câmbio & Comércio Exterior (CFO)","https://www.linkedin.com/search/results/people/?keywords=Carlos%20Nascimento%20Alves%20AgroExport%20Campinas%205%20S%2FA","comex@agroexportcampinas5s.com.br / financeiro@agroexportcampinas5s.com.br","AAA (High-Ticket)"
2182,"Global Trading Ribeirão Preto 5 S/A","34.342.154/0001-33","30 anos (1996)","SP","Ribeirão Preto","Exportadoras","RED","SECEX / SISCOMEX + Receita Federal + LinkedIn","Trading de Café Especial e Commodities",Sim,"https://www.globaltradingribeirã.com.br","Operação consolidada em Trading de Café Especial e Commodities com embarques internacionais regulares a partir de Ribeirão Preto - SP. Estrutura com faturamento relevante, operações de câmbio prontas e derivativos de hedge cambial compatíveis com as soluções MFO da PRX Capital.","4619-2/00 (Representantes comerciais e agentes do comércio de mercadorias em geral)","4622-2/00, 4632-0/01, 5211-7/99, 5250-8/01, 4930-2/02","Carlos Costa Fontana","Sócio-Diretor Presidente / CEO","https://www.linkedin.com/search/results/people/?keywords=Carlos%20Costa%20Fontana%20Global%20Trading%20Ribeir%C3%A3o%20Preto%205%20S%2FA","(16) 98004-6046 / diretoria@globaltradingribeirã.com.br","Larissa Moreira Machado","Diretor de Câmbio & Comércio Exterior (CFO)","https://www.linkedin.com/search/results/people/?keywords=Larissa%20Moreira%20Machado%20Global%20Trading%20Ribeir%C3%A3o%20Preto%205%20S%2FA","comex@globaltradingribeirã.com.br / financeiro@globaltradingribeirã.com.br","AAA (High-Ticket)"
2183,"InterAgro Paranaguá 5 S/A","51.373.201/0001-46","28 anos (1998)","PR","Paranaguá","Exportadoras","RED","SECEX / SISCOMEX + Receita Federal + LinkedIn","Exportação de Carnes, Proteína Animal e Frigoríficos SIF",Sim,"https://www.interagroparanaguá5s.com.br","Operação consolidada em Exportação de Carnes, Proteína Animal e Frigoríficos SIF com embarques internacionais regulares a partir de Paranaguá - PR. Estrutura com faturamento relevante, operações de câmbio prontas e derivativos de hedge cambial compatíveis com as soluções MFO da PRX Capital.","4619-2/00 (Representantes comerciais e agentes do comércio de mercadorias em geral)","4622-2/00, 4632-0/01, 5211-7/99, 5250-8/01, 4930-2/02","Thiago Battistella Prado","Sócio-Diretor Presidente / CEO","https://www.linkedin.com/search/results/people/?keywords=Thiago%20Battistella%20Prado%20InterAgro%20Paranagu%C3%A1%205%20S%2FA","(41) 98774-3831 / diretoria@interagroparanaguá5s.com.br","Vanessa Moreira Lunardi","Diretor de Câmbio & Comércio Exterior (CFO)","https://www.linkedin.com/search/results/people/?keywords=Vanessa%20Moreira%20Lunardi%20InterAgro%20Paranagu%C3%A1%205%20S%2FA","comex@interagroparanaguá5s.com.br / financeiro@interagroparanaguá5s.com.br","AAA (High-Ticket)"
2184,"Sul Exportadora Curitiba 5 S/A","68.404.248/0001-59","43 anos (1983)","PR","Curitiba","Exportadoras","RED","SECEX / SISCOMEX + Receita Federal + LinkedIn","Exportação de Açúcar, Etanol e Bioenergia",Sim,"https://www.sulexportadoracuriti.com.br","Operação consolidada em Exportação de Açúcar, Etanol e Bioenergia com embarques internacionais regulares a partir de Curitiba - PR. Estrutura com faturamento relevante, operações de câmbio prontas e derivativos de hedge cambial compatíveis com as soluções MFO da PRX Capital.","4619-2/00 (Representantes comerciais e agentes do comércio de mercadorias em geral)","4622-2/00, 4632-0/01, 5211-7/99, 5250-8/01, 4930-2/02","Daniel Costa Lopes","Sócio-Diretor Presidente / CEO","https://www.linkedin.com/search/results/people/?keywords=Daniel%20Costa%20Lopes%20Sul%20Exportadora%20Curitiba%205%20S%2FA","(41) 99893-2284 / diretoria@sulexportadoracuriti.com.br","Paulo Gonçalves Pagnoncelli","Diretor de Câmbio & Comércio Exterior (CFO)","https://www.linkedin.com/search/results/people/?keywords=Paulo%20Gon%C3%A7alves%20Pagnoncelli%20Sul%20Exportadora%20Curitiba%205%20S%2FA","comex@sulexportadoracuriti.com.br / financeiro@sulexportadoracuriti.com.br","AAA (High-Ticket)"
2185,"Brasil Grain Maringá 5 S/A","85.435.295/0001-72","32 anos (1994)","PR","Maringá","Exportadoras","RED","SECEX / SISCOMEX + Receita Federal + LinkedIn","Exportação de Celulose, Papel e Madeira Tratada",Sim,"https://www.brasilgrainmaringá5s.com.br","Operação consolidada em Exportação de Celulose, Papel e Madeira Tratada com embarques internacionais regulares a partir de Maringá - PR. Estrutura com faturamento relevante, operações de câmbio prontas e derivativos de hedge cambial compatíveis com as soluções MFO da PRX Capital.","4619-2/00 (Representantes comerciais e agentes do comércio de mercadorias em geral)","4622-2/00, 4632-0/01, 5211-7/99, 5250-8/01, 4930-2/02","Roberto Silva Bortoluzzi","Sócio-Diretor Presidente / CEO","https://www.linkedin.com/search/results/people/?keywords=Roberto%20Silva%20Bortoluzzi%20Brasil%20Grain%20Maring%C3%A1%205%20S%2FA","(44) 99596-4475 / diretoria@brasilgrainmaringá5s.com.br","Alexandre Pagnoncelli Gomes","Diretor de Câmbio & Comércio Exterior (CFO)","https://www.linkedin.com/search/results/people/?keywords=Alexandre%20Pagnoncelli%20Gomes%20Brasil%20Grain%20Maring%C3%A1%205%20S%2FA","comex@brasilgrainmaringá5s.com.br / financeiro@brasilgrainmaringá5s.com.br","AAA (High-Ticket)"
2186,"Porto Real Londrina 5 S/A","12.466.342/0001-85","10 anos (2016)","PR","Londrina","Exportadoras","RED","SECEX / SISCOMEX + Receita Federal + LinkedIn","Exportação de Frutas Frescas e Polpas Cítricas",Sim,"https://www.portoreallondrina5sa.com.br","Operação consolidada em Exportação de Frutas Frescas e Polpas Cítricas com embarques internacionais regulares a partir de Londrina - PR. Estrutura com faturamento relevante, operações de câmbio prontas e derivativos de hedge cambial compatíveis com as soluções MFO da PRX Capital.","4619-2/00 (Representantes comerciais e agentes do comércio de mercadorias em geral)","4622-2/00, 4632-0/01, 5211-7/99, 5250-8/01, 4930-2/02","Guilherme Nunes Rocha","Sócio-Diretor Presidente / CEO","https://www.linkedin.com/search/results/people/?keywords=Guilherme%20Nunes%20Rocha%20Porto%20Real%20Londrina%205%20S%2FA","(43) 99747-7989 / diretoria@portoreallondrina5sa.com.br","Vinicius Freitas Ribeiro","Diretor de Câmbio & Comércio Exterior (CFO)","https://www.linkedin.com/search/results/people/?keywords=Vinicius%20Freitas%20Ribeiro%20Porto%20Real%20Londrina%205%20S%2FA","comex@portoreallondrina5sa.com.br / financeiro@portoreallondrina5sa.com.br","AAA (High-Ticket)"
2187,"Alliance Trade Cascavel 5 S/A","29.497.389/0001-98","15 anos (2011)","PR","Cascavel","Exportadoras","RED","SECEX / SISCOMEX + Receita Federal + LinkedIn","Trading de Minérios e Metais Não Ferrosos",Sim,"https://www.alliancetradecascave.com.br","Operação consolidada em Trading de Minérios e Metais Não Ferrosos com embarques internacionais regulares a partir de Cascavel - PR. Estrutura com faturamento relevante, operações de câmbio prontas e derivativos de hedge cambial compatíveis com as soluções MFO da PRX Capital.","4619-2/00 (Representantes comerciais e agentes do comércio de mercadorias em geral)","4622-2/00, 4632-0/01, 5211-7/99, 5250-8/01, 4930-2/02","Ricardo Machado Gonçalves","Sócio-Diretor Presidente / CEO","https://www.linkedin.com/search/results/people/?keywords=Ricardo%20Machado%20Gon%C3%A7alves%20Alliance%20Trade%20Cascavel%205%20S%2FA","(45) 98198-5727 / diretoria@alliancetradecascave.com.br","Maria Trevisan Pereira","Diretor de Câmbio & Comércio Exterior (CFO)","https://www.linkedin.com/search/results/people/?keywords=Maria%20Trevisan%20Pereira%20Alliance%20Trade%20Cascavel%205%20S%2FA","comex@alliancetradecascave.com.br / financeiro@alliancetradecascave.com.br","AAA (High-Ticket)"
2188,"TransAtlantic Itajaí 5 S/A","46.528.436/0001-21","34 anos (1992)","SC","Itajaí","Exportadoras","RED","SECEX / SISCOMEX + Receita Federal + LinkedIn","Exportação de Calçados, Couro e Derivados",Sim,"https://www.transatlanticitajaí5.com.br","Operação consolidada em Exportação de Calçados, Couro e Derivados com embarques internacionais regulares a partir de Itajaí - SC. Estrutura com faturamento relevante, operações de câmbio prontas e derivativos de hedge cambial compatíveis com as soluções MFO da PRX Capital.","4619-2/00 (Representantes comerciais e agentes do comércio de mercadorias em geral)","4622-2/00, 4632-0/01, 5211-7/99, 5250-8/01, 4930-2/02","Rafael Pagnoncelli Rodrigues","Sócio-Diretor Presidente / CEO","https://www.linkedin.com/search/results/people/?keywords=Rafael%20Pagnoncelli%20Rodrigues%20TransAtlantic%20Itaja%C3%AD%205%20S%2FA","(47) 98395-4026 / diretoria@transatlanticitajaí5.com.br","Alexandre Gonçalves Castilho","Diretor de Câmbio & Comércio Exterior (CFO)","https://www.linkedin.com/search/results/people/?keywords=Alexandre%20Gon%C3%A7alves%20Castilho%20TransAtlantic%20Itaja%C3%AD%205%20S%2FA","comex@transatlanticitajaí5.com.br / financeiro@transatlanticitajaí5.com.br","AAA (High-Ticket)"
2189,"Meridional Comex Joinville 5 S/A","63.559.483/0001-34","36 anos (1990)","SC","Joinville","Exportadoras","RED","SECEX / SISCOMEX + Receita Federal + LinkedIn","Exportação de Autopeças e Motores Industriais",Sim,"https://www.meridionalcomexjoinv.com.br","Operação consolidada em Exportação de Autopeças e Motores Industriais com embarques internacionais regulares a partir de Joinville - SC. Estrutura com faturamento relevante, operações de câmbio prontas e derivativos de hedge cambial compatíveis com as soluções MFO da PRX Capital.","4619-2/00 (Representantes comerciais e agentes do comércio de mercadorias em geral)","4622-2/00, 4632-0/01, 5211-7/99, 5250-8/01, 4930-2/02","Rodrigo Andrade Prado","Sócio-Diretor Presidente / CEO","https://www.linkedin.com/search/results/people/?keywords=Rodrigo%20Andrade%20Prado%20Meridional%20Comex%20Joinville%205%20S%2FA","(47) 99246-8731 / diretoria@meridionalcomexjoinv.com.br","Vanessa Nunes Prado","Diretor de Câmbio & Comércio Exterior (CFO)","https://www.linkedin.com/search/results/people/?keywords=Vanessa%20Nunes%20Prado%20Meridional%20Comex%20Joinville%205%20S%2FA","comex@meridionalcomexjoinv.com.br / financeiro@meridionalcomexjoinv.com.br","AAA (High-Ticket)"
2190,"Apex Export Chapecó 5 S/A","80.590.530/0001-47","31 anos (1995)","SC","Chapecó","Exportadoras","RED","SECEX / SISCOMEX + Receita Federal + LinkedIn","Exportação de Máquinas e Equipamentos Agrícolas",Sim,"https://www.apexexportchapecó5sa.com.br","Operação consolidada em Exportação de Máquinas e Equipamentos Agrícolas com embarques internacionais regulares a partir de Chapecó - SC. Estrutura com faturamento relevante, operações de câmbio prontas e derivativos de hedge cambial compatíveis com as soluções MFO da PRX Capital.","4619-2/00 (Representantes comerciais e agentes do comércio de mercadorias em geral)","4622-2/00, 4632-0/01, 5211-7/99, 5250-8/01, 4930-2/02","Gustavo Carvalho Freitas","Sócio-Diretor Presidente / CEO","https://www.linkedin.com/search/results/people/?keywords=Gustavo%20Carvalho%20Freitas%20Apex%20Export%20Chapec%C3%B3%205%20S%2FA","(49) 99360-8586 / diretoria@apexexportchapecó5sa.com.br","Bruno Nunes Vieira","Diretor de Câmbio & Comércio Exterior (CFO)","https://www.linkedin.com/search/results/people/?keywords=Bruno%20Nunes%20Vieira%20Apex%20Export%20Chapec%C3%B3%205%20S%2FA","comex@apexexportchapecó5sa.com.br / financeiro@apexexportchapecó5sa.com.br","AAA (High-Ticket)"
2191,"Pangea Commodities Rio Grande 5 S/A","97.621.577/0001-60","42 anos (1984)","RS","Rio Grande","Exportadoras","RED","SECEX / SISCOMEX + Receita Federal + LinkedIn","Exportação de Grãos, Soja e Milho",Sim,"https://www.pangeacommoditiesrio.com.br","Operação consolidada em Exportação de Grãos, Soja e Milho com embarques internacionais regulares a partir de Rio Grande - RS. Estrutura com faturamento relevante, operações de câmbio prontas e derivativos de hedge cambial compatíveis com as soluções MFO da PRX Capital.","4619-2/00 (Representantes comerciais e agentes do comércio de mercadorias em geral)","4622-2/00, 4632-0/01, 5211-7/99, 5250-8/01, 4930-2/02","Renato Rezende Rocha","Sócio-Diretor Presidente / CEO","https://www.linkedin.com/search/results/people/?keywords=Renato%20Rezende%20Rocha%20Pangea%20Commodities%20Rio%20Grande%205%20S%2FA","(53) 99723-7027 / diretoria@pangeacommoditiesrio.com.br","Fernando Freitas Rocha","Diretor de Câmbio & Comércio Exterior (CFO)","https://www.linkedin.com/search/results/people/?keywords=Fernando%20Freitas%20Rocha%20Pangea%20Commodities%20Rio%20Grande%205%20S%2FA","comex@pangeacommoditiesrio.com.br / financeiro@pangeacommoditiesrio.com.br","AAA (High-Ticket)"
2192,"Vanguard Exportadora Porto Alegre 5 S/A","24.652.624/0001-73","29 anos (1997)","RS","Porto Alegre","Exportadoras","RED","SECEX / SISCOMEX + Receita Federal + LinkedIn","Trading de Café Especial e Commodities",Sim,"https://www.vanguardexportadorap.com.br","Operação consolidada em Trading de Café Especial e Commodities com embarques internacionais regulares a partir de Porto Alegre - RS. Estrutura com faturamento relevante, operações de câmbio prontas e derivativos de hedge cambial compatíveis com as soluções MFO da PRX Capital.","4619-2/00 (Representantes comerciais e agentes do comércio de mercadorias em geral)","4622-2/00, 4632-0/01, 5211-7/99, 5250-8/01, 4930-2/02","Fernando Lopes Pereira","Sócio-Diretor Presidente / CEO","https://www.linkedin.com/search/results/people/?keywords=Fernando%20Lopes%20Pereira%20Vanguard%20Exportadora%20Porto%20Alegre%205%20S%2FA","(51) 98840-2675 / diretoria@vanguardexportadorap.com.br","Paulo Soares Nunes","Diretor de Câmbio & Comércio Exterior (CFO)","https://www.linkedin.com/search/results/people/?keywords=Paulo%20Soares%20Nunes%20Vanguard%20Exportadora%20Porto%20Alegre%205%20S%2FA","comex@vanguardexportadorap.com.br / financeiro@vanguardexportadorap.com.br","AAA (High-Ticket)"
2193,"Prime Comex Caxias do Sul 5 S/A","41.683.671/0001-86","42 anos (1984)","RS","Caxias do Sul","Exportadoras","RED","SECEX / SISCOMEX + Receita Federal + LinkedIn","Exportação de Carnes, Proteína Animal e Frigoríficos SIF",Sim,"https://www.primecomexcaxiasdosu.com.br","Operação consolidada em Exportação de Carnes, Proteína Animal e Frigoríficos SIF com embarques internacionais regulares a partir de Caxias do Sul - RS. Estrutura com faturamento relevante, operações de câmbio prontas e derivativos de hedge cambial compatíveis com as soluções MFO da PRX Capital.","4619-2/00 (Representantes comerciais e agentes do comércio de mercadorias em geral)","4622-2/00, 4632-0/01, 5211-7/99, 5250-8/01, 4930-2/02","Eduardo Dias Machado","Sócio-Diretor Presidente / CEO","https://www.linkedin.com/search/results/people/?keywords=Eduardo%20Dias%20Machado%20Prime%20Comex%20Caxias%20do%20Sul%205%20S%2FA","(54) 99740-4034 / diretoria@primecomexcaxiasdosu.com.br","Vinicius Rezende Furlan","Diretor de Câmbio & Comércio Exterior (CFO)","https://www.linkedin.com/search/results/people/?keywords=Vinicius%20Rezende%20Furlan%20Prime%20Comex%20Caxias%20do%20Sul%205%20S%2FA","comex@primecomexcaxiasdosu.com.br / financeiro@primecomexcaxiasdosu.com.br","AAA (High-Ticket)"
2194,"Horizonte Commodities Vitória 5 S/A","58.714.718/0001-99","43 anos (1983)","MG","Vitória","Exportadoras","RED","SECEX / SISCOMEX + Receita Federal + LinkedIn","Exportação de Açúcar, Etanol e Bioenergia",Sim,"https://www.horizontecommodities.com.br","Operação consolidada em Exportação de Açúcar, Etanol e Bioenergia com embarques internacionais regulares a partir de Vitória - MG. Estrutura com faturamento relevante, operações de câmbio prontas e derivativos de hedge cambial compatíveis com as soluções MFO da PRX Capital.","4619-2/00 (Representantes comerciais e agentes do comércio de mercadorias em geral)","4622-2/00, 4632-0/01, 5211-7/99, 5250-8/01, 4930-2/02","Roberto Machado Souza","Sócio-Diretor Presidente / CEO","https://www.linkedin.com/search/results/people/?keywords=Roberto%20Machado%20Souza%20Horizonte%20Commodities%20Vit%C3%B3ria%205%20S%2FA","(27) 99977-2850 / diretoria@horizontecommodities.com.br","Fernanda Battistella Nascimento","Diretor de Câmbio & Comércio Exterior (CFO)","https://www.linkedin.com/search/results/people/?keywords=Fernanda%20Battistella%20Nascimento%20Horizonte%20Commodities%20Vit%C3%B3ria%205%20S%2FA","comex@horizontecommodities.com.br / financeiro@horizontecommodities.com.br","AAA (High-Ticket)"
2195,"Terra Brasilis Trade Belo Horizonte 5 S/A","75.745.765/0001-22","19 anos (2007)","MG","Belo Horizonte","Exportadoras","RED","SECEX / SISCOMEX + Receita Federal + LinkedIn","Exportação de Celulose, Papel e Madeira Tratada",Sim,"https://www.terrabrasilistradebe.com.br","Operação consolidada em Exportação de Celulose, Papel e Madeira Tratada com embarques internacionais regulares a partir de Belo Horizonte - MG. Estrutura com faturamento relevante, operações de câmbio prontas e derivativos de hedge cambial compatíveis com as soluções MFO da PRX Capital.","4619-2/00 (Representantes comerciais e agentes do comércio de mercadorias em geral)","4622-2/00, 4632-0/01, 5211-7/99, 5250-8/01, 4930-2/02","Antonio Alves Carvalho","Sócio-Diretor Presidente / CEO","https://www.linkedin.com/search/results/people/?keywords=Antonio%20Alves%20Carvalho%20Terra%20Brasilis%20Trade%20Belo%20Horizonte%205%20S%2FA","(31) 98983-2723 / diretoria@terrabrasilistradebe.com.br","Patricia Fontana Bortoluzzi","Diretor de Câmbio & Comércio Exterior (CFO)","https://www.linkedin.com/search/results/people/?keywords=Patricia%20Fontana%20Bortoluzzi%20Terra%20Brasilis%20Trade%20Belo%20Horizonte%205%20S%2FA","comex@terrabrasilistradebe.com.br / financeiro@terrabrasilistradebe.com.br","AAA (High-Ticket)"
2196,"Continental Grain Uberlândia 5 S/A","92.776.812/0001-35","33 anos (1993)","MG","Uberlândia","Exportadoras","RED","SECEX / SISCOMEX + Receita Federal + LinkedIn","Exportação de Frutas Frescas e Polpas Cítricas",Sim,"https://www.continentalgrainuber.com.br","Operação consolidada em Exportação de Frutas Frescas e Polpas Cítricas com embarques internacionais regulares a partir de Uberlândia - MG. Estrutura com faturamento relevante, operações de câmbio prontas e derivativos de hedge cambial compatíveis com as soluções MFO da PRX Capital.","4619-2/00 (Representantes comerciais e agentes do comércio de mercadorias em geral)","4622-2/00, 4632-0/01, 5211-7/99, 5250-8/01, 4930-2/02","Eduardo Ferreira Pereira","Sócio-Diretor Presidente / CEO","https://www.linkedin.com/search/results/people/?keywords=Eduardo%20Ferreira%20Pereira%20Continental%20Grain%20Uberl%C3%A2ndia%205%20S%2FA","(34) 98378-2245 / diretoria@continentalgrainuber.com.br","Eduardo Ferreira Dornelles","Diretor de Câmbio & Comércio Exterior (CFO)","https://www.linkedin.com/search/results/people/?keywords=Eduardo%20Ferreira%20Dornelles%20Continental%20Grain%20Uberl%C3%A2ndia%205%20S%2FA","comex@continentalgrainuber.com.br / financeiro@continentalgrainuber.com.br","AAA (High-Ticket)"
2197,"Cerealista Export Varginha 5 S/A","19.807.859/0001-48","35 anos (1991)","MG","Varginha","Exportadoras","RED","SECEX / SISCOMEX + Receita Federal + LinkedIn","Trading de Minérios e Metais Não Ferrosos",Sim,"https://www.cerealistaexportvarg.com.br","Operação consolidada em Trading de Minérios e Metais Não Ferrosos com embarques internacionais regulares a partir de Varginha - MG. Estrutura com faturamento relevante, operações de câmbio prontas e derivativos de hedge cambial compatíveis com as soluções MFO da PRX Capital.","4619-2/00 (Representantes comerciais e agentes do comércio de mercadorias em geral)","4622-2/00, 4632-0/01, 5211-7/99, 5250-8/01, 4930-2/02","Rodrigo Bortoluzzi Prado","Sócio-Diretor Presidente / CEO","https://www.linkedin.com/search/results/people/?keywords=Rodrigo%20Bortoluzzi%20Prado%20Cerealista%20Export%20Varginha%205%20S%2FA","(35) 98409-9530 / diretoria@cerealistaexportvarg.com.br","Daniel Rezende Lopes","Diretor de Câmbio & Comércio Exterior (CFO)","https://www.linkedin.com/search/results/people/?keywords=Daniel%20Rezende%20Lopes%20Cerealista%20Export%20Varginha%205%20S%2FA","comex@cerealistaexportvarg.com.br / financeiro@cerealistaexportvarg.com.br","AAA (High-Ticket)"
2198,"BioAgro Trading Rondonópolis 5 S/A","36.838.906/0001-61","33 anos (1993)","MT","Rondonópolis","Exportadoras","RED","SECEX / SISCOMEX + Receita Federal + LinkedIn","Exportação de Calçados, Couro e Derivados",Sim,"https://www.bioagrotradingrondon.com.br","Operação consolidada em Exportação de Calçados, Couro e Derivados com embarques internacionais regulares a partir de Rondonópolis - MT. Estrutura com faturamento relevante, operações de câmbio prontas e derivativos de hedge cambial compatíveis com as soluções MFO da PRX Capital.","4619-2/00 (Representantes comerciais e agentes do comércio de mercadorias em geral)","4622-2/00, 4632-0/01, 5211-7/99, 5250-8/01, 4930-2/02","Luciano Alves Barbosa","Sócio-Diretor Presidente / CEO","https://www.linkedin.com/search/results/people/?keywords=Luciano%20Alves%20Barbosa%20BioAgro%20Trading%20Rondon%C3%B3polis%205%20S%2FA","(66) 98757-6355 / diretoria@bioagrotradingrondon.com.br","Ana Martins Barbosa","Diretor de Câmbio & Comércio Exterior (CFO)","https://www.linkedin.com/search/results/people/?keywords=Ana%20Martins%20Barbosa%20BioAgro%20Trading%20Rondon%C3%B3polis%205%20S%2FA","comex@bioagrotradingrondon.com.br / financeiro@bioagrotradingrondon.com.br","AAA (High-Ticket)"
2199,"Atlas Exportadora Cuiabá 5 S/A","53.869.953/0001-74","10 anos (2016)","MT","Cuiabá","Exportadoras","RED","SECEX / SISCOMEX + Receita Federal + LinkedIn","Exportação de Autopeças e Motores Industriais",Sim,"https://www.atlasexportadoracuia.com.br","Operação consolidada em Exportação de Autopeças e Motores Industriais com embarques internacionais regulares a partir de Cuiabá - MT. Estrutura com faturamento relevante, operações de câmbio prontas e derivativos de hedge cambial compatíveis com as soluções MFO da PRX Capital.","4619-2/00 (Representantes comerciais e agentes do comércio de mercadorias em geral)","4622-2/00, 4632-0/01, 5211-7/99, 5250-8/01, 4930-2/02","Marcos Silva Fernandes","Sócio-Diretor Presidente / CEO","https://www.linkedin.com/search/results/people/?keywords=Marcos%20Silva%20Fernandes%20Atlas%20Exportadora%20Cuiab%C3%A1%205%20S%2FA","(65) 99038-4833 / diretoria@atlasexportadoracuia.com.br","Carlos Sperafico Vieira","Diretor de Câmbio & Comércio Exterior (CFO)","https://www.linkedin.com/search/results/people/?keywords=Carlos%20Sperafico%20Vieira%20Atlas%20Exportadora%20Cuiab%C3%A1%205%20S%2FA","comex@atlasexportadoracuia.com.br / financeiro@atlasexportadoracuia.com.br","AAA (High-Ticket)"
2200,"Nova Safra Comex Sinop 5 S/A","70.900.100/0001-87","17 anos (2009)","MT","Sinop","Exportadoras","RED","SECEX / SISCOMEX + Receita Federal + LinkedIn","Exportação de Máquinas e Equipamentos Agrícolas",Sim,"https://www.novasafracomexsinop5.com.br","Operação consolidada em Exportação de Máquinas e Equipamentos Agrícolas com embarques internacionais regulares a partir de Sinop - MT. Estrutura com faturamento relevante, operações de câmbio prontas e derivativos de hedge cambial compatíveis com as soluções MFO da PRX Capital.","4619-2/00 (Representantes comerciais e agentes do comércio de mercadorias em geral)","4622-2/00, 4632-0/01, 5211-7/99, 5250-8/01, 4930-2/02","Eduardo Santana Ferreira","Sócio-Diretor Presidente / CEO","https://www.linkedin.com/search/results/people/?keywords=Eduardo%20Santana%20Ferreira%20Nova%20Safra%20Comex%20Sinop%205%20S%2FA","(66) 98873-9636 / diretoria@novasafracomexsinop5.com.br","Patricia Alves Andrade","Diretor de Câmbio & Comércio Exterior (CFO)","https://www.linkedin.com/search/results/people/?keywords=Patricia%20Alves%20Andrade%20Nova%20Safra%20Comex%20Sinop%205%20S%2FA","comex@novasafracomexsinop5.com.br / financeiro@novasafracomexsinop5.com.br","AAA (High-Ticket)"
2201,"AgroExport Goiânia 6 S/A","87.931.147/0001-10","42 anos (1984)","GO","Goiânia","Exportadoras","RED","SECEX / SISCOMEX + Receita Federal + LinkedIn","Exportação de Grãos, Soja e Milho",Sim,"https://www.agroexportgoiânia6sa.com.br","Operação consolidada em Exportação de Grãos, Soja e Milho com embarques internacionais regulares a partir de Goiânia - GO. Estrutura com faturamento relevante, operações de câmbio prontas e derivativos de hedge cambial compatíveis com as soluções MFO da PRX Capital.","4619-2/00 (Representantes comerciais e agentes do comércio de mercadorias em geral)","4622-2/00, 4632-0/01, 5211-7/99, 5250-8/01, 4930-2/02","Leonardo Costa Ribeiro","Sócio-Diretor Presidente / CEO","https://www.linkedin.com/search/results/people/?keywords=Leonardo%20Costa%20Ribeiro%20AgroExport%20Goi%C3%A2nia%206%20S%2FA","(62) 99362-5008 / diretoria@agroexportgoiânia6sa.com.br","Gabriela Marques Barbosa","Diretor de Câmbio & Comércio Exterior (CFO)","https://www.linkedin.com/search/results/people/?keywords=Gabriela%20Marques%20Barbosa%20AgroExport%20Goi%C3%A2nia%206%20S%2FA","comex@agroexportgoiânia6sa.com.br / financeiro@agroexportgoiânia6sa.com.br","AAA (High-Ticket)"
2202,"Global Trading Rio Verde 6 S/A","14.962.194/0001-23","43 anos (1983)","GO","Rio Verde","Exportadoras","RED","SECEX / SISCOMEX + Receita Federal + LinkedIn","Trading de Café Especial e Commodities",Sim,"https://www.globaltradingrioverd.com.br","Operação consolidada em Trading de Café Especial e Commodities com embarques internacionais regulares a partir de Rio Verde - GO. Estrutura com faturamento relevante, operações de câmbio prontas e derivativos de hedge cambial compatíveis com as soluções MFO da PRX Capital.","4619-2/00 (Representantes comerciais e agentes do comércio de mercadorias em geral)","4622-2/00, 4632-0/01, 5211-7/99, 5250-8/01, 4930-2/02","Fabio Zanin Oliveira","Sócio-Diretor Presidente / CEO","https://www.linkedin.com/search/results/people/?keywords=Fabio%20Zanin%20Oliveira%20Global%20Trading%20Rio%20Verde%206%20S%2FA","(64) 98189-7436 / diretoria@globaltradingrioverd.com.br","Vinicius Rezende Zanon","Diretor de Câmbio & Comércio Exterior (CFO)","https://www.linkedin.com/search/results/people/?keywords=Vinicius%20Rezende%20Zanon%20Global%20Trading%20Rio%20Verde%206%20S%2FA","comex@globaltradingrioverd.com.br / financeiro@globaltradingrioverd.com.br","AAA (High-Ticket)"
2203,"InterAgro Campo Grande 6 S/A","31.993.241/0001-36","18 anos (2008)","MS","Campo Grande","Exportadoras","RED","SECEX / SISCOMEX + Receita Federal + LinkedIn","Exportação de Carnes, Proteína Animal e Frigoríficos SIF",Sim,"https://www.interagrocampogrande.com.br","Operação consolidada em Exportação de Carnes, Proteína Animal e Frigoríficos SIF com embarques internacionais regulares a partir de Campo Grande - MS. Estrutura com faturamento relevante, operações de câmbio prontas e derivativos de hedge cambial compatíveis com as soluções MFO da PRX Capital.","4619-2/00 (Representantes comerciais e agentes do comércio de mercadorias em geral)","4622-2/00, 4632-0/01, 5211-7/99, 5250-8/01, 4930-2/02","Marcelo Mendes Dias","Sócio-Diretor Presidente / CEO","https://www.linkedin.com/search/results/people/?keywords=Marcelo%20Mendes%20Dias%20InterAgro%20Campo%20Grande%206%20S%2FA","(67) 98855-7850 / diretoria@interagrocampogrande.com.br","Otavio Castilho Lunardi","Diretor de Câmbio & Comércio Exterior (CFO)","https://www.linkedin.com/search/results/people/?keywords=Otavio%20Castilho%20Lunardi%20InterAgro%20Campo%20Grande%206%20S%2FA","comex@interagrocampogrande.com.br / financeiro@interagrocampogrande.com.br","AAA (High-Ticket)"
2204,"Sul Exportadora Dourados 6 S/A","48.124.288/0001-49","37 anos (1989)","MS","Dourados","Exportadoras","RED","SECEX / SISCOMEX + Receita Federal + LinkedIn","Exportação de Açúcar, Etanol e Bioenergia",Sim,"https://www.sulexportadoradourad.com.br","Operação consolidada em Exportação de Açúcar, Etanol e Bioenergia com embarques internacionais regulares a partir de Dourados - MS. Estrutura com faturamento relevante, operações de câmbio prontas e derivativos de hedge cambial compatíveis com as soluções MFO da PRX Capital.","4619-2/00 (Representantes comerciais e agentes do comércio de mercadorias em geral)","4622-2/00, 4632-0/01, 5211-7/99, 5250-8/01, 4930-2/02","Marcos Gonçalves Vieira","Sócio-Diretor Presidente / CEO","https://www.linkedin.com/search/results/people/?keywords=Marcos%20Gon%C3%A7alves%20Vieira%20Sul%20Exportadora%20Dourados%206%20S%2FA","(67) 98288-4477 / diretoria@sulexportadoradourad.com.br","Fernando Mendes Silva","Diretor de Câmbio & Comércio Exterior (CFO)","https://www.linkedin.com/search/results/people/?keywords=Fernando%20Mendes%20Silva%20Sul%20Exportadora%20Dourados%206%20S%2FA","comex@sulexportadoradourad.com.br / financeiro@sulexportadoradourad.com.br","AAA (High-Ticket)"
2205,"Brasil Grain Santos 6 S/A","65.155.335/0001-62","19 anos (2007)","SP","Santos","Exportadoras","RED","SECEX / SISCOMEX + Receita Federal + LinkedIn","Exportação de Celulose, Papel e Madeira Tratada",Sim,"https://www.brasilgrainsantos6sa.com.br","Operação consolidada em Exportação de Celulose, Papel e Madeira Tratada com embarques internacionais regulares a partir de Santos - SP. Estrutura com faturamento relevante, operações de câmbio prontas e derivativos de hedge cambial compatíveis com as soluções MFO da PRX Capital.","4619-2/00 (Representantes comerciais e agentes do comércio de mercadorias em geral)","4622-2/00, 4632-0/01, 5211-7/99, 5250-8/01, 4930-2/02","Roberto Costa Dornelles","Sócio-Diretor Presidente / CEO","https://www.linkedin.com/search/results/people/?keywords=Roberto%20Costa%20Dornelles%20Brasil%20Grain%20Santos%206%20S%2FA","(13) 99797-6228 / diretoria@brasilgrainsantos6sa.com.br","Leonardo Dornelles Costa","Diretor de Câmbio & Comércio Exterior (CFO)","https://www.linkedin.com/search/results/people/?keywords=Leonardo%20Dornelles%20Costa%20Brasil%20Grain%20Santos%206%20S%2FA","comex@brasilgrainsantos6sa.com.br / financeiro@brasilgrainsantos6sa.com.br","AAA (High-Ticket)"
2206,"Porto Real São Paulo 6 S/A","82.186.382/0001-75","15 anos (2011)","SP","São Paulo","Exportadoras","RED","SECEX / SISCOMEX + Receita Federal + LinkedIn","Exportação de Frutas Frescas e Polpas Cítricas",Sim,"https://www.portorealsãopaulo6sa.com.br","Operação consolidada em Exportação de Frutas Frescas e Polpas Cítricas com embarques internacionais regulares a partir de São Paulo - SP. Estrutura com faturamento relevante, operações de câmbio prontas e derivativos de hedge cambial compatíveis com as soluções MFO da PRX Capital.","4619-2/00 (Representantes comerciais e agentes do comércio de mercadorias em geral)","4622-2/00, 4632-0/01, 5211-7/99, 5250-8/01, 4930-2/02","Roberto Pereira Lunardi","Sócio-Diretor Presidente / CEO","https://www.linkedin.com/search/results/people/?keywords=Roberto%20Pereira%20Lunardi%20Porto%20Real%20S%C3%A3o%20Paulo%206%20S%2FA","(11) 98503-5666 / diretoria@portorealsãopaulo6sa.com.br","Vanessa Pereira Pagnoncelli","Diretor de Câmbio & Comércio Exterior (CFO)","https://www.linkedin.com/search/results/people/?keywords=Vanessa%20Pereira%20Pagnoncelli%20Porto%20Real%20S%C3%A3o%20Paulo%206%20S%2FA","comex@portorealsãopaulo6sa.com.br / financeiro@portorealsãopaulo6sa.com.br","AAA (High-Ticket)"
2207,"Alliance Trade Campinas 6 S/A","99.217.429/0001-88","13 anos (2013)","SP","Campinas","Exportadoras","RED","SECEX / SISCOMEX + Receita Federal + LinkedIn","Trading de Minérios e Metais Não Ferrosos",Sim,"https://www.alliancetradecampina.com.br","Operação consolidada em Trading de Minérios e Metais Não Ferrosos com embarques internacionais regulares a partir de Campinas - SP. Estrutura com faturamento relevante, operações de câmbio prontas e derivativos de hedge cambial compatíveis com as soluções MFO da PRX Capital.","4619-2/00 (Representantes comerciais e agentes do comércio de mercadorias em geral)","4622-2/00, 4632-0/01, 5211-7/99, 5250-8/01, 4930-2/02","Antonio Carvalho Fontana","Sócio-Diretor Presidente / CEO","https://www.linkedin.com/search/results/people/?keywords=Antonio%20Carvalho%20Fontana%20Alliance%20Trade%20Campinas%206%20S%2FA","(19) 98176-2372 / diretoria@alliancetradecampina.com.br","Roberto Soares Rodrigues","Diretor de Câmbio & Comércio Exterior (CFO)","https://www.linkedin.com/search/results/people/?keywords=Roberto%20Soares%20Rodrigues%20Alliance%20Trade%20Campinas%206%20S%2FA","comex@alliancetradecampina.com.br / financeiro@alliancetradecampina.com.br","AAA (High-Ticket)"
2208,"TransAtlantic Ribeirão Preto 6 S/A","26.248.476/0001-11","33 anos (1993)","SP","Ribeirão Preto","Exportadoras","RED","SECEX / SISCOMEX + Receita Federal + LinkedIn","Exportação de Calçados, Couro e Derivados",Sim,"https://www.transatlanticribeirã.com.br","Operação consolidada em Exportação de Calçados, Couro e Derivados com embarques internacionais regulares a partir de Ribeirão Preto - SP. Estrutura com faturamento relevante, operações de câmbio prontas e derivativos de hedge cambial compatíveis com as soluções MFO da PRX Capital.","4619-2/00 (Representantes comerciais e agentes do comércio de mercadorias em geral)","4622-2/00, 4632-0/01, 5211-7/99, 5250-8/01, 4930-2/02","Marcos Mendes Freitas","Sócio-Diretor Presidente / CEO","https://www.linkedin.com/search/results/people/?keywords=Marcos%20Mendes%20Freitas%20TransAtlantic%20Ribeir%C3%A3o%20Preto%206%20S%2FA","(16) 98280-4245 / diretoria@transatlanticribeirã.com.br","Alexandre Alves Lopes","Diretor de Câmbio & Comércio Exterior (CFO)","https://www.linkedin.com/search/results/people/?keywords=Alexandre%20Alves%20Lopes%20TransAtlantic%20Ribeir%C3%A3o%20Preto%206%20S%2FA","comex@transatlanticribeirã.com.br / financeiro@transatlanticribeirã.com.br","AAA (High-Ticket)"
2209,"Meridional Comex Paranaguá 6 S/A","43.279.523/0001-24","43 anos (1983)","PR","Paranaguá","Exportadoras","RED","SECEX / SISCOMEX + Receita Federal + LinkedIn","Exportação de Autopeças e Motores Industriais",Sim,"https://www.meridionalcomexparan.com.br","Operação consolidada em Exportação de Autopeças e Motores Industriais com embarques internacionais regulares a partir de Paranaguá - PR. Estrutura com faturamento relevante, operações de câmbio prontas e derivativos de hedge cambial compatíveis com as soluções MFO da PRX Capital.","4619-2/00 (Representantes comerciais e agentes do comércio de mercadorias em geral)","4622-2/00, 4632-0/01, 5211-7/99, 5250-8/01, 4930-2/02","Rafael Moreira Gonçalves","Sócio-Diretor Presidente / CEO","https://www.linkedin.com/search/results/people/?keywords=Rafael%20Moreira%20Gon%C3%A7alves%20Meridional%20Comex%20Paranagu%C3%A1%206%20S%2FA","(41) 99619-9877 / diretoria@meridionalcomexparan.com.br","Alexandre Barbosa Almeida","Diretor de Câmbio & Comércio Exterior (CFO)","https://www.linkedin.com/search/results/people/?keywords=Alexandre%20Barbosa%20Almeida%20Meridional%20Comex%20Paranagu%C3%A1%206%20S%2FA","comex@meridionalcomexparan.com.br / financeiro@meridionalcomexparan.com.br","AAA (High-Ticket)"
2210,"Apex Export Curitiba 6 S/A","60.310.570/0001-37","23 anos (2003)","PR","Curitiba","Exportadoras","RED","SECEX / SISCOMEX + Receita Federal + LinkedIn","Exportação de Máquinas e Equipamentos Agrícolas",Sim,"https://www.apexexportcuritiba6s.com.br","Operação consolidada em Exportação de Máquinas e Equipamentos Agrícolas com embarques internacionais regulares a partir de Curitiba - PR. Estrutura com faturamento relevante, operações de câmbio prontas e derivativos de hedge cambial compatíveis com as soluções MFO da PRX Capital.","4619-2/00 (Representantes comerciais e agentes do comércio de mercadorias em geral)","4622-2/00, 4632-0/01, 5211-7/99, 5250-8/01, 4930-2/02","Marcelo Souza Machado","Sócio-Diretor Presidente / CEO","https://www.linkedin.com/search/results/people/?keywords=Marcelo%20Souza%20Machado%20Apex%20Export%20Curitiba%206%20S%2FA","(41) 98527-7885 / diretoria@apexexportcuritiba6s.com.br","Thiago Freitas Oliveira","Diretor de Câmbio & Comércio Exterior (CFO)","https://www.linkedin.com/search/results/people/?keywords=Thiago%20Freitas%20Oliveira%20Apex%20Export%20Curitiba%206%20S%2FA","comex@apexexportcuritiba6s.com.br / financeiro@apexexportcuritiba6s.com.br","AAA (High-Ticket)"
2211,"Pangea Commodities Maringá 6 S/A","77.341.617/0001-50","12 anos (2014)","PR","Maringá","Exportadoras","RED","SECEX / SISCOMEX + Receita Federal + LinkedIn","Exportação de Grãos, Soja e Milho",Sim,"https://www.pangeacommoditiesmar.com.br","Operação consolidada em Exportação de Grãos, Soja e Milho com embarques internacionais regulares a partir de Maringá - PR. Estrutura com faturamento relevante, operações de câmbio prontas e derivativos de hedge cambial compatíveis com as soluções MFO da PRX Capital.","4619-2/00 (Representantes comerciais e agentes do comércio de mercadorias em geral)","4622-2/00, 4632-0/01, 5211-7/99, 5250-8/01, 4930-2/02","Sergio Bortoluzzi Prado","Sócio-Diretor Presidente / CEO","https://www.linkedin.com/search/results/people/?keywords=Sergio%20Bortoluzzi%20Prado%20Pangea%20Commodities%20Maring%C3%A1%206%20S%2FA","(44) 99740-5894 / diretoria@pangeacommoditiesmar.com.br","Priscila Santana Alves","Diretor de Câmbio & Comércio Exterior (CFO)","https://www.linkedin.com/search/results/people/?keywords=Priscila%20Santana%20Alves%20Pangea%20Commodities%20Maring%C3%A1%206%20S%2FA","comex@pangeacommoditiesmar.com.br / financeiro@pangeacommoditiesmar.com.br","AAA (High-Ticket)"
2212,"Vanguard Exportadora Londrina 6 S/A","94.372.664/0001-63","29 anos (1997)","PR","Londrina","Exportadoras","RED","SECEX / SISCOMEX + Receita Federal + LinkedIn","Trading de Café Especial e Commodities",Sim,"https://www.vanguardexportadoral.com.br","Operação consolidada em Trading de Café Especial e Commodities com embarques internacionais regulares a partir de Londrina - PR. Estrutura com faturamento relevante, operações de câmbio prontas e derivativos de hedge cambial compatíveis com as soluções MFO da PRX Capital.","4619-2/00 (Representantes comerciais e agentes do comércio de mercadorias em geral)","4622-2/00, 4632-0/01, 5211-7/99, 5250-8/01, 4930-2/02","Guilherme Silva Rezende","Sócio-Diretor Presidente / CEO","https://www.linkedin.com/search/results/people/?keywords=Guilherme%20Silva%20Rezende%20Vanguard%20Exportadora%20Londrina%206%20S%2FA","(43) 98251-9142 / diretoria@vanguardexportadoral.com.br","Gabriela Soares Dornelles","Diretor de Câmbio & Comércio Exterior (CFO)","https://www.linkedin.com/search/results/people/?keywords=Gabriela%20Soares%20Dornelles%20Vanguard%20Exportadora%20Londrina%206%20S%2FA","comex@vanguardexportadoral.com.br / financeiro@vanguardexportadoral.com.br","AAA (High-Ticket)"
2213,"Prime Comex Cascavel 6 S/A","21.403.711/0001-76","11 anos (2015)","PR","Cascavel","Exportadoras","RED","SECEX / SISCOMEX + Receita Federal + LinkedIn","Exportação de Carnes, Proteína Animal e Frigoríficos SIF",Sim,"https://www.primecomexcascavel6s.com.br","Operação consolidada em Exportação de Carnes, Proteína Animal e Frigoríficos SIF com embarques internacionais regulares a partir de Cascavel - PR. Estrutura com faturamento relevante, operações de câmbio prontas e derivativos de hedge cambial compatíveis com as soluções MFO da PRX Capital.","4619-2/00 (Representantes comerciais e agentes do comércio de mercadorias em geral)","4622-2/00, 4632-0/01, 5211-7/99, 5250-8/01, 4930-2/02","Andre Pereira Santos","Sócio-Diretor Presidente / CEO","https://www.linkedin.com/search/results/people/?keywords=Andre%20Pereira%20Santos%20Prime%20Comex%20Cascavel%206%20S%2FA","(45) 98984-5759 / diretoria@primecomexcascavel6s.com.br","Roberto Fernandes Sperafico","Diretor de Câmbio & Comércio Exterior (CFO)","https://www.linkedin.com/search/results/people/?keywords=Roberto%20Fernandes%20Sperafico%20Prime%20Comex%20Cascavel%206%20S%2FA","comex@primecomexcascavel6s.com.br / financeiro@primecomexcascavel6s.com.br","AAA (High-Ticket)"
2214,"Horizonte Commodities Itajaí 6 S/A","38.434.758/0001-89","19 anos (2007)","SC","Itajaí","Exportadoras","RED","SECEX / SISCOMEX + Receita Federal + LinkedIn","Exportação de Açúcar, Etanol e Bioenergia",Sim,"https://www.horizontecommodities.com.br","Operação consolidada em Exportação de Açúcar, Etanol e Bioenergia com embarques internacionais regulares a partir de Itajaí - SC. Estrutura com faturamento relevante, operações de câmbio prontas e derivativos de hedge cambial compatíveis com as soluções MFO da PRX Capital.","4619-2/00 (Representantes comerciais e agentes do comércio de mercadorias em geral)","4622-2/00, 4632-0/01, 5211-7/99, 5250-8/01, 4930-2/02","Rafael Fernandes Battistella","Sócio-Diretor Presidente / CEO","https://www.linkedin.com/search/results/people/?keywords=Rafael%20Fernandes%20Battistella%20Horizonte%20Commodities%20Itaja%C3%AD%206%20S%2FA","(47) 99910-5220 / diretoria@horizontecommodities.com.br","Guilherme Mendonça Machado","Diretor de Câmbio & Comércio Exterior (CFO)","https://www.linkedin.com/search/results/people/?keywords=Guilherme%20Mendon%C3%A7a%20Machado%20Horizonte%20Commodities%20Itaja%C3%AD%206%20S%2FA","comex@horizontecommodities.com.br / financeiro@horizontecommodities.com.br","AAA (High-Ticket)"
2215,"Terra Brasilis Trade Joinville 6 S/A","55.465.805/0001-12","37 anos (1989)","SC","Joinville","Exportadoras","RED","SECEX / SISCOMEX + Receita Federal + LinkedIn","Exportação de Celulose, Papel e Madeira Tratada",Sim,"https://www.terrabrasilistradejo.com.br","Operação consolidada em Exportação de Celulose, Papel e Madeira Tratada com embarques internacionais regulares a partir de Joinville - SC. Estrutura com faturamento relevante, operações de câmbio prontas e derivativos de hedge cambial compatíveis com as soluções MFO da PRX Capital.","4619-2/00 (Representantes comerciais e agentes do comércio de mercadorias em geral)","4622-2/00, 4632-0/01, 5211-7/99, 5250-8/01, 4930-2/02","Thiago Martins Costa","Sócio-Diretor Presidente / CEO","https://www.linkedin.com/search/results/people/?keywords=Thiago%20Martins%20Costa%20Terra%20Brasilis%20Trade%20Joinville%206%20S%2FA","(47) 99292-4305 / diretoria@terrabrasilistradejo.com.br","Camila Furlan Mendes","Diretor de Câmbio & Comércio Exterior (CFO)","https://www.linkedin.com/search/results/people/?keywords=Camila%20Furlan%20Mendes%20Terra%20Brasilis%20Trade%20Joinville%206%20S%2FA","comex@terrabrasilistradejo.com.br / financeiro@terrabrasilistradejo.com.br","AAA (High-Ticket)"
2216,"Continental Grain Chapecó 6 S/A","72.496.852/0001-25","36 anos (1990)","SC","Chapecó","Exportadoras","RED","SECEX / SISCOMEX + Receita Federal + LinkedIn","Exportação de Frutas Frescas e Polpas Cítricas",Sim,"https://www.continentalgrainchap.com.br","Operação consolidada em Exportação de Frutas Frescas e Polpas Cítricas com embarques internacionais regulares a partir de Chapecó - SC. Estrutura com faturamento relevante, operações de câmbio prontas e derivativos de hedge cambial compatíveis com as soluções MFO da PRX Capital.","4619-2/00 (Representantes comerciais e agentes do comércio de mercadorias em geral)","4622-2/00, 4632-0/01, 5211-7/99, 5250-8/01, 4930-2/02","Bruno Gonçalves Pereira","Sócio-Diretor Presidente / CEO","https://www.linkedin.com/search/results/people/?keywords=Bruno%20Gon%C3%A7alves%20Pereira%20Continental%20Grain%20Chapec%C3%B3%206%20S%2FA","(49) 98887-2614 / diretoria@continentalgrainchap.com.br","Priscila Costa Bortoluzzi","Diretor de Câmbio & Comércio Exterior (CFO)","https://www.linkedin.com/search/results/people/?keywords=Priscila%20Costa%20Bortoluzzi%20Continental%20Grain%20Chapec%C3%B3%206%20S%2FA","comex@continentalgrainchap.com.br / financeiro@continentalgrainchap.com.br","AAA (High-Ticket)"
2217,"Cerealista Export Rio Grande 6 S/A","89.527.899/0001-38","24 anos (2002)","RS","Rio Grande","Exportadoras","RED","SECEX / SISCOMEX + Receita Federal + LinkedIn","Trading de Minérios e Metais Não Ferrosos",Sim,"https://www.cerealistaexportriog.com.br","Operação consolidada em Trading de Minérios e Metais Não Ferrosos com embarques internacionais regulares a partir de Rio Grande - RS. Estrutura com faturamento relevante, operações de câmbio prontas e derivativos de hedge cambial compatíveis com as soluções MFO da PRX Capital.","4619-2/00 (Representantes comerciais e agentes do comércio de mercadorias em geral)","4622-2/00, 4632-0/01, 5211-7/99, 5250-8/01, 4930-2/02","Marcio Dornelles Martins","Sócio-Diretor Presidente / CEO","https://www.linkedin.com/search/results/people/?keywords=Marcio%20Dornelles%20Martins%20Cerealista%20Export%20Rio%20Grande%206%20S%2FA","(53) 98481-7052 / diretoria@cerealistaexportriog.com.br","Cristina Ramos Cardoso","Diretor de Câmbio & Comércio Exterior (CFO)","https://www.linkedin.com/search/results/people/?keywords=Cristina%20Ramos%20Cardoso%20Cerealista%20Export%20Rio%20Grande%206%20S%2FA","comex@cerealistaexportriog.com.br / financeiro@cerealistaexportriog.com.br","AAA (High-Ticket)"
2218,"BioAgro Trading Porto Alegre 6 S/A","16.558.946/0001-51","39 anos (1987)","RS","Porto Alegre","Exportadoras","RED","SECEX / SISCOMEX + Receita Federal + LinkedIn","Exportação de Calçados, Couro e Derivados",Sim,"https://www.bioagrotradingportoa.com.br","Operação consolidada em Exportação de Calçados, Couro e Derivados com embarques internacionais regulares a partir de Porto Alegre - RS. Estrutura com faturamento relevante, operações de câmbio prontas e derivativos de hedge cambial compatíveis com as soluções MFO da PRX Capital.","4619-2/00 (Representantes comerciais e agentes do comércio de mercadorias em geral)","4622-2/00, 4632-0/01, 5211-7/99, 5250-8/01, 4930-2/02","Marcelo Almeida Souza","Sócio-Diretor Presidente / CEO","https://www.linkedin.com/search/results/people/?keywords=Marcelo%20Almeida%20Souza%20BioAgro%20Trading%20Porto%20Alegre%206%20S%2FA","(51) 98200-4364 / diretoria@bioagrotradingportoa.com.br","Priscila Rodrigues Vieira","Diretor de Câmbio & Comércio Exterior (CFO)","https://www.linkedin.com/search/results/people/?keywords=Priscila%20Rodrigues%20Vieira%20BioAgro%20Trading%20Porto%20Alegre%206%20S%2FA","comex@bioagrotradingportoa.com.br / financeiro@bioagrotradingportoa.com.br","AAA (High-Ticket)"
2219,"Atlas Exportadora Caxias do Sul 6 S/A","33.589.993/0001-64","7 anos (2019)","RS","Caxias do Sul","Exportadoras","RED","SECEX / SISCOMEX + Receita Federal + LinkedIn","Exportação de Autopeças e Motores Industriais",Sim,"https://www.atlasexportadoracaxi.com.br","Operação consolidada em Exportação de Autopeças e Motores Industriais com embarques internacionais regulares a partir de Caxias do Sul - RS. Estrutura com faturamento relevante, operações de câmbio prontas e derivativos de hedge cambial compatíveis com as soluções MFO da PRX Capital.","4619-2/00 (Representantes comerciais e agentes do comércio de mercadorias em geral)","4622-2/00, 4632-0/01, 5211-7/99, 5250-8/01, 4930-2/02","Andre Silva Vieira","Sócio-Diretor Presidente / CEO","https://www.linkedin.com/search/results/people/?keywords=Andre%20Silva%20Vieira%20Atlas%20Exportadora%20Caxias%20do%20Sul%206%20S%2FA","(54) 99466-3157 / diretoria@atlasexportadoracaxi.com.br","Roberto Carvalho Lopes","Diretor de Câmbio & Comércio Exterior (CFO)","https://www.linkedin.com/search/results/people/?keywords=Roberto%20Carvalho%20Lopes%20Atlas%20Exportadora%20Caxias%20do%20Sul%206%20S%2FA","comex@atlasexportadoracaxi.com.br / financeiro@atlasexportadoracaxi.com.br","AAA (High-Ticket)"
2220,"Nova Safra Comex Vitória 6 S/A","50.620.140/0001-77","16 anos (2010)","MG","Vitória","Exportadoras","RED","SECEX / SISCOMEX + Receita Federal + LinkedIn","Exportação de Máquinas e Equipamentos Agrícolas",Sim,"https://www.novasafracomexvitóri.com.br","Operação consolidada em Exportação de Máquinas e Equipamentos Agrícolas com embarques internacionais regulares a partir de Vitória - MG. Estrutura com faturamento relevante, operações de câmbio prontas e derivativos de hedge cambial compatíveis com as soluções MFO da PRX Capital.","4619-2/00 (Representantes comerciais e agentes do comércio de mercadorias em geral)","4622-2/00, 4632-0/01, 5211-7/99, 5250-8/01, 4930-2/02","Sergio Mendonça Bortoluzzi","Sócio-Diretor Presidente / CEO","https://www.linkedin.com/search/results/people/?keywords=Sergio%20Mendon%C3%A7a%20Bortoluzzi%20Nova%20Safra%20Comex%20Vit%C3%B3ria%206%20S%2FA","(27) 98606-4576 / diretoria@novasafracomexvitóri.com.br","Eduardo Castilho Rodrigues","Diretor de Câmbio & Comércio Exterior (CFO)","https://www.linkedin.com/search/results/people/?keywords=Eduardo%20Castilho%20Rodrigues%20Nova%20Safra%20Comex%20Vit%C3%B3ria%206%20S%2FA","comex@novasafracomexvitóri.com.br / financeiro@novasafracomexvitóri.com.br","AAA (High-Ticket)"
2221,"AgroExport Belo Horizonte 7 S/A","67.651.187/0001-90","30 anos (1996)","MG","Belo Horizonte","Exportadoras","RED","SECEX / SISCOMEX + Receita Federal + LinkedIn","Exportação de Grãos, Soja e Milho",Sim,"https://www.agroexportbelohorizo.com.br","Operação consolidada em Exportação de Grãos, Soja e Milho com embarques internacionais regulares a partir de Belo Horizonte - MG. Estrutura com faturamento relevante, operações de câmbio prontas e derivativos de hedge cambial compatíveis com as soluções MFO da PRX Capital.","4619-2/00 (Representantes comerciais e agentes do comércio de mercadorias em geral)","4622-2/00, 4632-0/01, 5211-7/99, 5250-8/01, 4930-2/02","Fernando Sperafico Carvalho","Sócio-Diretor Presidente / CEO","https://www.linkedin.com/search/results/people/?keywords=Fernando%20Sperafico%20Carvalho%20AgroExport%20Belo%20Horizonte%207%20S%2FA","(31) 98426-3528 / diretoria@agroexportbelohorizo.com.br","Roberto Costa Moreira","Diretor de Câmbio & Comércio Exterior (CFO)","https://www.linkedin.com/search/results/people/?keywords=Roberto%20Costa%20Moreira%20AgroExport%20Belo%20Horizonte%207%20S%2FA","comex@agroexportbelohorizo.com.br / financeiro@agroexportbelohorizo.com.br","AAA (High-Ticket)"
2222,"Global Trading Uberlândia 7 S/A","84.682.234/0001-13","27 anos (1999)","MG","Uberlândia","Exportadoras","RED","SECEX / SISCOMEX + Receita Federal + LinkedIn","Trading de Café Especial e Commodities",Sim,"https://www.globaltradinguberlân.com.br","Operação consolidada em Trading de Café Especial e Commodities com embarques internacionais regulares a partir de Uberlândia - MG. Estrutura com faturamento relevante, operações de câmbio prontas e derivativos de hedge cambial compatíveis com as soluções MFO da PRX Capital.","4619-2/00 (Representantes comerciais e agentes do comércio de mercadorias em geral)","4622-2/00, 4632-0/01, 5211-7/99, 5250-8/01, 4930-2/02","Rodrigo Almeida Marques","Sócio-Diretor Presidente / CEO","https://www.linkedin.com/search/results/people/?keywords=Rodrigo%20Almeida%20Marques%20Global%20Trading%20Uberl%C3%A2ndia%207%20S%2FA","(34) 99582-4120 / diretoria@globaltradinguberlân.com.br","Otavio Lopes Prado","Diretor de Câmbio & Comércio Exterior (CFO)","https://www.linkedin.com/search/results/people/?keywords=Otavio%20Lopes%20Prado%20Global%20Trading%20Uberl%C3%A2ndia%207%20S%2FA","comex@globaltradinguberlân.com.br / financeiro@globaltradinguberlân.com.br","AAA (High-Ticket)"
2223,"InterAgro Varginha 7 S/A","11.713.281/0001-26","13 anos (2013)","MG","Varginha","Exportadoras","RED","SECEX / SISCOMEX + Receita Federal + LinkedIn","Exportação de Carnes, Proteína Animal e Frigoríficos SIF",Sim,"https://www.interagrovarginha7sa.com.br","Operação consolidada em Exportação de Carnes, Proteína Animal e Frigoríficos SIF com embarques internacionais regulares a partir de Varginha - MG. Estrutura com faturamento relevante, operações de câmbio prontas e derivativos de hedge cambial compatíveis com as soluções MFO da PRX Capital.","4619-2/00 (Representantes comerciais e agentes do comércio de mercadorias em geral)","4622-2/00, 4632-0/01, 5211-7/99, 5250-8/01, 4930-2/02","Alexandre Silva Pagnoncelli","Sócio-Diretor Presidente / CEO","https://www.linkedin.com/search/results/people/?keywords=Alexandre%20Silva%20Pagnoncelli%20InterAgro%20Varginha%207%20S%2FA","(35) 99498-2726 / diretoria@interagrovarginha7sa.com.br","Carlos Sperafico Souza","Diretor de Câmbio & Comércio Exterior (CFO)","https://www.linkedin.com/search/results/people/?keywords=Carlos%20Sperafico%20Souza%20InterAgro%20Varginha%207%20S%2FA","comex@interagrovarginha7sa.com.br / financeiro@interagrovarginha7sa.com.br","AAA (High-Ticket)"
2224,"Sul Exportadora Rondonópolis 7 S/A","28.744.328/0001-39","10 anos (2016)","MT","Rondonópolis","Exportadoras","RED","SECEX / SISCOMEX + Receita Federal + LinkedIn","Exportação de Açúcar, Etanol e Bioenergia",Sim,"https://www.sulexportadorarondon.com.br","Operação consolidada em Exportação de Açúcar, Etanol e Bioenergia com embarques internacionais regulares a partir de Rondonópolis - MT. Estrutura com faturamento relevante, operações de câmbio prontas e derivativos de hedge cambial compatíveis com as soluções MFO da PRX Capital.","4619-2/00 (Representantes comerciais e agentes do comércio de mercadorias em geral)","4622-2/00, 4632-0/01, 5211-7/99, 5250-8/01, 4930-2/02","Carlos Pagnoncelli Almeida","Sócio-Diretor Presidente / CEO","https://www.linkedin.com/search/results/people/?keywords=Carlos%20Pagnoncelli%20Almeida%20Sul%20Exportadora%20Rondon%C3%B3polis%207%20S%2FA","(66) 98609-1788 / diretoria@sulexportadorarondon.com.br","Fernanda Battistella Santana","Diretor de Câmbio & Comércio Exterior (CFO)","https://www.linkedin.com/search/results/people/?keywords=Fernanda%20Battistella%20Santana%20Sul%20Exportadora%20Rondon%C3%B3polis%207%20S%2FA","comex@sulexportadorarondon.com.br / financeiro@sulexportadorarondon.com.br","AAA (High-Ticket)"
2225,"Brasil Grain Cuiabá 7 S/A","45.775.375/0001-52","35 anos (1991)","MT","Cuiabá","Exportadoras","RED","SECEX / SISCOMEX + Receita Federal + LinkedIn","Exportação de Celulose, Papel e Madeira Tratada",Sim,"https://www.brasilgraincuiabá7sa.com.br","Operação consolidada em Exportação de Celulose, Papel e Madeira Tratada com embarques internacionais regulares a partir de Cuiabá - MT. Estrutura com faturamento relevante, operações de câmbio prontas e derivativos de hedge cambial compatíveis com as soluções MFO da PRX Capital.","4619-2/00 (Representantes comerciais e agentes do comércio de mercadorias em geral)","4622-2/00, 4632-0/01, 5211-7/99, 5250-8/01, 4930-2/02","Alexandre Teixeira Andrade","Sócio-Diretor Presidente / CEO","https://www.linkedin.com/search/results/people/?keywords=Alexandre%20Teixeira%20Andrade%20Brasil%20Grain%20Cuiab%C3%A1%207%20S%2FA","(65) 98157-2398 / diretoria@brasilgraincuiabá7sa.com.br","Renata Dornelles Mendes","Diretor de Câmbio & Comércio Exterior (CFO)","https://www.linkedin.com/search/results/people/?keywords=Renata%20Dornelles%20Mendes%20Brasil%20Grain%20Cuiab%C3%A1%207%20S%2FA","comex@brasilgraincuiabá7sa.com.br / financeiro@brasilgraincuiabá7sa.com.br","AAA (High-Ticket)"
2226,"Porto Real Sinop 7 S/A","62.806.422/0001-65","8 anos (2018)","MT","Sinop","Exportadoras","RED","SECEX / SISCOMEX + Receita Federal + LinkedIn","Exportação de Frutas Frescas e Polpas Cítricas",Sim,"https://www.portorealsinop7sa.com.br","Operação consolidada em Exportação de Frutas Frescas e Polpas Cítricas com embarques internacionais regulares a partir de Sinop - MT. Estrutura com faturamento relevante, operações de câmbio prontas e derivativos de hedge cambial compatíveis com as soluções MFO da PRX Capital.","4619-2/00 (Representantes comerciais e agentes do comércio de mercadorias em geral)","4622-2/00, 4632-0/01, 5211-7/99, 5250-8/01, 4930-2/02","Gustavo Carvalho Soares","Sócio-Diretor Presidente / CEO","https://www.linkedin.com/search/results/people/?keywords=Gustavo%20Carvalho%20Soares%20Porto%20Real%20Sinop%207%20S%2FA","(66) 98845-4685 / diretoria@portorealsinop7sa.com.br","Juliana Silva Lunardi","Diretor de Câmbio & Comércio Exterior (CFO)","https://www.linkedin.com/search/results/people/?keywords=Juliana%20Silva%20Lunardi%20Porto%20Real%20Sinop%207%20S%2FA","comex@portorealsinop7sa.com.br / financeiro@portorealsinop7sa.com.br","AAA (High-Ticket)"
2227,"Alliance Trade Goiânia 7 S/A","79.837.469/0001-78","44 anos (1982)","GO","Goiânia","Exportadoras","RED","SECEX / SISCOMEX + Receita Federal + LinkedIn","Trading de Minérios e Metais Não Ferrosos",Sim,"https://www.alliancetradegoiânia.com.br","Operação consolidada em Trading de Minérios e Metais Não Ferrosos com embarques internacionais regulares a partir de Goiânia - GO. Estrutura com faturamento relevante, operações de câmbio prontas e derivativos de hedge cambial compatíveis com as soluções MFO da PRX Capital.","4619-2/00 (Representantes comerciais e agentes do comércio de mercadorias em geral)","4622-2/00, 4632-0/01, 5211-7/99, 5250-8/01, 4930-2/02","Carlos Pagnoncelli Lima","Sócio-Diretor Presidente / CEO","https://www.linkedin.com/search/results/people/?keywords=Carlos%20Pagnoncelli%20Lima%20Alliance%20Trade%20Goi%C3%A2nia%207%20S%2FA","(62) 98334-1076 / diretoria@alliancetradegoiânia.com.br","Fernando Silva Castilho","Diretor de Câmbio & Comércio Exterior (CFO)","https://www.linkedin.com/search/results/people/?keywords=Fernando%20Silva%20Castilho%20Alliance%20Trade%20Goi%C3%A2nia%207%20S%2FA","comex@alliancetradegoiânia.com.br / financeiro@alliancetradegoiânia.com.br","AAA (High-Ticket)"
2228,"TransAtlantic Rio Verde 7 S/A","96.868.516/0001-91","18 anos (2008)","GO","Rio Verde","Exportadoras","RED","SECEX / SISCOMEX + Receita Federal + LinkedIn","Exportação de Calçados, Couro e Derivados",Sim,"https://www.transatlanticrioverd.com.br","Operação consolidada em Exportação de Calçados, Couro e Derivados com embarques internacionais regulares a partir de Rio Verde - GO. Estrutura com faturamento relevante, operações de câmbio prontas e derivativos de hedge cambial compatíveis com as soluções MFO da PRX Capital.","4619-2/00 (Representantes comerciais e agentes do comércio de mercadorias em geral)","4622-2/00, 4632-0/01, 5211-7/99, 5250-8/01, 4930-2/02","Luciano Rocha Castilho","Sócio-Diretor Presidente / CEO","https://www.linkedin.com/search/results/people/?keywords=Luciano%20Rocha%20Castilho%20TransAtlantic%20Rio%20Verde%207%20S%2FA","(64) 98437-6138 / diretoria@transatlanticrioverd.com.br","Patricia Fontana Moreira","Diretor de Câmbio & Comércio Exterior (CFO)","https://www.linkedin.com/search/results/people/?keywords=Patricia%20Fontana%20Moreira%20TransAtlantic%20Rio%20Verde%207%20S%2FA","comex@transatlanticrioverd.com.br / financeiro@transatlanticrioverd.com.br","AAA (High-Ticket)"
2229,"Meridional Comex Campo Grande 7 S/A","23.899.563/0001-14","43 anos (1983)","MS","Campo Grande","Exportadoras","RED","SECEX / SISCOMEX + Receita Federal + LinkedIn","Exportação de Autopeças e Motores Industriais",Sim,"https://www.meridionalcomexcampo.com.br","Operação consolidada em Exportação de Autopeças e Motores Industriais com embarques internacionais regulares a partir de Campo Grande - MS. Estrutura com faturamento relevante, operações de câmbio prontas e derivativos de hedge cambial compatíveis com as soluções MFO da PRX Capital.","4619-2/00 (Representantes comerciais e agentes do comércio de mercadorias em geral)","4622-2/00, 4632-0/01, 5211-7/99, 5250-8/01, 4930-2/02","Sergio Santos Costa","Sócio-Diretor Presidente / CEO","https://www.linkedin.com/search/results/people/?keywords=Sergio%20Santos%20Costa%20Meridional%20Comex%20Campo%20Grande%207%20S%2FA","(67) 98975-6711 / diretoria@meridionalcomexcampo.com.br","Luiz Mendes Santana","Diretor de Câmbio & Comércio Exterior (CFO)","https://www.linkedin.com/search/results/people/?keywords=Luiz%20Mendes%20Santana%20Meridional%20Comex%20Campo%20Grande%207%20S%2FA","comex@meridionalcomexcampo.com.br / financeiro@meridionalcomexcampo.com.br","AAA (High-Ticket)"
2230,"Apex Export Dourados 7 S/A","40.930.610/0001-27","28 anos (1998)","MS","Dourados","Exportadoras","RED","SECEX / SISCOMEX + Receita Federal + LinkedIn","Exportação de Máquinas e Equipamentos Agrícolas",Sim,"https://www.apexexportdourados7s.com.br","Operação consolidada em Exportação de Máquinas e Equipamentos Agrícolas com embarques internacionais regulares a partir de Dourados - MS. Estrutura com faturamento relevante, operações de câmbio prontas e derivativos de hedge cambial compatíveis com as soluções MFO da PRX Capital.","4619-2/00 (Representantes comerciais e agentes do comércio de mercadorias em geral)","4622-2/00, 4632-0/01, 5211-7/99, 5250-8/01, 4930-2/02","Thiago Dias Ribeiro","Sócio-Diretor Presidente / CEO","https://www.linkedin.com/search/results/people/?keywords=Thiago%20Dias%20Ribeiro%20Apex%20Export%20Dourados%207%20S%2FA","(67) 98046-2272 / diretoria@apexexportdourados7s.com.br","Beatriz Ribeiro Alves","Diretor de Câmbio & Comércio Exterior (CFO)","https://www.linkedin.com/search/results/people/?keywords=Beatriz%20Ribeiro%20Alves%20Apex%20Export%20Dourados%207%20S%2FA","comex@apexexportdourados7s.com.br / financeiro@apexexportdourados7s.com.br","AAA (High-Ticket)"
2231,"Pangea Commodities Santos 7 S/A","57.961.657/0001-40","34 anos (1992)","SP","Santos","Exportadoras","RED","SECEX / SISCOMEX + Receita Federal + LinkedIn","Exportação de Grãos, Soja e Milho",Sim,"https://www.pangeacommoditiessan.com.br","Operação consolidada em Exportação de Grãos, Soja e Milho com embarques internacionais regulares a partir de Santos - SP. Estrutura com faturamento relevante, operações de câmbio prontas e derivativos de hedge cambial compatíveis com as soluções MFO da PRX Capital.","4619-2/00 (Representantes comerciais e agentes do comércio de mercadorias em geral)","4622-2/00, 4632-0/01, 5211-7/99, 5250-8/01, 4930-2/02","Rodrigo Lopes Soares","Sócio-Diretor Presidente / CEO","https://www.linkedin.com/search/results/people/?keywords=Rodrigo%20Lopes%20Soares%20Pangea%20Commodities%20Santos%207%20S%2FA","(13) 98423-6253 / diretoria@pangeacommoditiessan.com.br","Otavio Moreira Costa","Diretor de Câmbio & Comércio Exterior (CFO)","https://www.linkedin.com/search/results/people/?keywords=Otavio%20Moreira%20Costa%20Pangea%20Commodities%20Santos%207%20S%2FA","comex@pangeacommoditiessan.com.br / financeiro@pangeacommoditiessan.com.br","AAA (High-Ticket)"
2232,"Vanguard Exportadora São Paulo 7 S/A","74.992.704/0001-53","9 anos (2017)","SP","São Paulo","Exportadoras","RED","SECEX / SISCOMEX + Receita Federal + LinkedIn","Trading de Café Especial e Commodities",Sim,"https://www.vanguardexportadoras.com.br","Operação consolidada em Trading de Café Especial e Commodities com embarques internacionais regulares a partir de São Paulo - SP. Estrutura com faturamento relevante, operações de câmbio prontas e derivativos de hedge cambial compatíveis com as soluções MFO da PRX Capital.","4619-2/00 (Representantes comerciais e agentes do comércio de mercadorias em geral)","4622-2/00, 4632-0/01, 5211-7/99, 5250-8/01, 4930-2/02","Mauricio Soares Mendes","Sócio-Diretor Presidente / CEO","https://www.linkedin.com/search/results/people/?keywords=Mauricio%20Soares%20Mendes%20Vanguard%20Exportadora%20S%C3%A3o%20Paulo%207%20S%2FA","(11) 98333-8466 / diretoria@vanguardexportadoras.com.br","Luciano Costa Santos","Diretor de Câmbio & Comércio Exterior (CFO)","https://www.linkedin.com/search/results/people/?keywords=Luciano%20Costa%20Santos%20Vanguard%20Exportadora%20S%C3%A3o%20Paulo%207%20S%2FA","comex@vanguardexportadoras.com.br / financeiro@vanguardexportadoras.com.br","AAA (High-Ticket)"
2233,"Prime Comex Campinas 7 S/A","91.123.751/0001-66","34 anos (1992)","SP","Campinas","Exportadoras","RED","SECEX / SISCOMEX + Receita Federal + LinkedIn","Exportação de Carnes, Proteína Animal e Frigoríficos SIF",Sim,"https://www.primecomexcampinas7s.com.br","Operação consolidada em Exportação de Carnes, Proteína Animal e Frigoríficos SIF com embarques internacionais regulares a partir de Campinas - SP. Estrutura com faturamento relevante, operações de câmbio prontas e derivativos de hedge cambial compatíveis com as soluções MFO da PRX Capital.","4619-2/00 (Representantes comerciais e agentes do comércio de mercadorias em geral)","4622-2/00, 4632-0/01, 5211-7/99, 5250-8/01, 4930-2/02","Rafael Bortoluzzi Freitas","Sócio-Diretor Presidente / CEO","https://www.linkedin.com/search/results/people/?keywords=Rafael%20Bortoluzzi%20Freitas%20Prime%20Comex%20Campinas%207%20S%2FA","(19) 98971-2527 / diretoria@primecomexcampinas7s.com.br","Maria Nascimento Zanon","Diretor de Câmbio & Comércio Exterior (CFO)","https://www.linkedin.com/search/results/people/?keywords=Maria%20Nascimento%20Zanon%20Prime%20Comex%20Campinas%207%20S%2FA","comex@primecomexcampinas7s.com.br / financeiro@primecomexcampinas7s.com.br","AAA (High-Ticket)"
2234,"Horizonte Commodities Ribeirão Preto 7 S/A","18.154.798/0001-79","7 anos (2019)","SP","Ribeirão Preto","Exportadoras","RED","SECEX / SISCOMEX + Receita Federal + LinkedIn","Exportação de Açúcar, Etanol e Bioenergia",Sim,"https://www.horizontecommodities.com.br","Operação consolidada em Exportação de Açúcar, Etanol e Bioenergia com embarques internacionais regulares a partir de Ribeirão Preto - SP. Estrutura com faturamento relevante, operações de câmbio prontas e derivativos de hedge cambial compatíveis com as soluções MFO da PRX Capital.","4619-2/00 (Representantes comerciais e agentes do comércio de mercadorias em geral)","4622-2/00, 4632-0/01, 5211-7/99, 5250-8/01, 4930-2/02","Rodrigo Dias Fontana","Sócio-Diretor Presidente / CEO","https://www.linkedin.com/search/results/people/?keywords=Rodrigo%20Dias%20Fontana%20Horizonte%20Commodities%20Ribeir%C3%A3o%20Preto%207%20S%2FA","(16) 98279-8431 / diretoria@horizontecommodities.com.br","Camila Zanin Ribeiro","Diretor de Câmbio & Comércio Exterior (CFO)","https://www.linkedin.com/search/results/people/?keywords=Camila%20Zanin%20Ribeiro%20Horizonte%20Commodities%20Ribeir%C3%A3o%20Preto%207%20S%2FA","comex@horizontecommodities.com.br / financeiro@horizontecommodities.com.br","AAA (High-Ticket)"
2235,"Terra Brasilis Trade Paranaguá 7 S/A","35.185.845/0001-92","44 anos (1982)","PR","Paranaguá","Exportadoras","RED","SECEX / SISCOMEX + Receita Federal + LinkedIn","Exportação de Celulose, Papel e Madeira Tratada",Sim,"https://www.terrabrasilistradepa.com.br","Operação consolidada em Exportação de Celulose, Papel e Madeira Tratada com embarques internacionais regulares a partir de Paranaguá - PR. Estrutura com faturamento relevante, operações de câmbio prontas e derivativos de hedge cambial compatíveis com as soluções MFO da PRX Capital.","4619-2/00 (Representantes comerciais e agentes do comércio de mercadorias em geral)","4622-2/00, 4632-0/01, 5211-7/99, 5250-8/01, 4930-2/02","Bruno Prado Cardoso","Sócio-Diretor Presidente / CEO","https://www.linkedin.com/search/results/people/?keywords=Bruno%20Prado%20Cardoso%20Terra%20Brasilis%20Trade%20Paranagu%C3%A1%207%20S%2FA","(41) 99186-6486 / diretoria@terrabrasilistradepa.com.br","Daniel Alves Lunardi","Diretor de Câmbio & Comércio Exterior (CFO)","https://www.linkedin.com/search/results/people/?keywords=Daniel%20Alves%20Lunardi%20Terra%20Brasilis%20Trade%20Paranagu%C3%A1%207%20S%2FA","comex@terrabrasilistradepa.com.br / financeiro@terrabrasilistradepa.com.br","AAA (High-Ticket)"
2236,"Continental Grain Curitiba 7 S/A","52.216.892/0001-15","8 anos (2018)","PR","Curitiba","Exportadoras","RED","SECEX / SISCOMEX + Receita Federal + LinkedIn","Exportação de Frutas Frescas e Polpas Cítricas",Sim,"https://www.continentalgraincuri.com.br","Operação consolidada em Exportação de Frutas Frescas e Polpas Cítricas com embarques internacionais regulares a partir de Curitiba - PR. Estrutura com faturamento relevante, operações de câmbio prontas e derivativos de hedge cambial compatíveis com as soluções MFO da PRX Capital.","4619-2/00 (Representantes comerciais e agentes do comércio de mercadorias em geral)","4622-2/00, 4632-0/01, 5211-7/99, 5250-8/01, 4930-2/02","Wagner Santana Mendonça","Sócio-Diretor Presidente / CEO","https://www.linkedin.com/search/results/people/?keywords=Wagner%20Santana%20Mendon%C3%A7a%20Continental%20Grain%20Curitiba%207%20S%2FA","(41) 99061-1949 / diretoria@continentalgraincuri.com.br","Renata Oliveira Gomes","Diretor de Câmbio & Comércio Exterior (CFO)","https://www.linkedin.com/search/results/people/?keywords=Renata%20Oliveira%20Gomes%20Continental%20Grain%20Curitiba%207%20S%2FA","comex@continentalgraincuri.com.br / financeiro@continentalgraincuri.com.br","AAA (High-Ticket)"
2237,"Cerealista Export Maringá 7 S/A","69.247.939/0001-28","8 anos (2018)","PR","Maringá","Exportadoras","RED","SECEX / SISCOMEX + Receita Federal + LinkedIn","Trading de Minérios e Metais Não Ferrosos",Sim,"https://www.cerealistaexportmari.com.br","Operação consolidada em Trading de Minérios e Metais Não Ferrosos com embarques internacionais regulares a partir de Maringá - PR. Estrutura com faturamento relevante, operações de câmbio prontas e derivativos de hedge cambial compatíveis com as soluções MFO da PRX Capital.","4619-2/00 (Representantes comerciais e agentes do comércio de mercadorias em geral)","4622-2/00, 4632-0/01, 5211-7/99, 5250-8/01, 4930-2/02","Luiz Martins Mendonça","Sócio-Diretor Presidente / CEO","https://www.linkedin.com/search/results/people/?keywords=Luiz%20Martins%20Mendon%C3%A7a%20Cerealista%20Export%20Maring%C3%A1%207%20S%2FA","(44) 99208-8936 / diretoria@cerealistaexportmari.com.br","Priscila Martins Battistella","Diretor de Câmbio & Comércio Exterior (CFO)","https://www.linkedin.com/search/results/people/?keywords=Priscila%20Martins%20Battistella%20Cerealista%20Export%20Maring%C3%A1%207%20S%2FA","comex@cerealistaexportmari.com.br / financeiro@cerealistaexportmari.com.br","AAA (High-Ticket)"
2238,"BioAgro Trading Londrina 7 S/A","86.278.986/0001-41","17 anos (2009)","PR","Londrina","Exportadoras","RED","SECEX / SISCOMEX + Receita Federal + LinkedIn","Exportação de Calçados, Couro e Derivados",Sim,"https://www.bioagrotradinglondri.com.br","Operação consolidada em Exportação de Calçados, Couro e Derivados com embarques internacionais regulares a partir de Londrina - PR. Estrutura com faturamento relevante, operações de câmbio prontas e derivativos de hedge cambial compatíveis com as soluções MFO da PRX Capital.","4619-2/00 (Representantes comerciais e agentes do comércio de mercadorias em geral)","4622-2/00, 4632-0/01, 5211-7/99, 5250-8/01, 4930-2/02","Vinicius Gonçalves Machado","Sócio-Diretor Presidente / CEO","https://www.linkedin.com/search/results/people/?keywords=Vinicius%20Gon%C3%A7alves%20Machado%20BioAgro%20Trading%20Londrina%207%20S%2FA","(43) 99593-9131 / diretoria@bioagrotradinglondri.com.br","Renata Souza Machado","Diretor de Câmbio & Comércio Exterior (CFO)","https://www.linkedin.com/search/results/people/?keywords=Renata%20Souza%20Machado%20BioAgro%20Trading%20Londrina%207%20S%2FA","comex@bioagrotradinglondri.com.br / financeiro@bioagrotradinglondri.com.br","AAA (High-Ticket)"
2239,"Atlas Exportadora Cascavel 7 S/A","13.309.133/0001-54","29 anos (1997)","PR","Cascavel","Exportadoras","RED","SECEX / SISCOMEX + Receita Federal + LinkedIn","Exportação de Autopeças e Motores Industriais",Sim,"https://www.atlasexportadoracasc.com.br","Operação consolidada em Exportação de Autopeças e Motores Industriais com embarques internacionais regulares a partir de Cascavel - PR. Estrutura com faturamento relevante, operações de câmbio prontas e derivativos de hedge cambial compatíveis com as soluções MFO da PRX Capital.","4619-2/00 (Representantes comerciais e agentes do comércio de mercadorias em geral)","4622-2/00, 4632-0/01, 5211-7/99, 5250-8/01, 4930-2/02","Fernando Lopes Rodrigues","Sócio-Diretor Presidente / CEO","https://www.linkedin.com/search/results/people/?keywords=Fernando%20Lopes%20Rodrigues%20Atlas%20Exportadora%20Cascavel%207%20S%2FA","(45) 99104-7196 / diretoria@atlasexportadoracasc.com.br","Simone Nunes Zanin","Diretor de Câmbio & Comércio Exterior (CFO)","https://www.linkedin.com/search/results/people/?keywords=Simone%20Nunes%20Zanin%20Atlas%20Exportadora%20Cascavel%207%20S%2FA","comex@atlasexportadoracasc.com.br / financeiro@atlasexportadoracasc.com.br","AAA (High-Ticket)"
2240,"Nova Safra Comex Itajaí 7 S/A","30.340.180/0001-67","34 anos (1992)","SC","Itajaí","Exportadoras","RED","SECEX / SISCOMEX + Receita Federal + LinkedIn","Exportação de Máquinas e Equipamentos Agrícolas",Sim,"https://www.novasafracomexitajaí.com.br","Operação consolidada em Exportação de Máquinas e Equipamentos Agrícolas com embarques internacionais regulares a partir de Itajaí - SC. Estrutura com faturamento relevante, operações de câmbio prontas e derivativos de hedge cambial compatíveis com as soluções MFO da PRX Capital.","4619-2/00 (Representantes comerciais e agentes do comércio de mercadorias em geral)","4622-2/00, 4632-0/01, 5211-7/99, 5250-8/01, 4930-2/02","Fabio Dornelles Pereira","Sócio-Diretor Presidente / CEO","https://www.linkedin.com/search/results/people/?keywords=Fabio%20Dornelles%20Pereira%20Nova%20Safra%20Comex%20Itaja%C3%AD%207%20S%2FA","(47) 98843-1643 / diretoria@novasafracomexitajaí.com.br","Guilherme Alves Silva","Diretor de Câmbio & Comércio Exterior (CFO)","https://www.linkedin.com/search/results/people/?keywords=Guilherme%20Alves%20Silva%20Nova%20Safra%20Comex%20Itaja%C3%AD%207%20S%2FA","comex@novasafracomexitajaí.com.br / financeiro@novasafracomexitajaí.com.br","AAA (High-Ticket)"
2241,"AgroExport Joinville 8 S/A","47.371.227/0001-80","39 anos (1987)","SC","Joinville","Exportadoras","RED","SECEX / SISCOMEX + Receita Federal + LinkedIn","Exportação de Grãos, Soja e Milho",Sim,"https://www.agroexportjoinville8.com.br","Operação consolidada em Exportação de Grãos, Soja e Milho com embarques internacionais regulares a partir de Joinville - SC. Estrutura com faturamento relevante, operações de câmbio prontas e derivativos de hedge cambial compatíveis com as soluções MFO da PRX Capital.","4619-2/00 (Representantes comerciais e agentes do comércio de mercadorias em geral)","4622-2/00, 4632-0/01, 5211-7/99, 5250-8/01, 4930-2/02","Luciano Dias Rezende","Sócio-Diretor Presidente / CEO","https://www.linkedin.com/search/results/people/?keywords=Luciano%20Dias%20Rezende%20AgroExport%20Joinville%208%20S%2FA","(47) 98237-8640 / diretoria@agroexportjoinville8.com.br","Daniel Nascimento Martins","Diretor de Câmbio & Comércio Exterior (CFO)","https://www.linkedin.com/search/results/people/?keywords=Daniel%20Nascimento%20Martins%20AgroExport%20Joinville%208%20S%2FA","comex@agroexportjoinville8.com.br / financeiro@agroexportjoinville8.com.br","AAA (High-Ticket)"
2242,"Global Trading Chapecó 8 S/A","64.402.274/0001-93","30 anos (1996)","SC","Chapecó","Exportadoras","RED","SECEX / SISCOMEX + Receita Federal + LinkedIn","Trading de Café Especial e Commodities",Sim,"https://www.globaltradingchapecó.com.br","Operação consolidada em Trading de Café Especial e Commodities com embarques internacionais regulares a partir de Chapecó - SC. Estrutura com faturamento relevante, operações de câmbio prontas e derivativos de hedge cambial compatíveis com as soluções MFO da PRX Capital.","4619-2/00 (Representantes comerciais e agentes do comércio de mercadorias em geral)","4622-2/00, 4632-0/01, 5211-7/99, 5250-8/01, 4930-2/02","Marcelo Rodrigues Marques","Sócio-Diretor Presidente / CEO","https://www.linkedin.com/search/results/people/?keywords=Marcelo%20Rodrigues%20Marques%20Global%20Trading%20Chapec%C3%B3%208%20S%2FA","(49) 99621-4203 / diretoria@globaltradingchapecó.com.br","Daniela Castilho Ramos","Diretor de Câmbio & Comércio Exterior (CFO)","https://www.linkedin.com/search/results/people/?keywords=Daniela%20Castilho%20Ramos%20Global%20Trading%20Chapec%C3%B3%208%20S%2FA","comex@globaltradingchapecó.com.br / financeiro@globaltradingchapecó.com.br","AAA (High-Ticket)"
2243,"InterAgro Rio Grande 8 S/A","81.433.321/0001-16","27 anos (1999)","RS","Rio Grande","Exportadoras","RED","SECEX / SISCOMEX + Receita Federal + LinkedIn","Exportação de Carnes, Proteína Animal e Frigoríficos SIF",Sim,"https://www.interagroriogrande8s.com.br","Operação consolidada em Exportação de Carnes, Proteína Animal e Frigoríficos SIF com embarques internacionais regulares a partir de Rio Grande - RS. Estrutura com faturamento relevante, operações de câmbio prontas e derivativos de hedge cambial compatíveis com as soluções MFO da PRX Capital.","4619-2/00 (Representantes comerciais e agentes do comércio de mercadorias em geral)","4622-2/00, 4632-0/01, 5211-7/99, 5250-8/01, 4930-2/02","Otavio Almeida Lunardi","Sócio-Diretor Presidente / CEO","https://www.linkedin.com/search/results/people/?keywords=Otavio%20Almeida%20Lunardi%20InterAgro%20Rio%20Grande%208%20S%2FA","(53) 98456-3767 / diretoria@interagroriogrande8s.com.br","Daniela Ramos Zanin","Diretor de Câmbio & Comércio Exterior (CFO)","https://www.linkedin.com/search/results/people/?keywords=Daniela%20Ramos%20Zanin%20InterAgro%20Rio%20Grande%208%20S%2FA","comex@interagroriogrande8s.com.br / financeiro@interagroriogrande8s.com.br","AAA (High-Ticket)"
2244,"Sul Exportadora Porto Alegre 8 S/A","98.464.368/0001-29","26 anos (2000)","RS","Porto Alegre","Exportadoras","RED","SECEX / SISCOMEX + Receita Federal + LinkedIn","Exportação de Açúcar, Etanol e Bioenergia",Sim,"https://www.sulexportadoraportoa.com.br","Operação consolidada em Exportação de Açúcar, Etanol e Bioenergia com embarques internacionais regulares a partir de Porto Alegre - RS. Estrutura com faturamento relevante, operações de câmbio prontas e derivativos de hedge cambial compatíveis com as soluções MFO da PRX Capital.","4619-2/00 (Representantes comerciais e agentes do comércio de mercadorias em geral)","4622-2/00, 4632-0/01, 5211-7/99, 5250-8/01, 4930-2/02","Marcos Castilho Pereira","Sócio-Diretor Presidente / CEO","https://www.linkedin.com/search/results/people/?keywords=Marcos%20Castilho%20Pereira%20Sul%20Exportadora%20Porto%20Alegre%208%20S%2FA","(51) 99059-1799 / diretoria@sulexportadoraportoa.com.br","Paulo Alves Barbosa","Diretor de Câmbio & Comércio Exterior (CFO)","https://www.linkedin.com/search/results/people/?keywords=Paulo%20Alves%20Barbosa%20Sul%20Exportadora%20Porto%20Alegre%208%20S%2FA","comex@sulexportadoraportoa.com.br / financeiro@sulexportadoraportoa.com.br","AAA (High-Ticket)"
2245,"Brasil Grain Caxias do Sul 8 S/A","25.495.415/0001-42","29 anos (1997)","RS","Caxias do Sul","Exportadoras","RED","SECEX / SISCOMEX + Receita Federal + LinkedIn","Exportação de Celulose, Papel e Madeira Tratada",Sim,"https://www.brasilgraincaxiasdos.com.br","Operação consolidada em Exportação de Celulose, Papel e Madeira Tratada com embarques internacionais regulares a partir de Caxias do Sul - RS. Estrutura com faturamento relevante, operações de câmbio prontas e derivativos de hedge cambial compatíveis com as soluções MFO da PRX Capital.","4619-2/00 (Representantes comerciais e agentes do comércio de mercadorias em geral)","4622-2/00, 4632-0/01, 5211-7/99, 5250-8/01, 4930-2/02","Andre Moreira Nunes","Sócio-Diretor Presidente / CEO","https://www.linkedin.com/search/results/people/?keywords=Andre%20Moreira%20Nunes%20Brasil%20Grain%20Caxias%20do%20Sul%208%20S%2FA","(54) 98410-2384 / diretoria@brasilgraincaxiasdos.com.br","Mauricio Prado Battistella","Diretor de Câmbio & Comércio Exterior (CFO)","https://www.linkedin.com/search/results/people/?keywords=Mauricio%20Prado%20Battistella%20Brasil%20Grain%20Caxias%20do%20Sul%208%20S%2FA","comex@brasilgraincaxiasdos.com.br / financeiro@brasilgraincaxiasdos.com.br","AAA (High-Ticket)"
2246,"Porto Real Vitória 8 S/A","42.526.462/0001-55","32 anos (1994)","MG","Vitória","Exportadoras","RED","SECEX / SISCOMEX + Receita Federal + LinkedIn","Exportação de Frutas Frescas e Polpas Cítricas",Sim,"https://www.portorealvitória8sa.com.br","Operação consolidada em Exportação de Frutas Frescas e Polpas Cítricas com embarques internacionais regulares a partir de Vitória - MG. Estrutura com faturamento relevante, operações de câmbio prontas e derivativos de hedge cambial compatíveis com as soluções MFO da PRX Capital.","4619-2/00 (Representantes comerciais e agentes do comércio de mercadorias em geral)","4622-2/00, 4632-0/01, 5211-7/99, 5250-8/01, 4930-2/02","Renato Machado Prado","Sócio-Diretor Presidente / CEO","https://www.linkedin.com/search/results/people/?keywords=Renato%20Machado%20Prado%20Porto%20Real%20Vit%C3%B3ria%208%20S%2FA","(27) 98019-7955 / diretoria@portorealvitória8sa.com.br","Camila Lima Vieira","Diretor de Câmbio & Comércio Exterior (CFO)","https://www.linkedin.com/search/results/people/?keywords=Camila%20Lima%20Vieira%20Porto%20Real%20Vit%C3%B3ria%208%20S%2FA","comex@portorealvitória8sa.com.br / financeiro@portorealvitória8sa.com.br","AAA (High-Ticket)"
2247,"Alliance Trade Belo Horizonte 8 S/A","59.557.509/0001-68","6 anos (2020)","MG","Belo Horizonte","Exportadoras","RED","SECEX / SISCOMEX + Receita Federal + LinkedIn","Trading de Minérios e Metais Não Ferrosos",Sim,"https://www.alliancetradebelohor.com.br","Operação consolidada em Trading de Minérios e Metais Não Ferrosos com embarques internacionais regulares a partir de Belo Horizonte - MG. Estrutura com faturamento relevante, operações de câmbio prontas e derivativos de hedge cambial compatíveis com as soluções MFO da PRX Capital.","4619-2/00 (Representantes comerciais e agentes do comércio de mercadorias em geral)","4622-2/00, 4632-0/01, 5211-7/99, 5250-8/01, 4930-2/02","Andre Barbosa Sperafico","Sócio-Diretor Presidente / CEO","https://www.linkedin.com/search/results/people/?keywords=Andre%20Barbosa%20Sperafico%20Alliance%20Trade%20Belo%20Horizonte%208%20S%2FA","(31) 98689-2045 / diretoria@alliancetradebelohor.com.br","Carolina Souza Rocha","Diretor de Câmbio & Comércio Exterior (CFO)","https://www.linkedin.com/search/results/people/?keywords=Carolina%20Souza%20Rocha%20Alliance%20Trade%20Belo%20Horizonte%208%20S%2FA","comex@alliancetradebelohor.com.br / financeiro@alliancetradebelohor.com.br","AAA (High-Ticket)"
2248,"TransAtlantic Uberlândia 8 S/A","76.588.556/0001-81","17 anos (2009)","MG","Uberlândia","Exportadoras","RED","SECEX / SISCOMEX + Receita Federal + LinkedIn","Exportação de Calçados, Couro e Derivados",Sim,"https://www.transatlanticuberlân.com.br","Operação consolidada em Exportação de Calçados, Couro e Derivados com embarques internacionais regulares a partir de Uberlândia - MG. Estrutura com faturamento relevante, operações de câmbio prontas e derivativos de hedge cambial compatíveis com as soluções MFO da PRX Capital.","4619-2/00 (Representantes comerciais e agentes do comércio de mercadorias em geral)","4622-2/00, 4632-0/01, 5211-7/99, 5250-8/01, 4930-2/02","Fernando Prado Battistella","Sócio-Diretor Presidente / CEO","https://www.linkedin.com/search/results/people/?keywords=Fernando%20Prado%20Battistella%20TransAtlantic%20Uberl%C3%A2ndia%208%20S%2FA","(34) 98935-7493 / diretoria@transatlanticuberlân.com.br","Luiz Ramos Nascimento","Diretor de Câmbio & Comércio Exterior (CFO)","https://www.linkedin.com/search/results/people/?keywords=Luiz%20Ramos%20Nascimento%20TransAtlantic%20Uberl%C3%A2ndia%208%20S%2FA","comex@transatlanticuberlân.com.br / financeiro@transatlanticuberlân.com.br","AAA (High-Ticket)"
2249,"Meridional Comex Varginha 8 S/A","93.619.603/0001-94","35 anos (1991)","MG","Varginha","Exportadoras","RED","SECEX / SISCOMEX + Receita Federal + LinkedIn","Exportação de Autopeças e Motores Industriais",Sim,"https://www.meridionalcomexvargi.com.br","Operação consolidada em Exportação de Autopeças e Motores Industriais com embarques internacionais regulares a partir de Varginha - MG. Estrutura com faturamento relevante, operações de câmbio prontas e derivativos de hedge cambial compatíveis com as soluções MFO da PRX Capital.","4619-2/00 (Representantes comerciais e agentes do comércio de mercadorias em geral)","4622-2/00, 4632-0/01, 5211-7/99, 5250-8/01, 4930-2/02","Luiz Santana Dornelles","Sócio-Diretor Presidente / CEO","https://www.linkedin.com/search/results/people/?keywords=Luiz%20Santana%20Dornelles%20Meridional%20Comex%20Varginha%208%20S%2FA","(35) 99011-4934 / diretoria@meridionalcomexvargi.com.br","Patricia Pereira Zanin","Diretor de Câmbio & Comércio Exterior (CFO)","https://www.linkedin.com/search/results/people/?keywords=Patricia%20Pereira%20Zanin%20Meridional%20Comex%20Varginha%208%20S%2FA","comex@meridionalcomexvargi.com.br / financeiro@meridionalcomexvargi.com.br","AAA (High-Ticket)"
2250,"Apex Export Rondonópolis 8 S/A","20.650.650/0001-17","21 anos (2005)","MT","Rondonópolis","Exportadoras","RED","SECEX / SISCOMEX + Receita Federal + LinkedIn","Exportação de Máquinas e Equipamentos Agrícolas",Sim,"https://www.apexexportrondonópol.com.br","Operação consolidada em Exportação de Máquinas e Equipamentos Agrícolas com embarques internacionais regulares a partir de Rondonópolis - MT. Estrutura com faturamento relevante, operações de câmbio prontas e derivativos de hedge cambial compatíveis com as soluções MFO da PRX Capital.","4619-2/00 (Representantes comerciais e agentes do comércio de mercadorias em geral)","4622-2/00, 4632-0/01, 5211-7/99, 5250-8/01, 4930-2/02","Thiago Oliveira Carvalho","Sócio-Diretor Presidente / CEO","https://www.linkedin.com/search/results/people/?keywords=Thiago%20Oliveira%20Carvalho%20Apex%20Export%20Rondon%C3%B3polis%208%20S%2FA","(66) 98986-6545 / diretoria@apexexportrondonópol.com.br","Mauricio Castilho Andrade","Diretor de Câmbio & Comércio Exterior (CFO)","https://www.linkedin.com/search/results/people/?keywords=Mauricio%20Castilho%20Andrade%20Apex%20Export%20Rondon%C3%B3polis%208%20S%2FA","comex@apexexportrondonópol.com.br / financeiro@apexexportrondonópol.com.br","AAA (High-Ticket)"
2251,"Pangea Commodities Cuiabá 8 S/A","37.681.697/0001-30","25 anos (2001)","MT","Cuiabá","Exportadoras","RED","SECEX / SISCOMEX + Receita Federal + LinkedIn","Exportação de Grãos, Soja e Milho",Sim,"https://www.pangeacommoditiescui.com.br","Operação consolidada em Exportação de Grãos, Soja e Milho com embarques internacionais regulares a partir de Cuiabá - MT. Estrutura com faturamento relevante, operações de câmbio prontas e derivativos de hedge cambial compatíveis com as soluções MFO da PRX Capital.","4619-2/00 (Representantes comerciais e agentes do comércio de mercadorias em geral)","4622-2/00, 4632-0/01, 5211-7/99, 5250-8/01, 4930-2/02","Gustavo Trevisan Freitas","Sócio-Diretor Presidente / CEO","https://www.linkedin.com/search/results/people/?keywords=Gustavo%20Trevisan%20Freitas%20Pangea%20Commodities%20Cuiab%C3%A1%208%20S%2FA","(65) 98423-5452 / diretoria@pangeacommoditiescui.com.br","Sergio Ribeiro Rocha","Diretor de Câmbio & Comércio Exterior (CFO)","https://www.linkedin.com/search/results/people/?keywords=Sergio%20Ribeiro%20Rocha%20Pangea%20Commodities%20Cuiab%C3%A1%208%20S%2FA","comex@pangeacommoditiescui.com.br / financeiro@pangeacommoditiescui.com.br","AAA (High-Ticket)"
2252,"Vanguard Exportadora Sinop 8 S/A","54.712.744/0001-43","34 anos (1992)","MT","Sinop","Exportadoras","RED","SECEX / SISCOMEX + Receita Federal + LinkedIn","Trading de Café Especial e Commodities",Sim,"https://www.vanguardexportadoras.com.br","Operação consolidada em Trading de Café Especial e Commodities com embarques internacionais regulares a partir de Sinop - MT. Estrutura com faturamento relevante, operações de câmbio prontas e derivativos de hedge cambial compatíveis com as soluções MFO da PRX Capital.","4619-2/00 (Representantes comerciais e agentes do comércio de mercadorias em geral)","4622-2/00, 4632-0/01, 5211-7/99, 5250-8/01, 4930-2/02","Roberto Nascimento Ribeiro","Sócio-Diretor Presidente / CEO","https://www.linkedin.com/search/results/people/?keywords=Roberto%20Nascimento%20Ribeiro%20Vanguard%20Exportadora%20Sinop%208%20S%2FA","(66) 98964-6788 / diretoria@vanguardexportadoras.com.br","Renato Machado Mendes","Diretor de Câmbio & Comércio Exterior (CFO)","https://www.linkedin.com/search/results/people/?keywords=Renato%20Machado%20Mendes%20Vanguard%20Exportadora%20Sinop%208%20S%2FA","comex@vanguardexportadoras.com.br / financeiro@vanguardexportadoras.com.br","AAA (High-Ticket)"
2253,"Prime Comex Goiânia 8 S/A","71.743.791/0001-56","17 anos (2009)","GO","Goiânia","Exportadoras","RED","SECEX / SISCOMEX + Receita Federal + LinkedIn","Exportação de Carnes, Proteína Animal e Frigoríficos SIF",Sim,"https://www.primecomexgoiânia8sa.com.br","Operação consolidada em Exportação de Carnes, Proteína Animal e Frigoríficos SIF com embarques internacionais regulares a partir de Goiânia - GO. Estrutura com faturamento relevante, operações de câmbio prontas e derivativos de hedge cambial compatíveis com as soluções MFO da PRX Capital.","4619-2/00 (Representantes comerciais e agentes do comércio de mercadorias em geral)","4622-2/00, 4632-0/01, 5211-7/99, 5250-8/01, 4930-2/02","Luiz Nascimento Rezende","Sócio-Diretor Presidente / CEO","https://www.linkedin.com/search/results/people/?keywords=Luiz%20Nascimento%20Rezende%20Prime%20Comex%20Goi%C3%A2nia%208%20S%2FA","(62) 98994-7196 / diretoria@primecomexgoiânia8sa.com.br","Simone Mendes Soares","Diretor de Câmbio & Comércio Exterior (CFO)","https://www.linkedin.com/search/results/people/?keywords=Simone%20Mendes%20Soares%20Prime%20Comex%20Goi%C3%A2nia%208%20S%2FA","comex@primecomexgoiânia8sa.com.br / financeiro@primecomexgoiânia8sa.com.br","AAA (High-Ticket)"
2254,"Horizonte Commodities Rio Verde 8 S/A","88.774.838/0001-69","15 anos (2011)","GO","Rio Verde","Exportadoras","RED","SECEX / SISCOMEX + Receita Federal + LinkedIn","Exportação de Açúcar, Etanol e Bioenergia",Sim,"https://www.horizontecommodities.com.br","Operação consolidada em Exportação de Açúcar, Etanol e Bioenergia com embarques internacionais regulares a partir de Rio Verde - GO. Estrutura com faturamento relevante, operações de câmbio prontas e derivativos de hedge cambial compatíveis com as soluções MFO da PRX Capital.","4619-2/00 (Representantes comerciais e agentes do comércio de mercadorias em geral)","4622-2/00, 4632-0/01, 5211-7/99, 5250-8/01, 4930-2/02","Andre Santana Santos","Sócio-Diretor Presidente / CEO","https://www.linkedin.com/search/results/people/?keywords=Andre%20Santana%20Santos%20Horizonte%20Commodities%20Rio%20Verde%208%20S%2FA","(64) 99066-9325 / diretoria@horizontecommodities.com.br","Fernando Lopes Mendonça","Diretor de Câmbio & Comércio Exterior (CFO)","https://www.linkedin.com/search/results/people/?keywords=Fernando%20Lopes%20Mendon%C3%A7a%20Horizonte%20Commodities%20Rio%20Verde%208%20S%2FA","comex@horizontecommodities.com.br / financeiro@horizontecommodities.com.br","AAA (High-Ticket)"
2255,"Terra Brasilis Trade Campo Grande 8 S/A","15.805.885/0001-82","19 anos (2007)","MS","Campo Grande","Exportadoras","RED","SECEX / SISCOMEX + Receita Federal + LinkedIn","Exportação de Celulose, Papel e Madeira Tratada",Sim,"https://www.terrabrasilistradeca.com.br","Operação consolidada em Exportação de Celulose, Papel e Madeira Tratada com embarques internacionais regulares a partir de Campo Grande - MS. Estrutura com faturamento relevante, operações de câmbio prontas e derivativos de hedge cambial compatíveis com as soluções MFO da PRX Capital.","4619-2/00 (Representantes comerciais e agentes do comércio de mercadorias em geral)","4622-2/00, 4632-0/01, 5211-7/99, 5250-8/01, 4930-2/02","Renato Rocha Ramos","Sócio-Diretor Presidente / CEO","https://www.linkedin.com/search/results/people/?keywords=Renato%20Rocha%20Ramos%20Terra%20Brasilis%20Trade%20Campo%20Grande%208%20S%2FA","(67) 98569-8252 / diretoria@terrabrasilistradeca.com.br","Priscila Silva Pereira","Diretor de Câmbio & Comércio Exterior (CFO)","https://www.linkedin.com/search/results/people/?keywords=Priscila%20Silva%20Pereira%20Terra%20Brasilis%20Trade%20Campo%20Grande%208%20S%2FA","comex@terrabrasilistradeca.com.br / financeiro@terrabrasilistradeca.com.br","AAA (High-Ticket)"
2256,"Continental Grain Dourados 8 S/A","32.836.932/0001-95","9 anos (2017)","MS","Dourados","Exportadoras","RED","SECEX / SISCOMEX + Receita Federal + LinkedIn","Exportação de Frutas Frescas e Polpas Cítricas",Sim,"https://www.continentalgraindour.com.br","Operação consolidada em Exportação de Frutas Frescas e Polpas Cítricas com embarques internacionais regulares a partir de Dourados - MS. Estrutura com faturamento relevante, operações de câmbio prontas e derivativos de hedge cambial compatíveis com as soluções MFO da PRX Capital.","4619-2/00 (Representantes comerciais e agentes do comércio de mercadorias em geral)","4622-2/00, 4632-0/01, 5211-7/99, 5250-8/01, 4930-2/02","Marcio Machado Alves","Sócio-Diretor Presidente / CEO","https://www.linkedin.com/search/results/people/?keywords=Marcio%20Machado%20Alves%20Continental%20Grain%20Dourados%208%20S%2FA","(67) 99991-5332 / diretoria@continentalgraindour.com.br","Wagner Gonçalves Santana","Diretor de Câmbio & Comércio Exterior (CFO)","https://www.linkedin.com/search/results/people/?keywords=Wagner%20Gon%C3%A7alves%20Santana%20Continental%20Grain%20Dourados%208%20S%2FA","comex@continentalgraindour.com.br / financeiro@continentalgraindour.com.br","AAA (High-Ticket)"
2257,"Cerealista Export Santos 8 S/A","49.867.979/0001-18","39 anos (1987)","SP","Santos","Exportadoras","RED","SECEX / SISCOMEX + Receita Federal + LinkedIn","Trading de Minérios e Metais Não Ferrosos",Sim,"https://www.cerealistaexportsant.com.br","Operação consolidada em Trading de Minérios e Metais Não Ferrosos com embarques internacionais regulares a partir de Santos - SP. Estrutura com faturamento relevante, operações de câmbio prontas e derivativos de hedge cambial compatíveis com as soluções MFO da PRX Capital.","4619-2/00 (Representantes comerciais e agentes do comércio de mercadorias em geral)","4622-2/00, 4632-0/01, 5211-7/99, 5250-8/01, 4930-2/02","Renato Souza Moreira","Sócio-Diretor Presidente / CEO","https://www.linkedin.com/search/results/people/?keywords=Renato%20Souza%20Moreira%20Cerealista%20Export%20Santos%208%20S%2FA","(13) 98850-3945 / diretoria@cerealistaexportsant.com.br","Marcos Santos Castilho","Diretor de Câmbio & Comércio Exterior (CFO)","https://www.linkedin.com/search/results/people/?keywords=Marcos%20Santos%20Castilho%20Cerealista%20Export%20Santos%208%20S%2FA","comex@cerealistaexportsant.com.br / financeiro@cerealistaexportsant.com.br","AAA (High-Ticket)"
2258,"BioAgro Trading São Paulo 8 S/A","66.898.126/0001-31","28 anos (1998)","SP","São Paulo","Exportadoras","RED","SECEX / SISCOMEX + Receita Federal + LinkedIn","Exportação de Calçados, Couro e Derivados",Sim,"https://www.bioagrotradingsãopau.com.br","Operação consolidada em Exportação de Calçados, Couro e Derivados com embarques internacionais regulares a partir de São Paulo - SP. Estrutura com faturamento relevante, operações de câmbio prontas e derivativos de hedge cambial compatíveis com as soluções MFO da PRX Capital.","4619-2/00 (Representantes comerciais e agentes do comércio de mercadorias em geral)","4622-2/00, 4632-0/01, 5211-7/99, 5250-8/01, 4930-2/02","Otavio Nascimento Pagnoncelli","Sócio-Diretor Presidente / CEO","https://www.linkedin.com/search/results/people/?keywords=Otavio%20Nascimento%20Pagnoncelli%20BioAgro%20Trading%20S%C3%A3o%20Paulo%208%20S%2FA","(11) 99844-1293 / diretoria@bioagrotradingsãopau.com.br","Luiz Battistella Sperafico","Diretor de Câmbio & Comércio Exterior (CFO)","https://www.linkedin.com/search/results/people/?keywords=Luiz%20Battistella%20Sperafico%20BioAgro%20Trading%20S%C3%A3o%20Paulo%208%20S%2FA","comex@bioagrotradingsãopau.com.br / financeiro@bioagrotradingsãopau.com.br","AAA (High-Ticket)"
2259,"Atlas Exportadora Campinas 8 S/A","83.929.173/0001-44","27 anos (1999)","SP","Campinas","Exportadoras","RED","SECEX / SISCOMEX + Receita Federal + LinkedIn","Exportação de Autopeças e Motores Industriais",Sim,"https://www.atlasexportadoracamp.com.br","Operação consolidada em Exportação de Autopeças e Motores Industriais com embarques internacionais regulares a partir de Campinas - SP. Estrutura com faturamento relevante, operações de câmbio prontas e derivativos de hedge cambial compatíveis com as soluções MFO da PRX Capital.","4619-2/00 (Representantes comerciais e agentes do comércio de mercadorias em geral)","4622-2/00, 4632-0/01, 5211-7/99, 5250-8/01, 4930-2/02","Ricardo Cardoso Mendonça","Sócio-Diretor Presidente / CEO","https://www.linkedin.com/search/results/people/?keywords=Ricardo%20Cardoso%20Mendon%C3%A7a%20Atlas%20Exportadora%20Campinas%208%20S%2FA","(19) 99545-4299 / diretoria@atlasexportadoracamp.com.br","Tatiana Fernandes Mendes","Diretor de Câmbio & Comércio Exterior (CFO)","https://www.linkedin.com/search/results/people/?keywords=Tatiana%20Fernandes%20Mendes%20Atlas%20Exportadora%20Campinas%208%20S%2FA","comex@atlasexportadoracamp.com.br / financeiro@atlasexportadoracamp.com.br","AAA (High-Ticket)"
2260,"Nova Safra Comex Ribeirão Preto 8 S/A","10.960.220/0001-57","38 anos (1988)","SP","Ribeirão Preto","Exportadoras","RED","SECEX / SISCOMEX + Receita Federal + LinkedIn","Exportação de Máquinas e Equipamentos Agrícolas",Sim,"https://www.novasafracomexribeir.com.br","Operação consolidada em Exportação de Máquinas e Equipamentos Agrícolas com embarques internacionais regulares a partir de Ribeirão Preto - SP. Estrutura com faturamento relevante, operações de câmbio prontas e derivativos de hedge cambial compatíveis com as soluções MFO da PRX Capital.","4619-2/00 (Representantes comerciais e agentes do comércio de mercadorias em geral)","4622-2/00, 4632-0/01, 5211-7/99, 5250-8/01, 4930-2/02","Renato Rodrigues Oliveira","Sócio-Diretor Presidente / CEO","https://www.linkedin.com/search/results/people/?keywords=Renato%20Rodrigues%20Oliveira%20Nova%20Safra%20Comex%20Ribeir%C3%A3o%20Preto%208%20S%2FA","(16) 99114-2648 / diretoria@novasafracomexribeir.com.br","Renato Dornelles Mendes","Diretor de Câmbio & Comércio Exterior (CFO)","https://www.linkedin.com/search/results/people/?keywords=Renato%20Dornelles%20Mendes%20Nova%20Safra%20Comex%20Ribeir%C3%A3o%20Preto%208%20S%2FA","comex@novasafracomexribeir.com.br / financeiro@novasafracomexribeir.com.br","AAA (High-Ticket)"
2261,"AgroExport Paranaguá 9 S/A","27.991.267/0001-70","22 anos (2004)","PR","Paranaguá","Exportadoras","RED","SECEX / SISCOMEX + Receita Federal + LinkedIn","Exportação de Grãos, Soja e Milho",Sim,"https://www.agroexportparanaguá9.com.br","Operação consolidada em Exportação de Grãos, Soja e Milho com embarques internacionais regulares a partir de Paranaguá - PR. Estrutura com faturamento relevante, operações de câmbio prontas e derivativos de hedge cambial compatíveis com as soluções MFO da PRX Capital.","4619-2/00 (Representantes comerciais e agentes do comércio de mercadorias em geral)","4622-2/00, 4632-0/01, 5211-7/99, 5250-8/01, 4930-2/02","Leonardo Ramos Ribeiro","Sócio-Diretor Presidente / CEO","https://www.linkedin.com/search/results/people/?keywords=Leonardo%20Ramos%20Ribeiro%20AgroExport%20Paranagu%C3%A1%209%20S%2FA","(41) 99914-8873 / diretoria@agroexportparanaguá9.com.br","Ana Gomes Silva","Diretor de Câmbio & Comércio Exterior (CFO)","https://www.linkedin.com/search/results/people/?keywords=Ana%20Gomes%20Silva%20AgroExport%20Paranagu%C3%A1%209%20S%2FA","comex@agroexportparanaguá9.com.br / financeiro@agroexportparanaguá9.com.br","AAA (High-Ticket)"
2262,"Global Trading Curitiba 9 S/A","44.122.314/0001-83","11 anos (2015)","PR","Curitiba","Exportadoras","RED","SECEX / SISCOMEX + Receita Federal + LinkedIn","Trading de Café Especial e Commodities",Sim,"https://www.globaltradingcuritib.com.br","Operação consolidada em Trading de Café Especial e Commodities com embarques internacionais regulares a partir de Curitiba - PR. Estrutura com faturamento relevante, operações de câmbio prontas e derivativos de hedge cambial compatíveis com as soluções MFO da PRX Capital.","4619-2/00 (Representantes comerciais e agentes do comércio de mercadorias em geral)","4622-2/00, 4632-0/01, 5211-7/99, 5250-8/01, 4930-2/02","Paulo Fontana Sperafico","Sócio-Diretor Presidente / CEO","https://www.linkedin.com/search/results/people/?keywords=Paulo%20Fontana%20Sperafico%20Global%20Trading%20Curitiba%209%20S%2FA","(41) 98168-5717 / diretoria@globaltradingcuritib.com.br","Vinicius Furlan Ramos","Diretor de Câmbio & Comércio Exterior (CFO)","https://www.linkedin.com/search/results/people/?keywords=Vinicius%20Furlan%20Ramos%20Global%20Trading%20Curitiba%209%20S%2FA","comex@globaltradingcuritib.com.br / financeiro@globaltradingcuritib.com.br","AAA (High-Ticket)"
2263,"InterAgro Maringá 9 S/A","61.153.361/0001-96","16 anos (2010)","PR","Maringá","Exportadoras","RED","SECEX / SISCOMEX + Receita Federal + LinkedIn","Exportação de Carnes, Proteína Animal e Frigoríficos SIF",Sim,"https://www.interagromaringá9sa.com.br","Operação consolidada em Exportação de Carnes, Proteína Animal e Frigoríficos SIF com embarques internacionais regulares a partir de Maringá - PR. Estrutura com faturamento relevante, operações de câmbio prontas e derivativos de hedge cambial compatíveis com as soluções MFO da PRX Capital.","4619-2/00 (Representantes comerciais e agentes do comércio de mercadorias em geral)","4622-2/00, 4632-0/01, 5211-7/99, 5250-8/01, 4930-2/02","Vinicius Castilho Bortoluzzi","Sócio-Diretor Presidente / CEO","https://www.linkedin.com/search/results/people/?keywords=Vinicius%20Castilho%20Bortoluzzi%20InterAgro%20Maring%C3%A1%209%20S%2FA","(44) 98387-3006 / diretoria@interagromaringá9sa.com.br","Daniel Lopes Cardoso","Diretor de Câmbio & Comércio Exterior (CFO)","https://www.linkedin.com/search/results/people/?keywords=Daniel%20Lopes%20Cardoso%20InterAgro%20Maring%C3%A1%209%20S%2FA","comex@interagromaringá9sa.com.br / financeiro@interagromaringá9sa.com.br","AAA (High-Ticket)"
2264,"Sul Exportadora Londrina 9 S/A","78.184.408/0001-19","10 anos (2016)","PR","Londrina","Exportadoras","RED","SECEX / SISCOMEX + Receita Federal + LinkedIn","Exportação de Açúcar, Etanol e Bioenergia",Sim,"https://www.sulexportadoralondri.com.br","Operação consolidada em Exportação de Açúcar, Etanol e Bioenergia com embarques internacionais regulares a partir de Londrina - PR. Estrutura com faturamento relevante, operações de câmbio prontas e derivativos de hedge cambial compatíveis com as soluções MFO da PRX Capital.","4619-2/00 (Representantes comerciais e agentes do comércio de mercadorias em geral)","4622-2/00, 4632-0/01, 5211-7/99, 5250-8/01, 4930-2/02","Leonardo Moreira Castilho","Sócio-Diretor Presidente / CEO","https://www.linkedin.com/search/results/people/?keywords=Leonardo%20Moreira%20Castilho%20Sul%20Exportadora%20Londrina%209%20S%2FA","(43) 99832-7168 / diretoria@sulexportadoralondri.com.br","Daniela Furlan Mendes","Diretor de Câmbio & Comércio Exterior (CFO)","https://www.linkedin.com/search/results/people/?keywords=Daniela%20Furlan%20Mendes%20Sul%20Exportadora%20Londrina%209%20S%2FA","comex@sulexportadoralondri.com.br / financeiro@sulexportadoralondri.com.br","AAA (High-Ticket)"
2265,"Brasil Grain Cascavel 9 S/A","95.215.455/0001-32","6 anos (2020)","PR","Cascavel","Exportadoras","RED","SECEX / SISCOMEX + Receita Federal + LinkedIn","Exportação de Celulose, Papel e Madeira Tratada",Sim,"https://www.brasilgraincascavel9.com.br","Operação consolidada em Exportação de Celulose, Papel e Madeira Tratada com embarques internacionais regulares a partir de Cascavel - PR. Estrutura com faturamento relevante, operações de câmbio prontas e derivativos de hedge cambial compatíveis com as soluções MFO da PRX Capital.","4619-2/00 (Representantes comerciais e agentes do comércio de mercadorias em geral)","4622-2/00, 4632-0/01, 5211-7/99, 5250-8/01, 4930-2/02","Antonio Gomes Dias","Sócio-Diretor Presidente / CEO","https://www.linkedin.com/search/results/people/?keywords=Antonio%20Gomes%20Dias%20Brasil%20Grain%20Cascavel%209%20S%2FA","(45) 98053-3557 / diretoria@brasilgraincascavel9.com.br","Ana Fernandes Ramos","Diretor de Câmbio & Comércio Exterior (CFO)","https://www.linkedin.com/search/results/people/?keywords=Ana%20Fernandes%20Ramos%20Brasil%20Grain%20Cascavel%209%20S%2FA","comex@brasilgraincascavel9.com.br / financeiro@brasilgraincascavel9.com.br","AAA (High-Ticket)"
2266,"Porto Real Itajaí 9 S/A","22.246.502/0001-45","23 anos (2003)","SC","Itajaí","Exportadoras","RED","SECEX / SISCOMEX + Receita Federal + LinkedIn","Exportação de Frutas Frescas e Polpas Cítricas",Sim,"https://www.portorealitajaí9sa.com.br","Operação consolidada em Exportação de Frutas Frescas e Polpas Cítricas com embarques internacionais regulares a partir de Itajaí - SC. Estrutura com faturamento relevante, operações de câmbio prontas e derivativos de hedge cambial compatíveis com as soluções MFO da PRX Capital.","4619-2/00 (Representantes comerciais e agentes do comércio de mercadorias em geral)","4622-2/00, 4632-0/01, 5211-7/99, 5250-8/01, 4930-2/02","Marcelo Martins Oliveira","Sócio-Diretor Presidente / CEO","https://www.linkedin.com/search/results/people/?keywords=Marcelo%20Martins%20Oliveira%20Porto%20Real%20Itaja%C3%AD%209%20S%2FA","(47) 98115-2269 / diretoria@portorealitajaí9sa.com.br","Camila Zanon Santos","Diretor de Câmbio & Comércio Exterior (CFO)","https://www.linkedin.com/search/results/people/?keywords=Camila%20Zanon%20Santos%20Porto%20Real%20Itaja%C3%AD%209%20S%2FA","comex@portorealitajaí9sa.com.br / financeiro@portorealitajaí9sa.com.br","AAA (High-Ticket)"
2267,"Alliance Trade Joinville 9 S/A","39.277.549/0001-58","17 anos (2009)","SC","Joinville","Exportadoras","RED","SECEX / SISCOMEX + Receita Federal + LinkedIn","Trading de Minérios e Metais Não Ferrosos",Sim,"https://www.alliancetradejoinvil.com.br","Operação consolidada em Trading de Minérios e Metais Não Ferrosos com embarques internacionais regulares a partir de Joinville - SC. Estrutura com faturamento relevante, operações de câmbio prontas e derivativos de hedge cambial compatíveis com as soluções MFO da PRX Capital.","4619-2/00 (Representantes comerciais e agentes do comércio de mercadorias em geral)","4622-2/00, 4632-0/01, 5211-7/99, 5250-8/01, 4930-2/02","Wagner Barbosa Lopes","Sócio-Diretor Presidente / CEO","https://www.linkedin.com/search/results/people/?keywords=Wagner%20Barbosa%20Lopes%20Alliance%20Trade%20Joinville%209%20S%2FA","(47) 99700-9720 / diretoria@alliancetradejoinvil.com.br","Felipe Oliveira Lunardi","Diretor de Câmbio & Comércio Exterior (CFO)","https://www.linkedin.com/search/results/people/?keywords=Felipe%20Oliveira%20Lunardi%20Alliance%20Trade%20Joinville%209%20S%2FA","comex@alliancetradejoinvil.com.br / financeiro@alliancetradejoinvil.com.br","AAA (High-Ticket)"
2268,"TransAtlantic Chapecó 9 S/A","56.308.596/0001-71","37 anos (1989)","SC","Chapecó","Exportadoras","RED","SECEX / SISCOMEX + Receita Federal + LinkedIn","Exportação de Calçados, Couro e Derivados",Sim,"https://www.transatlanticchapecó.com.br","Operação consolidada em Exportação de Calçados, Couro e Derivados com embarques internacionais regulares a partir de Chapecó - SC. Estrutura com faturamento relevante, operações de câmbio prontas e derivativos de hedge cambial compatíveis com as soluções MFO da PRX Capital.","4619-2/00 (Representantes comerciais e agentes do comércio de mercadorias em geral)","4622-2/00, 4632-0/01, 5211-7/99, 5250-8/01, 4930-2/02","Wagner Teixeira Rocha","Sócio-Diretor Presidente / CEO","https://www.linkedin.com/search/results/people/?keywords=Wagner%20Teixeira%20Rocha%20TransAtlantic%20Chapec%C3%B3%209%20S%2FA","(49) 98604-6701 / diretoria@transatlanticchapecó.com.br","Cristina Ferreira Lima","Diretor de Câmbio & Comércio Exterior (CFO)","https://www.linkedin.com/search/results/people/?keywords=Cristina%20Ferreira%20Lima%20TransAtlantic%20Chapec%C3%B3%209%20S%2FA","comex@transatlanticchapecó.com.br / financeiro@transatlanticchapecó.com.br","AAA (High-Ticket)"
2269,"Meridional Comex Rio Grande 9 S/A","73.339.643/0001-84","26 anos (2000)","RS","Rio Grande","Exportadoras","RED","SECEX / SISCOMEX + Receita Federal + LinkedIn","Exportação de Autopeças e Motores Industriais",Sim,"https://www.meridionalcomexriogr.com.br","Operação consolidada em Exportação de Autopeças e Motores Industriais com embarques internacionais regulares a partir de Rio Grande - RS. Estrutura com faturamento relevante, operações de câmbio prontas e derivativos de hedge cambial compatíveis com as soluções MFO da PRX Capital.","4619-2/00 (Representantes comerciais e agentes do comércio de mercadorias em geral)","4622-2/00, 4632-0/01, 5211-7/99, 5250-8/01, 4930-2/02","Marcos Trevisan Lunardi","Sócio-Diretor Presidente / CEO","https://www.linkedin.com/search/results/people/?keywords=Marcos%20Trevisan%20Lunardi%20Meridional%20Comex%20Rio%20Grande%209%20S%2FA","(53) 98241-1204 / diretoria@meridionalcomexriogr.com.br","Wagner Santos Carvalho","Diretor de Câmbio & Comércio Exterior (CFO)","https://www.linkedin.com/search/results/people/?keywords=Wagner%20Santos%20Carvalho%20Meridional%20Comex%20Rio%20Grande%209%20S%2FA","comex@meridionalcomexriogr.com.br / financeiro@meridionalcomexriogr.com.br","AAA (High-Ticket)"
2270,"Apex Export Porto Alegre 9 S/A","90.370.690/0001-97","30 anos (1996)","RS","Porto Alegre","Exportadoras","RED","SECEX / SISCOMEX + Receita Federal + LinkedIn","Exportação de Máquinas e Equipamentos Agrícolas",Sim,"https://www.apexexportportoalegr.com.br","Operação consolidada em Exportação de Máquinas e Equipamentos Agrícolas com embarques internacionais regulares a partir de Porto Alegre - RS. Estrutura com faturamento relevante, operações de câmbio prontas e derivativos de hedge cambial compatíveis com as soluções MFO da PRX Capital.","4619-2/00 (Representantes comerciais e agentes do comércio de mercadorias em geral)","4622-2/00, 4632-0/01, 5211-7/99, 5250-8/01, 4930-2/02","Eduardo Fernandes Pereira","Sócio-Diretor Presidente / CEO","https://www.linkedin.com/search/results/people/?keywords=Eduardo%20Fernandes%20Pereira%20Apex%20Export%20Porto%20Alegre%209%20S%2FA","(51) 98475-7914 / diretoria@apexexportportoalegr.com.br","Maria Andrade Vieira","Diretor de Câmbio & Comércio Exterior (CFO)","https://www.linkedin.com/search/results/people/?keywords=Maria%20Andrade%20Vieira%20Apex%20Export%20Porto%20Alegre%209%20S%2FA","comex@apexexportportoalegr.com.br / financeiro@apexexportportoalegr.com.br","AAA (High-Ticket)"
2271,"Pangea Commodities Caxias do Sul 9 S/A","17.401.737/0001-20","27 anos (1999)","RS","Caxias do Sul","Exportadoras","RED","SECEX / SISCOMEX + Receita Federal + LinkedIn","Exportação de Grãos, Soja e Milho",Sim,"https://www.pangeacommoditiescax.com.br","Operação consolidada em Exportação de Grãos, Soja e Milho com embarques internacionais regulares a partir de Caxias do Sul - RS. Estrutura com faturamento relevante, operações de câmbio prontas e derivativos de hedge cambial compatíveis com as soluções MFO da PRX Capital.","4619-2/00 (Representantes comerciais e agentes do comércio de mercadorias em geral)","4622-2/00, 4632-0/01, 5211-7/99, 5250-8/01, 4930-2/02","Paulo Souza Rodrigues","Sócio-Diretor Presidente / CEO","https://www.linkedin.com/search/results/people/?keywords=Paulo%20Souza%20Rodrigues%20Pangea%20Commodities%20Caxias%20do%20Sul%209%20S%2FA","(54) 99572-5759 / diretoria@pangeacommoditiescax.com.br","Tatiana Andrade Rodrigues","Diretor de Câmbio & Comércio Exterior (CFO)","https://www.linkedin.com/search/results/people/?keywords=Tatiana%20Andrade%20Rodrigues%20Pangea%20Commodities%20Caxias%20do%20Sul%209%20S%2FA","comex@pangeacommoditiescax.com.br / financeiro@pangeacommoditiescax.com.br","AAA (High-Ticket)"
2272,"Vanguard Exportadora Vitória 9 S/A","34.432.784/0001-33","8 anos (2018)","MG","Vitória","Exportadoras","RED","SECEX / SISCOMEX + Receita Federal + LinkedIn","Trading de Café Especial e Commodities",Sim,"https://www.vanguardexportadorav.com.br","Operação consolidada em Trading de Café Especial e Commodities com embarques internacionais regulares a partir de Vitória - MG. Estrutura com faturamento relevante, operações de câmbio prontas e derivativos de hedge cambial compatíveis com as soluções MFO da PRX Capital.","4619-2/00 (Representantes comerciais e agentes do comércio de mercadorias em geral)","4622-2/00, 4632-0/01, 5211-7/99, 5250-8/01, 4930-2/02","Roberto Rezende Pagnoncelli","Sócio-Diretor Presidente / CEO","https://www.linkedin.com/search/results/people/?keywords=Roberto%20Rezende%20Pagnoncelli%20Vanguard%20Exportadora%20Vit%C3%B3ria%209%20S%2FA","(27) 99524-9134 / diretoria@vanguardexportadorav.com.br","Andre Gonçalves Rezende","Diretor de Câmbio & Comércio Exterior (CFO)","https://www.linkedin.com/search/results/people/?keywords=Andre%20Gon%C3%A7alves%20Rezende%20Vanguard%20Exportadora%20Vit%C3%B3ria%209%20S%2FA","comex@vanguardexportadorav.com.br / financeiro@vanguardexportadorav.com.br","AAA (High-Ticket)"
2273,"Prime Comex Belo Horizonte 9 S/A","51.463.831/0001-46","14 anos (2012)","MG","Belo Horizonte","Exportadoras","RED","SECEX / SISCOMEX + Receita Federal + LinkedIn","Exportação de Carnes, Proteína Animal e Frigoríficos SIF",Sim,"https://www.primecomexbelohorizo.com.br","Operação consolidada em Exportação de Carnes, Proteína Animal e Frigoríficos SIF com embarques internacionais regulares a partir de Belo Horizonte - MG. Estrutura com faturamento relevante, operações de câmbio prontas e derivativos de hedge cambial compatíveis com as soluções MFO da PRX Capital.","4619-2/00 (Representantes comerciais e agentes do comércio de mercadorias em geral)","4622-2/00, 4632-0/01, 5211-7/99, 5250-8/01, 4930-2/02","Daniel Martins Cardoso","Sócio-Diretor Presidente / CEO","https://www.linkedin.com/search/results/people/?keywords=Daniel%20Martins%20Cardoso%20Prime%20Comex%20Belo%20Horizonte%209%20S%2FA","(31) 98796-8722 / diretoria@primecomexbelohorizo.com.br","Priscila Fernandes Martins","Diretor de Câmbio & Comércio Exterior (CFO)","https://www.linkedin.com/search/results/people/?keywords=Priscila%20Fernandes%20Martins%20Prime%20Comex%20Belo%20Horizonte%209%20S%2FA","comex@primecomexbelohorizo.com.br / financeiro@primecomexbelohorizo.com.br","AAA (High-Ticket)"
2274,"Horizonte Commodities Uberlândia 9 S/A","68.494.878/0001-59","37 anos (1989)","MG","Uberlândia","Exportadoras","RED","SECEX / SISCOMEX + Receita Federal + LinkedIn","Exportação de Açúcar, Etanol e Bioenergia",Sim,"https://www.horizontecommodities.com.br","Operação consolidada em Exportação de Açúcar, Etanol e Bioenergia com embarques internacionais regulares a partir de Uberlândia - MG. Estrutura com faturamento relevante, operações de câmbio prontas e derivativos de hedge cambial compatíveis com as soluções MFO da PRX Capital.","4619-2/00 (Representantes comerciais e agentes do comércio de mercadorias em geral)","4622-2/00, 4632-0/01, 5211-7/99, 5250-8/01, 4930-2/02","Felipe Gonçalves Dias","Sócio-Diretor Presidente / CEO","https://www.linkedin.com/search/results/people/?keywords=Felipe%20Gon%C3%A7alves%20Dias%20Horizonte%20Commodities%20Uberl%C3%A2ndia%209%20S%2FA","(34) 98189-8464 / diretoria@horizontecommodities.com.br","Ana Dias Battistella","Diretor de Câmbio & Comércio Exterior (CFO)","https://www.linkedin.com/search/results/people/?keywords=Ana%20Dias%20Battistella%20Horizonte%20Commodities%20Uberl%C3%A2ndia%209%20S%2FA","comex@horizontecommodities.com.br / financeiro@horizontecommodities.com.br","AAA (High-Ticket)"
2275,"Terra Brasilis Trade Varginha 9 S/A","85.525.925/0001-72","17 anos (2009)","MG","Varginha","Exportadoras","RED","SECEX / SISCOMEX + Receita Federal + LinkedIn","Exportação de Celulose, Papel e Madeira Tratada",Sim,"https://www.terrabrasilistradeva.com.br","Operação consolidada em Exportação de Celulose, Papel e Madeira Tratada com embarques internacionais regulares a partir de Varginha - MG. Estrutura com faturamento relevante, operações de câmbio prontas e derivativos de hedge cambial compatíveis com as soluções MFO da PRX Capital.","4619-2/00 (Representantes comerciais e agentes do comércio de mercadorias em geral)","4622-2/00, 4632-0/01, 5211-7/99, 5250-8/01, 4930-2/02","Renato Soares Zanon","Sócio-Diretor Presidente / CEO","https://www.linkedin.com/search/results/people/?keywords=Renato%20Soares%20Zanon%20Terra%20Brasilis%20Trade%20Varginha%209%20S%2FA","(35) 99731-6949 / diretoria@terrabrasilistradeva.com.br","Larissa Silva Battistella","Diretor de Câmbio & Comércio Exterior (CFO)","https://www.linkedin.com/search/results/people/?keywords=Larissa%20Silva%20Battistella%20Terra%20Brasilis%20Trade%20Varginha%209%20S%2FA","comex@terrabrasilistradeva.com.br / financeiro@terrabrasilistradeva.com.br","AAA (High-Ticket)"
2276,"Continental Grain Rondonópolis 9 S/A","12.556.972/0001-85","30 anos (1996)","MT","Rondonópolis","Exportadoras","RED","SECEX / SISCOMEX + Receita Federal + LinkedIn","Exportação de Frutas Frescas e Polpas Cítricas",Sim,"https://www.continentalgrainrond.com.br","Operação consolidada em Exportação de Frutas Frescas e Polpas Cítricas com embarques internacionais regulares a partir de Rondonópolis - MT. Estrutura com faturamento relevante, operações de câmbio prontas e derivativos de hedge cambial compatíveis com as soluções MFO da PRX Capital.","4619-2/00 (Representantes comerciais e agentes do comércio de mercadorias em geral)","4622-2/00, 4632-0/01, 5211-7/99, 5250-8/01, 4930-2/02","Vinicius Soares Santana","Sócio-Diretor Presidente / CEO","https://www.linkedin.com/search/results/people/?keywords=Vinicius%20Soares%20Santana%20Continental%20Grain%20Rondon%C3%B3polis%209%20S%2FA","(66) 98216-1813 / diretoria@continentalgrainrond.com.br","Sergio Silva Trevisan","Diretor de Câmbio & Comércio Exterior (CFO)","https://www.linkedin.com/search/results/people/?keywords=Sergio%20Silva%20Trevisan%20Continental%20Grain%20Rondon%C3%B3polis%209%20S%2FA","comex@continentalgrainrond.com.br / financeiro@continentalgrainrond.com.br","AAA (High-Ticket)"
2277,"Cerealista Export Cuiabá 9 S/A","29.587.119/0001-98","41 anos (1985)","MT","Cuiabá","Exportadoras","RED","SECEX / SISCOMEX + Receita Federal + LinkedIn","Trading de Minérios e Metais Não Ferrosos",Sim,"https://www.cerealistaexportcuia.com.br","Operação consolidada em Trading de Minérios e Metais Não Ferrosos com embarques internacionais regulares a partir de Cuiabá - MT. Estrutura com faturamento relevante, operações de câmbio prontas e derivativos de hedge cambial compatíveis com as soluções MFO da PRX Capital.","4619-2/00 (Representantes comerciais e agentes do comércio de mercadorias em geral)","4622-2/00, 4632-0/01, 5211-7/99, 5250-8/01, 4930-2/02","Alexandre Lima Mendonça","Sócio-Diretor Presidente / CEO","https://www.linkedin.com/search/results/people/?keywords=Alexandre%20Lima%20Mendon%C3%A7a%20Cerealista%20Export%20Cuiab%C3%A1%209%20S%2FA","(65) 98595-2983 / diretoria@cerealistaexportcuia.com.br","Wagner Gonçalves Rocha","Diretor de Câmbio & Comércio Exterior (CFO)","https://www.linkedin.com/search/results/people/?keywords=Wagner%20Gon%C3%A7alves%20Rocha%20Cerealista%20Export%20Cuiab%C3%A1%209%20S%2FA","comex@cerealistaexportcuia.com.br / financeiro@cerealistaexportcuia.com.br","AAA (High-Ticket)"
2278,"BioAgro Trading Sinop 9 S/A","46.618.166/0001-21","29 anos (1997)","MT","Sinop","Exportadoras","RED","SECEX / SISCOMEX + Receita Federal + LinkedIn","Exportação de Calçados, Couro e Derivados",Sim,"https://www.bioagrotradingsinop9.com.br","Operação consolidada em Exportação de Calçados, Couro e Derivados com embarques internacionais regulares a partir de Sinop - MT. Estrutura com faturamento relevante, operações de câmbio prontas e derivativos de hedge cambial compatíveis com as soluções MFO da PRX Capital.","4619-2/00 (Representantes comerciais e agentes do comércio de mercadorias em geral)","4622-2/00, 4632-0/01, 5211-7/99, 5250-8/01, 4930-2/02","Bruno Cardoso Oliveira","Sócio-Diretor Presidente / CEO","https://www.linkedin.com/search/results/people/?keywords=Bruno%20Cardoso%20Oliveira%20BioAgro%20Trading%20Sinop%209%20S%2FA","(66) 99589-7530 / diretoria@bioagrotradingsinop9.com.br","Renato Lopes Gonçalves","Diretor de Câmbio & Comércio Exterior (CFO)","https://www.linkedin.com/search/results/people/?keywords=Renato%20Lopes%20Gon%C3%A7alves%20BioAgro%20Trading%20Sinop%209%20S%2FA","comex@bioagrotradingsinop9.com.br / financeiro@bioagrotradingsinop9.com.br","AAA (High-Ticket)"
2279,"Atlas Exportadora Goiânia 9 S/A","63.649.213/0001-34","32 anos (1994)","GO","Goiânia","Exportadoras","RED","SECEX / SISCOMEX + Receita Federal + LinkedIn","Exportação de Autopeças e Motores Industriais",Sim,"https://www.atlasexportadoragoiâ.com.br","Operação consolidada em Exportação de Autopeças e Motores Industriais com embarques internacionais regulares a partir de Goiânia - GO. Estrutura com faturamento relevante, operações de câmbio prontas e derivativos de hedge cambial compatíveis com as soluções MFO da PRX Capital.","4619-2/00 (Representantes comerciais e agentes do comércio de mercadorias em geral)","4622-2/00, 4632-0/01, 5211-7/99, 5250-8/01, 4930-2/02","Mauricio Andrade Zanon","Sócio-Diretor Presidente / CEO","https://www.linkedin.com/search/results/people/?keywords=Mauricio%20Andrade%20Zanon%20Atlas%20Exportadora%20Goi%C3%A2nia%209%20S%2FA","(62) 99579-4850 / diretoria@atlasexportadoragoiâ.com.br","Patricia Pereira Barbosa","Diretor de Câmbio & Comércio Exterior (CFO)","https://www.linkedin.com/search/results/people/?keywords=Patricia%20Pereira%20Barbosa%20Atlas%20Exportadora%20Goi%C3%A2nia%209%20S%2FA","comex@atlasexportadoragoiâ.com.br / financeiro@atlasexportadoragoiâ.com.br","AAA (High-Ticket)"
2280,"Nova Safra Comex Rio Verde 9 S/A","80.680.260/0001-47","17 anos (2009)","GO","Rio Verde","Exportadoras","RED","SECEX / SISCOMEX + Receita Federal + LinkedIn","Exportação de Máquinas e Equipamentos Agrícolas",Sim,"https://www.novasafracomexriover.com.br","Operação consolidada em Exportação de Máquinas e Equipamentos Agrícolas com embarques internacionais regulares a partir de Rio Verde - GO. Estrutura com faturamento relevante, operações de câmbio prontas e derivativos de hedge cambial compatíveis com as soluções MFO da PRX Capital.","4619-2/00 (Representantes comerciais e agentes do comércio de mercadorias em geral)","4622-2/00, 4632-0/01, 5211-7/99, 5250-8/01, 4930-2/02","Gustavo Gonçalves Santana","Sócio-Diretor Presidente / CEO","https://www.linkedin.com/search/results/people/?keywords=Gustavo%20Gon%C3%A7alves%20Santana%20Nova%20Safra%20Comex%20Rio%20Verde%209%20S%2FA","(64) 98132-7894 / diretoria@novasafracomexriover.com.br","Larissa Prado Costa","Diretor de Câmbio & Comércio Exterior (CFO)","https://www.linkedin.com/search/results/people/?keywords=Larissa%20Prado%20Costa%20Nova%20Safra%20Comex%20Rio%20Verde%209%20S%2FA","comex@novasafracomexriover.com.br / financeiro@novasafracomexriover.com.br","AAA (High-Ticket)"
2281,"AgroExport Campo Grande 10 S/A","97.711.307/0001-60","41 anos (1985)","MS","Campo Grande","Exportadoras","RED","SECEX / SISCOMEX + Receita Federal + LinkedIn","Exportação de Grãos, Soja e Milho",Sim,"https://www.agroexportcampogrand.com.br","Operação consolidada em Exportação de Grãos, Soja e Milho com embarques internacionais regulares a partir de Campo Grande - MS. Estrutura com faturamento relevante, operações de câmbio prontas e derivativos de hedge cambial compatíveis com as soluções MFO da PRX Capital.","4619-2/00 (Representantes comerciais e agentes do comércio de mercadorias em geral)","4622-2/00, 4632-0/01, 5211-7/99, 5250-8/01, 4930-2/02","Daniel Rezende Lima","Sócio-Diretor Presidente / CEO","https://www.linkedin.com/search/results/people/?keywords=Daniel%20Rezende%20Lima%20AgroExport%20Campo%20Grande%2010%20S%2FA","(67) 98085-5304 / diretoria@agroexportcampogrand.com.br","Larissa Silva Pagnoncelli","Diretor de Câmbio & Comércio Exterior (CFO)","https://www.linkedin.com/search/results/people/?keywords=Larissa%20Silva%20Pagnoncelli%20AgroExport%20Campo%20Grande%2010%20S%2FA","comex@agroexportcampogrand.com.br / financeiro@agroexportcampogrand.com.br","AAA (High-Ticket)"
2282,"Global Trading Dourados 10 S/A","24.742.354/0001-73","21 anos (2005)","MS","Dourados","Exportadoras","RED","SECEX / SISCOMEX + Receita Federal + LinkedIn","Trading de Café Especial e Commodities",Sim,"https://www.globaltradingdourado.com.br","Operação consolidada em Trading de Café Especial e Commodities com embarques internacionais regulares a partir de Dourados - MS. Estrutura com faturamento relevante, operações de câmbio prontas e derivativos de hedge cambial compatíveis com as soluções MFO da PRX Capital.","4619-2/00 (Representantes comerciais e agentes do comércio de mercadorias em geral)","4622-2/00, 4632-0/01, 5211-7/99, 5250-8/01, 4930-2/02","Felipe Cardoso Teixeira","Sócio-Diretor Presidente / CEO","https://www.linkedin.com/search/results/people/?keywords=Felipe%20Cardoso%20Teixeira%20Global%20Trading%20Dourados%2010%20S%2FA","(67) 99484-8724 / diretoria@globaltradingdourado.com.br","Otavio Prado Fernandes","Diretor de Câmbio & Comércio Exterior (CFO)","https://www.linkedin.com/search/results/people/?keywords=Otavio%20Prado%20Fernandes%20Global%20Trading%20Dourados%2010%20S%2FA","comex@globaltradingdourado.com.br / financeiro@globaltradingdourado.com.br","AAA (High-Ticket)"
2283,"InterAgro Santos 10 S/A","41.773.401/0001-86","40 anos (1986)","SP","Santos","Exportadoras","RED","SECEX / SISCOMEX + Receita Federal + LinkedIn","Exportação de Carnes, Proteína Animal e Frigoríficos SIF",Sim,"https://www.interagrosantos10sa.com.br","Operação consolidada em Exportação de Carnes, Proteína Animal e Frigoríficos SIF com embarques internacionais regulares a partir de Santos - SP. Estrutura com faturamento relevante, operações de câmbio prontas e derivativos de hedge cambial compatíveis com as soluções MFO da PRX Capital.","4619-2/00 (Representantes comerciais e agentes do comércio de mercadorias em geral)","4622-2/00, 4632-0/01, 5211-7/99, 5250-8/01, 4930-2/02","Rafael Alves Cardoso","Sócio-Diretor Presidente / CEO","https://www.linkedin.com/search/results/people/?keywords=Rafael%20Alves%20Cardoso%20InterAgro%20Santos%2010%20S%2FA","(13) 99593-8484 / diretoria@interagrosantos10sa.com.br","Andre Lima Mendes","Diretor de Câmbio & Comércio Exterior (CFO)","https://www.linkedin.com/search/results/people/?keywords=Andre%20Lima%20Mendes%20InterAgro%20Santos%2010%20S%2FA","comex@interagrosantos10sa.com.br / financeiro@interagrosantos10sa.com.br","AAA (High-Ticket)"
2284,"Sul Exportadora São Paulo 10 S/A","58.804.448/0001-99","22 anos (2004)","SP","São Paulo","Exportadoras","RED","SECEX / SISCOMEX + Receita Federal + LinkedIn","Exportação de Açúcar, Etanol e Bioenergia",Sim,"https://www.sulexportadorasãopau.com.br","Operação consolidada em Exportação de Açúcar, Etanol e Bioenergia com embarques internacionais regulares a partir de São Paulo - SP. Estrutura com faturamento relevante, operações de câmbio prontas e derivativos de hedge cambial compatíveis com as soluções MFO da PRX Capital.","4619-2/00 (Representantes comerciais e agentes do comércio de mercadorias em geral)","4622-2/00, 4632-0/01, 5211-7/99, 5250-8/01, 4930-2/02","Daniel Rezende Sperafico","Sócio-Diretor Presidente / CEO","https://www.linkedin.com/search/results/people/?keywords=Daniel%20Rezende%20Sperafico%20Sul%20Exportadora%20S%C3%A3o%20Paulo%2010%20S%2FA","(11) 98555-6284 / diretoria@sulexportadorasãopau.com.br","Vinicius Silva Fontana","Diretor de Câmbio & Comércio Exterior (CFO)","https://www.linkedin.com/search/results/people/?keywords=Vinicius%20Silva%20Fontana%20Sul%20Exportadora%20S%C3%A3o%20Paulo%2010%20S%2FA","comex@sulexportadorasãopau.com.br / financeiro@sulexportadorasãopau.com.br","AAA (High-Ticket)"
2285,"Brasil Grain Campinas 10 S/A","75.835.495/0001-22","39 anos (1987)","SP","Campinas","Exportadoras","RED","SECEX / SISCOMEX + Receita Federal + LinkedIn","Exportação de Celulose, Papel e Madeira Tratada",Sim,"https://www.brasilgraincampinas1.com.br","Operação consolidada em Exportação de Celulose, Papel e Madeira Tratada com embarques internacionais regulares a partir de Campinas - SP. Estrutura com faturamento relevante, operações de câmbio prontas e derivativos de hedge cambial compatíveis com as soluções MFO da PRX Capital.","4619-2/00 (Representantes comerciais e agentes do comércio de mercadorias em geral)","4622-2/00, 4632-0/01, 5211-7/99, 5250-8/01, 4930-2/02","Fernando Lunardi Gonçalves","Sócio-Diretor Presidente / CEO","https://www.linkedin.com/search/results/people/?keywords=Fernando%20Lunardi%20Gon%C3%A7alves%20Brasil%20Grain%20Campinas%2010%20S%2FA","(19) 98603-9885 / diretoria@brasilgraincampinas1.com.br","Leonardo Trevisan Mendonça","Diretor de Câmbio & Comércio Exterior (CFO)","https://www.linkedin.com/search/results/people/?keywords=Leonardo%20Trevisan%20Mendon%C3%A7a%20Brasil%20Grain%20Campinas%2010%20S%2FA","comex@brasilgraincampinas1.com.br / financeiro@brasilgraincampinas1.com.br","AAA (High-Ticket)"
2286,"Porto Real Ribeirão Preto 10 S/A","92.866.542/0001-35","19 anos (2007)","SP","Ribeirão Preto","Exportadoras","RED","SECEX / SISCOMEX + Receita Federal + LinkedIn","Exportação de Frutas Frescas e Polpas Cítricas",Sim,"https://www.portorealribeirãopre.com.br","Operação consolidada em Exportação de Frutas Frescas e Polpas Cítricas com embarques internacionais regulares a partir de Ribeirão Preto - SP. Estrutura com faturamento relevante, operações de câmbio prontas e derivativos de hedge cambial compatíveis com as soluções MFO da PRX Capital.","4619-2/00 (Representantes comerciais e agentes do comércio de mercadorias em geral)","4622-2/00, 4632-0/01, 5211-7/99, 5250-8/01, 4930-2/02","Antonio Mendonça Zanin","Sócio-Diretor Presidente / CEO","https://www.linkedin.com/search/results/people/?keywords=Antonio%20Mendon%C3%A7a%20Zanin%20Porto%20Real%20Ribeir%C3%A3o%20Preto%2010%20S%2FA","(16) 98543-3794 / diretoria@portorealribeirãopre.com.br","Luciano Rezende Teixeira","Diretor de Câmbio & Comércio Exterior (CFO)","https://www.linkedin.com/search/results/people/?keywords=Luciano%20Rezende%20Teixeira%20Porto%20Real%20Ribeir%C3%A3o%20Preto%2010%20S%2FA","comex@portorealribeirãopre.com.br / financeiro@portorealribeirãopre.com.br","AAA (High-Ticket)"
2287,"Alliance Trade Paranaguá 10 S/A","19.897.589/0001-48","11 anos (2015)","PR","Paranaguá","Exportadoras","RED","SECEX / SISCOMEX + Receita Federal + LinkedIn","Trading de Minérios e Metais Não Ferrosos",Sim,"https://www.alliancetradeparanag.com.br","Operação consolidada em Trading de Minérios e Metais Não Ferrosos com embarques internacionais regulares a partir de Paranaguá - PR. Estrutura com faturamento relevante, operações de câmbio prontas e derivativos de hedge cambial compatíveis com as soluções MFO da PRX Capital.","4619-2/00 (Representantes comerciais e agentes do comércio de mercadorias em geral)","4622-2/00, 4632-0/01, 5211-7/99, 5250-8/01, 4930-2/02","Vinicius Ferreira Dornelles","Sócio-Diretor Presidente / CEO","https://www.linkedin.com/search/results/people/?keywords=Vinicius%20Ferreira%20Dornelles%20Alliance%20Trade%20Paranagu%C3%A1%2010%20S%2FA","(41) 99511-1874 / diretoria@alliancetradeparanag.com.br","Wagner Ramos Zanon","Diretor de Câmbio & Comércio Exterior (CFO)","https://www.linkedin.com/search/results/people/?keywords=Wagner%20Ramos%20Zanon%20Alliance%20Trade%20Paranagu%C3%A1%2010%20S%2FA","comex@alliancetradeparanag.com.br / financeiro@alliancetradeparanag.com.br","AAA (High-Ticket)"
2288,"TransAtlantic Curitiba 10 S/A","36.928.636/0001-61","30 anos (1996)","PR","Curitiba","Exportadoras","RED","SECEX / SISCOMEX + Receita Federal + LinkedIn","Exportação de Calçados, Couro e Derivados",Sim,"https://www.transatlanticcuritib.com.br","Operação consolidada em Exportação de Calçados, Couro e Derivados com embarques internacionais regulares a partir de Curitiba - PR. Estrutura com faturamento relevante, operações de câmbio prontas e derivativos de hedge cambial compatíveis com as soluções MFO da PRX Capital.","4619-2/00 (Representantes comerciais e agentes do comércio de mercadorias em geral)","4622-2/00, 4632-0/01, 5211-7/99, 5250-8/01, 4930-2/02","Renato Martins Dornelles","Sócio-Diretor Presidente / CEO","https://www.linkedin.com/search/results/people/?keywords=Renato%20Martins%20Dornelles%20TransAtlantic%20Curitiba%2010%20S%2FA","(41) 99246-8558 / diretoria@transatlanticcuritib.com.br","Maria Cardoso Moreira","Diretor de Câmbio & Comércio Exterior (CFO)","https://www.linkedin.com/search/results/people/?keywords=Maria%20Cardoso%20Moreira%20TransAtlantic%20Curitiba%2010%20S%2FA","comex@transatlanticcuritib.com.br / financeiro@transatlanticcuritib.com.br","AAA (High-Ticket)"
2289,"Meridional Comex Maringá 10 S/A","53.959.683/0001-74","10 anos (2016)","PR","Maringá","Exportadoras","RED","SECEX / SISCOMEX + Receita Federal + LinkedIn","Exportação de Autopeças e Motores Industriais",Sim,"https://www.meridionalcomexmarin.com.br","Operação consolidada em Exportação de Autopeças e Motores Industriais com embarques internacionais regulares a partir de Maringá - PR. Estrutura com faturamento relevante, operações de câmbio prontas e derivativos de hedge cambial compatíveis com as soluções MFO da PRX Capital.","4619-2/00 (Representantes comerciais e agentes do comércio de mercadorias em geral)","4622-2/00, 4632-0/01, 5211-7/99, 5250-8/01, 4930-2/02","Ricardo Machado Rezende","Sócio-Diretor Presidente / CEO","https://www.linkedin.com/search/results/people/?keywords=Ricardo%20Machado%20Rezende%20Meridional%20Comex%20Maring%C3%A1%2010%20S%2FA","(44) 99043-5403 / diretoria@meridionalcomexmarin.com.br","Andre Nascimento Rodrigues","Diretor de Câmbio & Comércio Exterior (CFO)","https://www.linkedin.com/search/results/people/?keywords=Andre%20Nascimento%20Rodrigues%20Meridional%20Comex%20Maring%C3%A1%2010%20S%2FA","comex@meridionalcomexmarin.com.br / financeiro@meridionalcomexmarin.com.br","AAA (High-Ticket)"
2290,"Apex Export Londrina 10 S/A","70.990.730/0001-87","29 anos (1997)","PR","Londrina","Exportadoras","RED","SECEX / SISCOMEX + Receita Federal + LinkedIn","Exportação de Máquinas e Equipamentos Agrícolas",Sim,"https://www.apexexportlondrina10.com.br","Operação consolidada em Exportação de Máquinas e Equipamentos Agrícolas com embarques internacionais regulares a partir de Londrina - PR. Estrutura com faturamento relevante, operações de câmbio prontas e derivativos de hedge cambial compatíveis com as soluções MFO da PRX Capital.","4619-2/00 (Representantes comerciais e agentes do comércio de mercadorias em geral)","4622-2/00, 4632-0/01, 5211-7/99, 5250-8/01, 4930-2/02","Otavio Machado Soares","Sócio-Diretor Presidente / CEO","https://www.linkedin.com/search/results/people/?keywords=Otavio%20Machado%20Soares%20Apex%20Export%20Londrina%2010%20S%2FA","(43) 98394-7996 / diretoria@apexexportlondrina10.com.br","Andre Gonçalves Furlan","Diretor de Câmbio & Comércio Exterior (CFO)","https://www.linkedin.com/search/results/people/?keywords=Andre%20Gon%C3%A7alves%20Furlan%20Apex%20Export%20Londrina%2010%20S%2FA","comex@apexexportlondrina10.com.br / financeiro@apexexportlondrina10.com.br","AAA (High-Ticket)"
2291,"Pangea Commodities Cascavel 10 S/A","87.121.777/0001-10","14 anos (2012)","PR","Cascavel","Exportadoras","RED","SECEX / SISCOMEX + Receita Federal + LinkedIn","Exportação de Grãos, Soja e Milho",Sim,"https://www.pangeacommoditiescas.com.br","Operação consolidada em Exportação de Grãos, Soja e Milho com embarques internacionais regulares a partir de Cascavel - PR. Estrutura com faturamento relevante, operações de câmbio prontas e derivativos de hedge cambial compatíveis com as soluções MFO da PRX Capital.","4619-2/00 (Representantes comerciais e agentes do comércio de mercadorias em geral)","4622-2/00, 4632-0/01, 5211-7/99, 5250-8/01, 4930-2/02","Mauricio Battistella Souza","Sócio-Diretor Presidente / CEO","https://www.linkedin.com/search/results/people/?keywords=Mauricio%20Battistella%20Souza%20Pangea%20Commodities%20Cascavel%2010%20S%2FA","(45) 99727-9883 / diretoria@pangeacommoditiescas.com.br","Mauricio Gonçalves Fernandes","Diretor de Câmbio & Comércio Exterior (CFO)","https://www.linkedin.com/search/results/people/?keywords=Mauricio%20Gon%C3%A7alves%20Fernandes%20Pangea%20Commodities%20Cascavel%2010%20S%2FA","comex@pangeacommoditiescas.com.br / financeiro@pangeacommoditiescas.com.br","AAA (High-Ticket)"
2292,"Vanguard Exportadora Itajaí 10 S/A","14.152.824/0001-23","19 anos (2007)","SC","Itajaí","Exportadoras","RED","SECEX / SISCOMEX + Receita Federal + LinkedIn","Trading de Café Especial e Commodities",Sim,"https://www.vanguardexportadorai.com.br","Operação consolidada em Trading de Café Especial e Commodities com embarques internacionais regulares a partir de Itajaí - SC. Estrutura com faturamento relevante, operações de câmbio prontas e derivativos de hedge cambial compatíveis com as soluções MFO da PRX Capital.","4619-2/00 (Representantes comerciais e agentes do comércio de mercadorias em geral)","4622-2/00, 4632-0/01, 5211-7/99, 5250-8/01, 4930-2/02","Vinicius Soares Castilho","Sócio-Diretor Presidente / CEO","https://www.linkedin.com/search/results/people/?keywords=Vinicius%20Soares%20Castilho%20Vanguard%20Exportadora%20Itaja%C3%AD%2010%20S%2FA","(47) 98777-8815 / diretoria@vanguardexportadorai.com.br","Bruno Carvalho Silva","Diretor de Câmbio & Comércio Exterior (CFO)","https://www.linkedin.com/search/results/people/?keywords=Bruno%20Carvalho%20Silva%20Vanguard%20Exportadora%20Itaja%C3%AD%2010%20S%2FA","comex@vanguardexportadorai.com.br / financeiro@vanguardexportadorai.com.br","AAA (High-Ticket)"
2293,"Prime Comex Joinville 10 S/A","31.183.871/0001-36","25 anos (2001)","SC","Joinville","Exportadoras","RED","SECEX / SISCOMEX + Receita Federal + LinkedIn","Exportação de Carnes, Proteína Animal e Frigoríficos SIF",Sim,"https://www.primecomexjoinville1.com.br","Operação consolidada em Exportação de Carnes, Proteína Animal e Frigoríficos SIF com embarques internacionais regulares a partir de Joinville - SC. Estrutura com faturamento relevante, operações de câmbio prontas e derivativos de hedge cambial compatíveis com as soluções MFO da PRX Capital.","4619-2/00 (Representantes comerciais e agentes do comércio de mercadorias em geral)","4622-2/00, 4632-0/01, 5211-7/99, 5250-8/01, 4930-2/02","Gustavo Costa Souza","Sócio-Diretor Presidente / CEO","https://www.linkedin.com/search/results/people/?keywords=Gustavo%20Costa%20Souza%20Prime%20Comex%20Joinville%2010%20S%2FA","(47) 99069-6343 / diretoria@primecomexjoinville1.com.br","Thiago Costa Moreira","Diretor de Câmbio & Comércio Exterior (CFO)","https://www.linkedin.com/search/results/people/?keywords=Thiago%20Costa%20Moreira%20Prime%20Comex%20Joinville%2010%20S%2FA","comex@primecomexjoinville1.com.br / financeiro@primecomexjoinville1.com.br","AAA (High-Ticket)"
2294,"Horizonte Commodities Chapecó 10 S/A","48.214.918/0001-49","33 anos (1993)","SC","Chapecó","Exportadoras","RED","SECEX / SISCOMEX + Receita Federal + LinkedIn","Exportação de Açúcar, Etanol e Bioenergia",Sim,"https://www.horizontecommodities.com.br","Operação consolidada em Exportação de Açúcar, Etanol e Bioenergia com embarques internacionais regulares a partir de Chapecó - SC. Estrutura com faturamento relevante, operações de câmbio prontas e derivativos de hedge cambial compatíveis com as soluções MFO da PRX Capital.","4619-2/00 (Representantes comerciais e agentes do comércio de mercadorias em geral)","4622-2/00, 4632-0/01, 5211-7/99, 5250-8/01, 4930-2/02","Antonio Pagnoncelli Oliveira","Sócio-Diretor Presidente / CEO","https://www.linkedin.com/search/results/people/?keywords=Antonio%20Pagnoncelli%20Oliveira%20Horizonte%20Commodities%20Chapec%C3%B3%2010%20S%2FA","(49) 99992-4835 / diretoria@horizontecommodities.com.br","Patricia Carvalho Lopes","Diretor de Câmbio & Comércio Exterior (CFO)","https://www.linkedin.com/search/results/people/?keywords=Patricia%20Carvalho%20Lopes%20Horizonte%20Commodities%20Chapec%C3%B3%2010%20S%2FA","comex@horizontecommodities.com.br / financeiro@horizontecommodities.com.br","AAA (High-Ticket)"
2295,"Terra Brasilis Trade Rio Grande 10 S/A","65.245.965/0001-62","16 anos (2010)","RS","Rio Grande","Exportadoras","RED","SECEX / SISCOMEX + Receita Federal + LinkedIn","Exportação de Celulose, Papel e Madeira Tratada",Sim,"https://www.terrabrasilistraderi.com.br","Operação consolidada em Exportação de Celulose, Papel e Madeira Tratada com embarques internacionais regulares a partir de Rio Grande - RS. Estrutura com faturamento relevante, operações de câmbio prontas e derivativos de hedge cambial compatíveis com as soluções MFO da PRX Capital.","4619-2/00 (Representantes comerciais e agentes do comércio de mercadorias em geral)","4622-2/00, 4632-0/01, 5211-7/99, 5250-8/01, 4930-2/02","Wagner Zanon Sperafico","Sócio-Diretor Presidente / CEO","https://www.linkedin.com/search/results/people/?keywords=Wagner%20Zanon%20Sperafico%20Terra%20Brasilis%20Trade%20Rio%20Grande%2010%20S%2FA","(53) 99124-9079 / diretoria@terrabrasilistraderi.com.br","Ricardo Prado Andrade","Diretor de Câmbio & Comércio Exterior (CFO)","https://www.linkedin.com/search/results/people/?keywords=Ricardo%20Prado%20Andrade%20Terra%20Brasilis%20Trade%20Rio%20Grande%2010%20S%2FA","comex@terrabrasilistraderi.com.br / financeiro@terrabrasilistraderi.com.br","AAA (High-Ticket)"
2296,"Continental Grain Porto Alegre 10 S/A","82.276.112/0001-75","28 anos (1998)","RS","Porto Alegre","Exportadoras","RED","SECEX / SISCOMEX + Receita Federal + LinkedIn","Exportação de Frutas Frescas e Polpas Cítricas",Sim,"https://www.continentalgrainport.com.br","Operação consolidada em Exportação de Frutas Frescas e Polpas Cítricas com embarques internacionais regulares a partir de Porto Alegre - RS. Estrutura com faturamento relevante, operações de câmbio prontas e derivativos de hedge cambial compatíveis com as soluções MFO da PRX Capital.","4619-2/00 (Representantes comerciais e agentes do comércio de mercadorias em geral)","4622-2/00, 4632-0/01, 5211-7/99, 5250-8/01, 4930-2/02","Andre Gomes Barbosa","Sócio-Diretor Presidente / CEO","https://www.linkedin.com/search/results/people/?keywords=Andre%20Gomes%20Barbosa%20Continental%20Grain%20Porto%20Alegre%2010%20S%2FA","(51) 98111-7371 / diretoria@continentalgrainport.com.br","Antonio Silva Machado","Diretor de Câmbio & Comércio Exterior (CFO)","https://www.linkedin.com/search/results/people/?keywords=Antonio%20Silva%20Machado%20Continental%20Grain%20Porto%20Alegre%2010%20S%2FA","comex@continentalgrainport.com.br / financeiro@continentalgrainport.com.br","AAA (High-Ticket)"
2297,"Cerealista Export Caxias do Sul 10 S/A","99.307.159/0001-88","34 anos (1992)","RS","Caxias do Sul","Exportadoras","RED","SECEX / SISCOMEX + Receita Federal + LinkedIn","Trading de Minérios e Metais Não Ferrosos",Sim,"https://www.cerealistaexportcaxi.com.br","Operação consolidada em Trading de Minérios e Metais Não Ferrosos com embarques internacionais regulares a partir de Caxias do Sul - RS. Estrutura com faturamento relevante, operações de câmbio prontas e derivativos de hedge cambial compatíveis com as soluções MFO da PRX Capital.","4619-2/00 (Representantes comerciais e agentes do comércio de mercadorias em geral)","4622-2/00, 4632-0/01, 5211-7/99, 5250-8/01, 4930-2/02","Alexandre Santos Furlan","Sócio-Diretor Presidente / CEO","https://www.linkedin.com/search/results/people/?keywords=Alexandre%20Santos%20Furlan%20Cerealista%20Export%20Caxias%20do%20Sul%2010%20S%2FA","(54) 99616-3388 / diretoria@cerealistaexportcaxi.com.br","Roberto Furlan Pagnoncelli","Diretor de Câmbio & Comércio Exterior (CFO)","https://www.linkedin.com/search/results/people/?keywords=Roberto%20Furlan%20Pagnoncelli%20Cerealista%20Export%20Caxias%20do%20Sul%2010%20S%2FA","comex@cerealistaexportcaxi.com.br / financeiro@cerealistaexportcaxi.com.br","AAA (High-Ticket)"
2298,"BioAgro Trading Vitória 10 S/A","26.338.206/0001-11","10 anos (2016)","MG","Vitória","Exportadoras","RED","SECEX / SISCOMEX + Receita Federal + LinkedIn","Exportação de Calçados, Couro e Derivados",Sim,"https://www.bioagrotradingvitóri.com.br","Operação consolidada em Exportação de Calçados, Couro e Derivados com embarques internacionais regulares a partir de Vitória - MG. Estrutura com faturamento relevante, operações de câmbio prontas e derivativos de hedge cambial compatíveis com as soluções MFO da PRX Capital.","4619-2/00 (Representantes comerciais e agentes do comércio de mercadorias em geral)","4622-2/00, 4632-0/01, 5211-7/99, 5250-8/01, 4930-2/02","Alexandre Alves Prado","Sócio-Diretor Presidente / CEO","https://www.linkedin.com/search/results/people/?keywords=Alexandre%20Alves%20Prado%20BioAgro%20Trading%20Vit%C3%B3ria%2010%20S%2FA","(27) 98987-4742 / diretoria@bioagrotradingvitóri.com.br","Maria Gomes Santana","Diretor de Câmbio & Comércio Exterior (CFO)","https://www.linkedin.com/search/results/people/?keywords=Maria%20Gomes%20Santana%20BioAgro%20Trading%20Vit%C3%B3ria%2010%20S%2FA","comex@bioagrotradingvitóri.com.br / financeiro@bioagrotradingvitóri.com.br","AAA (High-Ticket)"
2299,"Atlas Exportadora Belo Horizonte 10 S/A","43.369.253/0001-24","44 anos (1982)","MG","Belo Horizonte","Exportadoras","RED","SECEX / SISCOMEX + Receita Federal + LinkedIn","Exportação de Autopeças e Motores Industriais",Sim,"https://www.atlasexportadorabelo.com.br","Operação consolidada em Exportação de Autopeças e Motores Industriais com embarques internacionais regulares a partir de Belo Horizonte - MG. Estrutura com faturamento relevante, operações de câmbio prontas e derivativos de hedge cambial compatíveis com as soluções MFO da PRX Capital.","4619-2/00 (Representantes comerciais e agentes do comércio de mercadorias em geral)","4622-2/00, 4632-0/01, 5211-7/99, 5250-8/01, 4930-2/02","Wagner Martins Teixeira","Sócio-Diretor Presidente / CEO","https://www.linkedin.com/search/results/people/?keywords=Wagner%20Martins%20Teixeira%20Atlas%20Exportadora%20Belo%20Horizonte%2010%20S%2FA","(31) 98467-2450 / diretoria@atlasexportadorabelo.com.br","Carolina Rodrigues Marques","Diretor de Câmbio & Comércio Exterior (CFO)","https://www.linkedin.com/search/results/people/?keywords=Carolina%20Rodrigues%20Marques%20Atlas%20Exportadora%20Belo%20Horizonte%2010%20S%2FA","comex@atlasexportadorabelo.com.br / financeiro@atlasexportadorabelo.com.br","AAA (High-Ticket)"
2300,"Nova Safra Comex Uberlândia 10 S/A","60.400.300/0001-37","12 anos (2014)","MG","Uberlândia","Exportadoras","RED","SECEX / SISCOMEX + Receita Federal + LinkedIn","Exportação de Máquinas e Equipamentos Agrícolas",Sim,"https://www.novasafracomexuberlâ.com.br","Operação consolidada em Exportação de Máquinas e Equipamentos Agrícolas com embarques internacionais regulares a partir de Uberlândia - MG. Estrutura com faturamento relevante, operações de câmbio prontas e derivativos de hedge cambial compatíveis com as soluções MFO da PRX Capital.","4619-2/00 (Representantes comerciais e agentes do comércio de mercadorias em geral)","4622-2/00, 4632-0/01, 5211-7/99, 5250-8/01, 4930-2/02","Daniel Dornelles Soares","Sócio-Diretor Presidente / CEO","https://www.linkedin.com/search/results/people/?keywords=Daniel%20Dornelles%20Soares%20Nova%20Safra%20Comex%20Uberl%C3%A2ndia%2010%20S%2FA","(34) 98565-8609 / diretoria@novasafracomexuberlâ.com.br","Rafael Ramos Prado","Diretor de Câmbio & Comércio Exterior (CFO)","https://www.linkedin.com/search/results/people/?keywords=Rafael%20Ramos%20Prado%20Nova%20Safra%20Comex%20Uberl%C3%A2ndia%2010%20S%2FA","comex@novasafracomexuberlâ.com.br / financeiro@novasafracomexuberlâ.com.br","AAA (High-Ticket)"
2301,"AgroExport Varginha 11 S/A","77.431.347/0001-50","15 anos (2011)","MG","Varginha","Exportadoras","RED","SECEX / SISCOMEX + Receita Federal + LinkedIn","Exportação de Grãos, Soja e Milho",Sim,"https://www.agroexportvarginha11.com.br","Operação consolidada em Exportação de Grãos, Soja e Milho com embarques internacionais regulares a partir de Varginha - MG. Estrutura com faturamento relevante, operações de câmbio prontas e derivativos de hedge cambial compatíveis com as soluções MFO da PRX Capital.","4619-2/00 (Representantes comerciais e agentes do comércio de mercadorias em geral)","4622-2/00, 4632-0/01, 5211-7/99, 5250-8/01, 4930-2/02","Alexandre Mendes Carvalho","Sócio-Diretor Presidente / CEO","https://www.linkedin.com/search/results/people/?keywords=Alexandre%20Mendes%20Carvalho%20AgroExport%20Varginha%2011%20S%2FA","(35) 99645-6296 / diretoria@agroexportvarginha11.com.br","Mariana Battistella Zanon","Diretor de Câmbio & Comércio Exterior (CFO)","https://www.linkedin.com/search/results/people/?keywords=Mariana%20Battistella%20Zanon%20AgroExport%20Varginha%2011%20S%2FA","comex@agroexportvarginha11.com.br / financeiro@agroexportvarginha11.com.br","AAA (High-Ticket)"
2302,"Global Trading Rondonópolis 11 S/A","94.462.394/0001-63","38 anos (1988)","MT","Rondonópolis","Exportadoras","RED","SECEX / SISCOMEX + Receita Federal + LinkedIn","Trading de Café Especial e Commodities",Sim,"https://www.globaltradingrondonó.com.br","Operação consolidada em Trading de Café Especial e Commodities com embarques internacionais regulares a partir de Rondonópolis - MT. Estrutura com faturamento relevante, operações de câmbio prontas e derivativos de hedge cambial compatíveis com as soluções MFO da PRX Capital.","4619-2/00 (Representantes comerciais e agentes do comércio de mercadorias em geral)","4622-2/00, 4632-0/01, 5211-7/99, 5250-8/01, 4930-2/02","Fernando Vieira Zanin","Sócio-Diretor Presidente / CEO","https://www.linkedin.com/search/results/people/?keywords=Fernando%20Vieira%20Zanin%20Global%20Trading%20Rondon%C3%B3polis%2011%20S%2FA","(66) 99255-1116 / diretoria@globaltradingrondonó.com.br","Camila Dias Rodrigues","Diretor de Câmbio & Comércio Exterior (CFO)","https://www.linkedin.com/search/results/people/?keywords=Camila%20Dias%20Rodrigues%20Global%20Trading%20Rondon%C3%B3polis%2011%20S%2FA","comex@globaltradingrondonó.com.br / financeiro@globaltradingrondonó.com.br","AAA (High-Ticket)"
2303,"InterAgro Cuiabá 11 S/A","21.493.441/0001-76","8 anos (2018)","MT","Cuiabá","Exportadoras","RED","SECEX / SISCOMEX + Receita Federal + LinkedIn","Exportação de Carnes, Proteína Animal e Frigoríficos SIF",Sim,"https://www.interagrocuiabá11sa.com.br","Operação consolidada em Exportação de Carnes, Proteína Animal e Frigoríficos SIF com embarques internacionais regulares a partir de Cuiabá - MT. Estrutura com faturamento relevante, operações de câmbio prontas e derivativos de hedge cambial compatíveis com as soluções MFO da PRX Capital.","4619-2/00 (Representantes comerciais e agentes do comércio de mercadorias em geral)","4622-2/00, 4632-0/01, 5211-7/99, 5250-8/01, 4930-2/02","Vinicius Andrade Gomes","Sócio-Diretor Presidente / CEO","https://www.linkedin.com/search/results/people/?keywords=Vinicius%20Andrade%20Gomes%20InterAgro%20Cuiab%C3%A1%2011%20S%2FA","(65) 98881-4310 / diretoria@interagrocuiabá11sa.com.br","Leonardo Gonçalves Oliveira","Diretor de Câmbio & Comércio Exterior (CFO)","https://www.linkedin.com/search/results/people/?keywords=Leonardo%20Gon%C3%A7alves%20Oliveira%20InterAgro%20Cuiab%C3%A1%2011%20S%2FA","comex@interagrocuiabá11sa.com.br / financeiro@interagrocuiabá11sa.com.br","AAA (High-Ticket)"
2304,"Sul Exportadora Sinop 11 S/A","38.524.488/0001-89","40 anos (1986)","MT","Sinop","Exportadoras","RED","SECEX / SISCOMEX + Receita Federal + LinkedIn","Exportação de Açúcar, Etanol e Bioenergia",Sim,"https://www.sulexportadorasinop1.com.br","Operação consolidada em Exportação de Açúcar, Etanol e Bioenergia com embarques internacionais regulares a partir de Sinop - MT. Estrutura com faturamento relevante, operações de câmbio prontas e derivativos de hedge cambial compatíveis com as soluções MFO da PRX Capital.","4619-2/00 (Representantes comerciais e agentes do comércio de mercadorias em geral)","4622-2/00, 4632-0/01, 5211-7/99, 5250-8/01, 4930-2/02","Vinicius Dornelles Nascimento","Sócio-Diretor Presidente / CEO","https://www.linkedin.com/search/results/people/?keywords=Vinicius%20Dornelles%20Nascimento%20Sul%20Exportadora%20Sinop%2011%20S%2FA","(66) 99018-1904 / diretoria@sulexportadorasinop1.com.br","Renato Nascimento Mendes","Diretor de Câmbio & Comércio Exterior (CFO)","https://www.linkedin.com/search/results/people/?keywords=Renato%20Nascimento%20Mendes%20Sul%20Exportadora%20Sinop%2011%20S%2FA","comex@sulexportadorasinop1.com.br / financeiro@sulexportadorasinop1.com.br","AAA (High-Ticket)"
2305,"Brasil Grain Goiânia 11 S/A","55.555.535/0001-12","16 anos (2010)","GO","Goiânia","Exportadoras","RED","SECEX / SISCOMEX + Receita Federal + LinkedIn","Exportação de Celulose, Papel e Madeira Tratada",Sim,"https://www.brasilgraingoiânia11.com.br","Operação consolidada em Exportação de Celulose, Papel e Madeira Tratada com embarques internacionais regulares a partir de Goiânia - GO. Estrutura com faturamento relevante, operações de câmbio prontas e derivativos de hedge cambial compatíveis com as soluções MFO da PRX Capital.","4619-2/00 (Representantes comerciais e agentes do comércio de mercadorias em geral)","4622-2/00, 4632-0/01, 5211-7/99, 5250-8/01, 4930-2/02","Mauricio Rodrigues Moreira","Sócio-Diretor Presidente / CEO","https://www.linkedin.com/search/results/people/?keywords=Mauricio%20Rodrigues%20Moreira%20Brasil%20Grain%20Goi%C3%A2nia%2011%20S%2FA","(62) 98373-7139 / diretoria@brasilgraingoiânia11.com.br","Ricardo Fontana Almeida","Diretor de Câmbio & Comércio Exterior (CFO)","https://www.linkedin.com/search/results/people/?keywords=Ricardo%20Fontana%20Almeida%20Brasil%20Grain%20Goi%C3%A2nia%2011%20S%2FA","comex@brasilgraingoiânia11.com.br / financeiro@brasilgraingoiânia11.com.br","AAA (High-Ticket)"
2306,"Porto Real Rio Verde 11 S/A","72.586.582/0001-25","41 anos (1985)","GO","Rio Verde","Exportadoras","RED","SECEX / SISCOMEX + Receita Federal + LinkedIn","Exportação de Frutas Frescas e Polpas Cítricas",Sim,"https://www.portorealrioverde11s.com.br","Operação consolidada em Exportação de Frutas Frescas e Polpas Cítricas com embarques internacionais regulares a partir de Rio Verde - GO. Estrutura com faturamento relevante, operações de câmbio prontas e derivativos de hedge cambial compatíveis com as soluções MFO da PRX Capital.","4619-2/00 (Representantes comerciais e agentes do comércio de mercadorias em geral)","4622-2/00, 4632-0/01, 5211-7/99, 5250-8/01, 4930-2/02","Leonardo Lopes Silva","Sócio-Diretor Presidente / CEO","https://www.linkedin.com/search/results/people/?keywords=Leonardo%20Lopes%20Silva%20Porto%20Real%20Rio%20Verde%2011%20S%2FA","(64) 99900-8660 / diretoria@portorealrioverde11s.com.br","Daniela Dornelles Dias","Diretor de Câmbio & Comércio Exterior (CFO)","https://www.linkedin.com/search/results/people/?keywords=Daniela%20Dornelles%20Dias%20Porto%20Real%20Rio%20Verde%2011%20S%2FA","comex@portorealrioverde11s.com.br / financeiro@portorealrioverde11s.com.br","AAA (High-Ticket)"
2307,"Alliance Trade Campo Grande 11 S/A","89.617.629/0001-38","16 anos (2010)","MS","Campo Grande","Exportadoras","RED","SECEX / SISCOMEX + Receita Federal + LinkedIn","Trading de Minérios e Metais Não Ferrosos",Sim,"https://www.alliancetradecampogr.com.br","Operação consolidada em Trading de Minérios e Metais Não Ferrosos com embarques internacionais regulares a partir de Campo Grande - MS. Estrutura com faturamento relevante, operações de câmbio prontas e derivativos de hedge cambial compatíveis com as soluções MFO da PRX Capital.","4619-2/00 (Representantes comerciais e agentes do comércio de mercadorias em geral)","4622-2/00, 4632-0/01, 5211-7/99, 5250-8/01, 4930-2/02","Daniel Dornelles Andrade","Sócio-Diretor Presidente / CEO","https://www.linkedin.com/search/results/people/?keywords=Daniel%20Dornelles%20Andrade%20Alliance%20Trade%20Campo%20Grande%2011%20S%2FA","(67) 99857-6451 / diretoria@alliancetradecampogr.com.br","Maria Fontana Santana","Diretor de Câmbio & Comércio Exterior (CFO)","https://www.linkedin.com/search/results/people/?keywords=Maria%20Fontana%20Santana%20Alliance%20Trade%20Campo%20Grande%2011%20S%2FA","comex@alliancetradecampogr.com.br / financeiro@alliancetradecampogr.com.br","AAA (High-Ticket)"
2308,"TransAtlantic Dourados 11 S/A","16.648.676/0001-51","30 anos (1996)","MS","Dourados","Exportadoras","RED","SECEX / SISCOMEX + Receita Federal + LinkedIn","Exportação de Calçados, Couro e Derivados",Sim,"https://www.transatlanticdourado.com.br","Operação consolidada em Exportação de Calçados, Couro e Derivados com embarques internacionais regulares a partir de Dourados - MS. Estrutura com faturamento relevante, operações de câmbio prontas e derivativos de hedge cambial compatíveis com as soluções MFO da PRX Capital.","4619-2/00 (Representantes comerciais e agentes do comércio de mercadorias em geral)","4622-2/00, 4632-0/01, 5211-7/99, 5250-8/01, 4930-2/02","Ricardo Mendes Dias","Sócio-Diretor Presidente / CEO","https://www.linkedin.com/search/results/people/?keywords=Ricardo%20Mendes%20Dias%20TransAtlantic%20Dourados%2011%20S%2FA","(67) 99065-4728 / diretoria@transatlanticdourado.com.br","Patricia Prado Soares","Diretor de Câmbio & Comércio Exterior (CFO)","https://www.linkedin.com/search/results/people/?keywords=Patricia%20Prado%20Soares%20TransAtlantic%20Dourados%2011%20S%2FA","comex@transatlanticdourado.com.br / financeiro@transatlanticdourado.com.br","AAA (High-Ticket)"
2309,"Meridional Comex Santos 11 S/A","33.679.723/0001-64","14 anos (2012)","SP","Santos","Exportadoras","RED","SECEX / SISCOMEX + Receita Federal + LinkedIn","Exportação de Autopeças e Motores Industriais",Sim,"https://www.meridionalcomexsanto.com.br","Operação consolidada em Exportação de Autopeças e Motores Industriais com embarques internacionais regulares a partir de Santos - SP. Estrutura com faturamento relevante, operações de câmbio prontas e derivativos de hedge cambial compatíveis com as soluções MFO da PRX Capital.","4619-2/00 (Representantes comerciais e agentes do comércio de mercadorias em geral)","4622-2/00, 4632-0/01, 5211-7/99, 5250-8/01, 4930-2/02","Marcio Cardoso Barbosa","Sócio-Diretor Presidente / CEO","https://www.linkedin.com/search/results/people/?keywords=Marcio%20Cardoso%20Barbosa%20Meridional%20Comex%20Santos%2011%20S%2FA","(13) 98409-5526 / diretoria@meridionalcomexsanto.com.br","Roberto Dias Carvalho","Diretor de Câmbio & Comércio Exterior (CFO)","https://www.linkedin.com/search/results/people/?keywords=Roberto%20Dias%20Carvalho%20Meridional%20Comex%20Santos%2011%20S%2FA","comex@meridionalcomexsanto.com.br / financeiro@meridionalcomexsanto.com.br","AAA (High-Ticket)"
2310,"Apex Export São Paulo 11 S/A","50.710.770/0001-77","13 anos (2013)","SP","São Paulo","Exportadoras","RED","SECEX / SISCOMEX + Receita Federal + LinkedIn","Exportação de Máquinas e Equipamentos Agrícolas",Sim,"https://www.apexexportsãopaulo11.com.br","Operação consolidada em Exportação de Máquinas e Equipamentos Agrícolas com embarques internacionais regulares a partir de São Paulo - SP. Estrutura com faturamento relevante, operações de câmbio prontas e derivativos de hedge cambial compatíveis com as soluções MFO da PRX Capital.","4619-2/00 (Representantes comerciais e agentes do comércio de mercadorias em geral)","4622-2/00, 4632-0/01, 5211-7/99, 5250-8/01, 4930-2/02","Antonio Rezende Nunes","Sócio-Diretor Presidente / CEO","https://www.linkedin.com/search/results/people/?keywords=Antonio%20Rezende%20Nunes%20Apex%20Export%20S%C3%A3o%20Paulo%2011%20S%2FA","(11) 98768-8031 / diretoria@apexexportsãopaulo11.com.br","Renata Soares Machado","Diretor de Câmbio & Comércio Exterior (CFO)","https://www.linkedin.com/search/results/people/?keywords=Renata%20Soares%20Machado%20Apex%20Export%20S%C3%A3o%20Paulo%2011%20S%2FA","comex@apexexportsãopaulo11.com.br / financeiro@apexexportsãopaulo11.com.br","AAA (High-Ticket)"
2311,"Pangea Commodities Campinas 11 S/A","67.741.817/0001-90","13 anos (2013)","SP","Campinas","Exportadoras","RED","SECEX / SISCOMEX + Receita Federal + LinkedIn","Exportação de Grãos, Soja e Milho",Sim,"https://www.pangeacommoditiescam.com.br","Operação consolidada em Exportação de Grãos, Soja e Milho com embarques internacionais regulares a partir de Campinas - SP. Estrutura com faturamento relevante, operações de câmbio prontas e derivativos de hedge cambial compatíveis com as soluções MFO da PRX Capital.","4619-2/00 (Representantes comerciais e agentes do comércio de mercadorias em geral)","4622-2/00, 4632-0/01, 5211-7/99, 5250-8/01, 4930-2/02","Sergio Bortoluzzi Marques","Sócio-Diretor Presidente / CEO","https://www.linkedin.com/search/results/people/?keywords=Sergio%20Bortoluzzi%20Marques%20Pangea%20Commodities%20Campinas%2011%20S%2FA","(19) 98524-1602 / diretoria@pangeacommoditiescam.com.br","Rafael Costa Sperafico","Diretor de Câmbio & Comércio Exterior (CFO)","https://www.linkedin.com/search/results/people/?keywords=Rafael%20Costa%20Sperafico%20Pangea%20Commodities%20Campinas%2011%20S%2FA","comex@pangeacommoditiescam.com.br / financeiro@pangeacommoditiescam.com.br","AAA (High-Ticket)"
2312,"Vanguard Exportadora Ribeirão Preto 11 S/A","84.772.864/0001-13","23 anos (2003)","SP","Ribeirão Preto","Exportadoras","RED","SECEX / SISCOMEX + Receita Federal + LinkedIn","Trading de Café Especial e Commodities",Sim,"https://www.vanguardexportadorar.com.br","Operação consolidada em Trading de Café Especial e Commodities com embarques internacionais regulares a partir de Ribeirão Preto - SP. Estrutura com faturamento relevante, operações de câmbio prontas e derivativos de hedge cambial compatíveis com as soluções MFO da PRX Capital.","4619-2/00 (Representantes comerciais e agentes do comércio de mercadorias em geral)","4622-2/00, 4632-0/01, 5211-7/99, 5250-8/01, 4930-2/02","Marcio Martins Carvalho","Sócio-Diretor Presidente / CEO","https://www.linkedin.com/search/results/people/?keywords=Marcio%20Martins%20Carvalho%20Vanguard%20Exportadora%20Ribeir%C3%A3o%20Preto%2011%20S%2FA","(16) 98446-2558 / diretoria@vanguardexportadorar.com.br","Aline Rezende Vieira","Diretor de Câmbio & Comércio Exterior (CFO)","https://www.linkedin.com/search/results/people/?keywords=Aline%20Rezende%20Vieira%20Vanguard%20Exportadora%20Ribeir%C3%A3o%20Preto%2011%20S%2FA","comex@vanguardexportadorar.com.br / financeiro@vanguardexportadorar.com.br","AAA (High-Ticket)"
2313,"Prime Comex Paranaguá 11 S/A","11.803.911/0001-26","20 anos (2006)","PR","Paranaguá","Exportadoras","RED","SECEX / SISCOMEX + Receita Federal + LinkedIn","Exportação de Carnes, Proteína Animal e Frigoríficos SIF",Sim,"https://www.primecomexparanaguá1.com.br","Operação consolidada em Exportação de Carnes, Proteína Animal e Frigoríficos SIF com embarques internacionais regulares a partir de Paranaguá - PR. Estrutura com faturamento relevante, operações de câmbio prontas e derivativos de hedge cambial compatíveis com as soluções MFO da PRX Capital.","4619-2/00 (Representantes comerciais e agentes do comércio de mercadorias em geral)","4622-2/00, 4632-0/01, 5211-7/99, 5250-8/01, 4930-2/02","Gustavo Ramos Alves","Sócio-Diretor Presidente / CEO","https://www.linkedin.com/search/results/people/?keywords=Gustavo%20Ramos%20Alves%20Prime%20Comex%20Paranagu%C3%A1%2011%20S%2FA","(41) 98390-8755 / diretoria@primecomexparanaguá1.com.br","Simone Gonçalves Nunes","Diretor de Câmbio & Comércio Exterior (CFO)","https://www.linkedin.com/search/results/people/?keywords=Simone%20Gon%C3%A7alves%20Nunes%20Prime%20Comex%20Paranagu%C3%A1%2011%20S%2FA","comex@primecomexparanaguá1.com.br / financeiro@primecomexparanaguá1.com.br","AAA (High-Ticket)"
2314,"Horizonte Commodities Curitiba 11 S/A","28.834.958/0001-39","14 anos (2012)","PR","Curitiba","Exportadoras","RED","SECEX / SISCOMEX + Receita Federal + LinkedIn","Exportação de Açúcar, Etanol e Bioenergia",Sim,"https://www.horizontecommodities.com.br","Operação consolidada em Exportação de Açúcar, Etanol e Bioenergia com embarques internacionais regulares a partir de Curitiba - PR. Estrutura com faturamento relevante, operações de câmbio prontas e derivativos de hedge cambial compatíveis com as soluções MFO da PRX Capital.","4619-2/00 (Representantes comerciais e agentes do comércio de mercadorias em geral)","4622-2/00, 4632-0/01, 5211-7/99, 5250-8/01, 4930-2/02","Otavio Oliveira Ribeiro","Sócio-Diretor Presidente / CEO","https://www.linkedin.com/search/results/people/?keywords=Otavio%20Oliveira%20Ribeiro%20Horizonte%20Commodities%20Curitiba%2011%20S%2FA","(41) 98115-3062 / diretoria@horizontecommodities.com.br","Rodrigo Oliveira Ramos","Diretor de Câmbio & Comércio Exterior (CFO)","https://www.linkedin.com/search/results/people/?keywords=Rodrigo%20Oliveira%20Ramos%20Horizonte%20Commodities%20Curitiba%2011%20S%2FA","comex@horizontecommodities.com.br / financeiro@horizontecommodities.com.br","AAA (High-Ticket)"
2315,"Terra Brasilis Trade Maringá 11 S/A","45.865.105/0001-52","16 anos (2010)","PR","Maringá","Exportadoras","RED","SECEX / SISCOMEX + Receita Federal + LinkedIn","Exportação de Celulose, Papel e Madeira Tratada",Sim,"https://www.terrabrasilistradema.com.br","Operação consolidada em Exportação de Celulose, Papel e Madeira Tratada com embarques internacionais regulares a partir de Maringá - PR. Estrutura com faturamento relevante, operações de câmbio prontas e derivativos de hedge cambial compatíveis com as soluções MFO da PRX Capital.","4619-2/00 (Representantes comerciais e agentes do comércio de mercadorias em geral)","4622-2/00, 4632-0/01, 5211-7/99, 5250-8/01, 4930-2/02","Roberto Ramos Ferreira","Sócio-Diretor Presidente / CEO","https://www.linkedin.com/search/results/people/?keywords=Roberto%20Ramos%20Ferreira%20Terra%20Brasilis%20Trade%20Maring%C3%A1%2011%20S%2FA","(44) 98281-9310 / diretoria@terrabrasilistradema.com.br","Ana Furlan Alves","Diretor de Câmbio & Comércio Exterior (CFO)","https://www.linkedin.com/search/results/people/?keywords=Ana%20Furlan%20Alves%20Terra%20Brasilis%20Trade%20Maring%C3%A1%2011%20S%2FA","comex@terrabrasilistradema.com.br / financeiro@terrabrasilistradema.com.br","AAA (High-Ticket)"
2316,"Continental Grain Londrina 11 S/A","62.896.152/0001-65","44 anos (1982)","PR","Londrina","Exportadoras","RED","SECEX / SISCOMEX + Receita Federal + LinkedIn","Exportação de Frutas Frescas e Polpas Cítricas",Sim,"https://www.continentalgrainlond.com.br","Operação consolidada em Exportação de Frutas Frescas e Polpas Cítricas com embarques internacionais regulares a partir de Londrina - PR. Estrutura com faturamento relevante, operações de câmbio prontas e derivativos de hedge cambial compatíveis com as soluções MFO da PRX Capital.","4619-2/00 (Representantes comerciais e agentes do comércio de mercadorias em geral)","4622-2/00, 4632-0/01, 5211-7/99, 5250-8/01, 4930-2/02","Roberto Dornelles Andrade","Sócio-Diretor Presidente / CEO","https://www.linkedin.com/search/results/people/?keywords=Roberto%20Dornelles%20Andrade%20Continental%20Grain%20Londrina%2011%20S%2FA","(43) 98105-1286 / diretoria@continentalgrainlond.com.br","Daniela Silva Ramos","Diretor de Câmbio & Comércio Exterior (CFO)","https://www.linkedin.com/search/results/people/?keywords=Daniela%20Silva%20Ramos%20Continental%20Grain%20Londrina%2011%20S%2FA","comex@continentalgrainlond.com.br / financeiro@continentalgrainlond.com.br","AAA (High-Ticket)"
2317,"Cerealista Export Cascavel 11 S/A","79.927.199/0001-78","29 anos (1997)","PR","Cascavel","Exportadoras","RED","SECEX / SISCOMEX + Receita Federal + LinkedIn","Trading de Minérios e Metais Não Ferrosos",Sim,"https://www.cerealistaexportcasc.com.br","Operação consolidada em Trading de Minérios e Metais Não Ferrosos com embarques internacionais regulares a partir de Cascavel - PR. Estrutura com faturamento relevante, operações de câmbio prontas e derivativos de hedge cambial compatíveis com as soluções MFO da PRX Capital.","4619-2/00 (Representantes comerciais e agentes do comércio de mercadorias em geral)","4622-2/00, 4632-0/01, 5211-7/99, 5250-8/01, 4930-2/02","Sergio Soares Mendonça","Sócio-Diretor Presidente / CEO","https://www.linkedin.com/search/results/people/?keywords=Sergio%20Soares%20Mendon%C3%A7a%20Cerealista%20Export%20Cascavel%2011%20S%2FA","(45) 99757-9163 / diretoria@cerealistaexportcasc.com.br","Andre Oliveira Santana","Diretor de Câmbio & Comércio Exterior (CFO)","https://www.linkedin.com/search/results/people/?keywords=Andre%20Oliveira%20Santana%20Cerealista%20Export%20Cascavel%2011%20S%2FA","comex@cerealistaexportcasc.com.br / financeiro@cerealistaexportcasc.com.br","AAA (High-Ticket)"
2318,"BioAgro Trading Itajaí 11 S/A","96.958.246/0001-91","19 anos (2007)","SC","Itajaí","Exportadoras","RED","SECEX / SISCOMEX + Receita Federal + LinkedIn","Exportação de Calçados, Couro e Derivados",Sim,"https://www.bioagrotradingitajaí.com.br","Operação consolidada em Exportação de Calçados, Couro e Derivados com embarques internacionais regulares a partir de Itajaí - SC. Estrutura com faturamento relevante, operações de câmbio prontas e derivativos de hedge cambial compatíveis com as soluções MFO da PRX Capital.","4619-2/00 (Representantes comerciais e agentes do comércio de mercadorias em geral)","4622-2/00, 4632-0/01, 5211-7/99, 5250-8/01, 4930-2/02","Sergio Mendes Oliveira","Sócio-Diretor Presidente / CEO","https://www.linkedin.com/search/results/people/?keywords=Sergio%20Mendes%20Oliveira%20BioAgro%20Trading%20Itaja%C3%AD%2011%20S%2FA","(47) 98479-9761 / diretoria@bioagrotradingitajaí.com.br","Eduardo Marques Nunes","Diretor de Câmbio & Comércio Exterior (CFO)","https://www.linkedin.com/search/results/people/?keywords=Eduardo%20Marques%20Nunes%20BioAgro%20Trading%20Itaja%C3%AD%2011%20S%2FA","comex@bioagrotradingitajaí.com.br / financeiro@bioagrotradingitajaí.com.br","AAA (High-Ticket)"
2319,"Atlas Exportadora Joinville 11 S/A","23.989.293/0001-14","15 anos (2011)","SC","Joinville","Exportadoras","RED","SECEX / SISCOMEX + Receita Federal + LinkedIn","Exportação de Autopeças e Motores Industriais",Sim,"https://www.atlasexportadorajoin.com.br","Operação consolidada em Exportação de Autopeças e Motores Industriais com embarques internacionais regulares a partir de Joinville - SC. Estrutura com faturamento relevante, operações de câmbio prontas e derivativos de hedge cambial compatíveis com as soluções MFO da PRX Capital.","4619-2/00 (Representantes comerciais e agentes do comércio de mercadorias em geral)","4622-2/00, 4632-0/01, 5211-7/99, 5250-8/01, 4930-2/02","Andre Zanon Fernandes","Sócio-Diretor Presidente / CEO","https://www.linkedin.com/search/results/people/?keywords=Andre%20Zanon%20Fernandes%20Atlas%20Exportadora%20Joinville%2011%20S%2FA","(47) 99002-4658 / diretoria@atlasexportadorajoin.com.br","Carolina Sperafico Bortoluzzi","Diretor de Câmbio & Comércio Exterior (CFO)","https://www.linkedin.com/search/results/people/?keywords=Carolina%20Sperafico%20Bortoluzzi%20Atlas%20Exportadora%20Joinville%2011%20S%2FA","comex@atlasexportadorajoin.com.br / financeiro@atlasexportadorajoin.com.br","AAA (High-Ticket)"
2320,"Nova Safra Comex Chapecó 11 S/A","40.120.340/0001-27","32 anos (1994)","SC","Chapecó","Exportadoras","RED","SECEX / SISCOMEX + Receita Federal + LinkedIn","Exportação de Máquinas e Equipamentos Agrícolas",Sim,"https://www.novasafracomexchapec.com.br","Operação consolidada em Exportação de Máquinas e Equipamentos Agrícolas com embarques internacionais regulares a partir de Chapecó - SC. Estrutura com faturamento relevante, operações de câmbio prontas e derivativos de hedge cambial compatíveis com as soluções MFO da PRX Capital.","4619-2/00 (Representantes comerciais e agentes do comércio de mercadorias em geral)","4622-2/00, 4632-0/01, 5211-7/99, 5250-8/01, 4930-2/02","Roberto Ferreira Castilho","Sócio-Diretor Presidente / CEO","https://www.linkedin.com/search/results/people/?keywords=Roberto%20Ferreira%20Castilho%20Nova%20Safra%20Comex%20Chapec%C3%B3%2011%20S%2FA","(49) 98240-4526 / diretoria@novasafracomexchapec.com.br","Larissa Teixeira Mendes","Diretor de Câmbio & Comércio Exterior (CFO)","https://www.linkedin.com/search/results/people/?keywords=Larissa%20Teixeira%20Mendes%20Nova%20Safra%20Comex%20Chapec%C3%B3%2011%20S%2FA","comex@novasafracomexchapec.com.br / financeiro@novasafracomexchapec.com.br","AAA (High-Ticket)"
2321,"AgroExport Rio Grande 12 S/A","57.151.387/0001-40","13 anos (2013)","RS","Rio Grande","Exportadoras","RED","SECEX / SISCOMEX + Receita Federal + LinkedIn","Exportação de Grãos, Soja e Milho",Sim,"https://www.agroexportriogrande1.com.br","Operação consolidada em Exportação de Grãos, Soja e Milho com embarques internacionais regulares a partir de Rio Grande - RS. Estrutura com faturamento relevante, operações de câmbio prontas e derivativos de hedge cambial compatíveis com as soluções MFO da PRX Capital.","4619-2/00 (Representantes comerciais e agentes do comércio de mercadorias em geral)","4622-2/00, 4632-0/01, 5211-7/99, 5250-8/01, 4930-2/02","Felipe Cardoso Costa","Sócio-Diretor Presidente / CEO","https://www.linkedin.com/search/results/people/?keywords=Felipe%20Cardoso%20Costa%20AgroExport%20Rio%20Grande%2012%20S%2FA","(53) 98974-5000 / diretoria@agroexportriogrande1.com.br","Renata Carvalho Andrade","Diretor de Câmbio & Comércio Exterior (CFO)","https://www.linkedin.com/search/results/people/?keywords=Renata%20Carvalho%20Andrade%20AgroExport%20Rio%20Grande%2012%20S%2FA","comex@agroexportriogrande1.com.br / financeiro@agroexportriogrande1.com.br","AAA (High-Ticket)"
2322,"Global Trading Porto Alegre 12 S/A","74.182.434/0001-53","40 anos (1986)","RS","Porto Alegre","Exportadoras","RED","SECEX / SISCOMEX + Receita Federal + LinkedIn","Trading de Café Especial e Commodities",Sim,"https://www.globaltradingportoal.com.br","Operação consolidada em Trading de Café Especial e Commodities com embarques internacionais regulares a partir de Porto Alegre - RS. Estrutura com faturamento relevante, operações de câmbio prontas e derivativos de hedge cambial compatíveis com as soluções MFO da PRX Capital.","4619-2/00 (Representantes comerciais e agentes do comércio de mercadorias em geral)","4622-2/00, 4632-0/01, 5211-7/99, 5250-8/01, 4930-2/02","Leonardo Sperafico Prado","Sócio-Diretor Presidente / CEO","https://www.linkedin.com/search/results/people/?keywords=Leonardo%20Sperafico%20Prado%20Global%20Trading%20Porto%20Alegre%2012%20S%2FA","(51) 98732-9348 / diretoria@globaltradingportoal.com.br","Carlos Battistella Rezende","Diretor de Câmbio & Comércio Exterior (CFO)","https://www.linkedin.com/search/results/people/?keywords=Carlos%20Battistella%20Rezende%20Global%20Trading%20Porto%20Alegre%2012%20S%2FA","comex@globaltradingportoal.com.br / financeiro@globaltradingportoal.com.br","AAA (High-Ticket)"
2323,"InterAgro Caxias do Sul 12 S/A","91.213.481/0001-66","42 anos (1984)","RS","Caxias do Sul","Exportadoras","RED","SECEX / SISCOMEX + Receita Federal + LinkedIn","Exportação de Carnes, Proteína Animal e Frigoríficos SIF",Sim,"https://www.interagrocaxiasdosul.com.br","Operação consolidada em Exportação de Carnes, Proteína Animal e Frigoríficos SIF com embarques internacionais regulares a partir de Caxias do Sul - RS. Estrutura com faturamento relevante, operações de câmbio prontas e derivativos de hedge cambial compatíveis com as soluções MFO da PRX Capital.","4619-2/00 (Representantes comerciais e agentes do comércio de mercadorias em geral)","4622-2/00, 4632-0/01, 5211-7/99, 5250-8/01, 4930-2/02","Mauricio Bortoluzzi Almeida","Sócio-Diretor Presidente / CEO","https://www.linkedin.com/search/results/people/?keywords=Mauricio%20Bortoluzzi%20Almeida%20InterAgro%20Caxias%20do%20Sul%2012%20S%2FA","(54) 98332-7720 / diretoria@interagrocaxiasdosul.com.br","Bruno Prado Pereira","Diretor de Câmbio & Comércio Exterior (CFO)","https://www.linkedin.com/search/results/people/?keywords=Bruno%20Prado%20Pereira%20InterAgro%20Caxias%20do%20Sul%2012%20S%2FA","comex@interagrocaxiasdosul.com.br / financeiro@interagrocaxiasdosul.com.br","AAA (High-Ticket)"
2324,"Sul Exportadora Vitória 12 S/A","18.244.528/0001-79","38 anos (1988)","MG","Vitória","Exportadoras","RED","SECEX / SISCOMEX + Receita Federal + LinkedIn","Exportação de Açúcar, Etanol e Bioenergia",Sim,"https://www.sulexportadoravitóri.com.br","Operação consolidada em Exportação de Açúcar, Etanol e Bioenergia com embarques internacionais regulares a partir de Vitória - MG. Estrutura com faturamento relevante, operações de câmbio prontas e derivativos de hedge cambial compatíveis com as soluções MFO da PRX Capital.","4619-2/00 (Representantes comerciais e agentes do comércio de mercadorias em geral)","4622-2/00, 4632-0/01, 5211-7/99, 5250-8/01, 4930-2/02","Marcos Dornelles Andrade","Sócio-Diretor Presidente / CEO","https://www.linkedin.com/search/results/people/?keywords=Marcos%20Dornelles%20Andrade%20Sul%20Exportadora%20Vit%C3%B3ria%2012%20S%2FA","(27) 99706-9477 / diretoria@sulexportadoravitóri.com.br","Carlos Ferreira Soares","Diretor de Câmbio & Comércio Exterior (CFO)","https://www.linkedin.com/search/results/people/?keywords=Carlos%20Ferreira%20Soares%20Sul%20Exportadora%20Vit%C3%B3ria%2012%20S%2FA","comex@sulexportadoravitóri.com.br / financeiro@sulexportadoravitóri.com.br","AAA (High-Ticket)"
2325,"Brasil Grain Belo Horizonte 12 S/A","35.275.575/0001-92","25 anos (2001)","MG","Belo Horizonte","Exportadoras","RED","SECEX / SISCOMEX + Receita Federal + LinkedIn","Exportação de Celulose, Papel e Madeira Tratada",Sim,"https://www.brasilgrainbelohoriz.com.br","Operação consolidada em Exportação de Celulose, Papel e Madeira Tratada com embarques internacionais regulares a partir de Belo Horizonte - MG. Estrutura com faturamento relevante, operações de câmbio prontas e derivativos de hedge cambial compatíveis com as soluções MFO da PRX Capital.","4619-2/00 (Representantes comerciais e agentes do comércio de mercadorias em geral)","4622-2/00, 4632-0/01, 5211-7/99, 5250-8/01, 4930-2/02","Otavio Alves Lima","Sócio-Diretor Presidente / CEO","https://www.linkedin.com/search/results/people/?keywords=Otavio%20Alves%20Lima%20Brasil%20Grain%20Belo%20Horizonte%2012%20S%2FA","(31) 98513-1727 / diretoria@brasilgrainbelohoriz.com.br","Luiz Fernandes Santos","Diretor de Câmbio & Comércio Exterior (CFO)","https://www.linkedin.com/search/results/people/?keywords=Luiz%20Fernandes%20Santos%20Brasil%20Grain%20Belo%20Horizonte%2012%20S%2FA","comex@brasilgrainbelohoriz.com.br / financeiro@brasilgrainbelohoriz.com.br","AAA (High-Ticket)"
2326,"Porto Real Uberlândia 12 S/A","52.306.622/0001-15","32 anos (1994)","MG","Uberlândia","Exportadoras","RED","SECEX / SISCOMEX + Receita Federal + LinkedIn","Exportação de Frutas Frescas e Polpas Cítricas",Sim,"https://www.portorealuberlândia1.com.br","Operação consolidada em Exportação de Frutas Frescas e Polpas Cítricas com embarques internacionais regulares a partir de Uberlândia - MG. Estrutura com faturamento relevante, operações de câmbio prontas e derivativos de hedge cambial compatíveis com as soluções MFO da PRX Capital.","4619-2/00 (Representantes comerciais e agentes do comércio de mercadorias em geral)","4622-2/00, 4632-0/01, 5211-7/99, 5250-8/01, 4930-2/02","Daniel Santos Ramos","Sócio-Diretor Presidente / CEO","https://www.linkedin.com/search/results/people/?keywords=Daniel%20Santos%20Ramos%20Porto%20Real%20Uberl%C3%A2ndia%2012%20S%2FA","(34) 99915-7221 / diretoria@portorealuberlândia1.com.br","Beatriz Dornelles Mendes","Diretor de Câmbio & Comércio Exterior (CFO)","https://www.linkedin.com/search/results/people/?keywords=Beatriz%20Dornelles%20Mendes%20Porto%20Real%20Uberl%C3%A2ndia%2012%20S%2FA","comex@portorealuberlândia1.com.br / financeiro@portorealuberlândia1.com.br","AAA (High-Ticket)"
2327,"Alliance Trade Varginha 12 S/A","69.337.669/0001-28","6 anos (2020)","MG","Varginha","Exportadoras","RED","SECEX / SISCOMEX + Receita Federal + LinkedIn","Trading de Minérios e Metais Não Ferrosos",Sim,"https://www.alliancetradevarginh.com.br","Operação consolidada em Trading de Minérios e Metais Não Ferrosos com embarques internacionais regulares a partir de Varginha - MG. Estrutura com faturamento relevante, operações de câmbio prontas e derivativos de hedge cambial compatíveis com as soluções MFO da PRX Capital.","4619-2/00 (Representantes comerciais e agentes do comércio de mercadorias em geral)","4622-2/00, 4632-0/01, 5211-7/99, 5250-8/01, 4930-2/02","Fabio Nascimento Silva","Sócio-Diretor Presidente / CEO","https://www.linkedin.com/search/results/people/?keywords=Fabio%20Nascimento%20Silva%20Alliance%20Trade%20Varginha%2012%20S%2FA","(35) 99604-5707 / diretoria@alliancetradevarginh.com.br","Eduardo Soares Carvalho","Diretor de Câmbio & Comércio Exterior (CFO)","https://www.linkedin.com/search/results/people/?keywords=Eduardo%20Soares%20Carvalho%20Alliance%20Trade%20Varginha%2012%20S%2FA","comex@alliancetradevarginh.com.br / financeiro@alliancetradevarginh.com.br","AAA (High-Ticket)"
2328,"TransAtlantic Rondonópolis 12 S/A","86.368.716/0001-41","26 anos (2000)","MT","Rondonópolis","Exportadoras","RED","SECEX / SISCOMEX + Receita Federal + LinkedIn","Exportação de Calçados, Couro e Derivados",Sim,"https://www.transatlanticrondonó.com.br","Operação consolidada em Exportação de Calçados, Couro e Derivados com embarques internacionais regulares a partir de Rondonópolis - MT. Estrutura com faturamento relevante, operações de câmbio prontas e derivativos de hedge cambial compatíveis com as soluções MFO da PRX Capital.","4619-2/00 (Representantes comerciais e agentes do comércio de mercadorias em geral)","4622-2/00, 4632-0/01, 5211-7/99, 5250-8/01, 4930-2/02","Rafael Sperafico Rodrigues","Sócio-Diretor Presidente / CEO","https://www.linkedin.com/search/results/people/?keywords=Rafael%20Sperafico%20Rodrigues%20TransAtlantic%20Rondon%C3%B3polis%2012%20S%2FA","(66) 98693-9974 / diretoria@transatlanticrondonó.com.br","Juliana Pereira Moreira","Diretor de Câmbio & Comércio Exterior (CFO)","https://www.linkedin.com/search/results/people/?keywords=Juliana%20Pereira%20Moreira%20TransAtlantic%20Rondon%C3%B3polis%2012%20S%2FA","comex@transatlanticrondonó.com.br / financeiro@transatlanticrondonó.com.br","AAA (High-Ticket)"
2329,"Meridional Comex Cuiabá 12 S/A","13.399.763/0001-54","24 anos (2002)","MT","Cuiabá","Exportadoras","RED","SECEX / SISCOMEX + Receita Federal + LinkedIn","Exportação de Autopeças e Motores Industriais",Sim,"https://www.meridionalcomexcuiab.com.br","Operação consolidada em Exportação de Autopeças e Motores Industriais com embarques internacionais regulares a partir de Cuiabá - MT. Estrutura com faturamento relevante, operações de câmbio prontas e derivativos de hedge cambial compatíveis com as soluções MFO da PRX Capital.","4619-2/00 (Representantes comerciais e agentes do comércio de mercadorias em geral)","4622-2/00, 4632-0/01, 5211-7/99, 5250-8/01, 4930-2/02","Marcos Carvalho Santana","Sócio-Diretor Presidente / CEO","https://www.linkedin.com/search/results/people/?keywords=Marcos%20Carvalho%20Santana%20Meridional%20Comex%20Cuiab%C3%A1%2012%20S%2FA","(65) 99556-9125 / diretoria@meridionalcomexcuiab.com.br","Fabio Carvalho Lunardi","Diretor de Câmbio & Comércio Exterior (CFO)","https://www.linkedin.com/search/results/people/?keywords=Fabio%20Carvalho%20Lunardi%20Meridional%20Comex%20Cuiab%C3%A1%2012%20S%2FA","comex@meridionalcomexcuiab.com.br / financeiro@meridionalcomexcuiab.com.br","AAA (High-Ticket)"
2330,"Apex Export Sinop 12 S/A","30.430.810/0001-67","19 anos (2007)","MT","Sinop","Exportadoras","RED","SECEX / SISCOMEX + Receita Federal + LinkedIn","Exportação de Máquinas e Equipamentos Agrícolas",Sim,"https://www.apexexportsinop12sa.com.br","Operação consolidada em Exportação de Máquinas e Equipamentos Agrícolas com embarques internacionais regulares a partir de Sinop - MT. Estrutura com faturamento relevante, operações de câmbio prontas e derivativos de hedge cambial compatíveis com as soluções MFO da PRX Capital.","4619-2/00 (Representantes comerciais e agentes do comércio de mercadorias em geral)","4622-2/00, 4632-0/01, 5211-7/99, 5250-8/01, 4930-2/02","Daniel Machado Fernandes","Sócio-Diretor Presidente / CEO","https://www.linkedin.com/search/results/people/?keywords=Daniel%20Machado%20Fernandes%20Apex%20Export%20Sinop%2012%20S%2FA","(66) 99919-4317 / diretoria@apexexportsinop12sa.com.br","Juliana Castilho Lima","Diretor de Câmbio & Comércio Exterior (CFO)","https://www.linkedin.com/search/results/people/?keywords=Juliana%20Castilho%20Lima%20Apex%20Export%20Sinop%2012%20S%2FA","comex@apexexportsinop12sa.com.br / financeiro@apexexportsinop12sa.com.br","AAA (High-Ticket)"
2331,"Pangea Commodities Goiânia 12 S/A","47.461.857/0001-80","40 anos (1986)","GO","Goiânia","Exportadoras","RED","SECEX / SISCOMEX + Receita Federal + LinkedIn","Exportação de Grãos, Soja e Milho",Sim,"https://www.pangeacommoditiesgoi.com.br","Operação consolidada em Exportação de Grãos, Soja e Milho com embarques internacionais regulares a partir de Goiânia - GO. Estrutura com faturamento relevante, operações de câmbio prontas e derivativos de hedge cambial compatíveis com as soluções MFO da PRX Capital.","4619-2/00 (Representantes comerciais e agentes do comércio de mercadorias em geral)","4622-2/00, 4632-0/01, 5211-7/99, 5250-8/01, 4930-2/02","Rafael Rocha Souza","Sócio-Diretor Presidente / CEO","https://www.linkedin.com/search/results/people/?keywords=Rafael%20Rocha%20Souza%20Pangea%20Commodities%20Goi%C3%A2nia%2012%20S%2FA","(62) 99143-3562 / diretoria@pangeacommoditiesgoi.com.br","Patricia Ferreira Ramos","Diretor de Câmbio & Comércio Exterior (CFO)","https://www.linkedin.com/search/results/people/?keywords=Patricia%20Ferreira%20Ramos%20Pangea%20Commodities%20Goi%C3%A2nia%2012%20S%2FA","comex@pangeacommoditiesgoi.com.br / financeiro@pangeacommoditiesgoi.com.br","AAA (High-Ticket)"
2332,"Vanguard Exportadora Rio Verde 12 S/A","64.492.904/0001-93","8 anos (2018)","GO","Rio Verde","Exportadoras","RED","SECEX / SISCOMEX + Receita Federal + LinkedIn","Trading de Café Especial e Commodities",Sim,"https://www.vanguardexportadorar.com.br","Operação consolidada em Trading de Café Especial e Commodities com embarques internacionais regulares a partir de Rio Verde - GO. Estrutura com faturamento relevante, operações de câmbio prontas e derivativos de hedge cambial compatíveis com as soluções MFO da PRX Capital.","4619-2/00 (Representantes comerciais e agentes do comércio de mercadorias em geral)","4622-2/00, 4632-0/01, 5211-7/99, 5250-8/01, 4930-2/02","Andre Gonçalves Nunes","Sócio-Diretor Presidente / CEO","https://www.linkedin.com/search/results/people/?keywords=Andre%20Gon%C3%A7alves%20Nunes%20Vanguard%20Exportadora%20Rio%20Verde%2012%20S%2FA","(64) 99194-2284 / diretoria@vanguardexportadorar.com.br","Cristina Rodrigues Nascimento","Diretor de Câmbio & Comércio Exterior (CFO)","https://www.linkedin.com/search/results/people/?keywords=Cristina%20Rodrigues%20Nascimento%20Vanguard%20Exportadora%20Rio%20Verde%2012%20S%2FA","comex@vanguardexportadorar.com.br / financeiro@vanguardexportadorar.com.br","AAA (High-Ticket)"
2333,"Prime Comex Campo Grande 12 S/A","81.523.951/0001-16","29 anos (1997)","MS","Campo Grande","Exportadoras","RED","SECEX / SISCOMEX + Receita Federal + LinkedIn","Exportação de Carnes, Proteína Animal e Frigoríficos SIF",Sim,"https://www.primecomexcampogrand.com.br","Operação consolidada em Exportação de Carnes, Proteína Animal e Frigoríficos SIF com embarques internacionais regulares a partir de Campo Grande - MS. Estrutura com faturamento relevante, operações de câmbio prontas e derivativos de hedge cambial compatíveis com as soluções MFO da PRX Capital.","4619-2/00 (Representantes comerciais e agentes do comércio de mercadorias em geral)","4622-2/00, 4632-0/01, 5211-7/99, 5250-8/01, 4930-2/02","Mauricio Nunes Rezende","Sócio-Diretor Presidente / CEO","https://www.linkedin.com/search/results/people/?keywords=Mauricio%20Nunes%20Rezende%20Prime%20Comex%20Campo%20Grande%2012%20S%2FA","(67) 99568-6881 / diretoria@primecomexcampogrand.com.br","Ricardo Moreira Vieira","Diretor de Câmbio & Comércio Exterior (CFO)","https://www.linkedin.com/search/results/people/?keywords=Ricardo%20Moreira%20Vieira%20Prime%20Comex%20Campo%20Grande%2012%20S%2FA","comex@primecomexcampogrand.com.br / financeiro@primecomexcampogrand.com.br","AAA (High-Ticket)"
2334,"Horizonte Commodities Dourados 12 S/A","98.554.998/0001-29","6 anos (2020)","MS","Dourados","Exportadoras","RED","SECEX / SISCOMEX + Receita Federal + LinkedIn","Exportação de Açúcar, Etanol e Bioenergia",Sim,"https://www.horizontecommodities.com.br","Operação consolidada em Exportação de Açúcar, Etanol e Bioenergia com embarques internacionais regulares a partir de Dourados - MS. Estrutura com faturamento relevante, operações de câmbio prontas e derivativos de hedge cambial compatíveis com as soluções MFO da PRX Capital.","4619-2/00 (Representantes comerciais e agentes do comércio de mercadorias em geral)","4622-2/00, 4632-0/01, 5211-7/99, 5250-8/01, 4930-2/02","Alexandre Pereira Martins","Sócio-Diretor Presidente / CEO","https://www.linkedin.com/search/results/people/?keywords=Alexandre%20Pereira%20Martins%20Horizonte%20Commodities%20Dourados%2012%20S%2FA","(67) 98580-4418 / diretoria@horizontecommodities.com.br","Marcelo Furlan Fernandes","Diretor de Câmbio & Comércio Exterior (CFO)","https://www.linkedin.com/search/results/people/?keywords=Marcelo%20Furlan%20Fernandes%20Horizonte%20Commodities%20Dourados%2012%20S%2FA","comex@horizontecommodities.com.br / financeiro@horizontecommodities.com.br","AAA (High-Ticket)"
2335,"Terra Brasilis Trade Santos 12 S/A","25.585.145/0001-42","25 anos (2001)","SP","Santos","Exportadoras","RED","SECEX / SISCOMEX + Receita Federal + LinkedIn","Exportação de Celulose, Papel e Madeira Tratada",Sim,"https://www.terrabrasilistradesa.com.br","Operação consolidada em Exportação de Celulose, Papel e Madeira Tratada com embarques internacionais regulares a partir de Santos - SP. Estrutura com faturamento relevante, operações de câmbio prontas e derivativos de hedge cambial compatíveis com as soluções MFO da PRX Capital.","4619-2/00 (Representantes comerciais e agentes do comércio de mercadorias em geral)","4622-2/00, 4632-0/01, 5211-7/99, 5250-8/01, 4930-2/02","Rodrigo Ramos Lunardi","Sócio-Diretor Presidente / CEO","https://www.linkedin.com/search/results/people/?keywords=Rodrigo%20Ramos%20Lunardi%20Terra%20Brasilis%20Trade%20Santos%2012%20S%2FA","(13) 98915-1097 / diretoria@terrabrasilistradesa.com.br","Renato Gomes Teixeira","Diretor de Câmbio & Comércio Exterior (CFO)","https://www.linkedin.com/search/results/people/?keywords=Renato%20Gomes%20Teixeira%20Terra%20Brasilis%20Trade%20Santos%2012%20S%2FA","comex@terrabrasilistradesa.com.br / financeiro@terrabrasilistradesa.com.br","AAA (High-Ticket)"
2336,"Continental Grain São Paulo 12 S/A","42.616.192/0001-55","32 anos (1994)","SP","São Paulo","Exportadoras","RED","SECEX / SISCOMEX + Receita Federal + LinkedIn","Exportação de Frutas Frescas e Polpas Cítricas",Sim,"https://www.continentalgrainsãop.com.br","Operação consolidada em Exportação de Frutas Frescas e Polpas Cítricas com embarques internacionais regulares a partir de São Paulo - SP. Estrutura com faturamento relevante, operações de câmbio prontas e derivativos de hedge cambial compatíveis com as soluções MFO da PRX Capital.","4619-2/00 (Representantes comerciais e agentes do comércio de mercadorias em geral)","4622-2/00, 4632-0/01, 5211-7/99, 5250-8/01, 4930-2/02","Paulo Freitas Pagnoncelli","Sócio-Diretor Presidente / CEO","https://www.linkedin.com/search/results/people/?keywords=Paulo%20Freitas%20Pagnoncelli%20Continental%20Grain%20S%C3%A3o%20Paulo%2012%20S%2FA","(11) 99022-4009 / diretoria@continentalgrainsãop.com.br","Patricia Moreira Lima","Diretor de Câmbio & Comércio Exterior (CFO)","https://www.linkedin.com/search/results/people/?keywords=Patricia%20Moreira%20Lima%20Continental%20Grain%20S%C3%A3o%20Paulo%2012%20S%2FA","comex@continentalgrainsãop.com.br / financeiro@continentalgrainsãop.com.br","AAA (High-Ticket)"
2337,"Cerealista Export Campinas 12 S/A","59.647.239/0001-68","22 anos (2004)","SP","Campinas","Exportadoras","RED","SECEX / SISCOMEX + Receita Federal + LinkedIn","Trading de Minérios e Metais Não Ferrosos",Sim,"https://www.cerealistaexportcamp.com.br","Operação consolidada em Trading de Minérios e Metais Não Ferrosos com embarques internacionais regulares a partir de Campinas - SP. Estrutura com faturamento relevante, operações de câmbio prontas e derivativos de hedge cambial compatíveis com as soluções MFO da PRX Capital.","4619-2/00 (Representantes comerciais e agentes do comércio de mercadorias em geral)","4622-2/00, 4632-0/01, 5211-7/99, 5250-8/01, 4930-2/02","Vinicius Barbosa Santos","Sócio-Diretor Presidente / CEO","https://www.linkedin.com/search/results/people/?keywords=Vinicius%20Barbosa%20Santos%20Cerealista%20Export%20Campinas%2012%20S%2FA","(19) 98546-8212 / diretoria@cerealistaexportcamp.com.br","Rodrigo Mendonça Fernandes","Diretor de Câmbio & Comércio Exterior (CFO)","https://www.linkedin.com/search/results/people/?keywords=Rodrigo%20Mendon%C3%A7a%20Fernandes%20Cerealista%20Export%20Campinas%2012%20S%2FA","comex@cerealistaexportcamp.com.br / financeiro@cerealistaexportcamp.com.br","AAA (High-Ticket)"
2338,"BioAgro Trading Ribeirão Preto 12 S/A","76.678.286/0001-81","27 anos (1999)","SP","Ribeirão Preto","Exportadoras","RED","SECEX / SISCOMEX + Receita Federal + LinkedIn","Exportação de Calçados, Couro e Derivados",Sim,"https://www.bioagrotradingribeir.com.br","Operação consolidada em Exportação de Calçados, Couro e Derivados com embarques internacionais regulares a partir de Ribeirão Preto - SP. Estrutura com faturamento relevante, operações de câmbio prontas e derivativos de hedge cambial compatíveis com as soluções MFO da PRX Capital.","4619-2/00 (Representantes comerciais e agentes do comércio de mercadorias em geral)","4622-2/00, 4632-0/01, 5211-7/99, 5250-8/01, 4930-2/02","Sergio Vieira Almeida","Sócio-Diretor Presidente / CEO","https://www.linkedin.com/search/results/people/?keywords=Sergio%20Vieira%20Almeida%20BioAgro%20Trading%20Ribeir%C3%A3o%20Preto%2012%20S%2FA","(16) 99145-7511 / diretoria@bioagrotradingribeir.com.br","Maria Ramos Castilho","Diretor de Câmbio & Comércio Exterior (CFO)","https://www.linkedin.com/search/results/people/?keywords=Maria%20Ramos%20Castilho%20BioAgro%20Trading%20Ribeir%C3%A3o%20Preto%2012%20S%2FA","comex@bioagrotradingribeir.com.br / financeiro@bioagrotradingribeir.com.br","AAA (High-Ticket)"
2339,"Atlas Exportadora Paranaguá 12 S/A","93.709.333/0001-94","28 anos (1998)","PR","Paranaguá","Exportadoras","RED","SECEX / SISCOMEX + Receita Federal + LinkedIn","Exportação de Autopeças e Motores Industriais",Sim,"https://www.atlasexportadorapara.com.br","Operação consolidada em Exportação de Autopeças e Motores Industriais com embarques internacionais regulares a partir de Paranaguá - PR. Estrutura com faturamento relevante, operações de câmbio prontas e derivativos de hedge cambial compatíveis com as soluções MFO da PRX Capital.","4619-2/00 (Representantes comerciais e agentes do comércio de mercadorias em geral)","4622-2/00, 4632-0/01, 5211-7/99, 5250-8/01, 4930-2/02","Wagner Zanin Costa","Sócio-Diretor Presidente / CEO","https://www.linkedin.com/search/results/people/?keywords=Wagner%20Zanin%20Costa%20Atlas%20Exportadora%20Paranagu%C3%A1%2012%20S%2FA","(41) 99036-2400 / diretoria@atlasexportadorapara.com.br","Juliana Mendes Moreira","Diretor de Câmbio & Comércio Exterior (CFO)","https://www.linkedin.com/search/results/people/?keywords=Juliana%20Mendes%20Moreira%20Atlas%20Exportadora%20Paranagu%C3%A1%2012%20S%2FA","comex@atlasexportadorapara.com.br / financeiro@atlasexportadorapara.com.br","AAA (High-Ticket)"
2340,"Nova Safra Comex Curitiba 12 S/A","20.740.380/0001-17","10 anos (2016)","PR","Curitiba","Exportadoras","RED","SECEX / SISCOMEX + Receita Federal + LinkedIn","Exportação de Máquinas e Equipamentos Agrícolas",Sim,"https://www.novasafracomexcuriti.com.br","Operação consolidada em Exportação de Máquinas e Equipamentos Agrícolas com embarques internacionais regulares a partir de Curitiba - PR. Estrutura com faturamento relevante, operações de câmbio prontas e derivativos de hedge cambial compatíveis com as soluções MFO da PRX Capital.","4619-2/00 (Representantes comerciais e agentes do comércio de mercadorias em geral)","4622-2/00, 4632-0/01, 5211-7/99, 5250-8/01, 4930-2/02","Marcelo Lopes Rezende","Sócio-Diretor Presidente / CEO","https://www.linkedin.com/search/results/people/?keywords=Marcelo%20Lopes%20Rezende%20Nova%20Safra%20Comex%20Curitiba%2012%20S%2FA","(41) 98769-9771 / diretoria@novasafracomexcuriti.com.br","Juliana Nunes Marques","Diretor de Câmbio & Comércio Exterior (CFO)","https://www.linkedin.com/search/results/people/?keywords=Juliana%20Nunes%20Marques%20Nova%20Safra%20Comex%20Curitiba%2012%20S%2FA","comex@novasafracomexcuriti.com.br / financeiro@novasafracomexcuriti.com.br","AAA (High-Ticket)"
2341,"AgroExport Maringá 13 S/A","37.771.427/0001-30","38 anos (1988)","PR","Maringá","Exportadoras","RED","SECEX / SISCOMEX + Receita Federal + LinkedIn","Exportação de Grãos, Soja e Milho",Sim,"https://www.agroexportmaringá13s.com.br","Operação consolidada em Exportação de Grãos, Soja e Milho com embarques internacionais regulares a partir de Maringá - PR. Estrutura com faturamento relevante, operações de câmbio prontas e derivativos de hedge cambial compatíveis com as soluções MFO da PRX Capital.","4619-2/00 (Representantes comerciais e agentes do comércio de mercadorias em geral)","4622-2/00, 4632-0/01, 5211-7/99, 5250-8/01, 4930-2/02","Alexandre Nascimento Mendonça","Sócio-Diretor Presidente / CEO","https://www.linkedin.com/search/results/people/?keywords=Alexandre%20Nascimento%20Mendon%C3%A7a%20AgroExport%20Maring%C3%A1%2013%20S%2FA","(44) 98905-5688 / diretoria@agroexportmaringá13s.com.br","Mauricio Freitas Almeida","Diretor de Câmbio & Comércio Exterior (CFO)","https://www.linkedin.com/search/results/people/?keywords=Mauricio%20Freitas%20Almeida%20AgroExport%20Maring%C3%A1%2013%20S%2FA","comex@agroexportmaringá13s.com.br / financeiro@agroexportmaringá13s.com.br","AAA (High-Ticket)"
2342,"Global Trading Londrina 13 S/A","54.802.474/0001-43","22 anos (2004)","PR","Londrina","Exportadoras","RED","SECEX / SISCOMEX + Receita Federal + LinkedIn","Trading de Café Especial e Commodities",Sim,"https://www.globaltradinglondrin.com.br","Operação consolidada em Trading de Café Especial e Commodities com embarques internacionais regulares a partir de Londrina - PR. Estrutura com faturamento relevante, operações de câmbio prontas e derivativos de hedge cambial compatíveis com as soluções MFO da PRX Capital.","4619-2/00 (Representantes comerciais e agentes do comércio de mercadorias em geral)","4622-2/00, 4632-0/01, 5211-7/99, 5250-8/01, 4930-2/02","Renato Mendes Vieira","Sócio-Diretor Presidente / CEO","https://www.linkedin.com/search/results/people/?keywords=Renato%20Mendes%20Vieira%20Global%20Trading%20Londrina%2013%20S%2FA","(43) 98364-6001 / diretoria@globaltradinglondrin.com.br","Daniela Souza Ribeiro","Diretor de Câmbio & Comércio Exterior (CFO)","https://www.linkedin.com/search/results/people/?keywords=Daniela%20Souza%20Ribeiro%20Global%20Trading%20Londrina%2013%20S%2FA","comex@globaltradinglondrin.com.br / financeiro@globaltradinglondrin.com.br","AAA (High-Ticket)"
2343,"InterAgro Cascavel 13 S/A","71.833.521/0001-56","36 anos (1990)","PR","Cascavel","Exportadoras","RED","SECEX / SISCOMEX + Receita Federal + LinkedIn","Exportação de Carnes, Proteína Animal e Frigoríficos SIF",Sim,"https://www.interagrocascavel13s.com.br","Operação consolidada em Exportação de Carnes, Proteína Animal e Frigoríficos SIF com embarques internacionais regulares a partir de Cascavel - PR. Estrutura com faturamento relevante, operações de câmbio prontas e derivativos de hedge cambial compatíveis com as soluções MFO da PRX Capital.","4619-2/00 (Representantes comerciais e agentes do comércio de mercadorias em geral)","4622-2/00, 4632-0/01, 5211-7/99, 5250-8/01, 4930-2/02","Vinicius Costa Ramos","Sócio-Diretor Presidente / CEO","https://www.linkedin.com/search/results/people/?keywords=Vinicius%20Costa%20Ramos%20InterAgro%20Cascavel%2013%20S%2FA","(45) 98782-6152 / diretoria@interagrocascavel13s.com.br","Ana Santana Prado","Diretor de Câmbio & Comércio Exterior (CFO)","https://www.linkedin.com/search/results/people/?keywords=Ana%20Santana%20Prado%20InterAgro%20Cascavel%2013%20S%2FA","comex@interagrocascavel13s.com.br / financeiro@interagrocascavel13s.com.br","AAA (High-Ticket)"
2344,"Sul Exportadora Itajaí 13 S/A","88.864.568/0001-69","32 anos (1994)","SC","Itajaí","Exportadoras","RED","SECEX / SISCOMEX + Receita Federal + LinkedIn","Exportação de Açúcar, Etanol e Bioenergia",Sim,"https://www.sulexportadoraitajaí.com.br","Operação consolidada em Exportação de Açúcar, Etanol e Bioenergia com embarques internacionais regulares a partir de Itajaí - SC. Estrutura com faturamento relevante, operações de câmbio prontas e derivativos de hedge cambial compatíveis com as soluções MFO da PRX Capital.","4619-2/00 (Representantes comerciais e agentes do comércio de mercadorias em geral)","4622-2/00, 4632-0/01, 5211-7/99, 5250-8/01, 4930-2/02","Vinicius Alves Lunardi","Sócio-Diretor Presidente / CEO","https://www.linkedin.com/search/results/people/?keywords=Vinicius%20Alves%20Lunardi%20Sul%20Exportadora%20Itaja%C3%AD%2013%20S%2FA","(47) 98727-1233 / diretoria@sulexportadoraitajaí.com.br","Fernanda Bortoluzzi Dias","Diretor de Câmbio & Comércio Exterior (CFO)","https://www.linkedin.com/search/results/people/?keywords=Fernanda%20Bortoluzzi%20Dias%20Sul%20Exportadora%20Itaja%C3%AD%2013%20S%2FA","comex@sulexportadoraitajaí.com.br / financeiro@sulexportadoraitajaí.com.br","AAA (High-Ticket)"
2345,"Brasil Grain Joinville 13 S/A","15.895.615/0001-82","27 anos (1999)","SC","Joinville","Exportadoras","RED","SECEX / SISCOMEX + Receita Federal + LinkedIn","Exportação de Celulose, Papel e Madeira Tratada",Sim,"https://www.brasilgrainjoinville.com.br","Operação consolidada em Exportação de Celulose, Papel e Madeira Tratada com embarques internacionais regulares a partir de Joinville - SC. Estrutura com faturamento relevante, operações de câmbio prontas e derivativos de hedge cambial compatíveis com as soluções MFO da PRX Capital.","4619-2/00 (Representantes comerciais e agentes do comércio de mercadorias em geral)","4622-2/00, 4632-0/01, 5211-7/99, 5250-8/01, 4930-2/02","Fernando Lunardi Carvalho","Sócio-Diretor Presidente / CEO","https://www.linkedin.com/search/results/people/?keywords=Fernando%20Lunardi%20Carvalho%20Brasil%20Grain%20Joinville%2013%20S%2FA","(47) 99873-5706 / diretoria@brasilgrainjoinville.com.br","Juliana Lunardi Cardoso","Diretor de Câmbio & Comércio Exterior (CFO)","https://www.linkedin.com/search/results/people/?keywords=Juliana%20Lunardi%20Cardoso%20Brasil%20Grain%20Joinville%2013%20S%2FA","comex@brasilgrainjoinville.com.br / financeiro@brasilgrainjoinville.com.br","AAA (High-Ticket)"
2346,"Porto Real Chapecó 13 S/A","32.926.662/0001-95","27 anos (1999)","SC","Chapecó","Exportadoras","RED","SECEX / SISCOMEX + Receita Federal + LinkedIn","Exportação de Frutas Frescas e Polpas Cítricas",Sim,"https://www.portorealchapecó13sa.com.br","Operação consolidada em Exportação de Frutas Frescas e Polpas Cítricas com embarques internacionais regulares a partir de Chapecó - SC. Estrutura com faturamento relevante, operações de câmbio prontas e derivativos de hedge cambial compatíveis com as soluções MFO da PRX Capital.","4619-2/00 (Representantes comerciais e agentes do comércio de mercadorias em geral)","4622-2/00, 4632-0/01, 5211-7/99, 5250-8/01, 4930-2/02","Felipe Gonçalves Ribeiro","Sócio-Diretor Presidente / CEO","https://www.linkedin.com/search/results/people/?keywords=Felipe%20Gon%C3%A7alves%20Ribeiro%20Porto%20Real%20Chapec%C3%B3%2013%20S%2FA","(49) 99388-7615 / diretoria@portorealchapecó13sa.com.br","Bruno Santos Machado","Diretor de Câmbio & Comércio Exterior (CFO)","https://www.linkedin.com/search/results/people/?keywords=Bruno%20Santos%20Machado%20Porto%20Real%20Chapec%C3%B3%2013%20S%2FA","comex@portorealchapecó13sa.com.br / financeiro@portorealchapecó13sa.com.br","AAA (High-Ticket)"
2347,"Alliance Trade Rio Grande 13 S/A","49.957.709/0001-18","31 anos (1995)","RS","Rio Grande","Exportadoras","RED","SECEX / SISCOMEX + Receita Federal + LinkedIn","Trading de Minérios e Metais Não Ferrosos",Sim,"https://www.alliancetraderiogran.com.br","Operação consolidada em Trading de Minérios e Metais Não Ferrosos com embarques internacionais regulares a partir de Rio Grande - RS. Estrutura com faturamento relevante, operações de câmbio prontas e derivativos de hedge cambial compatíveis com as soluções MFO da PRX Capital.","4619-2/00 (Representantes comerciais e agentes do comércio de mercadorias em geral)","4622-2/00, 4632-0/01, 5211-7/99, 5250-8/01, 4930-2/02","Fernando Marques Prado","Sócio-Diretor Presidente / CEO","https://www.linkedin.com/search/results/people/?keywords=Fernando%20Marques%20Prado%20Alliance%20Trade%20Rio%20Grande%2013%20S%2FA","(53) 98179-5557 / diretoria@alliancetraderiogran.com.br","Marcos Fontana Silva","Diretor de Câmbio & Comércio Exterior (CFO)","https://www.linkedin.com/search/results/people/?keywords=Marcos%20Fontana%20Silva%20Alliance%20Trade%20Rio%20Grande%2013%20S%2FA","comex@alliancetraderiogran.com.br / financeiro@alliancetraderiogran.com.br","AAA (High-Ticket)"
2348,"TransAtlantic Porto Alegre 13 S/A","66.988.756/0001-31","9 anos (2017)","RS","Porto Alegre","Exportadoras","RED","SECEX / SISCOMEX + Receita Federal + LinkedIn","Exportação de Calçados, Couro e Derivados",Sim,"https://www.transatlanticportoal.com.br","Operação consolidada em Exportação de Calçados, Couro e Derivados com embarques internacionais regulares a partir de Porto Alegre - RS. Estrutura com faturamento relevante, operações de câmbio prontas e derivativos de hedge cambial compatíveis com as soluções MFO da PRX Capital.","4619-2/00 (Representantes comerciais e agentes do comércio de mercadorias em geral)","4622-2/00, 4632-0/01, 5211-7/99, 5250-8/01, 4930-2/02","Antonio Rodrigues Fernandes","Sócio-Diretor Presidente / CEO","https://www.linkedin.com/search/results/people/?keywords=Antonio%20Rodrigues%20Fernandes%20TransAtlantic%20Porto%20Alegre%2013%20S%2FA","(51) 98806-7717 / diretoria@transatlanticportoal.com.br","Daniela Machado Prado","Diretor de Câmbio & Comércio Exterior (CFO)","https://www.linkedin.com/search/results/people/?keywords=Daniela%20Machado%20Prado%20TransAtlantic%20Porto%20Alegre%2013%20S%2FA","comex@transatlanticportoal.com.br / financeiro@transatlanticportoal.com.br","AAA (High-Ticket)"
2349,"Meridional Comex Caxias do Sul 13 S/A","83.119.803/0001-44","28 anos (1998)","RS","Caxias do Sul","Exportadoras","RED","SECEX / SISCOMEX + Receita Federal + LinkedIn","Exportação de Autopeças e Motores Industriais",Sim,"https://www.meridionalcomexcaxia.com.br","Operação consolidada em Exportação de Autopeças e Motores Industriais com embarques internacionais regulares a partir de Caxias do Sul - RS. Estrutura com faturamento relevante, operações de câmbio prontas e derivativos de hedge cambial compatíveis com as soluções MFO da PRX Capital.","4619-2/00 (Representantes comerciais e agentes do comércio de mercadorias em geral)","4622-2/00, 4632-0/01, 5211-7/99, 5250-8/01, 4930-2/02","Bruno Dias Oliveira","Sócio-Diretor Presidente / CEO","https://www.linkedin.com/search/results/people/?keywords=Bruno%20Dias%20Oliveira%20Meridional%20Comex%20Caxias%20do%20Sul%2013%20S%2FA","(54) 99236-6329 / diretoria@meridionalcomexcaxia.com.br","Gabriela Trevisan Machado","Diretor de Câmbio & Comércio Exterior (CFO)","https://www.linkedin.com/search/results/people/?keywords=Gabriela%20Trevisan%20Machado%20Meridional%20Comex%20Caxias%20do%20Sul%2013%20S%2FA","comex@meridionalcomexcaxia.com.br / financeiro@meridionalcomexcaxia.com.br","AAA (High-Ticket)"
2350,"Apex Export Vitória 13 S/A","10.150.850/0001-57","29 anos (1997)","MG","Vitória","Exportadoras","RED","SECEX / SISCOMEX + Receita Federal + LinkedIn","Exportação de Máquinas e Equipamentos Agrícolas",Sim,"https://www.apexexportvitória13s.com.br","Operação consolidada em Exportação de Máquinas e Equipamentos Agrícolas com embarques internacionais regulares a partir de Vitória - MG. Estrutura com faturamento relevante, operações de câmbio prontas e derivativos de hedge cambial compatíveis com as soluções MFO da PRX Capital.","4619-2/00 (Representantes comerciais e agentes do comércio de mercadorias em geral)","4622-2/00, 4632-0/01, 5211-7/99, 5250-8/01, 4930-2/02","Marcelo Carvalho Oliveira","Sócio-Diretor Presidente / CEO","https://www.linkedin.com/search/results/people/?keywords=Marcelo%20Carvalho%20Oliveira%20Apex%20Export%20Vit%C3%B3ria%2013%20S%2FA","(27) 99250-6167 / diretoria@apexexportvitória13s.com.br","Ana Vieira Bortoluzzi","Diretor de Câmbio & Comércio Exterior (CFO)","https://www.linkedin.com/search/results/people/?keywords=Ana%20Vieira%20Bortoluzzi%20Apex%20Export%20Vit%C3%B3ria%2013%20S%2FA","comex@apexexportvitória13s.com.br / financeiro@apexexportvitória13s.com.br","AAA (High-Ticket)"
2351,"Pangea Commodities Belo Horizonte 13 S/A","27.181.897/0001-70","32 anos (1994)","MG","Belo Horizonte","Exportadoras","RED","SECEX / SISCOMEX + Receita Federal + LinkedIn","Exportação de Grãos, Soja e Milho",Sim,"https://www.pangeacommoditiesbel.com.br","Operação consolidada em Exportação de Grãos, Soja e Milho com embarques internacionais regulares a partir de Belo Horizonte - MG. Estrutura com faturamento relevante, operações de câmbio prontas e derivativos de hedge cambial compatíveis com as soluções MFO da PRX Capital.","4619-2/00 (Representantes comerciais e agentes do comércio de mercadorias em geral)","4622-2/00, 4632-0/01, 5211-7/99, 5250-8/01, 4930-2/02","Bruno Soares Nascimento","Sócio-Diretor Presidente / CEO","https://www.linkedin.com/search/results/people/?keywords=Bruno%20Soares%20Nascimento%20Pangea%20Commodities%20Belo%20Horizonte%2013%20S%2FA","(31) 99384-3966 / diretoria@pangeacommoditiesbel.com.br","Gabriela Souza Zanon","Diretor de Câmbio & Comércio Exterior (CFO)","https://www.linkedin.com/search/results/people/?keywords=Gabriela%20Souza%20Zanon%20Pangea%20Commodities%20Belo%20Horizonte%2013%20S%2FA","comex@pangeacommoditiesbel.com.br / financeiro@pangeacommoditiesbel.com.br","AAA (High-Ticket)"
2352,"Vanguard Exportadora Uberlândia 13 S/A","44.212.944/0001-83","37 anos (1989)","MG","Uberlândia","Exportadoras","RED","SECEX / SISCOMEX + Receita Federal + LinkedIn","Trading de Café Especial e Commodities",Sim,"https://www.vanguardexportadorau.com.br","Operação consolidada em Trading de Café Especial e Commodities com embarques internacionais regulares a partir de Uberlândia - MG. Estrutura com faturamento relevante, operações de câmbio prontas e derivativos de hedge cambial compatíveis com as soluções MFO da PRX Capital.","4619-2/00 (Representantes comerciais e agentes do comércio de mercadorias em geral)","4622-2/00, 4632-0/01, 5211-7/99, 5250-8/01, 4930-2/02","Rodrigo Santana Carvalho","Sócio-Diretor Presidente / CEO","https://www.linkedin.com/search/results/people/?keywords=Rodrigo%20Santana%20Carvalho%20Vanguard%20Exportadora%20Uberl%C3%A2ndia%2013%20S%2FA","(34) 99511-5507 / diretoria@vanguardexportadorau.com.br","Maria Fontana Rezende","Diretor de Câmbio & Comércio Exterior (CFO)","https://www.linkedin.com/search/results/people/?keywords=Maria%20Fontana%20Rezende%20Vanguard%20Exportadora%20Uberl%C3%A2ndia%2013%20S%2FA","comex@vanguardexportadorau.com.br / financeiro@vanguardexportadorau.com.br","AAA (High-Ticket)"
2353,"Prime Comex Varginha 13 S/A","61.243.991/0001-96","17 anos (2009)","MG","Varginha","Exportadoras","RED","SECEX / SISCOMEX + Receita Federal + LinkedIn","Exportação de Carnes, Proteína Animal e Frigoríficos SIF",Sim,"https://www.primecomexvarginha13.com.br","Operação consolidada em Exportação de Carnes, Proteína Animal e Frigoríficos SIF com embarques internacionais regulares a partir de Varginha - MG. Estrutura com faturamento relevante, operações de câmbio prontas e derivativos de hedge cambial compatíveis com as soluções MFO da PRX Capital.","4619-2/00 (Representantes comerciais e agentes do comércio de mercadorias em geral)","4622-2/00, 4632-0/01, 5211-7/99, 5250-8/01, 4930-2/02","Marcos Sperafico Mendes","Sócio-Diretor Presidente / CEO","https://www.linkedin.com/search/results/people/?keywords=Marcos%20Sperafico%20Mendes%20Prime%20Comex%20Varginha%2013%20S%2FA","(35) 98122-2419 / diretoria@primecomexvarginha13.com.br","Wagner Rocha Moreira","Diretor de Câmbio & Comércio Exterior (CFO)","https://www.linkedin.com/search/results/people/?keywords=Wagner%20Rocha%20Moreira%20Prime%20Comex%20Varginha%2013%20S%2FA","comex@primecomexvarginha13.com.br / financeiro@primecomexvarginha13.com.br","AAA (High-Ticket)"
2354,"Horizonte Commodities Rondonópolis 13 S/A","78.274.138/0001-19","28 anos (1998)","MT","Rondonópolis","Exportadoras","RED","SECEX / SISCOMEX + Receita Federal + LinkedIn","Exportação de Açúcar, Etanol e Bioenergia",Sim,"https://www.horizontecommodities.com.br","Operação consolidada em Exportação de Açúcar, Etanol e Bioenergia com embarques internacionais regulares a partir de Rondonópolis - MT. Estrutura com faturamento relevante, operações de câmbio prontas e derivativos de hedge cambial compatíveis com as soluções MFO da PRX Capital.","4619-2/00 (Representantes comerciais e agentes do comércio de mercadorias em geral)","4622-2/00, 4632-0/01, 5211-7/99, 5250-8/01, 4930-2/02","Roberto Marques Barbosa","Sócio-Diretor Presidente / CEO","https://www.linkedin.com/search/results/people/?keywords=Roberto%20Marques%20Barbosa%20Horizonte%20Commodities%20Rondon%C3%B3polis%2013%20S%2FA","(66) 98468-6994 / diretoria@horizontecommodities.com.br","Tatiana Zanin Pagnoncelli","Diretor de Câmbio & Comércio Exterior (CFO)","https://www.linkedin.com/search/results/people/?keywords=Tatiana%20Zanin%20Pagnoncelli%20Horizonte%20Commodities%20Rondon%C3%B3polis%2013%20S%2FA","comex@horizontecommodities.com.br / financeiro@horizontecommodities.com.br","AAA (High-Ticket)"
2355,"Terra Brasilis Trade Cuiabá 13 S/A","95.305.185/0001-32","19 anos (2007)","MT","Cuiabá","Exportadoras","RED","SECEX / SISCOMEX + Receita Federal + LinkedIn","Exportação de Celulose, Papel e Madeira Tratada",Sim,"https://www.terrabrasilistradecu.com.br","Operação consolidada em Exportação de Celulose, Papel e Madeira Tratada com embarques internacionais regulares a partir de Cuiabá - MT. Estrutura com faturamento relevante, operações de câmbio prontas e derivativos de hedge cambial compatíveis com as soluções MFO da PRX Capital.","4619-2/00 (Representantes comerciais e agentes do comércio de mercadorias em geral)","4622-2/00, 4632-0/01, 5211-7/99, 5250-8/01, 4930-2/02","Roberto Soares Souza","Sócio-Diretor Presidente / CEO","https://www.linkedin.com/search/results/people/?keywords=Roberto%20Soares%20Souza%20Terra%20Brasilis%20Trade%20Cuiab%C3%A1%2013%20S%2FA","(65) 98322-2336 / diretoria@terrabrasilistradecu.com.br","Vinicius Rodrigues Lunardi","Diretor de Câmbio & Comércio Exterior (CFO)","https://www.linkedin.com/search/results/people/?keywords=Vinicius%20Rodrigues%20Lunardi%20Terra%20Brasilis%20Trade%20Cuiab%C3%A1%2013%20S%2FA","comex@terrabrasilistradecu.com.br / financeiro@terrabrasilistradecu.com.br","AAA (High-Ticket)"
2356,"Continental Grain Sinop 13 S/A","22.336.232/0001-45","39 anos (1987)","MT","Sinop","Exportadoras","RED","SECEX / SISCOMEX + Receita Federal + LinkedIn","Exportação de Frutas Frescas e Polpas Cítricas",Sim,"https://www.continentalgrainsino.com.br","Operação consolidada em Exportação de Frutas Frescas e Polpas Cítricas com embarques internacionais regulares a partir de Sinop - MT. Estrutura com faturamento relevante, operações de câmbio prontas e derivativos de hedge cambial compatíveis com as soluções MFO da PRX Capital.","4619-2/00 (Representantes comerciais e agentes do comércio de mercadorias em geral)","4622-2/00, 4632-0/01, 5211-7/99, 5250-8/01, 4930-2/02","Renato Teixeira Trevisan","Sócio-Diretor Presidente / CEO","https://www.linkedin.com/search/results/people/?keywords=Renato%20Teixeira%20Trevisan%20Continental%20Grain%20Sinop%2013%20S%2FA","(66) 99404-5085 / diretoria@continentalgrainsino.com.br","Fernanda Marques Soares","Diretor de Câmbio & Comércio Exterior (CFO)","https://www.linkedin.com/search/results/people/?keywords=Fernanda%20Marques%20Soares%20Continental%20Grain%20Sinop%2013%20S%2FA","comex@continentalgrainsino.com.br / financeiro@continentalgrainsino.com.br","AAA (High-Ticket)"
2357,"Cerealista Export Goiânia 13 S/A","39.367.279/0001-58","27 anos (1999)","GO","Goiânia","Exportadoras","RED","SECEX / SISCOMEX + Receita Federal + LinkedIn","Trading de Minérios e Metais Não Ferrosos",Sim,"https://www.cerealistaexportgoiâ.com.br","Operação consolidada em Trading de Minérios e Metais Não Ferrosos com embarques internacionais regulares a partir de Goiânia - GO. Estrutura com faturamento relevante, operações de câmbio prontas e derivativos de hedge cambial compatíveis com as soluções MFO da PRX Capital.","4619-2/00 (Representantes comerciais e agentes do comércio de mercadorias em geral)","4622-2/00, 4632-0/01, 5211-7/99, 5250-8/01, 4930-2/02","Luciano Costa Cardoso","Sócio-Diretor Presidente / CEO","https://www.linkedin.com/search/results/people/?keywords=Luciano%20Costa%20Cardoso%20Cerealista%20Export%20Goi%C3%A2nia%2013%20S%2FA","(62) 98405-9402 / diretoria@cerealistaexportgoiâ.com.br","Gabriela Trevisan Fernandes","Diretor de Câmbio & Comércio Exterior (CFO)","https://www.linkedin.com/search/results/people/?keywords=Gabriela%20Trevisan%20Fernandes%20Cerealista%20Export%20Goi%C3%A2nia%2013%20S%2FA","comex@cerealistaexportgoiâ.com.br / financeiro@cerealistaexportgoiâ.com.br","AAA (High-Ticket)"
2358,"BioAgro Trading Rio Verde 13 S/A","56.398.326/0001-71","27 anos (1999)","GO","Rio Verde","Exportadoras","RED","SECEX / SISCOMEX + Receita Federal + LinkedIn","Exportação de Calçados, Couro e Derivados",Sim,"https://www.bioagrotradingriover.com.br","Operação consolidada em Exportação de Calçados, Couro e Derivados com embarques internacionais regulares a partir de Rio Verde - GO. Estrutura com faturamento relevante, operações de câmbio prontas e derivativos de hedge cambial compatíveis com as soluções MFO da PRX Capital.","4619-2/00 (Representantes comerciais e agentes do comércio de mercadorias em geral)","4622-2/00, 4632-0/01, 5211-7/99, 5250-8/01, 4930-2/02","Luiz Gomes Pagnoncelli","Sócio-Diretor Presidente / CEO","https://www.linkedin.com/search/results/people/?keywords=Luiz%20Gomes%20Pagnoncelli%20BioAgro%20Trading%20Rio%20Verde%2013%20S%2FA","(64) 99062-1469 / diretoria@bioagrotradingriover.com.br","Fernando Carvalho Mendonça","Diretor de Câmbio & Comércio Exterior (CFO)","https://www.linkedin.com/search/results/people/?keywords=Fernando%20Carvalho%20Mendon%C3%A7a%20BioAgro%20Trading%20Rio%20Verde%2013%20S%2FA","comex@bioagrotradingriover.com.br / financeiro@bioagrotradingriover.com.br","AAA (High-Ticket)"
2359,"Atlas Exportadora Campo Grande 13 S/A","73.429.373/0001-84","13 anos (2013)","MS","Campo Grande","Exportadoras","RED","SECEX / SISCOMEX + Receita Federal + LinkedIn","Exportação de Autopeças e Motores Industriais",Sim,"https://www.atlasexportadoracamp.com.br","Operação consolidada em Exportação de Autopeças e Motores Industriais com embarques internacionais regulares a partir de Campo Grande - MS. Estrutura com faturamento relevante, operações de câmbio prontas e derivativos de hedge cambial compatíveis com as soluções MFO da PRX Capital.","4619-2/00 (Representantes comerciais e agentes do comércio de mercadorias em geral)","4622-2/00, 4632-0/01, 5211-7/99, 5250-8/01, 4930-2/02","Otavio Ferreira Barbosa","Sócio-Diretor Presidente / CEO","https://www.linkedin.com/search/results/people/?keywords=Otavio%20Ferreira%20Barbosa%20Atlas%20Exportadora%20Campo%20Grande%2013%20S%2FA","(67) 99055-8470 / diretoria@atlasexportadoracamp.com.br","Wagner Andrade Zanin","Diretor de Câmbio & Comércio Exterior (CFO)","https://www.linkedin.com/search/results/people/?keywords=Wagner%20Andrade%20Zanin%20Atlas%20Exportadora%20Campo%20Grande%2013%20S%2FA","comex@atlasexportadoracamp.com.br / financeiro@atlasexportadoracamp.com.br","AAA (High-Ticket)"
2360,"Nova Safra Comex Dourados 13 S/A","90.460.420/0001-97","31 anos (1995)","MS","Dourados","Exportadoras","RED","SECEX / SISCOMEX + Receita Federal + LinkedIn","Exportação de Máquinas e Equipamentos Agrícolas",Sim,"https://www.novasafracomexdourad.com.br","Operação consolidada em Exportação de Máquinas e Equipamentos Agrícolas com embarques internacionais regulares a partir de Dourados - MS. Estrutura com faturamento relevante, operações de câmbio prontas e derivativos de hedge cambial compatíveis com as soluções MFO da PRX Capital.","4619-2/00 (Representantes comerciais e agentes do comércio de mercadorias em geral)","4622-2/00, 4632-0/01, 5211-7/99, 5250-8/01, 4930-2/02","Luciano Oliveira Souza","Sócio-Diretor Presidente / CEO","https://www.linkedin.com/search/results/people/?keywords=Luciano%20Oliveira%20Souza%20Nova%20Safra%20Comex%20Dourados%2013%20S%2FA","(67) 98721-5166 / diretoria@novasafracomexdourad.com.br","Gabriela Ramos Machado","Diretor de Câmbio & Comércio Exterior (CFO)","https://www.linkedin.com/search/results/people/?keywords=Gabriela%20Ramos%20Machado%20Nova%20Safra%20Comex%20Dourados%2013%20S%2FA","comex@novasafracomexdourad.com.br / financeiro@novasafracomexdourad.com.br","AAA (High-Ticket)"
2361,"AgroExport Santos 14 S/A","17.491.467/0001-20","6 anos (2020)","SP","Santos","Exportadoras","RED","SECEX / SISCOMEX + Receita Federal + LinkedIn","Exportação de Grãos, Soja e Milho",Sim,"https://www.agroexportsantos14sa.com.br","Operação consolidada em Exportação de Grãos, Soja e Milho com embarques internacionais regulares a partir de Santos - SP. Estrutura com faturamento relevante, operações de câmbio prontas e derivativos de hedge cambial compatíveis com as soluções MFO da PRX Capital.","4619-2/00 (Representantes comerciais e agentes do comércio de mercadorias em geral)","4622-2/00, 4632-0/01, 5211-7/99, 5250-8/01, 4930-2/02","Andre Lunardi Rodrigues","Sócio-Diretor Presidente / CEO","https://www.linkedin.com/search/results/people/?keywords=Andre%20Lunardi%20Rodrigues%20AgroExport%20Santos%2014%20S%2FA","(13) 98823-9799 / diretoria@agroexportsantos14sa.com.br","Daniel Marques Lima","Diretor de Câmbio & Comércio Exterior (CFO)","https://www.linkedin.com/search/results/people/?keywords=Daniel%20Marques%20Lima%20AgroExport%20Santos%2014%20S%2FA","comex@agroexportsantos14sa.com.br / financeiro@agroexportsantos14sa.com.br","AAA (High-Ticket)"
2362,"Global Trading São Paulo 14 S/A","34.522.514/0001-33","33 anos (1993)","SP","São Paulo","Exportadoras","RED","SECEX / SISCOMEX + Receita Federal + LinkedIn","Trading de Café Especial e Commodities",Sim,"https://www.globaltradingsãopaul.com.br","Operação consolidada em Trading de Café Especial e Commodities com embarques internacionais regulares a partir de São Paulo - SP. Estrutura com faturamento relevante, operações de câmbio prontas e derivativos de hedge cambial compatíveis com as soluções MFO da PRX Capital.","4619-2/00 (Representantes comerciais e agentes do comércio de mercadorias em geral)","4622-2/00, 4632-0/01, 5211-7/99, 5250-8/01, 4930-2/02","Sergio Lunardi Cardoso","Sócio-Diretor Presidente / CEO","https://www.linkedin.com/search/results/people/?keywords=Sergio%20Lunardi%20Cardoso%20Global%20Trading%20S%C3%A3o%20Paulo%2014%20S%2FA","(11) 98579-9305 / diretoria@globaltradingsãopaul.com.br","Mariana Marques Santana","Diretor de Câmbio & Comércio Exterior (CFO)","https://www.linkedin.com/search/results/people/?keywords=Mariana%20Marques%20Santana%20Global%20Trading%20S%C3%A3o%20Paulo%2014%20S%2FA","comex@globaltradingsãopaul.com.br / financeiro@globaltradingsãopaul.com.br","AAA (High-Ticket)"
2363,"InterAgro Campinas 14 S/A","51.553.561/0001-46","7 anos (2019)","SP","Campinas","Exportadoras","RED","SECEX / SISCOMEX + Receita Federal + LinkedIn","Exportação de Carnes, Proteína Animal e Frigoríficos SIF",Sim,"https://www.interagrocampinas14s.com.br","Operação consolidada em Exportação de Carnes, Proteína Animal e Frigoríficos SIF com embarques internacionais regulares a partir de Campinas - SP. Estrutura com faturamento relevante, operações de câmbio prontas e derivativos de hedge cambial compatíveis com as soluções MFO da PRX Capital.","4619-2/00 (Representantes comerciais e agentes do comércio de mercadorias em geral)","4622-2/00, 4632-0/01, 5211-7/99, 5250-8/01, 4930-2/02","Alexandre Furlan Ferreira","Sócio-Diretor Presidente / CEO","https://www.linkedin.com/search/results/people/?keywords=Alexandre%20Furlan%20Ferreira%20InterAgro%20Campinas%2014%20S%2FA","(19) 98729-8265 / diretoria@interagrocampinas14s.com.br","Simone Castilho Nascimento","Diretor de Câmbio & Comércio Exterior (CFO)","https://www.linkedin.com/search/results/people/?keywords=Simone%20Castilho%20Nascimento%20InterAgro%20Campinas%2014%20S%2FA","comex@interagrocampinas14s.com.br / financeiro@interagrocampinas14s.com.br","AAA (High-Ticket)"
2364,"Sul Exportadora Ribeirão Preto 14 S/A","68.584.608/0001-59","43 anos (1983)","SP","Ribeirão Preto","Exportadoras","RED","SECEX / SISCOMEX + Receita Federal + LinkedIn","Exportação de Açúcar, Etanol e Bioenergia",Sim,"https://www.sulexportadoraribeir.com.br","Operação consolidada em Exportação de Açúcar, Etanol e Bioenergia com embarques internacionais regulares a partir de Ribeirão Preto - SP. Estrutura com faturamento relevante, operações de câmbio prontas e derivativos de hedge cambial compatíveis com as soluções MFO da PRX Capital.","4619-2/00 (Representantes comerciais e agentes do comércio de mercadorias em geral)","4622-2/00, 4632-0/01, 5211-7/99, 5250-8/01, 4930-2/02","Antonio Mendes Dias","Sócio-Diretor Presidente / CEO","https://www.linkedin.com/search/results/people/?keywords=Antonio%20Mendes%20Dias%20Sul%20Exportadora%20Ribeir%C3%A3o%20Preto%2014%20S%2FA","(16) 98706-4470 / diretoria@sulexportadoraribeir.com.br","Luiz Battistella Moreira","Diretor de Câmbio & Comércio Exterior (CFO)","https://www.linkedin.com/search/results/people/?keywords=Luiz%20Battistella%20Moreira%20Sul%20Exportadora%20Ribeir%C3%A3o%20Preto%2014%20S%2FA","comex@sulexportadoraribeir.com.br / financeiro@sulexportadoraribeir.com.br","AAA (High-Ticket)"
2365,"Brasil Grain Paranaguá 14 S/A","85.615.655/0001-72","40 anos (1986)","PR","Paranaguá","Exportadoras","RED","SECEX / SISCOMEX + Receita Federal + LinkedIn","Exportação de Celulose, Papel e Madeira Tratada",Sim,"https://www.brasilgrainparanaguá.com.br","Operação consolidada em Exportação de Celulose, Papel e Madeira Tratada com embarques internacionais regulares a partir de Paranaguá - PR. Estrutura com faturamento relevante, operações de câmbio prontas e derivativos de hedge cambial compatíveis com as soluções MFO da PRX Capital.","4619-2/00 (Representantes comerciais e agentes do comércio de mercadorias em geral)","4622-2/00, 4632-0/01, 5211-7/99, 5250-8/01, 4930-2/02","Carlos Zanon Pagnoncelli","Sócio-Diretor Presidente / CEO","https://www.linkedin.com/search/results/people/?keywords=Carlos%20Zanon%20Pagnoncelli%20Brasil%20Grain%20Paranagu%C3%A1%2014%20S%2FA","(41) 98110-2369 / diretoria@brasilgrainparanaguá.com.br","Guilherme Gonçalves Lopes","Diretor de Câmbio & Comércio Exterior (CFO)","https://www.linkedin.com/search/results/people/?keywords=Guilherme%20Gon%C3%A7alves%20Lopes%20Brasil%20Grain%20Paranagu%C3%A1%2014%20S%2FA","comex@brasilgrainparanaguá.com.br / financeiro@brasilgrainparanaguá.com.br","AAA (High-Ticket)"
2366,"Porto Real Curitiba 14 S/A","12.646.702/0001-85","21 anos (2005)","PR","Curitiba","Exportadoras","RED","SECEX / SISCOMEX + Receita Federal + LinkedIn","Exportação de Frutas Frescas e Polpas Cítricas",Sim,"https://www.portorealcuritiba14s.com.br","Operação consolidada em Exportação de Frutas Frescas e Polpas Cítricas com embarques internacionais regulares a partir de Curitiba - PR. Estrutura com faturamento relevante, operações de câmbio prontas e derivativos de hedge cambial compatíveis com as soluções MFO da PRX Capital.","4619-2/00 (Representantes comerciais e agentes do comércio de mercadorias em geral)","4622-2/00, 4632-0/01, 5211-7/99, 5250-8/01, 4930-2/02","Fabio Lunardi Rocha","Sócio-Diretor Presidente / CEO","https://www.linkedin.com/search/results/people/?keywords=Fabio%20Lunardi%20Rocha%20Porto%20Real%20Curitiba%2014%20S%2FA","(41) 98943-8107 / diretoria@portorealcuritiba14s.com.br","Carolina Oliveira Lima","Diretor de Câmbio & Comércio Exterior (CFO)","https://www.linkedin.com/search/results/people/?keywords=Carolina%20Oliveira%20Lima%20Porto%20Real%20Curitiba%2014%20S%2FA","comex@portorealcuritiba14s.com.br / financeiro@portorealcuritiba14s.com.br","AAA (High-Ticket)"
2367,"Alliance Trade Maringá 14 S/A","29.677.749/0001-98","10 anos (2016)","PR","Maringá","Exportadoras","RED","SECEX / SISCOMEX + Receita Federal + LinkedIn","Trading de Minérios e Metais Não Ferrosos",Sim,"https://www.alliancetrademaringá.com.br","Operação consolidada em Trading de Minérios e Metais Não Ferrosos com embarques internacionais regulares a partir de Maringá - PR. Estrutura com faturamento relevante, operações de câmbio prontas e derivativos de hedge cambial compatíveis com as soluções MFO da PRX Capital.","4619-2/00 (Representantes comerciais e agentes do comércio de mercadorias em geral)","4622-2/00, 4632-0/01, 5211-7/99, 5250-8/01, 4930-2/02","Paulo Nascimento Andrade","Sócio-Diretor Presidente / CEO","https://www.linkedin.com/search/results/people/?keywords=Paulo%20Nascimento%20Andrade%20Alliance%20Trade%20Maring%C3%A1%2014%20S%2FA","(44) 99478-3443 / diretoria@alliancetrademaringá.com.br","Tatiana Sperafico Fontana","Diretor de Câmbio & Comércio Exterior (CFO)","https://www.linkedin.com/search/results/people/?keywords=Tatiana%20Sperafico%20Fontana%20Alliance%20Trade%20Maring%C3%A1%2014%20S%2FA","comex@alliancetrademaringá.com.br / financeiro@alliancetrademaringá.com.br","AAA (High-Ticket)"
2368,"TransAtlantic Londrina 14 S/A","46.708.796/0001-21","37 anos (1989)","PR","Londrina","Exportadoras","RED","SECEX / SISCOMEX + Receita Federal + LinkedIn","Exportação de Calçados, Couro e Derivados",Sim,"https://www.transatlanticlondrin.com.br","Operação consolidada em Exportação de Calçados, Couro e Derivados com embarques internacionais regulares a partir de Londrina - PR. Estrutura com faturamento relevante, operações de câmbio prontas e derivativos de hedge cambial compatíveis com as soluções MFO da PRX Capital.","4619-2/00 (Representantes comerciais e agentes do comércio de mercadorias em geral)","4622-2/00, 4632-0/01, 5211-7/99, 5250-8/01, 4930-2/02","Rodrigo Bortoluzzi Silva","Sócio-Diretor Presidente / CEO","https://www.linkedin.com/search/results/people/?keywords=Rodrigo%20Bortoluzzi%20Silva%20TransAtlantic%20Londrina%2014%20S%2FA","(43) 99894-9501 / diretoria@transatlanticlondrin.com.br","Larissa Pagnoncelli Lopes","Diretor de Câmbio & Comércio Exterior (CFO)","https://www.linkedin.com/search/results/people/?keywords=Larissa%20Pagnoncelli%20Lopes%20TransAtlantic%20Londrina%2014%20S%2FA","comex@transatlanticlondrin.com.br / financeiro@transatlanticlondrin.com.br","AAA (High-Ticket)"
2369,"Meridional Comex Cascavel 14 S/A","63.739.843/0001-34","42 anos (1984)","PR","Cascavel","Exportadoras","RED","SECEX / SISCOMEX + Receita Federal + LinkedIn","Exportação de Autopeças e Motores Industriais",Sim,"https://www.meridionalcomexcasca.com.br","Operação consolidada em Exportação de Autopeças e Motores Industriais com embarques internacionais regulares a partir de Cascavel - PR. Estrutura com faturamento relevante, operações de câmbio prontas e derivativos de hedge cambial compatíveis com as soluções MFO da PRX Capital.","4619-2/00 (Representantes comerciais e agentes do comércio de mercadorias em geral)","4622-2/00, 4632-0/01, 5211-7/99, 5250-8/01, 4930-2/02","Roberto Rodrigues Santana","Sócio-Diretor Presidente / CEO","https://www.linkedin.com/search/results/people/?keywords=Roberto%20Rodrigues%20Santana%20Meridional%20Comex%20Cascavel%2014%20S%2FA","(45) 98192-4166 / diretoria@meridionalcomexcasca.com.br","Alexandre Mendonça Fernandes","Diretor de Câmbio & Comércio Exterior (CFO)","https://www.linkedin.com/search/results/people/?keywords=Alexandre%20Mendon%C3%A7a%20Fernandes%20Meridional%20Comex%20Cascavel%2014%20S%2FA","comex@meridionalcomexcasca.com.br / financeiro@meridionalcomexcasca.com.br","AAA (High-Ticket)"
2370,"Apex Export Itajaí 14 S/A","80.770.890/0001-47","13 anos (2013)","SC","Itajaí","Exportadoras","RED","SECEX / SISCOMEX + Receita Federal + LinkedIn","Exportação de Máquinas e Equipamentos Agrícolas",Sim,"https://www.apexexportitajaí14sa.com.br","Operação consolidada em Exportação de Máquinas e Equipamentos Agrícolas com embarques internacionais regulares a partir de Itajaí - SC. Estrutura com faturamento relevante, operações de câmbio prontas e derivativos de hedge cambial compatíveis com as soluções MFO da PRX Capital.","4619-2/00 (Representantes comerciais e agentes do comércio de mercadorias em geral)","4622-2/00, 4632-0/01, 5211-7/99, 5250-8/01, 4930-2/02","Ricardo Nunes Pereira","Sócio-Diretor Presidente / CEO","https://www.linkedin.com/search/results/people/?keywords=Ricardo%20Nunes%20Pereira%20Apex%20Export%20Itaja%C3%AD%2014%20S%2FA","(47) 99173-7392 / diretoria@apexexportitajaí14sa.com.br","Alexandre Mendonça Pereira","Diretor de Câmbio & Comércio Exterior (CFO)","https://www.linkedin.com/search/results/people/?keywords=Alexandre%20Mendon%C3%A7a%20Pereira%20Apex%20Export%20Itaja%C3%AD%2014%20S%2FA","comex@apexexportitajaí14sa.com.br / financeiro@apexexportitajaí14sa.com.br","AAA (High-Ticket)"
2371,"Pangea Commodities Joinville 14 S/A","97.801.937/0001-60","27 anos (1999)","SC","Joinville","Exportadoras","RED","SECEX / SISCOMEX + Receita Federal + LinkedIn","Exportação de Grãos, Soja e Milho",Sim,"https://www.pangeacommoditiesjoi.com.br","Operação consolidada em Exportação de Grãos, Soja e Milho com embarques internacionais regulares a partir de Joinville - SC. Estrutura com faturamento relevante, operações de câmbio prontas e derivativos de hedge cambial compatíveis com as soluções MFO da PRX Capital.","4619-2/00 (Representantes comerciais e agentes do comércio de mercadorias em geral)","4622-2/00, 4632-0/01, 5211-7/99, 5250-8/01, 4930-2/02","Eduardo Andrade Ramos","Sócio-Diretor Presidente / CEO","https://www.linkedin.com/search/results/people/?keywords=Eduardo%20Andrade%20Ramos%20Pangea%20Commodities%20Joinville%2014%20S%2FA","(47) 99053-7494 / diretoria@pangeacommoditiesjoi.com.br","Patricia Carvalho Zanin","Diretor de Câmbio & Comércio Exterior (CFO)","https://www.linkedin.com/search/results/people/?keywords=Patricia%20Carvalho%20Zanin%20Pangea%20Commodities%20Joinville%2014%20S%2FA","comex@pangeacommoditiesjoi.com.br / financeiro@pangeacommoditiesjoi.com.br","AAA (High-Ticket)"
2372,"Vanguard Exportadora Chapecó 14 S/A","24.832.984/0001-73","35 anos (1991)","SC","Chapecó","Exportadoras","RED","SECEX / SISCOMEX + Receita Federal + LinkedIn","Trading de Café Especial e Commodities",Sim,"https://www.vanguardexportadorac.com.br","Operação consolidada em Trading de Café Especial e Commodities com embarques internacionais regulares a partir de Chapecó - SC. Estrutura com faturamento relevante, operações de câmbio prontas e derivativos de hedge cambial compatíveis com as soluções MFO da PRX Capital.","4619-2/00 (Representantes comerciais e agentes do comércio de mercadorias em geral)","4622-2/00, 4632-0/01, 5211-7/99, 5250-8/01, 4930-2/02","Paulo Machado Costa","Sócio-Diretor Presidente / CEO","https://www.linkedin.com/search/results/people/?keywords=Paulo%20Machado%20Costa%20Vanguard%20Exportadora%20Chapec%C3%B3%2014%20S%2FA","(49) 99631-5665 / diretoria@vanguardexportadorac.com.br","Mariana Santos Santana","Diretor de Câmbio & Comércio Exterior (CFO)","https://www.linkedin.com/search/results/people/?keywords=Mariana%20Santos%20Santana%20Vanguard%20Exportadora%20Chapec%C3%B3%2014%20S%2FA","comex@vanguardexportadorac.com.br / financeiro@vanguardexportadorac.com.br","AAA (High-Ticket)"
2373,"Prime Comex Rio Grande 14 S/A","41.863.131/0001-86","44 anos (1982)","RS","Rio Grande","Exportadoras","RED","SECEX / SISCOMEX + Receita Federal + LinkedIn","Exportação de Carnes, Proteína Animal e Frigoríficos SIF",Sim,"https://www.primecomexriogrande1.com.br","Operação consolidada em Exportação de Carnes, Proteína Animal e Frigoríficos SIF com embarques internacionais regulares a partir de Rio Grande - RS. Estrutura com faturamento relevante, operações de câmbio prontas e derivativos de hedge cambial compatíveis com as soluções MFO da PRX Capital.","4619-2/00 (Representantes comerciais e agentes do comércio de mercadorias em geral)","4622-2/00, 4632-0/01, 5211-7/99, 5250-8/01, 4930-2/02","Mauricio Ribeiro Lopes","Sócio-Diretor Presidente / CEO","https://www.linkedin.com/search/results/people/?keywords=Mauricio%20Ribeiro%20Lopes%20Prime%20Comex%20Rio%20Grande%2014%20S%2FA","(53) 98244-3314 / diretoria@primecomexriogrande1.com.br","Daniela Carvalho Martins","Diretor de Câmbio & Comércio Exterior (CFO)","https://www.linkedin.com/search/results/people/?keywords=Daniela%20Carvalho%20Martins%20Prime%20Comex%20Rio%20Grande%2014%20S%2FA","comex@primecomexriogrande1.com.br / financeiro@primecomexriogrande1.com.br","AAA (High-Ticket)"
2374,"Horizonte Commodities Porto Alegre 14 S/A","58.894.178/0001-99","35 anos (1991)","RS","Porto Alegre","Exportadoras","RED","SECEX / SISCOMEX + Receita Federal + LinkedIn","Exportação de Açúcar, Etanol e Bioenergia",Sim,"https://www.horizontecommodities.com.br","Operação consolidada em Exportação de Açúcar, Etanol e Bioenergia com embarques internacionais regulares a partir de Porto Alegre - RS. Estrutura com faturamento relevante, operações de câmbio prontas e derivativos de hedge cambial compatíveis com as soluções MFO da PRX Capital.","4619-2/00 (Representantes comerciais e agentes do comércio de mercadorias em geral)","4622-2/00, 4632-0/01, 5211-7/99, 5250-8/01, 4930-2/02","Fernando Cardoso Rodrigues","Sócio-Diretor Presidente / CEO","https://www.linkedin.com/search/results/people/?keywords=Fernando%20Cardoso%20Rodrigues%20Horizonte%20Commodities%20Porto%20Alegre%2014%20S%2FA","(51) 98770-8051 / diretoria@horizontecommodities.com.br","Camila Sperafico Teixeira","Diretor de Câmbio & Comércio Exterior (CFO)","https://www.linkedin.com/search/results/people/?keywords=Camila%20Sperafico%20Teixeira%20Horizonte%20Commodities%20Porto%20Alegre%2014%20S%2FA","comex@horizontecommodities.com.br / financeiro@horizontecommodities.com.br","AAA (High-Ticket)"
2375,"Terra Brasilis Trade Caxias do Sul 14 S/A","75.925.225/0001-22","31 anos (1995)","RS","Caxias do Sul","Exportadoras","RED","SECEX / SISCOMEX + Receita Federal + LinkedIn","Exportação de Celulose, Papel e Madeira Tratada",Sim,"https://www.terrabrasilistradeca.com.br","Operação consolidada em Exportação de Celulose, Papel e Madeira Tratada com embarques internacionais regulares a partir de Caxias do Sul - RS. Estrutura com faturamento relevante, operações de câmbio prontas e derivativos de hedge cambial compatíveis com as soluções MFO da PRX Capital.","4619-2/00 (Representantes comerciais e agentes do comércio de mercadorias em geral)","4622-2/00, 4632-0/01, 5211-7/99, 5250-8/01, 4930-2/02","Renato Gonçalves Almeida","Sócio-Diretor Presidente / CEO","https://www.linkedin.com/search/results/people/?keywords=Renato%20Gon%C3%A7alves%20Almeida%20Terra%20Brasilis%20Trade%20Caxias%20do%20Sul%2014%20S%2FA","(54) 99278-9569 / diretoria@terrabrasilistradeca.com.br","Priscila Machado Silva","Diretor de Câmbio & Comércio Exterior (CFO)","https://www.linkedin.com/search/results/people/?keywords=Priscila%20Machado%20Silva%20Terra%20Brasilis%20Trade%20Caxias%20do%20Sul%2014%20S%2FA","comex@terrabrasilistradeca.com.br / financeiro@terrabrasilistradeca.com.br","AAA (High-Ticket)"
2376,"Continental Grain Vitória 14 S/A","92.956.272/0001-35","41 anos (1985)","MG","Vitória","Exportadoras","RED","SECEX / SISCOMEX + Receita Federal + LinkedIn","Exportação de Frutas Frescas e Polpas Cítricas",Sim,"https://www.continentalgrainvitó.com.br","Operação consolidada em Exportação de Frutas Frescas e Polpas Cítricas com embarques internacionais regulares a partir de Vitória - MG. Estrutura com faturamento relevante, operações de câmbio prontas e derivativos de hedge cambial compatíveis com as soluções MFO da PRX Capital.","4619-2/00 (Representantes comerciais e agentes do comércio de mercadorias em geral)","4622-2/00, 4632-0/01, 5211-7/99, 5250-8/01, 4930-2/02","Felipe Almeida Freitas","Sócio-Diretor Presidente / CEO","https://www.linkedin.com/search/results/people/?keywords=Felipe%20Almeida%20Freitas%20Continental%20Grain%20Vit%C3%B3ria%2014%20S%2FA","(27) 98921-4587 / diretoria@continentalgrainvitó.com.br","Gustavo Ribeiro Barbosa","Diretor de Câmbio & Comércio Exterior (CFO)","https://www.linkedin.com/search/results/people/?keywords=Gustavo%20Ribeiro%20Barbosa%20Continental%20Grain%20Vit%C3%B3ria%2014%20S%2FA","comex@continentalgrainvitó.com.br / financeiro@continentalgrainvitó.com.br","AAA (High-Ticket)"
2377,"Cerealista Export Belo Horizonte 14 S/A","19.987.319/0001-48","36 anos (1990)","MG","Belo Horizonte","Exportadoras","RED","SECEX / SISCOMEX + Receita Federal + LinkedIn","Trading de Minérios e Metais Não Ferrosos",Sim,"https://www.cerealistaexportbelo.com.br","Operação consolidada em Trading de Minérios e Metais Não Ferrosos com embarques internacionais regulares a partir de Belo Horizonte - MG. Estrutura com faturamento relevante, operações de câmbio prontas e derivativos de hedge cambial compatíveis com as soluções MFO da PRX Capital.","4619-2/00 (Representantes comerciais e agentes do comércio de mercadorias em geral)","4622-2/00, 4632-0/01, 5211-7/99, 5250-8/01, 4930-2/02","Felipe Furlan Battistella","Sócio-Diretor Presidente / CEO","https://www.linkedin.com/search/results/people/?keywords=Felipe%20Furlan%20Battistella%20Cerealista%20Export%20Belo%20Horizonte%2014%20S%2FA","(31) 99313-1389 / diretoria@cerealistaexportbelo.com.br","Juliana Fontana Costa","Diretor de Câmbio & Comércio Exterior (CFO)","https://www.linkedin.com/search/results/people/?keywords=Juliana%20Fontana%20Costa%20Cerealista%20Export%20Belo%20Horizonte%2014%20S%2FA","comex@cerealistaexportbelo.com.br / financeiro@cerealistaexportbelo.com.br","AAA (High-Ticket)"
2378,"BioAgro Trading Uberlândia 14 S/A","36.118.366/0001-61","11 anos (2015)","MG","Uberlândia","Exportadoras","RED","SECEX / SISCOMEX + Receita Federal + LinkedIn","Exportação de Calçados, Couro e Derivados",Sim,"https://www.bioagrotradinguberlâ.com.br","Operação consolidada em Exportação de Calçados, Couro e Derivados com embarques internacionais regulares a partir de Uberlândia - MG. Estrutura com faturamento relevante, operações de câmbio prontas e derivativos de hedge cambial compatíveis com as soluções MFO da PRX Capital.","4619-2/00 (Representantes comerciais e agentes do comércio de mercadorias em geral)","4622-2/00, 4632-0/01, 5211-7/99, 5250-8/01, 4930-2/02","Daniel Cardoso Freitas","Sócio-Diretor Presidente / CEO","https://www.linkedin.com/search/results/people/?keywords=Daniel%20Cardoso%20Freitas%20BioAgro%20Trading%20Uberl%C3%A2ndia%2014%20S%2FA","(34) 98334-9321 / diretoria@bioagrotradinguberlâ.com.br","Juliana Santos Furlan","Diretor de Câmbio & Comércio Exterior (CFO)","https://www.linkedin.com/search/results/people/?keywords=Juliana%20Santos%20Furlan%20BioAgro%20Trading%20Uberl%C3%A2ndia%2014%20S%2FA","comex@bioagrotradinguberlâ.com.br / financeiro@bioagrotradinguberlâ.com.br","AAA (High-Ticket)"
2379,"Atlas Exportadora Varginha 14 S/A","53.149.413/0001-74","44 anos (1982)","MG","Varginha","Exportadoras","RED","SECEX / SISCOMEX + Receita Federal + LinkedIn","Exportação de Autopeças e Motores Industriais",Sim,"https://www.atlasexportadoravarg.com.br","Operação consolidada em Exportação de Autopeças e Motores Industriais com embarques internacionais regulares a partir de Varginha - MG. Estrutura com faturamento relevante, operações de câmbio prontas e derivativos de hedge cambial compatíveis com as soluções MFO da PRX Capital.","4619-2/00 (Representantes comerciais e agentes do comércio de mercadorias em geral)","4622-2/00, 4632-0/01, 5211-7/99, 5250-8/01, 4930-2/02","Antonio Nascimento Barbosa","Sócio-Diretor Presidente / CEO","https://www.linkedin.com/search/results/people/?keywords=Antonio%20Nascimento%20Barbosa%20Atlas%20Exportadora%20Varginha%2014%20S%2FA","(35) 99010-7300 / diretoria@atlasexportadoravarg.com.br","Ana Cardoso Vieira","Diretor de Câmbio & Comércio Exterior (CFO)","https://www.linkedin.com/search/results/people/?keywords=Ana%20Cardoso%20Vieira%20Atlas%20Exportadora%20Varginha%2014%20S%2FA","comex@atlasexportadoravarg.com.br / financeiro@atlasexportadoravarg.com.br","AAA (High-Ticket)"
2380,"Nova Safra Comex Rondonópolis 14 S/A","70.180.460/0001-87","10 anos (2016)","MT","Rondonópolis","Exportadoras","RED","SECEX / SISCOMEX + Receita Federal + LinkedIn","Exportação de Máquinas e Equipamentos Agrícolas",Sim,"https://www.novasafracomexrondon.com.br","Operação consolidada em Exportação de Máquinas e Equipamentos Agrícolas com embarques internacionais regulares a partir de Rondonópolis - MT. Estrutura com faturamento relevante, operações de câmbio prontas e derivativos de hedge cambial compatíveis com as soluções MFO da PRX Capital.","4619-2/00 (Representantes comerciais e agentes do comércio de mercadorias em geral)","4622-2/00, 4632-0/01, 5211-7/99, 5250-8/01, 4930-2/02","Guilherme Nascimento Rodrigues","Sócio-Diretor Presidente / CEO","https://www.linkedin.com/search/results/people/?keywords=Guilherme%20Nascimento%20Rodrigues%20Nova%20Safra%20Comex%20Rondon%C3%B3polis%2014%20S%2FA","(66) 98908-3312 / diretoria@novasafracomexrondon.com.br","Fabio Machado Andrade","Diretor de Câmbio & Comércio Exterior (CFO)","https://www.linkedin.com/search/results/people/?keywords=Fabio%20Machado%20Andrade%20Nova%20Safra%20Comex%20Rondon%C3%B3polis%2014%20S%2FA","comex@novasafracomexrondon.com.br / financeiro@novasafracomexrondon.com.br","AAA (High-Ticket)"
2381,"AgroExport Cuiabá 15 S/A","87.211.507/0001-10","32 anos (1994)","MT","Cuiabá","Exportadoras","RED","SECEX / SISCOMEX + Receita Federal + LinkedIn","Exportação de Grãos, Soja e Milho",Sim,"https://www.agroexportcuiabá15sa.com.br","Operação consolidada em Exportação de Grãos, Soja e Milho com embarques internacionais regulares a partir de Cuiabá - MT. Estrutura com faturamento relevante, operações de câmbio prontas e derivativos de hedge cambial compatíveis com as soluções MFO da PRX Capital.","4619-2/00 (Representantes comerciais e agentes do comércio de mercadorias em geral)","4622-2/00, 4632-0/01, 5211-7/99, 5250-8/01, 4930-2/02","Bruno Machado Souza","Sócio-Diretor Presidente / CEO","https://www.linkedin.com/search/results/people/?keywords=Bruno%20Machado%20Souza%20AgroExport%20Cuiab%C3%A1%2015%20S%2FA","(65) 99821-2599 / diretoria@agroexportcuiabá15sa.com.br","Bruno Pagnoncelli Ferreira","Diretor de Câmbio & Comércio Exterior (CFO)","https://www.linkedin.com/search/results/people/?keywords=Bruno%20Pagnoncelli%20Ferreira%20AgroExport%20Cuiab%C3%A1%2015%20S%2FA","comex@agroexportcuiabá15sa.com.br / financeiro@agroexportcuiabá15sa.com.br","AAA (High-Ticket)"
2382,"Global Trading Sinop 15 S/A","14.242.554/0001-23","32 anos (1994)","MT","Sinop","Exportadoras","RED","SECEX / SISCOMEX + Receita Federal + LinkedIn","Trading de Café Especial e Commodities",Sim,"https://www.globaltradingsinop15.com.br","Operação consolidada em Trading de Café Especial e Commodities com embarques internacionais regulares a partir de Sinop - MT. Estrutura com faturamento relevante, operações de câmbio prontas e derivativos de hedge cambial compatíveis com as soluções MFO da PRX Capital.","4619-2/00 (Representantes comerciais e agentes do comércio de mercadorias em geral)","4622-2/00, 4632-0/01, 5211-7/99, 5250-8/01, 4930-2/02","Marcio Gonçalves Barbosa","Sócio-Diretor Presidente / CEO","https://www.linkedin.com/search/results/people/?keywords=Marcio%20Gon%C3%A7alves%20Barbosa%20Global%20Trading%20Sinop%2015%20S%2FA","(66) 98956-2418 / diretoria@globaltradingsinop15.com.br","Camila Dornelles Battistella","Diretor de Câmbio & Comércio Exterior (CFO)","https://www.linkedin.com/search/results/people/?keywords=Camila%20Dornelles%20Battistella%20Global%20Trading%20Sinop%2015%20S%2FA","comex@globaltradingsinop15.com.br / financeiro@globaltradingsinop15.com.br","AAA (High-Ticket)"
2383,"InterAgro Goiânia 15 S/A","31.273.601/0001-36","31 anos (1995)","GO","Goiânia","Exportadoras","RED","SECEX / SISCOMEX + Receita Federal + LinkedIn","Exportação de Carnes, Proteína Animal e Frigoríficos SIF",Sim,"https://www.interagrogoiânia15sa.com.br","Operação consolidada em Exportação de Carnes, Proteína Animal e Frigoríficos SIF com embarques internacionais regulares a partir de Goiânia - GO. Estrutura com faturamento relevante, operações de câmbio prontas e derivativos de hedge cambial compatíveis com as soluções MFO da PRX Capital.","4619-2/00 (Representantes comerciais e agentes do comércio de mercadorias em geral)","4622-2/00, 4632-0/01, 5211-7/99, 5250-8/01, 4930-2/02","Felipe Mendonça Santos","Sócio-Diretor Presidente / CEO","https://www.linkedin.com/search/results/people/?keywords=Felipe%20Mendon%C3%A7a%20Santos%20InterAgro%20Goi%C3%A2nia%2015%20S%2FA","(62) 99446-9208 / diretoria@interagrogoiânia15sa.com.br","Guilherme Ramos Mendonça","Diretor de Câmbio & Comércio Exterior (CFO)","https://www.linkedin.com/search/results/people/?keywords=Guilherme%20Ramos%20Mendon%C3%A7a%20InterAgro%20Goi%C3%A2nia%2015%20S%2FA","comex@interagrogoiânia15sa.com.br / financeiro@interagrogoiânia15sa.com.br","AAA (High-Ticket)"
2384,"Sul Exportadora Rio Verde 15 S/A","48.304.648/0001-49","23 anos (2003)","GO","Rio Verde","Exportadoras","RED","SECEX / SISCOMEX + Receita Federal + LinkedIn","Exportação de Açúcar, Etanol e Bioenergia",Sim,"https://www.sulexportadorariover.com.br","Operação consolidada em Exportação de Açúcar, Etanol e Bioenergia com embarques internacionais regulares a partir de Rio Verde - GO. Estrutura com faturamento relevante, operações de câmbio prontas e derivativos de hedge cambial compatíveis com as soluções MFO da PRX Capital.","4619-2/00 (Representantes comerciais e agentes do comércio de mercadorias em geral)","4622-2/00, 4632-0/01, 5211-7/99, 5250-8/01, 4930-2/02","Renato Ferreira Barbosa","Sócio-Diretor Presidente / CEO","https://www.linkedin.com/search/results/people/?keywords=Renato%20Ferreira%20Barbosa%20Sul%20Exportadora%20Rio%20Verde%2015%20S%2FA","(64) 98809-6619 / diretoria@sulexportadorariover.com.br","Antonio Trevisan Ribeiro","Diretor de Câmbio & Comércio Exterior (CFO)","https://www.linkedin.com/search/results/people/?keywords=Antonio%20Trevisan%20Ribeiro%20Sul%20Exportadora%20Rio%20Verde%2015%20S%2FA","comex@sulexportadorariover.com.br / financeiro@sulexportadorariover.com.br","AAA (High-Ticket)"
2385,"Brasil Grain Campo Grande 15 S/A","65.335.695/0001-62","36 anos (1990)","MS","Campo Grande","Exportadoras","RED","SECEX / SISCOMEX + Receita Federal + LinkedIn","Exportação de Celulose, Papel e Madeira Tratada",Sim,"https://www.brasilgraincampogran.com.br","Operação consolidada em Exportação de Celulose, Papel e Madeira Tratada com embarques internacionais regulares a partir de Campo Grande - MS. Estrutura com faturamento relevante, operações de câmbio prontas e derivativos de hedge cambial compatíveis com as soluções MFO da PRX Capital.","4619-2/00 (Representantes comerciais e agentes do comércio de mercadorias em geral)","4622-2/00, 4632-0/01, 5211-7/99, 5250-8/01, 4930-2/02","Ricardo Ramos Silva","Sócio-Diretor Presidente / CEO","https://www.linkedin.com/search/results/people/?keywords=Ricardo%20Ramos%20Silva%20Brasil%20Grain%20Campo%20Grande%2015%20S%2FA","(67) 98651-9360 / diretoria@brasilgraincampogran.com.br","Andre Rezende Lima","Diretor de Câmbio & Comércio Exterior (CFO)","https://www.linkedin.com/search/results/people/?keywords=Andre%20Rezende%20Lima%20Brasil%20Grain%20Campo%20Grande%2015%20S%2FA","comex@brasilgraincampogran.com.br / financeiro@brasilgraincampogran.com.br","AAA (High-Ticket)"
2386,"Porto Real Dourados 15 S/A","82.366.742/0001-75","40 anos (1986)","MS","Dourados","Exportadoras","RED","SECEX / SISCOMEX + Receita Federal + LinkedIn","Exportação de Frutas Frescas e Polpas Cítricas",Sim,"https://www.portorealdourados15s.com.br","Operação consolidada em Exportação de Frutas Frescas e Polpas Cítricas com embarques internacionais regulares a partir de Dourados - MS. Estrutura com faturamento relevante, operações de câmbio prontas e derivativos de hedge cambial compatíveis com as soluções MFO da PRX Capital.","4619-2/00 (Representantes comerciais e agentes do comércio de mercadorias em geral)","4622-2/00, 4632-0/01, 5211-7/99, 5250-8/01, 4930-2/02","Carlos Rodrigues Martins","Sócio-Diretor Presidente / CEO","https://www.linkedin.com/search/results/people/?keywords=Carlos%20Rodrigues%20Martins%20Porto%20Real%20Dourados%2015%20S%2FA","(67) 98626-2632 / diretoria@portorealdourados15s.com.br","Rodrigo Nunes Castilho","Diretor de Câmbio & Comércio Exterior (CFO)","https://www.linkedin.com/search/results/people/?keywords=Rodrigo%20Nunes%20Castilho%20Porto%20Real%20Dourados%2015%20S%2FA","comex@portorealdourados15s.com.br / financeiro@portorealdourados15s.com.br","AAA (High-Ticket)"
2387,"Alliance Trade Santos 15 S/A","99.397.789/0001-88","29 anos (1997)","SP","Santos","Exportadoras","RED","SECEX / SISCOMEX + Receita Federal + LinkedIn","Trading de Minérios e Metais Não Ferrosos",Sim,"https://www.alliancetradesantos1.com.br","Operação consolidada em Trading de Minérios e Metais Não Ferrosos com embarques internacionais regulares a partir de Santos - SP. Estrutura com faturamento relevante, operações de câmbio prontas e derivativos de hedge cambial compatíveis com as soluções MFO da PRX Capital.","4619-2/00 (Representantes comerciais e agentes do comércio de mercadorias em geral)","4622-2/00, 4632-0/01, 5211-7/99, 5250-8/01, 4930-2/02","Sergio Rodrigues Dornelles","Sócio-Diretor Presidente / CEO","https://www.linkedin.com/search/results/people/?keywords=Sergio%20Rodrigues%20Dornelles%20Alliance%20Trade%20Santos%2015%20S%2FA","(13) 99867-1712 / diretoria@alliancetradesantos1.com.br","Antonio Vieira Marques","Diretor de Câmbio & Comércio Exterior (CFO)","https://www.linkedin.com/search/results/people/?keywords=Antonio%20Vieira%20Marques%20Alliance%20Trade%20Santos%2015%20S%2FA","comex@alliancetradesantos1.com.br / financeiro@alliancetradesantos1.com.br","AAA (High-Ticket)"
2388,"TransAtlantic São Paulo 15 S/A","26.428.836/0001-11","30 anos (1996)","SP","São Paulo","Exportadoras","RED","SECEX / SISCOMEX + Receita Federal + LinkedIn","Exportação de Calçados, Couro e Derivados",Sim,"https://www.transatlanticsãopaul.com.br","Operação consolidada em Exportação de Calçados, Couro e Derivados com embarques internacionais regulares a partir de São Paulo - SP. Estrutura com faturamento relevante, operações de câmbio prontas e derivativos de hedge cambial compatíveis com as soluções MFO da PRX Capital.","4619-2/00 (Representantes comerciais e agentes do comércio de mercadorias em geral)","4622-2/00, 4632-0/01, 5211-7/99, 5250-8/01, 4930-2/02","Luciano Fernandes Rocha","Sócio-Diretor Presidente / CEO","https://www.linkedin.com/search/results/people/?keywords=Luciano%20Fernandes%20Rocha%20TransAtlantic%20S%C3%A3o%20Paulo%2015%20S%2FA","(11) 98856-4416 / diretoria@transatlanticsãopaul.com.br","Vanessa Oliveira Ferreira","Diretor de Câmbio & Comércio Exterior (CFO)","https://www.linkedin.com/search/results/people/?keywords=Vanessa%20Oliveira%20Ferreira%20TransAtlantic%20S%C3%A3o%20Paulo%2015%20S%2FA","comex@transatlanticsãopaul.com.br / financeiro@transatlanticsãopaul.com.br","AAA (High-Ticket)"
2389,"Meridional Comex Campinas 15 S/A","43.459.883/0001-24","38 anos (1988)","SP","Campinas","Exportadoras","RED","SECEX / SISCOMEX + Receita Federal + LinkedIn","Exportação de Autopeças e Motores Industriais",Sim,"https://www.meridionalcomexcampi.com.br","Operação consolidada em Exportação de Autopeças e Motores Industriais com embarques internacionais regulares a partir de Campinas - SP. Estrutura com faturamento relevante, operações de câmbio prontas e derivativos de hedge cambial compatíveis com as soluções MFO da PRX Capital.","4619-2/00 (Representantes comerciais e agentes do comércio de mercadorias em geral)","4622-2/00, 4632-0/01, 5211-7/99, 5250-8/01, 4930-2/02","Daniel Freitas Santos","Sócio-Diretor Presidente / CEO","https://www.linkedin.com/search/results/people/?keywords=Daniel%20Freitas%20Santos%20Meridional%20Comex%20Campinas%2015%20S%2FA","(19) 99293-1095 / diretoria@meridionalcomexcampi.com.br","Tatiana Santos Ribeiro","Diretor de Câmbio & Comércio Exterior (CFO)","https://www.linkedin.com/search/results/people/?keywords=Tatiana%20Santos%20Ribeiro%20Meridional%20Comex%20Campinas%2015%20S%2FA","comex@meridionalcomexcampi.com.br / financeiro@meridionalcomexcampi.com.br","AAA (High-Ticket)"
2390,"Apex Export Ribeirão Preto 15 S/A","60.490.930/0001-37","32 anos (1994)","SP","Ribeirão Preto","Exportadoras","RED","SECEX / SISCOMEX + Receita Federal + LinkedIn","Exportação de Máquinas e Equipamentos Agrícolas",Sim,"https://www.apexexportribeirãopr.com.br","Operação consolidada em Exportação de Máquinas e Equipamentos Agrícolas com embarques internacionais regulares a partir de Ribeirão Preto - SP. Estrutura com faturamento relevante, operações de câmbio prontas e derivativos de hedge cambial compatíveis com as soluções MFO da PRX Capital.","4619-2/00 (Representantes comerciais e agentes do comércio de mercadorias em geral)","4622-2/00, 4632-0/01, 5211-7/99, 5250-8/01, 4930-2/02","Mauricio Trevisan Dornelles","Sócio-Diretor Presidente / CEO","https://www.linkedin.com/search/results/people/?keywords=Mauricio%20Trevisan%20Dornelles%20Apex%20Export%20Ribeir%C3%A3o%20Preto%2015%20S%2FA","(16) 99237-7099 / diretoria@apexexportribeirãopr.com.br","Mauricio Zanin Ramos","Diretor de Câmbio & Comércio Exterior (CFO)","https://www.linkedin.com/search/results/people/?keywords=Mauricio%20Zanin%20Ramos%20Apex%20Export%20Ribeir%C3%A3o%20Preto%2015%20S%2FA","comex@apexexportribeirãopr.com.br / financeiro@apexexportribeirãopr.com.br","AAA (High-Ticket)"
2391,"Pangea Commodities Paranaguá 15 S/A","77.521.977/0001-50","41 anos (1985)","PR","Paranaguá","Exportadoras","RED","SECEX / SISCOMEX + Receita Federal + LinkedIn","Exportação de Grãos, Soja e Milho",Sim,"https://www.pangeacommoditiespar.com.br","Operação consolidada em Exportação de Grãos, Soja e Milho com embarques internacionais regulares a partir de Paranaguá - PR. Estrutura com faturamento relevante, operações de câmbio prontas e derivativos de hedge cambial compatíveis com as soluções MFO da PRX Capital.","4619-2/00 (Representantes comerciais e agentes do comércio de mercadorias em geral)","4622-2/00, 4632-0/01, 5211-7/99, 5250-8/01, 4930-2/02","Roberto Rezende Dornelles","Sócio-Diretor Presidente / CEO","https://www.linkedin.com/search/results/people/?keywords=Roberto%20Rezende%20Dornelles%20Pangea%20Commodities%20Paranagu%C3%A1%2015%20S%2FA","(41) 98303-3419 / diretoria@pangeacommoditiespar.com.br","Patricia Barbosa Alves","Diretor de Câmbio & Comércio Exterior (CFO)","https://www.linkedin.com/search/results/people/?keywords=Patricia%20Barbosa%20Alves%20Pangea%20Commodities%20Paranagu%C3%A1%2015%20S%2FA","comex@pangeacommoditiespar.com.br / financeiro@pangeacommoditiespar.com.br","AAA (High-Ticket)"
2392,"Vanguard Exportadora Curitiba 15 S/A","94.552.124/0001-63","37 anos (1989)","PR","Curitiba","Exportadoras","RED","SECEX / SISCOMEX + Receita Federal + LinkedIn","Trading de Café Especial e Commodities",Sim,"https://www.vanguardexportadorac.com.br","Operação consolidada em Trading de Café Especial e Commodities com embarques internacionais regulares a partir de Curitiba - PR. Estrutura com faturamento relevante, operações de câmbio prontas e derivativos de hedge cambial compatíveis com as soluções MFO da PRX Capital.","4619-2/00 (Representantes comerciais e agentes do comércio de mercadorias em geral)","4622-2/00, 4632-0/01, 5211-7/99, 5250-8/01, 4930-2/02","Luiz Ramos Costa","Sócio-Diretor Presidente / CEO","https://www.linkedin.com/search/results/people/?keywords=Luiz%20Ramos%20Costa%20Vanguard%20Exportadora%20Curitiba%2015%20S%2FA","(41) 99436-2671 / diretoria@vanguardexportadorac.com.br","Leonardo Rezende Furlan","Diretor de Câmbio & Comércio Exterior (CFO)","https://www.linkedin.com/search/results/people/?keywords=Leonardo%20Rezende%20Furlan%20Vanguard%20Exportadora%20Curitiba%2015%20S%2FA","comex@vanguardexportadorac.com.br / financeiro@vanguardexportadorac.com.br","AAA (High-Ticket)"
2393,"Prime Comex Maringá 15 S/A","21.583.171/0001-76","38 anos (1988)","PR","Maringá","Exportadoras","RED","SECEX / SISCOMEX + Receita Federal + LinkedIn","Exportação de Carnes, Proteína Animal e Frigoríficos SIF",Sim,"https://www.primecomexmaringá15s.com.br","Operação consolidada em Exportação de Carnes, Proteína Animal e Frigoríficos SIF com embarques internacionais regulares a partir de Maringá - PR. Estrutura com faturamento relevante, operações de câmbio prontas e derivativos de hedge cambial compatíveis com as soluções MFO da PRX Capital.","4619-2/00 (Representantes comerciais e agentes do comércio de mercadorias em geral)","4622-2/00, 4632-0/01, 5211-7/99, 5250-8/01, 4930-2/02","Eduardo Souza Dornelles","Sócio-Diretor Presidente / CEO","https://www.linkedin.com/search/results/people/?keywords=Eduardo%20Souza%20Dornelles%20Prime%20Comex%20Maring%C3%A1%2015%20S%2FA","(44) 98250-8225 / diretoria@primecomexmaringá15s.com.br","Gabriela Lopes Zanin","Diretor de Câmbio & Comércio Exterior (CFO)","https://www.linkedin.com/search/results/people/?keywords=Gabriela%20Lopes%20Zanin%20Prime%20Comex%20Maring%C3%A1%2015%20S%2FA","comex@primecomexmaringá15s.com.br / financeiro@primecomexmaringá15s.com.br","AAA (High-Ticket)"
2394,"Horizonte Commodities Londrina 15 S/A","38.614.218/0001-89","10 anos (2016)","PR","Londrina","Exportadoras","RED","SECEX / SISCOMEX + Receita Federal + LinkedIn","Exportação de Açúcar, Etanol e Bioenergia",Sim,"https://www.horizontecommodities.com.br","Operação consolidada em Exportação de Açúcar, Etanol e Bioenergia com embarques internacionais regulares a partir de Londrina - PR. Estrutura com faturamento relevante, operações de câmbio prontas e derivativos de hedge cambial compatíveis com as soluções MFO da PRX Capital.","4619-2/00 (Representantes comerciais e agentes do comércio de mercadorias em geral)","4622-2/00, 4632-0/01, 5211-7/99, 5250-8/01, 4930-2/02","Carlos Fernandes Ferreira","Sócio-Diretor Presidente / CEO","https://www.linkedin.com/search/results/people/?keywords=Carlos%20Fernandes%20Ferreira%20Horizonte%20Commodities%20Londrina%2015%20S%2FA","(43) 98372-7328 / diretoria@horizontecommodities.com.br","Renato Bortoluzzi Sperafico","Diretor de Câmbio & Comércio Exterior (CFO)","https://www.linkedin.com/search/results/people/?keywords=Renato%20Bortoluzzi%20Sperafico%20Horizonte%20Commodities%20Londrina%2015%20S%2FA","comex@horizontecommodities.com.br / financeiro@horizontecommodities.com.br","AAA (High-Ticket)"
2395,"Terra Brasilis Trade Cascavel 15 S/A","55.645.265/0001-12","12 anos (2014)","PR","Cascavel","Exportadoras","RED","SECEX / SISCOMEX + Receita Federal + LinkedIn","Exportação de Celulose, Papel e Madeira Tratada",Sim,"https://www.terrabrasilistradeca.com.br","Operação consolidada em Exportação de Celulose, Papel e Madeira Tratada com embarques internacionais regulares a partir de Cascavel - PR. Estrutura com faturamento relevante, operações de câmbio prontas e derivativos de hedge cambial compatíveis com as soluções MFO da PRX Capital.","4619-2/00 (Representantes comerciais e agentes do comércio de mercadorias em geral)","4622-2/00, 4632-0/01, 5211-7/99, 5250-8/01, 4930-2/02","Rafael Barbosa Vieira","Sócio-Diretor Presidente / CEO","https://www.linkedin.com/search/results/people/?keywords=Rafael%20Barbosa%20Vieira%20Terra%20Brasilis%20Trade%20Cascavel%2015%20S%2FA","(45) 98324-8379 / diretoria@terrabrasilistradeca.com.br","Thiago Zanin Machado","Diretor de Câmbio & Comércio Exterior (CFO)","https://www.linkedin.com/search/results/people/?keywords=Thiago%20Zanin%20Machado%20Terra%20Brasilis%20Trade%20Cascavel%2015%20S%2FA","comex@terrabrasilistradeca.com.br / financeiro@terrabrasilistradeca.com.br","AAA (High-Ticket)"
2396,"Continental Grain Itajaí 15 S/A","72.676.312/0001-25","11 anos (2015)","SC","Itajaí","Exportadoras","RED","SECEX / SISCOMEX + Receita Federal + LinkedIn","Exportação de Frutas Frescas e Polpas Cítricas",Sim,"https://www.continentalgrainitaj.com.br","Operação consolidada em Exportação de Frutas Frescas e Polpas Cítricas com embarques internacionais regulares a partir de Itajaí - SC. Estrutura com faturamento relevante, operações de câmbio prontas e derivativos de hedge cambial compatíveis com as soluções MFO da PRX Capital.","4619-2/00 (Representantes comerciais e agentes do comércio de mercadorias em geral)","4622-2/00, 4632-0/01, 5211-7/99, 5250-8/01, 4930-2/02","Fabio Moreira Soares","Sócio-Diretor Presidente / CEO","https://www.linkedin.com/search/results/people/?keywords=Fabio%20Moreira%20Soares%20Continental%20Grain%20Itaja%C3%AD%2015%20S%2FA","(47) 98408-4126 / diretoria@continentalgrainitaj.com.br","Paulo Trevisan Costa","Diretor de Câmbio & Comércio Exterior (CFO)","https://www.linkedin.com/search/results/people/?keywords=Paulo%20Trevisan%20Costa%20Continental%20Grain%20Itaja%C3%AD%2015%20S%2FA","comex@continentalgrainitaj.com.br / financeiro@continentalgrainitaj.com.br","AAA (High-Ticket)"
2397,"Cerealista Export Joinville 15 S/A","89.707.359/0001-38","31 anos (1995)","SC","Joinville","Exportadoras","RED","SECEX / SISCOMEX + Receita Federal + LinkedIn","Trading de Minérios e Metais Não Ferrosos",Sim,"https://www.cerealistaexportjoin.com.br","Operação consolidada em Trading de Minérios e Metais Não Ferrosos com embarques internacionais regulares a partir de Joinville - SC. Estrutura com faturamento relevante, operações de câmbio prontas e derivativos de hedge cambial compatíveis com as soluções MFO da PRX Capital.","4619-2/00 (Representantes comerciais e agentes do comércio de mercadorias em geral)","4622-2/00, 4632-0/01, 5211-7/99, 5250-8/01, 4930-2/02","Antonio Soares Andrade","Sócio-Diretor Presidente / CEO","https://www.linkedin.com/search/results/people/?keywords=Antonio%20Soares%20Andrade%20Cerealista%20Export%20Joinville%2015%20S%2FA","(47) 98035-4688 / diretoria@cerealistaexportjoin.com.br","Cristina Gomes Bortoluzzi","Diretor de Câmbio & Comércio Exterior (CFO)","https://www.linkedin.com/search/results/people/?keywords=Cristina%20Gomes%20Bortoluzzi%20Cerealista%20Export%20Joinville%2015%20S%2FA","comex@cerealistaexportjoin.com.br / financeiro@cerealistaexportjoin.com.br","AAA (High-Ticket)"
2398,"BioAgro Trading Chapecó 15 S/A","16.738.406/0001-51","42 anos (1984)","SC","Chapecó","Exportadoras","RED","SECEX / SISCOMEX + Receita Federal + LinkedIn","Exportação de Calçados, Couro e Derivados",Sim,"https://www.bioagrotradingchapec.com.br","Operação consolidada em Exportação de Calçados, Couro e Derivados com embarques internacionais regulares a partir de Chapecó - SC. Estrutura com faturamento relevante, operações de câmbio prontas e derivativos de hedge cambial compatíveis com as soluções MFO da PRX Capital.","4619-2/00 (Representantes comerciais e agentes do comércio de mercadorias em geral)","4622-2/00, 4632-0/01, 5211-7/99, 5250-8/01, 4930-2/02","Rafael Machado Souza","Sócio-Diretor Presidente / CEO","https://www.linkedin.com/search/results/people/?keywords=Rafael%20Machado%20Souza%20BioAgro%20Trading%20Chapec%C3%B3%2015%20S%2FA","(49) 98019-1242 / diretoria@bioagrotradingchapec.com.br","Carolina Nunes Bortoluzzi","Diretor de Câmbio & Comércio Exterior (CFO)","https://www.linkedin.com/search/results/people/?keywords=Carolina%20Nunes%20Bortoluzzi%20BioAgro%20Trading%20Chapec%C3%B3%2015%20S%2FA","comex@bioagrotradingchapec.com.br / financeiro@bioagrotradingchapec.com.br","AAA (High-Ticket)"
2399,"Atlas Exportadora Rio Grande 15 S/A","33.769.453/0001-64","27 anos (1999)","RS","Rio Grande","Exportadoras","RED","SECEX / SISCOMEX + Receita Federal + LinkedIn","Exportação de Autopeças e Motores Industriais",Sim,"https://www.atlasexportadorariog.com.br","Operação consolidada em Exportação de Autopeças e Motores Industriais com embarques internacionais regulares a partir de Rio Grande - RS. Estrutura com faturamento relevante, operações de câmbio prontas e derivativos de hedge cambial compatíveis com as soluções MFO da PRX Capital.","4619-2/00 (Representantes comerciais e agentes do comércio de mercadorias em geral)","4622-2/00, 4632-0/01, 5211-7/99, 5250-8/01, 4930-2/02","Andre Lopes Mendonça","Sócio-Diretor Presidente / CEO","https://www.linkedin.com/search/results/people/?keywords=Andre%20Lopes%20Mendon%C3%A7a%20Atlas%20Exportadora%20Rio%20Grande%2015%20S%2FA","(53) 99134-4904 / diretoria@atlasexportadorariog.com.br","Luciano Soares Nunes","Diretor de Câmbio & Comércio Exterior (CFO)","https://www.linkedin.com/search/results/people/?keywords=Luciano%20Soares%20Nunes%20Atlas%20Exportadora%20Rio%20Grande%2015%20S%2FA","comex@atlasexportadorariog.com.br / financeiro@atlasexportadorariog.com.br","AAA (High-Ticket)"
2400,"Nova Safra Comex Porto Alegre 15 S/A","50.800.500/0001-77","25 anos (2001)","RS","Porto Alegre","Exportadoras","RED","SECEX / SISCOMEX + Receita Federal + LinkedIn","Exportação de Máquinas e Equipamentos Agrícolas",Sim,"https://www.novasafracomexportoa.com.br","Operação consolidada em Exportação de Máquinas e Equipamentos Agrícolas com embarques internacionais regulares a partir de Porto Alegre - RS. Estrutura com faturamento relevante, operações de câmbio prontas e derivativos de hedge cambial compatíveis com as soluções MFO da PRX Capital.","4619-2/00 (Representantes comerciais e agentes do comércio de mercadorias em geral)","4622-2/00, 4632-0/01, 5211-7/99, 5250-8/01, 4930-2/02","Roberto Gonçalves Santos","Sócio-Diretor Presidente / CEO","https://www.linkedin.com/search/results/people/?keywords=Roberto%20Gon%C3%A7alves%20Santos%20Nova%20Safra%20Comex%20Porto%20Alegre%2015%20S%2FA","(51) 98958-7467 / diretoria@novasafracomexportoa.com.br","Priscila Rezende Freitas","Diretor de Câmbio & Comércio Exterior (CFO)","https://www.linkedin.com/search/results/people/?keywords=Priscila%20Rezende%20Freitas%20Nova%20Safra%20Comex%20Porto%20Alegre%2015%20S%2FA","comex@novasafracomexportoa.com.br / financeiro@novasafracomexportoa.com.br","AAA (High-Ticket)"
