ID,Empresa,CNPJ,Idade,UF,Cidade,Segmento,Cor_Segmento,Fonte_Dados,Setor,Tem_Site,Site,Descricao,CNAE_Principal,CNAE_Secundarios,Decisor_1_Nome,Decisor_1_Cargo,Decisor_1_LinkedIn,Decisor_1_Contato,Decisor_2_Nome,Decisor_2_Cargo,Decisor_2_LinkedIn,Decisor_2_Contato,Score_PRX
2701,"Metalúrgica Joinville 1 S/A","37.231.247/0001-30","25 anos (2001)","SP","Joinville","Fábricas & Indústrias","YELLOW","JUCESP / JUCEPAR / FIESP + Receita Federal + LinkedIn","Indústria Metalmecânica de Precisão e Usinagem Pesada",Sim,"https://www.metalúrgicajoinville.com.br","Parque fabril com estrutura produtiva consolidada em Indústria Metalmecânica de Precisão e Usinagem Pesada em Joinville - SP. Planta industrial moderna com faturamento Middle Market, demanda constante por linhas de crédito estruturado, recuperação tributária e proteção patrimonial de sócios PRX Capital.","2833-0/00 (Fabricação de máquinas e equipamentos para a agricultura e pecuária)","2511-0/00, 2539-0/01, 3321-0/00, 4661-3/00, 4930-2/02","Daniel Silva Pagnoncelli","Diretor Presidente / CEO Industrial","https://www.linkedin.com/search/results/people/?keywords=Daniel%20Silva%20Pagnoncelli%20Metal%C3%BArgica%20Joinville%201%20S%2FA","(47) 99688-7453 / diretoria@metalúrgicajoinville.com.br","Maria Silva Pereira","Diretor Financeiro & Suprimentos (CFO)","https://www.linkedin.com/search/results/people/?keywords=Maria%20Silva%20Pereira%20Metal%C3%BArgica%20Joinville%201%20S%2FA","financeiro@metalúrgicajoinville.com.br / controladoria@metalúrgicajoinville.com.br","AAA (High-Ticket)"
2702,"Indústria Mecânica Piracicaba 1 S/A","54.262.294/0001-43","43 anos (1983)","SP","Piracicaba","Fábricas & Indústrias","YELLOW","JUCESP / JUCEPAR / FIESP + Receita Federal + LinkedIn","Indústria de Alimentos Processados, Conservas e Condimentos",Sim,"https://www.indústriamecânicapir.com.br","Parque fabril com estrutura produtiva consolidada em Indústria de Alimentos Processados, Conservas e Condimentos em Piracicaba - SP. Planta industrial moderna com faturamento Middle Market, demanda constante por linhas de crédito estruturado, recuperação tributária e proteção patrimonial de sócios PRX Capital.","2833-0/00 (Fabricação de máquinas e equipamentos para a agricultura e pecuária)","2511-0/00, 2539-0/01, 3321-0/00, 4661-3/00, 4930-2/02","Fernando Dornelles Mendes","Diretor Presidente / CEO Industrial","https://www.linkedin.com/search/results/people/?keywords=Fernando%20Dornelles%20Mendes%20Ind%C3%BAstria%20Mec%C3%A2nica%20Piracicaba%201%20S%2FA","(19) 98571-6594 / diretoria@indústriamecânicapir.com.br","Simone Ramos Lunardi","Diretor Financeiro & Suprimentos (CFO)","https://www.linkedin.com/search/results/people/?keywords=Simone%20Ramos%20Lunardi%20Ind%C3%BAstria%20Mec%C3%A2nica%20Piracicaba%201%20S%2FA","financeiro@indústriamecânicapir.com.br / controladoria@indústriamecânicapir.com.br","AAA (High-Ticket)"
2703,"Fábrica Nacional de Sertãozinho 1 S/A","71.293.341/0001-56","35 anos (1991)","SP","Sertãozinho","Fábricas & Indústrias","YELLOW","JUCESP / JUCEPAR / FIESP + Receita Federal + LinkedIn","Indústria de Bebidas, Sucos Envasados e Cervejarias",Sim,"https://www.fábricanacionaldeser.com.br","Parque fabril com estrutura produtiva consolidada em Indústria de Bebidas, Sucos Envasados e Cervejarias em Sertãozinho - SP. Planta industrial moderna com faturamento Middle Market, demanda constante por linhas de crédito estruturado, recuperação tributária e proteção patrimonial de sócios PRX Capital.","2833-0/00 (Fabricação de máquinas e equipamentos para a agricultura e pecuária)","2511-0/00, 2539-0/01, 3321-0/00, 4661-3/00, 4930-2/02","Marcos Carvalho Lima","Diretor Presidente / CEO Industrial","https://www.linkedin.com/search/results/people/?keywords=Marcos%20Carvalho%20Lima%20F%C3%A1brica%20Nacional%20de%20Sert%C3%A3ozinho%201%20S%2FA","(16) 99478-7745 / diretoria@fábricanacionaldeser.com.br","Larissa Marques Ribeiro","Diretor Financeiro & Suprimentos (CFO)","https://www.linkedin.com/search/results/people/?keywords=Larissa%20Marques%20Ribeiro%20F%C3%A1brica%20Nacional%20de%20Sert%C3%A3ozinho%201%20S%2FA","financeiro@fábricanacionaldeser.com.br / controladoria@fábricanacionaldeser.com.br","AAA (High-Ticket)"
2704,"Indústria Química Jundiaí 1 S/A","88.324.388/0001-69","58 anos (1968)","SP","Jundiaí","Fábricas & Indústrias","YELLOW","JUCESP / JUCEPAR / FIESP + Receita Federal + LinkedIn","Indústria Química, Saneantes e Tintas Industriais",Sim,"https://www.indústriaquímicajund.com.br","Parque fabril com estrutura produtiva consolidada em Indústria Química, Saneantes e Tintas Industriais em Jundiaí - SP. Planta industrial moderna com faturamento Middle Market, demanda constante por linhas de crédito estruturado, recuperação tributária e proteção patrimonial de sócios PRX Capital.","2833-0/00 (Fabricação de máquinas e equipamentos para a agricultura e pecuária)","2511-0/00, 2539-0/01, 3321-0/00, 4661-3/00, 4930-2/02","Ricardo Soares Pereira","Diretor Presidente / CEO Industrial","https://www.linkedin.com/search/results/people/?keywords=Ricardo%20Soares%20Pereira%20Ind%C3%BAstria%20Qu%C3%ADmica%20Jundia%C3%AD%201%20S%2FA","(11) 99932-5793 / diretoria@indústriaquímicajund.com.br","Aline Fontana Zanon","Diretor Financeiro & Suprimentos (CFO)","https://www.linkedin.com/search/results/people/?keywords=Aline%20Fontana%20Zanon%20Ind%C3%BAstria%20Qu%C3%ADmica%20Jundia%C3%AD%201%20S%2FA","financeiro@indústriaquímicajund.com.br / controladoria@indústriaquímicajund.com.br","AAA (High-Ticket)"
2705,"Plásticos Industriais Sorocaba 1 S/A","15.355.435/0001-82","50 anos (1976)","SP","Sorocaba","Fábricas & Indústrias","YELLOW","JUCESP / JUCEPAR / FIESP + Receita Federal + LinkedIn","Indústria de Transformação Plástica e Embalagens Flexíveis",Sim,"https://www.plásticosindustriais.com.br","Parque fabril com estrutura produtiva consolidada em Indústria de Transformação Plástica e Embalagens Flexíveis em Sorocaba - SP. Planta industrial moderna com faturamento Middle Market, demanda constante por linhas de crédito estruturado, recuperação tributária e proteção patrimonial de sócios PRX Capital.","2833-0/00 (Fabricação de máquinas e equipamentos para a agricultura e pecuária)","2511-0/00, 2539-0/01, 3321-0/00, 4661-3/00, 4930-2/02","Leonardo Teixeira Zanin","Diretor Presidente / CEO Industrial","https://www.linkedin.com/search/results/people/?keywords=Leonardo%20Teixeira%20Zanin%20Pl%C3%A1sticos%20Industriais%20Sorocaba%201%20S%2FA","(15) 98801-8423 / diretoria@plásticosindustriais.com.br","Paulo Pereira Alves","Diretor Financeiro & Suprimentos (CFO)","https://www.linkedin.com/search/results/people/?keywords=Paulo%20Pereira%20Alves%20Pl%C3%A1sticos%20Industriais%20Sorocaba%201%20S%2FA","financeiro@plásticosindustriais.com.br / controladoria@plásticosindustriais.com.br","AAA (High-Ticket)"
2706,"Alimentos Nobres São Bernardo do Campo 1 S/A","32.386.482/0001-95","49 anos (1977)","SP","São Bernardo do Campo","Fábricas & Indústrias","YELLOW","JUCESP / JUCEPAR / FIESP + Receita Federal + LinkedIn","Indústria Farmacêutica, Cosméticos e Nutracêuticos",Sim,"https://www.alimentosnobressãobe.com.br","Parque fabril com estrutura produtiva consolidada em Indústria Farmacêutica, Cosméticos e Nutracêuticos em São Bernardo do Campo - SP. Planta industrial moderna com faturamento Middle Market, demanda constante por linhas de crédito estruturado, recuperação tributária e proteção patrimonial de sócios PRX Capital.","2833-0/00 (Fabricação de máquinas e equipamentos para a agricultura e pecuária)","2511-0/00, 2539-0/01, 3321-0/00, 4661-3/00, 4930-2/02","Thiago Lima Andrade","Diretor Presidente / CEO Industrial","https://www.linkedin.com/search/results/people/?keywords=Thiago%20Lima%20Andrade%20Alimentos%20Nobres%20S%C3%A3o%20Bernardo%20do%20Campo%201%20S%2FA","(11) 99211-6068 / diretoria@alimentosnobressãobe.com.br","Luciana Lunardi Dornelles","Diretor Financeiro & Suprimentos (CFO)","https://www.linkedin.com/search/results/people/?keywords=Luciana%20Lunardi%20Dornelles%20Alimentos%20Nobres%20S%C3%A3o%20Bernardo%20do%20Campo%201%20S%2FA","financeiro@alimentosnobressãobe.com.br / controladoria@alimentosnobressãobe.com.br","AAA (High-Ticket)"
2707,"TecnoIndústria Campinas 1 S/A","49.417.529/0001-18","40 anos (1986)","SP","Campinas","Fábricas & Indústrias","YELLOW","JUCESP / JUCEPAR / FIESP + Receita Federal + LinkedIn","Indústria de Máquinas, Equipamentos Industriais e Automação",Sim,"https://www.tecnoindústriacampin.com.br","Parque fabril com estrutura produtiva consolidada em Indústria de Máquinas, Equipamentos Industriais e Automação em Campinas - SP. Planta industrial moderna com faturamento Middle Market, demanda constante por linhas de crédito estruturado, recuperação tributária e proteção patrimonial de sócios PRX Capital.","2833-0/00 (Fabricação de máquinas e equipamentos para a agricultura e pecuária)","2511-0/00, 2539-0/01, 3321-0/00, 4661-3/00, 4930-2/02","Luciano Sperafico Moreira","Diretor Presidente / CEO Industrial","https://www.linkedin.com/search/results/people/?keywords=Luciano%20Sperafico%20Moreira%20TecnoInd%C3%BAstria%20Campinas%201%20S%2FA","(19) 98735-3350 / diretoria@tecnoindústriacampin.com.br","Andre Almeida Soares","Diretor Financeiro & Suprimentos (CFO)","https://www.linkedin.com/search/results/people/?keywords=Andre%20Almeida%20Soares%20TecnoInd%C3%BAstria%20Campinas%201%20S%2FA","financeiro@tecnoindústriacampin.com.br / controladoria@tecnoindústriacampin.com.br","AAA (High-Ticket)"
2708,"Usinagem de Precisão Limeira 1 S/A","66.448.576/0001-31","48 anos (1978)","SP","Limeira","Fábricas & Indústrias","YELLOW","JUCESP / JUCEPAR / FIESP + Receita Federal + LinkedIn","Indústria Têxtil, Confecção Técnica e Tecidos Especiais",Sim,"https://www.usinagemdeprecisãoli.com.br","Parque fabril com estrutura produtiva consolidada em Indústria Têxtil, Confecção Técnica e Tecidos Especiais em Limeira - SP. Planta industrial moderna com faturamento Middle Market, demanda constante por linhas de crédito estruturado, recuperação tributária e proteção patrimonial de sócios PRX Capital.","2833-0/00 (Fabricação de máquinas e equipamentos para a agricultura e pecuária)","2511-0/00, 2539-0/01, 3321-0/00, 4661-3/00, 4930-2/02","Guilherme Pagnoncelli Nascimento","Diretor Presidente / CEO Industrial","https://www.linkedin.com/search/results/people/?keywords=Guilherme%20Pagnoncelli%20Nascimento%20Usinagem%20de%20Precis%C3%A3o%20Limeira%201%20S%2FA","(19) 98704-2472 / diretoria@usinagemdeprecisãoli.com.br","Luciana Oliveira Freitas","Diretor Financeiro & Suprimentos (CFO)","https://www.linkedin.com/search/results/people/?keywords=Luciana%20Oliveira%20Freitas%20Usinagem%20de%20Precis%C3%A3o%20Limeira%201%20S%2FA","financeiro@usinagemdeprecisãoli.com.br / controladoria@usinagemdeprecisãoli.com.br","AAA (High-Ticket)"
2709,"Companhia Industrial Franca 1 S/A","83.479.623/0001-44","34 anos (1992)","SP","Franca","Fábricas & Indústrias","YELLOW","JUCESP / JUCEPAR / FIESP + Receita Federal + LinkedIn","Indústria de Papel, Papelão Ondulado e Celulose",Sim,"https://www.companhiaindustrialf.com.br","Parque fabril com estrutura produtiva consolidada em Indústria de Papel, Papelão Ondulado e Celulose em Franca - SP. Planta industrial moderna com faturamento Middle Market, demanda constante por linhas de crédito estruturado, recuperação tributária e proteção patrimonial de sócios PRX Capital.","2833-0/00 (Fabricação de máquinas e equipamentos para a agricultura e pecuária)","2511-0/00, 2539-0/01, 3321-0/00, 4661-3/00, 4930-2/02","Antonio Rezende Zanon","Diretor Presidente / CEO Industrial","https://www.linkedin.com/search/results/people/?keywords=Antonio%20Rezende%20Zanon%20Companhia%20Industrial%20Franca%201%20S%2FA","(16) 98387-8225 / diretoria@companhiaindustrialf.com.br","Daniel Lima Mendes","Diretor Financeiro & Suprimentos (CFO)","https://www.linkedin.com/search/results/people/?keywords=Daniel%20Lima%20Mendes%20Companhia%20Industrial%20Franca%201%20S%2FA","financeiro@companhiaindustrialf.com.br / controladoria@companhiaindustrialf.com.br","AAA (High-Ticket)"
2710,"Artefatos Industriais Joinville 1 S/A","10.510.670/0001-57","26 anos (2000)","SC","Joinville","Fábricas & Indústrias","YELLOW","JUCESP / JUCEPAR / FIESP + Receita Federal + LinkedIn","Indústria Eletroeletrônica, Transformadores e Painéis de Força",Sim,"https://www.artefatosindustriais.com.br","Parque fabril com estrutura produtiva consolidada em Indústria Eletroeletrônica, Transformadores e Painéis de Força em Joinville - SC. Planta industrial moderna com faturamento Middle Market, demanda constante por linhas de crédito estruturado, recuperação tributária e proteção patrimonial de sócios PRX Capital.","2833-0/00 (Fabricação de máquinas e equipamentos para a agricultura e pecuária)","2511-0/00, 2539-0/01, 3321-0/00, 4661-3/00, 4930-2/02","Bruno Rezende Ferreira","Diretor Presidente / CEO Industrial","https://www.linkedin.com/search/results/people/?keywords=Bruno%20Rezende%20Ferreira%20Artefatos%20Industriais%20Joinville%201%20S%2FA","(47) 99380-3090 / diretoria@artefatosindustriais.com.br","Eduardo Oliveira Souza","Diretor Financeiro & Suprimentos (CFO)","https://www.linkedin.com/search/results/people/?keywords=Eduardo%20Oliveira%20Souza%20Artefatos%20Industriais%20Joinville%201%20S%2FA","financeiro@artefatosindustriais.com.br / controladoria@artefatosindustriais.com.br","AAA (High-Ticket)"
2711,"Manufatura Brasil Blumenau 1 S/A","27.541.717/0001-70","43 anos (1983)","SC","Blumenau","Fábricas & Indústrias","YELLOW","JUCESP / JUCEPAR / FIESP + Receita Federal + LinkedIn","Indústria Metalmecânica de Precisão e Usinagem Pesada",Sim,"https://www.manufaturabrasilblum.com.br","Parque fabril com estrutura produtiva consolidada em Indústria Metalmecânica de Precisão e Usinagem Pesada em Blumenau - SC. Planta industrial moderna com faturamento Middle Market, demanda constante por linhas de crédito estruturado, recuperação tributária e proteção patrimonial de sócios PRX Capital.","2833-0/00 (Fabricação de máquinas e equipamentos para a agricultura e pecuária)","2511-0/00, 2539-0/01, 3321-0/00, 4661-3/00, 4930-2/02","Renato Nascimento Castilho","Diretor Presidente / CEO Industrial","https://www.linkedin.com/search/results/people/?keywords=Renato%20Nascimento%20Castilho%20Manufatura%20Brasil%20Blumenau%201%20S%2FA","(47) 99951-9882 / diretoria@manufaturabrasilblum.com.br","Carlos Prado Alves","Diretor Financeiro & Suprimentos (CFO)","https://www.linkedin.com/search/results/people/?keywords=Carlos%20Prado%20Alves%20Manufatura%20Brasil%20Blumenau%201%20S%2FA","financeiro@manufaturabrasilblum.com.br / controladoria@manufaturabrasilblum.com.br","AAA (High-Ticket)"
2712,"Indústria Eletromecânica Criciúma 1 S/A","44.572.764/0001-83","50 anos (1976)","SC","Criciúma","Fábricas & Indústrias","YELLOW","JUCESP / JUCEPAR / FIESP + Receita Federal + LinkedIn","Indústria de Alimentos Processados, Conservas e Condimentos",Sim,"https://www.indústriaeletromecân.com.br","Parque fabril com estrutura produtiva consolidada em Indústria de Alimentos Processados, Conservas e Condimentos em Criciúma - SC. Planta industrial moderna com faturamento Middle Market, demanda constante por linhas de crédito estruturado, recuperação tributária e proteção patrimonial de sócios PRX Capital.","2833-0/00 (Fabricação de máquinas e equipamentos para a agricultura e pecuária)","2511-0/00, 2539-0/01, 3321-0/00, 4661-3/00, 4930-2/02","Andre Ferreira Furlan","Diretor Presidente / CEO Industrial","https://www.linkedin.com/search/results/people/?keywords=Andre%20Ferreira%20Furlan%20Ind%C3%BAstria%20Eletromec%C3%A2nica%20Crici%C3%BAma%201%20S%2FA","(48) 98188-8970 / diretoria@indústriaeletromecân.com.br","Daniela Pereira Gonçalves","Diretor Financeiro & Suprimentos (CFO)","https://www.linkedin.com/search/results/people/?keywords=Daniela%20Pereira%20Gon%C3%A7alves%20Ind%C3%BAstria%20Eletromec%C3%A2nica%20Crici%C3%BAma%201%20S%2FA","financeiro@indústriaeletromecân.com.br / controladoria@indústriaeletromecân.com.br","AAA (High-Ticket)"
2713,"Fábrica Paulista de Jaraguá do Sul 1 S/A","61.603.811/0001-96","52 anos (1974)","SC","Jaraguá do Sul","Fábricas & Indústrias","YELLOW","JUCESP / JUCEPAR / FIESP + Receita Federal + LinkedIn","Indústria de Bebidas, Sucos Envasados e Cervejarias",Sim,"https://www.fábricapaulistadejar.com.br","Parque fabril com estrutura produtiva consolidada em Indústria de Bebidas, Sucos Envasados e Cervejarias em Jaraguá do Sul - SC. Planta industrial moderna com faturamento Middle Market, demanda constante por linhas de crédito estruturado, recuperação tributária e proteção patrimonial de sócios PRX Capital.","2833-0/00 (Fabricação de máquinas e equipamentos para a agricultura e pecuária)","2511-0/00, 2539-0/01, 3321-0/00, 4661-3/00, 4930-2/02","Felipe Moreira Zanon","Diretor Presidente / CEO Industrial","https://www.linkedin.com/search/results/people/?keywords=Felipe%20Moreira%20Zanon%20F%C3%A1brica%20Paulista%20de%20Jaragu%C3%A1%20do%20Sul%201%20S%2FA","(47) 98040-7502 / diretoria@fábricapaulistadejar.com.br","Gustavo Zanon Cardoso","Diretor Financeiro & Suprimentos (CFO)","https://www.linkedin.com/search/results/people/?keywords=Gustavo%20Zanon%20Cardoso%20F%C3%A1brica%20Paulista%20de%20Jaragu%C3%A1%20do%20Sul%201%20S%2FA","financeiro@fábricapaulistadejar.com.br / controladoria@fábricapaulistadejar.com.br","AAA (High-Ticket)"
2714,"Indústria Sulina de Brusque 1 S/A","78.634.858/0001-19","35 anos (1991)","SC","Brusque","Fábricas & Indústrias","YELLOW","JUCESP / JUCEPAR / FIESP + Receita Federal + LinkedIn","Indústria Química, Saneantes e Tintas Industriais",Sim,"https://www.indústriasulinadebru.com.br","Parque fabril com estrutura produtiva consolidada em Indústria Química, Saneantes e Tintas Industriais em Brusque - SC. Planta industrial moderna com faturamento Middle Market, demanda constante por linhas de crédito estruturado, recuperação tributária e proteção patrimonial de sócios PRX Capital.","2833-0/00 (Fabricação de máquinas e equipamentos para a agricultura e pecuária)","2511-0/00, 2539-0/01, 3321-0/00, 4661-3/00, 4930-2/02","Fabio Barbosa Rodrigues","Diretor Presidente / CEO Industrial","https://www.linkedin.com/search/results/people/?keywords=Fabio%20Barbosa%20Rodrigues%20Ind%C3%BAstria%20Sulina%20de%20Brusque%201%20S%2FA","(47) 98607-5511 / diretoria@indústriasulinadebru.com.br","Roberto Santana Machado","Diretor Financeiro & Suprimentos (CFO)","https://www.linkedin.com/search/results/people/?keywords=Roberto%20Santana%20Machado%20Ind%C3%BAstria%20Sulina%20de%20Brusque%201%20S%2FA","financeiro@indústriasulinadebru.com.br / controladoria@indústriasulinadebru.com.br","AAA (High-Ticket)"
2715,"Indústria e Comércio Caxias do Sul 1 S/A","95.665.905/0001-32","58 anos (1968)","RS","Caxias do Sul","Fábricas & Indústrias","YELLOW","JUCESP / JUCEPAR / FIESP + Receita Federal + LinkedIn","Indústria de Transformação Plástica e Embalagens Flexíveis",Sim,"https://www.indústriaecomércioca.com.br","Parque fabril com estrutura produtiva consolidada em Indústria de Transformação Plástica e Embalagens Flexíveis em Caxias do Sul - RS. Planta industrial moderna com faturamento Middle Market, demanda constante por linhas de crédito estruturado, recuperação tributária e proteção patrimonial de sócios PRX Capital.","2833-0/00 (Fabricação de máquinas e equipamentos para a agricultura e pecuária)","2511-0/00, 2539-0/01, 3321-0/00, 4661-3/00, 4930-2/02","Alexandre Moreira Santana","Diretor Presidente / CEO Industrial","https://www.linkedin.com/search/results/people/?keywords=Alexandre%20Moreira%20Santana%20Ind%C3%BAstria%20e%20Com%C3%A9rcio%20Caxias%20do%20Sul%201%20S%2FA","(54) 99800-3219 / diretoria@indústriaecomércioca.com.br","Ana Mendonça Machado","Diretor Financeiro & Suprimentos (CFO)","https://www.linkedin.com/search/results/people/?keywords=Ana%20Mendon%C3%A7a%20Machado%20Ind%C3%BAstria%20e%20Com%C3%A9rcio%20Caxias%20do%20Sul%201%20S%2FA","financeiro@indústriaecomércioca.com.br / controladoria@indústriaecomércioca.com.br","AAA (High-Ticket)"
2716,"União Industrial Bento Gonçalves 1 S/A","22.696.952/0001-45","35 anos (1991)","RS","Bento Gonçalves","Fábricas & Indústrias","YELLOW","JUCESP / JUCEPAR / FIESP + Receita Federal + LinkedIn","Indústria Farmacêutica, Cosméticos e Nutracêuticos",Sim,"https://www.uniãoindustrialbento.com.br","Parque fabril com estrutura produtiva consolidada em Indústria Farmacêutica, Cosméticos e Nutracêuticos em Bento Gonçalves - RS. Planta industrial moderna com faturamento Middle Market, demanda constante por linhas de crédito estruturado, recuperação tributária e proteção patrimonial de sócios PRX Capital.","2833-0/00 (Fabricação de máquinas e equipamentos para a agricultura e pecuária)","2511-0/00, 2539-0/01, 3321-0/00, 4661-3/00, 4930-2/02","Roberto Gonçalves Zanin","Diretor Presidente / CEO Industrial","https://www.linkedin.com/search/results/people/?keywords=Roberto%20Gon%C3%A7alves%20Zanin%20Uni%C3%A3o%20Industrial%20Bento%20Gon%C3%A7alves%201%20S%2FA","(54) 98566-2490 / diretoria@uniãoindustrialbento.com.br","Luiz Lopes Carvalho","Diretor Financeiro & Suprimentos (CFO)","https://www.linkedin.com/search/results/people/?keywords=Luiz%20Lopes%20Carvalho%20Uni%C3%A3o%20Industrial%20Bento%20Gon%C3%A7alves%201%20S%2FA","financeiro@uniãoindustrialbento.com.br / controladoria@uniãoindustrialbento.com.br","AAA (High-Ticket)"
2717,"Líder Manufatura São Leopoldo 1 S/A","39.727.999/0001-58","28 anos (1998)","RS","São Leopoldo","Fábricas & Indústrias","YELLOW","JUCESP / JUCEPAR / FIESP + Receita Federal + LinkedIn","Indústria de Máquinas, Equipamentos Industriais e Automação",Sim,"https://www.lídermanufaturasãole.com.br","Parque fabril com estrutura produtiva consolidada em Indústria de Máquinas, Equipamentos Industriais e Automação em São Leopoldo - RS. Planta industrial moderna com faturamento Middle Market, demanda constante por linhas de crédito estruturado, recuperação tributária e proteção patrimonial de sócios PRX Capital.","2833-0/00 (Fabricação de máquinas e equipamentos para a agricultura e pecuária)","2511-0/00, 2539-0/01, 3321-0/00, 4661-3/00, 4930-2/02","Eduardo Lopes Dias","Diretor Presidente / CEO Industrial","https://www.linkedin.com/search/results/people/?keywords=Eduardo%20Lopes%20Dias%20L%C3%ADder%20Manufatura%20S%C3%A3o%20Leopoldo%201%20S%2FA","(51) 99474-3173 / diretoria@lídermanufaturasãole.com.br","Sergio Costa Rodrigues","Diretor Financeiro & Suprimentos (CFO)","https://www.linkedin.com/search/results/people/?keywords=Sergio%20Costa%20Rodrigues%20L%C3%ADder%20Manufatura%20S%C3%A3o%20Leopoldo%201%20S%2FA","financeiro@lídermanufaturasãole.com.br / controladoria@lídermanufaturasãole.com.br","AAA (High-Ticket)"
2718,"Pioneira Industrial Passo Fundo 1 S/A","56.758.146/0001-71","49 anos (1977)","RS","Passo Fundo","Fábricas & Indústrias","YELLOW","JUCESP / JUCEPAR / FIESP + Receita Federal + LinkedIn","Indústria Têxtil, Confecção Técnica e Tecidos Especiais",Sim,"https://www.pioneiraindustrialpa.com.br","Parque fabril com estrutura produtiva consolidada em Indústria Têxtil, Confecção Técnica e Tecidos Especiais em Passo Fundo - RS. Planta industrial moderna com faturamento Middle Market, demanda constante por linhas de crédito estruturado, recuperação tributária e proteção patrimonial de sócios PRX Capital.","2833-0/00 (Fabricação de máquinas e equipamentos para a agricultura e pecuária)","2511-0/00, 2539-0/01, 3321-0/00, 4661-3/00, 4930-2/02","Carlos Fontana Ramos","Diretor Presidente / CEO Industrial","https://www.linkedin.com/search/results/people/?keywords=Carlos%20Fontana%20Ramos%20Pioneira%20Industrial%20Passo%20Fundo%201%20S%2FA","(54) 99148-3178 / diretoria@pioneiraindustrialpa.com.br","Larissa Lopes Sperafico","Diretor Financeiro & Suprimentos (CFO)","https://www.linkedin.com/search/results/people/?keywords=Larissa%20Lopes%20Sperafico%20Pioneira%20Industrial%20Passo%20Fundo%201%20S%2FA","financeiro@pioneiraindustrialpa.com.br / controladoria@pioneiraindustrialpa.com.br","AAA (High-Ticket)"
2719,"Paraná Indústria Curitiba 1 S/A","73.789.193/0001-84","30 anos (1996)","PR","Curitiba","Fábricas & Indústrias","YELLOW","JUCESP / JUCEPAR / FIESP + Receita Federal + LinkedIn","Indústria de Papel, Papelão Ondulado e Celulose",Sim,"https://www.paranáindústriacurit.com.br","Parque fabril com estrutura produtiva consolidada em Indústria de Papel, Papelão Ondulado e Celulose em Curitiba - PR. Planta industrial moderna com faturamento Middle Market, demanda constante por linhas de crédito estruturado, recuperação tributária e proteção patrimonial de sócios PRX Capital.","2833-0/00 (Fabricação de máquinas e equipamentos para a agricultura e pecuária)","2511-0/00, 2539-0/01, 3321-0/00, 4661-3/00, 4930-2/02","Vinicius Nascimento Soares","Diretor Presidente / CEO Industrial","https://www.linkedin.com/search/results/people/?keywords=Vinicius%20Nascimento%20Soares%20Paran%C3%A1%20Ind%C3%BAstria%20Curitiba%201%20S%2FA","(41) 98535-7399 / diretoria@paranáindústriacurit.com.br","Carlos Pagnoncelli Freitas","Diretor Financeiro & Suprimentos (CFO)","https://www.linkedin.com/search/results/people/?keywords=Carlos%20Pagnoncelli%20Freitas%20Paran%C3%A1%20Ind%C3%BAstria%20Curitiba%201%20S%2FA","financeiro@paranáindústriacurit.com.br / controladoria@paranáindústriacurit.com.br","AAA (High-Ticket)"
2720,"Vanguard Industrial Maringá 1 S/A","90.820.240/0001-97","46 anos (1980)","PR","Maringá","Fábricas & Indústrias","YELLOW","JUCESP / JUCEPAR / FIESP + Receita Federal + LinkedIn","Indústria Eletroeletrônica, Transformadores e Painéis de Força",Sim,"https://www.vanguardindustrialma.com.br","Parque fabril com estrutura produtiva consolidada em Indústria Eletroeletrônica, Transformadores e Painéis de Força em Maringá - PR. Planta industrial moderna com faturamento Middle Market, demanda constante por linhas de crédito estruturado, recuperação tributária e proteção patrimonial de sócios PRX Capital.","2833-0/00 (Fabricação de máquinas e equipamentos para a agricultura e pecuária)","2511-0/00, 2539-0/01, 3321-0/00, 4661-3/00, 4930-2/02","Gustavo Rodrigues Bortoluzzi","Diretor Presidente / CEO Industrial","https://www.linkedin.com/search/results/people/?keywords=Gustavo%20Rodrigues%20Bortoluzzi%20Vanguard%20Industrial%20Maring%C3%A1%201%20S%2FA","(44) 98075-1589 / diretoria@vanguardindustrialma.com.br","Thiago Cardoso Marques","Diretor Financeiro & Suprimentos (CFO)","https://www.linkedin.com/search/results/people/?keywords=Thiago%20Cardoso%20Marques%20Vanguard%20Industrial%20Maring%C3%A1%201%20S%2FA","financeiro@vanguardindustrialma.com.br / controladoria@vanguardindustrialma.com.br","AAA (High-Ticket)"
2721,"Metalúrgica Ponta Grossa 2 S/A","17.851.287/0001-20","34 anos (1992)","PR","Ponta Grossa","Fábricas & Indústrias","YELLOW","JUCESP / JUCEPAR / FIESP + Receita Federal + LinkedIn","Indústria Metalmecânica de Precisão e Usinagem Pesada",Sim,"https://www.metalúrgicapontagros.com.br","Parque fabril com estrutura produtiva consolidada em Indústria Metalmecânica de Precisão e Usinagem Pesada em Ponta Grossa - PR. Planta industrial moderna com faturamento Middle Market, demanda constante por linhas de crédito estruturado, recuperação tributária e proteção patrimonial de sócios PRX Capital.","2833-0/00 (Fabricação de máquinas e equipamentos para a agricultura e pecuária)","2511-0/00, 2539-0/01, 3321-0/00, 4661-3/00, 4930-2/02","Bruno Nascimento Rodrigues","Diretor Presidente / CEO Industrial","https://www.linkedin.com/search/results/people/?keywords=Bruno%20Nascimento%20Rodrigues%20Metal%C3%BArgica%20Ponta%20Grossa%202%20S%2FA","(42) 98008-6605 / diretoria@metalúrgicapontagros.com.br","Paulo Gonçalves Martins","Diretor Financeiro & Suprimentos (CFO)","https://www.linkedin.com/search/results/people/?keywords=Paulo%20Gon%C3%A7alves%20Martins%20Metal%C3%BArgica%20Ponta%20Grossa%202%20S%2FA","financeiro@metalúrgicapontagros.com.br / controladoria@metalúrgicapontagros.com.br","AAA (High-Ticket)"
2722,"Indústria Mecânica Londrina 2 S/A","34.882.334/0001-33","12 anos (2014)","PR","Londrina","Fábricas & Indústrias","YELLOW","JUCESP / JUCEPAR / FIESP + Receita Federal + LinkedIn","Indústria de Alimentos Processados, Conservas e Condimentos",Sim,"https://www.indústriamecânicalon.com.br","Parque fabril com estrutura produtiva consolidada em Indústria de Alimentos Processados, Conservas e Condimentos em Londrina - PR. Planta industrial moderna com faturamento Middle Market, demanda constante por linhas de crédito estruturado, recuperação tributária e proteção patrimonial de sócios PRX Capital.","2833-0/00 (Fabricação de máquinas e equipamentos para a agricultura e pecuária)","2511-0/00, 2539-0/01, 3321-0/00, 4661-3/00, 4930-2/02","Wagner Cardoso Souza","Diretor Presidente / CEO Industrial","https://www.linkedin.com/search/results/people/?keywords=Wagner%20Cardoso%20Souza%20Ind%C3%BAstria%20Mec%C3%A2nica%20Londrina%202%20S%2FA","(43) 99026-4414 / diretoria@indústriamecânicalon.com.br","Gustavo Andrade Rezende","Diretor Financeiro & Suprimentos (CFO)","https://www.linkedin.com/search/results/people/?keywords=Gustavo%20Andrade%20Rezende%20Ind%C3%BAstria%20Mec%C3%A2nica%20Londrina%202%20S%2FA","financeiro@indústriamecânicalon.com.br / controladoria@indústriamecânicalon.com.br","AAA (High-Ticket)"
2723,"Fábrica Nacional de Toledo 2 S/A","51.913.381/0001-46","30 anos (1996)","PR","Toledo","Fábricas & Indústrias","YELLOW","JUCESP / JUCEPAR / FIESP + Receita Federal + LinkedIn","Indústria de Bebidas, Sucos Envasados e Cervejarias",Sim,"https://www.fábricanacionaldetol.com.br","Parque fabril com estrutura produtiva consolidada em Indústria de Bebidas, Sucos Envasados e Cervejarias em Toledo - PR. Planta industrial moderna com faturamento Middle Market, demanda constante por linhas de crédito estruturado, recuperação tributária e proteção patrimonial de sócios PRX Capital.","2833-0/00 (Fabricação de máquinas e equipamentos para a agricultura e pecuária)","2511-0/00, 2539-0/01, 3321-0/00, 4661-3/00, 4930-2/02","Rafael Teixeira Marques","Diretor Presidente / CEO Industrial","https://www.linkedin.com/search/results/people/?keywords=Rafael%20Teixeira%20Marques%20F%C3%A1brica%20Nacional%20de%20Toledo%202%20S%2FA","(45) 99620-6158 / diretoria@fábricanacionaldetol.com.br","Wagner Santos Prado","Diretor Financeiro & Suprimentos (CFO)","https://www.linkedin.com/search/results/people/?keywords=Wagner%20Santos%20Prado%20F%C3%A1brica%20Nacional%20de%20Toledo%202%20S%2FA","financeiro@fábricanacionaldetol.com.br / controladoria@fábricanacionaldetol.com.br","AAA (High-Ticket)"
2724,"Indústria Química Contagem 2 S/A","68.944.428/0001-59","51 anos (1975)","MG","Contagem","Fábricas & Indústrias","YELLOW","JUCESP / JUCEPAR / FIESP + Receita Federal + LinkedIn","Indústria Química, Saneantes e Tintas Industriais",Sim,"https://www.indústriaquímicacont.com.br","Parque fabril com estrutura produtiva consolidada em Indústria Química, Saneantes e Tintas Industriais em Contagem - MG. Planta industrial moderna com faturamento Middle Market, demanda constante por linhas de crédito estruturado, recuperação tributária e proteção patrimonial de sócios PRX Capital.","2833-0/00 (Fabricação de máquinas e equipamentos para a agricultura e pecuária)","2511-0/00, 2539-0/01, 3321-0/00, 4661-3/00, 4930-2/02","Renato Ramos Santana","Diretor Presidente / CEO Industrial","https://www.linkedin.com/search/results/people/?keywords=Renato%20Ramos%20Santana%20Ind%C3%BAstria%20Qu%C3%ADmica%20Contagem%202%20S%2FA","(31) 98963-2908 / diretoria@indústriaquímicacont.com.br","Rodrigo Teixeira Almeida","Diretor Financeiro & Suprimentos (CFO)","https://www.linkedin.com/search/results/people/?keywords=Rodrigo%20Teixeira%20Almeida%20Ind%C3%BAstria%20Qu%C3%ADmica%20Contagem%202%20S%2FA","financeiro@indústriaquímicacont.com.br / controladoria@indústriaquímicacont.com.br","AAA (High-Ticket)"
2725,"Plásticos Industriais Betim 2 S/A","85.975.475/0001-72","8 anos (2018)","MG","Betim","Fábricas & Indústrias","YELLOW","JUCESP / JUCEPAR / FIESP + Receita Federal + LinkedIn","Indústria de Transformação Plástica e Embalagens Flexíveis",Sim,"https://www.plásticosindustriais.com.br","Parque fabril com estrutura produtiva consolidada em Indústria de Transformação Plástica e Embalagens Flexíveis em Betim - MG. Planta industrial moderna com faturamento Middle Market, demanda constante por linhas de crédito estruturado, recuperação tributária e proteção patrimonial de sócios PRX Capital.","2833-0/00 (Fabricação de máquinas e equipamentos para a agricultura e pecuária)","2511-0/00, 2539-0/01, 3321-0/00, 4661-3/00, 4930-2/02","Marcio Costa Ferreira","Diretor Presidente / CEO Industrial","https://www.linkedin.com/search/results/people/?keywords=Marcio%20Costa%20Ferreira%20Pl%C3%A1sticos%20Industriais%20Betim%202%20S%2FA","(31) 99275-7386 / diretoria@plásticosindustriais.com.br","Beatriz Vieira Rezende","Diretor Financeiro & Suprimentos (CFO)","https://www.linkedin.com/search/results/people/?keywords=Beatriz%20Vieira%20Rezende%20Pl%C3%A1sticos%20Industriais%20Betim%202%20S%2FA","financeiro@plásticosindustriais.com.br / controladoria@plásticosindustriais.com.br","AAA (High-Ticket)"
2726,"Alimentos Nobres Uberlândia 2 S/A","12.106.522/0001-85","58 anos (1968)","MG","Uberlândia","Fábricas & Indústrias","YELLOW","JUCESP / JUCEPAR / FIESP + Receita Federal + LinkedIn","Indústria Farmacêutica, Cosméticos e Nutracêuticos",Sim,"https://www.alimentosnobresuberl.com.br","Parque fabril com estrutura produtiva consolidada em Indústria Farmacêutica, Cosméticos e Nutracêuticos em Uberlândia - MG. Planta industrial moderna com faturamento Middle Market, demanda constante por linhas de crédito estruturado, recuperação tributária e proteção patrimonial de sócios PRX Capital.","2833-0/00 (Fabricação de máquinas e equipamentos para a agricultura e pecuária)","2511-0/00, 2539-0/01, 3321-0/00, 4661-3/00, 4930-2/02","Leonardo Dias Lima","Diretor Presidente / CEO Industrial","https://www.linkedin.com/search/results/people/?keywords=Leonardo%20Dias%20Lima%20Alimentos%20Nobres%20Uberl%C3%A2ndia%202%20S%2FA","(34) 98439-6799 / diretoria@alimentosnobresuberl.com.br","Gabriela Zanon Souza","Diretor Financeiro & Suprimentos (CFO)","https://www.linkedin.com/search/results/people/?keywords=Gabriela%20Zanon%20Souza%20Alimentos%20Nobres%20Uberl%C3%A2ndia%202%20S%2FA","financeiro@alimentosnobresuberl.com.br / controladoria@alimentosnobresuberl.com.br","AAA (High-Ticket)"
2727,"TecnoIndústria Pouso Alegre 2 S/A","29.137.569/0001-98","42 anos (1984)","MG","Pouso Alegre","Fábricas & Indústrias","YELLOW","JUCESP / JUCEPAR / FIESP + Receita Federal + LinkedIn","Indústria de Máquinas, Equipamentos Industriais e Automação",Sim,"https://www.tecnoindústriapousoa.com.br","Parque fabril com estrutura produtiva consolidada em Indústria de Máquinas, Equipamentos Industriais e Automação em Pouso Alegre - MG. Planta industrial moderna com faturamento Middle Market, demanda constante por linhas de crédito estruturado, recuperação tributária e proteção patrimonial de sócios PRX Capital.","2833-0/00 (Fabricação de máquinas e equipamentos para a agricultura e pecuária)","2511-0/00, 2539-0/01, 3321-0/00, 4661-3/00, 4930-2/02","Thiago Castilho Trevisan","Diretor Presidente / CEO Industrial","https://www.linkedin.com/search/results/people/?keywords=Thiago%20Castilho%20Trevisan%20TecnoInd%C3%BAstria%20Pouso%20Alegre%202%20S%2FA","(35) 99035-6261 / diretoria@tecnoindústriapousoa.com.br","Alexandre Trevisan Gonçalves","Diretor Financeiro & Suprimentos (CFO)","https://www.linkedin.com/search/results/people/?keywords=Alexandre%20Trevisan%20Gon%C3%A7alves%20TecnoInd%C3%BAstria%20Pouso%20Alegre%202%20S%2FA","financeiro@tecnoindústriapousoa.com.br / controladoria@tecnoindústriapousoa.com.br","AAA (High-Ticket)"
2728,"Usinagem de Precisão Juiz de Fora 2 S/A","46.168.616/0001-21","43 anos (1983)","MG","Juiz de Fora","Fábricas & Indústrias","YELLOW","JUCESP / JUCEPAR / FIESP + Receita Federal + LinkedIn","Indústria Têxtil, Confecção Técnica e Tecidos Especiais",Sim,"https://www.usinagemdeprecisãoju.com.br","Parque fabril com estrutura produtiva consolidada em Indústria Têxtil, Confecção Técnica e Tecidos Especiais em Juiz de Fora - MG. Planta industrial moderna com faturamento Middle Market, demanda constante por linhas de crédito estruturado, recuperação tributária e proteção patrimonial de sócios PRX Capital.","2833-0/00 (Fabricação de máquinas e equipamentos para a agricultura e pecuária)","2511-0/00, 2539-0/01, 3321-0/00, 4661-3/00, 4930-2/02","Otavio Ribeiro Rodrigues","Diretor Presidente / CEO Industrial","https://www.linkedin.com/search/results/people/?keywords=Otavio%20Ribeiro%20Rodrigues%20Usinagem%20de%20Precis%C3%A3o%20Juiz%20de%20Fora%202%20S%2FA","(32) 99384-3593 / diretoria@usinagemdeprecisãoju.com.br","Eduardo Ramos Alves","Diretor Financeiro & Suprimentos (CFO)","https://www.linkedin.com/search/results/people/?keywords=Eduardo%20Ramos%20Alves%20Usinagem%20de%20Precis%C3%A3o%20Juiz%20de%20Fora%202%20S%2FA","financeiro@usinagemdeprecisãoju.com.br / controladoria@usinagemdeprecisãoju.com.br","AAA (High-Ticket)"
2729,"Companhia Industrial Resende 2 S/A","63.199.663/0001-34","50 anos (1976)","RJ","Resende","Fábricas & Indústrias","YELLOW","JUCESP / JUCEPAR / FIESP + Receita Federal + LinkedIn","Indústria de Papel, Papelão Ondulado e Celulose",Sim,"https://www.companhiaindustrialr.com.br","Parque fabril com estrutura produtiva consolidada em Indústria de Papel, Papelão Ondulado e Celulose em Resende - RJ. Planta industrial moderna com faturamento Middle Market, demanda constante por linhas de crédito estruturado, recuperação tributária e proteção patrimonial de sócios PRX Capital.","2833-0/00 (Fabricação de máquinas e equipamentos para a agricultura e pecuária)","2511-0/00, 2539-0/01, 3321-0/00, 4661-3/00, 4930-2/02","Renato Lopes Gonçalves","Diretor Presidente / CEO Industrial","https://www.linkedin.com/search/results/people/?keywords=Renato%20Lopes%20Gon%C3%A7alves%20Companhia%20Industrial%20Resende%202%20S%2FA","(24) 98899-7750 / diretoria@companhiaindustrialr.com.br","Fabio Rocha Dornelles","Diretor Financeiro & Suprimentos (CFO)","https://www.linkedin.com/search/results/people/?keywords=Fabio%20Rocha%20Dornelles%20Companhia%20Industrial%20Resende%202%20S%2FA","financeiro@companhiaindustrialr.com.br / controladoria@companhiaindustrialr.com.br","AAA (High-Ticket)"
2730,"Artefatos Industriais Duque de Caxias 2 S/A","80.230.710/0001-47","36 anos (1990)","RJ","Duque de Caxias","Fábricas & Indústrias","YELLOW","JUCESP / JUCEPAR / FIESP + Receita Federal + LinkedIn","Indústria Eletroeletrônica, Transformadores e Painéis de Força",Sim,"https://www.artefatosindustriais.com.br","Parque fabril com estrutura produtiva consolidada em Indústria Eletroeletrônica, Transformadores e Painéis de Força em Duque de Caxias - RJ. Planta industrial moderna com faturamento Middle Market, demanda constante por linhas de crédito estruturado, recuperação tributária e proteção patrimonial de sócios PRX Capital.","2833-0/00 (Fabricação de máquinas e equipamentos para a agricultura e pecuária)","2511-0/00, 2539-0/01, 3321-0/00, 4661-3/00, 4930-2/02","Marcio Mendes Mendonça","Diretor Presidente / CEO Industrial","https://www.linkedin.com/search/results/people/?keywords=Marcio%20Mendes%20Mendon%C3%A7a%20Artefatos%20Industriais%20Duque%20de%20Caxias%202%20S%2FA","(21) 98995-1687 / diretoria@artefatosindustriais.com.br","Simone Freitas Moreira","Diretor Financeiro & Suprimentos (CFO)","https://www.linkedin.com/search/results/people/?keywords=Simone%20Freitas%20Moreira%20Artefatos%20Industriais%20Duque%20de%20Caxias%202%20S%2FA","financeiro@artefatosindustriais.com.br / controladoria@artefatosindustriais.com.br","AAA (High-Ticket)"
2731,"Manufatura Brasil Anápolis 2 S/A","97.261.757/0001-60","38 anos (1988)","GO","Anápolis","Fábricas & Indústrias","YELLOW","JUCESP / JUCEPAR / FIESP + Receita Federal + LinkedIn","Indústria Metalmecânica de Precisão e Usinagem Pesada",Sim,"https://www.manufaturabrasilanáp.com.br","Parque fabril com estrutura produtiva consolidada em Indústria Metalmecânica de Precisão e Usinagem Pesada em Anápolis - GO. Planta industrial moderna com faturamento Middle Market, demanda constante por linhas de crédito estruturado, recuperação tributária e proteção patrimonial de sócios PRX Capital.","2833-0/00 (Fabricação de máquinas e equipamentos para a agricultura e pecuária)","2511-0/00, 2539-0/01, 3321-0/00, 4661-3/00, 4930-2/02","Rafael Cardoso Castilho","Diretor Presidente / CEO Industrial","https://www.linkedin.com/search/results/people/?keywords=Rafael%20Cardoso%20Castilho%20Manufatura%20Brasil%20An%C3%A1polis%202%20S%2FA","(62) 98170-7314 / diretoria@manufaturabrasilanáp.com.br","Roberto Rezende Castilho","Diretor Financeiro & Suprimentos (CFO)","https://www.linkedin.com/search/results/people/?keywords=Roberto%20Rezende%20Castilho%20Manufatura%20Brasil%20An%C3%A1polis%202%20S%2FA","financeiro@manufaturabrasilanáp.com.br / controladoria@manufaturabrasilanáp.com.br","AAA (High-Ticket)"
2732,"Indústria Eletromecânica Aparecida de Goiânia 2 S/A","24.292.804/0001-73","55 anos (1971)","GO","Aparecida de Goiânia","Fábricas & Indústrias","YELLOW","JUCESP / JUCEPAR / FIESP + Receita Federal + LinkedIn","Indústria de Alimentos Processados, Conservas e Condimentos",Sim,"https://www.indústriaeletromecân.com.br","Parque fabril com estrutura produtiva consolidada em Indústria de Alimentos Processados, Conservas e Condimentos em Aparecida de Goiânia - GO. Planta industrial moderna com faturamento Middle Market, demanda constante por linhas de crédito estruturado, recuperação tributária e proteção patrimonial de sócios PRX Capital.","2833-0/00 (Fabricação de máquinas e equipamentos para a agricultura e pecuária)","2511-0/00, 2539-0/01, 3321-0/00, 4661-3/00, 4930-2/02","Gustavo Mendes Zanon","Diretor Presidente / CEO Industrial","https://www.linkedin.com/search/results/people/?keywords=Gustavo%20Mendes%20Zanon%20Ind%C3%BAstria%20Eletromec%C3%A2nica%20Aparecida%20de%20Goi%C3%A2nia%202%20S%2FA","(62) 99076-9921 / diretoria@indústriaeletromecân.com.br","Renato Fernandes Alves","Diretor Financeiro & Suprimentos (CFO)","https://www.linkedin.com/search/results/people/?keywords=Renato%20Fernandes%20Alves%20Ind%C3%BAstria%20Eletromec%C3%A2nica%20Aparecida%20de%20Goi%C3%A2nia%202%20S%2FA","financeiro@indústriaeletromecân.com.br / controladoria@indústriaeletromecân.com.br","AAA (High-Ticket)"
2733,"Fábrica Paulista de Joinville 2 S/A","41.323.851/0001-86","32 anos (1994)","SP","Joinville","Fábricas & Indústrias","YELLOW","JUCESP / JUCEPAR / FIESP + Receita Federal + LinkedIn","Indústria de Bebidas, Sucos Envasados e Cervejarias",Sim,"https://www.fábricapaulistadejoi.com.br","Parque fabril com estrutura produtiva consolidada em Indústria de Bebidas, Sucos Envasados e Cervejarias em Joinville - SP. Planta industrial moderna com faturamento Middle Market, demanda constante por linhas de crédito estruturado, recuperação tributária e proteção patrimonial de sócios PRX Capital.","2833-0/00 (Fabricação de máquinas e equipamentos para a agricultura e pecuária)","2511-0/00, 2539-0/01, 3321-0/00, 4661-3/00, 4930-2/02","Otavio Soares Battistella","Diretor Presidente / CEO Industrial","https://www.linkedin.com/search/results/people/?keywords=Otavio%20Soares%20Battistella%20F%C3%A1brica%20Paulista%20de%20Joinville%202%20S%2FA","(47) 98116-5176 / diretoria@fábricapaulistadejoi.com.br","Ricardo Rodrigues Dornelles","Diretor Financeiro & Suprimentos (CFO)","https://www.linkedin.com/search/results/people/?keywords=Ricardo%20Rodrigues%20Dornelles%20F%C3%A1brica%20Paulista%20de%20Joinville%202%20S%2FA","financeiro@fábricapaulistadejoi.com.br / controladoria@fábricapaulistadejoi.com.br","AAA (High-Ticket)"
2734,"Indústria Sulina de Piracicaba 2 S/A","58.354.898/0001-99","49 anos (1977)","SP","Piracicaba","Fábricas & Indústrias","YELLOW","JUCESP / JUCEPAR / FIESP + Receita Federal + LinkedIn","Indústria Química, Saneantes e Tintas Industriais",Sim,"https://www.indústriasulinadepir.com.br","Parque fabril com estrutura produtiva consolidada em Indústria Química, Saneantes e Tintas Industriais em Piracicaba - SP. Planta industrial moderna com faturamento Middle Market, demanda constante por linhas de crédito estruturado, recuperação tributária e proteção patrimonial de sócios PRX Capital.","2833-0/00 (Fabricação de máquinas e equipamentos para a agricultura e pecuária)","2511-0/00, 2539-0/01, 3321-0/00, 4661-3/00, 4930-2/02","Bruno Freitas Pereira","Diretor Presidente / CEO Industrial","https://www.linkedin.com/search/results/people/?keywords=Bruno%20Freitas%20Pereira%20Ind%C3%BAstria%20Sulina%20de%20Piracicaba%202%20S%2FA","(19) 99632-5825 / diretoria@indústriasulinadepir.com.br","Vanessa Ramos Rodrigues","Diretor Financeiro & Suprimentos (CFO)","https://www.linkedin.com/search/results/people/?keywords=Vanessa%20Ramos%20Rodrigues%20Ind%C3%BAstria%20Sulina%20de%20Piracicaba%202%20S%2FA","financeiro@indústriasulinadepir.com.br / controladoria@indústriasulinadepir.com.br","AAA (High-Ticket)"
2735,"Indústria e Comércio Sertãozinho 2 S/A","75.385.945/0001-22","29 anos (1997)","SP","Sertãozinho","Fábricas & Indústrias","YELLOW","JUCESP / JUCEPAR / FIESP + Receita Federal + LinkedIn","Indústria de Transformação Plástica e Embalagens Flexíveis",Sim,"https://www.indústriaecomérciose.com.br","Parque fabril com estrutura produtiva consolidada em Indústria de Transformação Plástica e Embalagens Flexíveis em Sertãozinho - SP. Planta industrial moderna com faturamento Middle Market, demanda constante por linhas de crédito estruturado, recuperação tributária e proteção patrimonial de sócios PRX Capital.","2833-0/00 (Fabricação de máquinas e equipamentos para a agricultura e pecuária)","2511-0/00, 2539-0/01, 3321-0/00, 4661-3/00, 4930-2/02","Wagner Dias Santana","Diretor Presidente / CEO Industrial","https://www.linkedin.com/search/results/people/?keywords=Wagner%20Dias%20Santana%20Ind%C3%BAstria%20e%20Com%C3%A9rcio%20Sert%C3%A3ozinho%202%20S%2FA","(16) 98560-5484 / diretoria@indústriaecomérciose.com.br","Antonio Cardoso Rodrigues","Diretor Financeiro & Suprimentos (CFO)","https://www.linkedin.com/search/results/people/?keywords=Antonio%20Cardoso%20Rodrigues%20Ind%C3%BAstria%20e%20Com%C3%A9rcio%20Sert%C3%A3ozinho%202%20S%2FA","financeiro@indústriaecomérciose.com.br / controladoria@indústriaecomérciose.com.br","AAA (High-Ticket)"
2736,"União Industrial Jundiaí 2 S/A","92.416.992/0001-35","48 anos (1978)","SP","Jundiaí","Fábricas & Indústrias","YELLOW","JUCESP / JUCEPAR / FIESP + Receita Federal + LinkedIn","Indústria Farmacêutica, Cosméticos e Nutracêuticos",Sim,"https://www.uniãoindustrialjundi.com.br","Parque fabril com estrutura produtiva consolidada em Indústria Farmacêutica, Cosméticos e Nutracêuticos em Jundiaí - SP. Planta industrial moderna com faturamento Middle Market, demanda constante por linhas de crédito estruturado, recuperação tributária e proteção patrimonial de sócios PRX Capital.","2833-0/00 (Fabricação de máquinas e equipamentos para a agricultura e pecuária)","2511-0/00, 2539-0/01, 3321-0/00, 4661-3/00, 4930-2/02","Wagner Rocha Pagnoncelli","Diretor Presidente / CEO Industrial","https://www.linkedin.com/search/results/people/?keywords=Wagner%20Rocha%20Pagnoncelli%20Uni%C3%A3o%20Industrial%20Jundia%C3%AD%202%20S%2FA","(11) 99803-4627 / diretoria@uniãoindustrialjundi.com.br","Fernando Teixeira Santana","Diretor Financeiro & Suprimentos (CFO)","https://www.linkedin.com/search/results/people/?keywords=Fernando%20Teixeira%20Santana%20Uni%C3%A3o%20Industrial%20Jundia%C3%AD%202%20S%2FA","financeiro@uniãoindustrialjundi.com.br / controladoria@uniãoindustrialjundi.com.br","AAA (High-Ticket)"
2737,"Líder Manufatura Sorocaba 2 S/A","19.447.139/0001-48","57 anos (1969)","SP","Sorocaba","Fábricas & Indústrias","YELLOW","JUCESP / JUCEPAR / FIESP + Receita Federal + LinkedIn","Indústria de Máquinas, Equipamentos Industriais e Automação",Sim,"https://www.lídermanufaturasoroc.com.br","Parque fabril com estrutura produtiva consolidada em Indústria de Máquinas, Equipamentos Industriais e Automação em Sorocaba - SP. Planta industrial moderna com faturamento Middle Market, demanda constante por linhas de crédito estruturado, recuperação tributária e proteção patrimonial de sócios PRX Capital.","2833-0/00 (Fabricação de máquinas e equipamentos para a agricultura e pecuária)","2511-0/00, 2539-0/01, 3321-0/00, 4661-3/00, 4930-2/02","Ricardo Soares Castilho","Diretor Presidente / CEO Industrial","https://www.linkedin.com/search/results/people/?keywords=Ricardo%20Soares%20Castilho%20L%C3%ADder%20Manufatura%20Sorocaba%202%20S%2FA","(15) 98914-7822 / diretoria@lídermanufaturasoroc.com.br","Larissa Cardoso Rodrigues","Diretor Financeiro & Suprimentos (CFO)","https://www.linkedin.com/search/results/people/?keywords=Larissa%20Cardoso%20Rodrigues%20L%C3%ADder%20Manufatura%20Sorocaba%202%20S%2FA","financeiro@lídermanufaturasoroc.com.br / controladoria@lídermanufaturasoroc.com.br","AAA (High-Ticket)"
2738,"Pioneira Industrial São Bernardo do Campo 2 S/A","36.478.186/0001-61","29 anos (1997)","SP","São Bernardo do Campo","Fábricas & Indústrias","YELLOW","JUCESP / JUCEPAR / FIESP + Receita Federal + LinkedIn","Indústria Têxtil, Confecção Técnica e Tecidos Especiais",Sim,"https://www.pioneiraindustrialsã.com.br","Parque fabril com estrutura produtiva consolidada em Indústria Têxtil, Confecção Técnica e Tecidos Especiais em São Bernardo do Campo - SP. Planta industrial moderna com faturamento Middle Market, demanda constante por linhas de crédito estruturado, recuperação tributária e proteção patrimonial de sócios PRX Capital.","2833-0/00 (Fabricação de máquinas e equipamentos para a agricultura e pecuária)","2511-0/00, 2539-0/01, 3321-0/00, 4661-3/00, 4930-2/02","Luciano Ramos Cardoso","Diretor Presidente / CEO Industrial","https://www.linkedin.com/search/results/people/?keywords=Luciano%20Ramos%20Cardoso%20Pioneira%20Industrial%20S%C3%A3o%20Bernardo%20do%20Campo%202%20S%2FA","(11) 99799-3739 / diretoria@pioneiraindustrialsã.com.br","Mariana Gomes Vieira","Diretor Financeiro & Suprimentos (CFO)","https://www.linkedin.com/search/results/people/?keywords=Mariana%20Gomes%20Vieira%20Pioneira%20Industrial%20S%C3%A3o%20Bernardo%20do%20Campo%202%20S%2FA","financeiro@pioneiraindustrialsã.com.br / controladoria@pioneiraindustrialsã.com.br","AAA (High-Ticket)"
2739,"Paraná Indústria Campinas 2 S/A","53.509.233/0001-74","44 anos (1982)","SP","Campinas","Fábricas & Indústrias","YELLOW","JUCESP / JUCEPAR / FIESP + Receita Federal + LinkedIn","Indústria de Papel, Papelão Ondulado e Celulose",Sim,"https://www.paranáindústriacampi.com.br","Parque fabril com estrutura produtiva consolidada em Indústria de Papel, Papelão Ondulado e Celulose em Campinas - SP. Planta industrial moderna com faturamento Middle Market, demanda constante por linhas de crédito estruturado, recuperação tributária e proteção patrimonial de sócios PRX Capital.","2833-0/00 (Fabricação de máquinas e equipamentos para a agricultura e pecuária)","2511-0/00, 2539-0/01, 3321-0/00, 4661-3/00, 4930-2/02","Leonardo Carvalho Lima","Diretor Presidente / CEO Industrial","https://www.linkedin.com/search/results/people/?keywords=Leonardo%20Carvalho%20Lima%20Paran%C3%A1%20Ind%C3%BAstria%20Campinas%202%20S%2FA","(19) 98612-1393 / diretoria@paranáindústriacampi.com.br","Paulo Lopes Sperafico","Diretor Financeiro & Suprimentos (CFO)","https://www.linkedin.com/search/results/people/?keywords=Paulo%20Lopes%20Sperafico%20Paran%C3%A1%20Ind%C3%BAstria%20Campinas%202%20S%2FA","financeiro@paranáindústriacampi.com.br / controladoria@paranáindústriacampi.com.br","AAA (High-Ticket)"
2740,"Vanguard Industrial Limeira 2 S/A","70.540.280/0001-87","53 anos (1973)","SP","Limeira","Fábricas & Indústrias","YELLOW","JUCESP / JUCEPAR / FIESP + Receita Federal + LinkedIn","Indústria Eletroeletrônica, Transformadores e Painéis de Força",Sim,"https://www.vanguardindustrialli.com.br","Parque fabril com estrutura produtiva consolidada em Indústria Eletroeletrônica, Transformadores e Painéis de Força em Limeira - SP. Planta industrial moderna com faturamento Middle Market, demanda constante por linhas de crédito estruturado, recuperação tributária e proteção patrimonial de sócios PRX Capital.","2833-0/00 (Fabricação de máquinas e equipamentos para a agricultura e pecuária)","2511-0/00, 2539-0/01, 3321-0/00, 4661-3/00, 4930-2/02","Rodrigo Ramos Silva","Diretor Presidente / CEO Industrial","https://www.linkedin.com/search/results/people/?keywords=Rodrigo%20Ramos%20Silva%20Vanguard%20Industrial%20Limeira%202%20S%2FA","(19) 99950-6567 / diretoria@vanguardindustrialli.com.br","Carolina Dornelles Rocha","Diretor Financeiro & Suprimentos (CFO)","https://www.linkedin.com/search/results/people/?keywords=Carolina%20Dornelles%20Rocha%20Vanguard%20Industrial%20Limeira%202%20S%2FA","financeiro@vanguardindustrialli.com.br / controladoria@vanguardindustrialli.com.br","AAA (High-Ticket)"
2741,"Metalúrgica Franca 3 S/A","87.571.327/0001-10","11 anos (2015)","SP","Franca","Fábricas & Indústrias","YELLOW","JUCESP / JUCEPAR / FIESP + Receita Federal + LinkedIn","Indústria Metalmecânica de Precisão e Usinagem Pesada",Sim,"https://www.metalúrgicafranca3sa.com.br","Parque fabril com estrutura produtiva consolidada em Indústria Metalmecânica de Precisão e Usinagem Pesada em Franca - SP. Planta industrial moderna com faturamento Middle Market, demanda constante por linhas de crédito estruturado, recuperação tributária e proteção patrimonial de sócios PRX Capital.","2833-0/00 (Fabricação de máquinas e equipamentos para a agricultura e pecuária)","2511-0/00, 2539-0/01, 3321-0/00, 4661-3/00, 4930-2/02","Eduardo Martins Mendonça","Diretor Presidente / CEO Industrial","https://www.linkedin.com/search/results/people/?keywords=Eduardo%20Martins%20Mendon%C3%A7a%20Metal%C3%BArgica%20Franca%203%20S%2FA","(16) 98295-7774 / diretoria@metalúrgicafranca3sa.com.br","Ana Fontana Furlan","Diretor Financeiro & Suprimentos (CFO)","https://www.linkedin.com/search/results/people/?keywords=Ana%20Fontana%20Furlan%20Metal%C3%BArgica%20Franca%203%20S%2FA","financeiro@metalúrgicafranca3sa.com.br / controladoria@metalúrgicafranca3sa.com.br","AAA (High-Ticket)"
2742,"Indústria Mecânica Joinville 3 S/A","14.602.374/0001-23","26 anos (2000)","SC","Joinville","Fábricas & Indústrias","YELLOW","JUCESP / JUCEPAR / FIESP + Receita Federal + LinkedIn","Indústria de Alimentos Processados, Conservas e Condimentos",Sim,"https://www.indústriamecânicajoi.com.br","Parque fabril com estrutura produtiva consolidada em Indústria de Alimentos Processados, Conservas e Condimentos em Joinville - SC. Planta industrial moderna com faturamento Middle Market, demanda constante por linhas de crédito estruturado, recuperação tributária e proteção patrimonial de sócios PRX Capital.","2833-0/00 (Fabricação de máquinas e equipamentos para a agricultura e pecuária)","2511-0/00, 2539-0/01, 3321-0/00, 4661-3/00, 4930-2/02","Marcio Lunardi Nascimento","Diretor Presidente / CEO Industrial","https://www.linkedin.com/search/results/people/?keywords=Marcio%20Lunardi%20Nascimento%20Ind%C3%BAstria%20Mec%C3%A2nica%20Joinville%203%20S%2FA","(47) 99488-7466 / diretoria@indústriamecânicajoi.com.br","Luciano Mendonça Santana","Diretor Financeiro & Suprimentos (CFO)","https://www.linkedin.com/search/results/people/?keywords=Luciano%20Mendon%C3%A7a%20Santana%20Ind%C3%BAstria%20Mec%C3%A2nica%20Joinville%203%20S%2FA","financeiro@indústriamecânicajoi.com.br / controladoria@indústriamecânicajoi.com.br","AAA (High-Ticket)"
2743,"Fábrica Nacional de Blumenau 3 S/A","31.633.421/0001-36","47 anos (1979)","SC","Blumenau","Fábricas & Indústrias","YELLOW","JUCESP / JUCEPAR / FIESP + Receita Federal + LinkedIn","Indústria de Bebidas, Sucos Envasados e Cervejarias",Sim,"https://www.fábricanacionaldeblu.com.br","Parque fabril com estrutura produtiva consolidada em Indústria de Bebidas, Sucos Envasados e Cervejarias em Blumenau - SC. Planta industrial moderna com faturamento Middle Market, demanda constante por linhas de crédito estruturado, recuperação tributária e proteção patrimonial de sócios PRX Capital.","2833-0/00 (Fabricação de máquinas e equipamentos para a agricultura e pecuária)","2511-0/00, 2539-0/01, 3321-0/00, 4661-3/00, 4930-2/02","Ricardo Zanon Santana","Diretor Presidente / CEO Industrial","https://www.linkedin.com/search/results/people/?keywords=Ricardo%20Zanon%20Santana%20F%C3%A1brica%20Nacional%20de%20Blumenau%203%20S%2FA","(47) 98210-1711 / diretoria@fábricanacionaldeblu.com.br","Luciano Fernandes Machado","Diretor Financeiro & Suprimentos (CFO)","https://www.linkedin.com/search/results/people/?keywords=Luciano%20Fernandes%20Machado%20F%C3%A1brica%20Nacional%20de%20Blumenau%203%20S%2FA","financeiro@fábricanacionaldeblu.com.br / controladoria@fábricanacionaldeblu.com.br","AAA (High-Ticket)"
2744,"Indústria Química Criciúma 3 S/A","48.664.468/0001-49","12 anos (2014)","SC","Criciúma","Fábricas & Indústrias","YELLOW","JUCESP / JUCEPAR / FIESP + Receita Federal + LinkedIn","Indústria Química, Saneantes e Tintas Industriais",Sim,"https://www.indústriaquímicacric.com.br","Parque fabril com estrutura produtiva consolidada em Indústria Química, Saneantes e Tintas Industriais em Criciúma - SC. Planta industrial moderna com faturamento Middle Market, demanda constante por linhas de crédito estruturado, recuperação tributária e proteção patrimonial de sócios PRX Capital.","2833-0/00 (Fabricação de máquinas e equipamentos para a agricultura e pecuária)","2511-0/00, 2539-0/01, 3321-0/00, 4661-3/00, 4930-2/02","Andre Martins Silva","Diretor Presidente / CEO Industrial","https://www.linkedin.com/search/results/people/?keywords=Andre%20Martins%20Silva%20Ind%C3%BAstria%20Qu%C3%ADmica%20Crici%C3%BAma%203%20S%2FA","(48) 99312-2937 / diretoria@indústriaquímicacric.com.br","Larissa Cardoso Dias","Diretor Financeiro & Suprimentos (CFO)","https://www.linkedin.com/search/results/people/?keywords=Larissa%20Cardoso%20Dias%20Ind%C3%BAstria%20Qu%C3%ADmica%20Crici%C3%BAma%203%20S%2FA","financeiro@indústriaquímicacric.com.br / controladoria@indústriaquímicacric.com.br","AAA (High-Ticket)"
2745,"Plásticos Industriais Jaraguá do Sul 3 S/A","65.695.515/0001-62","32 anos (1994)","SC","Jaraguá do Sul","Fábricas & Indústrias","YELLOW","JUCESP / JUCEPAR / FIESP + Receita Federal + LinkedIn","Indústria de Transformação Plástica e Embalagens Flexíveis",Sim,"https://www.plásticosindustriais.com.br","Parque fabril com estrutura produtiva consolidada em Indústria de Transformação Plástica e Embalagens Flexíveis em Jaraguá do Sul - SC. Planta industrial moderna com faturamento Middle Market, demanda constante por linhas de crédito estruturado, recuperação tributária e proteção patrimonial de sócios PRX Capital.","2833-0/00 (Fabricação de máquinas e equipamentos para a agricultura e pecuária)","2511-0/00, 2539-0/01, 3321-0/00, 4661-3/00, 4930-2/02","Renato Martins Andrade","Diretor Presidente / CEO Industrial","https://www.linkedin.com/search/results/people/?keywords=Renato%20Martins%20Andrade%20Pl%C3%A1sticos%20Industriais%20Jaragu%C3%A1%20do%20Sul%203%20S%2FA","(47) 99914-5877 / diretoria@plásticosindustriais.com.br","Paulo Nascimento Andrade","Diretor Financeiro & Suprimentos (CFO)","https://www.linkedin.com/search/results/people/?keywords=Paulo%20Nascimento%20Andrade%20Pl%C3%A1sticos%20Industriais%20Jaragu%C3%A1%20do%20Sul%203%20S%2FA","financeiro@plásticosindustriais.com.br / controladoria@plásticosindustriais.com.br","AAA (High-Ticket)"
2746,"Alimentos Nobres Brusque 3 S/A","82.726.562/0001-75","24 anos (2002)","SC","Brusque","Fábricas & Indústrias","YELLOW","JUCESP / JUCEPAR / FIESP + Receita Federal + LinkedIn","Indústria Farmacêutica, Cosméticos e Nutracêuticos",Sim,"https://www.alimentosnobresbrusq.com.br","Parque fabril com estrutura produtiva consolidada em Indústria Farmacêutica, Cosméticos e Nutracêuticos em Brusque - SC. Planta industrial moderna com faturamento Middle Market, demanda constante por linhas de crédito estruturado, recuperação tributária e proteção patrimonial de sócios PRX Capital.","2833-0/00 (Fabricação de máquinas e equipamentos para a agricultura e pecuária)","2511-0/00, 2539-0/01, 3321-0/00, 4661-3/00, 4930-2/02","Ricardo Dias Lunardi","Diretor Presidente / CEO Industrial","https://www.linkedin.com/search/results/people/?keywords=Ricardo%20Dias%20Lunardi%20Alimentos%20Nobres%20Brusque%203%20S%2FA","(47) 98759-6267 / diretoria@alimentosnobresbrusq.com.br","Rafael Santos Teixeira","Diretor Financeiro & Suprimentos (CFO)","https://www.linkedin.com/search/results/people/?keywords=Rafael%20Santos%20Teixeira%20Alimentos%20Nobres%20Brusque%203%20S%2FA","financeiro@alimentosnobresbrusq.com.br / controladoria@alimentosnobresbrusq.com.br","AAA (High-Ticket)"
2747,"TecnoIndústria Caxias do Sul 3 S/A","99.757.609/0001-88","19 anos (2007)","RS","Caxias do Sul","Fábricas & Indústrias","YELLOW","JUCESP / JUCEPAR / FIESP + Receita Federal + LinkedIn","Indústria de Máquinas, Equipamentos Industriais e Automação",Sim,"https://www.tecnoindústriacaxias.com.br","Parque fabril com estrutura produtiva consolidada em Indústria de Máquinas, Equipamentos Industriais e Automação em Caxias do Sul - RS. Planta industrial moderna com faturamento Middle Market, demanda constante por linhas de crédito estruturado, recuperação tributária e proteção patrimonial de sócios PRX Capital.","2833-0/00 (Fabricação de máquinas e equipamentos para a agricultura e pecuária)","2511-0/00, 2539-0/01, 3321-0/00, 4661-3/00, 4930-2/02","Leonardo Prado Teixeira","Diretor Presidente / CEO Industrial","https://www.linkedin.com/search/results/people/?keywords=Leonardo%20Prado%20Teixeira%20TecnoInd%C3%BAstria%20Caxias%20do%20Sul%203%20S%2FA","(54) 98411-8691 / diretoria@tecnoindústriacaxias.com.br","Beatriz Ramos Battistella","Diretor Financeiro & Suprimentos (CFO)","https://www.linkedin.com/search/results/people/?keywords=Beatriz%20Ramos%20Battistella%20TecnoInd%C3%BAstria%20Caxias%20do%20Sul%203%20S%2FA","financeiro@tecnoindústriacaxias.com.br / controladoria@tecnoindústriacaxias.com.br","AAA (High-Ticket)"
2748,"Usinagem de Precisão Bento Gonçalves 3 S/A","26.788.656/0001-11","20 anos (2006)","RS","Bento Gonçalves","Fábricas & Indústrias","YELLOW","JUCESP / JUCEPAR / FIESP + Receita Federal + LinkedIn","Indústria Têxtil, Confecção Técnica e Tecidos Especiais",Sim,"https://www.usinagemdeprecisãobe.com.br","Parque fabril com estrutura produtiva consolidada em Indústria Têxtil, Confecção Técnica e Tecidos Especiais em Bento Gonçalves - RS. Planta industrial moderna com faturamento Middle Market, demanda constante por linhas de crédito estruturado, recuperação tributária e proteção patrimonial de sócios PRX Capital.","2833-0/00 (Fabricação de máquinas e equipamentos para a agricultura e pecuária)","2511-0/00, 2539-0/01, 3321-0/00, 4661-3/00, 4930-2/02","Wagner Ferreira Dias","Diretor Presidente / CEO Industrial","https://www.linkedin.com/search/results/people/?keywords=Wagner%20Ferreira%20Dias%20Usinagem%20de%20Precis%C3%A3o%20Bento%20Gon%C3%A7alves%203%20S%2FA","(54) 99386-7260 / diretoria@usinagemdeprecisãobe.com.br","Rafael Rezende Machado","Diretor Financeiro & Suprimentos (CFO)","https://www.linkedin.com/search/results/people/?keywords=Rafael%20Rezende%20Machado%20Usinagem%20de%20Precis%C3%A3o%20Bento%20Gon%C3%A7alves%203%20S%2FA","financeiro@usinagemdeprecisãobe.com.br / controladoria@usinagemdeprecisãobe.com.br","AAA (High-Ticket)"
2749,"Companhia Industrial São Leopoldo 3 S/A","43.819.703/0001-24","11 anos (2015)","RS","São Leopoldo","Fábricas & Indústrias","YELLOW","JUCESP / JUCEPAR / FIESP + Receita Federal + LinkedIn","Indústria de Papel, Papelão Ondulado e Celulose",Sim,"https://www.companhiaindustrials.com.br","Parque fabril com estrutura produtiva consolidada em Indústria de Papel, Papelão Ondulado e Celulose em São Leopoldo - RS. Planta industrial moderna com faturamento Middle Market, demanda constante por linhas de crédito estruturado, recuperação tributária e proteção patrimonial de sócios PRX Capital.","2833-0/00 (Fabricação de máquinas e equipamentos para a agricultura e pecuária)","2511-0/00, 2539-0/01, 3321-0/00, 4661-3/00, 4930-2/02","Bruno Soares Moreira","Diretor Presidente / CEO Industrial","https://www.linkedin.com/search/results/people/?keywords=Bruno%20Soares%20Moreira%20Companhia%20Industrial%20S%C3%A3o%20Leopoldo%203%20S%2FA","(51) 98484-7517 / diretoria@companhiaindustrials.com.br","Simone Bortoluzzi Cardoso","Diretor Financeiro & Suprimentos (CFO)","https://www.linkedin.com/search/results/people/?keywords=Simone%20Bortoluzzi%20Cardoso%20Companhia%20Industrial%20S%C3%A3o%20Leopoldo%203%20S%2FA","financeiro@companhiaindustrials.com.br / controladoria@companhiaindustrials.com.br","AAA (High-Ticket)"
2750,"Artefatos Industriais Passo Fundo 3 S/A","60.850.750/0001-37","34 anos (1992)","RS","Passo Fundo","Fábricas & Indústrias","YELLOW","JUCESP / JUCEPAR / FIESP + Receita Federal + LinkedIn","Indústria Eletroeletrônica, Transformadores e Painéis de Força",Sim,"https://www.artefatosindustriais.com.br","Parque fabril com estrutura produtiva consolidada em Indústria Eletroeletrônica, Transformadores e Painéis de Força em Passo Fundo - RS. Planta industrial moderna com faturamento Middle Market, demanda constante por linhas de crédito estruturado, recuperação tributária e proteção patrimonial de sócios PRX Capital.","2833-0/00 (Fabricação de máquinas e equipamentos para a agricultura e pecuária)","2511-0/00, 2539-0/01, 3321-0/00, 4661-3/00, 4930-2/02","Marcos Moreira Dornelles","Diretor Presidente / CEO Industrial","https://www.linkedin.com/search/results/people/?keywords=Marcos%20Moreira%20Dornelles%20Artefatos%20Industriais%20Passo%20Fundo%203%20S%2FA","(54) 99408-2757 / diretoria@artefatosindustriais.com.br","Maria Santos Furlan","Diretor Financeiro & Suprimentos (CFO)","https://www.linkedin.com/search/results/people/?keywords=Maria%20Santos%20Furlan%20Artefatos%20Industriais%20Passo%20Fundo%203%20S%2FA","financeiro@artefatosindustriais.com.br / controladoria@artefatosindustriais.com.br","AAA (High-Ticket)"
2751,"Manufatura Brasil Curitiba 3 S/A","77.881.797/0001-50","34 anos (1992)","PR","Curitiba","Fábricas & Indústrias","YELLOW","JUCESP / JUCEPAR / FIESP + Receita Federal + LinkedIn","Indústria Metalmecânica de Precisão e Usinagem Pesada",Sim,"https://www.manufaturabrasilcuri.com.br","Parque fabril com estrutura produtiva consolidada em Indústria Metalmecânica de Precisão e Usinagem Pesada em Curitiba - PR. Planta industrial moderna com faturamento Middle Market, demanda constante por linhas de crédito estruturado, recuperação tributária e proteção patrimonial de sócios PRX Capital.","2833-0/00 (Fabricação de máquinas e equipamentos para a agricultura e pecuária)","2511-0/00, 2539-0/01, 3321-0/00, 4661-3/00, 4930-2/02","Rafael Moreira Zanon","Diretor Presidente / CEO Industrial","https://www.linkedin.com/search/results/people/?keywords=Rafael%20Moreira%20Zanon%20Manufatura%20Brasil%20Curitiba%203%20S%2FA","(41) 99248-3815 / diretoria@manufaturabrasilcuri.com.br","Thiago Lunardi Nunes","Diretor Financeiro & Suprimentos (CFO)","https://www.linkedin.com/search/results/people/?keywords=Thiago%20Lunardi%20Nunes%20Manufatura%20Brasil%20Curitiba%203%20S%2FA","financeiro@manufaturabrasilcuri.com.br / controladoria@manufaturabrasilcuri.com.br","AAA (High-Ticket)"
2752,"Indústria Eletromecânica Maringá 3 S/A","94.912.844/0001-63","58 anos (1968)","PR","Maringá","Fábricas & Indústrias","YELLOW","JUCESP / JUCEPAR / FIESP + Receita Federal + LinkedIn","Indústria de Alimentos Processados, Conservas e Condimentos",Sim,"https://www.indústriaeletromecân.com.br","Parque fabril com estrutura produtiva consolidada em Indústria de Alimentos Processados, Conservas e Condimentos em Maringá - PR. Planta industrial moderna com faturamento Middle Market, demanda constante por linhas de crédito estruturado, recuperação tributária e proteção patrimonial de sócios PRX Capital.","2833-0/00 (Fabricação de máquinas e equipamentos para a agricultura e pecuária)","2511-0/00, 2539-0/01, 3321-0/00, 4661-3/00, 4930-2/02","Marcelo Oliveira Mendes","Diretor Presidente / CEO Industrial","https://www.linkedin.com/search/results/people/?keywords=Marcelo%20Oliveira%20Mendes%20Ind%C3%BAstria%20Eletromec%C3%A2nica%20Maring%C3%A1%203%20S%2FA","(44) 99849-5126 / diretoria@indústriaeletromecân.com.br","Luciana Zanon Freitas","Diretor Financeiro & Suprimentos (CFO)","https://www.linkedin.com/search/results/people/?keywords=Luciana%20Zanon%20Freitas%20Ind%C3%BAstria%20Eletromec%C3%A2nica%20Maring%C3%A1%203%20S%2FA","financeiro@indústriaeletromecân.com.br / controladoria@indústriaeletromecân.com.br","AAA (High-Ticket)"
2753,"Fábrica Paulista de Ponta Grossa 3 S/A","21.943.891/0001-76","14 anos (2012)","PR","Ponta Grossa","Fábricas & Indústrias","YELLOW","JUCESP / JUCEPAR / FIESP + Receita Federal + LinkedIn","Indústria de Bebidas, Sucos Envasados e Cervejarias",Sim,"https://www.fábricapaulistadepon.com.br","Parque fabril com estrutura produtiva consolidada em Indústria de Bebidas, Sucos Envasados e Cervejarias em Ponta Grossa - PR. Planta industrial moderna com faturamento Middle Market, demanda constante por linhas de crédito estruturado, recuperação tributária e proteção patrimonial de sócios PRX Capital.","2833-0/00 (Fabricação de máquinas e equipamentos para a agricultura e pecuária)","2511-0/00, 2539-0/01, 3321-0/00, 4661-3/00, 4930-2/02","Marcos Gonçalves Mendes","Diretor Presidente / CEO Industrial","https://www.linkedin.com/search/results/people/?keywords=Marcos%20Gon%C3%A7alves%20Mendes%20F%C3%A1brica%20Paulista%20de%20Ponta%20Grossa%203%20S%2FA","(42) 99976-3179 / diretoria@fábricapaulistadepon.com.br","Tatiana Mendonça Moreira","Diretor Financeiro & Suprimentos (CFO)","https://www.linkedin.com/search/results/people/?keywords=Tatiana%20Mendon%C3%A7a%20Moreira%20F%C3%A1brica%20Paulista%20de%20Ponta%20Grossa%203%20S%2FA","financeiro@fábricapaulistadepon.com.br / controladoria@fábricapaulistadepon.com.br","AAA (High-Ticket)"
2754,"Indústria Sulina de Londrina 3 S/A","38.974.938/0001-89","32 anos (1994)","PR","Londrina","Fábricas & Indústrias","YELLOW","JUCESP / JUCEPAR / FIESP + Receita Federal + LinkedIn","Indústria Química, Saneantes e Tintas Industriais",Sim,"https://www.indústriasulinadelon.com.br","Parque fabril com estrutura produtiva consolidada em Indústria Química, Saneantes e Tintas Industriais em Londrina - PR. Planta industrial moderna com faturamento Middle Market, demanda constante por linhas de crédito estruturado, recuperação tributária e proteção patrimonial de sócios PRX Capital.","2833-0/00 (Fabricação de máquinas e equipamentos para a agricultura e pecuária)","2511-0/00, 2539-0/01, 3321-0/00, 4661-3/00, 4930-2/02","Marcelo Nunes Lopes","Diretor Presidente / CEO Industrial","https://www.linkedin.com/search/results/people/?keywords=Marcelo%20Nunes%20Lopes%20Ind%C3%BAstria%20Sulina%20de%20Londrina%203%20S%2FA","(43) 98034-7944 / diretoria@indústriasulinadelon.com.br","Vanessa Zanon Barbosa","Diretor Financeiro & Suprimentos (CFO)","https://www.linkedin.com/search/results/people/?keywords=Vanessa%20Zanon%20Barbosa%20Ind%C3%BAstria%20Sulina%20de%20Londrina%203%20S%2FA","financeiro@indústriasulinadelon.com.br / controladoria@indústriasulinadelon.com.br","AAA (High-Ticket)"
2755,"Indústria e Comércio Toledo 3 S/A","55.105.985/0001-12","8 anos (2018)","PR","Toledo","Fábricas & Indústrias","YELLOW","JUCESP / JUCEPAR / FIESP + Receita Federal + LinkedIn","Indústria de Transformação Plástica e Embalagens Flexíveis",Sim,"https://www.indústriaecomércioto.com.br","Parque fabril com estrutura produtiva consolidada em Indústria de Transformação Plástica e Embalagens Flexíveis em Toledo - PR. Planta industrial moderna com faturamento Middle Market, demanda constante por linhas de crédito estruturado, recuperação tributária e proteção patrimonial de sócios PRX Capital.","2833-0/00 (Fabricação de máquinas e equipamentos para a agricultura e pecuária)","2511-0/00, 2539-0/01, 3321-0/00, 4661-3/00, 4930-2/02","Marcio Gomes Vieira","Diretor Presidente / CEO Industrial","https://www.linkedin.com/search/results/people/?keywords=Marcio%20Gomes%20Vieira%20Ind%C3%BAstria%20e%20Com%C3%A9rcio%20Toledo%203%20S%2FA","(45) 99161-4036 / diretoria@indústriaecomércioto.com.br","Juliana Machado Alves","Diretor Financeiro & Suprimentos (CFO)","https://www.linkedin.com/search/results/people/?keywords=Juliana%20Machado%20Alves%20Ind%C3%BAstria%20e%20Com%C3%A9rcio%20Toledo%203%20S%2FA","financeiro@indústriaecomércioto.com.br / controladoria@indústriaecomércioto.com.br","AAA (High-Ticket)"
2756,"União Industrial Contagem 3 S/A","72.136.132/0001-25","17 anos (2009)","MG","Contagem","Fábricas & Indústrias","YELLOW","JUCESP / JUCEPAR / FIESP + Receita Federal + LinkedIn","Indústria Farmacêutica, Cosméticos e Nutracêuticos",Sim,"https://www.uniãoindustrialconta.com.br","Parque fabril com estrutura produtiva consolidada em Indústria Farmacêutica, Cosméticos e Nutracêuticos em Contagem - MG. Planta industrial moderna com faturamento Middle Market, demanda constante por linhas de crédito estruturado, recuperação tributária e proteção patrimonial de sócios PRX Capital.","2833-0/00 (Fabricação de máquinas e equipamentos para a agricultura e pecuária)","2511-0/00, 2539-0/01, 3321-0/00, 4661-3/00, 4930-2/02","Antonio Furlan Pereira","Diretor Presidente / CEO Industrial","https://www.linkedin.com/search/results/people/?keywords=Antonio%20Furlan%20Pereira%20Uni%C3%A3o%20Industrial%20Contagem%203%20S%2FA","(31) 98171-5197 / diretoria@uniãoindustrialconta.com.br","Marcelo Fernandes Zanin","Diretor Financeiro & Suprimentos (CFO)","https://www.linkedin.com/search/results/people/?keywords=Marcelo%20Fernandes%20Zanin%20Uni%C3%A3o%20Industrial%20Contagem%203%20S%2FA","financeiro@uniãoindustrialconta.com.br / controladoria@uniãoindustrialconta.com.br","AAA (High-Ticket)"
2757,"Líder Manufatura Betim 3 S/A","89.167.179/0001-38","13 anos (2013)","MG","Betim","Fábricas & Indústrias","YELLOW","JUCESP / JUCEPAR / FIESP + Receita Federal + LinkedIn","Indústria de Máquinas, Equipamentos Industriais e Automação",Sim,"https://www.lídermanufaturabetim.com.br","Parque fabril com estrutura produtiva consolidada em Indústria de Máquinas, Equipamentos Industriais e Automação em Betim - MG. Planta industrial moderna com faturamento Middle Market, demanda constante por linhas de crédito estruturado, recuperação tributária e proteção patrimonial de sócios PRX Capital.","2833-0/00 (Fabricação de máquinas e equipamentos para a agricultura e pecuária)","2511-0/00, 2539-0/01, 3321-0/00, 4661-3/00, 4930-2/02","Antonio Battistella Trevisan","Diretor Presidente / CEO Industrial","https://www.linkedin.com/search/results/people/?keywords=Antonio%20Battistella%20Trevisan%20L%C3%ADder%20Manufatura%20Betim%203%20S%2FA","(31) 99095-3106 / diretoria@lídermanufaturabetim.com.br","Renata Soares Lunardi","Diretor Financeiro & Suprimentos (CFO)","https://www.linkedin.com/search/results/people/?keywords=Renata%20Soares%20Lunardi%20L%C3%ADder%20Manufatura%20Betim%203%20S%2FA","financeiro@lídermanufaturabetim.com.br / controladoria@lídermanufaturabetim.com.br","AAA (High-Ticket)"
2758,"Pioneira Industrial Uberlândia 3 S/A","16.198.226/0001-51","43 anos (1983)","MG","Uberlândia","Fábricas & Indústrias","YELLOW","JUCESP / JUCEPAR / FIESP + Receita Federal + LinkedIn","Indústria Têxtil, Confecção Técnica e Tecidos Especiais",Sim,"https://www.pioneiraindustrialub.com.br","Parque fabril com estrutura produtiva consolidada em Indústria Têxtil, Confecção Técnica e Tecidos Especiais em Uberlândia - MG. Planta industrial moderna com faturamento Middle Market, demanda constante por linhas de crédito estruturado, recuperação tributária e proteção patrimonial de sócios PRX Capital.","2833-0/00 (Fabricação de máquinas e equipamentos para a agricultura e pecuária)","2511-0/00, 2539-0/01, 3321-0/00, 4661-3/00, 4930-2/02","Luiz Cardoso Zanin","Diretor Presidente / CEO Industrial","https://www.linkedin.com/search/results/people/?keywords=Luiz%20Cardoso%20Zanin%20Pioneira%20Industrial%20Uberl%C3%A2ndia%203%20S%2FA","(34) 98255-3712 / diretoria@pioneiraindustrialub.com.br","Tatiana Mendes Nascimento","Diretor Financeiro & Suprimentos (CFO)","https://www.linkedin.com/search/results/people/?keywords=Tatiana%20Mendes%20Nascimento%20Pioneira%20Industrial%20Uberl%C3%A2ndia%203%20S%2FA","financeiro@pioneiraindustrialub.com.br / controladoria@pioneiraindustrialub.com.br","AAA (High-Ticket)"
2759,"Paraná Indústria Pouso Alegre 3 S/A","33.229.273/0001-64","55 anos (1971)","MG","Pouso Alegre","Fábricas & Indústrias","YELLOW","JUCESP / JUCEPAR / FIESP + Receita Federal + LinkedIn","Indústria de Papel, Papelão Ondulado e Celulose",Sim,"https://www.paranáindústriapouso.com.br","Parque fabril com estrutura produtiva consolidada em Indústria de Papel, Papelão Ondulado e Celulose em Pouso Alegre - MG. Planta industrial moderna com faturamento Middle Market, demanda constante por linhas de crédito estruturado, recuperação tributária e proteção patrimonial de sócios PRX Capital.","2833-0/00 (Fabricação de máquinas e equipamentos para a agricultura e pecuária)","2511-0/00, 2539-0/01, 3321-0/00, 4661-3/00, 4930-2/02","Sergio Silva Dornelles","Diretor Presidente / CEO Industrial","https://www.linkedin.com/search/results/people/?keywords=Sergio%20Silva%20Dornelles%20Paran%C3%A1%20Ind%C3%BAstria%20Pouso%20Alegre%203%20S%2FA","(35) 98542-5378 / diretoria@paranáindústriapouso.com.br","Patricia Ramos Costa","Diretor Financeiro & Suprimentos (CFO)","https://www.linkedin.com/search/results/people/?keywords=Patricia%20Ramos%20Costa%20Paran%C3%A1%20Ind%C3%BAstria%20Pouso%20Alegre%203%20S%2FA","financeiro@paranáindústriapouso.com.br / controladoria@paranáindústriapouso.com.br","AAA (High-Ticket)"
2760,"Vanguard Industrial Juiz de Fora 3 S/A","50.260.320/0001-77","20 anos (2006)","MG","Juiz de Fora","Fábricas & Indústrias","YELLOW","JUCESP / JUCEPAR / FIESP + Receita Federal + LinkedIn","Indústria Eletroeletrônica, Transformadores e Painéis de Força",Sim,"https://www.vanguardindustrialju.com.br","Parque fabril com estrutura produtiva consolidada em Indústria Eletroeletrônica, Transformadores e Painéis de Força em Juiz de Fora - MG. Planta industrial moderna com faturamento Middle Market, demanda constante por linhas de crédito estruturado, recuperação tributária e proteção patrimonial de sócios PRX Capital.","2833-0/00 (Fabricação de máquinas e equipamentos para a agricultura e pecuária)","2511-0/00, 2539-0/01, 3321-0/00, 4661-3/00, 4930-2/02","Rafael Nascimento Pereira","Diretor Presidente / CEO Industrial","https://www.linkedin.com/search/results/people/?keywords=Rafael%20Nascimento%20Pereira%20Vanguard%20Industrial%20Juiz%20de%20Fora%203%20S%2FA","(32) 98920-1297 / diretoria@vanguardindustrialju.com.br","Luciana Freitas Soares","Diretor Financeiro & Suprimentos (CFO)","https://www.linkedin.com/search/results/people/?keywords=Luciana%20Freitas%20Soares%20Vanguard%20Industrial%20Juiz%20de%20Fora%203%20S%2FA","financeiro@vanguardindustrialju.com.br / controladoria@vanguardindustrialju.com.br","AAA (High-Ticket)"
2761,"Metalúrgica Resende 4 S/A","67.291.367/0001-90","34 anos (1992)","RJ","Resende","Fábricas & Indústrias","YELLOW","JUCESP / JUCEPAR / FIESP + Receita Federal + LinkedIn","Indústria Metalmecânica de Precisão e Usinagem Pesada",Sim,"https://www.metalúrgicaresende4s.com.br","Parque fabril com estrutura produtiva consolidada em Indústria Metalmecânica de Precisão e Usinagem Pesada em Resende - RJ. Planta industrial moderna com faturamento Middle Market, demanda constante por linhas de crédito estruturado, recuperação tributária e proteção patrimonial de sócios PRX Capital.","2833-0/00 (Fabricação de máquinas e equipamentos para a agricultura e pecuária)","2511-0/00, 2539-0/01, 3321-0/00, 4661-3/00, 4930-2/02","Renato Ribeiro Almeida","Diretor Presidente / CEO Industrial","https://www.linkedin.com/search/results/people/?keywords=Renato%20Ribeiro%20Almeida%20Metal%C3%BArgica%20Resende%204%20S%2FA","(24) 99994-2098 / diretoria@metalúrgicaresende4s.com.br","Bruno Battistella Pagnoncelli","Diretor Financeiro & Suprimentos (CFO)","https://www.linkedin.com/search/results/people/?keywords=Bruno%20Battistella%20Pagnoncelli%20Metal%C3%BArgica%20Resende%204%20S%2FA","financeiro@metalúrgicaresende4s.com.br / controladoria@metalúrgicaresende4s.com.br","AAA (High-Ticket)"
2762,"Indústria Mecânica Duque de Caxias 4 S/A","84.322.414/0001-13","34 anos (1992)","RJ","Duque de Caxias","Fábricas & Indústrias","YELLOW","JUCESP / JUCEPAR / FIESP + Receita Federal + LinkedIn","Indústria de Alimentos Processados, Conservas e Condimentos",Sim,"https://www.indústriamecânicaduq.com.br","Parque fabril com estrutura produtiva consolidada em Indústria de Alimentos Processados, Conservas e Condimentos em Duque de Caxias - RJ. Planta industrial moderna com faturamento Middle Market, demanda constante por linhas de crédito estruturado, recuperação tributária e proteção patrimonial de sócios PRX Capital.","2833-0/00 (Fabricação de máquinas e equipamentos para a agricultura e pecuária)","2511-0/00, 2539-0/01, 3321-0/00, 4661-3/00, 4930-2/02","Luiz Ferreira Mendes","Diretor Presidente / CEO Industrial","https://www.linkedin.com/search/results/people/?keywords=Luiz%20Ferreira%20Mendes%20Ind%C3%BAstria%20Mec%C3%A2nica%20Duque%20de%20Caxias%204%20S%2FA","(21) 99194-9707 / diretoria@indústriamecânicaduq.com.br","Luiz Fontana Sperafico","Diretor Financeiro & Suprimentos (CFO)","https://www.linkedin.com/search/results/people/?keywords=Luiz%20Fontana%20Sperafico%20Ind%C3%BAstria%20Mec%C3%A2nica%20Duque%20de%20Caxias%204%20S%2FA","financeiro@indústriamecânicaduq.com.br / controladoria@indústriamecânicaduq.com.br","AAA (High-Ticket)"
2763,"Fábrica Nacional de Anápolis 4 S/A","11.353.461/0001-26","29 anos (1997)","GO","Anápolis","Fábricas & Indústrias","YELLOW","JUCESP / JUCEPAR / FIESP + Receita Federal + LinkedIn","Indústria de Bebidas, Sucos Envasados e Cervejarias",Sim,"https://www.fábricanacionaldeaná.com.br","Parque fabril com estrutura produtiva consolidada em Indústria de Bebidas, Sucos Envasados e Cervejarias em Anápolis - GO. Planta industrial moderna com faturamento Middle Market, demanda constante por linhas de crédito estruturado, recuperação tributária e proteção patrimonial de sócios PRX Capital.","2833-0/00 (Fabricação de máquinas e equipamentos para a agricultura e pecuária)","2511-0/00, 2539-0/01, 3321-0/00, 4661-3/00, 4930-2/02","Fabio Castilho Lunardi","Diretor Presidente / CEO Industrial","https://www.linkedin.com/search/results/people/?keywords=Fabio%20Castilho%20Lunardi%20F%C3%A1brica%20Nacional%20de%20An%C3%A1polis%204%20S%2FA","(62) 98945-3841 / diretoria@fábricanacionaldeaná.com.br","Gabriela Nascimento Soares","Diretor Financeiro & Suprimentos (CFO)","https://www.linkedin.com/search/results/people/?keywords=Gabriela%20Nascimento%20Soares%20F%C3%A1brica%20Nacional%20de%20An%C3%A1polis%204%20S%2FA","financeiro@fábricanacionaldeaná.com.br / controladoria@fábricanacionaldeaná.com.br","AAA (High-Ticket)"
2764,"Indústria Química Aparecida de Goiânia 4 S/A","28.384.508/0001-39","56 anos (1970)","GO","Aparecida de Goiânia","Fábricas & Indústrias","YELLOW","JUCESP / JUCEPAR / FIESP + Receita Federal + LinkedIn","Indústria Química, Saneantes e Tintas Industriais",Sim,"https://www.indústriaquímicaapar.com.br","Parque fabril com estrutura produtiva consolidada em Indústria Química, Saneantes e Tintas Industriais em Aparecida de Goiânia - GO. Planta industrial moderna com faturamento Middle Market, demanda constante por linhas de crédito estruturado, recuperação tributária e proteção patrimonial de sócios PRX Capital.","2833-0/00 (Fabricação de máquinas e equipamentos para a agricultura e pecuária)","2511-0/00, 2539-0/01, 3321-0/00, 4661-3/00, 4930-2/02","Luiz Sperafico Mendonça","Diretor Presidente / CEO Industrial","https://www.linkedin.com/search/results/people/?keywords=Luiz%20Sperafico%20Mendon%C3%A7a%20Ind%C3%BAstria%20Qu%C3%ADmica%20Aparecida%20de%20Goi%C3%A2nia%204%20S%2FA","(62) 99262-4217 / diretoria@indústriaquímicaapar.com.br","Beatriz Ribeiro Gonçalves","Diretor Financeiro & Suprimentos (CFO)","https://www.linkedin.com/search/results/people/?keywords=Beatriz%20Ribeiro%20Gon%C3%A7alves%20Ind%C3%BAstria%20Qu%C3%ADmica%20Aparecida%20de%20Goi%C3%A2nia%204%20S%2FA","financeiro@indústriaquímicaapar.com.br / controladoria@indústriaquímicaapar.com.br","AAA (High-Ticket)"
2765,"Plásticos Industriais Joinville 4 S/A","45.415.555/0001-52","35 anos (1991)","SP","Joinville","Fábricas & Indústrias","YELLOW","JUCESP / JUCEPAR / FIESP + Receita Federal + LinkedIn","Indústria de Transformação Plástica e Embalagens Flexíveis",Sim,"https://www.plásticosindustriais.com.br","Parque fabril com estrutura produtiva consolidada em Indústria de Transformação Plástica e Embalagens Flexíveis em Joinville - SP. Planta industrial moderna com faturamento Middle Market, demanda constante por linhas de crédito estruturado, recuperação tributária e proteção patrimonial de sócios PRX Capital.","2833-0/00 (Fabricação de máquinas e equipamentos para a agricultura e pecuária)","2511-0/00, 2539-0/01, 3321-0/00, 4661-3/00, 4930-2/02","Carlos Souza Nunes","Diretor Presidente / CEO Industrial","https://www.linkedin.com/search/results/people/?keywords=Carlos%20Souza%20Nunes%20Pl%C3%A1sticos%20Industriais%20Joinville%204%20S%2FA","(47) 99720-8398 / diretoria@plásticosindustriais.com.br","Renata Lunardi Barbosa","Diretor Financeiro & Suprimentos (CFO)","https://www.linkedin.com/search/results/people/?keywords=Renata%20Lunardi%20Barbosa%20Pl%C3%A1sticos%20Industriais%20Joinville%204%20S%2FA","financeiro@plásticosindustriais.com.br / controladoria@plásticosindustriais.com.br","AAA (High-Ticket)"
2766,"Alimentos Nobres Piracicaba 4 S/A","62.446.602/0001-65","54 anos (1972)","SP","Piracicaba","Fábricas & Indústrias","YELLOW","JUCESP / JUCEPAR / FIESP + Receita Federal + LinkedIn","Indústria Farmacêutica, Cosméticos e Nutracêuticos",Sim,"https://www.alimentosnobrespirac.com.br","Parque fabril com estrutura produtiva consolidada em Indústria Farmacêutica, Cosméticos e Nutracêuticos em Piracicaba - SP. Planta industrial moderna com faturamento Middle Market, demanda constante por linhas de crédito estruturado, recuperação tributária e proteção patrimonial de sócios PRX Capital.","2833-0/00 (Fabricação de máquinas e equipamentos para a agricultura e pecuária)","2511-0/00, 2539-0/01, 3321-0/00, 4661-3/00, 4930-2/02","Felipe Vieira Nascimento","Diretor Presidente / CEO Industrial","https://www.linkedin.com/search/results/people/?keywords=Felipe%20Vieira%20Nascimento%20Alimentos%20Nobres%20Piracicaba%204%20S%2FA","(19) 99250-9079 / diretoria@alimentosnobrespirac.com.br","Bruno Santos Marques","Diretor Financeiro & Suprimentos (CFO)","https://www.linkedin.com/search/results/people/?keywords=Bruno%20Santos%20Marques%20Alimentos%20Nobres%20Piracicaba%204%20S%2FA","financeiro@alimentosnobrespirac.com.br / controladoria@alimentosnobrespirac.com.br","AAA (High-Ticket)"
2767,"TecnoIndústria Sertãozinho 4 S/A","79.477.649/0001-78","27 anos (1999)","SP","Sertãozinho","Fábricas & Indústrias","YELLOW","JUCESP / JUCEPAR / FIESP + Receita Federal + LinkedIn","Indústria de Máquinas, Equipamentos Industriais e Automação",Sim,"https://www.tecnoindústriasertão.com.br","Parque fabril com estrutura produtiva consolidada em Indústria de Máquinas, Equipamentos Industriais e Automação em Sertãozinho - SP. Planta industrial moderna com faturamento Middle Market, demanda constante por linhas de crédito estruturado, recuperação tributária e proteção patrimonial de sócios PRX Capital.","2833-0/00 (Fabricação de máquinas e equipamentos para a agricultura e pecuária)","2511-0/00, 2539-0/01, 3321-0/00, 4661-3/00, 4930-2/02","Fernando Alves Castilho","Diretor Presidente / CEO Industrial","https://www.linkedin.com/search/results/people/?keywords=Fernando%20Alves%20Castilho%20TecnoInd%C3%BAstria%20Sert%C3%A3ozinho%204%20S%2FA","(16) 98847-5971 / diretoria@tecnoindústriasertão.com.br","Priscila Soares Rodrigues","Diretor Financeiro & Suprimentos (CFO)","https://www.linkedin.com/search/results/people/?keywords=Priscila%20Soares%20Rodrigues%20TecnoInd%C3%BAstria%20Sert%C3%A3ozinho%204%20S%2FA","financeiro@tecnoindústriasertão.com.br / controladoria@tecnoindústriasertão.com.br","AAA (High-Ticket)"
2768,"Usinagem de Precisão Jundiaí 4 S/A","96.508.696/0001-91","45 anos (1981)","SP","Jundiaí","Fábricas & Indústrias","YELLOW","JUCESP / JUCEPAR / FIESP + Receita Federal + LinkedIn","Indústria Têxtil, Confecção Técnica e Tecidos Especiais",Sim,"https://www.usinagemdeprecisãoju.com.br","Parque fabril com estrutura produtiva consolidada em Indústria Têxtil, Confecção Técnica e Tecidos Especiais em Jundiaí - SP. Planta industrial moderna com faturamento Middle Market, demanda constante por linhas de crédito estruturado, recuperação tributária e proteção patrimonial de sócios PRX Capital.","2833-0/00 (Fabricação de máquinas e equipamentos para a agricultura e pecuária)","2511-0/00, 2539-0/01, 3321-0/00, 4661-3/00, 4930-2/02","Felipe Cardoso Freitas","Diretor Presidente / CEO Industrial","https://www.linkedin.com/search/results/people/?keywords=Felipe%20Cardoso%20Freitas%20Usinagem%20de%20Precis%C3%A3o%20Jundia%C3%AD%204%20S%2FA","(11) 99704-9019 / diretoria@usinagemdeprecisãoju.com.br","Roberto Barbosa Santana","Diretor Financeiro & Suprimentos (CFO)","https://www.linkedin.com/search/results/people/?keywords=Roberto%20Barbosa%20Santana%20Usinagem%20de%20Precis%C3%A3o%20Jundia%C3%AD%204%20S%2FA","financeiro@usinagemdeprecisãoju.com.br / controladoria@usinagemdeprecisãoju.com.br","AAA (High-Ticket)"
2769,"Companhia Industrial Sorocaba 4 S/A","23.539.743/0001-14","58 anos (1968)","SP","Sorocaba","Fábricas & Indústrias","YELLOW","JUCESP / JUCEPAR / FIESP + Receita Federal + LinkedIn","Indústria de Papel, Papelão Ondulado e Celulose",Sim,"https://www.companhiaindustrials.com.br","Parque fabril com estrutura produtiva consolidada em Indústria de Papel, Papelão Ondulado e Celulose em Sorocaba - SP. Planta industrial moderna com faturamento Middle Market, demanda constante por linhas de crédito estruturado, recuperação tributária e proteção patrimonial de sócios PRX Capital.","2833-0/00 (Fabricação de máquinas e equipamentos para a agricultura e pecuária)","2511-0/00, 2539-0/01, 3321-0/00, 4661-3/00, 4930-2/02","Mauricio Marques Sperafico","Diretor Presidente / CEO Industrial","https://www.linkedin.com/search/results/people/?keywords=Mauricio%20Marques%20Sperafico%20Companhia%20Industrial%20Sorocaba%204%20S%2FA","(15) 98254-6391 / diretoria@companhiaindustrials.com.br","Roberto Moreira Mendonça","Diretor Financeiro & Suprimentos (CFO)","https://www.linkedin.com/search/results/people/?keywords=Roberto%20Moreira%20Mendon%C3%A7a%20Companhia%20Industrial%20Sorocaba%204%20S%2FA","financeiro@companhiaindustrials.com.br / controladoria@companhiaindustrials.com.br","AAA (High-Ticket)"
2770,"Artefatos Industriais São Bernardo do Campo 4 S/A","40.570.790/0001-27","27 anos (1999)","SP","São Bernardo do Campo","Fábricas & Indústrias","YELLOW","JUCESP / JUCEPAR / FIESP + Receita Federal + LinkedIn","Indústria Eletroeletrônica, Transformadores e Painéis de Força",Sim,"https://www.artefatosindustriais.com.br","Parque fabril com estrutura produtiva consolidada em Indústria Eletroeletrônica, Transformadores e Painéis de Força em São Bernardo do Campo - SP. Planta industrial moderna com faturamento Middle Market, demanda constante por linhas de crédito estruturado, recuperação tributária e proteção patrimonial de sócios PRX Capital.","2833-0/00 (Fabricação de máquinas e equipamentos para a agricultura e pecuária)","2511-0/00, 2539-0/01, 3321-0/00, 4661-3/00, 4930-2/02","Alexandre Moreira Sperafico","Diretor Presidente / CEO Industrial","https://www.linkedin.com/search/results/people/?keywords=Alexandre%20Moreira%20Sperafico%20Artefatos%20Industriais%20S%C3%A3o%20Bernardo%20do%20Campo%204%20S%2FA","(11) 99443-2672 / diretoria@artefatosindustriais.com.br","Daniela Santos Moreira","Diretor Financeiro & Suprimentos (CFO)","https://www.linkedin.com/search/results/people/?keywords=Daniela%20Santos%20Moreira%20Artefatos%20Industriais%20S%C3%A3o%20Bernardo%20do%20Campo%204%20S%2FA","financeiro@artefatosindustriais.com.br / controladoria@artefatosindustriais.com.br","AAA (High-Ticket)"
2771,"Manufatura Brasil Campinas 4 S/A","57.601.837/0001-40","10 anos (2016)","SP","Campinas","Fábricas & Indústrias","YELLOW","JUCESP / JUCEPAR / FIESP + Receita Federal + LinkedIn","Indústria Metalmecânica de Precisão e Usinagem Pesada",Sim,"https://www.manufaturabrasilcamp.com.br","Parque fabril com estrutura produtiva consolidada em Indústria Metalmecânica de Precisão e Usinagem Pesada em Campinas - SP. Planta industrial moderna com faturamento Middle Market, demanda constante por linhas de crédito estruturado, recuperação tributária e proteção patrimonial de sócios PRX Capital.","2833-0/00 (Fabricação de máquinas e equipamentos para a agricultura e pecuária)","2511-0/00, 2539-0/01, 3321-0/00, 4661-3/00, 4930-2/02","Marcio Nunes Prado","Diretor Presidente / CEO Industrial","https://www.linkedin.com/search/results/people/?keywords=Marcio%20Nunes%20Prado%20Manufatura%20Brasil%20Campinas%204%20S%2FA","(19) 99542-2094 / diretoria@manufaturabrasilcamp.com.br","Felipe Rocha Ribeiro","Diretor Financeiro & Suprimentos (CFO)","https://www.linkedin.com/search/results/people/?keywords=Felipe%20Rocha%20Ribeiro%20Manufatura%20Brasil%20Campinas%204%20S%2FA","financeiro@manufaturabrasilcamp.com.br / controladoria@manufaturabrasilcamp.com.br","AAA (High-Ticket)"
2772,"Indústria Eletromecânica Limeira 4 S/A","74.632.884/0001-53","29 anos (1997)","SP","Limeira","Fábricas & Indústrias","YELLOW","JUCESP / JUCEPAR / FIESP + Receita Federal + LinkedIn","Indústria de Alimentos Processados, Conservas e Condimentos",Sim,"https://www.indústriaeletromecân.com.br","Parque fabril com estrutura produtiva consolidada em Indústria de Alimentos Processados, Conservas e Condimentos em Limeira - SP. Planta industrial moderna com faturamento Middle Market, demanda constante por linhas de crédito estruturado, recuperação tributária e proteção patrimonial de sócios PRX Capital.","2833-0/00 (Fabricação de máquinas e equipamentos para a agricultura e pecuária)","2511-0/00, 2539-0/01, 3321-0/00, 4661-3/00, 4930-2/02","Luiz Prado Teixeira","Diretor Presidente / CEO Industrial","https://www.linkedin.com/search/results/people/?keywords=Luiz%20Prado%20Teixeira%20Ind%C3%BAstria%20Eletromec%C3%A2nica%20Limeira%204%20S%2FA","(19) 98436-8331 / diretoria@indústriaeletromecân.com.br","Vanessa Pereira Machado","Diretor Financeiro & Suprimentos (CFO)","https://www.linkedin.com/search/results/people/?keywords=Vanessa%20Pereira%20Machado%20Ind%C3%BAstria%20Eletromec%C3%A2nica%20Limeira%204%20S%2FA","financeiro@indústriaeletromecân.com.br / controladoria@indústriaeletromecân.com.br","AAA (High-Ticket)"
2773,"Fábrica Paulista de Franca 4 S/A","91.663.931/0001-66","39 anos (1987)","SP","Franca","Fábricas & Indústrias","YELLOW","JUCESP / JUCEPAR / FIESP + Receita Federal + LinkedIn","Indústria de Bebidas, Sucos Envasados e Cervejarias",Sim,"https://www.fábricapaulistadefra.com.br","Parque fabril com estrutura produtiva consolidada em Indústria de Bebidas, Sucos Envasados e Cervejarias em Franca - SP. Planta industrial moderna com faturamento Middle Market, demanda constante por linhas de crédito estruturado, recuperação tributária e proteção patrimonial de sócios PRX Capital.","2833-0/00 (Fabricação de máquinas e equipamentos para a agricultura e pecuária)","2511-0/00, 2539-0/01, 3321-0/00, 4661-3/00, 4930-2/02","Fabio Mendonça Ferreira","Diretor Presidente / CEO Industrial","https://www.linkedin.com/search/results/people/?keywords=Fabio%20Mendon%C3%A7a%20Ferreira%20F%C3%A1brica%20Paulista%20de%20Franca%204%20S%2FA","(16) 99724-6304 / diretoria@fábricapaulistadefra.com.br","Antonio Lima Oliveira","Diretor Financeiro & Suprimentos (CFO)","https://www.linkedin.com/search/results/people/?keywords=Antonio%20Lima%20Oliveira%20F%C3%A1brica%20Paulista%20de%20Franca%204%20S%2FA","financeiro@fábricapaulistadefra.com.br / controladoria@fábricapaulistadefra.com.br","AAA (High-Ticket)"
2774,"Indústria Sulina de Joinville 4 S/A","18.694.978/0001-79","44 anos (1982)","SC","Joinville","Fábricas & Indústrias","YELLOW","JUCESP / JUCEPAR / FIESP + Receita Federal + LinkedIn","Indústria Química, Saneantes e Tintas Industriais",Sim,"https://www.indústriasulinadejoi.com.br","Parque fabril com estrutura produtiva consolidada em Indústria Química, Saneantes e Tintas Industriais em Joinville - SC. Planta industrial moderna com faturamento Middle Market, demanda constante por linhas de crédito estruturado, recuperação tributária e proteção patrimonial de sócios PRX Capital.","2833-0/00 (Fabricação de máquinas e equipamentos para a agricultura e pecuária)","2511-0/00, 2539-0/01, 3321-0/00, 4661-3/00, 4930-2/02","Paulo Nascimento Rezende","Diretor Presidente / CEO Industrial","https://www.linkedin.com/search/results/people/?keywords=Paulo%20Nascimento%20Rezende%20Ind%C3%BAstria%20Sulina%20de%20Joinville%204%20S%2FA","(47) 99143-9683 / diretoria@indústriasulinadejoi.com.br","Beatriz Pereira Dias","Diretor Financeiro & Suprimentos (CFO)","https://www.linkedin.com/search/results/people/?keywords=Beatriz%20Pereira%20Dias%20Ind%C3%BAstria%20Sulina%20de%20Joinville%204%20S%2FA","financeiro@indústriasulinadejoi.com.br / controladoria@indústriasulinadejoi.com.br","AAA (High-Ticket)"
2775,"Indústria e Comércio Blumenau 4 S/A","35.725.125/0001-92","25 anos (2001)","SC","Blumenau","Fábricas & Indústrias","YELLOW","JUCESP / JUCEPAR / FIESP + Receita Federal + LinkedIn","Indústria de Transformação Plástica e Embalagens Flexíveis",Sim,"https://www.indústriaecomérciobl.com.br","Parque fabril com estrutura produtiva consolidada em Indústria de Transformação Plástica e Embalagens Flexíveis em Blumenau - SC. Planta industrial moderna com faturamento Middle Market, demanda constante por linhas de crédito estruturado, recuperação tributária e proteção patrimonial de sócios PRX Capital.","2833-0/00 (Fabricação de máquinas e equipamentos para a agricultura e pecuária)","2511-0/00, 2539-0/01, 3321-0/00, 4661-3/00, 4930-2/02","Andre Furlan Gonçalves","Diretor Presidente / CEO Industrial","https://www.linkedin.com/search/results/people/?keywords=Andre%20Furlan%20Gon%C3%A7alves%20Ind%C3%BAstria%20e%20Com%C3%A9rcio%20Blumenau%204%20S%2FA","(47) 99968-2977 / diretoria@indústriaecomérciobl.com.br","Antonio Santos Costa","Diretor Financeiro & Suprimentos (CFO)","https://www.linkedin.com/search/results/people/?keywords=Antonio%20Santos%20Costa%20Ind%C3%BAstria%20e%20Com%C3%A9rcio%20Blumenau%204%20S%2FA","financeiro@indústriaecomérciobl.com.br / controladoria@indústriaecomérciobl.com.br","AAA (High-Ticket)"
2776,"União Industrial Criciúma 4 S/A","52.756.172/0001-15","43 anos (1983)","SC","Criciúma","Fábricas & Indústrias","YELLOW","JUCESP / JUCEPAR / FIESP + Receita Federal + LinkedIn","Indústria Farmacêutica, Cosméticos e Nutracêuticos",Sim,"https://www.uniãoindustrialcrici.com.br","Parque fabril com estrutura produtiva consolidada em Indústria Farmacêutica, Cosméticos e Nutracêuticos em Criciúma - SC. Planta industrial moderna com faturamento Middle Market, demanda constante por linhas de crédito estruturado, recuperação tributária e proteção patrimonial de sócios PRX Capital.","2833-0/00 (Fabricação de máquinas e equipamentos para a agricultura e pecuária)","2511-0/00, 2539-0/01, 3321-0/00, 4661-3/00, 4930-2/02","Fernando Trevisan Bortoluzzi","Diretor Presidente / CEO Industrial","https://www.linkedin.com/search/results/people/?keywords=Fernando%20Trevisan%20Bortoluzzi%20Uni%C3%A3o%20Industrial%20Crici%C3%BAma%204%20S%2FA","(48) 98383-4463 / diretoria@uniãoindustrialcrici.com.br","Maria Souza Dias","Diretor Financeiro & Suprimentos (CFO)","https://www.linkedin.com/search/results/people/?keywords=Maria%20Souza%20Dias%20Uni%C3%A3o%20Industrial%20Crici%C3%BAma%204%20S%2FA","financeiro@uniãoindustrialcrici.com.br / controladoria@uniãoindustrialcrici.com.br","AAA (High-Ticket)"
2777,"Líder Manufatura Jaraguá do Sul 4 S/A","69.787.219/0001-28","45 anos (1981)","SC","Jaraguá do Sul","Fábricas & Indústrias","YELLOW","JUCESP / JUCEPAR / FIESP + Receita Federal + LinkedIn","Indústria de Máquinas, Equipamentos Industriais e Automação",Sim,"https://www.lídermanufaturajarag.com.br","Parque fabril com estrutura produtiva consolidada em Indústria de Máquinas, Equipamentos Industriais e Automação em Jaraguá do Sul - SC. Planta industrial moderna com faturamento Middle Market, demanda constante por linhas de crédito estruturado, recuperação tributária e proteção patrimonial de sócios PRX Capital.","2833-0/00 (Fabricação de máquinas e equipamentos para a agricultura e pecuária)","2511-0/00, 2539-0/01, 3321-0/00, 4661-3/00, 4930-2/02","Mauricio Pagnoncelli Teixeira","Diretor Presidente / CEO Industrial","https://www.linkedin.com/search/results/people/?keywords=Mauricio%20Pagnoncelli%20Teixeira%20L%C3%ADder%20Manufatura%20Jaragu%C3%A1%20do%20Sul%204%20S%2FA","(47) 99525-7988 / diretoria@lídermanufaturajarag.com.br","Antonio Ribeiro Fontana","Diretor Financeiro & Suprimentos (CFO)","https://www.linkedin.com/search/results/people/?keywords=Antonio%20Ribeiro%20Fontana%20L%C3%ADder%20Manufatura%20Jaragu%C3%A1%20do%20Sul%204%20S%2FA","financeiro@lídermanufaturajarag.com.br / controladoria@lídermanufaturajarag.com.br","AAA (High-Ticket)"
2778,"Pioneira Industrial Brusque 4 S/A","86.818.266/0001-41","36 anos (1990)","SC","Brusque","Fábricas & Indústrias","YELLOW","JUCESP / JUCEPAR / FIESP + Receita Federal + LinkedIn","Indústria Têxtil, Confecção Técnica e Tecidos Especiais",Sim,"https://www.pioneiraindustrialbr.com.br","Parque fabril com estrutura produtiva consolidada em Indústria Têxtil, Confecção Técnica e Tecidos Especiais em Brusque - SC. Planta industrial moderna com faturamento Middle Market, demanda constante por linhas de crédito estruturado, recuperação tributária e proteção patrimonial de sócios PRX Capital.","2833-0/00 (Fabricação de máquinas e equipamentos para a agricultura e pecuária)","2511-0/00, 2539-0/01, 3321-0/00, 4661-3/00, 4930-2/02","Renato Battistella Sperafico","Diretor Presidente / CEO Industrial","https://www.linkedin.com/search/results/people/?keywords=Renato%20Battistella%20Sperafico%20Pioneira%20Industrial%20Brusque%204%20S%2FA","(47) 98151-7813 / diretoria@pioneiraindustrialbr.com.br","Luciana Battistella Marques","Diretor Financeiro & Suprimentos (CFO)","https://www.linkedin.com/search/results/people/?keywords=Luciana%20Battistella%20Marques%20Pioneira%20Industrial%20Brusque%204%20S%2FA","financeiro@pioneiraindustrialbr.com.br / controladoria@pioneiraindustrialbr.com.br","AAA (High-Ticket)"
2779,"Paraná Indústria Caxias do Sul 4 S/A","13.849.313/0001-54","30 anos (1996)","RS","Caxias do Sul","Fábricas & Indústrias","YELLOW","JUCESP / JUCEPAR / FIESP + Receita Federal + LinkedIn","Indústria de Papel, Papelão Ondulado e Celulose",Sim,"https://www.paranáindústriacaxia.com.br","Parque fabril com estrutura produtiva consolidada em Indústria de Papel, Papelão Ondulado e Celulose em Caxias do Sul - RS. Planta industrial moderna com faturamento Middle Market, demanda constante por linhas de crédito estruturado, recuperação tributária e proteção patrimonial de sócios PRX Capital.","2833-0/00 (Fabricação de máquinas e equipamentos para a agricultura e pecuária)","2511-0/00, 2539-0/01, 3321-0/00, 4661-3/00, 4930-2/02","Gustavo Zanin Lopes","Diretor Presidente / CEO Industrial","https://www.linkedin.com/search/results/people/?keywords=Gustavo%20Zanin%20Lopes%20Paran%C3%A1%20Ind%C3%BAstria%20Caxias%20do%20Sul%204%20S%2FA","(54) 99880-4534 / diretoria@paranáindústriacaxia.com.br","Juliana Santos Martins","Diretor Financeiro & Suprimentos (CFO)","https://www.linkedin.com/search/results/people/?keywords=Juliana%20Santos%20Martins%20Paran%C3%A1%20Ind%C3%BAstria%20Caxias%20do%20Sul%204%20S%2FA","financeiro@paranáindústriacaxia.com.br / controladoria@paranáindústriacaxia.com.br","AAA (High-Ticket)"
2780,"Vanguard Industrial Bento Gonçalves 4 S/A","30.880.360/0001-67","30 anos (1996)","RS","Bento Gonçalves","Fábricas & Indústrias","YELLOW","JUCESP / JUCEPAR / FIESP + Receita Federal + LinkedIn","Indústria Eletroeletrônica, Transformadores e Painéis de Força",Sim,"https://www.vanguardindustrialbe.com.br","Parque fabril com estrutura produtiva consolidada em Indústria Eletroeletrônica, Transformadores e Painéis de Força em Bento Gonçalves - RS. Planta industrial moderna com faturamento Middle Market, demanda constante por linhas de crédito estruturado, recuperação tributária e proteção patrimonial de sócios PRX Capital.","2833-0/00 (Fabricação de máquinas e equipamentos para a agricultura e pecuária)","2511-0/00, 2539-0/01, 3321-0/00, 4661-3/00, 4930-2/02","Luiz Alves Lopes","Diretor Presidente / CEO Industrial","https://www.linkedin.com/search/results/people/?keywords=Luiz%20Alves%20Lopes%20Vanguard%20Industrial%20Bento%20Gon%C3%A7alves%204%20S%2FA","(54) 98621-1917 / diretoria@vanguardindustrialbe.com.br","Juliana Oliveira Pagnoncelli","Diretor Financeiro & Suprimentos (CFO)","https://www.linkedin.com/search/results/people/?keywords=Juliana%20Oliveira%20Pagnoncelli%20Vanguard%20Industrial%20Bento%20Gon%C3%A7alves%204%20S%2FA","financeiro@vanguardindustrialbe.com.br / controladoria@vanguardindustrialbe.com.br","AAA (High-Ticket)"
2781,"Metalúrgica São Leopoldo 5 S/A","47.911.407/0001-80","17 anos (2009)","RS","São Leopoldo","Fábricas & Indústrias","YELLOW","JUCESP / JUCEPAR / FIESP + Receita Federal + LinkedIn","Indústria Metalmecânica de Precisão e Usinagem Pesada",Sim,"https://www.metalúrgicasãoleopol.com.br","Parque fabril com estrutura produtiva consolidada em Indústria Metalmecânica de Precisão e Usinagem Pesada em São Leopoldo - RS. Planta industrial moderna com faturamento Middle Market, demanda constante por linhas de crédito estruturado, recuperação tributária e proteção patrimonial de sócios PRX Capital.","2833-0/00 (Fabricação de máquinas e equipamentos para a agricultura e pecuária)","2511-0/00, 2539-0/01, 3321-0/00, 4661-3/00, 4930-2/02","Roberto Marques Almeida","Diretor Presidente / CEO Industrial","https://www.linkedin.com/search/results/people/?keywords=Roberto%20Marques%20Almeida%20Metal%C3%BArgica%20S%C3%A3o%20Leopoldo%205%20S%2FA","(51) 98527-8169 / diretoria@metalúrgicasãoleopol.com.br","Bruno Oliveira Moreira","Diretor Financeiro & Suprimentos (CFO)","https://www.linkedin.com/search/results/people/?keywords=Bruno%20Oliveira%20Moreira%20Metal%C3%BArgica%20S%C3%A3o%20Leopoldo%205%20S%2FA","financeiro@metalúrgicasãoleopol.com.br / controladoria@metalúrgicasãoleopol.com.br","AAA (High-Ticket)"
2782,"Indústria Mecânica Passo Fundo 5 S/A","64.942.454/0001-93","36 anos (1990)","RS","Passo Fundo","Fábricas & Indústrias","YELLOW","JUCESP / JUCEPAR / FIESP + Receita Federal + LinkedIn","Indústria de Alimentos Processados, Conservas e Condimentos",Sim,"https://www.indústriamecânicapas.com.br","Parque fabril com estrutura produtiva consolidada em Indústria de Alimentos Processados, Conservas e Condimentos em Passo Fundo - RS. Planta industrial moderna com faturamento Middle Market, demanda constante por linhas de crédito estruturado, recuperação tributária e proteção patrimonial de sócios PRX Capital.","2833-0/00 (Fabricação de máquinas e equipamentos para a agricultura e pecuária)","2511-0/00, 2539-0/01, 3321-0/00, 4661-3/00, 4930-2/02","Otavio Fernandes Santos","Diretor Presidente / CEO Industrial","https://www.linkedin.com/search/results/people/?keywords=Otavio%20Fernandes%20Santos%20Ind%C3%BAstria%20Mec%C3%A2nica%20Passo%20Fundo%205%20S%2FA","(54) 99064-6037 / diretoria@indústriamecânicapas.com.br","Renata Barbosa Ferreira","Diretor Financeiro & Suprimentos (CFO)","https://www.linkedin.com/search/results/people/?keywords=Renata%20Barbosa%20Ferreira%20Ind%C3%BAstria%20Mec%C3%A2nica%20Passo%20Fundo%205%20S%2FA","financeiro@indústriamecânicapas.com.br / controladoria@indústriamecânicapas.com.br","AAA (High-Ticket)"
2783,"Fábrica Nacional de Curitiba 5 S/A","81.973.501/0001-16","34 anos (1992)","PR","Curitiba","Fábricas & Indústrias","YELLOW","JUCESP / JUCEPAR / FIESP + Receita Federal + LinkedIn","Indústria de Bebidas, Sucos Envasados e Cervejarias",Sim,"https://www.fábricanacionaldecur.com.br","Parque fabril com estrutura produtiva consolidada em Indústria de Bebidas, Sucos Envasados e Cervejarias em Curitiba - PR. Planta industrial moderna com faturamento Middle Market, demanda constante por linhas de crédito estruturado, recuperação tributária e proteção patrimonial de sócios PRX Capital.","2833-0/00 (Fabricação de máquinas e equipamentos para a agricultura e pecuária)","2511-0/00, 2539-0/01, 3321-0/00, 4661-3/00, 4930-2/02","Andre Mendes Gomes","Diretor Presidente / CEO Industrial","https://www.linkedin.com/search/results/people/?keywords=Andre%20Mendes%20Gomes%20F%C3%A1brica%20Nacional%20de%20Curitiba%205%20S%2FA","(41) 98240-4670 / diretoria@fábricanacionaldecur.com.br","Marcelo Barbosa Almeida","Diretor Financeiro & Suprimentos (CFO)","https://www.linkedin.com/search/results/people/?keywords=Marcelo%20Barbosa%20Almeida%20F%C3%A1brica%20Nacional%20de%20Curitiba%205%20S%2FA","financeiro@fábricanacionaldecur.com.br / controladoria@fábricanacionaldecur.com.br","AAA (High-Ticket)"
2784,"Indústria Química Maringá 5 S/A","98.104.548/0001-29","39 anos (1987)","PR","Maringá","Fábricas & Indústrias","YELLOW","JUCESP / JUCEPAR / FIESP + Receita Federal + LinkedIn","Indústria Química, Saneantes e Tintas Industriais",Sim,"https://www.indústriaquímicamari.com.br","Parque fabril com estrutura produtiva consolidada em Indústria Química, Saneantes e Tintas Industriais em Maringá - PR. Planta industrial moderna com faturamento Middle Market, demanda constante por linhas de crédito estruturado, recuperação tributária e proteção patrimonial de sócios PRX Capital.","2833-0/00 (Fabricação de máquinas e equipamentos para a agricultura e pecuária)","2511-0/00, 2539-0/01, 3321-0/00, 4661-3/00, 4930-2/02","Marcos Santos Mendonça","Diretor Presidente / CEO Industrial","https://www.linkedin.com/search/results/people/?keywords=Marcos%20Santos%20Mendon%C3%A7a%20Ind%C3%BAstria%20Qu%C3%ADmica%20Maring%C3%A1%205%20S%2FA","(44) 99546-1164 / diretoria@indústriaquímicamari.com.br","Marcio Teixeira Carvalho","Diretor Financeiro & Suprimentos (CFO)","https://www.linkedin.com/search/results/people/?keywords=Marcio%20Teixeira%20Carvalho%20Ind%C3%BAstria%20Qu%C3%ADmica%20Maring%C3%A1%205%20S%2FA","financeiro@indústriaquímicamari.com.br / controladoria@indústriaquímicamari.com.br","AAA (High-Ticket)"
2785,"Plásticos Industriais Ponta Grossa 5 S/A","25.135.595/0001-42","49 anos (1977)","PR","Ponta Grossa","Fábricas & Indústrias","YELLOW","JUCESP / JUCEPAR / FIESP + Receita Federal + LinkedIn","Indústria de Transformação Plástica e Embalagens Flexíveis",Sim,"https://www.plásticosindustriais.com.br","Parque fabril com estrutura produtiva consolidada em Indústria de Transformação Plástica e Embalagens Flexíveis em Ponta Grossa - PR. Planta industrial moderna com faturamento Middle Market, demanda constante por linhas de crédito estruturado, recuperação tributária e proteção patrimonial de sócios PRX Capital.","2833-0/00 (Fabricação de máquinas e equipamentos para a agricultura e pecuária)","2511-0/00, 2539-0/01, 3321-0/00, 4661-3/00, 4930-2/02","Carlos Costa Fontana","Diretor Presidente / CEO Industrial","https://www.linkedin.com/search/results/people/?keywords=Carlos%20Costa%20Fontana%20Pl%C3%A1sticos%20Industriais%20Ponta%20Grossa%205%20S%2FA","(42) 99561-6646 / diretoria@plásticosindustriais.com.br","Patricia Marques Teixeira","Diretor Financeiro & Suprimentos (CFO)","https://www.linkedin.com/search/results/people/?keywords=Patricia%20Marques%20Teixeira%20Pl%C3%A1sticos%20Industriais%20Ponta%20Grossa%205%20S%2FA","financeiro@plásticosindustriais.com.br / controladoria@plásticosindustriais.com.br","AAA (High-Ticket)"
2786,"Alimentos Nobres Londrina 5 S/A","42.166.642/0001-55","12 anos (2014)","PR","Londrina","Fábricas & Indústrias","YELLOW","JUCESP / JUCEPAR / FIESP + Receita Federal + LinkedIn","Indústria Farmacêutica, Cosméticos e Nutracêuticos",Sim,"https://www.alimentosnobreslondr.com.br","Parque fabril com estrutura produtiva consolidada em Indústria Farmacêutica, Cosméticos e Nutracêuticos em Londrina - PR. Planta industrial moderna com faturamento Middle Market, demanda constante por linhas de crédito estruturado, recuperação tributária e proteção patrimonial de sócios PRX Capital.","2833-0/00 (Fabricação de máquinas e equipamentos para a agricultura e pecuária)","2511-0/00, 2539-0/01, 3321-0/00, 4661-3/00, 4930-2/02","Vinicius Soares Mendes","Diretor Presidente / CEO Industrial","https://www.linkedin.com/search/results/people/?keywords=Vinicius%20Soares%20Mendes%20Alimentos%20Nobres%20Londrina%205%20S%2FA","(43) 98856-9908 / diretoria@alimentosnobreslondr.com.br","Simone Zanin Furlan","Diretor Financeiro & Suprimentos (CFO)","https://www.linkedin.com/search/results/people/?keywords=Simone%20Zanin%20Furlan%20Alimentos%20Nobres%20Londrina%205%20S%2FA","financeiro@alimentosnobreslondr.com.br / controladoria@alimentosnobreslondr.com.br","AAA (High-Ticket)"
2787,"TecnoIndústria Toledo 5 S/A","59.197.689/0001-68","33 anos (1993)","PR","Toledo","Fábricas & Indústrias","YELLOW","JUCESP / JUCEPAR / FIESP + Receita Federal + LinkedIn","Indústria de Máquinas, Equipamentos Industriais e Automação",Sim,"https://www.tecnoindústriatoledo.com.br","Parque fabril com estrutura produtiva consolidada em Indústria de Máquinas, Equipamentos Industriais e Automação em Toledo - PR. Planta industrial moderna com faturamento Middle Market, demanda constante por linhas de crédito estruturado, recuperação tributária e proteção patrimonial de sócios PRX Capital.","2833-0/00 (Fabricação de máquinas e equipamentos para a agricultura e pecuária)","2511-0/00, 2539-0/01, 3321-0/00, 4661-3/00, 4930-2/02","Bruno Mendonça Ferreira","Diretor Presidente / CEO Industrial","https://www.linkedin.com/search/results/people/?keywords=Bruno%20Mendon%C3%A7a%20Ferreira%20TecnoInd%C3%BAstria%20Toledo%205%20S%2FA","(45) 98810-2224 / diretoria@tecnoindústriatoledo.com.br","Camila Moreira Lima","Diretor Financeiro & Suprimentos (CFO)","https://www.linkedin.com/search/results/people/?keywords=Camila%20Moreira%20Lima%20TecnoInd%C3%BAstria%20Toledo%205%20S%2FA","financeiro@tecnoindústriatoledo.com.br / controladoria@tecnoindústriatoledo.com.br","AAA (High-Ticket)"
2788,"Usinagem de Precisão Contagem 5 S/A","76.228.736/0001-81","56 anos (1970)","MG","Contagem","Fábricas & Indústrias","YELLOW","JUCESP / JUCEPAR / FIESP + Receita Federal + LinkedIn","Indústria Têxtil, Confecção Técnica e Tecidos Especiais",Sim,"https://www.usinagemdeprecisãoco.com.br","Parque fabril com estrutura produtiva consolidada em Indústria Têxtil, Confecção Técnica e Tecidos Especiais em Contagem - MG. Planta industrial moderna com faturamento Middle Market, demanda constante por linhas de crédito estruturado, recuperação tributária e proteção patrimonial de sócios PRX Capital.","2833-0/00 (Fabricação de máquinas e equipamentos para a agricultura e pecuária)","2511-0/00, 2539-0/01, 3321-0/00, 4661-3/00, 4930-2/02","Sergio Machado Rezende","Diretor Presidente / CEO Industrial","https://www.linkedin.com/search/results/people/?keywords=Sergio%20Machado%20Rezende%20Usinagem%20de%20Precis%C3%A3o%20Contagem%205%20S%2FA","(31) 99290-5744 / diretoria@usinagemdeprecisãoco.com.br","Fabio Fontana Ramos","Diretor Financeiro & Suprimentos (CFO)","https://www.linkedin.com/search/results/people/?keywords=Fabio%20Fontana%20Ramos%20Usinagem%20de%20Precis%C3%A3o%20Contagem%205%20S%2FA","financeiro@usinagemdeprecisãoco.com.br / controladoria@usinagemdeprecisãoco.com.br","AAA (High-Ticket)"
2789,"Companhia Industrial Betim 5 S/A","93.259.783/0001-94","14 anos (2012)","MG","Betim","Fábricas & Indústrias","YELLOW","JUCESP / JUCEPAR / FIESP + Receita Federal + LinkedIn","Indústria de Papel, Papelão Ondulado e Celulose",Sim,"https://www.companhiaindustrialb.com.br","Parque fabril com estrutura produtiva consolidada em Indústria de Papel, Papelão Ondulado e Celulose em Betim - MG. Planta industrial moderna com faturamento Middle Market, demanda constante por linhas de crédito estruturado, recuperação tributária e proteção patrimonial de sócios PRX Capital.","2833-0/00 (Fabricação de máquinas e equipamentos para a agricultura e pecuária)","2511-0/00, 2539-0/01, 3321-0/00, 4661-3/00, 4930-2/02","Fernando Moreira Ferreira","Diretor Presidente / CEO Industrial","https://www.linkedin.com/search/results/people/?keywords=Fernando%20Moreira%20Ferreira%20Companhia%20Industrial%20Betim%205%20S%2FA","(31) 98732-1867 / diretoria@companhiaindustrialb.com.br","Simone Costa Fontana","Diretor Financeiro & Suprimentos (CFO)","https://www.linkedin.com/search/results/people/?keywords=Simone%20Costa%20Fontana%20Companhia%20Industrial%20Betim%205%20S%2FA","financeiro@companhiaindustrialb.com.br / controladoria@companhiaindustrialb.com.br","AAA (High-Ticket)"
2790,"Artefatos Industriais Uberlândia 5 S/A","20.290.830/0001-17","31 anos (1995)","MG","Uberlândia","Fábricas & Indústrias","YELLOW","JUCESP / JUCEPAR / FIESP + Receita Federal + LinkedIn","Indústria Eletroeletrônica, Transformadores e Painéis de Força",Sim,"https://www.artefatosindustriais.com.br","Parque fabril com estrutura produtiva consolidada em Indústria Eletroeletrônica, Transformadores e Painéis de Força em Uberlândia - MG. Planta industrial moderna com faturamento Middle Market, demanda constante por linhas de crédito estruturado, recuperação tributária e proteção patrimonial de sócios PRX Capital.","2833-0/00 (Fabricação de máquinas e equipamentos para a agricultura e pecuária)","2511-0/00, 2539-0/01, 3321-0/00, 4661-3/00, 4930-2/02","Fabio Battistella Almeida","Diretor Presidente / CEO Industrial","https://www.linkedin.com/search/results/people/?keywords=Fabio%20Battistella%20Almeida%20Artefatos%20Industriais%20Uberl%C3%A2ndia%205%20S%2FA","(34) 99267-3176 / diretoria@artefatosindustriais.com.br","Rafael Zanin Marques","Diretor Financeiro & Suprimentos (CFO)","https://www.linkedin.com/search/results/people/?keywords=Rafael%20Zanin%20Marques%20Artefatos%20Industriais%20Uberl%C3%A2ndia%205%20S%2FA","financeiro@artefatosindustriais.com.br / controladoria@artefatosindustriais.com.br","AAA (High-Ticket)"
2791,"Manufatura Brasil Pouso Alegre 5 S/A","37.321.877/0001-30","30 anos (1996)","MG","Pouso Alegre","Fábricas & Indústrias","YELLOW","JUCESP / JUCEPAR / FIESP + Receita Federal + LinkedIn","Indústria Metalmecânica de Precisão e Usinagem Pesada",Sim,"https://www.manufaturabrasilpous.com.br","Parque fabril com estrutura produtiva consolidada em Indústria Metalmecânica de Precisão e Usinagem Pesada em Pouso Alegre - MG. Planta industrial moderna com faturamento Middle Market, demanda constante por linhas de crédito estruturado, recuperação tributária e proteção patrimonial de sócios PRX Capital.","2833-0/00 (Fabricação de máquinas e equipamentos para a agricultura e pecuária)","2511-0/00, 2539-0/01, 3321-0/00, 4661-3/00, 4930-2/02","Eduardo Ramos Barbosa","Diretor Presidente / CEO Industrial","https://www.linkedin.com/search/results/people/?keywords=Eduardo%20Ramos%20Barbosa%20Manufatura%20Brasil%20Pouso%20Alegre%205%20S%2FA","(35) 99986-7130 / diretoria@manufaturabrasilpous.com.br","Thiago Santos Souza","Diretor Financeiro & Suprimentos (CFO)","https://www.linkedin.com/search/results/people/?keywords=Thiago%20Santos%20Souza%20Manufatura%20Brasil%20Pouso%20Alegre%205%20S%2FA","financeiro@manufaturabrasilpous.com.br / controladoria@manufaturabrasilpous.com.br","AAA (High-Ticket)"
2792,"Indústria Eletromecânica Juiz de Fora 5 S/A","54.352.924/0001-43","48 anos (1978)","MG","Juiz de Fora","Fábricas & Indústrias","YELLOW","JUCESP / JUCEPAR / FIESP + Receita Federal + LinkedIn","Indústria de Alimentos Processados, Conservas e Condimentos",Sim,"https://www.indústriaeletromecân.com.br","Parque fabril com estrutura produtiva consolidada em Indústria de Alimentos Processados, Conservas e Condimentos em Juiz de Fora - MG. Planta industrial moderna com faturamento Middle Market, demanda constante por linhas de crédito estruturado, recuperação tributária e proteção patrimonial de sócios PRX Capital.","2833-0/00 (Fabricação de máquinas e equipamentos para a agricultura e pecuária)","2511-0/00, 2539-0/01, 3321-0/00, 4661-3/00, 4930-2/02","Antonio Gonçalves Fontana","Diretor Presidente / CEO Industrial","https://www.linkedin.com/search/results/people/?keywords=Antonio%20Gon%C3%A7alves%20Fontana%20Ind%C3%BAstria%20Eletromec%C3%A2nica%20Juiz%20de%20Fora%205%20S%2FA","(32) 98646-7979 / diretoria@indústriaeletromecân.com.br","Sergio Marques Zanon","Diretor Financeiro & Suprimentos (CFO)","https://www.linkedin.com/search/results/people/?keywords=Sergio%20Marques%20Zanon%20Ind%C3%BAstria%20Eletromec%C3%A2nica%20Juiz%20de%20Fora%205%20S%2FA","financeiro@indústriaeletromecân.com.br / controladoria@indústriaeletromecân.com.br","AAA (High-Ticket)"
2793,"Fábrica Paulista de Resende 5 S/A","71.383.971/0001-56","36 anos (1990)","RJ","Resende","Fábricas & Indústrias","YELLOW","JUCESP / JUCEPAR / FIESP + Receita Federal + LinkedIn","Indústria de Bebidas, Sucos Envasados e Cervejarias",Sim,"https://www.fábricapaulistaderes.com.br","Parque fabril com estrutura produtiva consolidada em Indústria de Bebidas, Sucos Envasados e Cervejarias em Resende - RJ. Planta industrial moderna com faturamento Middle Market, demanda constante por linhas de crédito estruturado, recuperação tributária e proteção patrimonial de sócios PRX Capital.","2833-0/00 (Fabricação de máquinas e equipamentos para a agricultura e pecuária)","2511-0/00, 2539-0/01, 3321-0/00, 4661-3/00, 4930-2/02","Sergio Alves Fernandes","Diretor Presidente / CEO Industrial","https://www.linkedin.com/search/results/people/?keywords=Sergio%20Alves%20Fernandes%20F%C3%A1brica%20Paulista%20de%20Resende%205%20S%2FA","(24) 99364-5162 / diretoria@fábricapaulistaderes.com.br","Juliana Souza Pagnoncelli","Diretor Financeiro & Suprimentos (CFO)","https://www.linkedin.com/search/results/people/?keywords=Juliana%20Souza%20Pagnoncelli%20F%C3%A1brica%20Paulista%20de%20Resende%205%20S%2FA","financeiro@fábricapaulistaderes.com.br / controladoria@fábricapaulistaderes.com.br","AAA (High-Ticket)"
2794,"Indústria Sulina de Duque de Caxias 5 S/A","88.414.118/0001-69","25 anos (2001)","RJ","Duque de Caxias","Fábricas & Indústrias","YELLOW","JUCESP / JUCEPAR / FIESP + Receita Federal + LinkedIn","Indústria Química, Saneantes e Tintas Industriais",Sim,"https://www.indústriasulinadeduq.com.br","Parque fabril com estrutura produtiva consolidada em Indústria Química, Saneantes e Tintas Industriais em Duque de Caxias - RJ. Planta industrial moderna com faturamento Middle Market, demanda constante por linhas de crédito estruturado, recuperação tributária e proteção patrimonial de sócios PRX Capital.","2833-0/00 (Fabricação de máquinas e equipamentos para a agricultura e pecuária)","2511-0/00, 2539-0/01, 3321-0/00, 4661-3/00, 4930-2/02","Thiago Rezende Prado","Diretor Presidente / CEO Industrial","https://www.linkedin.com/search/results/people/?keywords=Thiago%20Rezende%20Prado%20Ind%C3%BAstria%20Sulina%20de%20Duque%20de%20Caxias%205%20S%2FA","(21) 99053-2047 / diretoria@indústriasulinadeduq.com.br","Gustavo Rodrigues Martins","Diretor Financeiro & Suprimentos (CFO)","https://www.linkedin.com/search/results/people/?keywords=Gustavo%20Rodrigues%20Martins%20Ind%C3%BAstria%20Sulina%20de%20Duque%20de%20Caxias%205%20S%2FA","financeiro@indústriasulinadeduq.com.br / controladoria@indústriasulinadeduq.com.br","AAA (High-Ticket)"
2795,"Indústria e Comércio Anápolis 5 S/A","15.445.165/0001-82","58 anos (1968)","GO","Anápolis","Fábricas & Indústrias","YELLOW","JUCESP / JUCEPAR / FIESP + Receita Federal + LinkedIn","Indústria de Transformação Plástica e Embalagens Flexíveis",Sim,"https://www.indústriaecomércioan.com.br","Parque fabril com estrutura produtiva consolidada em Indústria de Transformação Plástica e Embalagens Flexíveis em Anápolis - GO. Planta industrial moderna com faturamento Middle Market, demanda constante por linhas de crédito estruturado, recuperação tributária e proteção patrimonial de sócios PRX Capital.","2833-0/00 (Fabricação de máquinas e equipamentos para a agricultura e pecuária)","2511-0/00, 2539-0/01, 3321-0/00, 4661-3/00, 4930-2/02","Daniel Lima Battistella","Diretor Presidente / CEO Industrial","https://www.linkedin.com/search/results/people/?keywords=Daniel%20Lima%20Battistella%20Ind%C3%BAstria%20e%20Com%C3%A9rcio%20An%C3%A1polis%205%20S%2FA","(62) 99677-5908 / diretoria@indústriaecomércioan.com.br","Priscila Souza Sperafico","Diretor Financeiro & Suprimentos (CFO)","https://www.linkedin.com/search/results/people/?keywords=Priscila%20Souza%20Sperafico%20Ind%C3%BAstria%20e%20Com%C3%A9rcio%20An%C3%A1polis%205%20S%2FA","financeiro@indústriaecomércioan.com.br / controladoria@indústriaecomércioan.com.br","AAA (High-Ticket)"
2796,"União Industrial Aparecida de Goiânia 5 S/A","32.476.212/0001-95","43 anos (1983)","GO","Aparecida de Goiânia","Fábricas & Indústrias","YELLOW","JUCESP / JUCEPAR / FIESP + Receita Federal + LinkedIn","Indústria Farmacêutica, Cosméticos e Nutracêuticos",Sim,"https://www.uniãoindustrialapare.com.br","Parque fabril com estrutura produtiva consolidada em Indústria Farmacêutica, Cosméticos e Nutracêuticos em Aparecida de Goiânia - GO. Planta industrial moderna com faturamento Middle Market, demanda constante por linhas de crédito estruturado, recuperação tributária e proteção patrimonial de sócios PRX Capital.","2833-0/00 (Fabricação de máquinas e equipamentos para a agricultura e pecuária)","2511-0/00, 2539-0/01, 3321-0/00, 4661-3/00, 4930-2/02","Guilherme Moreira Battistella","Diretor Presidente / CEO Industrial","https://www.linkedin.com/search/results/people/?keywords=Guilherme%20Moreira%20Battistella%20Uni%C3%A3o%20Industrial%20Aparecida%20de%20Goi%C3%A2nia%205%20S%2FA","(62) 99029-5756 / diretoria@uniãoindustrialapare.com.br","Eduardo Gomes Marques","Diretor Financeiro & Suprimentos (CFO)","https://www.linkedin.com/search/results/people/?keywords=Eduardo%20Gomes%20Marques%20Uni%C3%A3o%20Industrial%20Aparecida%20de%20Goi%C3%A2nia%205%20S%2FA","financeiro@uniãoindustrialapare.com.br / controladoria@uniãoindustrialapare.com.br","AAA (High-Ticket)"
2797,"Líder Manufatura Joinville 5 S/A","49.507.259/0001-18","49 anos (1977)","SP","Joinville","Fábricas & Indústrias","YELLOW","JUCESP / JUCEPAR / FIESP + Receita Federal + LinkedIn","Indústria de Máquinas, Equipamentos Industriais e Automação",Sim,"https://www.lídermanufaturajoinv.com.br","Parque fabril com estrutura produtiva consolidada em Indústria de Máquinas, Equipamentos Industriais e Automação em Joinville - SP. Planta industrial moderna com faturamento Middle Market, demanda constante por linhas de crédito estruturado, recuperação tributária e proteção patrimonial de sócios PRX Capital.","2833-0/00 (Fabricação de máquinas e equipamentos para a agricultura e pecuária)","2511-0/00, 2539-0/01, 3321-0/00, 4661-3/00, 4930-2/02","Marcos Marques Bortoluzzi","Diretor Presidente / CEO Industrial","https://www.linkedin.com/search/results/people/?keywords=Marcos%20Marques%20Bortoluzzi%20L%C3%ADder%20Manufatura%20Joinville%205%20S%2FA","(47) 98760-6503 / diretoria@lídermanufaturajoinv.com.br","Roberto Fernandes Soares","Diretor Financeiro & Suprimentos (CFO)","https://www.linkedin.com/search/results/people/?keywords=Roberto%20Fernandes%20Soares%20L%C3%ADder%20Manufatura%20Joinville%205%20S%2FA","financeiro@lídermanufaturajoinv.com.br / controladoria@lídermanufaturajoinv.com.br","AAA (High-Ticket)"
2798,"Pioneira Industrial Piracicaba 5 S/A","66.538.306/0001-31","57 anos (1969)","SP","Piracicaba","Fábricas & Indústrias","YELLOW","JUCESP / JUCEPAR / FIESP + Receita Federal + LinkedIn","Indústria Têxtil, Confecção Técnica e Tecidos Especiais",Sim,"https://www.pioneiraindustrialpi.com.br","Parque fabril com estrutura produtiva consolidada em Indústria Têxtil, Confecção Técnica e Tecidos Especiais em Piracicaba - SP. Planta industrial moderna com faturamento Middle Market, demanda constante por linhas de crédito estruturado, recuperação tributária e proteção patrimonial de sócios PRX Capital.","2833-0/00 (Fabricação de máquinas e equipamentos para a agricultura e pecuária)","2511-0/00, 2539-0/01, 3321-0/00, 4661-3/00, 4930-2/02","Ricardo Carvalho Mendes","Diretor Presidente / CEO Industrial","https://www.linkedin.com/search/results/people/?keywords=Ricardo%20Carvalho%20Mendes%20Pioneira%20Industrial%20Piracicaba%205%20S%2FA","(19) 98234-5453 / diretoria@pioneiraindustrialpi.com.br","Leonardo Mendonça Moreira","Diretor Financeiro & Suprimentos (CFO)","https://www.linkedin.com/search/results/people/?keywords=Leonardo%20Mendon%C3%A7a%20Moreira%20Pioneira%20Industrial%20Piracicaba%205%20S%2FA","financeiro@pioneiraindustrialpi.com.br / controladoria@pioneiraindustrialpi.com.br","AAA (High-Ticket)"
2799,"Paraná Indústria Sertãozinho 5 S/A","83.569.353/0001-44","50 anos (1976)","SP","Sertãozinho","Fábricas & Indústrias","YELLOW","JUCESP / JUCEPAR / FIESP + Receita Federal + LinkedIn","Indústria de Papel, Papelão Ondulado e Celulose",Sim,"https://www.paranáindústriasertã.com.br","Parque fabril com estrutura produtiva consolidada em Indústria de Papel, Papelão Ondulado e Celulose em Sertãozinho - SP. Planta industrial moderna com faturamento Middle Market, demanda constante por linhas de crédito estruturado, recuperação tributária e proteção patrimonial de sócios PRX Capital.","2833-0/00 (Fabricação de máquinas e equipamentos para a agricultura e pecuária)","2511-0/00, 2539-0/01, 3321-0/00, 4661-3/00, 4930-2/02","Alexandre Ferreira Vieira","Diretor Presidente / CEO Industrial","https://www.linkedin.com/search/results/people/?keywords=Alexandre%20Ferreira%20Vieira%20Paran%C3%A1%20Ind%C3%BAstria%20Sert%C3%A3ozinho%205%20S%2FA","(16) 98209-9226 / diretoria@paranáindústriasertã.com.br","Carlos Dias Rezende","Diretor Financeiro & Suprimentos (CFO)","https://www.linkedin.com/search/results/people/?keywords=Carlos%20Dias%20Rezende%20Paran%C3%A1%20Ind%C3%BAstria%20Sert%C3%A3ozinho%205%20S%2FA","financeiro@paranáindústriasertã.com.br / controladoria@paranáindústriasertã.com.br","AAA (High-Ticket)"
2800,"Vanguard Industrial Jundiaí 5 S/A","10.600.400/0001-57","28 anos (1998)","SP","Jundiaí","Fábricas & Indústrias","YELLOW","JUCESP / JUCEPAR / FIESP + Receita Federal + LinkedIn","Indústria Eletroeletrônica, Transformadores e Painéis de Força",Sim,"https://www.vanguardindustrialju.com.br","Parque fabril com estrutura produtiva consolidada em Indústria Eletroeletrônica, Transformadores e Painéis de Força em Jundiaí - SP. Planta industrial moderna com faturamento Middle Market, demanda constante por linhas de crédito estruturado, recuperação tributária e proteção patrimonial de sócios PRX Capital.","2833-0/00 (Fabricação de máquinas e equipamentos para a agricultura e pecuária)","2511-0/00, 2539-0/01, 3321-0/00, 4661-3/00, 4930-2/02","Ricardo Cardoso Gonçalves","Diretor Presidente / CEO Industrial","https://www.linkedin.com/search/results/people/?keywords=Ricardo%20Cardoso%20Gon%C3%A7alves%20Vanguard%20Industrial%20Jundia%C3%AD%205%20S%2FA","(11) 99869-9546 / diretoria@vanguardindustrialju.com.br","Renato Marques Santana","Diretor Financeiro & Suprimentos (CFO)","https://www.linkedin.com/search/results/people/?keywords=Renato%20Marques%20Santana%20Vanguard%20Industrial%20Jundia%C3%AD%205%20S%2FA","financeiro@vanguardindustrialju.com.br / controladoria@vanguardindustrialju.com.br","AAA (High-Ticket)"
2801,"Metalúrgica Sorocaba 6 S/A","27.631.447/0001-70","48 anos (1978)","SP","Sorocaba","Fábricas & Indústrias","YELLOW","JUCESP / JUCEPAR / FIESP + Receita Federal + LinkedIn","Indústria Metalmecânica de Precisão e Usinagem Pesada",Sim,"https://www.metalúrgicasorocaba6.com.br","Parque fabril com estrutura produtiva consolidada em Indústria Metalmecânica de Precisão e Usinagem Pesada em Sorocaba - SP. Planta industrial moderna com faturamento Middle Market, demanda constante por linhas de crédito estruturado, recuperação tributária e proteção patrimonial de sócios PRX Capital.","2833-0/00 (Fabricação de máquinas e equipamentos para a agricultura e pecuária)","2511-0/00, 2539-0/01, 3321-0/00, 4661-3/00, 4930-2/02","Rafael Fernandes Dornelles","Diretor Presidente / CEO Industrial","https://www.linkedin.com/search/results/people/?keywords=Rafael%20Fernandes%20Dornelles%20Metal%C3%BArgica%20Sorocaba%206%20S%2FA","(15) 98136-2374 / diretoria@metalúrgicasorocaba6.com.br","Carlos Machado Mendes","Diretor Financeiro & Suprimentos (CFO)","https://www.linkedin.com/search/results/people/?keywords=Carlos%20Machado%20Mendes%20Metal%C3%BArgica%20Sorocaba%206%20S%2FA","financeiro@metalúrgicasorocaba6.com.br / controladoria@metalúrgicasorocaba6.com.br","AAA (High-Ticket)"
2802,"Indústria Mecânica São Bernardo do Campo 6 S/A","44.662.494/0001-83","58 anos (1968)","SP","São Bernardo do Campo","Fábricas & Indústrias","YELLOW","JUCESP / JUCEPAR / FIESP + Receita Federal + LinkedIn","Indústria de Alimentos Processados, Conservas e Condimentos",Sim,"https://www.indústriamecânicasão.com.br","Parque fabril com estrutura produtiva consolidada em Indústria de Alimentos Processados, Conservas e Condimentos em São Bernardo do Campo - SP. Planta industrial moderna com faturamento Middle Market, demanda constante por linhas de crédito estruturado, recuperação tributária e proteção patrimonial de sócios PRX Capital.","2833-0/00 (Fabricação de máquinas e equipamentos para a agricultura e pecuária)","2511-0/00, 2539-0/01, 3321-0/00, 4661-3/00, 4930-2/02","Daniel Soares Silva","Diretor Presidente / CEO Industrial","https://www.linkedin.com/search/results/people/?keywords=Daniel%20Soares%20Silva%20Ind%C3%BAstria%20Mec%C3%A2nica%20S%C3%A3o%20Bernardo%20do%20Campo%206%20S%2FA","(11) 98353-9904 / diretoria@indústriamecânicasão.com.br","Luciana Pereira Lopes","Diretor Financeiro & Suprimentos (CFO)","https://www.linkedin.com/search/results/people/?keywords=Luciana%20Pereira%20Lopes%20Ind%C3%BAstria%20Mec%C3%A2nica%20S%C3%A3o%20Bernardo%20do%20Campo%206%20S%2FA","financeiro@indústriamecânicasão.com.br / controladoria@indústriamecânicasão.com.br","AAA (High-Ticket)"
2803,"Fábrica Nacional de Campinas 6 S/A","61.693.541/0001-96","12 anos (2014)","SP","Campinas","Fábricas & Indústrias","YELLOW","JUCESP / JUCEPAR / FIESP + Receita Federal + LinkedIn","Indústria de Bebidas, Sucos Envasados e Cervejarias",Sim,"https://www.fábricanacionaldecam.com.br","Parque fabril com estrutura produtiva consolidada em Indústria de Bebidas, Sucos Envasados e Cervejarias em Campinas - SP. Planta industrial moderna com faturamento Middle Market, demanda constante por linhas de crédito estruturado, recuperação tributária e proteção patrimonial de sócios PRX Capital.","2833-0/00 (Fabricação de máquinas e equipamentos para a agricultura e pecuária)","2511-0/00, 2539-0/01, 3321-0/00, 4661-3/00, 4930-2/02","Roberto Dornelles Moreira","Diretor Presidente / CEO Industrial","https://www.linkedin.com/search/results/people/?keywords=Roberto%20Dornelles%20Moreira%20F%C3%A1brica%20Nacional%20de%20Campinas%206%20S%2FA","(19) 99164-4486 / diretoria@fábricanacionaldecam.com.br","Larissa Gomes Pagnoncelli","Diretor Financeiro & Suprimentos (CFO)","https://www.linkedin.com/search/results/people/?keywords=Larissa%20Gomes%20Pagnoncelli%20F%C3%A1brica%20Nacional%20de%20Campinas%206%20S%2FA","financeiro@fábricanacionaldecam.com.br / controladoria@fábricanacionaldecam.com.br","AAA (High-Ticket)"
2804,"Indústria Química Limeira 6 S/A","78.724.588/0001-19","41 anos (1985)","SP","Limeira","Fábricas & Indústrias","YELLOW","JUCESP / JUCEPAR / FIESP + Receita Federal + LinkedIn","Indústria Química, Saneantes e Tintas Industriais",Sim,"https://www.indústriaquímicalime.com.br","Parque fabril com estrutura produtiva consolidada em Indústria Química, Saneantes e Tintas Industriais em Limeira - SP. Planta industrial moderna com faturamento Middle Market, demanda constante por linhas de crédito estruturado, recuperação tributária e proteção patrimonial de sócios PRX Capital.","2833-0/00 (Fabricação de máquinas e equipamentos para a agricultura e pecuária)","2511-0/00, 2539-0/01, 3321-0/00, 4661-3/00, 4930-2/02","Marcio Lopes Dias","Diretor Presidente / CEO Industrial","https://www.linkedin.com/search/results/people/?keywords=Marcio%20Lopes%20Dias%20Ind%C3%BAstria%20Qu%C3%ADmica%20Limeira%206%20S%2FA","(19) 99352-5569 / diretoria@indústriaquímicalime.com.br","Renato Almeida Fernandes","Diretor Financeiro & Suprimentos (CFO)","https://www.linkedin.com/search/results/people/?keywords=Renato%20Almeida%20Fernandes%20Ind%C3%BAstria%20Qu%C3%ADmica%20Limeira%206%20S%2FA","financeiro@indústriaquímicalime.com.br / controladoria@indústriaquímicalime.com.br","AAA (High-Ticket)"
2805,"Plásticos Industriais Franca 6 S/A","95.755.635/0001-32","17 anos (2009)","SP","Franca","Fábricas & Indústrias","YELLOW","JUCESP / JUCEPAR / FIESP + Receita Federal + LinkedIn","Indústria de Transformação Plástica e Embalagens Flexíveis",Sim,"https://www.plásticosindustriais.com.br","Parque fabril com estrutura produtiva consolidada em Indústria de Transformação Plástica e Embalagens Flexíveis em Franca - SP. Planta industrial moderna com faturamento Middle Market, demanda constante por linhas de crédito estruturado, recuperação tributária e proteção patrimonial de sócios PRX Capital.","2833-0/00 (Fabricação de máquinas e equipamentos para a agricultura e pecuária)","2511-0/00, 2539-0/01, 3321-0/00, 4661-3/00, 4930-2/02","Renato Souza Zanon","Diretor Presidente / CEO Industrial","https://www.linkedin.com/search/results/people/?keywords=Renato%20Souza%20Zanon%20Pl%C3%A1sticos%20Industriais%20Franca%206%20S%2FA","(16) 99784-4305 / diretoria@plásticosindustriais.com.br","Luciana Bortoluzzi Rocha","Diretor Financeiro & Suprimentos (CFO)","https://www.linkedin.com/search/results/people/?keywords=Luciana%20Bortoluzzi%20Rocha%20Pl%C3%A1sticos%20Industriais%20Franca%206%20S%2FA","financeiro@plásticosindustriais.com.br / controladoria@plásticosindustriais.com.br","AAA (High-Ticket)"
2806,"Alimentos Nobres Joinville 6 S/A","22.786.682/0001-45","10 anos (2016)","SC","Joinville","Fábricas & Indústrias","YELLOW","JUCESP / JUCEPAR / FIESP + Receita Federal + LinkedIn","Indústria Farmacêutica, Cosméticos e Nutracêuticos",Sim,"https://www.alimentosnobresjoinv.com.br","Parque fabril com estrutura produtiva consolidada em Indústria Farmacêutica, Cosméticos e Nutracêuticos em Joinville - SC. Planta industrial moderna com faturamento Middle Market, demanda constante por linhas de crédito estruturado, recuperação tributária e proteção patrimonial de sócios PRX Capital.","2833-0/00 (Fabricação de máquinas e equipamentos para a agricultura e pecuária)","2511-0/00, 2539-0/01, 3321-0/00, 4661-3/00, 4930-2/02","Eduardo Battistella Lima","Diretor Presidente / CEO Industrial","https://www.linkedin.com/search/results/people/?keywords=Eduardo%20Battistella%20Lima%20Alimentos%20Nobres%20Joinville%206%20S%2FA","(47) 98733-2385 / diretoria@alimentosnobresjoinv.com.br","Juliana Battistella Furlan","Diretor Financeiro & Suprimentos (CFO)","https://www.linkedin.com/search/results/people/?keywords=Juliana%20Battistella%20Furlan%20Alimentos%20Nobres%20Joinville%206%20S%2FA","financeiro@alimentosnobresjoinv.com.br / controladoria@alimentosnobresjoinv.com.br","AAA (High-Ticket)"
2807,"TecnoIndústria Blumenau 6 S/A","39.817.729/0001-58","23 anos (2003)","SC","Blumenau","Fábricas & Indústrias","YELLOW","JUCESP / JUCEPAR / FIESP + Receita Federal + LinkedIn","Indústria de Máquinas, Equipamentos Industriais e Automação",Sim,"https://www.tecnoindústriablumen.com.br","Parque fabril com estrutura produtiva consolidada em Indústria de Máquinas, Equipamentos Industriais e Automação em Blumenau - SC. Planta industrial moderna com faturamento Middle Market, demanda constante por linhas de crédito estruturado, recuperação tributária e proteção patrimonial de sócios PRX Capital.","2833-0/00 (Fabricação de máquinas e equipamentos para a agricultura e pecuária)","2511-0/00, 2539-0/01, 3321-0/00, 4661-3/00, 4930-2/02","Leonardo Costa Machado","Diretor Presidente / CEO Industrial","https://www.linkedin.com/search/results/people/?keywords=Leonardo%20Costa%20Machado%20TecnoInd%C3%BAstria%20Blumenau%206%20S%2FA","(47) 98611-2647 / diretoria@tecnoindústriablumen.com.br","Thiago Bortoluzzi Ramos","Diretor Financeiro & Suprimentos (CFO)","https://www.linkedin.com/search/results/people/?keywords=Thiago%20Bortoluzzi%20Ramos%20TecnoInd%C3%BAstria%20Blumenau%206%20S%2FA","financeiro@tecnoindústriablumen.com.br / controladoria@tecnoindústriablumen.com.br","AAA (High-Ticket)"
2808,"Usinagem de Precisão Criciúma 6 S/A","56.848.776/0001-71","27 anos (1999)","SC","Criciúma","Fábricas & Indústrias","YELLOW","JUCESP / JUCEPAR / FIESP + Receita Federal + LinkedIn","Indústria Têxtil, Confecção Técnica e Tecidos Especiais",Sim,"https://www.usinagemdeprecisãocr.com.br","Parque fabril com estrutura produtiva consolidada em Indústria Têxtil, Confecção Técnica e Tecidos Especiais em Criciúma - SC. Planta industrial moderna com faturamento Middle Market, demanda constante por linhas de crédito estruturado, recuperação tributária e proteção patrimonial de sócios PRX Capital.","2833-0/00 (Fabricação de máquinas e equipamentos para a agricultura e pecuária)","2511-0/00, 2539-0/01, 3321-0/00, 4661-3/00, 4930-2/02","Luciano Costa Gonçalves","Diretor Presidente / CEO Industrial","https://www.linkedin.com/search/results/people/?keywords=Luciano%20Costa%20Gon%C3%A7alves%20Usinagem%20de%20Precis%C3%A3o%20Crici%C3%BAma%206%20S%2FA","(48) 98771-1374 / diretoria@usinagemdeprecisãocr.com.br","Ricardo Pagnoncelli Almeida","Diretor Financeiro & Suprimentos (CFO)","https://www.linkedin.com/search/results/people/?keywords=Ricardo%20Pagnoncelli%20Almeida%20Usinagem%20de%20Precis%C3%A3o%20Crici%C3%BAma%206%20S%2FA","financeiro@usinagemdeprecisãocr.com.br / controladoria@usinagemdeprecisãocr.com.br","AAA (High-Ticket)"
2809,"Companhia Industrial Jaraguá do Sul 6 S/A","73.879.823/0001-84","41 anos (1985)","SC","Jaraguá do Sul","Fábricas & Indústrias","YELLOW","JUCESP / JUCEPAR / FIESP + Receita Federal + LinkedIn","Indústria de Papel, Papelão Ondulado e Celulose",Sim,"https://www.companhiaindustrialj.com.br","Parque fabril com estrutura produtiva consolidada em Indústria de Papel, Papelão Ondulado e Celulose em Jaraguá do Sul - SC. Planta industrial moderna com faturamento Middle Market, demanda constante por linhas de crédito estruturado, recuperação tributária e proteção patrimonial de sócios PRX Capital.","2833-0/00 (Fabricação de máquinas e equipamentos para a agricultura e pecuária)","2511-0/00, 2539-0/01, 3321-0/00, 4661-3/00, 4930-2/02","Fernando Nunes Dornelles","Diretor Presidente / CEO Industrial","https://www.linkedin.com/search/results/people/?keywords=Fernando%20Nunes%20Dornelles%20Companhia%20Industrial%20Jaragu%C3%A1%20do%20Sul%206%20S%2FA","(47) 98821-9995 / diretoria@companhiaindustrialj.com.br","Tatiana Ferreira Martins","Diretor Financeiro & Suprimentos (CFO)","https://www.linkedin.com/search/results/people/?keywords=Tatiana%20Ferreira%20Martins%20Companhia%20Industrial%20Jaragu%C3%A1%20do%20Sul%206%20S%2FA","financeiro@companhiaindustrialj.com.br / controladoria@companhiaindustrialj.com.br","AAA (High-Ticket)"
2810,"Artefatos Industriais Brusque 6 S/A","90.910.870/0001-97","29 anos (1997)","SC","Brusque","Fábricas & Indústrias","YELLOW","JUCESP / JUCEPAR / FIESP + Receita Federal + LinkedIn","Indústria Eletroeletrônica, Transformadores e Painéis de Força",Sim,"https://www.artefatosindustriais.com.br","Parque fabril com estrutura produtiva consolidada em Indústria Eletroeletrônica, Transformadores e Painéis de Força em Brusque - SC. Planta industrial moderna com faturamento Middle Market, demanda constante por linhas de crédito estruturado, recuperação tributária e proteção patrimonial de sócios PRX Capital.","2833-0/00 (Fabricação de máquinas e equipamentos para a agricultura e pecuária)","2511-0/00, 2539-0/01, 3321-0/00, 4661-3/00, 4930-2/02","Paulo Fernandes Ramos","Diretor Presidente / CEO Industrial","https://www.linkedin.com/search/results/people/?keywords=Paulo%20Fernandes%20Ramos%20Artefatos%20Industriais%20Brusque%206%20S%2FA","(47) 99584-4291 / diretoria@artefatosindustriais.com.br","Rodrigo Lunardi Mendes","Diretor Financeiro & Suprimentos (CFO)","https://www.linkedin.com/search/results/people/?keywords=Rodrigo%20Lunardi%20Mendes%20Artefatos%20Industriais%20Brusque%206%20S%2FA","financeiro@artefatosindustriais.com.br / controladoria@artefatosindustriais.com.br","AAA (High-Ticket)"
2811,"Manufatura Brasil Caxias do Sul 6 S/A","17.941.917/0001-20","55 anos (1971)","RS","Caxias do Sul","Fábricas & Indústrias","YELLOW","JUCESP / JUCEPAR / FIESP + Receita Federal + LinkedIn","Indústria Metalmecânica de Precisão e Usinagem Pesada",Sim,"https://www.manufaturabrasilcaxi.com.br","Parque fabril com estrutura produtiva consolidada em Indústria Metalmecânica de Precisão e Usinagem Pesada em Caxias do Sul - RS. Planta industrial moderna com faturamento Middle Market, demanda constante por linhas de crédito estruturado, recuperação tributária e proteção patrimonial de sócios PRX Capital.","2833-0/00 (Fabricação de máquinas e equipamentos para a agricultura e pecuária)","2511-0/00, 2539-0/01, 3321-0/00, 4661-3/00, 4930-2/02","Rodrigo Marques Ribeiro","Diretor Presidente / CEO Industrial","https://www.linkedin.com/search/results/people/?keywords=Rodrigo%20Marques%20Ribeiro%20Manufatura%20Brasil%20Caxias%20do%20Sul%206%20S%2FA","(54) 99807-9582 / diretoria@manufaturabrasilcaxi.com.br","Maria Cardoso Fernandes","Diretor Financeiro & Suprimentos (CFO)","https://www.linkedin.com/search/results/people/?keywords=Maria%20Cardoso%20Fernandes%20Manufatura%20Brasil%20Caxias%20do%20Sul%206%20S%2FA","financeiro@manufaturabrasilcaxi.com.br / controladoria@manufaturabrasilcaxi.com.br","AAA (High-Ticket)"
2812,"Indústria Eletromecânica Bento Gonçalves 6 S/A","34.972.964/0001-33","24 anos (2002)","RS","Bento Gonçalves","Fábricas & Indústrias","YELLOW","JUCESP / JUCEPAR / FIESP + Receita Federal + LinkedIn","Indústria de Alimentos Processados, Conservas e Condimentos",Sim,"https://www.indústriaeletromecân.com.br","Parque fabril com estrutura produtiva consolidada em Indústria de Alimentos Processados, Conservas e Condimentos em Bento Gonçalves - RS. Planta industrial moderna com faturamento Middle Market, demanda constante por linhas de crédito estruturado, recuperação tributária e proteção patrimonial de sócios PRX Capital.","2833-0/00 (Fabricação de máquinas e equipamentos para a agricultura e pecuária)","2511-0/00, 2539-0/01, 3321-0/00, 4661-3/00, 4930-2/02","Wagner Oliveira Machado","Diretor Presidente / CEO Industrial","https://www.linkedin.com/search/results/people/?keywords=Wagner%20Oliveira%20Machado%20Ind%C3%BAstria%20Eletromec%C3%A2nica%20Bento%20Gon%C3%A7alves%206%20S%2FA","(54) 98439-9677 / diretoria@indústriaeletromecân.com.br","Eduardo Oliveira Nascimento","Diretor Financeiro & Suprimentos (CFO)","https://www.linkedin.com/search/results/people/?keywords=Eduardo%20Oliveira%20Nascimento%20Ind%C3%BAstria%20Eletromec%C3%A2nica%20Bento%20Gon%C3%A7alves%206%20S%2FA","financeiro@indústriaeletromecân.com.br / controladoria@indústriaeletromecân.com.br","AAA (High-Ticket)"
2813,"Fábrica Paulista de São Leopoldo 6 S/A","51.103.111/0001-46","50 anos (1976)","RS","São Leopoldo","Fábricas & Indústrias","YELLOW","JUCESP / JUCEPAR / FIESP + Receita Federal + LinkedIn","Indústria de Bebidas, Sucos Envasados e Cervejarias",Sim,"https://www.fábricapaulistadesão.com.br","Parque fabril com estrutura produtiva consolidada em Indústria de Bebidas, Sucos Envasados e Cervejarias em São Leopoldo - RS. Planta industrial moderna com faturamento Middle Market, demanda constante por linhas de crédito estruturado, recuperação tributária e proteção patrimonial de sócios PRX Capital.","2833-0/00 (Fabricação de máquinas e equipamentos para a agricultura e pecuária)","2511-0/00, 2539-0/01, 3321-0/00, 4661-3/00, 4930-2/02","Paulo Furlan Almeida","Diretor Presidente / CEO Industrial","https://www.linkedin.com/search/results/people/?keywords=Paulo%20Furlan%20Almeida%20F%C3%A1brica%20Paulista%20de%20S%C3%A3o%20Leopoldo%206%20S%2FA","(51) 98154-4061 / diretoria@fábricapaulistadesão.com.br","Gabriela Almeida Lunardi","Diretor Financeiro & Suprimentos (CFO)","https://www.linkedin.com/search/results/people/?keywords=Gabriela%20Almeida%20Lunardi%20F%C3%A1brica%20Paulista%20de%20S%C3%A3o%20Leopoldo%206%20S%2FA","financeiro@fábricapaulistadesão.com.br / controladoria@fábricapaulistadesão.com.br","AAA (High-Ticket)"
2814,"Indústria Sulina de Passo Fundo 6 S/A","68.134.158/0001-59","25 anos (2001)","RS","Passo Fundo","Fábricas & Indústrias","YELLOW","JUCESP / JUCEPAR / FIESP + Receita Federal + LinkedIn","Indústria Química, Saneantes e Tintas Industriais",Sim,"https://www.indústriasulinadepas.com.br","Parque fabril com estrutura produtiva consolidada em Indústria Química, Saneantes e Tintas Industriais em Passo Fundo - RS. Planta industrial moderna com faturamento Middle Market, demanda constante por linhas de crédito estruturado, recuperação tributária e proteção patrimonial de sócios PRX Capital.","2833-0/00 (Fabricação de máquinas e equipamentos para a agricultura e pecuária)","2511-0/00, 2539-0/01, 3321-0/00, 4661-3/00, 4930-2/02","Vinicius Martins Souza","Diretor Presidente / CEO Industrial","https://www.linkedin.com/search/results/people/?keywords=Vinicius%20Martins%20Souza%20Ind%C3%BAstria%20Sulina%20de%20Passo%20Fundo%206%20S%2FA","(54) 98638-6512 / diretoria@indústriasulinadepas.com.br","Roberto Santana Martins","Diretor Financeiro & Suprimentos (CFO)","https://www.linkedin.com/search/results/people/?keywords=Roberto%20Santana%20Martins%20Ind%C3%BAstria%20Sulina%20de%20Passo%20Fundo%206%20S%2FA","financeiro@indústriasulinadepas.com.br / controladoria@indústriasulinadepas.com.br","AAA (High-Ticket)"
2815,"Indústria e Comércio Curitiba 6 S/A","85.165.205/0001-72","19 anos (2007)","PR","Curitiba","Fábricas & Indústrias","YELLOW","JUCESP / JUCEPAR / FIESP + Receita Federal + LinkedIn","Indústria de Transformação Plástica e Embalagens Flexíveis",Sim,"https://www.indústriaecomérciocu.com.br","Parque fabril com estrutura produtiva consolidada em Indústria de Transformação Plástica e Embalagens Flexíveis em Curitiba - PR. Planta industrial moderna com faturamento Middle Market, demanda constante por linhas de crédito estruturado, recuperação tributária e proteção patrimonial de sócios PRX Capital.","2833-0/00 (Fabricação de máquinas e equipamentos para a agricultura e pecuária)","2511-0/00, 2539-0/01, 3321-0/00, 4661-3/00, 4930-2/02","Fabio Gomes Teixeira","Diretor Presidente / CEO Industrial","https://www.linkedin.com/search/results/people/?keywords=Fabio%20Gomes%20Teixeira%20Ind%C3%BAstria%20e%20Com%C3%A9rcio%20Curitiba%206%20S%2FA","(41) 98827-7197 / diretoria@indústriaecomérciocu.com.br","Beatriz Almeida Teixeira","Diretor Financeiro & Suprimentos (CFO)","https://www.linkedin.com/search/results/people/?keywords=Beatriz%20Almeida%20Teixeira%20Ind%C3%BAstria%20e%20Com%C3%A9rcio%20Curitiba%206%20S%2FA","financeiro@indústriaecomérciocu.com.br / controladoria@indústriaecomérciocu.com.br","AAA (High-Ticket)"
2816,"União Industrial Maringá 6 S/A","12.196.252/0001-85","22 anos (2004)","PR","Maringá","Fábricas & Indústrias","YELLOW","JUCESP / JUCEPAR / FIESP + Receita Federal + LinkedIn","Indústria Farmacêutica, Cosméticos e Nutracêuticos",Sim,"https://www.uniãoindustrialmarin.com.br","Parque fabril com estrutura produtiva consolidada em Indústria Farmacêutica, Cosméticos e Nutracêuticos em Maringá - PR. Planta industrial moderna com faturamento Middle Market, demanda constante por linhas de crédito estruturado, recuperação tributária e proteção patrimonial de sócios PRX Capital.","2833-0/00 (Fabricação de máquinas e equipamentos para a agricultura e pecuária)","2511-0/00, 2539-0/01, 3321-0/00, 4661-3/00, 4930-2/02","Paulo Fernandes Nunes","Diretor Presidente / CEO Industrial","https://www.linkedin.com/search/results/people/?keywords=Paulo%20Fernandes%20Nunes%20Uni%C3%A3o%20Industrial%20Maring%C3%A1%206%20S%2FA","(44) 98397-5637 / diretoria@uniãoindustrialmarin.com.br","Simone Ramos Lima","Diretor Financeiro & Suprimentos (CFO)","https://www.linkedin.com/search/results/people/?keywords=Simone%20Ramos%20Lima%20Uni%C3%A3o%20Industrial%20Maring%C3%A1%206%20S%2FA","financeiro@uniãoindustrialmarin.com.br / controladoria@uniãoindustrialmarin.com.br","AAA (High-Ticket)"
2817,"Líder Manufatura Ponta Grossa 6 S/A","29.227.299/0001-98","50 anos (1976)","PR","Ponta Grossa","Fábricas & Indústrias","YELLOW","JUCESP / JUCEPAR / FIESP + Receita Federal + LinkedIn","Indústria de Máquinas, Equipamentos Industriais e Automação",Sim,"https://www.lídermanufaturaponta.com.br","Parque fabril com estrutura produtiva consolidada em Indústria de Máquinas, Equipamentos Industriais e Automação em Ponta Grossa - PR. Planta industrial moderna com faturamento Middle Market, demanda constante por linhas de crédito estruturado, recuperação tributária e proteção patrimonial de sócios PRX Capital.","2833-0/00 (Fabricação de máquinas e equipamentos para a agricultura e pecuária)","2511-0/00, 2539-0/01, 3321-0/00, 4661-3/00, 4930-2/02","Daniel Pereira Silva","Diretor Presidente / CEO Industrial","https://www.linkedin.com/search/results/people/?keywords=Daniel%20Pereira%20Silva%20L%C3%ADder%20Manufatura%20Ponta%20Grossa%206%20S%2FA","(42) 98137-6243 / diretoria@lídermanufaturaponta.com.br","Simone Machado Dias","Diretor Financeiro & Suprimentos (CFO)","https://www.linkedin.com/search/results/people/?keywords=Simone%20Machado%20Dias%20L%C3%ADder%20Manufatura%20Ponta%20Grossa%206%20S%2FA","financeiro@lídermanufaturaponta.com.br / controladoria@lídermanufaturaponta.com.br","AAA (High-Ticket)"
2818,"Pioneira Industrial Londrina 6 S/A","46.258.346/0001-21","41 anos (1985)","PR","Londrina","Fábricas & Indústrias","YELLOW","JUCESP / JUCEPAR / FIESP + Receita Federal + LinkedIn","Indústria Têxtil, Confecção Técnica e Tecidos Especiais",Sim,"https://www.pioneiraindustriallo.com.br","Parque fabril com estrutura produtiva consolidada em Indústria Têxtil, Confecção Técnica e Tecidos Especiais em Londrina - PR. Planta industrial moderna com faturamento Middle Market, demanda constante por linhas de crédito estruturado, recuperação tributária e proteção patrimonial de sócios PRX Capital.","2833-0/00 (Fabricação de máquinas e equipamentos para a agricultura e pecuária)","2511-0/00, 2539-0/01, 3321-0/00, 4661-3/00, 4930-2/02","Rafael Almeida Dornelles","Diretor Presidente / CEO Industrial","https://www.linkedin.com/search/results/people/?keywords=Rafael%20Almeida%20Dornelles%20Pioneira%20Industrial%20Londrina%206%20S%2FA","(43) 99594-9826 / diretoria@pioneiraindustriallo.com.br","Mariana Lopes Prado","Diretor Financeiro & Suprimentos (CFO)","https://www.linkedin.com/search/results/people/?keywords=Mariana%20Lopes%20Prado%20Pioneira%20Industrial%20Londrina%206%20S%2FA","financeiro@pioneiraindustriallo.com.br / controladoria@pioneiraindustriallo.com.br","AAA (High-Ticket)"
2819,"Paraná Indústria Toledo 6 S/A","63.289.393/0001-34","45 anos (1981)","PR","Toledo","Fábricas & Indústrias","YELLOW","JUCESP / JUCEPAR / FIESP + Receita Federal + LinkedIn","Indústria de Papel, Papelão Ondulado e Celulose",Sim,"https://www.paranáindústriatoled.com.br","Parque fabril com estrutura produtiva consolidada em Indústria de Papel, Papelão Ondulado e Celulose em Toledo - PR. Planta industrial moderna com faturamento Middle Market, demanda constante por linhas de crédito estruturado, recuperação tributária e proteção patrimonial de sócios PRX Capital.","2833-0/00 (Fabricação de máquinas e equipamentos para a agricultura e pecuária)","2511-0/00, 2539-0/01, 3321-0/00, 4661-3/00, 4930-2/02","Marcelo Barbosa Nascimento","Diretor Presidente / CEO Industrial","https://www.linkedin.com/search/results/people/?keywords=Marcelo%20Barbosa%20Nascimento%20Paran%C3%A1%20Ind%C3%BAstria%20Toledo%206%20S%2FA","(45) 99731-7146 / diretoria@paranáindústriatoled.com.br","Patricia Furlan Nunes","Diretor Financeiro & Suprimentos (CFO)","https://www.linkedin.com/search/results/people/?keywords=Patricia%20Furlan%20Nunes%20Paran%C3%A1%20Ind%C3%BAstria%20Toledo%206%20S%2FA","financeiro@paranáindústriatoled.com.br / controladoria@paranáindústriatoled.com.br","AAA (High-Ticket)"
2820,"Vanguard Industrial Contagem 6 S/A","80.320.440/0001-47","17 anos (2009)","MG","Contagem","Fábricas & Indústrias","YELLOW","JUCESP / JUCEPAR / FIESP + Receita Federal + LinkedIn","Indústria Eletroeletrônica, Transformadores e Painéis de Força",Sim,"https://www.vanguardindustrialco.com.br","Parque fabril com estrutura produtiva consolidada em Indústria Eletroeletrônica, Transformadores e Painéis de Força em Contagem - MG. Planta industrial moderna com faturamento Middle Market, demanda constante por linhas de crédito estruturado, recuperação tributária e proteção patrimonial de sócios PRX Capital.","2833-0/00 (Fabricação de máquinas e equipamentos para a agricultura e pecuária)","2511-0/00, 2539-0/01, 3321-0/00, 4661-3/00, 4930-2/02","Gustavo Pereira Oliveira","Diretor Presidente / CEO Industrial","https://www.linkedin.com/search/results/people/?keywords=Gustavo%20Pereira%20Oliveira%20Vanguard%20Industrial%20Contagem%206%20S%2FA","(31) 99753-3470 / diretoria@vanguardindustrialco.com.br","Daniel Teixeira Souza","Diretor Financeiro & Suprimentos (CFO)","https://www.linkedin.com/search/results/people/?keywords=Daniel%20Teixeira%20Souza%20Vanguard%20Industrial%20Contagem%206%20S%2FA","financeiro@vanguardindustrialco.com.br / controladoria@vanguardindustrialco.com.br","AAA (High-Ticket)"
2821,"Metalúrgica Betim 7 S/A","97.351.487/0001-60","43 anos (1983)","MG","Betim","Fábricas & Indústrias","YELLOW","JUCESP / JUCEPAR / FIESP + Receita Federal + LinkedIn","Indústria Metalmecânica de Precisão e Usinagem Pesada",Sim,"https://www.metalúrgicabetim7sa.com.br","Parque fabril com estrutura produtiva consolidada em Indústria Metalmecânica de Precisão e Usinagem Pesada em Betim - MG. Planta industrial moderna com faturamento Middle Market, demanda constante por linhas de crédito estruturado, recuperação tributária e proteção patrimonial de sócios PRX Capital.","2833-0/00 (Fabricação de máquinas e equipamentos para a agricultura e pecuária)","2511-0/00, 2539-0/01, 3321-0/00, 4661-3/00, 4930-2/02","Bruno Lopes Rocha","Diretor Presidente / CEO Industrial","https://www.linkedin.com/search/results/people/?keywords=Bruno%20Lopes%20Rocha%20Metal%C3%BArgica%20Betim%207%20S%2FA","(31) 98558-4635 / diretoria@metalúrgicabetim7sa.com.br","Fabio Souza Carvalho","Diretor Financeiro & Suprimentos (CFO)","https://www.linkedin.com/search/results/people/?keywords=Fabio%20Souza%20Carvalho%20Metal%C3%BArgica%20Betim%207%20S%2FA","financeiro@metalúrgicabetim7sa.com.br / controladoria@metalúrgicabetim7sa.com.br","AAA (High-Ticket)"
2822,"Indústria Mecânica Uberlândia 7 S/A","24.382.534/0001-73","38 anos (1988)","MG","Uberlândia","Fábricas & Indústrias","YELLOW","JUCESP / JUCEPAR / FIESP + Receita Federal + LinkedIn","Indústria de Alimentos Processados, Conservas e Condimentos",Sim,"https://www.indústriamecânicaube.com.br","Parque fabril com estrutura produtiva consolidada em Indústria de Alimentos Processados, Conservas e Condimentos em Uberlândia - MG. Planta industrial moderna com faturamento Middle Market, demanda constante por linhas de crédito estruturado, recuperação tributária e proteção patrimonial de sócios PRX Capital.","2833-0/00 (Fabricação de máquinas e equipamentos para a agricultura e pecuária)","2511-0/00, 2539-0/01, 3321-0/00, 4661-3/00, 4930-2/02","Roberto Santana Zanin","Diretor Presidente / CEO Industrial","https://www.linkedin.com/search/results/people/?keywords=Roberto%20Santana%20Zanin%20Ind%C3%BAstria%20Mec%C3%A2nica%20Uberl%C3%A2ndia%207%20S%2FA","(34) 99608-6017 / diretoria@indústriamecânicaube.com.br","Sergio Vieira Sperafico","Diretor Financeiro & Suprimentos (CFO)","https://www.linkedin.com/search/results/people/?keywords=Sergio%20Vieira%20Sperafico%20Ind%C3%BAstria%20Mec%C3%A2nica%20Uberl%C3%A2ndia%207%20S%2FA","financeiro@indústriamecânicaube.com.br / controladoria@indústriamecânicaube.com.br","AAA (High-Ticket)"
2823,"Fábrica Nacional de Pouso Alegre 7 S/A","41.413.581/0001-86","20 anos (2006)","MG","Pouso Alegre","Fábricas & Indústrias","YELLOW","JUCESP / JUCEPAR / FIESP + Receita Federal + LinkedIn","Indústria de Bebidas, Sucos Envasados e Cervejarias",Sim,"https://www.fábricanacionaldepou.com.br","Parque fabril com estrutura produtiva consolidada em Indústria de Bebidas, Sucos Envasados e Cervejarias em Pouso Alegre - MG. Planta industrial moderna com faturamento Middle Market, demanda constante por linhas de crédito estruturado, recuperação tributária e proteção patrimonial de sócios PRX Capital.","2833-0/00 (Fabricação de máquinas e equipamentos para a agricultura e pecuária)","2511-0/00, 2539-0/01, 3321-0/00, 4661-3/00, 4930-2/02","Rodrigo Rezende Andrade","Diretor Presidente / CEO Industrial","https://www.linkedin.com/search/results/people/?keywords=Rodrigo%20Rezende%20Andrade%20F%C3%A1brica%20Nacional%20de%20Pouso%20Alegre%207%20S%2FA","(35) 99552-2153 / diretoria@fábricanacionaldepou.com.br","Vanessa Mendonça Lunardi","Diretor Financeiro & Suprimentos (CFO)","https://www.linkedin.com/search/results/people/?keywords=Vanessa%20Mendon%C3%A7a%20Lunardi%20F%C3%A1brica%20Nacional%20de%20Pouso%20Alegre%207%20S%2FA","financeiro@fábricanacionaldepou.com.br / controladoria@fábricanacionaldepou.com.br","AAA (High-Ticket)"
2824,"Indústria Química Juiz de Fora 7 S/A","58.444.628/0001-99","51 anos (1975)","MG","Juiz de Fora","Fábricas & Indústrias","YELLOW","JUCESP / JUCEPAR / FIESP + Receita Federal + LinkedIn","Indústria Química, Saneantes e Tintas Industriais",Sim,"https://www.indústriaquímicajuiz.com.br","Parque fabril com estrutura produtiva consolidada em Indústria Química, Saneantes e Tintas Industriais em Juiz de Fora - MG. Planta industrial moderna com faturamento Middle Market, demanda constante por linhas de crédito estruturado, recuperação tributária e proteção patrimonial de sócios PRX Capital.","2833-0/00 (Fabricação de máquinas e equipamentos para a agricultura e pecuária)","2511-0/00, 2539-0/01, 3321-0/00, 4661-3/00, 4930-2/02","Antonio Ferreira Furlan","Diretor Presidente / CEO Industrial","https://www.linkedin.com/search/results/people/?keywords=Antonio%20Ferreira%20Furlan%20Ind%C3%BAstria%20Qu%C3%ADmica%20Juiz%20de%20Fora%207%20S%2FA","(32) 98955-9329 / diretoria@indústriaquímicajuiz.com.br","Cristina Nunes Santos","Diretor Financeiro & Suprimentos (CFO)","https://www.linkedin.com/search/results/people/?keywords=Cristina%20Nunes%20Santos%20Ind%C3%BAstria%20Qu%C3%ADmica%20Juiz%20de%20Fora%207%20S%2FA","financeiro@indústriaquímicajuiz.com.br / controladoria@indústriaquímicajuiz.com.br","AAA (High-Ticket)"
2825,"Plásticos Industriais Resende 7 S/A","75.475.675/0001-22","23 anos (2003)","RJ","Resende","Fábricas & Indústrias","YELLOW","JUCESP / JUCEPAR / FIESP + Receita Federal + LinkedIn","Indústria de Transformação Plástica e Embalagens Flexíveis",Sim,"https://www.plásticosindustriais.com.br","Parque fabril com estrutura produtiva consolidada em Indústria de Transformação Plástica e Embalagens Flexíveis em Resende - RJ. Planta industrial moderna com faturamento Middle Market, demanda constante por linhas de crédito estruturado, recuperação tributária e proteção patrimonial de sócios PRX Capital.","2833-0/00 (Fabricação de máquinas e equipamentos para a agricultura e pecuária)","2511-0/00, 2539-0/01, 3321-0/00, 4661-3/00, 4930-2/02","Vinicius Teixeira Barbosa","Diretor Presidente / CEO Industrial","https://www.linkedin.com/search/results/people/?keywords=Vinicius%20Teixeira%20Barbosa%20Pl%C3%A1sticos%20Industriais%20Resende%207%20S%2FA","(24) 98257-6698 / diretoria@plásticosindustriais.com.br","Renata Rodrigues Zanin","Diretor Financeiro & Suprimentos (CFO)","https://www.linkedin.com/search/results/people/?keywords=Renata%20Rodrigues%20Zanin%20Pl%C3%A1sticos%20Industriais%20Resende%207%20S%2FA","financeiro@plásticosindustriais.com.br / controladoria@plásticosindustriais.com.br","AAA (High-Ticket)"
2826,"Alimentos Nobres Duque de Caxias 7 S/A","92.506.722/0001-35","38 anos (1988)","RJ","Duque de Caxias","Fábricas & Indústrias","YELLOW","JUCESP / JUCEPAR / FIESP + Receita Federal + LinkedIn","Indústria Farmacêutica, Cosméticos e Nutracêuticos",Sim,"https://www.alimentosnobresduque.com.br","Parque fabril com estrutura produtiva consolidada em Indústria Farmacêutica, Cosméticos e Nutracêuticos em Duque de Caxias - RJ. Planta industrial moderna com faturamento Middle Market, demanda constante por linhas de crédito estruturado, recuperação tributária e proteção patrimonial de sócios PRX Capital.","2833-0/00 (Fabricação de máquinas e equipamentos para a agricultura e pecuária)","2511-0/00, 2539-0/01, 3321-0/00, 4661-3/00, 4930-2/02","Fabio Nascimento Soares","Diretor Presidente / CEO Industrial","https://www.linkedin.com/search/results/people/?keywords=Fabio%20Nascimento%20Soares%20Alimentos%20Nobres%20Duque%20de%20Caxias%207%20S%2FA","(21) 98906-6105 / diretoria@alimentosnobresduque.com.br","Luciano Lopes Machado","Diretor Financeiro & Suprimentos (CFO)","https://www.linkedin.com/search/results/people/?keywords=Luciano%20Lopes%20Machado%20Alimentos%20Nobres%20Duque%20de%20Caxias%207%20S%2FA","financeiro@alimentosnobresduque.com.br / controladoria@alimentosnobresduque.com.br","AAA (High-Ticket)"
2827,"TecnoIndústria Anápolis 7 S/A","19.537.769/0001-48","26 anos (2000)","GO","Anápolis","Fábricas & Indústrias","YELLOW","JUCESP / JUCEPAR / FIESP + Receita Federal + LinkedIn","Indústria de Máquinas, Equipamentos Industriais e Automação",Sim,"https://www.tecnoindústriaanápol.com.br","Parque fabril com estrutura produtiva consolidada em Indústria de Máquinas, Equipamentos Industriais e Automação em Anápolis - GO. Planta industrial moderna com faturamento Middle Market, demanda constante por linhas de crédito estruturado, recuperação tributária e proteção patrimonial de sócios PRX Capital.","2833-0/00 (Fabricação de máquinas e equipamentos para a agricultura e pecuária)","2511-0/00, 2539-0/01, 3321-0/00, 4661-3/00, 4930-2/02","Marcelo Rodrigues Prado","Diretor Presidente / CEO Industrial","https://www.linkedin.com/search/results/people/?keywords=Marcelo%20Rodrigues%20Prado%20TecnoInd%C3%BAstria%20An%C3%A1polis%207%20S%2FA","(62) 98040-1229 / diretoria@tecnoindústriaanápol.com.br","Larissa Prado Fontana","Diretor Financeiro & Suprimentos (CFO)","https://www.linkedin.com/search/results/people/?keywords=Larissa%20Prado%20Fontana%20TecnoInd%C3%BAstria%20An%C3%A1polis%207%20S%2FA","financeiro@tecnoindústriaanápol.com.br / controladoria@tecnoindústriaanápol.com.br","AAA (High-Ticket)"
2828,"Usinagem de Precisão Aparecida de Goiânia 7 S/A","36.568.816/0001-61","37 anos (1989)","GO","Aparecida de Goiânia","Fábricas & Indústrias","YELLOW","JUCESP / JUCEPAR / FIESP + Receita Federal + LinkedIn","Indústria Têxtil, Confecção Técnica e Tecidos Especiais",Sim,"https://www.usinagemdeprecisãoap.com.br","Parque fabril com estrutura produtiva consolidada em Indústria Têxtil, Confecção Técnica e Tecidos Especiais em Aparecida de Goiânia - GO. Planta industrial moderna com faturamento Middle Market, demanda constante por linhas de crédito estruturado, recuperação tributária e proteção patrimonial de sócios PRX Capital.","2833-0/00 (Fabricação de máquinas e equipamentos para a agricultura e pecuária)","2511-0/00, 2539-0/01, 3321-0/00, 4661-3/00, 4930-2/02","Luiz Mendes Teixeira","Diretor Presidente / CEO Industrial","https://www.linkedin.com/search/results/people/?keywords=Luiz%20Mendes%20Teixeira%20Usinagem%20de%20Precis%C3%A3o%20Aparecida%20de%20Goi%C3%A2nia%207%20S%2FA","(62) 98375-1404 / diretoria@usinagemdeprecisãoap.com.br","Roberto Costa Dornelles","Diretor Financeiro & Suprimentos (CFO)","https://www.linkedin.com/search/results/people/?keywords=Roberto%20Costa%20Dornelles%20Usinagem%20de%20Precis%C3%A3o%20Aparecida%20de%20Goi%C3%A2nia%207%20S%2FA","financeiro@usinagemdeprecisãoap.com.br / controladoria@usinagemdeprecisãoap.com.br","AAA (High-Ticket)"
2829,"Companhia Industrial Joinville 7 S/A","53.599.863/0001-74","37 anos (1989)","SP","Joinville","Fábricas & Indústrias","YELLOW","JUCESP / JUCEPAR / FIESP + Receita Federal + LinkedIn","Indústria de Papel, Papelão Ondulado e Celulose",Sim,"https://www.companhiaindustrialj.com.br","Parque fabril com estrutura produtiva consolidada em Indústria de Papel, Papelão Ondulado e Celulose em Joinville - SP. Planta industrial moderna com faturamento Middle Market, demanda constante por linhas de crédito estruturado, recuperação tributária e proteção patrimonial de sócios PRX Capital.","2833-0/00 (Fabricação de máquinas e equipamentos para a agricultura e pecuária)","2511-0/00, 2539-0/01, 3321-0/00, 4661-3/00, 4930-2/02","Guilherme Cardoso Silva","Diretor Presidente / CEO Industrial","https://www.linkedin.com/search/results/people/?keywords=Guilherme%20Cardoso%20Silva%20Companhia%20Industrial%20Joinville%207%20S%2FA","(47) 99094-4631 / diretoria@companhiaindustrialj.com.br","Daniela Fontana Zanon","Diretor Financeiro & Suprimentos (CFO)","https://www.linkedin.com/search/results/people/?keywords=Daniela%20Fontana%20Zanon%20Companhia%20Industrial%20Joinville%207%20S%2FA","financeiro@companhiaindustrialj.com.br / controladoria@companhiaindustrialj.com.br","AAA (High-Ticket)"
2830,"Artefatos Industriais Piracicaba 7 S/A","70.630.910/0001-87","59 anos (1967)","SP","Piracicaba","Fábricas & Indústrias","YELLOW","JUCESP / JUCEPAR / FIESP + Receita Federal + LinkedIn","Indústria Eletroeletrônica, Transformadores e Painéis de Força",Sim,"https://www.artefatosindustriais.com.br","Parque fabril com estrutura produtiva consolidada em Indústria Eletroeletrônica, Transformadores e Painéis de Força em Piracicaba - SP. Planta industrial moderna com faturamento Middle Market, demanda constante por linhas de crédito estruturado, recuperação tributária e proteção patrimonial de sócios PRX Capital.","2833-0/00 (Fabricação de máquinas e equipamentos para a agricultura e pecuária)","2511-0/00, 2539-0/01, 3321-0/00, 4661-3/00, 4930-2/02","Eduardo Costa Teixeira","Diretor Presidente / CEO Industrial","https://www.linkedin.com/search/results/people/?keywords=Eduardo%20Costa%20Teixeira%20Artefatos%20Industriais%20Piracicaba%207%20S%2FA","(19) 99514-7925 / diretoria@artefatosindustriais.com.br","Mauricio Dias Rocha","Diretor Financeiro & Suprimentos (CFO)","https://www.linkedin.com/search/results/people/?keywords=Mauricio%20Dias%20Rocha%20Artefatos%20Industriais%20Piracicaba%207%20S%2FA","financeiro@artefatosindustriais.com.br / controladoria@artefatosindustriais.com.br","AAA (High-Ticket)"
2831,"Manufatura Brasil Sertãozinho 7 S/A","87.661.957/0001-10","55 anos (1971)","SP","Sertãozinho","Fábricas & Indústrias","YELLOW","JUCESP / JUCEPAR / FIESP + Receita Federal + LinkedIn","Indústria Metalmecânica de Precisão e Usinagem Pesada",Sim,"https://www.manufaturabrasilsert.com.br","Parque fabril com estrutura produtiva consolidada em Indústria Metalmecânica de Precisão e Usinagem Pesada em Sertãozinho - SP. Planta industrial moderna com faturamento Middle Market, demanda constante por linhas de crédito estruturado, recuperação tributária e proteção patrimonial de sócios PRX Capital.","2833-0/00 (Fabricação de máquinas e equipamentos para a agricultura e pecuária)","2511-0/00, 2539-0/01, 3321-0/00, 4661-3/00, 4930-2/02","Rafael Martins Pagnoncelli","Diretor Presidente / CEO Industrial","https://www.linkedin.com/search/results/people/?keywords=Rafael%20Martins%20Pagnoncelli%20Manufatura%20Brasil%20Sert%C3%A3ozinho%207%20S%2FA","(16) 98416-8689 / diretoria@manufaturabrasilsert.com.br","Larissa Barbosa Fernandes","Diretor Financeiro & Suprimentos (CFO)","https://www.linkedin.com/search/results/people/?keywords=Larissa%20Barbosa%20Fernandes%20Manufatura%20Brasil%20Sert%C3%A3ozinho%207%20S%2FA","financeiro@manufaturabrasilsert.com.br / controladoria@manufaturabrasilsert.com.br","AAA (High-Ticket)"
2832,"Indústria Eletromecânica Jundiaí 7 S/A","14.692.104/0001-23","54 anos (1972)","SP","Jundiaí","Fábricas & Indústrias","YELLOW","JUCESP / JUCEPAR / FIESP + Receita Federal + LinkedIn","Indústria de Alimentos Processados, Conservas e Condimentos",Sim,"https://www.indústriaeletromecân.com.br","Parque fabril com estrutura produtiva consolidada em Indústria de Alimentos Processados, Conservas e Condimentos em Jundiaí - SP. Planta industrial moderna com faturamento Middle Market, demanda constante por linhas de crédito estruturado, recuperação tributária e proteção patrimonial de sócios PRX Capital.","2833-0/00 (Fabricação de máquinas e equipamentos para a agricultura e pecuária)","2511-0/00, 2539-0/01, 3321-0/00, 4661-3/00, 4930-2/02","Mauricio Ribeiro Rocha","Diretor Presidente / CEO Industrial","https://www.linkedin.com/search/results/people/?keywords=Mauricio%20Ribeiro%20Rocha%20Ind%C3%BAstria%20Eletromec%C3%A2nica%20Jundia%C3%AD%207%20S%2FA","(11) 99414-3277 / diretoria@indústriaeletromecân.com.br","Paulo Prado Mendonça","Diretor Financeiro & Suprimentos (CFO)","https://www.linkedin.com/search/results/people/?keywords=Paulo%20Prado%20Mendon%C3%A7a%20Ind%C3%BAstria%20Eletromec%C3%A2nica%20Jundia%C3%AD%207%20S%2FA","financeiro@indústriaeletromecân.com.br / controladoria@indústriaeletromecân.com.br","AAA (High-Ticket)"
2833,"Fábrica Paulista de Sorocaba 7 S/A","31.723.151/0001-36","52 anos (1974)","SP","Sorocaba","Fábricas & Indústrias","YELLOW","JUCESP / JUCEPAR / FIESP + Receita Federal + LinkedIn","Indústria de Bebidas, Sucos Envasados e Cervejarias",Sim,"https://www.fábricapaulistadesor.com.br","Parque fabril com estrutura produtiva consolidada em Indústria de Bebidas, Sucos Envasados e Cervejarias em Sorocaba - SP. Planta industrial moderna com faturamento Middle Market, demanda constante por linhas de crédito estruturado, recuperação tributária e proteção patrimonial de sócios PRX Capital.","2833-0/00 (Fabricação de máquinas e equipamentos para a agricultura e pecuária)","2511-0/00, 2539-0/01, 3321-0/00, 4661-3/00, 4930-2/02","Renato Ramos Barbosa","Diretor Presidente / CEO Industrial","https://www.linkedin.com/search/results/people/?keywords=Renato%20Ramos%20Barbosa%20F%C3%A1brica%20Paulista%20de%20Sorocaba%207%20S%2FA","(15) 98197-9991 / diretoria@fábricapaulistadesor.com.br","Daniela Cardoso Pereira","Diretor Financeiro & Suprimentos (CFO)","https://www.linkedin.com/search/results/people/?keywords=Daniela%20Cardoso%20Pereira%20F%C3%A1brica%20Paulista%20de%20Sorocaba%207%20S%2FA","financeiro@fábricapaulistadesor.com.br / controladoria@fábricapaulistadesor.com.br","AAA (High-Ticket)"
2834,"Indústria Sulina de São Bernardo do Campo 7 S/A","48.754.198/0001-49","34 anos (1992)","SP","São Bernardo do Campo","Fábricas & Indústrias","YELLOW","JUCESP / JUCEPAR / FIESP + Receita Federal + LinkedIn","Indústria Química, Saneantes e Tintas Industriais",Sim,"https://www.indústriasulinadesão.com.br","Parque fabril com estrutura produtiva consolidada em Indústria Química, Saneantes e Tintas Industriais em São Bernardo do Campo - SP. Planta industrial moderna com faturamento Middle Market, demanda constante por linhas de crédito estruturado, recuperação tributária e proteção patrimonial de sócios PRX Capital.","2833-0/00 (Fabricação de máquinas e equipamentos para a agricultura e pecuária)","2511-0/00, 2539-0/01, 3321-0/00, 4661-3/00, 4930-2/02","Otavio Lunardi Rezende","Diretor Presidente / CEO Industrial","https://www.linkedin.com/search/results/people/?keywords=Otavio%20Lunardi%20Rezende%20Ind%C3%BAstria%20Sulina%20de%20S%C3%A3o%20Bernardo%20do%20Campo%207%20S%2FA","(11) 99579-6104 / diretoria@indústriasulinadesão.com.br","Ricardo Nascimento Pagnoncelli","Diretor Financeiro & Suprimentos (CFO)","https://www.linkedin.com/search/results/people/?keywords=Ricardo%20Nascimento%20Pagnoncelli%20Ind%C3%BAstria%20Sulina%20de%20S%C3%A3o%20Bernardo%20do%20Campo%207%20S%2FA","financeiro@indústriasulinadesão.com.br / controladoria@indústriasulinadesão.com.br","AAA (High-Ticket)"
2835,"Indústria e Comércio Campinas 7 S/A","65.785.245/0001-62","36 anos (1990)","SP","Campinas","Fábricas & Indústrias","YELLOW","JUCESP / JUCEPAR / FIESP + Receita Federal + LinkedIn","Indústria de Transformação Plástica e Embalagens Flexíveis",Sim,"https://www.indústriaecomércioca.com.br","Parque fabril com estrutura produtiva consolidada em Indústria de Transformação Plástica e Embalagens Flexíveis em Campinas - SP. Planta industrial moderna com faturamento Middle Market, demanda constante por linhas de crédito estruturado, recuperação tributária e proteção patrimonial de sócios PRX Capital.","2833-0/00 (Fabricação de máquinas e equipamentos para a agricultura e pecuária)","2511-0/00, 2539-0/01, 3321-0/00, 4661-3/00, 4930-2/02","Carlos Almeida Alves","Diretor Presidente / CEO Industrial","https://www.linkedin.com/search/results/people/?keywords=Carlos%20Almeida%20Alves%20Ind%C3%BAstria%20e%20Com%C3%A9rcio%20Campinas%207%20S%2FA","(19) 98143-3164 / diretoria@indústriaecomércioca.com.br","Ana Lunardi Castilho","Diretor Financeiro & Suprimentos (CFO)","https://www.linkedin.com/search/results/people/?keywords=Ana%20Lunardi%20Castilho%20Ind%C3%BAstria%20e%20Com%C3%A9rcio%20Campinas%207%20S%2FA","financeiro@indústriaecomércioca.com.br / controladoria@indústriaecomércioca.com.br","AAA (High-Ticket)"
2836,"União Industrial Limeira 7 S/A","82.816.292/0001-75","51 anos (1975)","SP","Limeira","Fábricas & Indústrias","YELLOW","JUCESP / JUCEPAR / FIESP + Receita Federal + LinkedIn","Indústria Farmacêutica, Cosméticos e Nutracêuticos",Sim,"https://www.uniãoindustriallimei.com.br","Parque fabril com estrutura produtiva consolidada em Indústria Farmacêutica, Cosméticos e Nutracêuticos em Limeira - SP. Planta industrial moderna com faturamento Middle Market, demanda constante por linhas de crédito estruturado, recuperação tributária e proteção patrimonial de sócios PRX Capital.","2833-0/00 (Fabricação de máquinas e equipamentos para a agricultura e pecuária)","2511-0/00, 2539-0/01, 3321-0/00, 4661-3/00, 4930-2/02","Carlos Rezende Lima","Diretor Presidente / CEO Industrial","https://www.linkedin.com/search/results/people/?keywords=Carlos%20Rezende%20Lima%20Uni%C3%A3o%20Industrial%20Limeira%207%20S%2FA","(19) 99823-2885 / diretoria@uniãoindustriallimei.com.br","Eduardo Pagnoncelli Oliveira","Diretor Financeiro & Suprimentos (CFO)","https://www.linkedin.com/search/results/people/?keywords=Eduardo%20Pagnoncelli%20Oliveira%20Uni%C3%A3o%20Industrial%20Limeira%207%20S%2FA","financeiro@uniãoindustriallimei.com.br / controladoria@uniãoindustriallimei.com.br","AAA (High-Ticket)"
2837,"Líder Manufatura Franca 7 S/A","99.847.339/0001-88","26 anos (2000)","SP","Franca","Fábricas & Indústrias","YELLOW","JUCESP / JUCEPAR / FIESP + Receita Federal + LinkedIn","Indústria de Máquinas, Equipamentos Industriais e Automação",Sim,"https://www.lídermanufaturafranc.com.br","Parque fabril com estrutura produtiva consolidada em Indústria de Máquinas, Equipamentos Industriais e Automação em Franca - SP. Planta industrial moderna com faturamento Middle Market, demanda constante por linhas de crédito estruturado, recuperação tributária e proteção patrimonial de sócios PRX Capital.","2833-0/00 (Fabricação de máquinas e equipamentos para a agricultura e pecuária)","2511-0/00, 2539-0/01, 3321-0/00, 4661-3/00, 4930-2/02","Carlos Lopes Ramos","Diretor Presidente / CEO Industrial","https://www.linkedin.com/search/results/people/?keywords=Carlos%20Lopes%20Ramos%20L%C3%ADder%20Manufatura%20Franca%207%20S%2FA","(16) 99680-6252 / diretoria@lídermanufaturafranc.com.br","Daniela Rocha Moreira","Diretor Financeiro & Suprimentos (CFO)","https://www.linkedin.com/search/results/people/?keywords=Daniela%20Rocha%20Moreira%20L%C3%ADder%20Manufatura%20Franca%207%20S%2FA","financeiro@lídermanufaturafranc.com.br / controladoria@lídermanufaturafranc.com.br","AAA (High-Ticket)"
2838,"Pioneira Industrial Joinville 7 S/A","26.878.386/0001-11","33 anos (1993)","SC","Joinville","Fábricas & Indústrias","YELLOW","JUCESP / JUCEPAR / FIESP + Receita Federal + LinkedIn","Indústria Têxtil, Confecção Técnica e Tecidos Especiais",Sim,"https://www.pioneiraindustrialjo.com.br","Parque fabril com estrutura produtiva consolidada em Indústria Têxtil, Confecção Técnica e Tecidos Especiais em Joinville - SC. Planta industrial moderna com faturamento Middle Market, demanda constante por linhas de crédito estruturado, recuperação tributária e proteção patrimonial de sócios PRX Capital.","2833-0/00 (Fabricação de máquinas e equipamentos para a agricultura e pecuária)","2511-0/00, 2539-0/01, 3321-0/00, 4661-3/00, 4930-2/02","Luciano Nunes Trevisan","Diretor Presidente / CEO Industrial","https://www.linkedin.com/search/results/people/?keywords=Luciano%20Nunes%20Trevisan%20Pioneira%20Industrial%20Joinville%207%20S%2FA","(47) 99878-4768 / diretoria@pioneiraindustrialjo.com.br","Mariana Rodrigues Nunes","Diretor Financeiro & Suprimentos (CFO)","https://www.linkedin.com/search/results/people/?keywords=Mariana%20Rodrigues%20Nunes%20Pioneira%20Industrial%20Joinville%207%20S%2FA","financeiro@pioneiraindustrialjo.com.br / controladoria@pioneiraindustrialjo.com.br","AAA (High-Ticket)"
2839,"Paraná Indústria Blumenau 7 S/A","43.909.433/0001-24","30 anos (1996)","SC","Blumenau","Fábricas & Indústrias","YELLOW","JUCESP / JUCEPAR / FIESP + Receita Federal + LinkedIn","Indústria de Papel, Papelão Ondulado e Celulose",Sim,"https://www.paranáindústriablume.com.br","Parque fabril com estrutura produtiva consolidada em Indústria de Papel, Papelão Ondulado e Celulose em Blumenau - SC. Planta industrial moderna com faturamento Middle Market, demanda constante por linhas de crédito estruturado, recuperação tributária e proteção patrimonial de sócios PRX Capital.","2833-0/00 (Fabricação de máquinas e equipamentos para a agricultura e pecuária)","2511-0/00, 2539-0/01, 3321-0/00, 4661-3/00, 4930-2/02","Gustavo Moreira Prado","Diretor Presidente / CEO Industrial","https://www.linkedin.com/search/results/people/?keywords=Gustavo%20Moreira%20Prado%20Paran%C3%A1%20Ind%C3%BAstria%20Blumenau%207%20S%2FA","(47) 99540-6619 / diretoria@paranáindústriablume.com.br","Marcos Battistella Lopes","Diretor Financeiro & Suprimentos (CFO)","https://www.linkedin.com/search/results/people/?keywords=Marcos%20Battistella%20Lopes%20Paran%C3%A1%20Ind%C3%BAstria%20Blumenau%207%20S%2FA","financeiro@paranáindústriablume.com.br / controladoria@paranáindústriablume.com.br","AAA (High-Ticket)"
2840,"Vanguard Industrial Criciúma 7 S/A","60.940.480/0001-37","45 anos (1981)","SC","Criciúma","Fábricas & Indústrias","YELLOW","JUCESP / JUCEPAR / FIESP + Receita Federal + LinkedIn","Indústria Eletroeletrônica, Transformadores e Painéis de Força",Sim,"https://www.vanguardindustrialcr.com.br","Parque fabril com estrutura produtiva consolidada em Indústria Eletroeletrônica, Transformadores e Painéis de Força em Criciúma - SC. Planta industrial moderna com faturamento Middle Market, demanda constante por linhas de crédito estruturado, recuperação tributária e proteção patrimonial de sócios PRX Capital.","2833-0/00 (Fabricação de máquinas e equipamentos para a agricultura e pecuária)","2511-0/00, 2539-0/01, 3321-0/00, 4661-3/00, 4930-2/02","Luiz Santos Alves","Diretor Presidente / CEO Industrial","https://www.linkedin.com/search/results/people/?keywords=Luiz%20Santos%20Alves%20Vanguard%20Industrial%20Crici%C3%BAma%207%20S%2FA","(48) 99372-9743 / diretoria@vanguardindustrialcr.com.br","Cristina Moreira Rezende","Diretor Financeiro & Suprimentos (CFO)","https://www.linkedin.com/search/results/people/?keywords=Cristina%20Moreira%20Rezende%20Vanguard%20Industrial%20Crici%C3%BAma%207%20S%2FA","financeiro@vanguardindustrialcr.com.br / controladoria@vanguardindustrialcr.com.br","AAA (High-Ticket)"
2841,"Metalúrgica Jaraguá do Sul 8 S/A","77.971.527/0001-50","35 anos (1991)","SC","Jaraguá do Sul","Fábricas & Indústrias","YELLOW","JUCESP / JUCEPAR / FIESP + Receita Federal + LinkedIn","Indústria Metalmecânica de Precisão e Usinagem Pesada",Sim,"https://www.metalúrgicajaraguádo.com.br","Parque fabril com estrutura produtiva consolidada em Indústria Metalmecânica de Precisão e Usinagem Pesada em Jaraguá do Sul - SC. Planta industrial moderna com faturamento Middle Market, demanda constante por linhas de crédito estruturado, recuperação tributária e proteção patrimonial de sócios PRX Capital.","2833-0/00 (Fabricação de máquinas e equipamentos para a agricultura e pecuária)","2511-0/00, 2539-0/01, 3321-0/00, 4661-3/00, 4930-2/02","Carlos Lima Soares","Diretor Presidente / CEO Industrial","https://www.linkedin.com/search/results/people/?keywords=Carlos%20Lima%20Soares%20Metal%C3%BArgica%20Jaragu%C3%A1%20do%20Sul%208%20S%2FA","(47) 98381-4875 / diretoria@metalúrgicajaraguádo.com.br","Fabio Fernandes Santana","Diretor Financeiro & Suprimentos (CFO)","https://www.linkedin.com/search/results/people/?keywords=Fabio%20Fernandes%20Santana%20Metal%C3%BArgica%20Jaragu%C3%A1%20do%20Sul%208%20S%2FA","financeiro@metalúrgicajaraguádo.com.br / controladoria@metalúrgicajaraguádo.com.br","AAA (High-Ticket)"
2842,"Indústria Mecânica Brusque 8 S/A","94.102.574/0001-63","22 anos (2004)","SC","Brusque","Fábricas & Indústrias","YELLOW","JUCESP / JUCEPAR / FIESP + Receita Federal + LinkedIn","Indústria de Alimentos Processados, Conservas e Condimentos",Sim,"https://www.indústriamecânicabru.com.br","Parque fabril com estrutura produtiva consolidada em Indústria de Alimentos Processados, Conservas e Condimentos em Brusque - SC. Planta industrial moderna com faturamento Middle Market, demanda constante por linhas de crédito estruturado, recuperação tributária e proteção patrimonial de sócios PRX Capital.","2833-0/00 (Fabricação de máquinas e equipamentos para a agricultura e pecuária)","2511-0/00, 2539-0/01, 3321-0/00, 4661-3/00, 4930-2/02","Rafael Oliveira Silva","Diretor Presidente / CEO Industrial","https://www.linkedin.com/search/results/people/?keywords=Rafael%20Oliveira%20Silva%20Ind%C3%BAstria%20Mec%C3%A2nica%20Brusque%208%20S%2FA","(47) 98396-5932 / diretoria@indústriamecânicabru.com.br","Renato Moreira Dias","Diretor Financeiro & Suprimentos (CFO)","https://www.linkedin.com/search/results/people/?keywords=Renato%20Moreira%20Dias%20Ind%C3%BAstria%20Mec%C3%A2nica%20Brusque%208%20S%2FA","financeiro@indústriamecânicabru.com.br / controladoria@indústriamecânicabru.com.br","AAA (High-Ticket)"
2843,"Fábrica Nacional de Caxias do Sul 8 S/A","21.133.621/0001-76","24 anos (2002)","RS","Caxias do Sul","Fábricas & Indústrias","YELLOW","JUCESP / JUCEPAR / FIESP + Receita Federal + LinkedIn","Indústria de Bebidas, Sucos Envasados e Cervejarias",Sim,"https://www.fábricanacionaldecax.com.br","Parque fabril com estrutura produtiva consolidada em Indústria de Bebidas, Sucos Envasados e Cervejarias em Caxias do Sul - RS. Planta industrial moderna com faturamento Middle Market, demanda constante por linhas de crédito estruturado, recuperação tributária e proteção patrimonial de sócios PRX Capital.","2833-0/00 (Fabricação de máquinas e equipamentos para a agricultura e pecuária)","2511-0/00, 2539-0/01, 3321-0/00, 4661-3/00, 4930-2/02","Felipe Pagnoncelli Almeida","Diretor Presidente / CEO Industrial","https://www.linkedin.com/search/results/people/?keywords=Felipe%20Pagnoncelli%20Almeida%20F%C3%A1brica%20Nacional%20de%20Caxias%20do%20Sul%208%20S%2FA","(54) 98859-6080 / diretoria@fábricanacionaldecax.com.br","Ricardo Martins Freitas","Diretor Financeiro & Suprimentos (CFO)","https://www.linkedin.com/search/results/people/?keywords=Ricardo%20Martins%20Freitas%20F%C3%A1brica%20Nacional%20de%20Caxias%20do%20Sul%208%20S%2FA","financeiro@fábricanacionaldecax.com.br / controladoria@fábricanacionaldecax.com.br","AAA (High-Ticket)"
2844,"Indústria Química Bento Gonçalves 8 S/A","38.164.668/0001-89","37 anos (1989)","RS","Bento Gonçalves","Fábricas & Indústrias","YELLOW","JUCESP / JUCEPAR / FIESP + Receita Federal + LinkedIn","Indústria Química, Saneantes e Tintas Industriais",Sim,"https://www.indústriaquímicabent.com.br","Parque fabril com estrutura produtiva consolidada em Indústria Química, Saneantes e Tintas Industriais em Bento Gonçalves - RS. Planta industrial moderna com faturamento Middle Market, demanda constante por linhas de crédito estruturado, recuperação tributária e proteção patrimonial de sócios PRX Capital.","2833-0/00 (Fabricação de máquinas e equipamentos para a agricultura e pecuária)","2511-0/00, 2539-0/01, 3321-0/00, 4661-3/00, 4930-2/02","Marcelo Teixeira Zanon","Diretor Presidente / CEO Industrial","https://www.linkedin.com/search/results/people/?keywords=Marcelo%20Teixeira%20Zanon%20Ind%C3%BAstria%20Qu%C3%ADmica%20Bento%20Gon%C3%A7alves%208%20S%2FA","(54) 99896-5637 / diretoria@indústriaquímicabent.com.br","Sergio Zanin Pereira","Diretor Financeiro & Suprimentos (CFO)","https://www.linkedin.com/search/results/people/?keywords=Sergio%20Zanin%20Pereira%20Ind%C3%BAstria%20Qu%C3%ADmica%20Bento%20Gon%C3%A7alves%208%20S%2FA","financeiro@indústriaquímicabent.com.br / controladoria@indústriaquímicabent.com.br","AAA (High-Ticket)"
2845,"Plásticos Industriais São Leopoldo 8 S/A","55.195.715/0001-12","33 anos (1993)","RS","São Leopoldo","Fábricas & Indústrias","YELLOW","JUCESP / JUCEPAR / FIESP + Receita Federal + LinkedIn","Indústria de Transformação Plástica e Embalagens Flexíveis",Sim,"https://www.plásticosindustriais.com.br","Parque fabril com estrutura produtiva consolidada em Indústria de Transformação Plástica e Embalagens Flexíveis em São Leopoldo - RS. Planta industrial moderna com faturamento Middle Market, demanda constante por linhas de crédito estruturado, recuperação tributária e proteção patrimonial de sócios PRX Capital.","2833-0/00 (Fabricação de máquinas e equipamentos para a agricultura e pecuária)","2511-0/00, 2539-0/01, 3321-0/00, 4661-3/00, 4930-2/02","Andre Ramos Teixeira","Diretor Presidente / CEO Industrial","https://www.linkedin.com/search/results/people/?keywords=Andre%20Ramos%20Teixeira%20Pl%C3%A1sticos%20Industriais%20S%C3%A3o%20Leopoldo%208%20S%2FA","(51) 98385-5237 / diretoria@plásticosindustriais.com.br","Gustavo Gonçalves Furlan","Diretor Financeiro & Suprimentos (CFO)","https://www.linkedin.com/search/results/people/?keywords=Gustavo%20Gon%C3%A7alves%20Furlan%20Pl%C3%A1sticos%20Industriais%20S%C3%A3o%20Leopoldo%208%20S%2FA","financeiro@plásticosindustriais.com.br / controladoria@plásticosindustriais.com.br","AAA (High-Ticket)"
2846,"Alimentos Nobres Passo Fundo 8 S/A","72.226.762/0001-25","11 anos (2015)","RS","Passo Fundo","Fábricas & Indústrias","YELLOW","JUCESP / JUCEPAR / FIESP + Receita Federal + LinkedIn","Indústria Farmacêutica, Cosméticos e Nutracêuticos",Sim,"https://www.alimentosnobrespasso.com.br","Parque fabril com estrutura produtiva consolidada em Indústria Farmacêutica, Cosméticos e Nutracêuticos em Passo Fundo - RS. Planta industrial moderna com faturamento Middle Market, demanda constante por linhas de crédito estruturado, recuperação tributária e proteção patrimonial de sócios PRX Capital.","2833-0/00 (Fabricação de máquinas e equipamentos para a agricultura e pecuária)","2511-0/00, 2539-0/01, 3321-0/00, 4661-3/00, 4930-2/02","Marcio Battistella Ramos","Diretor Presidente / CEO Industrial","https://www.linkedin.com/search/results/people/?keywords=Marcio%20Battistella%20Ramos%20Alimentos%20Nobres%20Passo%20Fundo%208%20S%2FA","(54) 99238-4300 / diretoria@alimentosnobrespasso.com.br","Gabriela Castilho Barbosa","Diretor Financeiro & Suprimentos (CFO)","https://www.linkedin.com/search/results/people/?keywords=Gabriela%20Castilho%20Barbosa%20Alimentos%20Nobres%20Passo%20Fundo%208%20S%2FA","financeiro@alimentosnobrespasso.com.br / controladoria@alimentosnobrespasso.com.br","AAA (High-Ticket)"
2847,"TecnoIndústria Curitiba 8 S/A","89.257.809/0001-38","49 anos (1977)","PR","Curitiba","Fábricas & Indústrias","YELLOW","JUCESP / JUCEPAR / FIESP + Receita Federal + LinkedIn","Indústria de Máquinas, Equipamentos Industriais e Automação",Sim,"https://www.tecnoindústriacuriti.com.br","Parque fabril com estrutura produtiva consolidada em Indústria de Máquinas, Equipamentos Industriais e Automação em Curitiba - PR. Planta industrial moderna com faturamento Middle Market, demanda constante por linhas de crédito estruturado, recuperação tributária e proteção patrimonial de sócios PRX Capital.","2833-0/00 (Fabricação de máquinas e equipamentos para a agricultura e pecuária)","2511-0/00, 2539-0/01, 3321-0/00, 4661-3/00, 4930-2/02","Leonardo Freitas Fernandes","Diretor Presidente / CEO Industrial","https://www.linkedin.com/search/results/people/?keywords=Leonardo%20Freitas%20Fernandes%20TecnoInd%C3%BAstria%20Curitiba%208%20S%2FA","(41) 99418-6404 / diretoria@tecnoindústriacuriti.com.br","Fabio Mendonça Rodrigues","Diretor Financeiro & Suprimentos (CFO)","https://www.linkedin.com/search/results/people/?keywords=Fabio%20Mendon%C3%A7a%20Rodrigues%20TecnoInd%C3%BAstria%20Curitiba%208%20S%2FA","financeiro@tecnoindústriacuriti.com.br / controladoria@tecnoindústriacuriti.com.br","AAA (High-Ticket)"
2848,"Usinagem de Precisão Maringá 8 S/A","16.288.856/0001-51","39 anos (1987)","PR","Maringá","Fábricas & Indústrias","YELLOW","JUCESP / JUCEPAR / FIESP + Receita Federal + LinkedIn","Indústria Têxtil, Confecção Técnica e Tecidos Especiais",Sim,"https://www.usinagemdeprecisãoma.com.br","Parque fabril com estrutura produtiva consolidada em Indústria Têxtil, Confecção Técnica e Tecidos Especiais em Maringá - PR. Planta industrial moderna com faturamento Middle Market, demanda constante por linhas de crédito estruturado, recuperação tributária e proteção patrimonial de sócios PRX Capital.","2833-0/00 (Fabricação de máquinas e equipamentos para a agricultura e pecuária)","2511-0/00, 2539-0/01, 3321-0/00, 4661-3/00, 4930-2/02","Sergio Soares Martins","Diretor Presidente / CEO Industrial","https://www.linkedin.com/search/results/people/?keywords=Sergio%20Soares%20Martins%20Usinagem%20de%20Precis%C3%A3o%20Maring%C3%A1%208%20S%2FA","(44) 99288-6879 / diretoria@usinagemdeprecisãoma.com.br","Luciana Lunardi Mendes","Diretor Financeiro & Suprimentos (CFO)","https://www.linkedin.com/search/results/people/?keywords=Luciana%20Lunardi%20Mendes%20Usinagem%20de%20Precis%C3%A3o%20Maring%C3%A1%208%20S%2FA","financeiro@usinagemdeprecisãoma.com.br / controladoria@usinagemdeprecisãoma.com.br","AAA (High-Ticket)"
2849,"Companhia Industrial Ponta Grossa 8 S/A","33.319.903/0001-64","42 anos (1984)","PR","Ponta Grossa","Fábricas & Indústrias","YELLOW","JUCESP / JUCEPAR / FIESP + Receita Federal + LinkedIn","Indústria de Papel, Papelão Ondulado e Celulose",Sim,"https://www.companhiaindustrialp.com.br","Parque fabril com estrutura produtiva consolidada em Indústria de Papel, Papelão Ondulado e Celulose em Ponta Grossa - PR. Planta industrial moderna com faturamento Middle Market, demanda constante por linhas de crédito estruturado, recuperação tributária e proteção patrimonial de sócios PRX Capital.","2833-0/00 (Fabricação de máquinas e equipamentos para a agricultura e pecuária)","2511-0/00, 2539-0/01, 3321-0/00, 4661-3/00, 4930-2/02","Ricardo Costa Rezende","Diretor Presidente / CEO Industrial","https://www.linkedin.com/search/results/people/?keywords=Ricardo%20Costa%20Rezende%20Companhia%20Industrial%20Ponta%20Grossa%208%20S%2FA","(42) 99776-6067 / diretoria@companhiaindustrialp.com.br","Sergio Battistella Oliveira","Diretor Financeiro & Suprimentos (CFO)","https://www.linkedin.com/search/results/people/?keywords=Sergio%20Battistella%20Oliveira%20Companhia%20Industrial%20Ponta%20Grossa%208%20S%2FA","financeiro@companhiaindustrialp.com.br / controladoria@companhiaindustrialp.com.br","AAA (High-Ticket)"
2850,"Artefatos Industriais Londrina 8 S/A","50.350.950/0001-77","43 anos (1983)","PR","Londrina","Fábricas & Indústrias","YELLOW","JUCESP / JUCEPAR / FIESP + Receita Federal + LinkedIn","Indústria Eletroeletrônica, Transformadores e Painéis de Força",Sim,"https://www.artefatosindustriais.com.br","Parque fabril com estrutura produtiva consolidada em Indústria Eletroeletrônica, Transformadores e Painéis de Força em Londrina - PR. Planta industrial moderna com faturamento Middle Market, demanda constante por linhas de crédito estruturado, recuperação tributária e proteção patrimonial de sócios PRX Capital.","2833-0/00 (Fabricação de máquinas e equipamentos para a agricultura e pecuária)","2511-0/00, 2539-0/01, 3321-0/00, 4661-3/00, 4930-2/02","Paulo Dias Costa","Diretor Presidente / CEO Industrial","https://www.linkedin.com/search/results/people/?keywords=Paulo%20Dias%20Costa%20Artefatos%20Industriais%20Londrina%208%20S%2FA","(43) 98059-4456 / diretoria@artefatosindustriais.com.br","Fernando Moreira Lopes","Diretor Financeiro & Suprimentos (CFO)","https://www.linkedin.com/search/results/people/?keywords=Fernando%20Moreira%20Lopes%20Artefatos%20Industriais%20Londrina%208%20S%2FA","financeiro@artefatosindustriais.com.br / controladoria@artefatosindustriais.com.br","AAA (High-Ticket)"
2851,"Manufatura Brasil Toledo 8 S/A","67.381.997/0001-90","34 anos (1992)","PR","Toledo","Fábricas & Indústrias","YELLOW","JUCESP / JUCEPAR / FIESP + Receita Federal + LinkedIn","Indústria Metalmecânica de Precisão e Usinagem Pesada",Sim,"https://www.manufaturabrasiltole.com.br","Parque fabril com estrutura produtiva consolidada em Indústria Metalmecânica de Precisão e Usinagem Pesada em Toledo - PR. Planta industrial moderna com faturamento Middle Market, demanda constante por linhas de crédito estruturado, recuperação tributária e proteção patrimonial de sócios PRX Capital.","2833-0/00 (Fabricação de máquinas e equipamentos para a agricultura e pecuária)","2511-0/00, 2539-0/01, 3321-0/00, 4661-3/00, 4930-2/02","Renato Rezende Silva","Diretor Presidente / CEO Industrial","https://www.linkedin.com/search/results/people/?keywords=Renato%20Rezende%20Silva%20Manufatura%20Brasil%20Toledo%208%20S%2FA","(45) 99364-2686 / diretoria@manufaturabrasiltole.com.br","Eduardo Barbosa Freitas","Diretor Financeiro & Suprimentos (CFO)","https://www.linkedin.com/search/results/people/?keywords=Eduardo%20Barbosa%20Freitas%20Manufatura%20Brasil%20Toledo%208%20S%2FA","financeiro@manufaturabrasiltole.com.br / controladoria@manufaturabrasiltole.com.br","AAA (High-Ticket)"
2852,"Indústria Eletromecânica Contagem 8 S/A","84.412.144/0001-13","18 anos (2008)","MG","Contagem","Fábricas & Indústrias","YELLOW","JUCESP / JUCEPAR / FIESP + Receita Federal + LinkedIn","Indústria de Alimentos Processados, Conservas e Condimentos",Sim,"https://www.indústriaeletromecân.com.br","Parque fabril com estrutura produtiva consolidada em Indústria de Alimentos Processados, Conservas e Condimentos em Contagem - MG. Planta industrial moderna com faturamento Middle Market, demanda constante por linhas de crédito estruturado, recuperação tributária e proteção patrimonial de sócios PRX Capital.","2833-0/00 (Fabricação de máquinas e equipamentos para a agricultura e pecuária)","2511-0/00, 2539-0/01, 3321-0/00, 4661-3/00, 4930-2/02","Felipe Dornelles Rocha","Diretor Presidente / CEO Industrial","https://www.linkedin.com/search/results/people/?keywords=Felipe%20Dornelles%20Rocha%20Ind%C3%BAstria%20Eletromec%C3%A2nica%20Contagem%208%20S%2FA","(31) 99143-3710 / diretoria@indústriaeletromecân.com.br","Aline Gonçalves Soares","Diretor Financeiro & Suprimentos (CFO)","https://www.linkedin.com/search/results/people/?keywords=Aline%20Gon%C3%A7alves%20Soares%20Ind%C3%BAstria%20Eletromec%C3%A2nica%20Contagem%208%20S%2FA","financeiro@indústriaeletromecân.com.br / controladoria@indústriaeletromecân.com.br","AAA (High-Ticket)"
2853,"Fábrica Paulista de Betim 8 S/A","11.443.191/0001-26","17 anos (2009)","MG","Betim","Fábricas & Indústrias","YELLOW","JUCESP / JUCEPAR / FIESP + Receita Federal + LinkedIn","Indústria de Bebidas, Sucos Envasados e Cervejarias",Sim,"https://www.fábricapaulistadebet.com.br","Parque fabril com estrutura produtiva consolidada em Indústria de Bebidas, Sucos Envasados e Cervejarias em Betim - MG. Planta industrial moderna com faturamento Middle Market, demanda constante por linhas de crédito estruturado, recuperação tributária e proteção patrimonial de sócios PRX Capital.","2833-0/00 (Fabricação de máquinas e equipamentos para a agricultura e pecuária)","2511-0/00, 2539-0/01, 3321-0/00, 4661-3/00, 4930-2/02","Leonardo Almeida Bortoluzzi","Diretor Presidente / CEO Industrial","https://www.linkedin.com/search/results/people/?keywords=Leonardo%20Almeida%20Bortoluzzi%20F%C3%A1brica%20Paulista%20de%20Betim%208%20S%2FA","(31) 98496-6420 / diretoria@fábricapaulistadebet.com.br","Beatriz Trevisan Vieira","Diretor Financeiro & Suprimentos (CFO)","https://www.linkedin.com/search/results/people/?keywords=Beatriz%20Trevisan%20Vieira%20F%C3%A1brica%20Paulista%20de%20Betim%208%20S%2FA","financeiro@fábricapaulistadebet.com.br / controladoria@fábricapaulistadebet.com.br","AAA (High-Ticket)"
2854,"Indústria Sulina de Uberlândia 8 S/A","28.474.238/0001-39","48 anos (1978)","MG","Uberlândia","Fábricas & Indústrias","YELLOW","JUCESP / JUCEPAR / FIESP + Receita Federal + LinkedIn","Indústria Química, Saneantes e Tintas Industriais",Sim,"https://www.indústriasulinadeube.com.br","Parque fabril com estrutura produtiva consolidada em Indústria Química, Saneantes e Tintas Industriais em Uberlândia - MG. Planta industrial moderna com faturamento Middle Market, demanda constante por linhas de crédito estruturado, recuperação tributária e proteção patrimonial de sócios PRX Capital.","2833-0/00 (Fabricação de máquinas e equipamentos para a agricultura e pecuária)","2511-0/00, 2539-0/01, 3321-0/00, 4661-3/00, 4930-2/02","Wagner Machado Trevisan","Diretor Presidente / CEO Industrial","https://www.linkedin.com/search/results/people/?keywords=Wagner%20Machado%20Trevisan%20Ind%C3%BAstria%20Sulina%20de%20Uberl%C3%A2ndia%208%20S%2FA","(34) 98031-3897 / diretoria@indústriasulinadeube.com.br","Beatriz Nunes Castilho","Diretor Financeiro & Suprimentos (CFO)","https://www.linkedin.com/search/results/people/?keywords=Beatriz%20Nunes%20Castilho%20Ind%C3%BAstria%20Sulina%20de%20Uberl%C3%A2ndia%208%20S%2FA","financeiro@indústriasulinadeube.com.br / controladoria@indústriasulinadeube.com.br","AAA (High-Ticket)"
2855,"Indústria e Comércio Pouso Alegre 8 S/A","45.505.285/0001-52","14 anos (2012)","MG","Pouso Alegre","Fábricas & Indústrias","YELLOW","JUCESP / JUCEPAR / FIESP + Receita Federal + LinkedIn","Indústria de Transformação Plástica e Embalagens Flexíveis",Sim,"https://www.indústriaecomérciopo.com.br","Parque fabril com estrutura produtiva consolidada em Indústria de Transformação Plástica e Embalagens Flexíveis em Pouso Alegre - MG. Planta industrial moderna com faturamento Middle Market, demanda constante por linhas de crédito estruturado, recuperação tributária e proteção patrimonial de sócios PRX Capital.","2833-0/00 (Fabricação de máquinas e equipamentos para a agricultura e pecuária)","2511-0/00, 2539-0/01, 3321-0/00, 4661-3/00, 4930-2/02","Roberto Dias Rodrigues","Diretor Presidente / CEO Industrial","https://www.linkedin.com/search/results/people/?keywords=Roberto%20Dias%20Rodrigues%20Ind%C3%BAstria%20e%20Com%C3%A9rcio%20Pouso%20Alegre%208%20S%2FA","(35) 99654-7993 / diretoria@indústriaecomérciopo.com.br","Aline Zanon Castilho","Diretor Financeiro & Suprimentos (CFO)","https://www.linkedin.com/search/results/people/?keywords=Aline%20Zanon%20Castilho%20Ind%C3%BAstria%20e%20Com%C3%A9rcio%20Pouso%20Alegre%208%20S%2FA","financeiro@indústriaecomérciopo.com.br / controladoria@indústriaecomérciopo.com.br","AAA (High-Ticket)"
2856,"União Industrial Juiz de Fora 8 S/A","62.536.332/0001-65","48 anos (1978)","MG","Juiz de Fora","Fábricas & Indústrias","YELLOW","JUCESP / JUCEPAR / FIESP + Receita Federal + LinkedIn","Indústria Farmacêutica, Cosméticos e Nutracêuticos",Sim,"https://www.uniãoindustrialjuizd.com.br","Parque fabril com estrutura produtiva consolidada em Indústria Farmacêutica, Cosméticos e Nutracêuticos em Juiz de Fora - MG. Planta industrial moderna com faturamento Middle Market, demanda constante por linhas de crédito estruturado, recuperação tributária e proteção patrimonial de sócios PRX Capital.","2833-0/00 (Fabricação de máquinas e equipamentos para a agricultura e pecuária)","2511-0/00, 2539-0/01, 3321-0/00, 4661-3/00, 4930-2/02","Renato Fontana Zanon","Diretor Presidente / CEO Industrial","https://www.linkedin.com/search/results/people/?keywords=Renato%20Fontana%20Zanon%20Uni%C3%A3o%20Industrial%20Juiz%20de%20Fora%208%20S%2FA","(32) 99262-1017 / diretoria@uniãoindustrialjuizd.com.br","Paulo Santos Barbosa","Diretor Financeiro & Suprimentos (CFO)","https://www.linkedin.com/search/results/people/?keywords=Paulo%20Santos%20Barbosa%20Uni%C3%A3o%20Industrial%20Juiz%20de%20Fora%208%20S%2FA","financeiro@uniãoindustrialjuizd.com.br / controladoria@uniãoindustrialjuizd.com.br","AAA (High-Ticket)"
2857,"Líder Manufatura Resende 8 S/A","79.567.379/0001-78","13 anos (2013)","RJ","Resende","Fábricas & Indústrias","YELLOW","JUCESP / JUCEPAR / FIESP + Receita Federal + LinkedIn","Indústria de Máquinas, Equipamentos Industriais e Automação",Sim,"https://www.lídermanufaturaresen.com.br","Parque fabril com estrutura produtiva consolidada em Indústria de Máquinas, Equipamentos Industriais e Automação em Resende - RJ. Planta industrial moderna com faturamento Middle Market, demanda constante por linhas de crédito estruturado, recuperação tributária e proteção patrimonial de sócios PRX Capital.","2833-0/00 (Fabricação de máquinas e equipamentos para a agricultura e pecuária)","2511-0/00, 2539-0/01, 3321-0/00, 4661-3/00, 4930-2/02","Marcos Andrade Vieira","Diretor Presidente / CEO Industrial","https://www.linkedin.com/search/results/people/?keywords=Marcos%20Andrade%20Vieira%20L%C3%ADder%20Manufatura%20Resende%208%20S%2FA","(24) 99505-6928 / diretoria@lídermanufaturaresen.com.br","Thiago Teixeira Pagnoncelli","Diretor Financeiro & Suprimentos (CFO)","https://www.linkedin.com/search/results/people/?keywords=Thiago%20Teixeira%20Pagnoncelli%20L%C3%ADder%20Manufatura%20Resende%208%20S%2FA","financeiro@lídermanufaturaresen.com.br / controladoria@lídermanufaturaresen.com.br","AAA (High-Ticket)"
2858,"Pioneira Industrial Duque de Caxias 8 S/A","96.598.426/0001-91","55 anos (1971)","RJ","Duque de Caxias","Fábricas & Indústrias","YELLOW","JUCESP / JUCEPAR / FIESP + Receita Federal + LinkedIn","Indústria Têxtil, Confecção Técnica e Tecidos Especiais",Sim,"https://www.pioneiraindustrialdu.com.br","Parque fabril com estrutura produtiva consolidada em Indústria Têxtil, Confecção Técnica e Tecidos Especiais em Duque de Caxias - RJ. Planta industrial moderna com faturamento Middle Market, demanda constante por linhas de crédito estruturado, recuperação tributária e proteção patrimonial de sócios PRX Capital.","2833-0/00 (Fabricação de máquinas e equipamentos para a agricultura e pecuária)","2511-0/00, 2539-0/01, 3321-0/00, 4661-3/00, 4930-2/02","Thiago Zanon Andrade","Diretor Presidente / CEO Industrial","https://www.linkedin.com/search/results/people/?keywords=Thiago%20Zanon%20Andrade%20Pioneira%20Industrial%20Duque%20de%20Caxias%208%20S%2FA","(21) 98262-4150 / diretoria@pioneiraindustrialdu.com.br","Luciano Santana Lopes","Diretor Financeiro & Suprimentos (CFO)","https://www.linkedin.com/search/results/people/?keywords=Luciano%20Santana%20Lopes%20Pioneira%20Industrial%20Duque%20de%20Caxias%208%20S%2FA","financeiro@pioneiraindustrialdu.com.br / controladoria@pioneiraindustrialdu.com.br","AAA (High-Ticket)"
2859,"Paraná Indústria Anápolis 8 S/A","23.629.473/0001-14","31 anos (1995)","GO","Anápolis","Fábricas & Indústrias","YELLOW","JUCESP / JUCEPAR / FIESP + Receita Federal + LinkedIn","Indústria de Papel, Papelão Ondulado e Celulose",Sim,"https://www.paranáindústriaanápo.com.br","Parque fabril com estrutura produtiva consolidada em Indústria de Papel, Papelão Ondulado e Celulose em Anápolis - GO. Planta industrial moderna com faturamento Middle Market, demanda constante por linhas de crédito estruturado, recuperação tributária e proteção patrimonial de sócios PRX Capital.","2833-0/00 (Fabricação de máquinas e equipamentos para a agricultura e pecuária)","2511-0/00, 2539-0/01, 3321-0/00, 4661-3/00, 4930-2/02","Mauricio Zanon Lopes","Diretor Presidente / CEO Industrial","https://www.linkedin.com/search/results/people/?keywords=Mauricio%20Zanon%20Lopes%20Paran%C3%A1%20Ind%C3%BAstria%20An%C3%A1polis%208%20S%2FA","(62) 99972-9205 / diretoria@paranáindústriaanápo.com.br","Rafael Cardoso Mendonça","Diretor Financeiro & Suprimentos (CFO)","https://www.linkedin.com/search/results/people/?keywords=Rafael%20Cardoso%20Mendon%C3%A7a%20Paran%C3%A1%20Ind%C3%BAstria%20An%C3%A1polis%208%20S%2FA","financeiro@paranáindústriaanápo.com.br / controladoria@paranáindústriaanápo.com.br","AAA (High-Ticket)"
2860,"Vanguard Industrial Aparecida de Goiânia 8 S/A","40.660.520/0001-27","19 anos (2007)","GO","Aparecida de Goiânia","Fábricas & Indústrias","YELLOW","JUCESP / JUCEPAR / FIESP + Receita Federal + LinkedIn","Indústria Eletroeletrônica, Transformadores e Painéis de Força",Sim,"https://www.vanguardindustrialap.com.br","Parque fabril com estrutura produtiva consolidada em Indústria Eletroeletrônica, Transformadores e Painéis de Força em Aparecida de Goiânia - GO. Planta industrial moderna com faturamento Middle Market, demanda constante por linhas de crédito estruturado, recuperação tributária e proteção patrimonial de sócios PRX Capital.","2833-0/00 (Fabricação de máquinas e equipamentos para a agricultura e pecuária)","2511-0/00, 2539-0/01, 3321-0/00, 4661-3/00, 4930-2/02","Luiz Moreira Ferreira","Diretor Presidente / CEO Industrial","https://www.linkedin.com/search/results/people/?keywords=Luiz%20Moreira%20Ferreira%20Vanguard%20Industrial%20Aparecida%20de%20Goi%C3%A2nia%208%20S%2FA","(62) 99612-2948 / diretoria@vanguardindustrialap.com.br","Tatiana Souza Furlan","Diretor Financeiro & Suprimentos (CFO)","https://www.linkedin.com/search/results/people/?keywords=Tatiana%20Souza%20Furlan%20Vanguard%20Industrial%20Aparecida%20de%20Goi%C3%A2nia%208%20S%2FA","financeiro@vanguardindustrialap.com.br / controladoria@vanguardindustrialap.com.br","AAA (High-Ticket)"
2861,"Metalúrgica Joinville 9 S/A","57.691.567/0001-40","39 anos (1987)","SP","Joinville","Fábricas & Indústrias","YELLOW","JUCESP / JUCEPAR / FIESP + Receita Federal + LinkedIn","Indústria Metalmecânica de Precisão e Usinagem Pesada",Sim,"https://www.metalúrgicajoinville.com.br","Parque fabril com estrutura produtiva consolidada em Indústria Metalmecânica de Precisão e Usinagem Pesada em Joinville - SP. Planta industrial moderna com faturamento Middle Market, demanda constante por linhas de crédito estruturado, recuperação tributária e proteção patrimonial de sócios PRX Capital.","2833-0/00 (Fabricação de máquinas e equipamentos para a agricultura e pecuária)","2511-0/00, 2539-0/01, 3321-0/00, 4661-3/00, 4930-2/02","Andre Almeida Costa","Diretor Presidente / CEO Industrial","https://www.linkedin.com/search/results/people/?keywords=Andre%20Almeida%20Costa%20Metal%C3%BArgica%20Joinville%209%20S%2FA","(47) 99807-5251 / diretoria@metalúrgicajoinville.com.br","Beatriz Lunardi Soares","Diretor Financeiro & Suprimentos (CFO)","https://www.linkedin.com/search/results/people/?keywords=Beatriz%20Lunardi%20Soares%20Metal%C3%BArgica%20Joinville%209%20S%2FA","financeiro@metalúrgicajoinville.com.br / controladoria@metalúrgicajoinville.com.br","AAA (High-Ticket)"
2862,"Indústria Mecânica Piracicaba 9 S/A","74.722.614/0001-53","14 anos (2012)","SP","Piracicaba","Fábricas & Indústrias","YELLOW","JUCESP / JUCEPAR / FIESP + Receita Federal + LinkedIn","Indústria de Alimentos Processados, Conservas e Condimentos",Sim,"https://www.indústriamecânicapir.com.br","Parque fabril com estrutura produtiva consolidada em Indústria de Alimentos Processados, Conservas e Condimentos em Piracicaba - SP. Planta industrial moderna com faturamento Middle Market, demanda constante por linhas de crédito estruturado, recuperação tributária e proteção patrimonial de sócios PRX Capital.","2833-0/00 (Fabricação de máquinas e equipamentos para a agricultura e pecuária)","2511-0/00, 2539-0/01, 3321-0/00, 4661-3/00, 4930-2/02","Antonio Zanon Souza","Diretor Presidente / CEO Industrial","https://www.linkedin.com/search/results/people/?keywords=Antonio%20Zanon%20Souza%20Ind%C3%BAstria%20Mec%C3%A2nica%20Piracicaba%209%20S%2FA","(19) 98467-7749 / diretoria@indústriamecânicapir.com.br","Carlos Costa Moreira","Diretor Financeiro & Suprimentos (CFO)","https://www.linkedin.com/search/results/people/?keywords=Carlos%20Costa%20Moreira%20Ind%C3%BAstria%20Mec%C3%A2nica%20Piracicaba%209%20S%2FA","financeiro@indústriamecânicapir.com.br / controladoria@indústriamecânicapir.com.br","AAA (High-Ticket)"
2863,"Fábrica Nacional de Sertãozinho 9 S/A","91.753.661/0001-66","59 anos (1967)","SP","Sertãozinho","Fábricas & Indústrias","YELLOW","JUCESP / JUCEPAR / FIESP + Receita Federal + LinkedIn","Indústria de Bebidas, Sucos Envasados e Cervejarias",Sim,"https://www.fábricanacionaldeser.com.br","Parque fabril com estrutura produtiva consolidada em Indústria de Bebidas, Sucos Envasados e Cervejarias em Sertãozinho - SP. Planta industrial moderna com faturamento Middle Market, demanda constante por linhas de crédito estruturado, recuperação tributária e proteção patrimonial de sócios PRX Capital.","2833-0/00 (Fabricação de máquinas e equipamentos para a agricultura e pecuária)","2511-0/00, 2539-0/01, 3321-0/00, 4661-3/00, 4930-2/02","Andre Nunes Pereira","Diretor Presidente / CEO Industrial","https://www.linkedin.com/search/results/people/?keywords=Andre%20Nunes%20Pereira%20F%C3%A1brica%20Nacional%20de%20Sert%C3%A3ozinho%209%20S%2FA","(16) 99397-6868 / diretoria@fábricanacionaldeser.com.br","Beatriz Mendes Carvalho","Diretor Financeiro & Suprimentos (CFO)","https://www.linkedin.com/search/results/people/?keywords=Beatriz%20Mendes%20Carvalho%20F%C3%A1brica%20Nacional%20de%20Sert%C3%A3ozinho%209%20S%2FA","financeiro@fábricanacionaldeser.com.br / controladoria@fábricanacionaldeser.com.br","AAA (High-Ticket)"
2864,"Indústria Química Jundiaí 9 S/A","18.784.708/0001-79","26 anos (2000)","SP","Jundiaí","Fábricas & Indústrias","YELLOW","JUCESP / JUCEPAR / FIESP + Receita Federal + LinkedIn","Indústria Química, Saneantes e Tintas Industriais",Sim,"https://www.indústriaquímicajund.com.br","Parque fabril com estrutura produtiva consolidada em Indústria Química, Saneantes e Tintas Industriais em Jundiaí - SP. Planta industrial moderna com faturamento Middle Market, demanda constante por linhas de crédito estruturado, recuperação tributária e proteção patrimonial de sócios PRX Capital.","2833-0/00 (Fabricação de máquinas e equipamentos para a agricultura e pecuária)","2511-0/00, 2539-0/01, 3321-0/00, 4661-3/00, 4930-2/02","Antonio Santos Ferreira","Diretor Presidente / CEO Industrial","https://www.linkedin.com/search/results/people/?keywords=Antonio%20Santos%20Ferreira%20Ind%C3%BAstria%20Qu%C3%ADmica%20Jundia%C3%AD%209%20S%2FA","(11) 99960-4776 / diretoria@indústriaquímicajund.com.br","Bruno Lopes Ferreira","Diretor Financeiro & Suprimentos (CFO)","https://www.linkedin.com/search/results/people/?keywords=Bruno%20Lopes%20Ferreira%20Ind%C3%BAstria%20Qu%C3%ADmica%20Jundia%C3%AD%209%20S%2FA","financeiro@indústriaquímicajund.com.br / controladoria@indústriaquímicajund.com.br","AAA (High-Ticket)"
2865,"Plásticos Industriais Sorocaba 9 S/A","35.815.755/0001-92","17 anos (2009)","SP","Sorocaba","Fábricas & Indústrias","YELLOW","JUCESP / JUCEPAR / FIESP + Receita Federal + LinkedIn","Indústria de Transformação Plástica e Embalagens Flexíveis",Sim,"https://www.plásticosindustriais.com.br","Parque fabril com estrutura produtiva consolidada em Indústria de Transformação Plástica e Embalagens Flexíveis em Sorocaba - SP. Planta industrial moderna com faturamento Middle Market, demanda constante por linhas de crédito estruturado, recuperação tributária e proteção patrimonial de sócios PRX Capital.","2833-0/00 (Fabricação de máquinas e equipamentos para a agricultura e pecuária)","2511-0/00, 2539-0/01, 3321-0/00, 4661-3/00, 4930-2/02","Daniel Nascimento Castilho","Diretor Presidente / CEO Industrial","https://www.linkedin.com/search/results/people/?keywords=Daniel%20Nascimento%20Castilho%20Pl%C3%A1sticos%20Industriais%20Sorocaba%209%20S%2FA","(15) 98433-2281 / diretoria@plásticosindustriais.com.br","Beatriz Barbosa Furlan","Diretor Financeiro & Suprimentos (CFO)","https://www.linkedin.com/search/results/people/?keywords=Beatriz%20Barbosa%20Furlan%20Pl%C3%A1sticos%20Industriais%20Sorocaba%209%20S%2FA","financeiro@plásticosindustriais.com.br / controladoria@plásticosindustriais.com.br","AAA (High-Ticket)"
2866,"Alimentos Nobres São Bernardo do Campo 9 S/A","52.846.802/0001-15","50 anos (1976)","SP","São Bernardo do Campo","Fábricas & Indústrias","YELLOW","JUCESP / JUCEPAR / FIESP + Receita Federal + LinkedIn","Indústria Farmacêutica, Cosméticos e Nutracêuticos",Sim,"https://www.alimentosnobressãobe.com.br","Parque fabril com estrutura produtiva consolidada em Indústria Farmacêutica, Cosméticos e Nutracêuticos em São Bernardo do Campo - SP. Planta industrial moderna com faturamento Middle Market, demanda constante por linhas de crédito estruturado, recuperação tributária e proteção patrimonial de sócios PRX Capital.","2833-0/00 (Fabricação de máquinas e equipamentos para a agricultura e pecuária)","2511-0/00, 2539-0/01, 3321-0/00, 4661-3/00, 4930-2/02","Mauricio Ramos Almeida","Diretor Presidente / CEO Industrial","https://www.linkedin.com/search/results/people/?keywords=Mauricio%20Ramos%20Almeida%20Alimentos%20Nobres%20S%C3%A3o%20Bernardo%20do%20Campo%209%20S%2FA","(11) 99458-9564 / diretoria@alimentosnobressãobe.com.br","Luciana Moreira Ramos","Diretor Financeiro & Suprimentos (CFO)","https://www.linkedin.com/search/results/people/?keywords=Luciana%20Moreira%20Ramos%20Alimentos%20Nobres%20S%C3%A3o%20Bernardo%20do%20Campo%209%20S%2FA","financeiro@alimentosnobressãobe.com.br / controladoria@alimentosnobressãobe.com.br","AAA (High-Ticket)"
2867,"TecnoIndústria Campinas 9 S/A","69.877.849/0001-28","59 anos (1967)","SP","Campinas","Fábricas & Indústrias","YELLOW","JUCESP / JUCEPAR / FIESP + Receita Federal + LinkedIn","Indústria de Máquinas, Equipamentos Industriais e Automação",Sim,"https://www.tecnoindústriacampin.com.br","Parque fabril com estrutura produtiva consolidada em Indústria de Máquinas, Equipamentos Industriais e Automação em Campinas - SP. Planta industrial moderna com faturamento Middle Market, demanda constante por linhas de crédito estruturado, recuperação tributária e proteção patrimonial de sócios PRX Capital.","2833-0/00 (Fabricação de máquinas e equipamentos para a agricultura e pecuária)","2511-0/00, 2539-0/01, 3321-0/00, 4661-3/00, 4930-2/02","Fernando Silva Lima","Diretor Presidente / CEO Industrial","https://www.linkedin.com/search/results/people/?keywords=Fernando%20Silva%20Lima%20TecnoInd%C3%BAstria%20Campinas%209%20S%2FA","(19) 99936-7402 / diretoria@tecnoindústriacampin.com.br","Fernando Lopes Sperafico","Diretor Financeiro & Suprimentos (CFO)","https://www.linkedin.com/search/results/people/?keywords=Fernando%20Lopes%20Sperafico%20TecnoInd%C3%BAstria%20Campinas%209%20S%2FA","financeiro@tecnoindústriacampin.com.br / controladoria@tecnoindústriacampin.com.br","AAA (High-Ticket)"
2868,"Usinagem de Precisão Limeira 9 S/A","86.908.896/0001-41","52 anos (1974)","SP","Limeira","Fábricas & Indústrias","YELLOW","JUCESP / JUCEPAR / FIESP + Receita Federal + LinkedIn","Indústria Têxtil, Confecção Técnica e Tecidos Especiais",Sim,"https://www.usinagemdeprecisãoli.com.br","Parque fabril com estrutura produtiva consolidada em Indústria Têxtil, Confecção Técnica e Tecidos Especiais em Limeira - SP. Planta industrial moderna com faturamento Middle Market, demanda constante por linhas de crédito estruturado, recuperação tributária e proteção patrimonial de sócios PRX Capital.","2833-0/00 (Fabricação de máquinas e equipamentos para a agricultura e pecuária)","2511-0/00, 2539-0/01, 3321-0/00, 4661-3/00, 4930-2/02","Thiago Almeida Gonçalves","Diretor Presidente / CEO Industrial","https://www.linkedin.com/search/results/people/?keywords=Thiago%20Almeida%20Gon%C3%A7alves%20Usinagem%20de%20Precis%C3%A3o%20Limeira%209%20S%2FA","(19) 98600-7053 / diretoria@usinagemdeprecisãoli.com.br","Wagner Lopes Furlan","Diretor Financeiro & Suprimentos (CFO)","https://www.linkedin.com/search/results/people/?keywords=Wagner%20Lopes%20Furlan%20Usinagem%20de%20Precis%C3%A3o%20Limeira%209%20S%2FA","financeiro@usinagemdeprecisãoli.com.br / controladoria@usinagemdeprecisãoli.com.br","AAA (High-Ticket)"
2869,"Companhia Industrial Franca 9 S/A","13.939.943/0001-54","9 anos (2017)","SP","Franca","Fábricas & Indústrias","YELLOW","JUCESP / JUCEPAR / FIESP + Receita Federal + LinkedIn","Indústria de Papel, Papelão Ondulado e Celulose",Sim,"https://www.companhiaindustrialf.com.br","Parque fabril com estrutura produtiva consolidada em Indústria de Papel, Papelão Ondulado e Celulose em Franca - SP. Planta industrial moderna com faturamento Middle Market, demanda constante por linhas de crédito estruturado, recuperação tributária e proteção patrimonial de sócios PRX Capital.","2833-0/00 (Fabricação de máquinas e equipamentos para a agricultura e pecuária)","2511-0/00, 2539-0/01, 3321-0/00, 4661-3/00, 4930-2/02","Carlos Freitas Furlan","Diretor Presidente / CEO Industrial","https://www.linkedin.com/search/results/people/?keywords=Carlos%20Freitas%20Furlan%20Companhia%20Industrial%20Franca%209%20S%2FA","(16) 99508-8837 / diretoria@companhiaindustrialf.com.br","Mariana Castilho Alves","Diretor Financeiro & Suprimentos (CFO)","https://www.linkedin.com/search/results/people/?keywords=Mariana%20Castilho%20Alves%20Companhia%20Industrial%20Franca%209%20S%2FA","financeiro@companhiaindustrialf.com.br / controladoria@companhiaindustrialf.com.br","AAA (High-Ticket)"
2870,"Artefatos Industriais Joinville 9 S/A","30.970.990/0001-67","23 anos (2003)","SC","Joinville","Fábricas & Indústrias","YELLOW","JUCESP / JUCEPAR / FIESP + Receita Federal + LinkedIn","Indústria Eletroeletrônica, Transformadores e Painéis de Força",Sim,"https://www.artefatosindustriais.com.br","Parque fabril com estrutura produtiva consolidada em Indústria Eletroeletrônica, Transformadores e Painéis de Força em Joinville - SC. Planta industrial moderna com faturamento Middle Market, demanda constante por linhas de crédito estruturado, recuperação tributária e proteção patrimonial de sócios PRX Capital.","2833-0/00 (Fabricação de máquinas e equipamentos para a agricultura e pecuária)","2511-0/00, 2539-0/01, 3321-0/00, 4661-3/00, 4930-2/02","Alexandre Lopes Costa","Diretor Presidente / CEO Industrial","https://www.linkedin.com/search/results/people/?keywords=Alexandre%20Lopes%20Costa%20Artefatos%20Industriais%20Joinville%209%20S%2FA","(47) 98844-7397 / diretoria@artefatosindustriais.com.br","Rodrigo Machado Mendonça","Diretor Financeiro & Suprimentos (CFO)","https://www.linkedin.com/search/results/people/?keywords=Rodrigo%20Machado%20Mendon%C3%A7a%20Artefatos%20Industriais%20Joinville%209%20S%2FA","financeiro@artefatosindustriais.com.br / controladoria@artefatosindustriais.com.br","AAA (High-Ticket)"
2871,"Manufatura Brasil Blumenau 9 S/A","47.101.137/0001-80","25 anos (2001)","SC","Blumenau","Fábricas & Indústrias","YELLOW","JUCESP / JUCEPAR / FIESP + Receita Federal + LinkedIn","Indústria Metalmecânica de Precisão e Usinagem Pesada",Sim,"https://www.manufaturabrasilblum.com.br","Parque fabril com estrutura produtiva consolidada em Indústria Metalmecânica de Precisão e Usinagem Pesada em Blumenau - SC. Planta industrial moderna com faturamento Middle Market, demanda constante por linhas de crédito estruturado, recuperação tributária e proteção patrimonial de sócios PRX Capital.","2833-0/00 (Fabricação de máquinas e equipamentos para a agricultura e pecuária)","2511-0/00, 2539-0/01, 3321-0/00, 4661-3/00, 4930-2/02","Vinicius Marques Prado","Diretor Presidente / CEO Industrial","https://www.linkedin.com/search/results/people/?keywords=Vinicius%20Marques%20Prado%20Manufatura%20Brasil%20Blumenau%209%20S%2FA","(47) 98266-5321 / diretoria@manufaturabrasilblum.com.br","Priscila Rezende Alves","Diretor Financeiro & Suprimentos (CFO)","https://www.linkedin.com/search/results/people/?keywords=Priscila%20Rezende%20Alves%20Manufatura%20Brasil%20Blumenau%209%20S%2FA","financeiro@manufaturabrasilblum.com.br / controladoria@manufaturabrasilblum.com.br","AAA (High-Ticket)"
2872,"Indústria Eletromecânica Criciúma 9 S/A","64.132.184/0001-93","35 anos (1991)","SC","Criciúma","Fábricas & Indústrias","YELLOW","JUCESP / JUCEPAR / FIESP + Receita Federal + LinkedIn","Indústria de Alimentos Processados, Conservas e Condimentos",Sim,"https://www.indústriaeletromecân.com.br","Parque fabril com estrutura produtiva consolidada em Indústria de Alimentos Processados, Conservas e Condimentos em Criciúma - SC. Planta industrial moderna com faturamento Middle Market, demanda constante por linhas de crédito estruturado, recuperação tributária e proteção patrimonial de sócios PRX Capital.","2833-0/00 (Fabricação de máquinas e equipamentos para a agricultura e pecuária)","2511-0/00, 2539-0/01, 3321-0/00, 4661-3/00, 4930-2/02","Luciano Nascimento Ribeiro","Diretor Presidente / CEO Industrial","https://www.linkedin.com/search/results/people/?keywords=Luciano%20Nascimento%20Ribeiro%20Ind%C3%BAstria%20Eletromec%C3%A2nica%20Crici%C3%BAma%209%20S%2FA","(48) 98716-8978 / diretoria@indústriaeletromecân.com.br","Vinicius Nascimento Fernandes","Diretor Financeiro & Suprimentos (CFO)","https://www.linkedin.com/search/results/people/?keywords=Vinicius%20Nascimento%20Fernandes%20Ind%C3%BAstria%20Eletromec%C3%A2nica%20Crici%C3%BAma%209%20S%2FA","financeiro@indústriaeletromecân.com.br / controladoria@indústriaeletromecân.com.br","AAA (High-Ticket)"
2873,"Fábrica Paulista de Jaraguá do Sul 9 S/A","81.163.231/0001-16","38 anos (1988)","SC","Jaraguá do Sul","Fábricas & Indústrias","YELLOW","JUCESP / JUCEPAR / FIESP + Receita Federal + LinkedIn","Indústria de Bebidas, Sucos Envasados e Cervejarias",Sim,"https://www.fábricapaulistadejar.com.br","Parque fabril com estrutura produtiva consolidada em Indústria de Bebidas, Sucos Envasados e Cervejarias em Jaraguá do Sul - SC. Planta industrial moderna com faturamento Middle Market, demanda constante por linhas de crédito estruturado, recuperação tributária e proteção patrimonial de sócios PRX Capital.","2833-0/00 (Fabricação de máquinas e equipamentos para a agricultura e pecuária)","2511-0/00, 2539-0/01, 3321-0/00, 4661-3/00, 4930-2/02","Fernando Freitas Pagnoncelli","Diretor Presidente / CEO Industrial","https://www.linkedin.com/search/results/people/?keywords=Fernando%20Freitas%20Pagnoncelli%20F%C3%A1brica%20Paulista%20de%20Jaragu%C3%A1%20do%20Sul%209%20S%2FA","(47) 98928-7250 / diretoria@fábricapaulistadejar.com.br","Andre Fontana Alves","Diretor Financeiro & Suprimentos (CFO)","https://www.linkedin.com/search/results/people/?keywords=Andre%20Fontana%20Alves%20F%C3%A1brica%20Paulista%20de%20Jaragu%C3%A1%20do%20Sul%209%20S%2FA","financeiro@fábricapaulistadejar.com.br / controladoria@fábricapaulistadejar.com.br","AAA (High-Ticket)"
2874,"Indústria Sulina de Brusque 9 S/A","98.194.278/0001-29","51 anos (1975)","SC","Brusque","Fábricas & Indústrias","YELLOW","JUCESP / JUCEPAR / FIESP + Receita Federal + LinkedIn","Indústria Química, Saneantes e Tintas Industriais",Sim,"https://www.indústriasulinadebru.com.br","Parque fabril com estrutura produtiva consolidada em Indústria Química, Saneantes e Tintas Industriais em Brusque - SC. Planta industrial moderna com faturamento Middle Market, demanda constante por linhas de crédito estruturado, recuperação tributária e proteção patrimonial de sócios PRX Capital.","2833-0/00 (Fabricação de máquinas e equipamentos para a agricultura e pecuária)","2511-0/00, 2539-0/01, 3321-0/00, 4661-3/00, 4930-2/02","Felipe Barbosa Fernandes","Diretor Presidente / CEO Industrial","https://www.linkedin.com/search/results/people/?keywords=Felipe%20Barbosa%20Fernandes%20Ind%C3%BAstria%20Sulina%20de%20Brusque%209%20S%2FA","(47) 99375-7657 / diretoria@indústriasulinadebru.com.br","Luciana Souza Lunardi","Diretor Financeiro & Suprimentos (CFO)","https://www.linkedin.com/search/results/people/?keywords=Luciana%20Souza%20Lunardi%20Ind%C3%BAstria%20Sulina%20de%20Brusque%209%20S%2FA","financeiro@indústriasulinadebru.com.br / controladoria@indústriasulinadebru.com.br","AAA (High-Ticket)"
2875,"Indústria e Comércio Caxias do Sul 9 S/A","25.225.325/0001-42","49 anos (1977)","RS","Caxias do Sul","Fábricas & Indústrias","YELLOW","JUCESP / JUCEPAR / FIESP + Receita Federal + LinkedIn","Indústria de Transformação Plástica e Embalagens Flexíveis",Sim,"https://www.indústriaecomércioca.com.br","Parque fabril com estrutura produtiva consolidada em Indústria de Transformação Plástica e Embalagens Flexíveis em Caxias do Sul - RS. Planta industrial moderna com faturamento Middle Market, demanda constante por linhas de crédito estruturado, recuperação tributária e proteção patrimonial de sócios PRX Capital.","2833-0/00 (Fabricação de máquinas e equipamentos para a agricultura e pecuária)","2511-0/00, 2539-0/01, 3321-0/00, 4661-3/00, 4930-2/02","Paulo Vieira Dornelles","Diretor Presidente / CEO Industrial","https://www.linkedin.com/search/results/people/?keywords=Paulo%20Vieira%20Dornelles%20Ind%C3%BAstria%20e%20Com%C3%A9rcio%20Caxias%20do%20Sul%209%20S%2FA","(54) 98372-6757 / diretoria@indústriaecomércioca.com.br","Eduardo Gonçalves Pagnoncelli","Diretor Financeiro & Suprimentos (CFO)","https://www.linkedin.com/search/results/people/?keywords=Eduardo%20Gon%C3%A7alves%20Pagnoncelli%20Ind%C3%BAstria%20e%20Com%C3%A9rcio%20Caxias%20do%20Sul%209%20S%2FA","financeiro@indústriaecomércioca.com.br / controladoria@indústriaecomércioca.com.br","AAA (High-Ticket)"
2876,"União Industrial Bento Gonçalves 9 S/A","42.256.372/0001-55","25 anos (2001)","RS","Bento Gonçalves","Fábricas & Indústrias","YELLOW","JUCESP / JUCEPAR / FIESP + Receita Federal + LinkedIn","Indústria Farmacêutica, Cosméticos e Nutracêuticos",Sim,"https://www.uniãoindustrialbento.com.br","Parque fabril com estrutura produtiva consolidada em Indústria Farmacêutica, Cosméticos e Nutracêuticos em Bento Gonçalves - RS. Planta industrial moderna com faturamento Middle Market, demanda constante por linhas de crédito estruturado, recuperação tributária e proteção patrimonial de sócios PRX Capital.","2833-0/00 (Fabricação de máquinas e equipamentos para a agricultura e pecuária)","2511-0/00, 2539-0/01, 3321-0/00, 4661-3/00, 4930-2/02","Thiago Prado Ribeiro","Diretor Presidente / CEO Industrial","https://www.linkedin.com/search/results/people/?keywords=Thiago%20Prado%20Ribeiro%20Uni%C3%A3o%20Industrial%20Bento%20Gon%C3%A7alves%209%20S%2FA","(54) 98804-4495 / diretoria@uniãoindustrialbento.com.br","Ana Battistella Gonçalves","Diretor Financeiro & Suprimentos (CFO)","https://www.linkedin.com/search/results/people/?keywords=Ana%20Battistella%20Gon%C3%A7alves%20Uni%C3%A3o%20Industrial%20Bento%20Gon%C3%A7alves%209%20S%2FA","financeiro@uniãoindustrialbento.com.br / controladoria@uniãoindustrialbento.com.br","AAA (High-Ticket)"
2877,"Líder Manufatura São Leopoldo 9 S/A","59.287.419/0001-68","31 anos (1995)","RS","São Leopoldo","Fábricas & Indústrias","YELLOW","JUCESP / JUCEPAR / FIESP + Receita Federal + LinkedIn","Indústria de Máquinas, Equipamentos Industriais e Automação",Sim,"https://www.lídermanufaturasãole.com.br","Parque fabril com estrutura produtiva consolidada em Indústria de Máquinas, Equipamentos Industriais e Automação em São Leopoldo - RS. Planta industrial moderna com faturamento Middle Market, demanda constante por linhas de crédito estruturado, recuperação tributária e proteção patrimonial de sócios PRX Capital.","2833-0/00 (Fabricação de máquinas e equipamentos para a agricultura e pecuária)","2511-0/00, 2539-0/01, 3321-0/00, 4661-3/00, 4930-2/02","Roberto Cardoso Dias","Diretor Presidente / CEO Industrial","https://www.linkedin.com/search/results/people/?keywords=Roberto%20Cardoso%20Dias%20L%C3%ADder%20Manufatura%20S%C3%A3o%20Leopoldo%209%20S%2FA","(51) 98276-1062 / diretoria@lídermanufaturasãole.com.br","Fabio Furlan Rezende","Diretor Financeiro & Suprimentos (CFO)","https://www.linkedin.com/search/results/people/?keywords=Fabio%20Furlan%20Rezende%20L%C3%ADder%20Manufatura%20S%C3%A3o%20Leopoldo%209%20S%2FA","financeiro@lídermanufaturasãole.com.br / controladoria@lídermanufaturasãole.com.br","AAA (High-Ticket)"
2878,"Pioneira Industrial Passo Fundo 9 S/A","76.318.466/0001-81","18 anos (2008)","RS","Passo Fundo","Fábricas & Indústrias","YELLOW","JUCESP / JUCEPAR / FIESP + Receita Federal + LinkedIn","Indústria Têxtil, Confecção Técnica e Tecidos Especiais",Sim,"https://www.pioneiraindustrialpa.com.br","Parque fabril com estrutura produtiva consolidada em Indústria Têxtil, Confecção Técnica e Tecidos Especiais em Passo Fundo - RS. Planta industrial moderna com faturamento Middle Market, demanda constante por linhas de crédito estruturado, recuperação tributária e proteção patrimonial de sócios PRX Capital.","2833-0/00 (Fabricação de máquinas e equipamentos para a agricultura e pecuária)","2511-0/00, 2539-0/01, 3321-0/00, 4661-3/00, 4930-2/02","Vinicius Santana Marques","Diretor Presidente / CEO Industrial","https://www.linkedin.com/search/results/people/?keywords=Vinicius%20Santana%20Marques%20Pioneira%20Industrial%20Passo%20Fundo%209%20S%2FA","(54) 98029-9135 / diretoria@pioneiraindustrialpa.com.br","Sergio Costa Gomes","Diretor Financeiro & Suprimentos (CFO)","https://www.linkedin.com/search/results/people/?keywords=Sergio%20Costa%20Gomes%20Pioneira%20Industrial%20Passo%20Fundo%209%20S%2FA","financeiro@pioneiraindustrialpa.com.br / controladoria@pioneiraindustrialpa.com.br","AAA (High-Ticket)"
2879,"Paraná Indústria Curitiba 9 S/A","93.349.513/0001-94","51 anos (1975)","PR","Curitiba","Fábricas & Indústrias","YELLOW","JUCESP / JUCEPAR / FIESP + Receita Federal + LinkedIn","Indústria de Papel, Papelão Ondulado e Celulose",Sim,"https://www.paranáindústriacurit.com.br","Parque fabril com estrutura produtiva consolidada em Indústria de Papel, Papelão Ondulado e Celulose em Curitiba - PR. Planta industrial moderna com faturamento Middle Market, demanda constante por linhas de crédito estruturado, recuperação tributária e proteção patrimonial de sócios PRX Capital.","2833-0/00 (Fabricação de máquinas e equipamentos para a agricultura e pecuária)","2511-0/00, 2539-0/01, 3321-0/00, 4661-3/00, 4930-2/02","Vinicius Nascimento Souza","Diretor Presidente / CEO Industrial","https://www.linkedin.com/search/results/people/?keywords=Vinicius%20Nascimento%20Souza%20Paran%C3%A1%20Ind%C3%BAstria%20Curitiba%209%20S%2FA","(41) 99050-4283 / diretoria@paranáindústriacurit.com.br","Ana Zanon Oliveira","Diretor Financeiro & Suprimentos (CFO)","https://www.linkedin.com/search/results/people/?keywords=Ana%20Zanon%20Oliveira%20Paran%C3%A1%20Ind%C3%BAstria%20Curitiba%209%20S%2FA","financeiro@paranáindústriacurit.com.br / controladoria@paranáindústriacurit.com.br","AAA (High-Ticket)"
2880,"Vanguard Industrial Maringá 9 S/A","20.380.560/0001-17","31 anos (1995)","PR","Maringá","Fábricas & Indústrias","YELLOW","JUCESP / JUCEPAR / FIESP + Receita Federal + LinkedIn","Indústria Eletroeletrônica, Transformadores e Painéis de Força",Sim,"https://www.vanguardindustrialma.com.br","Parque fabril com estrutura produtiva consolidada em Indústria Eletroeletrônica, Transformadores e Painéis de Força em Maringá - PR. Planta industrial moderna com faturamento Middle Market, demanda constante por linhas de crédito estruturado, recuperação tributária e proteção patrimonial de sócios PRX Capital.","2833-0/00 (Fabricação de máquinas e equipamentos para a agricultura e pecuária)","2511-0/00, 2539-0/01, 3321-0/00, 4661-3/00, 4930-2/02","Alexandre Mendes Souza","Diretor Presidente / CEO Industrial","https://www.linkedin.com/search/results/people/?keywords=Alexandre%20Mendes%20Souza%20Vanguard%20Industrial%20Maring%C3%A1%209%20S%2FA","(44) 98061-6817 / diretoria@vanguardindustrialma.com.br","Carolina Ribeiro Moreira","Diretor Financeiro & Suprimentos (CFO)","https://www.linkedin.com/search/results/people/?keywords=Carolina%20Ribeiro%20Moreira%20Vanguard%20Industrial%20Maring%C3%A1%209%20S%2FA","financeiro@vanguardindustrialma.com.br / controladoria@vanguardindustrialma.com.br","AAA (High-Ticket)"
2881,"Metalúrgica Ponta Grossa 10 S/A","37.411.607/0001-30","26 anos (2000)","PR","Ponta Grossa","Fábricas & Indústrias","YELLOW","JUCESP / JUCEPAR / FIESP + Receita Federal + LinkedIn","Indústria Metalmecânica de Precisão e Usinagem Pesada",Sim,"https://www.metalúrgicapontagros.com.br","Parque fabril com estrutura produtiva consolidada em Indústria Metalmecânica de Precisão e Usinagem Pesada em Ponta Grossa - PR. Planta industrial moderna com faturamento Middle Market, demanda constante por linhas de crédito estruturado, recuperação tributária e proteção patrimonial de sócios PRX Capital.","2833-0/00 (Fabricação de máquinas e equipamentos para a agricultura e pecuária)","2511-0/00, 2539-0/01, 3321-0/00, 4661-3/00, 4930-2/02","Luiz Dias Moreira","Diretor Presidente / CEO Industrial","https://www.linkedin.com/search/results/people/?keywords=Luiz%20Dias%20Moreira%20Metal%C3%BArgica%20Ponta%20Grossa%2010%20S%2FA","(42) 99189-5605 / diretoria@metalúrgicapontagros.com.br","Fernanda Cardoso Zanon","Diretor Financeiro & Suprimentos (CFO)","https://www.linkedin.com/search/results/people/?keywords=Fernanda%20Cardoso%20Zanon%20Metal%C3%BArgica%20Ponta%20Grossa%2010%20S%2FA","financeiro@metalúrgicapontagros.com.br / controladoria@metalúrgicapontagros.com.br","AAA (High-Ticket)"
2882,"Indústria Mecânica Londrina 10 S/A","54.442.654/0001-43","57 anos (1969)","PR","Londrina","Fábricas & Indústrias","YELLOW","JUCESP / JUCEPAR / FIESP + Receita Federal + LinkedIn","Indústria de Alimentos Processados, Conservas e Condimentos",Sim,"https://www.indústriamecânicalon.com.br","Parque fabril com estrutura produtiva consolidada em Indústria de Alimentos Processados, Conservas e Condimentos em Londrina - PR. Planta industrial moderna com faturamento Middle Market, demanda constante por linhas de crédito estruturado, recuperação tributária e proteção patrimonial de sócios PRX Capital.","2833-0/00 (Fabricação de máquinas e equipamentos para a agricultura e pecuária)","2511-0/00, 2539-0/01, 3321-0/00, 4661-3/00, 4930-2/02","Leonardo Zanin Barbosa","Diretor Presidente / CEO Industrial","https://www.linkedin.com/search/results/people/?keywords=Leonardo%20Zanin%20Barbosa%20Ind%C3%BAstria%20Mec%C3%A2nica%20Londrina%2010%20S%2FA","(43) 98163-1222 / diretoria@indústriamecânicalon.com.br","Roberto Rodrigues Costa","Diretor Financeiro & Suprimentos (CFO)","https://www.linkedin.com/search/results/people/?keywords=Roberto%20Rodrigues%20Costa%20Ind%C3%BAstria%20Mec%C3%A2nica%20Londrina%2010%20S%2FA","financeiro@indústriamecânicalon.com.br / controladoria@indústriamecânicalon.com.br","AAA (High-Ticket)"
2883,"Fábrica Nacional de Toledo 10 S/A","71.473.701/0001-56","58 anos (1968)","PR","Toledo","Fábricas & Indústrias","YELLOW","JUCESP / JUCEPAR / FIESP + Receita Federal + LinkedIn","Indústria de Bebidas, Sucos Envasados e Cervejarias",Sim,"https://www.fábricanacionaldetol.com.br","Parque fabril com estrutura produtiva consolidada em Indústria de Bebidas, Sucos Envasados e Cervejarias em Toledo - PR. Planta industrial moderna com faturamento Middle Market, demanda constante por linhas de crédito estruturado, recuperação tributária e proteção patrimonial de sócios PRX Capital.","2833-0/00 (Fabricação de máquinas e equipamentos para a agricultura e pecuária)","2511-0/00, 2539-0/01, 3321-0/00, 4661-3/00, 4930-2/02","Marcelo Vieira Fernandes","Diretor Presidente / CEO Industrial","https://www.linkedin.com/search/results/people/?keywords=Marcelo%20Vieira%20Fernandes%20F%C3%A1brica%20Nacional%20de%20Toledo%2010%20S%2FA","(45) 99457-6247 / diretoria@fábricanacionaldetol.com.br","Renata Costa Oliveira","Diretor Financeiro & Suprimentos (CFO)","https://www.linkedin.com/search/results/people/?keywords=Renata%20Costa%20Oliveira%20F%C3%A1brica%20Nacional%20de%20Toledo%2010%20S%2FA","financeiro@fábricanacionaldetol.com.br / controladoria@fábricanacionaldetol.com.br","AAA (High-Ticket)"
2884,"Indústria Química Contagem 10 S/A","88.504.748/0001-69","39 anos (1987)","MG","Contagem","Fábricas & Indústrias","YELLOW","JUCESP / JUCEPAR / FIESP + Receita Federal + LinkedIn","Indústria Química, Saneantes e Tintas Industriais",Sim,"https://www.indústriaquímicacont.com.br","Parque fabril com estrutura produtiva consolidada em Indústria Química, Saneantes e Tintas Industriais em Contagem - MG. Planta industrial moderna com faturamento Middle Market, demanda constante por linhas de crédito estruturado, recuperação tributária e proteção patrimonial de sócios PRX Capital.","2833-0/00 (Fabricação de máquinas e equipamentos para a agricultura e pecuária)","2511-0/00, 2539-0/01, 3321-0/00, 4661-3/00, 4930-2/02","Alexandre Nunes Zanon","Diretor Presidente / CEO Industrial","https://www.linkedin.com/search/results/people/?keywords=Alexandre%20Nunes%20Zanon%20Ind%C3%BAstria%20Qu%C3%ADmica%20Contagem%2010%20S%2FA","(31) 98253-1982 / diretoria@indústriaquímicacont.com.br","Thiago Almeida Mendonça","Diretor Financeiro & Suprimentos (CFO)","https://www.linkedin.com/search/results/people/?keywords=Thiago%20Almeida%20Mendon%C3%A7a%20Ind%C3%BAstria%20Qu%C3%ADmica%20Contagem%2010%20S%2FA","financeiro@indústriaquímicacont.com.br / controladoria@indústriaquímicacont.com.br","AAA (High-Ticket)"
2885,"Plásticos Industriais Betim 10 S/A","15.535.795/0001-82","38 anos (1988)","MG","Betim","Fábricas & Indústrias","YELLOW","JUCESP / JUCEPAR / FIESP + Receita Federal + LinkedIn","Indústria de Transformação Plástica e Embalagens Flexíveis",Sim,"https://www.plásticosindustriais.com.br","Parque fabril com estrutura produtiva consolidada em Indústria de Transformação Plástica e Embalagens Flexíveis em Betim - MG. Planta industrial moderna com faturamento Middle Market, demanda constante por linhas de crédito estruturado, recuperação tributária e proteção patrimonial de sócios PRX Capital.","2833-0/00 (Fabricação de máquinas e equipamentos para a agricultura e pecuária)","2511-0/00, 2539-0/01, 3321-0/00, 4661-3/00, 4930-2/02","Vinicius Vieira Cardoso","Diretor Presidente / CEO Industrial","https://www.linkedin.com/search/results/people/?keywords=Vinicius%20Vieira%20Cardoso%20Pl%C3%A1sticos%20Industriais%20Betim%2010%20S%2FA","(31) 99032-4485 / diretoria@plásticosindustriais.com.br","Gabriela Lopes Oliveira","Diretor Financeiro & Suprimentos (CFO)","https://www.linkedin.com/search/results/people/?keywords=Gabriela%20Lopes%20Oliveira%20Pl%C3%A1sticos%20Industriais%20Betim%2010%20S%2FA","financeiro@plásticosindustriais.com.br / controladoria@plásticosindustriais.com.br","AAA (High-Ticket)"
2886,"Alimentos Nobres Uberlândia 10 S/A","32.566.842/0001-95","51 anos (1975)","MG","Uberlândia","Fábricas & Indústrias","YELLOW","JUCESP / JUCEPAR / FIESP + Receita Federal + LinkedIn","Indústria Farmacêutica, Cosméticos e Nutracêuticos",Sim,"https://www.alimentosnobresuberl.com.br","Parque fabril com estrutura produtiva consolidada em Indústria Farmacêutica, Cosméticos e Nutracêuticos em Uberlândia - MG. Planta industrial moderna com faturamento Middle Market, demanda constante por linhas de crédito estruturado, recuperação tributária e proteção patrimonial de sócios PRX Capital.","2833-0/00 (Fabricação de máquinas e equipamentos para a agricultura e pecuária)","2511-0/00, 2539-0/01, 3321-0/00, 4661-3/00, 4930-2/02","Rodrigo Costa Mendes","Diretor Presidente / CEO Industrial","https://www.linkedin.com/search/results/people/?keywords=Rodrigo%20Costa%20Mendes%20Alimentos%20Nobres%20Uberl%C3%A2ndia%2010%20S%2FA","(34) 99543-9134 / diretoria@alimentosnobresuberl.com.br","Renata Zanon Alves","Diretor Financeiro & Suprimentos (CFO)","https://www.linkedin.com/search/results/people/?keywords=Renata%20Zanon%20Alves%20Alimentos%20Nobres%20Uberl%C3%A2ndia%2010%20S%2FA","financeiro@alimentosnobresuberl.com.br / controladoria@alimentosnobresuberl.com.br","AAA (High-Ticket)"
2887,"TecnoIndústria Pouso Alegre 10 S/A","49.597.889/0001-18","37 anos (1989)","MG","Pouso Alegre","Fábricas & Indústrias","YELLOW","JUCESP / JUCEPAR / FIESP + Receita Federal + LinkedIn","Indústria de Máquinas, Equipamentos Industriais e Automação",Sim,"https://www.tecnoindústriapousoa.com.br","Parque fabril com estrutura produtiva consolidada em Indústria de Máquinas, Equipamentos Industriais e Automação em Pouso Alegre - MG. Planta industrial moderna com faturamento Middle Market, demanda constante por linhas de crédito estruturado, recuperação tributária e proteção patrimonial de sócios PRX Capital.","2833-0/00 (Fabricação de máquinas e equipamentos para a agricultura e pecuária)","2511-0/00, 2539-0/01, 3321-0/00, 4661-3/00, 4930-2/02","Antonio Zanin Marques","Diretor Presidente / CEO Industrial","https://www.linkedin.com/search/results/people/?keywords=Antonio%20Zanin%20Marques%20TecnoInd%C3%BAstria%20Pouso%20Alegre%2010%20S%2FA","(35) 99550-7029 / diretoria@tecnoindústriapousoa.com.br","Luiz Rocha Trevisan","Diretor Financeiro & Suprimentos (CFO)","https://www.linkedin.com/search/results/people/?keywords=Luiz%20Rocha%20Trevisan%20TecnoInd%C3%BAstria%20Pouso%20Alegre%2010%20S%2FA","financeiro@tecnoindústriapousoa.com.br / controladoria@tecnoindústriapousoa.com.br","AAA (High-Ticket)"
2888,"Usinagem de Precisão Juiz de Fora 10 S/A","66.628.936/0001-31","16 anos (2010)","MG","Juiz de Fora","Fábricas & Indústrias","YELLOW","JUCESP / JUCEPAR / FIESP + Receita Federal + LinkedIn","Indústria Têxtil, Confecção Técnica e Tecidos Especiais",Sim,"https://www.usinagemdeprecisãoju.com.br","Parque fabril com estrutura produtiva consolidada em Indústria Têxtil, Confecção Técnica e Tecidos Especiais em Juiz de Fora - MG. Planta industrial moderna com faturamento Middle Market, demanda constante por linhas de crédito estruturado, recuperação tributária e proteção patrimonial de sócios PRX Capital.","2833-0/00 (Fabricação de máquinas e equipamentos para a agricultura e pecuária)","2511-0/00, 2539-0/01, 3321-0/00, 4661-3/00, 4930-2/02","Rafael Fernandes Dornelles","Diretor Presidente / CEO Industrial","https://www.linkedin.com/search/results/people/?keywords=Rafael%20Fernandes%20Dornelles%20Usinagem%20de%20Precis%C3%A3o%20Juiz%20de%20Fora%2010%20S%2FA","(32) 99742-2057 / diretoria@usinagemdeprecisãoju.com.br","Guilherme Lopes Costa","Diretor Financeiro & Suprimentos (CFO)","https://www.linkedin.com/search/results/people/?keywords=Guilherme%20Lopes%20Costa%20Usinagem%20de%20Precis%C3%A3o%20Juiz%20de%20Fora%2010%20S%2FA","financeiro@usinagemdeprecisãoju.com.br / controladoria@usinagemdeprecisãoju.com.br","AAA (High-Ticket)"
2889,"Companhia Industrial Resende 10 S/A","83.659.983/0001-44","39 anos (1987)","RJ","Resende","Fábricas & Indústrias","YELLOW","JUCESP / JUCEPAR / FIESP + Receita Federal + LinkedIn","Indústria de Papel, Papelão Ondulado e Celulose",Sim,"https://www.companhiaindustrialr.com.br","Parque fabril com estrutura produtiva consolidada em Indústria de Papel, Papelão Ondulado e Celulose em Resende - RJ. Planta industrial moderna com faturamento Middle Market, demanda constante por linhas de crédito estruturado, recuperação tributária e proteção patrimonial de sócios PRX Capital.","2833-0/00 (Fabricação de máquinas e equipamentos para a agricultura e pecuária)","2511-0/00, 2539-0/01, 3321-0/00, 4661-3/00, 4930-2/02","Leonardo Ribeiro Souza","Diretor Presidente / CEO Industrial","https://www.linkedin.com/search/results/people/?keywords=Leonardo%20Ribeiro%20Souza%20Companhia%20Industrial%20Resende%2010%20S%2FA","(24) 98072-3858 / diretoria@companhiaindustrialr.com.br","Daniel Ferreira Soares","Diretor Financeiro & Suprimentos (CFO)","https://www.linkedin.com/search/results/people/?keywords=Daniel%20Ferreira%20Soares%20Companhia%20Industrial%20Resende%2010%20S%2FA","financeiro@companhiaindustrialr.com.br / controladoria@companhiaindustrialr.com.br","AAA (High-Ticket)"
2890,"Artefatos Industriais Duque de Caxias 10 S/A","10.690.130/0001-57","59 anos (1967)","RJ","Duque de Caxias","Fábricas & Indústrias","YELLOW","JUCESP / JUCEPAR / FIESP + Receita Federal + LinkedIn","Indústria Eletroeletrônica, Transformadores e Painéis de Força",Sim,"https://www.artefatosindustriais.com.br","Parque fabril com estrutura produtiva consolidada em Indústria Eletroeletrônica, Transformadores e Painéis de Força em Duque de Caxias - RJ. Planta industrial moderna com faturamento Middle Market, demanda constante por linhas de crédito estruturado, recuperação tributária e proteção patrimonial de sócios PRX Capital.","2833-0/00 (Fabricação de máquinas e equipamentos para a agricultura e pecuária)","2511-0/00, 2539-0/01, 3321-0/00, 4661-3/00, 4930-2/02","Mauricio Santos Pagnoncelli","Diretor Presidente / CEO Industrial","https://www.linkedin.com/search/results/people/?keywords=Mauricio%20Santos%20Pagnoncelli%20Artefatos%20Industriais%20Duque%20de%20Caxias%2010%20S%2FA","(21) 98796-9113 / diretoria@artefatosindustriais.com.br","Luciana Vieira Freitas","Diretor Financeiro & Suprimentos (CFO)","https://www.linkedin.com/search/results/people/?keywords=Luciana%20Vieira%20Freitas%20Artefatos%20Industriais%20Duque%20de%20Caxias%2010%20S%2FA","financeiro@artefatosindustriais.com.br / controladoria@artefatosindustriais.com.br","AAA (High-Ticket)"
2891,"Manufatura Brasil Anápolis 10 S/A","27.721.177/0001-70","17 anos (2009)","GO","Anápolis","Fábricas & Indústrias","YELLOW","JUCESP / JUCEPAR / FIESP + Receita Federal + LinkedIn","Indústria Metalmecânica de Precisão e Usinagem Pesada",Sim,"https://www.manufaturabrasilanáp.com.br","Parque fabril com estrutura produtiva consolidada em Indústria Metalmecânica de Precisão e Usinagem Pesada em Anápolis - GO. Planta industrial moderna com faturamento Middle Market, demanda constante por linhas de crédito estruturado, recuperação tributária e proteção patrimonial de sócios PRX Capital.","2833-0/00 (Fabricação de máquinas e equipamentos para a agricultura e pecuária)","2511-0/00, 2539-0/01, 3321-0/00, 4661-3/00, 4930-2/02","Leonardo Gonçalves Lopes","Diretor Presidente / CEO Industrial","https://www.linkedin.com/search/results/people/?keywords=Leonardo%20Gon%C3%A7alves%20Lopes%20Manufatura%20Brasil%20An%C3%A1polis%2010%20S%2FA","(62) 99826-3665 / diretoria@manufaturabrasilanáp.com.br","Cristina Gomes Dias","Diretor Financeiro & Suprimentos (CFO)","https://www.linkedin.com/search/results/people/?keywords=Cristina%20Gomes%20Dias%20Manufatura%20Brasil%20An%C3%A1polis%2010%20S%2FA","financeiro@manufaturabrasilanáp.com.br / controladoria@manufaturabrasilanáp.com.br","AAA (High-Ticket)"
2892,"Indústria Eletromecânica Aparecida de Goiânia 10 S/A","44.752.224/0001-83","14 anos (2012)","GO","Aparecida de Goiânia","Fábricas & Indústrias","YELLOW","JUCESP / JUCEPAR / FIESP + Receita Federal + LinkedIn","Indústria de Alimentos Processados, Conservas e Condimentos",Sim,"https://www.indústriaeletromecân.com.br","Parque fabril com estrutura produtiva consolidada em Indústria de Alimentos Processados, Conservas e Condimentos em Aparecida de Goiânia - GO. Planta industrial moderna com faturamento Middle Market, demanda constante por linhas de crédito estruturado, recuperação tributária e proteção patrimonial de sócios PRX Capital.","2833-0/00 (Fabricação de máquinas e equipamentos para a agricultura e pecuária)","2511-0/00, 2539-0/01, 3321-0/00, 4661-3/00, 4930-2/02","Luiz Machado Santos","Diretor Presidente / CEO Industrial","https://www.linkedin.com/search/results/people/?keywords=Luiz%20Machado%20Santos%20Ind%C3%BAstria%20Eletromec%C3%A2nica%20Aparecida%20de%20Goi%C3%A2nia%2010%20S%2FA","(62) 99995-7277 / diretoria@indústriaeletromecân.com.br","Marcio Freitas Zanon","Diretor Financeiro & Suprimentos (CFO)","https://www.linkedin.com/search/results/people/?keywords=Marcio%20Freitas%20Zanon%20Ind%C3%BAstria%20Eletromec%C3%A2nica%20Aparecida%20de%20Goi%C3%A2nia%2010%20S%2FA","financeiro@indústriaeletromecân.com.br / controladoria@indústriaeletromecân.com.br","AAA (High-Ticket)"
2893,"Fábrica Paulista de Joinville 10 S/A","61.783.271/0001-96","41 anos (1985)","SP","Joinville","Fábricas & Indústrias","YELLOW","JUCESP / JUCEPAR / FIESP + Receita Federal + LinkedIn","Indústria de Bebidas, Sucos Envasados e Cervejarias",Sim,"https://www.fábricapaulistadejoi.com.br","Parque fabril com estrutura produtiva consolidada em Indústria de Bebidas, Sucos Envasados e Cervejarias em Joinville - SP. Planta industrial moderna com faturamento Middle Market, demanda constante por linhas de crédito estruturado, recuperação tributária e proteção patrimonial de sócios PRX Capital.","2833-0/00 (Fabricação de máquinas e equipamentos para a agricultura e pecuária)","2511-0/00, 2539-0/01, 3321-0/00, 4661-3/00, 4930-2/02","Antonio Ribeiro Ferreira","Diretor Presidente / CEO Industrial","https://www.linkedin.com/search/results/people/?keywords=Antonio%20Ribeiro%20Ferreira%20F%C3%A1brica%20Paulista%20de%20Joinville%2010%20S%2FA","(47) 99757-6796 / diretoria@fábricapaulistadejoi.com.br","Camila Ramos Souza","Diretor Financeiro & Suprimentos (CFO)","https://www.linkedin.com/search/results/people/?keywords=Camila%20Ramos%20Souza%20F%C3%A1brica%20Paulista%20de%20Joinville%2010%20S%2FA","financeiro@fábricapaulistadejoi.com.br / controladoria@fábricapaulistadejoi.com.br","AAA (High-Ticket)"
2894,"Indústria Sulina de Piracicaba 10 S/A","78.814.318/0001-19","25 anos (2001)","SP","Piracicaba","Fábricas & Indústrias","YELLOW","JUCESP / JUCEPAR / FIESP + Receita Federal + LinkedIn","Indústria Química, Saneantes e Tintas Industriais",Sim,"https://www.indústriasulinadepir.com.br","Parque fabril com estrutura produtiva consolidada em Indústria Química, Saneantes e Tintas Industriais em Piracicaba - SP. Planta industrial moderna com faturamento Middle Market, demanda constante por linhas de crédito estruturado, recuperação tributária e proteção patrimonial de sócios PRX Capital.","2833-0/00 (Fabricação de máquinas e equipamentos para a agricultura e pecuária)","2511-0/00, 2539-0/01, 3321-0/00, 4661-3/00, 4930-2/02","Mauricio Barbosa Nunes","Diretor Presidente / CEO Industrial","https://www.linkedin.com/search/results/people/?keywords=Mauricio%20Barbosa%20Nunes%20Ind%C3%BAstria%20Sulina%20de%20Piracicaba%2010%20S%2FA","(19) 99601-6780 / diretoria@indústriasulinadepir.com.br","Andre Furlan Carvalho","Diretor Financeiro & Suprimentos (CFO)","https://www.linkedin.com/search/results/people/?keywords=Andre%20Furlan%20Carvalho%20Ind%C3%BAstria%20Sulina%20de%20Piracicaba%2010%20S%2FA","financeiro@indústriasulinadepir.com.br / controladoria@indústriasulinadepir.com.br","AAA (High-Ticket)"
2895,"Indústria e Comércio Sertãozinho 10 S/A","95.845.365/0001-32","10 anos (2016)","SP","Sertãozinho","Fábricas & Indústrias","YELLOW","JUCESP / JUCEPAR / FIESP + Receita Federal + LinkedIn","Indústria de Transformação Plástica e Embalagens Flexíveis",Sim,"https://www.indústriaecomérciose.com.br","Parque fabril com estrutura produtiva consolidada em Indústria de Transformação Plástica e Embalagens Flexíveis em Sertãozinho - SP. Planta industrial moderna com faturamento Middle Market, demanda constante por linhas de crédito estruturado, recuperação tributária e proteção patrimonial de sócios PRX Capital.","2833-0/00 (Fabricação de máquinas e equipamentos para a agricultura e pecuária)","2511-0/00, 2539-0/01, 3321-0/00, 4661-3/00, 4930-2/02","Luiz Nascimento Santos","Diretor Presidente / CEO Industrial","https://www.linkedin.com/search/results/people/?keywords=Luiz%20Nascimento%20Santos%20Ind%C3%BAstria%20e%20Com%C3%A9rcio%20Sert%C3%A3ozinho%2010%20S%2FA","(16) 99351-5991 / diretoria@indústriaecomérciose.com.br","Aline Soares Pereira","Diretor Financeiro & Suprimentos (CFO)","https://www.linkedin.com/search/results/people/?keywords=Aline%20Soares%20Pereira%20Ind%C3%BAstria%20e%20Com%C3%A9rcio%20Sert%C3%A3ozinho%2010%20S%2FA","financeiro@indústriaecomérciose.com.br / controladoria@indústriaecomérciose.com.br","AAA (High-Ticket)"
2896,"União Industrial Jundiaí 10 S/A","22.876.412/0001-45","25 anos (2001)","SP","Jundiaí","Fábricas & Indústrias","YELLOW","JUCESP / JUCEPAR / FIESP + Receita Federal + LinkedIn","Indústria Farmacêutica, Cosméticos e Nutracêuticos",Sim,"https://www.uniãoindustrialjundi.com.br","Parque fabril com estrutura produtiva consolidada em Indústria Farmacêutica, Cosméticos e Nutracêuticos em Jundiaí - SP. Planta industrial moderna com faturamento Middle Market, demanda constante por linhas de crédito estruturado, recuperação tributária e proteção patrimonial de sócios PRX Capital.","2833-0/00 (Fabricação de máquinas e equipamentos para a agricultura e pecuária)","2511-0/00, 2539-0/01, 3321-0/00, 4661-3/00, 4930-2/02","Roberto Santana Ribeiro","Diretor Presidente / CEO Industrial","https://www.linkedin.com/search/results/people/?keywords=Roberto%20Santana%20Ribeiro%20Uni%C3%A3o%20Industrial%20Jundia%C3%AD%2010%20S%2FA","(11) 99379-4101 / diretoria@uniãoindustrialjundi.com.br","Vinicius Sperafico Prado","Diretor Financeiro & Suprimentos (CFO)","https://www.linkedin.com/search/results/people/?keywords=Vinicius%20Sperafico%20Prado%20Uni%C3%A3o%20Industrial%20Jundia%C3%AD%2010%20S%2FA","financeiro@uniãoindustrialjundi.com.br / controladoria@uniãoindustrialjundi.com.br","AAA (High-Ticket)"
2897,"Líder Manufatura Sorocaba 10 S/A","39.907.459/0001-58","10 anos (2016)","SP","Sorocaba","Fábricas & Indústrias","YELLOW","JUCESP / JUCEPAR / FIESP + Receita Federal + LinkedIn","Indústria de Máquinas, Equipamentos Industriais e Automação",Sim,"https://www.lídermanufaturasoroc.com.br","Parque fabril com estrutura produtiva consolidada em Indústria de Máquinas, Equipamentos Industriais e Automação em Sorocaba - SP. Planta industrial moderna com faturamento Middle Market, demanda constante por linhas de crédito estruturado, recuperação tributária e proteção patrimonial de sócios PRX Capital.","2833-0/00 (Fabricação de máquinas e equipamentos para a agricultura e pecuária)","2511-0/00, 2539-0/01, 3321-0/00, 4661-3/00, 4930-2/02","Roberto Nascimento Sperafico","Diretor Presidente / CEO Industrial","https://www.linkedin.com/search/results/people/?keywords=Roberto%20Nascimento%20Sperafico%20L%C3%ADder%20Manufatura%20Sorocaba%2010%20S%2FA","(15) 98100-4788 / diretoria@lídermanufaturasoroc.com.br","Leonardo Furlan Trevisan","Diretor Financeiro & Suprimentos (CFO)","https://www.linkedin.com/search/results/people/?keywords=Leonardo%20Furlan%20Trevisan%20L%C3%ADder%20Manufatura%20Sorocaba%2010%20S%2FA","financeiro@lídermanufaturasoroc.com.br / controladoria@lídermanufaturasoroc.com.br","AAA (High-Ticket)"
2898,"Pioneira Industrial São Bernardo do Campo 10 S/A","56.938.506/0001-71","51 anos (1975)","SP","São Bernardo do Campo","Fábricas & Indústrias","YELLOW","JUCESP / JUCEPAR / FIESP + Receita Federal + LinkedIn","Indústria Têxtil, Confecção Técnica e Tecidos Especiais",Sim,"https://www.pioneiraindustrialsã.com.br","Parque fabril com estrutura produtiva consolidada em Indústria Têxtil, Confecção Técnica e Tecidos Especiais em São Bernardo do Campo - SP. Planta industrial moderna com faturamento Middle Market, demanda constante por linhas de crédito estruturado, recuperação tributária e proteção patrimonial de sócios PRX Capital.","2833-0/00 (Fabricação de máquinas e equipamentos para a agricultura e pecuária)","2511-0/00, 2539-0/01, 3321-0/00, 4661-3/00, 4930-2/02","Andre Pereira Ramos","Diretor Presidente / CEO Industrial","https://www.linkedin.com/search/results/people/?keywords=Andre%20Pereira%20Ramos%20Pioneira%20Industrial%20S%C3%A3o%20Bernardo%20do%20Campo%2010%20S%2FA","(11) 98344-2539 / diretoria@pioneiraindustrialsã.com.br","Vanessa Pagnoncelli Barbosa","Diretor Financeiro & Suprimentos (CFO)","https://www.linkedin.com/search/results/people/?keywords=Vanessa%20Pagnoncelli%20Barbosa%20Pioneira%20Industrial%20S%C3%A3o%20Bernardo%20do%20Campo%2010%20S%2FA","financeiro@pioneiraindustrialsã.com.br / controladoria@pioneiraindustrialsã.com.br","AAA (High-Ticket)"
2899,"Paraná Indústria Campinas 10 S/A","73.969.553/0001-84","55 anos (1971)","SP","Campinas","Fábricas & Indústrias","YELLOW","JUCESP / JUCEPAR / FIESP + Receita Federal + LinkedIn","Indústria de Papel, Papelão Ondulado e Celulose",Sim,"https://www.paranáindústriacampi.com.br","Parque fabril com estrutura produtiva consolidada em Indústria de Papel, Papelão Ondulado e Celulose em Campinas - SP. Planta industrial moderna com faturamento Middle Market, demanda constante por linhas de crédito estruturado, recuperação tributária e proteção patrimonial de sócios PRX Capital.","2833-0/00 (Fabricação de máquinas e equipamentos para a agricultura e pecuária)","2511-0/00, 2539-0/01, 3321-0/00, 4661-3/00, 4930-2/02","Andre Gomes Oliveira","Diretor Presidente / CEO Industrial","https://www.linkedin.com/search/results/people/?keywords=Andre%20Gomes%20Oliveira%20Paran%C3%A1%20Ind%C3%BAstria%20Campinas%2010%20S%2FA","(19) 99972-8666 / diretoria@paranáindústriacampi.com.br","Ana Lima Pereira","Diretor Financeiro & Suprimentos (CFO)","https://www.linkedin.com/search/results/people/?keywords=Ana%20Lima%20Pereira%20Paran%C3%A1%20Ind%C3%BAstria%20Campinas%2010%20S%2FA","financeiro@paranáindústriacampi.com.br / controladoria@paranáindústriacampi.com.br","AAA (High-Ticket)"
2900,"Vanguard Industrial Limeira 10 S/A","90.100.600/0001-97","20 anos (2006)","SP","Limeira","Fábricas & Indústrias","YELLOW","JUCESP / JUCEPAR / FIESP + Receita Federal + LinkedIn","Indústria Eletroeletrônica, Transformadores e Painéis de Força",Sim,"https://www.vanguardindustrialli.com.br","Parque fabril com estrutura produtiva consolidada em Indústria Eletroeletrônica, Transformadores e Painéis de Força em Limeira - SP. Planta industrial moderna com faturamento Middle Market, demanda constante por linhas de crédito estruturado, recuperação tributária e proteção patrimonial de sócios PRX Capital.","2833-0/00 (Fabricação de máquinas e equipamentos para a agricultura e pecuária)","2511-0/00, 2539-0/01, 3321-0/00, 4661-3/00, 4930-2/02","Luiz Pagnoncelli Dornelles","Diretor Presidente / CEO Industrial","https://www.linkedin.com/search/results/people/?keywords=Luiz%20Pagnoncelli%20Dornelles%20Vanguard%20Industrial%20Limeira%2010%20S%2FA","(19) 98758-5321 / diretoria@vanguardindustrialli.com.br","Mauricio Sperafico Castilho","Diretor Financeiro & Suprimentos (CFO)","https://www.linkedin.com/search/results/people/?keywords=Mauricio%20Sperafico%20Castilho%20Vanguard%20Industrial%20Limeira%2010%20S%2FA","financeiro@vanguardindustrialli.com.br / controladoria@vanguardindustrialli.com.br","AAA (High-Ticket)"
2901,"Metalúrgica Franca 11 S/A","17.131.647/0001-20","44 anos (1982)","SP","Franca","Fábricas & Indústrias","YELLOW","JUCESP / JUCEPAR / FIESP + Receita Federal + LinkedIn","Indústria Metalmecânica de Precisão e Usinagem Pesada",Sim,"https://www.metalúrgicafranca11s.com.br","Parque fabril com estrutura produtiva consolidada em Indústria Metalmecânica de Precisão e Usinagem Pesada em Franca - SP. Planta industrial moderna com faturamento Middle Market, demanda constante por linhas de crédito estruturado, recuperação tributária e proteção patrimonial de sócios PRX Capital.","2833-0/00 (Fabricação de máquinas e equipamentos para a agricultura e pecuária)","2511-0/00, 2539-0/01, 3321-0/00, 4661-3/00, 4930-2/02","Luiz Furlan Mendonça","Diretor Presidente / CEO Industrial","https://www.linkedin.com/search/results/people/?keywords=Luiz%20Furlan%20Mendon%C3%A7a%20Metal%C3%BArgica%20Franca%2011%20S%2FA","(16) 98094-6751 / diretoria@metalúrgicafranca11s.com.br","Beatriz Ribeiro Costa","Diretor Financeiro & Suprimentos (CFO)","https://www.linkedin.com/search/results/people/?keywords=Beatriz%20Ribeiro%20Costa%20Metal%C3%BArgica%20Franca%2011%20S%2FA","financeiro@metalúrgicafranca11s.com.br / controladoria@metalúrgicafranca11s.com.br","AAA (High-Ticket)"
2902,"Indústria Mecânica Joinville 11 S/A","34.162.694/0001-33","35 anos (1991)","SC","Joinville","Fábricas & Indústrias","YELLOW","JUCESP / JUCEPAR / FIESP + Receita Federal + LinkedIn","Indústria de Alimentos Processados, Conservas e Condimentos",Sim,"https://www.indústriamecânicajoi.com.br","Parque fabril com estrutura produtiva consolidada em Indústria de Alimentos Processados, Conservas e Condimentos em Joinville - SC. Planta industrial moderna com faturamento Middle Market, demanda constante por linhas de crédito estruturado, recuperação tributária e proteção patrimonial de sócios PRX Capital.","2833-0/00 (Fabricação de máquinas e equipamentos para a agricultura e pecuária)","2511-0/00, 2539-0/01, 3321-0/00, 4661-3/00, 4930-2/02","Mauricio Alves Freitas","Diretor Presidente / CEO Industrial","https://www.linkedin.com/search/results/people/?keywords=Mauricio%20Alves%20Freitas%20Ind%C3%BAstria%20Mec%C3%A2nica%20Joinville%2011%20S%2FA","(47) 98757-6633 / diretoria@indústriamecânicajoi.com.br","Otavio Rezende Castilho","Diretor Financeiro & Suprimentos (CFO)","https://www.linkedin.com/search/results/people/?keywords=Otavio%20Rezende%20Castilho%20Ind%C3%BAstria%20Mec%C3%A2nica%20Joinville%2011%20S%2FA","financeiro@indústriamecânicajoi.com.br / controladoria@indústriamecânicajoi.com.br","AAA (High-Ticket)"
2903,"Fábrica Nacional de Blumenau 11 S/A","51.193.741/0001-46","49 anos (1977)","SC","Blumenau","Fábricas & Indústrias","YELLOW","JUCESP / JUCEPAR / FIESP + Receita Federal + LinkedIn","Indústria de Bebidas, Sucos Envasados e Cervejarias",Sim,"https://www.fábricanacionaldeblu.com.br","Parque fabril com estrutura produtiva consolidada em Indústria de Bebidas, Sucos Envasados e Cervejarias em Blumenau - SC. Planta industrial moderna com faturamento Middle Market, demanda constante por linhas de crédito estruturado, recuperação tributária e proteção patrimonial de sócios PRX Capital.","2833-0/00 (Fabricação de máquinas e equipamentos para a agricultura e pecuária)","2511-0/00, 2539-0/01, 3321-0/00, 4661-3/00, 4930-2/02","Felipe Martins Fernandes","Diretor Presidente / CEO Industrial","https://www.linkedin.com/search/results/people/?keywords=Felipe%20Martins%20Fernandes%20F%C3%A1brica%20Nacional%20de%20Blumenau%2011%20S%2FA","(47) 98699-4763 / diretoria@fábricanacionaldeblu.com.br","Carolina Alves Santana","Diretor Financeiro & Suprimentos (CFO)","https://www.linkedin.com/search/results/people/?keywords=Carolina%20Alves%20Santana%20F%C3%A1brica%20Nacional%20de%20Blumenau%2011%20S%2FA","financeiro@fábricanacionaldeblu.com.br / controladoria@fábricanacionaldeblu.com.br","AAA (High-Ticket)"
2904,"Indústria Química Criciúma 11 S/A","68.224.788/0001-59","18 anos (2008)","SC","Criciúma","Fábricas & Indústrias","YELLOW","JUCESP / JUCEPAR / FIESP + Receita Federal + LinkedIn","Indústria Química, Saneantes e Tintas Industriais",Sim,"https://www.indústriaquímicacric.com.br","Parque fabril com estrutura produtiva consolidada em Indústria Química, Saneantes e Tintas Industriais em Criciúma - SC. Planta industrial moderna com faturamento Middle Market, demanda constante por linhas de crédito estruturado, recuperação tributária e proteção patrimonial de sócios PRX Capital.","2833-0/00 (Fabricação de máquinas e equipamentos para a agricultura e pecuária)","2511-0/00, 2539-0/01, 3321-0/00, 4661-3/00, 4930-2/02","Marcio Lima Fernandes","Diretor Presidente / CEO Industrial","https://www.linkedin.com/search/results/people/?keywords=Marcio%20Lima%20Fernandes%20Ind%C3%BAstria%20Qu%C3%ADmica%20Crici%C3%BAma%2011%20S%2FA","(48) 98919-4236 / diretoria@indústriaquímicacric.com.br","Daniela Lunardi Sperafico","Diretor Financeiro & Suprimentos (CFO)","https://www.linkedin.com/search/results/people/?keywords=Daniela%20Lunardi%20Sperafico%20Ind%C3%BAstria%20Qu%C3%ADmica%20Crici%C3%BAma%2011%20S%2FA","financeiro@indústriaquímicacric.com.br / controladoria@indústriaquímicacric.com.br","AAA (High-Ticket)"
2905,"Plásticos Industriais Jaraguá do Sul 11 S/A","85.255.835/0001-72","41 anos (1985)","SC","Jaraguá do Sul","Fábricas & Indústrias","YELLOW","JUCESP / JUCEPAR / FIESP + Receita Federal + LinkedIn","Indústria de Transformação Plástica e Embalagens Flexíveis",Sim,"https://www.plásticosindustriais.com.br","Parque fabril com estrutura produtiva consolidada em Indústria de Transformação Plástica e Embalagens Flexíveis em Jaraguá do Sul - SC. Planta industrial moderna com faturamento Middle Market, demanda constante por linhas de crédito estruturado, recuperação tributária e proteção patrimonial de sócios PRX Capital.","2833-0/00 (Fabricação de máquinas e equipamentos para a agricultura e pecuária)","2511-0/00, 2539-0/01, 3321-0/00, 4661-3/00, 4930-2/02","Antonio Fernandes Alves","Diretor Presidente / CEO Industrial","https://www.linkedin.com/search/results/people/?keywords=Antonio%20Fernandes%20Alves%20Pl%C3%A1sticos%20Industriais%20Jaragu%C3%A1%20do%20Sul%2011%20S%2FA","(47) 99869-1380 / diretoria@plásticosindustriais.com.br","Bruno Bortoluzzi Rocha","Diretor Financeiro & Suprimentos (CFO)","https://www.linkedin.com/search/results/people/?keywords=Bruno%20Bortoluzzi%20Rocha%20Pl%C3%A1sticos%20Industriais%20Jaragu%C3%A1%20do%20Sul%2011%20S%2FA","financeiro@plásticosindustriais.com.br / controladoria@plásticosindustriais.com.br","AAA (High-Ticket)"
2906,"Alimentos Nobres Brusque 11 S/A","12.286.882/0001-85","10 anos (2016)","SC","Brusque","Fábricas & Indústrias","YELLOW","JUCESP / JUCEPAR / FIESP + Receita Federal + LinkedIn","Indústria Farmacêutica, Cosméticos e Nutracêuticos",Sim,"https://www.alimentosnobresbrusq.com.br","Parque fabril com estrutura produtiva consolidada em Indústria Farmacêutica, Cosméticos e Nutracêuticos em Brusque - SC. Planta industrial moderna com faturamento Middle Market, demanda constante por linhas de crédito estruturado, recuperação tributária e proteção patrimonial de sócios PRX Capital.","2833-0/00 (Fabricação de máquinas e equipamentos para a agricultura e pecuária)","2511-0/00, 2539-0/01, 3321-0/00, 4661-3/00, 4930-2/02","Wagner Fernandes Moreira","Diretor Presidente / CEO Industrial","https://www.linkedin.com/search/results/people/?keywords=Wagner%20Fernandes%20Moreira%20Alimentos%20Nobres%20Brusque%2011%20S%2FA","(47) 98768-9668 / diretoria@alimentosnobresbrusq.com.br","Antonio Dias Furlan","Diretor Financeiro & Suprimentos (CFO)","https://www.linkedin.com/search/results/people/?keywords=Antonio%20Dias%20Furlan%20Alimentos%20Nobres%20Brusque%2011%20S%2FA","financeiro@alimentosnobresbrusq.com.br / controladoria@alimentosnobresbrusq.com.br","AAA (High-Ticket)"
2907,"TecnoIndústria Caxias do Sul 11 S/A","29.317.929/0001-98","46 anos (1980)","RS","Caxias do Sul","Fábricas & Indústrias","YELLOW","JUCESP / JUCEPAR / FIESP + Receita Federal + LinkedIn","Indústria de Máquinas, Equipamentos Industriais e Automação",Sim,"https://www.tecnoindústriacaxias.com.br","Parque fabril com estrutura produtiva consolidada em Indústria de Máquinas, Equipamentos Industriais e Automação em Caxias do Sul - RS. Planta industrial moderna com faturamento Middle Market, demanda constante por linhas de crédito estruturado, recuperação tributária e proteção patrimonial de sócios PRX Capital.","2833-0/00 (Fabricação de máquinas e equipamentos para a agricultura e pecuária)","2511-0/00, 2539-0/01, 3321-0/00, 4661-3/00, 4930-2/02","Fabio Bortoluzzi Zanin","Diretor Presidente / CEO Industrial","https://www.linkedin.com/search/results/people/?keywords=Fabio%20Bortoluzzi%20Zanin%20TecnoInd%C3%BAstria%20Caxias%20do%20Sul%2011%20S%2FA","(54) 99415-5307 / diretoria@tecnoindústriacaxias.com.br","Fabio Lopes Nunes","Diretor Financeiro & Suprimentos (CFO)","https://www.linkedin.com/search/results/people/?keywords=Fabio%20Lopes%20Nunes%20TecnoInd%C3%BAstria%20Caxias%20do%20Sul%2011%20S%2FA","financeiro@tecnoindústriacaxias.com.br / controladoria@tecnoindústriacaxias.com.br","AAA (High-Ticket)"
2908,"Usinagem de Precisão Bento Gonçalves 11 S/A","46.348.976/0001-21","10 anos (2016)","RS","Bento Gonçalves","Fábricas & Indústrias","YELLOW","JUCESP / JUCEPAR / FIESP + Receita Federal + LinkedIn","Indústria Têxtil, Confecção Técnica e Tecidos Especiais",Sim,"https://www.usinagemdeprecisãobe.com.br","Parque fabril com estrutura produtiva consolidada em Indústria Têxtil, Confecção Técnica e Tecidos Especiais em Bento Gonçalves - RS. Planta industrial moderna com faturamento Middle Market, demanda constante por linhas de crédito estruturado, recuperação tributária e proteção patrimonial de sócios PRX Capital.","2833-0/00 (Fabricação de máquinas e equipamentos para a agricultura e pecuária)","2511-0/00, 2539-0/01, 3321-0/00, 4661-3/00, 4930-2/02","Daniel Gomes Mendes","Diretor Presidente / CEO Industrial","https://www.linkedin.com/search/results/people/?keywords=Daniel%20Gomes%20Mendes%20Usinagem%20de%20Precis%C3%A3o%20Bento%20Gon%C3%A7alves%2011%20S%2FA","(54) 98611-9966 / diretoria@usinagemdeprecisãobe.com.br","Priscila Nascimento Silva","Diretor Financeiro & Suprimentos (CFO)","https://www.linkedin.com/search/results/people/?keywords=Priscila%20Nascimento%20Silva%20Usinagem%20de%20Precis%C3%A3o%20Bento%20Gon%C3%A7alves%2011%20S%2FA","financeiro@usinagemdeprecisãobe.com.br / controladoria@usinagemdeprecisãobe.com.br","AAA (High-Ticket)"
2909,"Companhia Industrial São Leopoldo 11 S/A","63.379.123/0001-34","30 anos (1996)","RS","São Leopoldo","Fábricas & Indústrias","YELLOW","JUCESP / JUCEPAR / FIESP + Receita Federal + LinkedIn","Indústria de Papel, Papelão Ondulado e Celulose",Sim,"https://www.companhiaindustrials.com.br","Parque fabril com estrutura produtiva consolidada em Indústria de Papel, Papelão Ondulado e Celulose em São Leopoldo - RS. Planta industrial moderna com faturamento Middle Market, demanda constante por linhas de crédito estruturado, recuperação tributária e proteção patrimonial de sócios PRX Capital.","2833-0/00 (Fabricação de máquinas e equipamentos para a agricultura e pecuária)","2511-0/00, 2539-0/01, 3321-0/00, 4661-3/00, 4930-2/02","Marcio Zanin Pagnoncelli","Diretor Presidente / CEO Industrial","https://www.linkedin.com/search/results/people/?keywords=Marcio%20Zanin%20Pagnoncelli%20Companhia%20Industrial%20S%C3%A3o%20Leopoldo%2011%20S%2FA","(51) 98784-1571 / diretoria@companhiaindustrials.com.br","Luciana Pagnoncelli Trevisan","Diretor Financeiro & Suprimentos (CFO)","https://www.linkedin.com/search/results/people/?keywords=Luciana%20Pagnoncelli%20Trevisan%20Companhia%20Industrial%20S%C3%A3o%20Leopoldo%2011%20S%2FA","financeiro@companhiaindustrials.com.br / controladoria@companhiaindustrials.com.br","AAA (High-Ticket)"
2910,"Artefatos Industriais Passo Fundo 11 S/A","80.410.170/0001-47","47 anos (1979)","RS","Passo Fundo","Fábricas & Indústrias","YELLOW","JUCESP / JUCEPAR / FIESP + Receita Federal + LinkedIn","Indústria Eletroeletrônica, Transformadores e Painéis de Força",Sim,"https://www.artefatosindustriais.com.br","Parque fabril com estrutura produtiva consolidada em Indústria Eletroeletrônica, Transformadores e Painéis de Força em Passo Fundo - RS. Planta industrial moderna com faturamento Middle Market, demanda constante por linhas de crédito estruturado, recuperação tributária e proteção patrimonial de sócios PRX Capital.","2833-0/00 (Fabricação de máquinas e equipamentos para a agricultura e pecuária)","2511-0/00, 2539-0/01, 3321-0/00, 4661-3/00, 4930-2/02","Carlos Oliveira Mendes","Diretor Presidente / CEO Industrial","https://www.linkedin.com/search/results/people/?keywords=Carlos%20Oliveira%20Mendes%20Artefatos%20Industriais%20Passo%20Fundo%2011%20S%2FA","(54) 98881-2315 / diretoria@artefatosindustriais.com.br","Carolina Mendes Pereira","Diretor Financeiro & Suprimentos (CFO)","https://www.linkedin.com/search/results/people/?keywords=Carolina%20Mendes%20Pereira%20Artefatos%20Industriais%20Passo%20Fundo%2011%20S%2FA","financeiro@artefatosindustriais.com.br / controladoria@artefatosindustriais.com.br","AAA (High-Ticket)"
2911,"Manufatura Brasil Curitiba 11 S/A","97.441.217/0001-60","18 anos (2008)","PR","Curitiba","Fábricas & Indústrias","YELLOW","JUCESP / JUCEPAR / FIESP + Receita Federal + LinkedIn","Indústria Metalmecânica de Precisão e Usinagem Pesada",Sim,"https://www.manufaturabrasilcuri.com.br","Parque fabril com estrutura produtiva consolidada em Indústria Metalmecânica de Precisão e Usinagem Pesada em Curitiba - PR. Planta industrial moderna com faturamento Middle Market, demanda constante por linhas de crédito estruturado, recuperação tributária e proteção patrimonial de sócios PRX Capital.","2833-0/00 (Fabricação de máquinas e equipamentos para a agricultura e pecuária)","2511-0/00, 2539-0/01, 3321-0/00, 4661-3/00, 4930-2/02","Vinicius Sperafico Andrade","Diretor Presidente / CEO Industrial","https://www.linkedin.com/search/results/people/?keywords=Vinicius%20Sperafico%20Andrade%20Manufatura%20Brasil%20Curitiba%2011%20S%2FA","(41) 98821-9155 / diretoria@manufaturabrasilcuri.com.br","Antonio Nascimento Ramos","Diretor Financeiro & Suprimentos (CFO)","https://www.linkedin.com/search/results/people/?keywords=Antonio%20Nascimento%20Ramos%20Manufatura%20Brasil%20Curitiba%2011%20S%2FA","financeiro@manufaturabrasilcuri.com.br / controladoria@manufaturabrasilcuri.com.br","AAA (High-Ticket)"
2912,"Indústria Eletromecânica Maringá 11 S/A","24.472.264/0001-73","37 anos (1989)","PR","Maringá","Fábricas & Indústrias","YELLOW","JUCESP / JUCEPAR / FIESP + Receita Federal + LinkedIn","Indústria de Alimentos Processados, Conservas e Condimentos",Sim,"https://www.indústriaeletromecân.com.br","Parque fabril com estrutura produtiva consolidada em Indústria de Alimentos Processados, Conservas e Condimentos em Maringá - PR. Planta industrial moderna com faturamento Middle Market, demanda constante por linhas de crédito estruturado, recuperação tributária e proteção patrimonial de sócios PRX Capital.","2833-0/00 (Fabricação de máquinas e equipamentos para a agricultura e pecuária)","2511-0/00, 2539-0/01, 3321-0/00, 4661-3/00, 4930-2/02","Antonio Santana Zanin","Diretor Presidente / CEO Industrial","https://www.linkedin.com/search/results/people/?keywords=Antonio%20Santana%20Zanin%20Ind%C3%BAstria%20Eletromec%C3%A2nica%20Maring%C3%A1%2011%20S%2FA","(44) 99607-8352 / diretoria@indústriaeletromecân.com.br","Daniela Andrade Santana","Diretor Financeiro & Suprimentos (CFO)","https://www.linkedin.com/search/results/people/?keywords=Daniela%20Andrade%20Santana%20Ind%C3%BAstria%20Eletromec%C3%A2nica%20Maring%C3%A1%2011%20S%2FA","financeiro@indústriaeletromecân.com.br / controladoria@indústriaeletromecân.com.br","AAA (High-Ticket)"
2913,"Fábrica Paulista de Ponta Grossa 11 S/A","41.503.311/0001-86","54 anos (1972)","PR","Ponta Grossa","Fábricas & Indústrias","YELLOW","JUCESP / JUCEPAR / FIESP + Receita Federal + LinkedIn","Indústria de Bebidas, Sucos Envasados e Cervejarias",Sim,"https://www.fábricapaulistadepon.com.br","Parque fabril com estrutura produtiva consolidada em Indústria de Bebidas, Sucos Envasados e Cervejarias em Ponta Grossa - PR. Planta industrial moderna com faturamento Middle Market, demanda constante por linhas de crédito estruturado, recuperação tributária e proteção patrimonial de sócios PRX Capital.","2833-0/00 (Fabricação de máquinas e equipamentos para a agricultura e pecuária)","2511-0/00, 2539-0/01, 3321-0/00, 4661-3/00, 4930-2/02","Wagner Pereira Rodrigues","Diretor Presidente / CEO Industrial","https://www.linkedin.com/search/results/people/?keywords=Wagner%20Pereira%20Rodrigues%20F%C3%A1brica%20Paulista%20de%20Ponta%20Grossa%2011%20S%2FA","(42) 99473-9981 / diretoria@fábricapaulistadepon.com.br","Patricia Zanin Mendes","Diretor Financeiro & Suprimentos (CFO)","https://www.linkedin.com/search/results/people/?keywords=Patricia%20Zanin%20Mendes%20F%C3%A1brica%20Paulista%20de%20Ponta%20Grossa%2011%20S%2FA","financeiro@fábricapaulistadepon.com.br / controladoria@fábricapaulistadepon.com.br","AAA (High-Ticket)"
2914,"Indústria Sulina de Londrina 11 S/A","58.534.358/0001-99","42 anos (1984)","PR","Londrina","Fábricas & Indústrias","YELLOW","JUCESP / JUCEPAR / FIESP + Receita Federal + LinkedIn","Indústria Química, Saneantes e Tintas Industriais",Sim,"https://www.indústriasulinadelon.com.br","Parque fabril com estrutura produtiva consolidada em Indústria Química, Saneantes e Tintas Industriais em Londrina - PR. Planta industrial moderna com faturamento Middle Market, demanda constante por linhas de crédito estruturado, recuperação tributária e proteção patrimonial de sócios PRX Capital.","2833-0/00 (Fabricação de máquinas e equipamentos para a agricultura e pecuária)","2511-0/00, 2539-0/01, 3321-0/00, 4661-3/00, 4930-2/02","Marcio Gonçalves Ramos","Diretor Presidente / CEO Industrial","https://www.linkedin.com/search/results/people/?keywords=Marcio%20Gon%C3%A7alves%20Ramos%20Ind%C3%BAstria%20Sulina%20de%20Londrina%2011%20S%2FA","(43) 99998-5507 / diretoria@indústriasulinadelon.com.br","Daniela Lunardi Battistella","Diretor Financeiro & Suprimentos (CFO)","https://www.linkedin.com/search/results/people/?keywords=Daniela%20Lunardi%20Battistella%20Ind%C3%BAstria%20Sulina%20de%20Londrina%2011%20S%2FA","financeiro@indústriasulinadelon.com.br / controladoria@indústriasulinadelon.com.br","AAA (High-Ticket)"
2915,"Indústria e Comércio Toledo 11 S/A","75.565.405/0001-22","47 anos (1979)","PR","Toledo","Fábricas & Indústrias","YELLOW","JUCESP / JUCEPAR / FIESP + Receita Federal + LinkedIn","Indústria de Transformação Plástica e Embalagens Flexíveis",Sim,"https://www.indústriaecomércioto.com.br","Parque fabril com estrutura produtiva consolidada em Indústria de Transformação Plástica e Embalagens Flexíveis em Toledo - PR. Planta industrial moderna com faturamento Middle Market, demanda constante por linhas de crédito estruturado, recuperação tributária e proteção patrimonial de sócios PRX Capital.","2833-0/00 (Fabricação de máquinas e equipamentos para a agricultura e pecuária)","2511-0/00, 2539-0/01, 3321-0/00, 4661-3/00, 4930-2/02","Leonardo Gomes Barbosa","Diretor Presidente / CEO Industrial","https://www.linkedin.com/search/results/people/?keywords=Leonardo%20Gomes%20Barbosa%20Ind%C3%BAstria%20e%20Com%C3%A9rcio%20Toledo%2011%20S%2FA","(45) 99168-4453 / diretoria@indústriaecomércioto.com.br","Mauricio Machado Rodrigues","Diretor Financeiro & Suprimentos (CFO)","https://www.linkedin.com/search/results/people/?keywords=Mauricio%20Machado%20Rodrigues%20Ind%C3%BAstria%20e%20Com%C3%A9rcio%20Toledo%2011%20S%2FA","financeiro@indústriaecomércioto.com.br / controladoria@indústriaecomércioto.com.br","AAA (High-Ticket)"
2916,"União Industrial Contagem 11 S/A","92.596.452/0001-35","19 anos (2007)","MG","Contagem","Fábricas & Indústrias","YELLOW","JUCESP / JUCEPAR / FIESP + Receita Federal + LinkedIn","Indústria Farmacêutica, Cosméticos e Nutracêuticos",Sim,"https://www.uniãoindustrialconta.com.br","Parque fabril com estrutura produtiva consolidada em Indústria Farmacêutica, Cosméticos e Nutracêuticos em Contagem - MG. Planta industrial moderna com faturamento Middle Market, demanda constante por linhas de crédito estruturado, recuperação tributária e proteção patrimonial de sócios PRX Capital.","2833-0/00 (Fabricação de máquinas e equipamentos para a agricultura e pecuária)","2511-0/00, 2539-0/01, 3321-0/00, 4661-3/00, 4930-2/02","Antonio Souza Lunardi","Diretor Presidente / CEO Industrial","https://www.linkedin.com/search/results/people/?keywords=Antonio%20Souza%20Lunardi%20Uni%C3%A3o%20Industrial%20Contagem%2011%20S%2FA","(31) 98327-5504 / diretoria@uniãoindustrialconta.com.br","Vinicius Trevisan Bortoluzzi","Diretor Financeiro & Suprimentos (CFO)","https://www.linkedin.com/search/results/people/?keywords=Vinicius%20Trevisan%20Bortoluzzi%20Uni%C3%A3o%20Industrial%20Contagem%2011%20S%2FA","financeiro@uniãoindustrialconta.com.br / controladoria@uniãoindustrialconta.com.br","AAA (High-Ticket)"
2917,"Líder Manufatura Betim 11 S/A","19.627.499/0001-48","15 anos (2011)","MG","Betim","Fábricas & Indústrias","YELLOW","JUCESP / JUCEPAR / FIESP + Receita Federal + LinkedIn","Indústria de Máquinas, Equipamentos Industriais e Automação",Sim,"https://www.lídermanufaturabetim.com.br","Parque fabril com estrutura produtiva consolidada em Indústria de Máquinas, Equipamentos Industriais e Automação em Betim - MG. Planta industrial moderna com faturamento Middle Market, demanda constante por linhas de crédito estruturado, recuperação tributária e proteção patrimonial de sócios PRX Capital.","2833-0/00 (Fabricação de máquinas e equipamentos para a agricultura e pecuária)","2511-0/00, 2539-0/01, 3321-0/00, 4661-3/00, 4930-2/02","Vinicius Mendonça Zanin","Diretor Presidente / CEO Industrial","https://www.linkedin.com/search/results/people/?keywords=Vinicius%20Mendon%C3%A7a%20Zanin%20L%C3%ADder%20Manufatura%20Betim%2011%20S%2FA","(31) 98655-8453 / diretoria@lídermanufaturabetim.com.br","Otavio Gomes Castilho","Diretor Financeiro & Suprimentos (CFO)","https://www.linkedin.com/search/results/people/?keywords=Otavio%20Gomes%20Castilho%20L%C3%ADder%20Manufatura%20Betim%2011%20S%2FA","financeiro@lídermanufaturabetim.com.br / controladoria@lídermanufaturabetim.com.br","AAA (High-Ticket)"
2918,"Pioneira Industrial Uberlândia 11 S/A","36.658.546/0001-61","58 anos (1968)","MG","Uberlândia","Fábricas & Indústrias","YELLOW","JUCESP / JUCEPAR / FIESP + Receita Federal + LinkedIn","Indústria Têxtil, Confecção Técnica e Tecidos Especiais",Sim,"https://www.pioneiraindustrialub.com.br","Parque fabril com estrutura produtiva consolidada em Indústria Têxtil, Confecção Técnica e Tecidos Especiais em Uberlândia - MG. Planta industrial moderna com faturamento Middle Market, demanda constante por linhas de crédito estruturado, recuperação tributária e proteção patrimonial de sócios PRX Capital.","2833-0/00 (Fabricação de máquinas e equipamentos para a agricultura e pecuária)","2511-0/00, 2539-0/01, 3321-0/00, 4661-3/00, 4930-2/02","Marcio Lima Ribeiro","Diretor Presidente / CEO Industrial","https://www.linkedin.com/search/results/people/?keywords=Marcio%20Lima%20Ribeiro%20Pioneira%20Industrial%20Uberl%C3%A2ndia%2011%20S%2FA","(34) 98822-6047 / diretoria@pioneiraindustrialub.com.br","Bruno Lunardi Nunes","Diretor Financeiro & Suprimentos (CFO)","https://www.linkedin.com/search/results/people/?keywords=Bruno%20Lunardi%20Nunes%20Pioneira%20Industrial%20Uberl%C3%A2ndia%2011%20S%2FA","financeiro@pioneiraindustrialub.com.br / controladoria@pioneiraindustrialub.com.br","AAA (High-Ticket)"
2919,"Paraná Indústria Pouso Alegre 11 S/A","53.689.593/0001-74","44 anos (1982)","MG","Pouso Alegre","Fábricas & Indústrias","YELLOW","JUCESP / JUCEPAR / FIESP + Receita Federal + LinkedIn","Indústria de Papel, Papelão Ondulado e Celulose",Sim,"https://www.paranáindústriapouso.com.br","Parque fabril com estrutura produtiva consolidada em Indústria de Papel, Papelão Ondulado e Celulose em Pouso Alegre - MG. Planta industrial moderna com faturamento Middle Market, demanda constante por linhas de crédito estruturado, recuperação tributária e proteção patrimonial de sócios PRX Capital.","2833-0/00 (Fabricação de máquinas e equipamentos para a agricultura e pecuária)","2511-0/00, 2539-0/01, 3321-0/00, 4661-3/00, 4930-2/02","Daniel Fontana Rezende","Diretor Presidente / CEO Industrial","https://www.linkedin.com/search/results/people/?keywords=Daniel%20Fontana%20Rezende%20Paran%C3%A1%20Ind%C3%BAstria%20Pouso%20Alegre%2011%20S%2FA","(35) 98485-5994 / diretoria@paranáindústriapouso.com.br","Fernando Bortoluzzi Rodrigues","Diretor Financeiro & Suprimentos (CFO)","https://www.linkedin.com/search/results/people/?keywords=Fernando%20Bortoluzzi%20Rodrigues%20Paran%C3%A1%20Ind%C3%BAstria%20Pouso%20Alegre%2011%20S%2FA","financeiro@paranáindústriapouso.com.br / controladoria@paranáindústriapouso.com.br","AAA (High-Ticket)"
2920,"Vanguard Industrial Juiz de Fora 11 S/A","70.720.640/0001-87","10 anos (2016)","MG","Juiz de Fora","Fábricas & Indústrias","YELLOW","JUCESP / JUCEPAR / FIESP + Receita Federal + LinkedIn","Indústria Eletroeletrônica, Transformadores e Painéis de Força",Sim,"https://www.vanguardindustrialju.com.br","Parque fabril com estrutura produtiva consolidada em Indústria Eletroeletrônica, Transformadores e Painéis de Força em Juiz de Fora - MG. Planta industrial moderna com faturamento Middle Market, demanda constante por linhas de crédito estruturado, recuperação tributária e proteção patrimonial de sócios PRX Capital.","2833-0/00 (Fabricação de máquinas e equipamentos para a agricultura e pecuária)","2511-0/00, 2539-0/01, 3321-0/00, 4661-3/00, 4930-2/02","Leonardo Trevisan Pereira","Diretor Presidente / CEO Industrial","https://www.linkedin.com/search/results/people/?keywords=Leonardo%20Trevisan%20Pereira%20Vanguard%20Industrial%20Juiz%20de%20Fora%2011%20S%2FA","(32) 99967-6410 / diretoria@vanguardindustrialju.com.br","Gabriela Moreira Freitas","Diretor Financeiro & Suprimentos (CFO)","https://www.linkedin.com/search/results/people/?keywords=Gabriela%20Moreira%20Freitas%20Vanguard%20Industrial%20Juiz%20de%20Fora%2011%20S%2FA","financeiro@vanguardindustrialju.com.br / controladoria@vanguardindustrialju.com.br","AAA (High-Ticket)"
2921,"Metalúrgica Resende 12 S/A","87.751.687/0001-10","43 anos (1983)","RJ","Resende","Fábricas & Indústrias","YELLOW","JUCESP / JUCEPAR / FIESP + Receita Federal + LinkedIn","Indústria Metalmecânica de Precisão e Usinagem Pesada",Sim,"https://www.metalúrgicaresende12.com.br","Parque fabril com estrutura produtiva consolidada em Indústria Metalmecânica de Precisão e Usinagem Pesada em Resende - RJ. Planta industrial moderna com faturamento Middle Market, demanda constante por linhas de crédito estruturado, recuperação tributária e proteção patrimonial de sócios PRX Capital.","2833-0/00 (Fabricação de máquinas e equipamentos para a agricultura e pecuária)","2511-0/00, 2539-0/01, 3321-0/00, 4661-3/00, 4930-2/02","Guilherme Mendonça Sperafico","Diretor Presidente / CEO Industrial","https://www.linkedin.com/search/results/people/?keywords=Guilherme%20Mendon%C3%A7a%20Sperafico%20Metal%C3%BArgica%20Resende%2012%20S%2FA","(24) 98247-2609 / diretoria@metalúrgicaresende12.com.br","Luciana Ramos Bortoluzzi","Diretor Financeiro & Suprimentos (CFO)","https://www.linkedin.com/search/results/people/?keywords=Luciana%20Ramos%20Bortoluzzi%20Metal%C3%BArgica%20Resende%2012%20S%2FA","financeiro@metalúrgicaresende12.com.br / controladoria@metalúrgicaresende12.com.br","AAA (High-Ticket)"
2922,"Indústria Mecânica Duque de Caxias 12 S/A","14.782.734/0001-23","10 anos (2016)","RJ","Duque de Caxias","Fábricas & Indústrias","YELLOW","JUCESP / JUCEPAR / FIESP + Receita Federal + LinkedIn","Indústria de Alimentos Processados, Conservas e Condimentos",Sim,"https://www.indústriamecânicaduq.com.br","Parque fabril com estrutura produtiva consolidada em Indústria de Alimentos Processados, Conservas e Condimentos em Duque de Caxias - RJ. Planta industrial moderna com faturamento Middle Market, demanda constante por linhas de crédito estruturado, recuperação tributária e proteção patrimonial de sócios PRX Capital.","2833-0/00 (Fabricação de máquinas e equipamentos para a agricultura e pecuária)","2511-0/00, 2539-0/01, 3321-0/00, 4661-3/00, 4930-2/02","Fabio Nunes Rezende","Diretor Presidente / CEO Industrial","https://www.linkedin.com/search/results/people/?keywords=Fabio%20Nunes%20Rezende%20Ind%C3%BAstria%20Mec%C3%A2nica%20Duque%20de%20Caxias%2012%20S%2FA","(21) 98356-4920 / diretoria@indústriamecânicaduq.com.br","Fernanda Carvalho Almeida","Diretor Financeiro & Suprimentos (CFO)","https://www.linkedin.com/search/results/people/?keywords=Fernanda%20Carvalho%20Almeida%20Ind%C3%BAstria%20Mec%C3%A2nica%20Duque%20de%20Caxias%2012%20S%2FA","financeiro@indústriamecânicaduq.com.br / controladoria@indústriamecânicaduq.com.br","AAA (High-Ticket)"
2923,"Fábrica Nacional de Anápolis 12 S/A","31.813.781/0001-36","46 anos (1980)","GO","Anápolis","Fábricas & Indústrias","YELLOW","JUCESP / JUCEPAR / FIESP + Receita Federal + LinkedIn","Indústria de Bebidas, Sucos Envasados e Cervejarias",Sim,"https://www.fábricanacionaldeaná.com.br","Parque fabril com estrutura produtiva consolidada em Indústria de Bebidas, Sucos Envasados e Cervejarias em Anápolis - GO. Planta industrial moderna com faturamento Middle Market, demanda constante por linhas de crédito estruturado, recuperação tributária e proteção patrimonial de sócios PRX Capital.","2833-0/00 (Fabricação de máquinas e equipamentos para a agricultura e pecuária)","2511-0/00, 2539-0/01, 3321-0/00, 4661-3/00, 4930-2/02","Mauricio Mendes Santos","Diretor Presidente / CEO Industrial","https://www.linkedin.com/search/results/people/?keywords=Mauricio%20Mendes%20Santos%20F%C3%A1brica%20Nacional%20de%20An%C3%A1polis%2012%20S%2FA","(62) 98173-6088 / diretoria@fábricanacionaldeaná.com.br","Gabriela Nunes Andrade","Diretor Financeiro & Suprimentos (CFO)","https://www.linkedin.com/search/results/people/?keywords=Gabriela%20Nunes%20Andrade%20F%C3%A1brica%20Nacional%20de%20An%C3%A1polis%2012%20S%2FA","financeiro@fábricanacionaldeaná.com.br / controladoria@fábricanacionaldeaná.com.br","AAA (High-Ticket)"
2924,"Indústria Química Aparecida de Goiânia 12 S/A","48.844.828/0001-49","28 anos (1998)","GO","Aparecida de Goiânia","Fábricas & Indústrias","YELLOW","JUCESP / JUCEPAR / FIESP + Receita Federal + LinkedIn","Indústria Química, Saneantes e Tintas Industriais",Sim,"https://www.indústriaquímicaapar.com.br","Parque fabril com estrutura produtiva consolidada em Indústria Química, Saneantes e Tintas Industriais em Aparecida de Goiânia - GO. Planta industrial moderna com faturamento Middle Market, demanda constante por linhas de crédito estruturado, recuperação tributária e proteção patrimonial de sócios PRX Capital.","2833-0/00 (Fabricação de máquinas e equipamentos para a agricultura e pecuária)","2511-0/00, 2539-0/01, 3321-0/00, 4661-3/00, 4930-2/02","Wagner Vieira Trevisan","Diretor Presidente / CEO Industrial","https://www.linkedin.com/search/results/people/?keywords=Wagner%20Vieira%20Trevisan%20Ind%C3%BAstria%20Qu%C3%ADmica%20Aparecida%20de%20Goi%C3%A2nia%2012%20S%2FA","(62) 98178-5721 / diretoria@indústriaquímicaapar.com.br","Antonio Alves Bortoluzzi","Diretor Financeiro & Suprimentos (CFO)","https://www.linkedin.com/search/results/people/?keywords=Antonio%20Alves%20Bortoluzzi%20Ind%C3%BAstria%20Qu%C3%ADmica%20Aparecida%20de%20Goi%C3%A2nia%2012%20S%2FA","financeiro@indústriaquímicaapar.com.br / controladoria@indústriaquímicaapar.com.br","AAA (High-Ticket)"
2925,"Plásticos Industriais Joinville 12 S/A","65.875.875/0001-62","25 anos (2001)","SP","Joinville","Fábricas & Indústrias","YELLOW","JUCESP / JUCEPAR / FIESP + Receita Federal + LinkedIn","Indústria de Transformação Plástica e Embalagens Flexíveis",Sim,"https://www.plásticosindustriais.com.br","Parque fabril com estrutura produtiva consolidada em Indústria de Transformação Plástica e Embalagens Flexíveis em Joinville - SP. Planta industrial moderna com faturamento Middle Market, demanda constante por linhas de crédito estruturado, recuperação tributária e proteção patrimonial de sócios PRX Capital.","2833-0/00 (Fabricação de máquinas e equipamentos para a agricultura e pecuária)","2511-0/00, 2539-0/01, 3321-0/00, 4661-3/00, 4930-2/02","Marcos Furlan Sperafico","Diretor Presidente / CEO Industrial","https://www.linkedin.com/search/results/people/?keywords=Marcos%20Furlan%20Sperafico%20Pl%C3%A1sticos%20Industriais%20Joinville%2012%20S%2FA","(47) 99837-1755 / diretoria@plásticosindustriais.com.br","Mariana Souza Nunes","Diretor Financeiro & Suprimentos (CFO)","https://www.linkedin.com/search/results/people/?keywords=Mariana%20Souza%20Nunes%20Pl%C3%A1sticos%20Industriais%20Joinville%2012%20S%2FA","financeiro@plásticosindustriais.com.br / controladoria@plásticosindustriais.com.br","AAA (High-Ticket)"
2926,"Alimentos Nobres Piracicaba 12 S/A","82.906.922/0001-75","38 anos (1988)","SP","Piracicaba","Fábricas & Indústrias","YELLOW","JUCESP / JUCEPAR / FIESP + Receita Federal + LinkedIn","Indústria Farmacêutica, Cosméticos e Nutracêuticos",Sim,"https://www.alimentosnobrespirac.com.br","Parque fabril com estrutura produtiva consolidada em Indústria Farmacêutica, Cosméticos e Nutracêuticos em Piracicaba - SP. Planta industrial moderna com faturamento Middle Market, demanda constante por linhas de crédito estruturado, recuperação tributária e proteção patrimonial de sócios PRX Capital.","2833-0/00 (Fabricação de máquinas e equipamentos para a agricultura e pecuária)","2511-0/00, 2539-0/01, 3321-0/00, 4661-3/00, 4930-2/02","Fernando Freitas Gonçalves","Diretor Presidente / CEO Industrial","https://www.linkedin.com/search/results/people/?keywords=Fernando%20Freitas%20Gon%C3%A7alves%20Alimentos%20Nobres%20Piracicaba%2012%20S%2FA","(19) 99775-8706 / diretoria@alimentosnobrespirac.com.br","Patricia Furlan Fernandes","Diretor Financeiro & Suprimentos (CFO)","https://www.linkedin.com/search/results/people/?keywords=Patricia%20Furlan%20Fernandes%20Alimentos%20Nobres%20Piracicaba%2012%20S%2FA","financeiro@alimentosnobrespirac.com.br / controladoria@alimentosnobrespirac.com.br","AAA (High-Ticket)"
2927,"TecnoIndústria Sertãozinho 12 S/A","99.937.969/0001-88","25 anos (2001)","SP","Sertãozinho","Fábricas & Indústrias","YELLOW","JUCESP / JUCEPAR / FIESP + Receita Federal + LinkedIn","Indústria de Máquinas, Equipamentos Industriais e Automação",Sim,"https://www.tecnoindústriasertão.com.br","Parque fabril com estrutura produtiva consolidada em Indústria de Máquinas, Equipamentos Industriais e Automação em Sertãozinho - SP. Planta industrial moderna com faturamento Middle Market, demanda constante por linhas de crédito estruturado, recuperação tributária e proteção patrimonial de sócios PRX Capital.","2833-0/00 (Fabricação de máquinas e equipamentos para a agricultura e pecuária)","2511-0/00, 2539-0/01, 3321-0/00, 4661-3/00, 4930-2/02","Alexandre Zanin Moreira","Diretor Presidente / CEO Industrial","https://www.linkedin.com/search/results/people/?keywords=Alexandre%20Zanin%20Moreira%20TecnoInd%C3%BAstria%20Sert%C3%A3ozinho%2012%20S%2FA","(16) 98062-1214 / diretoria@tecnoindústriasertão.com.br","Vinicius Silva Zanon","Diretor Financeiro & Suprimentos (CFO)","https://www.linkedin.com/search/results/people/?keywords=Vinicius%20Silva%20Zanon%20TecnoInd%C3%BAstria%20Sert%C3%A3ozinho%2012%20S%2FA","financeiro@tecnoindústriasertão.com.br / controladoria@tecnoindústriasertão.com.br","AAA (High-Ticket)"
2928,"Usinagem de Precisão Jundiaí 12 S/A","26.968.116/0001-11","44 anos (1982)","SP","Jundiaí","Fábricas & Indústrias","YELLOW","JUCESP / JUCEPAR / FIESP + Receita Federal + LinkedIn","Indústria Têxtil, Confecção Técnica e Tecidos Especiais",Sim,"https://www.usinagemdeprecisãoju.com.br","Parque fabril com estrutura produtiva consolidada em Indústria Têxtil, Confecção Técnica e Tecidos Especiais em Jundiaí - SP. Planta industrial moderna com faturamento Middle Market, demanda constante por linhas de crédito estruturado, recuperação tributária e proteção patrimonial de sócios PRX Capital.","2833-0/00 (Fabricação de máquinas e equipamentos para a agricultura e pecuária)","2511-0/00, 2539-0/01, 3321-0/00, 4661-3/00, 4930-2/02","Renato Lopes Fontana","Diretor Presidente / CEO Industrial","https://www.linkedin.com/search/results/people/?keywords=Renato%20Lopes%20Fontana%20Usinagem%20de%20Precis%C3%A3o%20Jundia%C3%AD%2012%20S%2FA","(11) 98942-3418 / diretoria@usinagemdeprecisãoju.com.br","Eduardo Rodrigues Gonçalves","Diretor Financeiro & Suprimentos (CFO)","https://www.linkedin.com/search/results/people/?keywords=Eduardo%20Rodrigues%20Gon%C3%A7alves%20Usinagem%20de%20Precis%C3%A3o%20Jundia%C3%AD%2012%20S%2FA","financeiro@usinagemdeprecisãoju.com.br / controladoria@usinagemdeprecisãoju.com.br","AAA (High-Ticket)"
2929,"Companhia Industrial Sorocaba 12 S/A","43.999.163/0001-24","35 anos (1991)","SP","Sorocaba","Fábricas & Indústrias","YELLOW","JUCESP / JUCEPAR / FIESP + Receita Federal + LinkedIn","Indústria de Papel, Papelão Ondulado e Celulose",Sim,"https://www.companhiaindustrials.com.br","Parque fabril com estrutura produtiva consolidada em Indústria de Papel, Papelão Ondulado e Celulose em Sorocaba - SP. Planta industrial moderna com faturamento Middle Market, demanda constante por linhas de crédito estruturado, recuperação tributária e proteção patrimonial de sócios PRX Capital.","2833-0/00 (Fabricação de máquinas e equipamentos para a agricultura e pecuária)","2511-0/00, 2539-0/01, 3321-0/00, 4661-3/00, 4930-2/02","Alexandre Pagnoncelli Mendes","Diretor Presidente / CEO Industrial","https://www.linkedin.com/search/results/people/?keywords=Alexandre%20Pagnoncelli%20Mendes%20Companhia%20Industrial%20Sorocaba%2012%20S%2FA","(15) 99256-5241 / diretoria@companhiaindustrials.com.br","Ricardo Rocha Vieira","Diretor Financeiro & Suprimentos (CFO)","https://www.linkedin.com/search/results/people/?keywords=Ricardo%20Rocha%20Vieira%20Companhia%20Industrial%20Sorocaba%2012%20S%2FA","financeiro@companhiaindustrials.com.br / controladoria@companhiaindustrials.com.br","AAA (High-Ticket)"
2930,"Artefatos Industriais São Bernardo do Campo 12 S/A","60.130.210/0001-37","37 anos (1989)","SP","São Bernardo do Campo","Fábricas & Indústrias","YELLOW","JUCESP / JUCEPAR / FIESP + Receita Federal + LinkedIn","Indústria Eletroeletrônica, Transformadores e Painéis de Força",Sim,"https://www.artefatosindustriais.com.br","Parque fabril com estrutura produtiva consolidada em Indústria Eletroeletrônica, Transformadores e Painéis de Força em São Bernardo do Campo - SP. Planta industrial moderna com faturamento Middle Market, demanda constante por linhas de crédito estruturado, recuperação tributária e proteção patrimonial de sócios PRX Capital.","2833-0/00 (Fabricação de máquinas e equipamentos para a agricultura e pecuária)","2511-0/00, 2539-0/01, 3321-0/00, 4661-3/00, 4930-2/02","Andre Costa Nascimento","Diretor Presidente / CEO Industrial","https://www.linkedin.com/search/results/people/?keywords=Andre%20Costa%20Nascimento%20Artefatos%20Industriais%20S%C3%A3o%20Bernardo%20do%20Campo%2012%20S%2FA","(11) 99899-2349 / diretoria@artefatosindustriais.com.br","Alexandre Oliveira Battistella","Diretor Financeiro & Suprimentos (CFO)","https://www.linkedin.com/search/results/people/?keywords=Alexandre%20Oliveira%20Battistella%20Artefatos%20Industriais%20S%C3%A3o%20Bernardo%20do%20Campo%2012%20S%2FA","financeiro@artefatosindustriais.com.br / controladoria@artefatosindustriais.com.br","AAA (High-Ticket)"
2931,"Manufatura Brasil Campinas 12 S/A","77.161.257/0001-50","52 anos (1974)","SP","Campinas","Fábricas & Indústrias","YELLOW","JUCESP / JUCEPAR / FIESP + Receita Federal + LinkedIn","Indústria Metalmecânica de Precisão e Usinagem Pesada",Sim,"https://www.manufaturabrasilcamp.com.br","Parque fabril com estrutura produtiva consolidada em Indústria Metalmecânica de Precisão e Usinagem Pesada em Campinas - SP. Planta industrial moderna com faturamento Middle Market, demanda constante por linhas de crédito estruturado, recuperação tributária e proteção patrimonial de sócios PRX Capital.","2833-0/00 (Fabricação de máquinas e equipamentos para a agricultura e pecuária)","2511-0/00, 2539-0/01, 3321-0/00, 4661-3/00, 4930-2/02","Felipe Soares Bortoluzzi","Diretor Presidente / CEO Industrial","https://www.linkedin.com/search/results/people/?keywords=Felipe%20Soares%20Bortoluzzi%20Manufatura%20Brasil%20Campinas%2012%20S%2FA","(19) 99904-1680 / diretoria@manufaturabrasilcamp.com.br","Rodrigo Barbosa Nunes","Diretor Financeiro & Suprimentos (CFO)","https://www.linkedin.com/search/results/people/?keywords=Rodrigo%20Barbosa%20Nunes%20Manufatura%20Brasil%20Campinas%2012%20S%2FA","financeiro@manufaturabrasilcamp.com.br / controladoria@manufaturabrasilcamp.com.br","AAA (High-Ticket)"
2932,"Indústria Eletromecânica Limeira 12 S/A","94.192.304/0001-63","55 anos (1971)","SP","Limeira","Fábricas & Indústrias","YELLOW","JUCESP / JUCEPAR / FIESP + Receita Federal + LinkedIn","Indústria de Alimentos Processados, Conservas e Condimentos",Sim,"https://www.indústriaeletromecân.com.br","Parque fabril com estrutura produtiva consolidada em Indústria de Alimentos Processados, Conservas e Condimentos em Limeira - SP. Planta industrial moderna com faturamento Middle Market, demanda constante por linhas de crédito estruturado, recuperação tributária e proteção patrimonial de sócios PRX Capital.","2833-0/00 (Fabricação de máquinas e equipamentos para a agricultura e pecuária)","2511-0/00, 2539-0/01, 3321-0/00, 4661-3/00, 4930-2/02","Marcio Dias Fontana","Diretor Presidente / CEO Industrial","https://www.linkedin.com/search/results/people/?keywords=Marcio%20Dias%20Fontana%20Ind%C3%BAstria%20Eletromec%C3%A2nica%20Limeira%2012%20S%2FA","(19) 98559-4917 / diretoria@indústriaeletromecân.com.br","Bruno Ferreira Castilho","Diretor Financeiro & Suprimentos (CFO)","https://www.linkedin.com/search/results/people/?keywords=Bruno%20Ferreira%20Castilho%20Ind%C3%BAstria%20Eletromec%C3%A2nica%20Limeira%2012%20S%2FA","financeiro@indústriaeletromecân.com.br / controladoria@indústriaeletromecân.com.br","AAA (High-Ticket)"
2933,"Fábrica Paulista de Franca 12 S/A","21.223.351/0001-76","52 anos (1974)","SP","Franca","Fábricas & Indústrias","YELLOW","JUCESP / JUCEPAR / FIESP + Receita Federal + LinkedIn","Indústria de Bebidas, Sucos Envasados e Cervejarias",Sim,"https://www.fábricapaulistadefra.com.br","Parque fabril com estrutura produtiva consolidada em Indústria de Bebidas, Sucos Envasados e Cervejarias em Franca - SP. Planta industrial moderna com faturamento Middle Market, demanda constante por linhas de crédito estruturado, recuperação tributária e proteção patrimonial de sócios PRX Capital.","2833-0/00 (Fabricação de máquinas e equipamentos para a agricultura e pecuária)","2511-0/00, 2539-0/01, 3321-0/00, 4661-3/00, 4930-2/02","Bruno Dias Martins","Diretor Presidente / CEO Industrial","https://www.linkedin.com/search/results/people/?keywords=Bruno%20Dias%20Martins%20F%C3%A1brica%20Paulista%20de%20Franca%2012%20S%2FA","(16) 99396-3936 / diretoria@fábricapaulistadefra.com.br","Cristina Gomes Lunardi","Diretor Financeiro & Suprimentos (CFO)","https://www.linkedin.com/search/results/people/?keywords=Cristina%20Gomes%20Lunardi%20F%C3%A1brica%20Paulista%20de%20Franca%2012%20S%2FA","financeiro@fábricapaulistadefra.com.br / controladoria@fábricapaulistadefra.com.br","AAA (High-Ticket)"
2934,"Indústria Sulina de Joinville 12 S/A","38.254.398/0001-89","52 anos (1974)","SC","Joinville","Fábricas & Indústrias","YELLOW","JUCESP / JUCEPAR / FIESP + Receita Federal + LinkedIn","Indústria Química, Saneantes e Tintas Industriais",Sim,"https://www.indústriasulinadejoi.com.br","Parque fabril com estrutura produtiva consolidada em Indústria Química, Saneantes e Tintas Industriais em Joinville - SC. Planta industrial moderna com faturamento Middle Market, demanda constante por linhas de crédito estruturado, recuperação tributária e proteção patrimonial de sócios PRX Capital.","2833-0/00 (Fabricação de máquinas e equipamentos para a agricultura e pecuária)","2511-0/00, 2539-0/01, 3321-0/00, 4661-3/00, 4930-2/02","Sergio Rodrigues Teixeira","Diretor Presidente / CEO Industrial","https://www.linkedin.com/search/results/people/?keywords=Sergio%20Rodrigues%20Teixeira%20Ind%C3%BAstria%20Sulina%20de%20Joinville%2012%20S%2FA","(47) 99066-7927 / diretoria@indústriasulinadejoi.com.br","Juliana Zanon Silva","Diretor Financeiro & Suprimentos (CFO)","https://www.linkedin.com/search/results/people/?keywords=Juliana%20Zanon%20Silva%20Ind%C3%BAstria%20Sulina%20de%20Joinville%2012%20S%2FA","financeiro@indústriasulinadejoi.com.br / controladoria@indústriasulinadejoi.com.br","AAA (High-Ticket)"
2935,"Indústria e Comércio Blumenau 12 S/A","55.285.445/0001-12","48 anos (1978)","SC","Blumenau","Fábricas & Indústrias","YELLOW","JUCESP / JUCEPAR / FIESP + Receita Federal + LinkedIn","Indústria de Transformação Plástica e Embalagens Flexíveis",Sim,"https://www.indústriaecomérciobl.com.br","Parque fabril com estrutura produtiva consolidada em Indústria de Transformação Plástica e Embalagens Flexíveis em Blumenau - SC. Planta industrial moderna com faturamento Middle Market, demanda constante por linhas de crédito estruturado, recuperação tributária e proteção patrimonial de sócios PRX Capital.","2833-0/00 (Fabricação de máquinas e equipamentos para a agricultura e pecuária)","2511-0/00, 2539-0/01, 3321-0/00, 4661-3/00, 4930-2/02","Ricardo Cardoso Rocha","Diretor Presidente / CEO Industrial","https://www.linkedin.com/search/results/people/?keywords=Ricardo%20Cardoso%20Rocha%20Ind%C3%BAstria%20e%20Com%C3%A9rcio%20Blumenau%2012%20S%2FA","(47) 98009-6609 / diretoria@indústriaecomérciobl.com.br","Alexandre Carvalho Santos","Diretor Financeiro & Suprimentos (CFO)","https://www.linkedin.com/search/results/people/?keywords=Alexandre%20Carvalho%20Santos%20Ind%C3%BAstria%20e%20Com%C3%A9rcio%20Blumenau%2012%20S%2FA","financeiro@indústriaecomérciobl.com.br / controladoria@indústriaecomérciobl.com.br","AAA (High-Ticket)"
2936,"União Industrial Criciúma 12 S/A","72.316.492/0001-25","49 anos (1977)","SC","Criciúma","Fábricas & Indústrias","YELLOW","JUCESP / JUCEPAR / FIESP + Receita Federal + LinkedIn","Indústria Farmacêutica, Cosméticos e Nutracêuticos",Sim,"https://www.uniãoindustrialcrici.com.br","Parque fabril com estrutura produtiva consolidada em Indústria Farmacêutica, Cosméticos e Nutracêuticos em Criciúma - SC. Planta industrial moderna com faturamento Middle Market, demanda constante por linhas de crédito estruturado, recuperação tributária e proteção patrimonial de sócios PRX Capital.","2833-0/00 (Fabricação de máquinas e equipamentos para a agricultura e pecuária)","2511-0/00, 2539-0/01, 3321-0/00, 4661-3/00, 4930-2/02","Marcelo Zanon Lima","Diretor Presidente / CEO Industrial","https://www.linkedin.com/search/results/people/?keywords=Marcelo%20Zanon%20Lima%20Uni%C3%A3o%20Industrial%20Crici%C3%BAma%2012%20S%2FA","(48) 99998-7811 / diretoria@uniãoindustrialcrici.com.br","Daniel Furlan Alves","Diretor Financeiro & Suprimentos (CFO)","https://www.linkedin.com/search/results/people/?keywords=Daniel%20Furlan%20Alves%20Uni%C3%A3o%20Industrial%20Crici%C3%BAma%2012%20S%2FA","financeiro@uniãoindustrialcrici.com.br / controladoria@uniãoindustrialcrici.com.br","AAA (High-Ticket)"
2937,"Líder Manufatura Jaraguá do Sul 12 S/A","89.347.539/0001-38","37 anos (1989)","SC","Jaraguá do Sul","Fábricas & Indústrias","YELLOW","JUCESP / JUCEPAR / FIESP + Receita Federal + LinkedIn","Indústria de Máquinas, Equipamentos Industriais e Automação",Sim,"https://www.lídermanufaturajarag.com.br","Parque fabril com estrutura produtiva consolidada em Indústria de Máquinas, Equipamentos Industriais e Automação em Jaraguá do Sul - SC. Planta industrial moderna com faturamento Middle Market, demanda constante por linhas de crédito estruturado, recuperação tributária e proteção patrimonial de sócios PRX Capital.","2833-0/00 (Fabricação de máquinas e equipamentos para a agricultura e pecuária)","2511-0/00, 2539-0/01, 3321-0/00, 4661-3/00, 4930-2/02","Fabio Gomes Castilho","Diretor Presidente / CEO Industrial","https://www.linkedin.com/search/results/people/?keywords=Fabio%20Gomes%20Castilho%20L%C3%ADder%20Manufatura%20Jaragu%C3%A1%20do%20Sul%2012%20S%2FA","(47) 98928-6389 / diretoria@lídermanufaturajarag.com.br","Gustavo Furlan Castilho","Diretor Financeiro & Suprimentos (CFO)","https://www.linkedin.com/search/results/people/?keywords=Gustavo%20Furlan%20Castilho%20L%C3%ADder%20Manufatura%20Jaragu%C3%A1%20do%20Sul%2012%20S%2FA","financeiro@lídermanufaturajarag.com.br / controladoria@lídermanufaturajarag.com.br","AAA (High-Ticket)"
2938,"Pioneira Industrial Brusque 12 S/A","16.378.586/0001-51","58 anos (1968)","SC","Brusque","Fábricas & Indústrias","YELLOW","JUCESP / JUCEPAR / FIESP + Receita Federal + LinkedIn","Indústria Têxtil, Confecção Técnica e Tecidos Especiais",Sim,"https://www.pioneiraindustrialbr.com.br","Parque fabril com estrutura produtiva consolidada em Indústria Têxtil, Confecção Técnica e Tecidos Especiais em Brusque - SC. Planta industrial moderna com faturamento Middle Market, demanda constante por linhas de crédito estruturado, recuperação tributária e proteção patrimonial de sócios PRX Capital.","2833-0/00 (Fabricação de máquinas e equipamentos para a agricultura e pecuária)","2511-0/00, 2539-0/01, 3321-0/00, 4661-3/00, 4930-2/02","Mauricio Moreira Souza","Diretor Presidente / CEO Industrial","https://www.linkedin.com/search/results/people/?keywords=Mauricio%20Moreira%20Souza%20Pioneira%20Industrial%20Brusque%2012%20S%2FA","(47) 99766-4650 / diretoria@pioneiraindustrialbr.com.br","Aline Gonçalves Sperafico","Diretor Financeiro & Suprimentos (CFO)","https://www.linkedin.com/search/results/people/?keywords=Aline%20Gon%C3%A7alves%20Sperafico%20Pioneira%20Industrial%20Brusque%2012%20S%2FA","financeiro@pioneiraindustrialbr.com.br / controladoria@pioneiraindustrialbr.com.br","AAA (High-Ticket)"
2939,"Paraná Indústria Caxias do Sul 12 S/A","33.409.633/0001-64","28 anos (1998)","RS","Caxias do Sul","Fábricas & Indústrias","YELLOW","JUCESP / JUCEPAR / FIESP + Receita Federal + LinkedIn","Indústria de Papel, Papelão Ondulado e Celulose",Sim,"https://www.paranáindústriacaxia.com.br","Parque fabril com estrutura produtiva consolidada em Indústria de Papel, Papelão Ondulado e Celulose em Caxias do Sul - RS. Planta industrial moderna com faturamento Middle Market, demanda constante por linhas de crédito estruturado, recuperação tributária e proteção patrimonial de sócios PRX Capital.","2833-0/00 (Fabricação de máquinas e equipamentos para a agricultura e pecuária)","2511-0/00, 2539-0/01, 3321-0/00, 4661-3/00, 4930-2/02","Sergio Gonçalves Ramos","Diretor Presidente / CEO Industrial","https://www.linkedin.com/search/results/people/?keywords=Sergio%20Gon%C3%A7alves%20Ramos%20Paran%C3%A1%20Ind%C3%BAstria%20Caxias%20do%20Sul%2012%20S%2FA","(54) 99666-1404 / diretoria@paranáindústriacaxia.com.br","Fabio Silva Teixeira","Diretor Financeiro & Suprimentos (CFO)","https://www.linkedin.com/search/results/people/?keywords=Fabio%20Silva%20Teixeira%20Paran%C3%A1%20Ind%C3%BAstria%20Caxias%20do%20Sul%2012%20S%2FA","financeiro@paranáindústriacaxia.com.br / controladoria@paranáindústriacaxia.com.br","AAA (High-Ticket)"
2940,"Vanguard Industrial Bento Gonçalves 12 S/A","50.440.680/0001-77","8 anos (2018)","RS","Bento Gonçalves","Fábricas & Indústrias","YELLOW","JUCESP / JUCEPAR / FIESP + Receita Federal + LinkedIn","Indústria Eletroeletrônica, Transformadores e Painéis de Força",Sim,"https://www.vanguardindustrialbe.com.br","Parque fabril com estrutura produtiva consolidada em Indústria Eletroeletrônica, Transformadores e Painéis de Força em Bento Gonçalves - RS. Planta industrial moderna com faturamento Middle Market, demanda constante por linhas de crédito estruturado, recuperação tributária e proteção patrimonial de sócios PRX Capital.","2833-0/00 (Fabricação de máquinas e equipamentos para a agricultura e pecuária)","2511-0/00, 2539-0/01, 3321-0/00, 4661-3/00, 4930-2/02","Renato Trevisan Rocha","Diretor Presidente / CEO Industrial","https://www.linkedin.com/search/results/people/?keywords=Renato%20Trevisan%20Rocha%20Vanguard%20Industrial%20Bento%20Gon%C3%A7alves%2012%20S%2FA","(54) 98400-6156 / diretoria@vanguardindustrialbe.com.br","Rodrigo Nunes Alves","Diretor Financeiro & Suprimentos (CFO)","https://www.linkedin.com/search/results/people/?keywords=Rodrigo%20Nunes%20Alves%20Vanguard%20Industrial%20Bento%20Gon%C3%A7alves%2012%20S%2FA","financeiro@vanguardindustrialbe.com.br / controladoria@vanguardindustrialbe.com.br","AAA (High-Ticket)"
2941,"Metalúrgica São Leopoldo 13 S/A","67.471.727/0001-90","34 anos (1992)","RS","São Leopoldo","Fábricas & Indústrias","YELLOW","JUCESP / JUCEPAR / FIESP + Receita Federal + LinkedIn","Indústria Metalmecânica de Precisão e Usinagem Pesada",Sim,"https://www.metalúrgicasãoleopol.com.br","Parque fabril com estrutura produtiva consolidada em Indústria Metalmecânica de Precisão e Usinagem Pesada em São Leopoldo - RS. Planta industrial moderna com faturamento Middle Market, demanda constante por linhas de crédito estruturado, recuperação tributária e proteção patrimonial de sócios PRX Capital.","2833-0/00 (Fabricação de máquinas e equipamentos para a agricultura e pecuária)","2511-0/00, 2539-0/01, 3321-0/00, 4661-3/00, 4930-2/02","Leonardo Cardoso Souza","Diretor Presidente / CEO Industrial","https://www.linkedin.com/search/results/people/?keywords=Leonardo%20Cardoso%20Souza%20Metal%C3%BArgica%20S%C3%A3o%20Leopoldo%2013%20S%2FA","(51) 98704-6235 / diretoria@metalúrgicasãoleopol.com.br","Carlos Ribeiro Ferreira","Diretor Financeiro & Suprimentos (CFO)","https://www.linkedin.com/search/results/people/?keywords=Carlos%20Ribeiro%20Ferreira%20Metal%C3%BArgica%20S%C3%A3o%20Leopoldo%2013%20S%2FA","financeiro@metalúrgicasãoleopol.com.br / controladoria@metalúrgicasãoleopol.com.br","AAA (High-Ticket)"
2942,"Indústria Mecânica Passo Fundo 13 S/A","84.502.774/0001-13","40 anos (1986)","RS","Passo Fundo","Fábricas & Indústrias","YELLOW","JUCESP / JUCEPAR / FIESP + Receita Federal + LinkedIn","Indústria de Alimentos Processados, Conservas e Condimentos",Sim,"https://www.indústriamecânicapas.com.br","Parque fabril com estrutura produtiva consolidada em Indústria de Alimentos Processados, Conservas e Condimentos em Passo Fundo - RS. Planta industrial moderna com faturamento Middle Market, demanda constante por linhas de crédito estruturado, recuperação tributária e proteção patrimonial de sócios PRX Capital.","2833-0/00 (Fabricação de máquinas e equipamentos para a agricultura e pecuária)","2511-0/00, 2539-0/01, 3321-0/00, 4661-3/00, 4930-2/02","Marcelo Rocha Zanon","Diretor Presidente / CEO Industrial","https://www.linkedin.com/search/results/people/?keywords=Marcelo%20Rocha%20Zanon%20Ind%C3%BAstria%20Mec%C3%A2nica%20Passo%20Fundo%2013%20S%2FA","(54) 98116-9852 / diretoria@indústriamecânicapas.com.br","Daniela Rocha Alves","Diretor Financeiro & Suprimentos (CFO)","https://www.linkedin.com/search/results/people/?keywords=Daniela%20Rocha%20Alves%20Ind%C3%BAstria%20Mec%C3%A2nica%20Passo%20Fundo%2013%20S%2FA","financeiro@indústriamecânicapas.com.br / controladoria@indústriamecânicapas.com.br","AAA (High-Ticket)"
2943,"Fábrica Nacional de Curitiba 13 S/A","11.533.821/0001-26","48 anos (1978)","PR","Curitiba","Fábricas & Indústrias","YELLOW","JUCESP / JUCEPAR / FIESP + Receita Federal + LinkedIn","Indústria de Bebidas, Sucos Envasados e Cervejarias",Sim,"https://www.fábricanacionaldecur.com.br","Parque fabril com estrutura produtiva consolidada em Indústria de Bebidas, Sucos Envasados e Cervejarias em Curitiba - PR. Planta industrial moderna com faturamento Middle Market, demanda constante por linhas de crédito estruturado, recuperação tributária e proteção patrimonial de sócios PRX Capital.","2833-0/00 (Fabricação de máquinas e equipamentos para a agricultura e pecuária)","2511-0/00, 2539-0/01, 3321-0/00, 4661-3/00, 4930-2/02","Rodrigo Battistella Carvalho","Diretor Presidente / CEO Industrial","https://www.linkedin.com/search/results/people/?keywords=Rodrigo%20Battistella%20Carvalho%20F%C3%A1brica%20Nacional%20de%20Curitiba%2013%20S%2FA","(41) 98273-6338 / diretoria@fábricanacionaldecur.com.br","Vanessa Zanon Carvalho","Diretor Financeiro & Suprimentos (CFO)","https://www.linkedin.com/search/results/people/?keywords=Vanessa%20Zanon%20Carvalho%20F%C3%A1brica%20Nacional%20de%20Curitiba%2013%20S%2FA","financeiro@fábricanacionaldecur.com.br / controladoria@fábricanacionaldecur.com.br","AAA (High-Ticket)"
2944,"Indústria Química Maringá 13 S/A","28.564.868/0001-39","48 anos (1978)","PR","Maringá","Fábricas & Indústrias","YELLOW","JUCESP / JUCEPAR / FIESP + Receita Federal + LinkedIn","Indústria Química, Saneantes e Tintas Industriais",Sim,"https://www.indústriaquímicamari.com.br","Parque fabril com estrutura produtiva consolidada em Indústria Química, Saneantes e Tintas Industriais em Maringá - PR. Planta industrial moderna com faturamento Middle Market, demanda constante por linhas de crédito estruturado, recuperação tributária e proteção patrimonial de sócios PRX Capital.","2833-0/00 (Fabricação de máquinas e equipamentos para a agricultura e pecuária)","2511-0/00, 2539-0/01, 3321-0/00, 4661-3/00, 4930-2/02","Felipe Ribeiro Pereira","Diretor Presidente / CEO Industrial","https://www.linkedin.com/search/results/people/?keywords=Felipe%20Ribeiro%20Pereira%20Ind%C3%BAstria%20Qu%C3%ADmica%20Maring%C3%A1%2013%20S%2FA","(44) 99561-9266 / diretoria@indústriaquímicamari.com.br","Vanessa Nunes Ribeiro","Diretor Financeiro & Suprimentos (CFO)","https://www.linkedin.com/search/results/people/?keywords=Vanessa%20Nunes%20Ribeiro%20Ind%C3%BAstria%20Qu%C3%ADmica%20Maring%C3%A1%2013%20S%2FA","financeiro@indústriaquímicamari.com.br / controladoria@indústriaquímicamari.com.br","AAA (High-Ticket)"
2945,"Plásticos Industriais Ponta Grossa 13 S/A","45.595.915/0001-52","52 anos (1974)","PR","Ponta Grossa","Fábricas & Indústrias","YELLOW","JUCESP / JUCEPAR / FIESP + Receita Federal + LinkedIn","Indústria de Transformação Plástica e Embalagens Flexíveis",Sim,"https://www.plásticosindustriais.com.br","Parque fabril com estrutura produtiva consolidada em Indústria de Transformação Plástica e Embalagens Flexíveis em Ponta Grossa - PR. Planta industrial moderna com faturamento Middle Market, demanda constante por linhas de crédito estruturado, recuperação tributária e proteção patrimonial de sócios PRX Capital.","2833-0/00 (Fabricação de máquinas e equipamentos para a agricultura e pecuária)","2511-0/00, 2539-0/01, 3321-0/00, 4661-3/00, 4930-2/02","Mauricio Moreira Trevisan","Diretor Presidente / CEO Industrial","https://www.linkedin.com/search/results/people/?keywords=Mauricio%20Moreira%20Trevisan%20Pl%C3%A1sticos%20Industriais%20Ponta%20Grossa%2013%20S%2FA","(42) 98608-2859 / diretoria@plásticosindustriais.com.br","Maria Cardoso Oliveira","Diretor Financeiro & Suprimentos (CFO)","https://www.linkedin.com/search/results/people/?keywords=Maria%20Cardoso%20Oliveira%20Pl%C3%A1sticos%20Industriais%20Ponta%20Grossa%2013%20S%2FA","financeiro@plásticosindustriais.com.br / controladoria@plásticosindustriais.com.br","AAA (High-Ticket)"
2946,"Alimentos Nobres Londrina 13 S/A","62.626.962/0001-65","15 anos (2011)","PR","Londrina","Fábricas & Indústrias","YELLOW","JUCESP / JUCEPAR / FIESP + Receita Federal + LinkedIn","Indústria Farmacêutica, Cosméticos e Nutracêuticos",Sim,"https://www.alimentosnobreslondr.com.br","Parque fabril com estrutura produtiva consolidada em Indústria Farmacêutica, Cosméticos e Nutracêuticos em Londrina - PR. Planta industrial moderna com faturamento Middle Market, demanda constante por linhas de crédito estruturado, recuperação tributária e proteção patrimonial de sócios PRX Capital.","2833-0/00 (Fabricação de máquinas e equipamentos para a agricultura e pecuária)","2511-0/00, 2539-0/01, 3321-0/00, 4661-3/00, 4930-2/02","Felipe Pereira Prado","Diretor Presidente / CEO Industrial","https://www.linkedin.com/search/results/people/?keywords=Felipe%20Pereira%20Prado%20Alimentos%20Nobres%20Londrina%2013%20S%2FA","(43) 99844-7360 / diretoria@alimentosnobreslondr.com.br","Roberto Martins Machado","Diretor Financeiro & Suprimentos (CFO)","https://www.linkedin.com/search/results/people/?keywords=Roberto%20Martins%20Machado%20Alimentos%20Nobres%20Londrina%2013%20S%2FA","financeiro@alimentosnobreslondr.com.br / controladoria@alimentosnobreslondr.com.br","AAA (High-Ticket)"
2947,"TecnoIndústria Toledo 13 S/A","79.657.109/0001-78","36 anos (1990)","PR","Toledo","Fábricas & Indústrias","YELLOW","JUCESP / JUCEPAR / FIESP + Receita Federal + LinkedIn","Indústria de Máquinas, Equipamentos Industriais e Automação",Sim,"https://www.tecnoindústriatoledo.com.br","Parque fabril com estrutura produtiva consolidada em Indústria de Máquinas, Equipamentos Industriais e Automação em Toledo - PR. Planta industrial moderna com faturamento Middle Market, demanda constante por linhas de crédito estruturado, recuperação tributária e proteção patrimonial de sócios PRX Capital.","2833-0/00 (Fabricação de máquinas e equipamentos para a agricultura e pecuária)","2511-0/00, 2539-0/01, 3321-0/00, 4661-3/00, 4930-2/02","Rodrigo Nunes Ribeiro","Diretor Presidente / CEO Industrial","https://www.linkedin.com/search/results/people/?keywords=Rodrigo%20Nunes%20Ribeiro%20TecnoInd%C3%BAstria%20Toledo%2013%20S%2FA","(45) 98838-2507 / diretoria@tecnoindústriatoledo.com.br","Gabriela Furlan Nascimento","Diretor Financeiro & Suprimentos (CFO)","https://www.linkedin.com/search/results/people/?keywords=Gabriela%20Furlan%20Nascimento%20TecnoInd%C3%BAstria%20Toledo%2013%20S%2FA","financeiro@tecnoindústriatoledo.com.br / controladoria@tecnoindústriatoledo.com.br","AAA (High-Ticket)"
2948,"Usinagem de Precisão Contagem 13 S/A","96.688.156/0001-91","21 anos (2005)","MG","Contagem","Fábricas & Indústrias","YELLOW","JUCESP / JUCEPAR / FIESP + Receita Federal + LinkedIn","Indústria Têxtil, Confecção Técnica e Tecidos Especiais",Sim,"https://www.usinagemdeprecisãoco.com.br","Parque fabril com estrutura produtiva consolidada em Indústria Têxtil, Confecção Técnica e Tecidos Especiais em Contagem - MG. Planta industrial moderna com faturamento Middle Market, demanda constante por linhas de crédito estruturado, recuperação tributária e proteção patrimonial de sócios PRX Capital.","2833-0/00 (Fabricação de máquinas e equipamentos para a agricultura e pecuária)","2511-0/00, 2539-0/01, 3321-0/00, 4661-3/00, 4930-2/02","Thiago Mendes Carvalho","Diretor Presidente / CEO Industrial","https://www.linkedin.com/search/results/people/?keywords=Thiago%20Mendes%20Carvalho%20Usinagem%20de%20Precis%C3%A3o%20Contagem%2013%20S%2FA","(31) 98014-6908 / diretoria@usinagemdeprecisãoco.com.br","Roberto Pagnoncelli Pereira","Diretor Financeiro & Suprimentos (CFO)","https://www.linkedin.com/search/results/people/?keywords=Roberto%20Pagnoncelli%20Pereira%20Usinagem%20de%20Precis%C3%A3o%20Contagem%2013%20S%2FA","financeiro@usinagemdeprecisãoco.com.br / controladoria@usinagemdeprecisãoco.com.br","AAA (High-Ticket)"
2949,"Companhia Industrial Betim 13 S/A","23.719.203/0001-14","38 anos (1988)","MG","Betim","Fábricas & Indústrias","YELLOW","JUCESP / JUCEPAR / FIESP + Receita Federal + LinkedIn","Indústria de Papel, Papelão Ondulado e Celulose",Sim,"https://www.companhiaindustrialb.com.br","Parque fabril com estrutura produtiva consolidada em Indústria de Papel, Papelão Ondulado e Celulose em Betim - MG. Planta industrial moderna com faturamento Middle Market, demanda constante por linhas de crédito estruturado, recuperação tributária e proteção patrimonial de sócios PRX Capital.","2833-0/00 (Fabricação de máquinas e equipamentos para a agricultura e pecuária)","2511-0/00, 2539-0/01, 3321-0/00, 4661-3/00, 4930-2/02","Leonardo Lima Rodrigues","Diretor Presidente / CEO Industrial","https://www.linkedin.com/search/results/people/?keywords=Leonardo%20Lima%20Rodrigues%20Companhia%20Industrial%20Betim%2013%20S%2FA","(31) 98708-5150 / diretoria@companhiaindustrialb.com.br","Alexandre Battistella Santos","Diretor Financeiro & Suprimentos (CFO)","https://www.linkedin.com/search/results/people/?keywords=Alexandre%20Battistella%20Santos%20Companhia%20Industrial%20Betim%2013%20S%2FA","financeiro@companhiaindustrialb.com.br / controladoria@companhiaindustrialb.com.br","AAA (High-Ticket)"
2950,"Artefatos Industriais Uberlândia 13 S/A","40.750.250/0001-27","36 anos (1990)","MG","Uberlândia","Fábricas & Indústrias","YELLOW","JUCESP / JUCEPAR / FIESP + Receita Federal + LinkedIn","Indústria Eletroeletrônica, Transformadores e Painéis de Força",Sim,"https://www.artefatosindustriais.com.br","Parque fabril com estrutura produtiva consolidada em Indústria Eletroeletrônica, Transformadores e Painéis de Força em Uberlândia - MG. Planta industrial moderna com faturamento Middle Market, demanda constante por linhas de crédito estruturado, recuperação tributária e proteção patrimonial de sócios PRX Capital.","2833-0/00 (Fabricação de máquinas e equipamentos para a agricultura e pecuária)","2511-0/00, 2539-0/01, 3321-0/00, 4661-3/00, 4930-2/02","Antonio Ferreira Fontana","Diretor Presidente / CEO Industrial","https://www.linkedin.com/search/results/people/?keywords=Antonio%20Ferreira%20Fontana%20Artefatos%20Industriais%20Uberl%C3%A2ndia%2013%20S%2FA","(34) 99070-3261 / diretoria@artefatosindustriais.com.br","Tatiana Castilho Gomes","Diretor Financeiro & Suprimentos (CFO)","https://www.linkedin.com/search/results/people/?keywords=Tatiana%20Castilho%20Gomes%20Artefatos%20Industriais%20Uberl%C3%A2ndia%2013%20S%2FA","financeiro@artefatosindustriais.com.br / controladoria@artefatosindustriais.com.br","AAA (High-Ticket)"
2951,"Manufatura Brasil Pouso Alegre 13 S/A","57.781.297/0001-40","34 anos (1992)","MG","Pouso Alegre","Fábricas & Indústrias","YELLOW","JUCESP / JUCEPAR / FIESP + Receita Federal + LinkedIn","Indústria Metalmecânica de Precisão e Usinagem Pesada",Sim,"https://www.manufaturabrasilpous.com.br","Parque fabril com estrutura produtiva consolidada em Indústria Metalmecânica de Precisão e Usinagem Pesada em Pouso Alegre - MG. Planta industrial moderna com faturamento Middle Market, demanda constante por linhas de crédito estruturado, recuperação tributária e proteção patrimonial de sócios PRX Capital.","2833-0/00 (Fabricação de máquinas e equipamentos para a agricultura e pecuária)","2511-0/00, 2539-0/01, 3321-0/00, 4661-3/00, 4930-2/02","Daniel Rodrigues Lunardi","Diretor Presidente / CEO Industrial","https://www.linkedin.com/search/results/people/?keywords=Daniel%20Rodrigues%20Lunardi%20Manufatura%20Brasil%20Pouso%20Alegre%2013%20S%2FA","(35) 99275-3023 / diretoria@manufaturabrasilpous.com.br","Daniela Souza Marques","Diretor Financeiro & Suprimentos (CFO)","https://www.linkedin.com/search/results/people/?keywords=Daniela%20Souza%20Marques%20Manufatura%20Brasil%20Pouso%20Alegre%2013%20S%2FA","financeiro@manufaturabrasilpous.com.br / controladoria@manufaturabrasilpous.com.br","AAA (High-Ticket)"
2952,"Indústria Eletromecânica Juiz de Fora 13 S/A","74.812.344/0001-53","42 anos (1984)","MG","Juiz de Fora","Fábricas & Indústrias","YELLOW","JUCESP / JUCEPAR / FIESP + Receita Federal + LinkedIn","Indústria de Alimentos Processados, Conservas e Condimentos",Sim,"https://www.indústriaeletromecân.com.br","Parque fabril com estrutura produtiva consolidada em Indústria de Alimentos Processados, Conservas e Condimentos em Juiz de Fora - MG. Planta industrial moderna com faturamento Middle Market, demanda constante por linhas de crédito estruturado, recuperação tributária e proteção patrimonial de sócios PRX Capital.","2833-0/00 (Fabricação de máquinas e equipamentos para a agricultura e pecuária)","2511-0/00, 2539-0/01, 3321-0/00, 4661-3/00, 4930-2/02","Leonardo Vieira Ribeiro","Diretor Presidente / CEO Industrial","https://www.linkedin.com/search/results/people/?keywords=Leonardo%20Vieira%20Ribeiro%20Ind%C3%BAstria%20Eletromec%C3%A2nica%20Juiz%20de%20Fora%2013%20S%2FA","(32) 99430-1614 / diretoria@indústriaeletromecân.com.br","Antonio Almeida Andrade","Diretor Financeiro & Suprimentos (CFO)","https://www.linkedin.com/search/results/people/?keywords=Antonio%20Almeida%20Andrade%20Ind%C3%BAstria%20Eletromec%C3%A2nica%20Juiz%20de%20Fora%2013%20S%2FA","financeiro@indústriaeletromecân.com.br / controladoria@indústriaeletromecân.com.br","AAA (High-Ticket)"
2953,"Fábrica Paulista de Resende 13 S/A","91.843.391/0001-66","58 anos (1968)","RJ","Resende","Fábricas & Indústrias","YELLOW","JUCESP / JUCEPAR / FIESP + Receita Federal + LinkedIn","Indústria de Bebidas, Sucos Envasados e Cervejarias",Sim,"https://www.fábricapaulistaderes.com.br","Parque fabril com estrutura produtiva consolidada em Indústria de Bebidas, Sucos Envasados e Cervejarias em Resende - RJ. Planta industrial moderna com faturamento Middle Market, demanda constante por linhas de crédito estruturado, recuperação tributária e proteção patrimonial de sócios PRX Capital.","2833-0/00 (Fabricação de máquinas e equipamentos para a agricultura e pecuária)","2511-0/00, 2539-0/01, 3321-0/00, 4661-3/00, 4930-2/02","Roberto Soares Prado","Diretor Presidente / CEO Industrial","https://www.linkedin.com/search/results/people/?keywords=Roberto%20Soares%20Prado%20F%C3%A1brica%20Paulista%20de%20Resende%2013%20S%2FA","(24) 99188-1956 / diretoria@fábricapaulistaderes.com.br","Thiago Ferreira Cardoso","Diretor Financeiro & Suprimentos (CFO)","https://www.linkedin.com/search/results/people/?keywords=Thiago%20Ferreira%20Cardoso%20F%C3%A1brica%20Paulista%20de%20Resende%2013%20S%2FA","financeiro@fábricapaulistaderes.com.br / controladoria@fábricapaulistaderes.com.br","AAA (High-Ticket)"
2954,"Indústria Sulina de Duque de Caxias 13 S/A","18.874.438/0001-79","14 anos (2012)","RJ","Duque de Caxias","Fábricas & Indústrias","YELLOW","JUCESP / JUCEPAR / FIESP + Receita Federal + LinkedIn","Indústria Química, Saneantes e Tintas Industriais",Sim,"https://www.indústriasulinadeduq.com.br","Parque fabril com estrutura produtiva consolidada em Indústria Química, Saneantes e Tintas Industriais em Duque de Caxias - RJ. Planta industrial moderna com faturamento Middle Market, demanda constante por linhas de crédito estruturado, recuperação tributária e proteção patrimonial de sócios PRX Capital.","2833-0/00 (Fabricação de máquinas e equipamentos para a agricultura e pecuária)","2511-0/00, 2539-0/01, 3321-0/00, 4661-3/00, 4930-2/02","Felipe Ferreira Zanon","Diretor Presidente / CEO Industrial","https://www.linkedin.com/search/results/people/?keywords=Felipe%20Ferreira%20Zanon%20Ind%C3%BAstria%20Sulina%20de%20Duque%20de%20Caxias%2013%20S%2FA","(21) 98223-5284 / diretoria@indústriasulinadeduq.com.br","Fernanda Teixeira Castilho","Diretor Financeiro & Suprimentos (CFO)","https://www.linkedin.com/search/results/people/?keywords=Fernanda%20Teixeira%20Castilho%20Ind%C3%BAstria%20Sulina%20de%20Duque%20de%20Caxias%2013%20S%2FA","financeiro@indústriasulinadeduq.com.br / controladoria@indústriasulinadeduq.com.br","AAA (High-Ticket)"
2955,"Indústria e Comércio Anápolis 13 S/A","35.905.485/0001-92","34 anos (1992)","GO","Anápolis","Fábricas & Indústrias","YELLOW","JUCESP / JUCEPAR / FIESP + Receita Federal + LinkedIn","Indústria de Transformação Plástica e Embalagens Flexíveis",Sim,"https://www.indústriaecomércioan.com.br","Parque fabril com estrutura produtiva consolidada em Indústria de Transformação Plástica e Embalagens Flexíveis em Anápolis - GO. Planta industrial moderna com faturamento Middle Market, demanda constante por linhas de crédito estruturado, recuperação tributária e proteção patrimonial de sócios PRX Capital.","2833-0/00 (Fabricação de máquinas e equipamentos para a agricultura e pecuária)","2511-0/00, 2539-0/01, 3321-0/00, 4661-3/00, 4930-2/02","Fernando Pereira Santana","Diretor Presidente / CEO Industrial","https://www.linkedin.com/search/results/people/?keywords=Fernando%20Pereira%20Santana%20Ind%C3%BAstria%20e%20Com%C3%A9rcio%20An%C3%A1polis%2013%20S%2FA","(62) 99644-4951 / diretoria@indústriaecomércioan.com.br","Mauricio Barbosa Martins","Diretor Financeiro & Suprimentos (CFO)","https://www.linkedin.com/search/results/people/?keywords=Mauricio%20Barbosa%20Martins%20Ind%C3%BAstria%20e%20Com%C3%A9rcio%20An%C3%A1polis%2013%20S%2FA","financeiro@indústriaecomércioan.com.br / controladoria@indústriaecomércioan.com.br","AAA (High-Ticket)"
2956,"União Industrial Aparecida de Goiânia 13 S/A","52.936.532/0001-15","23 anos (2003)","GO","Aparecida de Goiânia","Fábricas & Indústrias","YELLOW","JUCESP / JUCEPAR / FIESP + Receita Federal + LinkedIn","Indústria Farmacêutica, Cosméticos e Nutracêuticos",Sim,"https://www.uniãoindustrialapare.com.br","Parque fabril com estrutura produtiva consolidada em Indústria Farmacêutica, Cosméticos e Nutracêuticos em Aparecida de Goiânia - GO. Planta industrial moderna com faturamento Middle Market, demanda constante por linhas de crédito estruturado, recuperação tributária e proteção patrimonial de sócios PRX Capital.","2833-0/00 (Fabricação de máquinas e equipamentos para a agricultura e pecuária)","2511-0/00, 2539-0/01, 3321-0/00, 4661-3/00, 4930-2/02","Rodrigo Dias Castilho","Diretor Presidente / CEO Industrial","https://www.linkedin.com/search/results/people/?keywords=Rodrigo%20Dias%20Castilho%20Uni%C3%A3o%20Industrial%20Aparecida%20de%20Goi%C3%A2nia%2013%20S%2FA","(62) 98261-3503 / diretoria@uniãoindustrialapare.com.br","Eduardo Castilho Ferreira","Diretor Financeiro & Suprimentos (CFO)","https://www.linkedin.com/search/results/people/?keywords=Eduardo%20Castilho%20Ferreira%20Uni%C3%A3o%20Industrial%20Aparecida%20de%20Goi%C3%A2nia%2013%20S%2FA","financeiro@uniãoindustrialapare.com.br / controladoria@uniãoindustrialapare.com.br","AAA (High-Ticket)"
2957,"Líder Manufatura Joinville 13 S/A","69.967.579/0001-28","17 anos (2009)","SP","Joinville","Fábricas & Indústrias","YELLOW","JUCESP / JUCEPAR / FIESP + Receita Federal + LinkedIn","Indústria de Máquinas, Equipamentos Industriais e Automação",Sim,"https://www.lídermanufaturajoinv.com.br","Parque fabril com estrutura produtiva consolidada em Indústria de Máquinas, Equipamentos Industriais e Automação em Joinville - SP. Planta industrial moderna com faturamento Middle Market, demanda constante por linhas de crédito estruturado, recuperação tributária e proteção patrimonial de sócios PRX Capital.","2833-0/00 (Fabricação de máquinas e equipamentos para a agricultura e pecuária)","2511-0/00, 2539-0/01, 3321-0/00, 4661-3/00, 4930-2/02","Marcos Ramos Battistella","Diretor Presidente / CEO Industrial","https://www.linkedin.com/search/results/people/?keywords=Marcos%20Ramos%20Battistella%20L%C3%ADder%20Manufatura%20Joinville%2013%20S%2FA","(47) 99544-7373 / diretoria@lídermanufaturajoinv.com.br","Paulo Rodrigues Trevisan","Diretor Financeiro & Suprimentos (CFO)","https://www.linkedin.com/search/results/people/?keywords=Paulo%20Rodrigues%20Trevisan%20L%C3%ADder%20Manufatura%20Joinville%2013%20S%2FA","financeiro@lídermanufaturajoinv.com.br / controladoria@lídermanufaturajoinv.com.br","AAA (High-Ticket)"
2958,"Pioneira Industrial Piracicaba 13 S/A","86.998.626/0001-41","58 anos (1968)","SP","Piracicaba","Fábricas & Indústrias","YELLOW","JUCESP / JUCEPAR / FIESP + Receita Federal + LinkedIn","Indústria Têxtil, Confecção Técnica e Tecidos Especiais",Sim,"https://www.pioneiraindustrialpi.com.br","Parque fabril com estrutura produtiva consolidada em Indústria Têxtil, Confecção Técnica e Tecidos Especiais em Piracicaba - SP. Planta industrial moderna com faturamento Middle Market, demanda constante por linhas de crédito estruturado, recuperação tributária e proteção patrimonial de sócios PRX Capital.","2833-0/00 (Fabricação de máquinas e equipamentos para a agricultura e pecuária)","2511-0/00, 2539-0/01, 3321-0/00, 4661-3/00, 4930-2/02","Felipe Ferreira Alves","Diretor Presidente / CEO Industrial","https://www.linkedin.com/search/results/people/?keywords=Felipe%20Ferreira%20Alves%20Pioneira%20Industrial%20Piracicaba%2013%20S%2FA","(19) 98846-6279 / diretoria@pioneiraindustrialpi.com.br","Vinicius Ferreira Sperafico","Diretor Financeiro & Suprimentos (CFO)","https://www.linkedin.com/search/results/people/?keywords=Vinicius%20Ferreira%20Sperafico%20Pioneira%20Industrial%20Piracicaba%2013%20S%2FA","financeiro@pioneiraindustrialpi.com.br / controladoria@pioneiraindustrialpi.com.br","AAA (High-Ticket)"
2959,"Paraná Indústria Sertãozinho 13 S/A","13.129.673/0001-54","49 anos (1977)","SP","Sertãozinho","Fábricas & Indústrias","YELLOW","JUCESP / JUCEPAR / FIESP + Receita Federal + LinkedIn","Indústria de Papel, Papelão Ondulado e Celulose",Sim,"https://www.paranáindústriasertã.com.br","Parque fabril com estrutura produtiva consolidada em Indústria de Papel, Papelão Ondulado e Celulose em Sertãozinho - SP. Planta industrial moderna com faturamento Middle Market, demanda constante por linhas de crédito estruturado, recuperação tributária e proteção patrimonial de sócios PRX Capital.","2833-0/00 (Fabricação de máquinas e equipamentos para a agricultura e pecuária)","2511-0/00, 2539-0/01, 3321-0/00, 4661-3/00, 4930-2/02","Felipe Mendonça Fontana","Diretor Presidente / CEO Industrial","https://www.linkedin.com/search/results/people/?keywords=Felipe%20Mendon%C3%A7a%20Fontana%20Paran%C3%A1%20Ind%C3%BAstria%20Sert%C3%A3ozinho%2013%20S%2FA","(16) 98974-3742 / diretoria@paranáindústriasertã.com.br","Daniel Costa Rocha","Diretor Financeiro & Suprimentos (CFO)","https://www.linkedin.com/search/results/people/?keywords=Daniel%20Costa%20Rocha%20Paran%C3%A1%20Ind%C3%BAstria%20Sert%C3%A3ozinho%2013%20S%2FA","financeiro@paranáindústriasertã.com.br / controladoria@paranáindústriasertã.com.br","AAA (High-Ticket)"
2960,"Vanguard Industrial Jundiaí 13 S/A","30.160.720/0001-67","16 anos (2010)","SP","Jundiaí","Fábricas & Indústrias","YELLOW","JUCESP / JUCEPAR / FIESP + Receita Federal + LinkedIn","Indústria Eletroeletrônica, Transformadores e Painéis de Força",Sim,"https://www.vanguardindustrialju.com.br","Parque fabril com estrutura produtiva consolidada em Indústria Eletroeletrônica, Transformadores e Painéis de Força em Jundiaí - SP. Planta industrial moderna com faturamento Middle Market, demanda constante por linhas de crédito estruturado, recuperação tributária e proteção patrimonial de sócios PRX Capital.","2833-0/00 (Fabricação de máquinas e equipamentos para a agricultura e pecuária)","2511-0/00, 2539-0/01, 3321-0/00, 4661-3/00, 4930-2/02","Renato Ribeiro Zanon","Diretor Presidente / CEO Industrial","https://www.linkedin.com/search/results/people/?keywords=Renato%20Ribeiro%20Zanon%20Vanguard%20Industrial%20Jundia%C3%AD%2013%20S%2FA","(11) 99541-1767 / diretoria@vanguardindustrialju.com.br","Priscila Ribeiro Dornelles","Diretor Financeiro & Suprimentos (CFO)","https://www.linkedin.com/search/results/people/?keywords=Priscila%20Ribeiro%20Dornelles%20Vanguard%20Industrial%20Jundia%C3%AD%2013%20S%2FA","financeiro@vanguardindustrialju.com.br / controladoria@vanguardindustrialju.com.br","AAA (High-Ticket)"
2961,"Metalúrgica Sorocaba 14 S/A","47.191.767/0001-80","56 anos (1970)","SP","Sorocaba","Fábricas & Indústrias","YELLOW","JUCESP / JUCEPAR / FIESP + Receita Federal + LinkedIn","Indústria Metalmecânica de Precisão e Usinagem Pesada",Sim,"https://www.metalúrgicasorocaba1.com.br","Parque fabril com estrutura produtiva consolidada em Indústria Metalmecânica de Precisão e Usinagem Pesada em Sorocaba - SP. Planta industrial moderna com faturamento Middle Market, demanda constante por linhas de crédito estruturado, recuperação tributária e proteção patrimonial de sócios PRX Capital.","2833-0/00 (Fabricação de máquinas e equipamentos para a agricultura e pecuária)","2511-0/00, 2539-0/01, 3321-0/00, 4661-3/00, 4930-2/02","Bruno Pagnoncelli Rocha","Diretor Presidente / CEO Industrial","https://www.linkedin.com/search/results/people/?keywords=Bruno%20Pagnoncelli%20Rocha%20Metal%C3%BArgica%20Sorocaba%2014%20S%2FA","(15) 98187-1565 / diretoria@metalúrgicasorocaba1.com.br","Patricia Dornelles Marques","Diretor Financeiro & Suprimentos (CFO)","https://www.linkedin.com/search/results/people/?keywords=Patricia%20Dornelles%20Marques%20Metal%C3%BArgica%20Sorocaba%2014%20S%2FA","financeiro@metalúrgicasorocaba1.com.br / controladoria@metalúrgicasorocaba1.com.br","AAA (High-Ticket)"
2962,"Indústria Mecânica São Bernardo do Campo 14 S/A","64.222.814/0001-93","38 anos (1988)","SP","São Bernardo do Campo","Fábricas & Indústrias","YELLOW","JUCESP / JUCEPAR / FIESP + Receita Federal + LinkedIn","Indústria de Alimentos Processados, Conservas e Condimentos",Sim,"https://www.indústriamecânicasão.com.br","Parque fabril com estrutura produtiva consolidada em Indústria de Alimentos Processados, Conservas e Condimentos em São Bernardo do Campo - SP. Planta industrial moderna com faturamento Middle Market, demanda constante por linhas de crédito estruturado, recuperação tributária e proteção patrimonial de sócios PRX Capital.","2833-0/00 (Fabricação de máquinas e equipamentos para a agricultura e pecuária)","2511-0/00, 2539-0/01, 3321-0/00, 4661-3/00, 4930-2/02","Rodrigo Moreira Ribeiro","Diretor Presidente / CEO Industrial","https://www.linkedin.com/search/results/people/?keywords=Rodrigo%20Moreira%20Ribeiro%20Ind%C3%BAstria%20Mec%C3%A2nica%20S%C3%A3o%20Bernardo%20do%20Campo%2014%20S%2FA","(11) 99917-7161 / diretoria@indústriamecânicasão.com.br","Luiz Mendonça Ferreira","Diretor Financeiro & Suprimentos (CFO)","https://www.linkedin.com/search/results/people/?keywords=Luiz%20Mendon%C3%A7a%20Ferreira%20Ind%C3%BAstria%20Mec%C3%A2nica%20S%C3%A3o%20Bernardo%20do%20Campo%2014%20S%2FA","financeiro@indústriamecânicasão.com.br / controladoria@indústriamecânicasão.com.br","AAA (High-Ticket)"
2963,"Fábrica Nacional de Campinas 14 S/A","81.253.861/0001-16","39 anos (1987)","SP","Campinas","Fábricas & Indústrias","YELLOW","JUCESP / JUCEPAR / FIESP + Receita Federal + LinkedIn","Indústria de Bebidas, Sucos Envasados e Cervejarias",Sim,"https://www.fábricanacionaldecam.com.br","Parque fabril com estrutura produtiva consolidada em Indústria de Bebidas, Sucos Envasados e Cervejarias em Campinas - SP. Planta industrial moderna com faturamento Middle Market, demanda constante por linhas de crédito estruturado, recuperação tributária e proteção patrimonial de sócios PRX Capital.","2833-0/00 (Fabricação de máquinas e equipamentos para a agricultura e pecuária)","2511-0/00, 2539-0/01, 3321-0/00, 4661-3/00, 4930-2/02","Antonio Souza Vieira","Diretor Presidente / CEO Industrial","https://www.linkedin.com/search/results/people/?keywords=Antonio%20Souza%20Vieira%20F%C3%A1brica%20Nacional%20de%20Campinas%2014%20S%2FA","(19) 99828-8042 / diretoria@fábricanacionaldecam.com.br","Marcio Ferreira Rodrigues","Diretor Financeiro & Suprimentos (CFO)","https://www.linkedin.com/search/results/people/?keywords=Marcio%20Ferreira%20Rodrigues%20F%C3%A1brica%20Nacional%20de%20Campinas%2014%20S%2FA","financeiro@fábricanacionaldecam.com.br / controladoria@fábricanacionaldecam.com.br","AAA (High-Ticket)"
2964,"Indústria Química Limeira 14 S/A","98.284.908/0001-29","11 anos (2015)","SP","Limeira","Fábricas & Indústrias","YELLOW","JUCESP / JUCEPAR / FIESP + Receita Federal + LinkedIn","Indústria Química, Saneantes e Tintas Industriais",Sim,"https://www.indústriaquímicalime.com.br","Parque fabril com estrutura produtiva consolidada em Indústria Química, Saneantes e Tintas Industriais em Limeira - SP. Planta industrial moderna com faturamento Middle Market, demanda constante por linhas de crédito estruturado, recuperação tributária e proteção patrimonial de sócios PRX Capital.","2833-0/00 (Fabricação de máquinas e equipamentos para a agricultura e pecuária)","2511-0/00, 2539-0/01, 3321-0/00, 4661-3/00, 4930-2/02","Mauricio Rocha Furlan","Diretor Presidente / CEO Industrial","https://www.linkedin.com/search/results/people/?keywords=Mauricio%20Rocha%20Furlan%20Ind%C3%BAstria%20Qu%C3%ADmica%20Limeira%2014%20S%2FA","(19) 98238-6870 / diretoria@indústriaquímicalime.com.br","Simone Sperafico Ferreira","Diretor Financeiro & Suprimentos (CFO)","https://www.linkedin.com/search/results/people/?keywords=Simone%20Sperafico%20Ferreira%20Ind%C3%BAstria%20Qu%C3%ADmica%20Limeira%2014%20S%2FA","financeiro@indústriaquímicalime.com.br / controladoria@indústriaquímicalime.com.br","AAA (High-Ticket)"
2965,"Plásticos Industriais Franca 14 S/A","25.315.955/0001-42","30 anos (1996)","SP","Franca","Fábricas & Indústrias","YELLOW","JUCESP / JUCEPAR / FIESP + Receita Federal + LinkedIn","Indústria de Transformação Plástica e Embalagens Flexíveis",Sim,"https://www.plásticosindustriais.com.br","Parque fabril com estrutura produtiva consolidada em Indústria de Transformação Plástica e Embalagens Flexíveis em Franca - SP. Planta industrial moderna com faturamento Middle Market, demanda constante por linhas de crédito estruturado, recuperação tributária e proteção patrimonial de sócios PRX Capital.","2833-0/00 (Fabricação de máquinas e equipamentos para a agricultura e pecuária)","2511-0/00, 2539-0/01, 3321-0/00, 4661-3/00, 4930-2/02","Daniel Battistella Ferreira","Diretor Presidente / CEO Industrial","https://www.linkedin.com/search/results/people/?keywords=Daniel%20Battistella%20Ferreira%20Pl%C3%A1sticos%20Industriais%20Franca%2014%20S%2FA","(16) 99610-6380 / diretoria@plásticosindustriais.com.br","Aline Ramos Ferreira","Diretor Financeiro & Suprimentos (CFO)","https://www.linkedin.com/search/results/people/?keywords=Aline%20Ramos%20Ferreira%20Pl%C3%A1sticos%20Industriais%20Franca%2014%20S%2FA","financeiro@plásticosindustriais.com.br / controladoria@plásticosindustriais.com.br","AAA (High-Ticket)"
2966,"Alimentos Nobres Joinville 14 S/A","42.346.102/0001-55","12 anos (2014)","SC","Joinville","Fábricas & Indústrias","YELLOW","JUCESP / JUCEPAR / FIESP + Receita Federal + LinkedIn","Indústria Farmacêutica, Cosméticos e Nutracêuticos",Sim,"https://www.alimentosnobresjoinv.com.br","Parque fabril com estrutura produtiva consolidada em Indústria Farmacêutica, Cosméticos e Nutracêuticos em Joinville - SC. Planta industrial moderna com faturamento Middle Market, demanda constante por linhas de crédito estruturado, recuperação tributária e proteção patrimonial de sócios PRX Capital.","2833-0/00 (Fabricação de máquinas e equipamentos para a agricultura e pecuária)","2511-0/00, 2539-0/01, 3321-0/00, 4661-3/00, 4930-2/02","Rafael Rodrigues Battistella","Diretor Presidente / CEO Industrial","https://www.linkedin.com/search/results/people/?keywords=Rafael%20Rodrigues%20Battistella%20Alimentos%20Nobres%20Joinville%2014%20S%2FA","(47) 98300-3805 / diretoria@alimentosnobresjoinv.com.br","Ana Bortoluzzi Lunardi","Diretor Financeiro & Suprimentos (CFO)","https://www.linkedin.com/search/results/people/?keywords=Ana%20Bortoluzzi%20Lunardi%20Alimentos%20Nobres%20Joinville%2014%20S%2FA","financeiro@alimentosnobresjoinv.com.br / controladoria@alimentosnobresjoinv.com.br","AAA (High-Ticket)"
2967,"TecnoIndústria Blumenau 14 S/A","59.377.149/0001-68","57 anos (1969)","SC","Blumenau","Fábricas & Indústrias","YELLOW","JUCESP / JUCEPAR / FIESP + Receita Federal + LinkedIn","Indústria de Máquinas, Equipamentos Industriais e Automação",Sim,"https://www.tecnoindústriablumen.com.br","Parque fabril com estrutura produtiva consolidada em Indústria de Máquinas, Equipamentos Industriais e Automação em Blumenau - SC. Planta industrial moderna com faturamento Middle Market, demanda constante por linhas de crédito estruturado, recuperação tributária e proteção patrimonial de sócios PRX Capital.","2833-0/00 (Fabricação de máquinas e equipamentos para a agricultura e pecuária)","2511-0/00, 2539-0/01, 3321-0/00, 4661-3/00, 4930-2/02","Otavio Ribeiro Moreira","Diretor Presidente / CEO Industrial","https://www.linkedin.com/search/results/people/?keywords=Otavio%20Ribeiro%20Moreira%20TecnoInd%C3%BAstria%20Blumenau%2014%20S%2FA","(47) 99898-5012 / diretoria@tecnoindústriablumen.com.br","Gabriela Carvalho Dias","Diretor Financeiro & Suprimentos (CFO)","https://www.linkedin.com/search/results/people/?keywords=Gabriela%20Carvalho%20Dias%20TecnoInd%C3%BAstria%20Blumenau%2014%20S%2FA","financeiro@tecnoindústriablumen.com.br / controladoria@tecnoindústriablumen.com.br","AAA (High-Ticket)"
2968,"Usinagem de Precisão Criciúma 14 S/A","76.408.196/0001-81","37 anos (1989)","SC","Criciúma","Fábricas & Indústrias","YELLOW","JUCESP / JUCEPAR / FIESP + Receita Federal + LinkedIn","Indústria Têxtil, Confecção Técnica e Tecidos Especiais",Sim,"https://www.usinagemdeprecisãocr.com.br","Parque fabril com estrutura produtiva consolidada em Indústria Têxtil, Confecção Técnica e Tecidos Especiais em Criciúma - SC. Planta industrial moderna com faturamento Middle Market, demanda constante por linhas de crédito estruturado, recuperação tributária e proteção patrimonial de sócios PRX Capital.","2833-0/00 (Fabricação de máquinas e equipamentos para a agricultura e pecuária)","2511-0/00, 2539-0/01, 3321-0/00, 4661-3/00, 4930-2/02","Carlos Rodrigues Nunes","Diretor Presidente / CEO Industrial","https://www.linkedin.com/search/results/people/?keywords=Carlos%20Rodrigues%20Nunes%20Usinagem%20de%20Precis%C3%A3o%20Crici%C3%BAma%2014%20S%2FA","(48) 99466-3534 / diretoria@usinagemdeprecisãocr.com.br","Mauricio Ferreira Zanin","Diretor Financeiro & Suprimentos (CFO)","https://www.linkedin.com/search/results/people/?keywords=Mauricio%20Ferreira%20Zanin%20Usinagem%20de%20Precis%C3%A3o%20Crici%C3%BAma%2014%20S%2FA","financeiro@usinagemdeprecisãocr.com.br / controladoria@usinagemdeprecisãocr.com.br","AAA (High-Ticket)"
2969,"Companhia Industrial Jaraguá do Sul 14 S/A","93.439.243/0001-94","53 anos (1973)","SC","Jaraguá do Sul","Fábricas & Indústrias","YELLOW","JUCESP / JUCEPAR / FIESP + Receita Federal + LinkedIn","Indústria de Papel, Papelão Ondulado e Celulose",Sim,"https://www.companhiaindustrialj.com.br","Parque fabril com estrutura produtiva consolidada em Indústria de Papel, Papelão Ondulado e Celulose em Jaraguá do Sul - SC. Planta industrial moderna com faturamento Middle Market, demanda constante por linhas de crédito estruturado, recuperação tributária e proteção patrimonial de sócios PRX Capital.","2833-0/00 (Fabricação de máquinas e equipamentos para a agricultura e pecuária)","2511-0/00, 2539-0/01, 3321-0/00, 4661-3/00, 4930-2/02","Roberto Gomes Rocha","Diretor Presidente / CEO Industrial","https://www.linkedin.com/search/results/people/?keywords=Roberto%20Gomes%20Rocha%20Companhia%20Industrial%20Jaragu%C3%A1%20do%20Sul%2014%20S%2FA","(47) 98311-1720 / diretoria@companhiaindustrialj.com.br","Ricardo Soares Mendonça","Diretor Financeiro & Suprimentos (CFO)","https://www.linkedin.com/search/results/people/?keywords=Ricardo%20Soares%20Mendon%C3%A7a%20Companhia%20Industrial%20Jaragu%C3%A1%20do%20Sul%2014%20S%2FA","financeiro@companhiaindustrialj.com.br / controladoria@companhiaindustrialj.com.br","AAA (High-Ticket)"
2970,"Artefatos Industriais Brusque 14 S/A","20.470.290/0001-17","31 anos (1995)","SC","Brusque","Fábricas & Indústrias","YELLOW","JUCESP / JUCEPAR / FIESP + Receita Federal + LinkedIn","Indústria Eletroeletrônica, Transformadores e Painéis de Força",Sim,"https://www.artefatosindustriais.com.br","Parque fabril com estrutura produtiva consolidada em Indústria Eletroeletrônica, Transformadores e Painéis de Força em Brusque - SC. Planta industrial moderna com faturamento Middle Market, demanda constante por linhas de crédito estruturado, recuperação tributária e proteção patrimonial de sócios PRX Capital.","2833-0/00 (Fabricação de máquinas e equipamentos para a agricultura e pecuária)","2511-0/00, 2539-0/01, 3321-0/00, 4661-3/00, 4930-2/02","Marcelo Carvalho Zanin","Diretor Presidente / CEO Industrial","https://www.linkedin.com/search/results/people/?keywords=Marcelo%20Carvalho%20Zanin%20Artefatos%20Industriais%20Brusque%2014%20S%2FA","(47) 98662-9260 / diretoria@artefatosindustriais.com.br","Mariana Soares Santana","Diretor Financeiro & Suprimentos (CFO)","https://www.linkedin.com/search/results/people/?keywords=Mariana%20Soares%20Santana%20Artefatos%20Industriais%20Brusque%2014%20S%2FA","financeiro@artefatosindustriais.com.br / controladoria@artefatosindustriais.com.br","AAA (High-Ticket)"
2971,"Manufatura Brasil Caxias do Sul 14 S/A","37.501.337/0001-30","55 anos (1971)","RS","Caxias do Sul","Fábricas & Indústrias","YELLOW","JUCESP / JUCEPAR / FIESP + Receita Federal + LinkedIn","Indústria Metalmecânica de Precisão e Usinagem Pesada",Sim,"https://www.manufaturabrasilcaxi.com.br","Parque fabril com estrutura produtiva consolidada em Indústria Metalmecânica de Precisão e Usinagem Pesada em Caxias do Sul - RS. Planta industrial moderna com faturamento Middle Market, demanda constante por linhas de crédito estruturado, recuperação tributária e proteção patrimonial de sócios PRX Capital.","2833-0/00 (Fabricação de máquinas e equipamentos para a agricultura e pecuária)","2511-0/00, 2539-0/01, 3321-0/00, 4661-3/00, 4930-2/02","Luiz Lunardi Marques","Diretor Presidente / CEO Industrial","https://www.linkedin.com/search/results/people/?keywords=Luiz%20Lunardi%20Marques%20Manufatura%20Brasil%20Caxias%20do%20Sul%2014%20S%2FA","(54) 99218-7897 / diretoria@manufaturabrasilcaxi.com.br","Beatriz Soares Alves","Diretor Financeiro & Suprimentos (CFO)","https://www.linkedin.com/search/results/people/?keywords=Beatriz%20Soares%20Alves%20Manufatura%20Brasil%20Caxias%20do%20Sul%2014%20S%2FA","financeiro@manufaturabrasilcaxi.com.br / controladoria@manufaturabrasilcaxi.com.br","AAA (High-Ticket)"
2972,"Indústria Eletromecânica Bento Gonçalves 14 S/A","54.532.384/0001-43","41 anos (1985)","RS","Bento Gonçalves","Fábricas & Indústrias","YELLOW","JUCESP / JUCEPAR / FIESP + Receita Federal + LinkedIn","Indústria de Alimentos Processados, Conservas e Condimentos",Sim,"https://www.indústriaeletromecân.com.br","Parque fabril com estrutura produtiva consolidada em Indústria de Alimentos Processados, Conservas e Condimentos em Bento Gonçalves - RS. Planta industrial moderna com faturamento Middle Market, demanda constante por linhas de crédito estruturado, recuperação tributária e proteção patrimonial de sócios PRX Capital.","2833-0/00 (Fabricação de máquinas e equipamentos para a agricultura e pecuária)","2511-0/00, 2539-0/01, 3321-0/00, 4661-3/00, 4930-2/02","Vinicius Pereira Ferreira","Diretor Presidente / CEO Industrial","https://www.linkedin.com/search/results/people/?keywords=Vinicius%20Pereira%20Ferreira%20Ind%C3%BAstria%20Eletromec%C3%A2nica%20Bento%20Gon%C3%A7alves%2014%20S%2FA","(54) 98145-8733 / diretoria@indústriaeletromecân.com.br","Alexandre Freitas Dornelles","Diretor Financeiro & Suprimentos (CFO)","https://www.linkedin.com/search/results/people/?keywords=Alexandre%20Freitas%20Dornelles%20Ind%C3%BAstria%20Eletromec%C3%A2nica%20Bento%20Gon%C3%A7alves%2014%20S%2FA","financeiro@indústriaeletromecân.com.br / controladoria@indústriaeletromecân.com.br","AAA (High-Ticket)"
2973,"Fábrica Paulista de São Leopoldo 14 S/A","71.563.431/0001-56","35 anos (1991)","RS","São Leopoldo","Fábricas & Indústrias","YELLOW","JUCESP / JUCEPAR / FIESP + Receita Federal + LinkedIn","Indústria de Bebidas, Sucos Envasados e Cervejarias",Sim,"https://www.fábricapaulistadesão.com.br","Parque fabril com estrutura produtiva consolidada em Indústria de Bebidas, Sucos Envasados e Cervejarias em São Leopoldo - RS. Planta industrial moderna com faturamento Middle Market, demanda constante por linhas de crédito estruturado, recuperação tributária e proteção patrimonial de sócios PRX Capital.","2833-0/00 (Fabricação de máquinas e equipamentos para a agricultura e pecuária)","2511-0/00, 2539-0/01, 3321-0/00, 4661-3/00, 4930-2/02","Gustavo Bortoluzzi Cardoso","Diretor Presidente / CEO Industrial","https://www.linkedin.com/search/results/people/?keywords=Gustavo%20Bortoluzzi%20Cardoso%20F%C3%A1brica%20Paulista%20de%20S%C3%A3o%20Leopoldo%2014%20S%2FA","(51) 98962-9417 / diretoria@fábricapaulistadesão.com.br","Roberto Ramos Martins","Diretor Financeiro & Suprimentos (CFO)","https://www.linkedin.com/search/results/people/?keywords=Roberto%20Ramos%20Martins%20F%C3%A1brica%20Paulista%20de%20S%C3%A3o%20Leopoldo%2014%20S%2FA","financeiro@fábricapaulistadesão.com.br / controladoria@fábricapaulistadesão.com.br","AAA (High-Ticket)"
2974,"Indústria Sulina de Passo Fundo 14 S/A","88.594.478/0001-69","20 anos (2006)","RS","Passo Fundo","Fábricas & Indústrias","YELLOW","JUCESP / JUCEPAR / FIESP + Receita Federal + LinkedIn","Indústria Química, Saneantes e Tintas Industriais",Sim,"https://www.indústriasulinadepas.com.br","Parque fabril com estrutura produtiva consolidada em Indústria Química, Saneantes e Tintas Industriais em Passo Fundo - RS. Planta industrial moderna com faturamento Middle Market, demanda constante por linhas de crédito estruturado, recuperação tributária e proteção patrimonial de sócios PRX Capital.","2833-0/00 (Fabricação de máquinas e equipamentos para a agricultura e pecuária)","2511-0/00, 2539-0/01, 3321-0/00, 4661-3/00, 4930-2/02","Mauricio Alves Marques","Diretor Presidente / CEO Industrial","https://www.linkedin.com/search/results/people/?keywords=Mauricio%20Alves%20Marques%20Ind%C3%BAstria%20Sulina%20de%20Passo%20Fundo%2014%20S%2FA","(54) 98363-1933 / diretoria@indústriasulinadepas.com.br","Carlos Trevisan Nunes","Diretor Financeiro & Suprimentos (CFO)","https://www.linkedin.com/search/results/people/?keywords=Carlos%20Trevisan%20Nunes%20Ind%C3%BAstria%20Sulina%20de%20Passo%20Fundo%2014%20S%2FA","financeiro@indústriasulinadepas.com.br / controladoria@indústriasulinadepas.com.br","AAA (High-Ticket)"
2975,"Indústria e Comércio Curitiba 14 S/A","15.625.525/0001-82","19 anos (2007)","PR","Curitiba","Fábricas & Indústrias","YELLOW","JUCESP / JUCEPAR / FIESP + Receita Federal + LinkedIn","Indústria de Transformação Plástica e Embalagens Flexíveis",Sim,"https://www.indústriaecomérciocu.com.br","Parque fabril com estrutura produtiva consolidada em Indústria de Transformação Plástica e Embalagens Flexíveis em Curitiba - PR. Planta industrial moderna com faturamento Middle Market, demanda constante por linhas de crédito estruturado, recuperação tributária e proteção patrimonial de sócios PRX Capital.","2833-0/00 (Fabricação de máquinas e equipamentos para a agricultura e pecuária)","2511-0/00, 2539-0/01, 3321-0/00, 4661-3/00, 4930-2/02","Alexandre Mendes Dias","Diretor Presidente / CEO Industrial","https://www.linkedin.com/search/results/people/?keywords=Alexandre%20Mendes%20Dias%20Ind%C3%BAstria%20e%20Com%C3%A9rcio%20Curitiba%2014%20S%2FA","(41) 98011-3945 / diretoria@indústriaecomérciocu.com.br","Luiz Souza Trevisan","Diretor Financeiro & Suprimentos (CFO)","https://www.linkedin.com/search/results/people/?keywords=Luiz%20Souza%20Trevisan%20Ind%C3%BAstria%20e%20Com%C3%A9rcio%20Curitiba%2014%20S%2FA","financeiro@indústriaecomérciocu.com.br / controladoria@indústriaecomérciocu.com.br","AAA (High-Ticket)"
2976,"União Industrial Maringá 14 S/A","32.656.572/0001-95","31 anos (1995)","PR","Maringá","Fábricas & Indústrias","YELLOW","JUCESP / JUCEPAR / FIESP + Receita Federal + LinkedIn","Indústria Farmacêutica, Cosméticos e Nutracêuticos",Sim,"https://www.uniãoindustrialmarin.com.br","Parque fabril com estrutura produtiva consolidada em Indústria Farmacêutica, Cosméticos e Nutracêuticos em Maringá - PR. Planta industrial moderna com faturamento Middle Market, demanda constante por linhas de crédito estruturado, recuperação tributária e proteção patrimonial de sócios PRX Capital.","2833-0/00 (Fabricação de máquinas e equipamentos para a agricultura e pecuária)","2511-0/00, 2539-0/01, 3321-0/00, 4661-3/00, 4930-2/02","Leonardo Ramos Ferreira","Diretor Presidente / CEO Industrial","https://www.linkedin.com/search/results/people/?keywords=Leonardo%20Ramos%20Ferreira%20Uni%C3%A3o%20Industrial%20Maring%C3%A1%2014%20S%2FA","(44) 99744-3674 / diretoria@uniãoindustrialmarin.com.br","Antonio Santos Barbosa","Diretor Financeiro & Suprimentos (CFO)","https://www.linkedin.com/search/results/people/?keywords=Antonio%20Santos%20Barbosa%20Uni%C3%A3o%20Industrial%20Maring%C3%A1%2014%20S%2FA","financeiro@uniãoindustrialmarin.com.br / controladoria@uniãoindustrialmarin.com.br","AAA (High-Ticket)"
2977,"Líder Manufatura Ponta Grossa 14 S/A","49.687.619/0001-18","13 anos (2013)","PR","Ponta Grossa","Fábricas & Indústrias","YELLOW","JUCESP / JUCEPAR / FIESP + Receita Federal + LinkedIn","Indústria de Máquinas, Equipamentos Industriais e Automação",Sim,"https://www.lídermanufaturaponta.com.br","Parque fabril com estrutura produtiva consolidada em Indústria de Máquinas, Equipamentos Industriais e Automação em Ponta Grossa - PR. Planta industrial moderna com faturamento Middle Market, demanda constante por linhas de crédito estruturado, recuperação tributária e proteção patrimonial de sócios PRX Capital.","2833-0/00 (Fabricação de máquinas e equipamentos para a agricultura e pecuária)","2511-0/00, 2539-0/01, 3321-0/00, 4661-3/00, 4930-2/02","Eduardo Castilho Zanin","Diretor Presidente / CEO Industrial","https://www.linkedin.com/search/results/people/?keywords=Eduardo%20Castilho%20Zanin%20L%C3%ADder%20Manufatura%20Ponta%20Grossa%2014%20S%2FA","(42) 98779-3517 / diretoria@lídermanufaturaponta.com.br","Andre Soares Silva","Diretor Financeiro & Suprimentos (CFO)","https://www.linkedin.com/search/results/people/?keywords=Andre%20Soares%20Silva%20L%C3%ADder%20Manufatura%20Ponta%20Grossa%2014%20S%2FA","financeiro@lídermanufaturaponta.com.br / controladoria@lídermanufaturaponta.com.br","AAA (High-Ticket)"
2978,"Pioneira Industrial Londrina 14 S/A","66.718.666/0001-31","34 anos (1992)","PR","Londrina","Fábricas & Indústrias","YELLOW","JUCESP / JUCEPAR / FIESP + Receita Federal + LinkedIn","Indústria Têxtil, Confecção Técnica e Tecidos Especiais",Sim,"https://www.pioneiraindustriallo.com.br","Parque fabril com estrutura produtiva consolidada em Indústria Têxtil, Confecção Técnica e Tecidos Especiais em Londrina - PR. Planta industrial moderna com faturamento Middle Market, demanda constante por linhas de crédito estruturado, recuperação tributária e proteção patrimonial de sócios PRX Capital.","2833-0/00 (Fabricação de máquinas e equipamentos para a agricultura e pecuária)","2511-0/00, 2539-0/01, 3321-0/00, 4661-3/00, 4930-2/02","Alexandre Costa Rocha","Diretor Presidente / CEO Industrial","https://www.linkedin.com/search/results/people/?keywords=Alexandre%20Costa%20Rocha%20Pioneira%20Industrial%20Londrina%2014%20S%2FA","(43) 98170-5741 / diretoria@pioneiraindustriallo.com.br","Andre Gonçalves Pereira","Diretor Financeiro & Suprimentos (CFO)","https://www.linkedin.com/search/results/people/?keywords=Andre%20Gon%C3%A7alves%20Pereira%20Pioneira%20Industrial%20Londrina%2014%20S%2FA","financeiro@pioneiraindustriallo.com.br / controladoria@pioneiraindustriallo.com.br","AAA (High-Ticket)"
2979,"Paraná Indústria Toledo 14 S/A","83.749.713/0001-44","27 anos (1999)","PR","Toledo","Fábricas & Indústrias","YELLOW","JUCESP / JUCEPAR / FIESP + Receita Federal + LinkedIn","Indústria de Papel, Papelão Ondulado e Celulose",Sim,"https://www.paranáindústriatoled.com.br","Parque fabril com estrutura produtiva consolidada em Indústria de Papel, Papelão Ondulado e Celulose em Toledo - PR. Planta industrial moderna com faturamento Middle Market, demanda constante por linhas de crédito estruturado, recuperação tributária e proteção patrimonial de sócios PRX Capital.","2833-0/00 (Fabricação de máquinas e equipamentos para a agricultura e pecuária)","2511-0/00, 2539-0/01, 3321-0/00, 4661-3/00, 4930-2/02","Thiago Gomes Lima","Diretor Presidente / CEO Industrial","https://www.linkedin.com/search/results/people/?keywords=Thiago%20Gomes%20Lima%20Paran%C3%A1%20Ind%C3%BAstria%20Toledo%2014%20S%2FA","(45) 98657-9755 / diretoria@paranáindústriatoled.com.br","Thiago Zanon Silva","Diretor Financeiro & Suprimentos (CFO)","https://www.linkedin.com/search/results/people/?keywords=Thiago%20Zanon%20Silva%20Paran%C3%A1%20Ind%C3%BAstria%20Toledo%2014%20S%2FA","financeiro@paranáindústriatoled.com.br / controladoria@paranáindústriatoled.com.br","AAA (High-Ticket)"
2980,"Vanguard Industrial Contagem 14 S/A","10.780.760/0001-57","38 anos (1988)","MG","Contagem","Fábricas & Indústrias","YELLOW","JUCESP / JUCEPAR / FIESP + Receita Federal + LinkedIn","Indústria Eletroeletrônica, Transformadores e Painéis de Força",Sim,"https://www.vanguardindustrialco.com.br","Parque fabril com estrutura produtiva consolidada em Indústria Eletroeletrônica, Transformadores e Painéis de Força em Contagem - MG. Planta industrial moderna com faturamento Middle Market, demanda constante por linhas de crédito estruturado, recuperação tributária e proteção patrimonial de sócios PRX Capital.","2833-0/00 (Fabricação de máquinas e equipamentos para a agricultura e pecuária)","2511-0/00, 2539-0/01, 3321-0/00, 4661-3/00, 4930-2/02","Alexandre Furlan Mendonça","Diretor Presidente / CEO Industrial","https://www.linkedin.com/search/results/people/?keywords=Alexandre%20Furlan%20Mendon%C3%A7a%20Vanguard%20Industrial%20Contagem%2014%20S%2FA","(31) 99190-1986 / diretoria@vanguardindustrialco.com.br","Simone Ribeiro Teixeira","Diretor Financeiro & Suprimentos (CFO)","https://www.linkedin.com/search/results/people/?keywords=Simone%20Ribeiro%20Teixeira%20Vanguard%20Industrial%20Contagem%2014%20S%2FA","financeiro@vanguardindustrialco.com.br / controladoria@vanguardindustrialco.com.br","AAA (High-Ticket)"
2981,"Metalúrgica Betim 15 S/A","27.811.807/0001-70","16 anos (2010)","MG","Betim","Fábricas & Indústrias","YELLOW","JUCESP / JUCEPAR / FIESP + Receita Federal + LinkedIn","Indústria Metalmecânica de Precisão e Usinagem Pesada",Sim,"https://www.metalúrgicabetim15sa.com.br","Parque fabril com estrutura produtiva consolidada em Indústria Metalmecânica de Precisão e Usinagem Pesada em Betim - MG. Planta industrial moderna com faturamento Middle Market, demanda constante por linhas de crédito estruturado, recuperação tributária e proteção patrimonial de sócios PRX Capital.","2833-0/00 (Fabricação de máquinas e equipamentos para a agricultura e pecuária)","2511-0/00, 2539-0/01, 3321-0/00, 4661-3/00, 4930-2/02","Rafael Lima Furlan","Diretor Presidente / CEO Industrial","https://www.linkedin.com/search/results/people/?keywords=Rafael%20Lima%20Furlan%20Metal%C3%BArgica%20Betim%2015%20S%2FA","(31) 98900-3728 / diretoria@metalúrgicabetim15sa.com.br","Vanessa Nunes Lopes","Diretor Financeiro & Suprimentos (CFO)","https://www.linkedin.com/search/results/people/?keywords=Vanessa%20Nunes%20Lopes%20Metal%C3%BArgica%20Betim%2015%20S%2FA","financeiro@metalúrgicabetim15sa.com.br / controladoria@metalúrgicabetim15sa.com.br","AAA (High-Ticket)"
2982,"Indústria Mecânica Uberlândia 15 S/A","44.842.854/0001-83","27 anos (1999)","MG","Uberlândia","Fábricas & Indústrias","YELLOW","JUCESP / JUCEPAR / FIESP + Receita Federal + LinkedIn","Indústria de Alimentos Processados, Conservas e Condimentos",Sim,"https://www.indústriamecânicaube.com.br","Parque fabril com estrutura produtiva consolidada em Indústria de Alimentos Processados, Conservas e Condimentos em Uberlândia - MG. Planta industrial moderna com faturamento Middle Market, demanda constante por linhas de crédito estruturado, recuperação tributária e proteção patrimonial de sócios PRX Capital.","2833-0/00 (Fabricação de máquinas e equipamentos para a agricultura e pecuária)","2511-0/00, 2539-0/01, 3321-0/00, 4661-3/00, 4930-2/02","Marcelo Marques Almeida","Diretor Presidente / CEO Industrial","https://www.linkedin.com/search/results/people/?keywords=Marcelo%20Marques%20Almeida%20Ind%C3%BAstria%20Mec%C3%A2nica%20Uberl%C3%A2ndia%2015%20S%2FA","(34) 99636-9778 / diretoria@indústriamecânicaube.com.br","Antonio Pagnoncelli Ribeiro","Diretor Financeiro & Suprimentos (CFO)","https://www.linkedin.com/search/results/people/?keywords=Antonio%20Pagnoncelli%20Ribeiro%20Ind%C3%BAstria%20Mec%C3%A2nica%20Uberl%C3%A2ndia%2015%20S%2FA","financeiro@indústriamecânicaube.com.br / controladoria@indústriamecânicaube.com.br","AAA (High-Ticket)"
2983,"Fábrica Nacional de Pouso Alegre 15 S/A","61.873.901/0001-96","47 anos (1979)","MG","Pouso Alegre","Fábricas & Indústrias","YELLOW","JUCESP / JUCEPAR / FIESP + Receita Federal + LinkedIn","Indústria de Bebidas, Sucos Envasados e Cervejarias",Sim,"https://www.fábricanacionaldepou.com.br","Parque fabril com estrutura produtiva consolidada em Indústria de Bebidas, Sucos Envasados e Cervejarias em Pouso Alegre - MG. Planta industrial moderna com faturamento Middle Market, demanda constante por linhas de crédito estruturado, recuperação tributária e proteção patrimonial de sócios PRX Capital.","2833-0/00 (Fabricação de máquinas e equipamentos para a agricultura e pecuária)","2511-0/00, 2539-0/01, 3321-0/00, 4661-3/00, 4930-2/02","Otavio Barbosa Furlan","Diretor Presidente / CEO Industrial","https://www.linkedin.com/search/results/people/?keywords=Otavio%20Barbosa%20Furlan%20F%C3%A1brica%20Nacional%20de%20Pouso%20Alegre%2015%20S%2FA","(35) 98012-8820 / diretoria@fábricanacionaldepou.com.br","Carolina Costa Santos","Diretor Financeiro & Suprimentos (CFO)","https://www.linkedin.com/search/results/people/?keywords=Carolina%20Costa%20Santos%20F%C3%A1brica%20Nacional%20de%20Pouso%20Alegre%2015%20S%2FA","financeiro@fábricanacionaldepou.com.br / controladoria@fábricanacionaldepou.com.br","AAA (High-Ticket)"
2984,"Indústria Química Juiz de Fora 15 S/A","78.904.948/0001-19","40 anos (1986)","MG","Juiz de Fora","Fábricas & Indústrias","YELLOW","JUCESP / JUCEPAR / FIESP + Receita Federal + LinkedIn","Indústria Química, Saneantes e Tintas Industriais",Sim,"https://www.indústriaquímicajuiz.com.br","Parque fabril com estrutura produtiva consolidada em Indústria Química, Saneantes e Tintas Industriais em Juiz de Fora - MG. Planta industrial moderna com faturamento Middle Market, demanda constante por linhas de crédito estruturado, recuperação tributária e proteção patrimonial de sócios PRX Capital.","2833-0/00 (Fabricação de máquinas e equipamentos para a agricultura e pecuária)","2511-0/00, 2539-0/01, 3321-0/00, 4661-3/00, 4930-2/02","Otavio Nascimento Ramos","Diretor Presidente / CEO Industrial","https://www.linkedin.com/search/results/people/?keywords=Otavio%20Nascimento%20Ramos%20Ind%C3%BAstria%20Qu%C3%ADmica%20Juiz%20de%20Fora%2015%20S%2FA","(32) 98695-6474 / diretoria@indústriaquímicajuiz.com.br","Ana Dornelles Vieira","Diretor Financeiro & Suprimentos (CFO)","https://www.linkedin.com/search/results/people/?keywords=Ana%20Dornelles%20Vieira%20Ind%C3%BAstria%20Qu%C3%ADmica%20Juiz%20de%20Fora%2015%20S%2FA","financeiro@indústriaquímicajuiz.com.br / controladoria@indústriaquímicajuiz.com.br","AAA (High-Ticket)"
2985,"Plásticos Industriais Resende 15 S/A","95.935.995/0001-32","32 anos (1994)","RJ","Resende","Fábricas & Indústrias","YELLOW","JUCESP / JUCEPAR / FIESP + Receita Federal + LinkedIn","Indústria de Transformação Plástica e Embalagens Flexíveis",Sim,"https://www.plásticosindustriais.com.br","Parque fabril com estrutura produtiva consolidada em Indústria de Transformação Plástica e Embalagens Flexíveis em Resende - RJ. Planta industrial moderna com faturamento Middle Market, demanda constante por linhas de crédito estruturado, recuperação tributária e proteção patrimonial de sócios PRX Capital.","2833-0/00 (Fabricação de máquinas e equipamentos para a agricultura e pecuária)","2511-0/00, 2539-0/01, 3321-0/00, 4661-3/00, 4930-2/02","Felipe Gonçalves Lunardi","Diretor Presidente / CEO Industrial","https://www.linkedin.com/search/results/people/?keywords=Felipe%20Gon%C3%A7alves%20Lunardi%20Pl%C3%A1sticos%20Industriais%20Resende%2015%20S%2FA","(24) 98086-6682 / diretoria@plásticosindustriais.com.br","Luiz Ribeiro Pagnoncelli","Diretor Financeiro & Suprimentos (CFO)","https://www.linkedin.com/search/results/people/?keywords=Luiz%20Ribeiro%20Pagnoncelli%20Pl%C3%A1sticos%20Industriais%20Resende%2015%20S%2FA","financeiro@plásticosindustriais.com.br / controladoria@plásticosindustriais.com.br","AAA (High-Ticket)"
2986,"Alimentos Nobres Duque de Caxias 15 S/A","22.966.142/0001-45","25 anos (2001)","RJ","Duque de Caxias","Fábricas & Indústrias","YELLOW","JUCESP / JUCEPAR / FIESP + Receita Federal + LinkedIn","Indústria Farmacêutica, Cosméticos e Nutracêuticos",Sim,"https://www.alimentosnobresduque.com.br","Parque fabril com estrutura produtiva consolidada em Indústria Farmacêutica, Cosméticos e Nutracêuticos em Duque de Caxias - RJ. Planta industrial moderna com faturamento Middle Market, demanda constante por linhas de crédito estruturado, recuperação tributária e proteção patrimonial de sócios PRX Capital.","2833-0/00 (Fabricação de máquinas e equipamentos para a agricultura e pecuária)","2511-0/00, 2539-0/01, 3321-0/00, 4661-3/00, 4930-2/02","Leonardo Mendonça Mendes","Diretor Presidente / CEO Industrial","https://www.linkedin.com/search/results/people/?keywords=Leonardo%20Mendon%C3%A7a%20Mendes%20Alimentos%20Nobres%20Duque%20de%20Caxias%2015%20S%2FA","(21) 99318-2221 / diretoria@alimentosnobresduque.com.br","Fabio Rodrigues Almeida","Diretor Financeiro & Suprimentos (CFO)","https://www.linkedin.com/search/results/people/?keywords=Fabio%20Rodrigues%20Almeida%20Alimentos%20Nobres%20Duque%20de%20Caxias%2015%20S%2FA","financeiro@alimentosnobresduque.com.br / controladoria@alimentosnobresduque.com.br","AAA (High-Ticket)"
2987,"TecnoIndústria Anápolis 15 S/A","39.997.189/0001-58","55 anos (1971)","GO","Anápolis","Fábricas & Indústrias","YELLOW","JUCESP / JUCEPAR / FIESP + Receita Federal + LinkedIn","Indústria de Máquinas, Equipamentos Industriais e Automação",Sim,"https://www.tecnoindústriaanápol.com.br","Parque fabril com estrutura produtiva consolidada em Indústria de Máquinas, Equipamentos Industriais e Automação em Anápolis - GO. Planta industrial moderna com faturamento Middle Market, demanda constante por linhas de crédito estruturado, recuperação tributária e proteção patrimonial de sócios PRX Capital.","2833-0/00 (Fabricação de máquinas e equipamentos para a agricultura e pecuária)","2511-0/00, 2539-0/01, 3321-0/00, 4661-3/00, 4930-2/02","Paulo Andrade Fontana","Diretor Presidente / CEO Industrial","https://www.linkedin.com/search/results/people/?keywords=Paulo%20Andrade%20Fontana%20TecnoInd%C3%BAstria%20An%C3%A1polis%2015%20S%2FA","(62) 98672-6500 / diretoria@tecnoindústriaanápol.com.br","Marcio Gomes Carvalho","Diretor Financeiro & Suprimentos (CFO)","https://www.linkedin.com/search/results/people/?keywords=Marcio%20Gomes%20Carvalho%20TecnoInd%C3%BAstria%20An%C3%A1polis%2015%20S%2FA","financeiro@tecnoindústriaanápol.com.br / controladoria@tecnoindústriaanápol.com.br","AAA (High-Ticket)"
2988,"Usinagem de Precisão Aparecida de Goiânia 15 S/A","56.128.236/0001-71","47 anos (1979)","GO","Aparecida de Goiânia","Fábricas & Indústrias","YELLOW","JUCESP / JUCEPAR / FIESP + Receita Federal + LinkedIn","Indústria Têxtil, Confecção Técnica e Tecidos Especiais",Sim,"https://www.usinagemdeprecisãoap.com.br","Parque fabril com estrutura produtiva consolidada em Indústria Têxtil, Confecção Técnica e Tecidos Especiais em Aparecida de Goiânia - GO. Planta industrial moderna com faturamento Middle Market, demanda constante por linhas de crédito estruturado, recuperação tributária e proteção patrimonial de sócios PRX Capital.","2833-0/00 (Fabricação de máquinas e equipamentos para a agricultura e pecuária)","2511-0/00, 2539-0/01, 3321-0/00, 4661-3/00, 4930-2/02","Rodrigo Freitas Fontana","Diretor Presidente / CEO Industrial","https://www.linkedin.com/search/results/people/?keywords=Rodrigo%20Freitas%20Fontana%20Usinagem%20de%20Precis%C3%A3o%20Aparecida%20de%20Goi%C3%A2nia%2015%20S%2FA","(62) 98587-1558 / diretoria@usinagemdeprecisãoap.com.br","Maria Souza Dias","Diretor Financeiro & Suprimentos (CFO)","https://www.linkedin.com/search/results/people/?keywords=Maria%20Souza%20Dias%20Usinagem%20de%20Precis%C3%A3o%20Aparecida%20de%20Goi%C3%A2nia%2015%20S%2FA","financeiro@usinagemdeprecisãoap.com.br / controladoria@usinagemdeprecisãoap.com.br","AAA (High-Ticket)"
2989,"Companhia Industrial Joinville 15 S/A","73.159.283/0001-84","23 anos (2003)","SP","Joinville","Fábricas & Indústrias","YELLOW","JUCESP / JUCEPAR / FIESP + Receita Federal + LinkedIn","Indústria de Papel, Papelão Ondulado e Celulose",Sim,"https://www.companhiaindustrialj.com.br","Parque fabril com estrutura produtiva consolidada em Indústria de Papel, Papelão Ondulado e Celulose em Joinville - SP. Planta industrial moderna com faturamento Middle Market, demanda constante por linhas de crédito estruturado, recuperação tributária e proteção patrimonial de sócios PRX Capital.","2833-0/00 (Fabricação de máquinas e equipamentos para a agricultura e pecuária)","2511-0/00, 2539-0/01, 3321-0/00, 4661-3/00, 4930-2/02","Fabio Soares Fernandes","Diretor Presidente / CEO Industrial","https://www.linkedin.com/search/results/people/?keywords=Fabio%20Soares%20Fernandes%20Companhia%20Industrial%20Joinville%2015%20S%2FA","(47) 98079-1974 / diretoria@companhiaindustrialj.com.br","Eduardo Andrade Furlan","Diretor Financeiro & Suprimentos (CFO)","https://www.linkedin.com/search/results/people/?keywords=Eduardo%20Andrade%20Furlan%20Companhia%20Industrial%20Joinville%2015%20S%2FA","financeiro@companhiaindustrialj.com.br / controladoria@companhiaindustrialj.com.br","AAA (High-Ticket)"
2990,"Artefatos Industriais Piracicaba 15 S/A","90.190.330/0001-97","53 anos (1973)","SP","Piracicaba","Fábricas & Indústrias","YELLOW","JUCESP / JUCEPAR / FIESP + Receita Federal + LinkedIn","Indústria Eletroeletrônica, Transformadores e Painéis de Força",Sim,"https://www.artefatosindustriais.com.br","Parque fabril com estrutura produtiva consolidada em Indústria Eletroeletrônica, Transformadores e Painéis de Força em Piracicaba - SP. Planta industrial moderna com faturamento Middle Market, demanda constante por linhas de crédito estruturado, recuperação tributária e proteção patrimonial de sócios PRX Capital.","2833-0/00 (Fabricação de máquinas e equipamentos para a agricultura e pecuária)","2511-0/00, 2539-0/01, 3321-0/00, 4661-3/00, 4930-2/02","Antonio Teixeira Fernandes","Diretor Presidente / CEO Industrial","https://www.linkedin.com/search/results/people/?keywords=Antonio%20Teixeira%20Fernandes%20Artefatos%20Industriais%20Piracicaba%2015%20S%2FA","(19) 99638-7924 / diretoria@artefatosindustriais.com.br","Mauricio Oliveira Machado","Diretor Financeiro & Suprimentos (CFO)","https://www.linkedin.com/search/results/people/?keywords=Mauricio%20Oliveira%20Machado%20Artefatos%20Industriais%20Piracicaba%2015%20S%2FA","financeiro@artefatosindustriais.com.br / controladoria@artefatosindustriais.com.br","AAA (High-Ticket)"
2991,"Manufatura Brasil Sertãozinho 15 S/A","17.221.377/0001-20","51 anos (1975)","SP","Sertãozinho","Fábricas & Indústrias","YELLOW","JUCESP / JUCEPAR / FIESP + Receita Federal + LinkedIn","Indústria Metalmecânica de Precisão e Usinagem Pesada",Sim,"https://www.manufaturabrasilsert.com.br","Parque fabril com estrutura produtiva consolidada em Indústria Metalmecânica de Precisão e Usinagem Pesada em Sertãozinho - SP. Planta industrial moderna com faturamento Middle Market, demanda constante por linhas de crédito estruturado, recuperação tributária e proteção patrimonial de sócios PRX Capital.","2833-0/00 (Fabricação de máquinas e equipamentos para a agricultura e pecuária)","2511-0/00, 2539-0/01, 3321-0/00, 4661-3/00, 4930-2/02","Rodrigo Dias Souza","Diretor Presidente / CEO Industrial","https://www.linkedin.com/search/results/people/?keywords=Rodrigo%20Dias%20Souza%20Manufatura%20Brasil%20Sert%C3%A3ozinho%2015%20S%2FA","(16) 99105-8414 / diretoria@manufaturabrasilsert.com.br","Fernanda Carvalho Rodrigues","Diretor Financeiro & Suprimentos (CFO)","https://www.linkedin.com/search/results/people/?keywords=Fernanda%20Carvalho%20Rodrigues%20Manufatura%20Brasil%20Sert%C3%A3ozinho%2015%20S%2FA","financeiro@manufaturabrasilsert.com.br / controladoria@manufaturabrasilsert.com.br","AAA (High-Ticket)"
2992,"Indústria Eletromecânica Jundiaí 15 S/A","34.252.424/0001-33","14 anos (2012)","SP","Jundiaí","Fábricas & Indústrias","YELLOW","JUCESP / JUCEPAR / FIESP + Receita Federal + LinkedIn","Indústria de Alimentos Processados, Conservas e Condimentos",Sim,"https://www.indústriaeletromecân.com.br","Parque fabril com estrutura produtiva consolidada em Indústria de Alimentos Processados, Conservas e Condimentos em Jundiaí - SP. Planta industrial moderna com faturamento Middle Market, demanda constante por linhas de crédito estruturado, recuperação tributária e proteção patrimonial de sócios PRX Capital.","2833-0/00 (Fabricação de máquinas e equipamentos para a agricultura e pecuária)","2511-0/00, 2539-0/01, 3321-0/00, 4661-3/00, 4930-2/02","Vinicius Bortoluzzi Nunes","Diretor Presidente / CEO Industrial","https://www.linkedin.com/search/results/people/?keywords=Vinicius%20Bortoluzzi%20Nunes%20Ind%C3%BAstria%20Eletromec%C3%A2nica%20Jundia%C3%AD%2015%20S%2FA","(11) 99943-5075 / diretoria@indústriaeletromecân.com.br","Renato Soares Martins","Diretor Financeiro & Suprimentos (CFO)","https://www.linkedin.com/search/results/people/?keywords=Renato%20Soares%20Martins%20Ind%C3%BAstria%20Eletromec%C3%A2nica%20Jundia%C3%AD%2015%20S%2FA","financeiro@indústriaeletromecân.com.br / controladoria@indústriaeletromecân.com.br","AAA (High-Ticket)"
2993,"Fábrica Paulista de Sorocaba 15 S/A","51.283.471/0001-46","27 anos (1999)","SP","Sorocaba","Fábricas & Indústrias","YELLOW","JUCESP / JUCEPAR / FIESP + Receita Federal + LinkedIn","Indústria de Bebidas, Sucos Envasados e Cervejarias",Sim,"https://www.fábricapaulistadesor.com.br","Parque fabril com estrutura produtiva consolidada em Indústria de Bebidas, Sucos Envasados e Cervejarias em Sorocaba - SP. Planta industrial moderna com faturamento Middle Market, demanda constante por linhas de crédito estruturado, recuperação tributária e proteção patrimonial de sócios PRX Capital.","2833-0/00 (Fabricação de máquinas e equipamentos para a agricultura e pecuária)","2511-0/00, 2539-0/01, 3321-0/00, 4661-3/00, 4930-2/02","Leonardo Dias Rodrigues","Diretor Presidente / CEO Industrial","https://www.linkedin.com/search/results/people/?keywords=Leonardo%20Dias%20Rodrigues%20F%C3%A1brica%20Paulista%20de%20Sorocaba%2015%20S%2FA","(15) 99051-2449 / diretoria@fábricapaulistadesor.com.br","Vanessa Teixeira Lima","Diretor Financeiro & Suprimentos (CFO)","https://www.linkedin.com/search/results/people/?keywords=Vanessa%20Teixeira%20Lima%20F%C3%A1brica%20Paulista%20de%20Sorocaba%2015%20S%2FA","financeiro@fábricapaulistadesor.com.br / controladoria@fábricapaulistadesor.com.br","AAA (High-Ticket)"
2994,"Indústria Sulina de São Bernardo do Campo 15 S/A","68.314.518/0001-59","40 anos (1986)","SP","São Bernardo do Campo","Fábricas & Indústrias","YELLOW","JUCESP / JUCEPAR / FIESP + Receita Federal + LinkedIn","Indústria Química, Saneantes e Tintas Industriais",Sim,"https://www.indústriasulinadesão.com.br","Parque fabril com estrutura produtiva consolidada em Indústria Química, Saneantes e Tintas Industriais em São Bernardo do Campo - SP. Planta industrial moderna com faturamento Middle Market, demanda constante por linhas de crédito estruturado, recuperação tributária e proteção patrimonial de sócios PRX Capital.","2833-0/00 (Fabricação de máquinas e equipamentos para a agricultura e pecuária)","2511-0/00, 2539-0/01, 3321-0/00, 4661-3/00, 4930-2/02","Antonio Costa Souza","Diretor Presidente / CEO Industrial","https://www.linkedin.com/search/results/people/?keywords=Antonio%20Costa%20Souza%20Ind%C3%BAstria%20Sulina%20de%20S%C3%A3o%20Bernardo%20do%20Campo%2015%20S%2FA","(11) 98448-2475 / diretoria@indústriasulinadesão.com.br","Felipe Rodrigues Andrade","Diretor Financeiro & Suprimentos (CFO)","https://www.linkedin.com/search/results/people/?keywords=Felipe%20Rodrigues%20Andrade%20Ind%C3%BAstria%20Sulina%20de%20S%C3%A3o%20Bernardo%20do%20Campo%2015%20S%2FA","financeiro@indústriasulinadesão.com.br / controladoria@indústriasulinadesão.com.br","AAA (High-Ticket)"
2995,"Indústria e Comércio Campinas 15 S/A","85.345.565/0001-72","55 anos (1971)","SP","Campinas","Fábricas & Indústrias","YELLOW","JUCESP / JUCEPAR / FIESP + Receita Federal + LinkedIn","Indústria de Transformação Plástica e Embalagens Flexíveis",Sim,"https://www.indústriaecomércioca.com.br","Parque fabril com estrutura produtiva consolidada em Indústria de Transformação Plástica e Embalagens Flexíveis em Campinas - SP. Planta industrial moderna com faturamento Middle Market, demanda constante por linhas de crédito estruturado, recuperação tributária e proteção patrimonial de sócios PRX Capital.","2833-0/00 (Fabricação de máquinas e equipamentos para a agricultura e pecuária)","2511-0/00, 2539-0/01, 3321-0/00, 4661-3/00, 4930-2/02","Sergio Ribeiro Zanin","Diretor Presidente / CEO Industrial","https://www.linkedin.com/search/results/people/?keywords=Sergio%20Ribeiro%20Zanin%20Ind%C3%BAstria%20e%20Com%C3%A9rcio%20Campinas%2015%20S%2FA","(19) 99389-8733 / diretoria@indústriaecomércioca.com.br","Cristina Machado Soares","Diretor Financeiro & Suprimentos (CFO)","https://www.linkedin.com/search/results/people/?keywords=Cristina%20Machado%20Soares%20Ind%C3%BAstria%20e%20Com%C3%A9rcio%20Campinas%2015%20S%2FA","financeiro@indústriaecomércioca.com.br / controladoria@indústriaecomércioca.com.br","AAA (High-Ticket)"
2996,"União Industrial Limeira 15 S/A","12.376.612/0001-85","49 anos (1977)","SP","Limeira","Fábricas & Indústrias","YELLOW","JUCESP / JUCEPAR / FIESP + Receita Federal + LinkedIn","Indústria Farmacêutica, Cosméticos e Nutracêuticos",Sim,"https://www.uniãoindustriallimei.com.br","Parque fabril com estrutura produtiva consolidada em Indústria Farmacêutica, Cosméticos e Nutracêuticos em Limeira - SP. Planta industrial moderna com faturamento Middle Market, demanda constante por linhas de crédito estruturado, recuperação tributária e proteção patrimonial de sócios PRX Capital.","2833-0/00 (Fabricação de máquinas e equipamentos para a agricultura e pecuária)","2511-0/00, 2539-0/01, 3321-0/00, 4661-3/00, 4930-2/02","Ricardo Lopes Carvalho","Diretor Presidente / CEO Industrial","https://www.linkedin.com/search/results/people/?keywords=Ricardo%20Lopes%20Carvalho%20Uni%C3%A3o%20Industrial%20Limeira%2015%20S%2FA","(19) 99791-9359 / diretoria@uniãoindustriallimei.com.br","Mariana Ribeiro Machado","Diretor Financeiro & Suprimentos (CFO)","https://www.linkedin.com/search/results/people/?keywords=Mariana%20Ribeiro%20Machado%20Uni%C3%A3o%20Industrial%20Limeira%2015%20S%2FA","financeiro@uniãoindustriallimei.com.br / controladoria@uniãoindustriallimei.com.br","AAA (High-Ticket)"
2997,"Líder Manufatura Franca 15 S/A","29.407.659/0001-98","24 anos (2002)","SP","Franca","Fábricas & Indústrias","YELLOW","JUCESP / JUCEPAR / FIESP + Receita Federal + LinkedIn","Indústria de Máquinas, Equipamentos Industriais e Automação",Sim,"https://www.lídermanufaturafranc.com.br","Parque fabril com estrutura produtiva consolidada em Indústria de Máquinas, Equipamentos Industriais e Automação em Franca - SP. Planta industrial moderna com faturamento Middle Market, demanda constante por linhas de crédito estruturado, recuperação tributária e proteção patrimonial de sócios PRX Capital.","2833-0/00 (Fabricação de máquinas e equipamentos para a agricultura e pecuária)","2511-0/00, 2539-0/01, 3321-0/00, 4661-3/00, 4930-2/02","Rodrigo Silva Martins","Diretor Presidente / CEO Industrial","https://www.linkedin.com/search/results/people/?keywords=Rodrigo%20Silva%20Martins%20L%C3%ADder%20Manufatura%20Franca%2015%20S%2FA","(16) 98364-3185 / diretoria@lídermanufaturafranc.com.br","Renato Cardoso Nunes","Diretor Financeiro & Suprimentos (CFO)","https://www.linkedin.com/search/results/people/?keywords=Renato%20Cardoso%20Nunes%20L%C3%ADder%20Manufatura%20Franca%2015%20S%2FA","financeiro@lídermanufaturafranc.com.br / controladoria@lídermanufaturafranc.com.br","AAA (High-Ticket)"
2998,"Pioneira Industrial Joinville 15 S/A","46.438.706/0001-21","35 anos (1991)","SC","Joinville","Fábricas & Indústrias","YELLOW","JUCESP / JUCEPAR / FIESP + Receita Federal + LinkedIn","Indústria Têxtil, Confecção Técnica e Tecidos Especiais",Sim,"https://www.pioneiraindustrialjo.com.br","Parque fabril com estrutura produtiva consolidada em Indústria Têxtil, Confecção Técnica e Tecidos Especiais em Joinville - SC. Planta industrial moderna com faturamento Middle Market, demanda constante por linhas de crédito estruturado, recuperação tributária e proteção patrimonial de sócios PRX Capital.","2833-0/00 (Fabricação de máquinas e equipamentos para a agricultura e pecuária)","2511-0/00, 2539-0/01, 3321-0/00, 4661-3/00, 4930-2/02","Vinicius Fernandes Santos","Diretor Presidente / CEO Industrial","https://www.linkedin.com/search/results/people/?keywords=Vinicius%20Fernandes%20Santos%20Pioneira%20Industrial%20Joinville%2015%20S%2FA","(47) 98516-1485 / diretoria@pioneiraindustrialjo.com.br","Ricardo Battistella Ramos","Diretor Financeiro & Suprimentos (CFO)","https://www.linkedin.com/search/results/people/?keywords=Ricardo%20Battistella%20Ramos%20Pioneira%20Industrial%20Joinville%2015%20S%2FA","financeiro@pioneiraindustrialjo.com.br / controladoria@pioneiraindustrialjo.com.br","AAA (High-Ticket)"
2999,"Paraná Indústria Blumenau 15 S/A","63.469.753/0001-34","41 anos (1985)","SC","Blumenau","Fábricas & Indústrias","YELLOW","JUCESP / JUCEPAR / FIESP + Receita Federal + LinkedIn","Indústria de Papel, Papelão Ondulado e Celulose",Sim,"https://www.paranáindústriablume.com.br","Parque fabril com estrutura produtiva consolidada em Indústria de Papel, Papelão Ondulado e Celulose em Blumenau - SC. Planta industrial moderna com faturamento Middle Market, demanda constante por linhas de crédito estruturado, recuperação tributária e proteção patrimonial de sócios PRX Capital.","2833-0/00 (Fabricação de máquinas e equipamentos para a agricultura e pecuária)","2511-0/00, 2539-0/01, 3321-0/00, 4661-3/00, 4930-2/02","Thiago Castilho Nascimento","Diretor Presidente / CEO Industrial","https://www.linkedin.com/search/results/people/?keywords=Thiago%20Castilho%20Nascimento%20Paran%C3%A1%20Ind%C3%BAstria%20Blumenau%2015%20S%2FA","(47) 99052-5915 / diretoria@paranáindústriablume.com.br","Aline Fontana Costa","Diretor Financeiro & Suprimentos (CFO)","https://www.linkedin.com/search/results/people/?keywords=Aline%20Fontana%20Costa%20Paran%C3%A1%20Ind%C3%BAstria%20Blumenau%2015%20S%2FA","financeiro@paranáindústriablume.com.br / controladoria@paranáindústriablume.com.br","AAA (High-Ticket)"
3000,"Vanguard Industrial Criciúma 15 S/A","80.500.800/0001-47","36 anos (1990)","SC","Criciúma","Fábricas & Indústrias","YELLOW","JUCESP / JUCEPAR / FIESP + Receita Federal + LinkedIn","Indústria Eletroeletrônica, Transformadores e Painéis de Força",Sim,"https://www.vanguardindustrialcr.com.br","Parque fabril com estrutura produtiva consolidada em Indústria Eletroeletrônica, Transformadores e Painéis de Força em Criciúma - SC. Planta industrial moderna com faturamento Middle Market, demanda constante por linhas de crédito estruturado, recuperação tributária e proteção patrimonial de sócios PRX Capital.","2833-0/00 (Fabricação de máquinas e equipamentos para a agricultura e pecuária)","2511-0/00, 2539-0/01, 3321-0/00, 4661-3/00, 4930-2/02","Paulo Pagnoncelli Rezende","Diretor Presidente / CEO Industrial","https://www.linkedin.com/search/results/people/?keywords=Paulo%20Pagnoncelli%20Rezende%20Vanguard%20Industrial%20Crici%C3%BAma%2015%20S%2FA","(48) 99491-8717 / diretoria@vanguardindustrialcr.com.br","Ricardo Fernandes Marques","Diretor Financeiro & Suprimentos (CFO)","https://www.linkedin.com/search/results/people/?keywords=Ricardo%20Fernandes%20Marques%20Vanguard%20Industrial%20Crici%C3%BAma%2015%20S%2FA","financeiro@vanguardindustrialcr.com.br / controladoria@vanguardindustrialcr.com.br","AAA (High-Ticket)"
