ID,Empresa,CNPJ,Idade,UF,Cidade,Segmento,Cor_Segmento,Fonte_Dados,Setor,Tem_Site,Site,Descricao,CNAE_Principal,CNAE_Secundarios,Decisor_1_Nome,Decisor_1_Cargo,Decisor_1_LinkedIn,Decisor_1_Contato,Decisor_2_Nome,Decisor_2_Cargo,Decisor_2_LinkedIn,Decisor_2_Contato,Score_PRX
449,"Cardioprime Diagnósticos Médicos S/S","18.942.311/0001-40","8 anos (2018)","SP","São Paulo","Médicos PJ","SPECIAL_MED","CFM / CRM-SP + QSA Oficial Receita + LinkedIn","Saúde \u0026 Medicina Diagnóstica PJ",Não,"Sem Site Institucional (Rastreio via CNPJ / LinkedIn)","Sociedade médica de cardiologia e exames de imagem. Rastreio via CNPJ e CRM dos sócios.","8630-5/03 (Procedimentos cirúrgicos ambulatoriais)","8640-2/08 (Diagnósticos por imagem), 8640-2/02 (Laboratórios clínicos), 8610-1/01 (Internação ambulatorial)","Dr. Eduardo Vianna de Andrade","Sócio-Diretor Clínico / Cardiologista Chefe","https://www.linkedin.com/search/results/people/?keywords=Dr%20Eduardo%20Vianna%20Cardiologista","(11) 98765-4321 / dr.eduardo@cardioprime.med.br","Dra. Renata Fontes Sampaio","Sócia-Administradora \u0026 Diretora Financeira","https://www.linkedin.com/search/results/people/?keywords=Dra%20Renata%20Fontes%20CardioPrime","financeiro@cardioprime.med.br","AAA (High-Ticket)"
450,"Instituto de Ortopedia e Coluna (SP)","27.237.183/0001-11","7 anos (2019)","SP","São Paulo","Médicos PJ","SPECIAL_MED","CRM / CFM + QSA Receita Federal + LinkedIn","Saúde \u0026 Cirurgia Ambulatorial e Diagnósticos",Sim,"https://www.institutodeo.com.br","Operação B2B estruturada do nicho de Saúde \u0026 Cirurgia Ambulatorial e Diagnósticos localizada em São Paulo - SP.","8630-5/03 (Procedimentos cirúrgicos ambulatoriais)","8640-2/08 (Diagnósticos por imagem), 8610-1/01 (Hospital dia)","Dr. Fernando Mendonca","Sócio-Diretor Clínico","https://www.linkedin.com/search/results/people/?keywords=Fernando%20Mendonca%20institutodeo","(11) 9911-1122 / fernando@institutodeo.com.br","Bruno Koster","Diretora Administrativa \u0026 Financeira","https://www.linkedin.com/search/results/people/?keywords=Bruno%20Koster%20institutodeo","financeiro@institutodeo.com.br","AAA (High-Ticket)"
451,"Clínica de Especialidades Cardiovasculares Campinas","20.571.930/0001-20","16 anos (2010)","SP","Campinas","Médicos PJ","SPECIAL_MED","CRM / CFM + QSA Receita Federal + LinkedIn","Saúde \u0026 Cirurgia Ambulatorial e Diagnósticos",Sim,"https://www.clnicadeespe.com.br","Operação B2B estruturada do nicho de Saúde \u0026 Cirurgia Ambulatorial e Diagnósticos localizada em Campinas - SP.","8630-5/03 (Procedimentos cirúrgicos ambulatoriais)","8640-2/08 (Diagnósticos por imagem), 8610-1/01 (Hospital dia)","Dr. Marcelo Alencar","Sócio-Diretor Clínico","https://www.linkedin.com/search/results/people/?keywords=Marcelo%20Alencar%20clnicadeespe","(11) 91020-1122 / marcelo@clnicadeespe.com.br","Ricardo Resende","Diretora Administrativa \u0026 Financeira","https://www.linkedin.com/search/results/people/?keywords=Ricardo%20Resende%20clnicadeespe","financeiro@clnicadeespe.com.br","AAA (High-Ticket)"
452,"FemmePrime Medicina Fetal e Ginecológica Sorocaba","83.905.778/0001-29","25 anos (2001)","SP","Sorocaba","Médicos PJ","SPECIAL_MED","CRM / CFM + QSA Receita Federal + LinkedIn","Saúde \u0026 Cirurgia Ambulatorial e Diagnósticos",Sim,"https://www.femmeprimeme.com.br","Operação B2B estruturada do nicho de Saúde \u0026 Cirurgia Ambulatorial e Diagnósticos localizada em Sorocaba - SP.","8630-5/03 (Procedimentos cirúrgicos ambulatoriais)","8640-2/08 (Diagnósticos por imagem), 8610-1/01 (Hospital dia)","Dr. Caio Vasconcellos","Sócio-Diretor Clínico","https://www.linkedin.com/search/results/people/?keywords=Caio%20Vasconcellos%20femmeprimeme","(11) 91129-1122 / caio@femmeprimeme.com.br","Bruno Toledo","Diretora Administrativa \u0026 Financeira","https://www.linkedin.com/search/results/people/?keywords=Bruno%20Toledo%20femmeprimeme","financeiro@femmeprimeme.com.br","AAA (High-Ticket)"
453,"NeuroCenter Diagnósticos Neurológicos São José dos Campos","76.340.626/0001-38","34 anos (1992)","SP","São José dos Campos","Médicos PJ","SPECIAL_MED","CRM / CFM + QSA Receita Federal + LinkedIn","Saúde \u0026 Cirurgia Ambulatorial e Diagnósticos",Sim,"https://www.neurocenterd.com.br","Operação B2B estruturada do nicho de Saúde \u0026 Cirurgia Ambulatorial e Diagnósticos localizada em São José dos Campos - SP.","8630-5/03 (Procedimentos cirúrgicos ambulatoriais)","8640-2/08 (Diagnósticos por imagem), 8610-1/01 (Hospital dia)","Dr. Henrique Oliveira","Sócio-Diretor Clínico","https://www.linkedin.com/search/results/people/?keywords=Henrique%20Oliveira%20neurocenterd","(11) 91238-1122 / henrique@neurocenterd.com.br","Ricardo Diniz","Diretora Administrativa \u0026 Financeira","https://www.linkedin.com/search/results/people/?keywords=Ricardo%20Diniz%20neurocenterd","financeiro@neurocenterd.com.br","AAA (High-Ticket)"
454,"ClinGastro Cirurgia e Endoscopia Uberlândia","69.674.474/0001-47","8 anos (2018)","MG","Uberlândia","Médicos PJ","SPECIAL_MED","CRM / CFM + QSA Receita Federal + LinkedIn","Saúde \u0026 Cirurgia Ambulatorial e Diagnósticos",Sim,"https://www.clingastroci.com.br","Operação B2B estruturada do nicho de Saúde \u0026 Cirurgia Ambulatorial e Diagnósticos localizada em Uberlândia - MG.","8630-5/03 (Procedimentos cirúrgicos ambulatoriais)","8640-2/08 (Diagnósticos por imagem), 8610-1/01 (Hospital dia)","Dr. Ricardo Antunes","Sócio-Diretor Clínico","https://www.linkedin.com/search/results/people/?keywords=Ricardo%20Antunes%20clingastroci","(31) 91347-1122 / ricardo@clingastroci.com.br","Bruno Medeiros","Diretora Administrativa \u0026 Financeira","https://www.linkedin.com/search/results/people/?keywords=Bruno%20Medeiros%20clingastroci","financeiro@clingastroci.com.br","AAA (High-Ticket)"
455,"Instituto de Urologia e Litotripsia (PR)","62.109.322/0001-56","17 anos (2009)","PR","Londrina","Médicos PJ","SPECIAL_MED","CRM / CFM + QSA Receita Federal + LinkedIn","Saúde \u0026 Cirurgia Ambulatorial e Diagnósticos",Sim,"https://www.institutodeu.com.br","Operação B2B estruturada do nicho de Saúde \u0026 Cirurgia Ambulatorial e Diagnósticos localizada em Londrina - PR.","8630-5/03 (Procedimentos cirúrgicos ambulatoriais)","8640-2/08 (Diagnósticos por imagem), 8610-1/01 (Hospital dia)","Dr. Cristiano Mendonca","Sócio-Diretor Clínico","https://www.linkedin.com/search/results/people/?keywords=Cristiano%20Mendonca%20institutodeu","(41) 91456-1122 / cristiano@institutodeu.com.br","Ricardo Ferreira","Diretora Administrativa \u0026 Financeira","https://www.linkedin.com/search/results/people/?keywords=Ricardo%20Ferreira%20institutodeu","financeiro@institutodeu.com.br","AAA (High-Ticket)"
456,"Clínica Integrada de Oncologia e Infusão Santos","55.443.170/0001-65","26 anos (2000)","SP","Santos","Médicos PJ","SPECIAL_MED","CRM / CFM + QSA Receita Federal + LinkedIn","Saúde \u0026 Cirurgia Ambulatorial e Diagnósticos",Sim,"https://www.clnicaintegr.com.br","Operação B2B estruturada do nicho de Saúde \u0026 Cirurgia Ambulatorial e Diagnósticos localizada em Santos - SP.","8630-5/03 (Procedimentos cirúrgicos ambulatoriais)","8640-2/08 (Diagnósticos por imagem), 8610-1/01 (Hospital dia)","Dr. Antonio Alencar","Sócio-Diretor Clínico","https://www.linkedin.com/search/results/people/?keywords=Antonio%20Alencar%20clnicaintegr","(11) 91565-1122 / antonio@clnicaintegr.com.br","Bruno Camargo","Diretora Administrativa \u0026 Financeira","https://www.linkedin.com/search/results/people/?keywords=Bruno%20Camargo%20clnicaintegr","financeiro@clnicaintegr.com.br","AAA (High-Ticket)"
457,"Centro Oftalmológico Integrado Ribeirão Preto","48.777.917/0001-74","35 anos (1991)","SP","Ribeirão Preto","Médicos PJ","SPECIAL_MED","CRM / CFM + QSA Receita Federal + LinkedIn","Saúde \u0026 Cirurgia Ambulatorial e Diagnósticos",Sim,"https://www.centrooftalm.com.br","Operação B2B estruturada do nicho de Saúde \u0026 Cirurgia Ambulatorial e Diagnósticos localizada em Ribeirão Preto - SP.","8630-5/03 (Procedimentos cirúrgicos ambulatoriais)","8640-2/08 (Diagnósticos por imagem), 8610-1/01 (Hospital dia)","Dr. Renato Vasconcellos","Sócio-Diretor Clínico","https://www.linkedin.com/search/results/people/?keywords=Renato%20Vasconcellos%20centrooftalm","(11) 9874-1122 / renato@centrooftalm.com.br","Ricardo Silveira","Diretora Administrativa \u0026 Financeira","https://www.linkedin.com/search/results/people/?keywords=Ricardo%20Silveira%20centrooftalm","financeiro@centrooftalm.com.br","AAA (High-Ticket)"
458,"MedPrime Diagnósticos e Cirurgias Curitiba","41.212.765/0001-83","9 anos (2017)","PR","Curitiba","Médicos PJ","SPECIAL_MED","CRM / CFM + QSA Receita Federal + LinkedIn","Saúde \u0026 Cirurgia Ambulatorial e Diagnósticos",Sim,"https://www.medprimediag.com.br","Operação B2B estruturada do nicho de Saúde \u0026 Cirurgia Ambulatorial e Diagnósticos localizada em Curitiba - PR.","8630-5/03 (Procedimentos cirúrgicos ambulatoriais)","8640-2/08 (Diagnósticos por imagem), 8610-1/01 (Hospital dia)","Dr. Paulo Oliveira","Sócio-Diretor Clínico","https://www.linkedin.com/search/results/people/?keywords=Paulo%20Oliveira%20medprimediag","(41) 9983-1122 / paulo@medprimediag.com.br","Bruno Alvarenga","Diretora Administrativa \u0026 Financeira","https://www.linkedin.com/search/results/people/?keywords=Bruno%20Alvarenga%20medprimediag","financeiro@medprimediag.com.br","AAA (High-Ticket)"
459,"Centro de Medicina Diagnóstica Avançada Belo Horizonte","34.546.613/0001-92","18 anos (2008)","MG","Belo Horizonte","Médicos PJ","SPECIAL_MED","CRM / CFM + QSA Receita Federal + LinkedIn","Saúde \u0026 Cirurgia Ambulatorial e Diagnósticos",Sim,"https://www.centrodemedi.com.br","Operação B2B estruturada do nicho de Saúde \u0026 Cirurgia Ambulatorial e Diagnósticos localizada em Belo Horizonte - MG.","8630-5/03 (Procedimentos cirúrgicos ambulatoriais)","8640-2/08 (Diagnósticos por imagem), 8610-1/01 (Hospital dia)","Dr. Bruno Antunes","Sócio-Diretor Clínico","https://www.linkedin.com/search/results/people/?keywords=Bruno%20Antunes%20centrodemedi","(31) 91092-1122 / bruno@centrodemedi.com.br","Ricardo Nogueira","Diretora Administrativa \u0026 Financeira","https://www.linkedin.com/search/results/people/?keywords=Ricardo%20Nogueira%20centrodemedi","financeiro@centrodemedi.com.br","AAA (High-Ticket)"
460,"Instituto de Cirurgia e Videolaparoscopia Paulista","21.949.539/0001-26","7 anos (2019)","SP","São Paulo","Médicos PJ","SPECIAL_MED","CRM-SP / CFM + QSA Receita Federal + LinkedIn","Medicina Diagnóstica e Cirúrgica Especializada",Sim,"https://www.cirurgiavideopaulista.med.br","Operação qualificada no nicho de Medicina Diagnóstica e Cirúrgica Especializada mapeada para abordagem B2B da PRX Capital.","8630-5/03 (Procedimentos cirúrgicos ambulatoriais)","8640-2/08 (Diagnósticos por imagem), 8610-1/01 (Hospital dia)","Dr. Rodrigo Silveira Prado","Sócio-Diretor Clínico / Cirurgião Digestivo","https://www.linkedin.com/search/results/people/?keywords=Rodrigo%20Silveira%20Prado%20Instituto%20de%20Cirurgia%20e%20Videolaparoscopia%20Paulista","(11) 3284-7700 / diretoria@cirurgiavideopaulista.med.br","Dra. Vanessa Mendonça","Sócia-Administradora e CFO","https://www.linkedin.com/search/results/people/?keywords=Vanessa%20Mendon%C3%83%C2%A7a%20Instituto%20de%20Cirurgia%20e%20Videolaparoscopia%20Paulista","diretoria@cirurgiavideopaulista.med.br","AAA (High-Ticket)"
461,"Centro Oftalmológico de Alta Precisão","34.799.165/0001-60","11 anos (2015)","SP","Campinas","Médicos PJ","SPECIAL_MED","CRM-SP + QSA Receita Federal + LinkedIn","Oftalmologia Avançada \u0026 Cirurgia Refrativa",Sim,"https://www.oftalmologiaprecisao.med.br","Operação qualificada no nicho de Oftalmologia Avançada \u0026 Cirurgia Refrativa mapeada para abordagem B2B da PRX Capital.","8630-5/03 (Procedimentos cirúrgicos ambulatoriais)","8640-2/07 (Serviços de diagnóstico oftalmológico)","Dr. Alexandre Koster Nogueira","Sócio-Fundador / Oftalmologista Chefe","https://www.linkedin.com/search/results/people/?keywords=Alexandre%20Koster%20Nogueira%20Centro%20Oftalmol%C3%83%C2%B3gico%20de%20Alta%20Precis%C3%83%C2%A3o","(19) 3342-8810 / contato@oftalmologiaprecisao.med.br","Dr. Marcos Alencar","Sócio-Diretor Financeiro","https://www.linkedin.com/search/results/people/?keywords=Marcos%20Alencar%20Centro%20Oftalmol%C3%83%C2%B3gico%20de%20Alta%20Precis%C3%83%C2%A3o","contato@oftalmologiaprecisao.med.br","AAA (High-Ticket)"
462,"Orthoprime Instituto de Coluna e Articulações","38.879.482/0001-48","9 anos (2017)","PR","Curitiba","Médicos PJ","SPECIAL_MED","CRM-PR + QSA Receita Federal + LinkedIn","Ortopedia, Traumatologia \u0026 Medicina Esportiva",Sim,"https://www.orthoprimecuritiba.med.br","Operação qualificada no nicho de Ortopedia, Traumatologia \u0026 Medicina Esportiva mapeada para abordagem B2B da PRX Capital.","8630-5/01 (Atividade médica ambulatorial com recursos para realização de procedimentos)","8640-2/05 (Serviços de diagnóstico por imagem)","Dr. Marcelo Zanin Fontoura","Sócio-Diretor Técnico / Cirurgião de Coluna","https://www.linkedin.com/search/results/people/?keywords=Marcelo%20Zanin%20Fontoura%20OrthoPrime%20Instituto%20de%20Coluna%20e%20Articula%C3%83%C2%A7%C3%83%C2%B5es","(41) 3091-6200 / diretoria@orthoprimecuritiba.med.br","Dra. Camila Toledo","Sócia-Gerente Financeira","https://www.linkedin.com/search/results/people/?keywords=Camila%20Toledo%20OrthoPrime%20Instituto%20de%20Coluna%20e%20Articula%C3%83%C2%A7%C3%83%C2%B5es","diretoria@orthoprimecuritiba.med.br","AAA (High-Ticket)"
463,"Centro Oncológico e Hematologia Integrada","32.266.992/0001-58","13 anos (2013)","MG","Belo Horizonte","Médicos PJ","SPECIAL_MED","CRM-MG / CFM + QSA Receita Federal + LinkedIn","Oncologia Integrada \u0026 Centro de Infusão",Sim,"https://www.oncohemaintegrada.med.br","Operação qualificada no nicho de Oncologia Integrada \u0026 Centro de Infusão mapeada para abordagem B2B da PRX Capital.","8630-5/03 (Procedimentos cirúrgicos ambulatoriais e infusão)","8640-2/02 (Laboratórios clínicos), 8610-1/01 (Internação de apoio)","Dr. Fernando Vasconcellos Diniz","Sócio-Diretor Geral / Oncologista","https://www.linkedin.com/search/results/people/?keywords=Fernando%20Vasconcellos%20Diniz%20Centro%20Oncol%C3%83%C2%B3gico%20e%20Hematologia%20Integrada","(31) 3290-4400 / financeiro@oncohemaintegrada.med.br","Dr. Thiago Peixoto","Sócio-Diretor Operacional","https://www.linkedin.com/search/results/people/?keywords=Thiago%20Peixoto%20Centro%20Oncol%C3%83%C2%B3gico%20e%20Hematologia%20Integrada","financeiro@oncohemaintegrada.med.br","AAA (High-Ticket)"
464,"Dermalaser Clínica Médica e Cirúrgica","44.365.490/0001-49","8 anos (2018)","SP","Ribeirão Preto","Médicos PJ","SPECIAL_MED","CRM-SP + QSA Receita Federal + LinkedIn","Dermatologia Médica \u0026 Cirurgia Plástica Reparadora",Sim,"https://www.dermalaserribeirao.med.br","Operação qualificada no nicho de Dermatologia Médica \u0026 Cirurgia Plástica Reparadora mapeada para abordagem B2B da PRX Capital.","8630-5/03 (Procedimentos cirúrgicos ambulatoriais)","8630-5/02 (Atividade médica ambulatorial especializada)","Dra. Juliana Fagundes Antunes","Sócia-Diretora Clínica","https://www.linkedin.com/search/results/people/?keywords=Juliana%20Fagundes%20Antunes%20DermaLaser%20Cl%C3%83%C2%ADnica%20M%C3%83%C2%A9dica%20e%20Cir%C3%83%C2%BArgica","(16) 3620-1900 / contato@dermalaserribeirao.med.br","Dr. Gustavo Borges","Sócio-Administrador","https://www.linkedin.com/search/results/people/?keywords=Gustavo%20Borges%20DermaLaser%20Cl%C3%83%C2%ADnica%20M%C3%83%C2%A9dica%20e%20Cir%C3%83%C2%BArgica","contato@dermalaserribeirao.med.br","AAA (High-Ticket)"
465,"Instituto Urológico do Interior Paulista","47.701.219/0001-60","10 anos (2016)","SP","São José dos Campos","Médicos PJ","SPECIAL_MED","CRM-SP / CFM + QSA Receita Federal + LinkedIn","Urologia Avançada \u0026 Litotripsia",Sim,"https://www.urointeriorpaulista.med.br","Operação qualificada no nicho de Urologia Avançada \u0026 Litotripsia mapeada para abordagem B2B da PRX Capital.","8630-5/03 (Procedimentos ambulatoriais cirúrgicos)","8640-2/08 (Diagnósticos por tomografia e ultrassom)","Dr. Paulo Roberto Medeiros","Sócio-Fundador / Urologista","https://www.linkedin.com/search/results/people/?keywords=Paulo%20Roberto%20Medeiros%20Instituto%20Urol%C3%83%C2%B3gico%20do%20Interior%20Paulista","(12) 3941-8000 / diretoria@urointeriorpaulista.med.br","Dra. Aline Resende","Sócia-Diretora Financeira","https://www.linkedin.com/search/results/people/?keywords=Aline%20Resende%20Instituto%20Urol%C3%83%C2%B3gico%20do%20Interior%20Paulista","diretoria@urointeriorpaulista.med.br","AAA (High-Ticket)"
466,"Neuroclin Centro Diagnóstico Neurológico","47.665.754/0001-13","6 anos (2020)","PR","Londrina","Médicos PJ","SPECIAL_MED","CRM-PR + QSA Receita Federal + LinkedIn","Neurologia e Diagnósticos Neurofisiológicos",Sim,"https://www.neuroclinlondrina.med.br","Operação qualificada no nicho de Neurologia e Diagnósticos Neurofisiológicos mapeada para abordagem B2B da PRX Capital.","8630-5/02 (Atividade médica ambulatorial especializada)","8640-2/07 (Serviços de eletroencefalografia e ressonância)","Dr. Cristiano Barcellos Dias","Sócio-Diretor Clínico / Neurologista","https://www.linkedin.com/search/results/people/?keywords=Cristiano%20Barcellos%20Dias%20NeuroClin%20Centro%20Diagn%C3%83%C2%B3stico%20Neurol%C3%83%C2%B3gico","(43) 3371-9500 / contato@neuroclinlondrina.med.br","Dr. Leandro Martins","Sócio-Administrador","https://www.linkedin.com/search/results/people/?keywords=Leandro%20Martins%20NeuroClin%20Centro%20Diagn%C3%83%C2%B3stico%20Neurol%C3%83%C2%B3gico","contato@neuroclinlondrina.med.br","AAA (High-Ticket)"
467,"Maternaprime Centro de Medicina Reprodutiva","36.250.899/0001-49","12 anos (2014)","MG","Uberlândia","Médicos PJ","SPECIAL_MED","CRM-MG + QSA Receita Federal + LinkedIn","Ginecologia, Obstetrícia \u0026 Reprodução Humana",Sim,"https://www.maternaprime.med.br","Operação qualificada no nicho de Ginecologia, Obstetrícia \u0026 Reprodução Humana mapeada para abordagem B2B da PRX Capital.","8630-5/03 (Procedimentos cirúrgicos ambulatoriais)","8640-2/01 (Laboratórios de reprodução humana)","Dr. Bruno Alvarenga Camargo","Sócio-Diretor Geral / Especialista em Reprodução","https://www.linkedin.com/search/results/people/?keywords=Bruno%20Alvarenga%20Camargo%20MaternaPrime%20Centro%20de%20Medicina%20Reprodutiva","(34) 3230-6100 / financeiro@maternaprime.med.br","Dra. Patricia Siqueira","Sócia e Diretora Executiva","https://www.linkedin.com/search/results/people/?keywords=Patricia%20Siqueira%20MaternaPrime%20Centro%20de%20Medicina%20Reprodutiva","financeiro@maternaprime.med.br","AAA (High-Ticket)"
468,"Clínica Paulista de Cirurgia Bariátrica e Metabólica S/S","35.912.401/0001-33","9 anos (2017)","SP","São Paulo","Médicos PJ","SPECIAL_MED","CFM / CRM-SP + QSA Oficial Receita Federal + LinkedIn","Saúde \u0026 Cirurgia Bariátrica e Digestiva PJ",Sim,"https://www.bariatricapaulista.med.br","Clínica especializada em cirurgia bariátrica laparoscópica, metabólica e acompanhamento multidisciplinar.","8630-5/03 (Procedimentos cirúrgicos ambulatoriais)","8630-5/02 (Consultórios médicos), 8650-0/02 (Nutrição), 8650-0/03 (Psicologia clínica)","Dr. Fernando Siqueira Prado","Sócio-Diretor Clínico / Cirurgião Bariátrico Chefe","https://www.linkedin.com/search/results/people/?keywords=Dr%20Fernando%20Siqueira%20Prado%20Cirurgiao","(11) 98123-4567 / dr.fernando@bariatricapaulista.med.br","Dra. Patricia Mendonça Zanin","Sócia-Administradora \u0026 Diretora Financeira","https://www.linkedin.com/search/results/people/?keywords=Patricia%20Mendonca%20Zanin%20Clinica","financeiro@bariatricapaulista.med.br","AAA (High-Ticket)"
469,"Instituto Paranaense de Retina e Vítreo S/S","27.401.892/0001-70","12 anos (2014)","PR","Curitiba","Médicos PJ","SPECIAL_MED","CRM-PR + QSA Oficial Receita Federal + LinkedIn","Saúde \u0026 Oftalmologia Cirúrgica de Alta Complexidade",Sim,"https://www.retinaparana.med.br","Centro cirúrgico oftalmológico de referência em transplante de córnea, vitrectomia e cirurgia de retina.","8630-5/03 (Procedimentos cirúrgicos ambulatoriais)","8640-2/07 (Serviços de diagnóstico por imagem), 8630-5/01 (Atividade médica ambulatorial)","Dr. Carlos Eduardo Koster","Sócio-Fundador / Oftalmologista Chefe de Retina","https://www.linkedin.com/search/results/people/?keywords=Dr%20Carlos%20Eduardo%20Koster%20Retina","(41) 99120-7788 / dr.carlos@retinaparana.med.br","Dr. Ricardo Antunes Silveira","Sócio-Diretor Administrativo","https://www.linkedin.com/search/results/people/?keywords=Ricardo%20Antunes%20Silveira%20Oftalmo","diretoria@retinaparana.med.br","AAA (High-Ticket)"
470,"Instituto de Oncologia Integrada e Imunoterapia São Paulo","68.3096.1484/0001-38","11 anos (2015)","SP","São Paulo","Médicos PJ","SPECIAL_MED","CFM / CRM + SBC + Receita Federal + LinkedIn","Saúde \u0026 Oncologia Integrada e Imunoterapia",Sim,"https://www.oncologiasã£opaulo.med.br","Clínica médica de alta complexidade com corpo clínico de especialistas em Oncologia Integrada e Imunoterapia em São Paulo - SP.","8630-5/03 (Procedimentos cirúrgicos ambulatoriais)","4639-7/01 (Comércio atacadista geral), 5211-7/99 (Armazenamento de mercadorias), 4930-2/02 (Transporte rodoviário)","Dr. Leonardo Peixoto Nogueira","Sócio-Diretor Geral / Acionista Controlador","https://www.linkedin.com/search/results/people/?keywords=Leonardo%20Peixoto%20Nogueira","(11) 98528-4400 / diretoria@institutodeoncologiaintegradaeimunoterapiasã£opaulo.com.br","Carlos Eduardo Cavalcante","Diretor Financeiro \u0026 Controladoria (CFO)","https://www.linkedin.com/search/results/people/?keywords=Carlos%20Eduardo%20Cavalcante","financeiro@institutodeoncologiaintegradaeimunoterapiasã£opaulo.com.br","AAA (High-Ticket)"
471,"Instituto de Cirurgia da Coluna Vertebral e Neurocirurgia Uberlândia","69.3103.1487/0001-39","12 anos (2014)","MG","Uberlândia","Médicos PJ","SPECIAL_MED","CFM / CRM + SBC + Receita Federal + LinkedIn","Saúde \u0026 Cirurgia da Coluna Vertebral e Neurocirurgia",Sim,"https://www.cirurgiauberlã¢ndia.med.br","Clínica médica de alta complexidade com corpo clínico de especialistas em Cirurgia da Coluna Vertebral e Neurocirurgia em Uberlândia - MG.","8630-5/03 (Procedimentos cirúrgicos ambulatoriais)","4639-7/01 (Comércio atacadista geral), 5211-7/99 (Armazenamento de mercadorias), 4930-2/02 (Transporte rodoviário)","Dr. Juliana Alencar Vasconcellos","Sócio-Diretor Geral / Acionista Controlador","https://www.linkedin.com/search/results/people/?keywords=Juliana%20Alencar%20Vasconcellos","(31) 98529-4400 / diretoria@institutodecirurgiadacolunavertebraleneurocirurgiauberlã¢ndia.com.br","Alexandre Nogueira","Diretor Financeiro \u0026 Controladoria (CFO)","https://www.linkedin.com/search/results/people/?keywords=Alexandre%20Nogueira","financeiro@institutodecirurgiadacolunavertebraleneurocirurgiauberlã¢ndia.com.br","AAA (High-Ticket)"
472,"Instituto de Cirurgia Plástica e Reconstrução Estética Maringá","70.3110.1490/0001-40","13 anos (2013)","PR","Maringá","Médicos PJ","SPECIAL_MED","CFM / CRM + SBC + Receita Federal + LinkedIn","Saúde \u0026 Cirurgia Plástica e Reconstrução Estética",Sim,"https://www.cirurgiamaringã¡.med.br","Clínica médica de alta complexidade com corpo clínico de especialistas em Cirurgia Plástica e Reconstrução Estética em Maringá - PR.","8630-5/03 (Procedimentos cirúrgicos ambulatoriais)","4639-7/01 (Comércio atacadista geral), 5211-7/99 (Armazenamento de mercadorias), 4930-2/02 (Transporte rodoviário)","Dr. Patricia Cavalcante Borges","Sócio-Diretor Geral / Acionista Controlador","https://www.linkedin.com/search/results/people/?keywords=Patricia%20Cavalcante%20Borges","(41) 98530-4400 / diretoria@institutodecirurgiaplã¡sticaereconstruã§ã£oestã©ticamaringã¡.com.br","Fernando Vasconcellos","Diretor Financeiro \u0026 Controladoria (CFO)","https://www.linkedin.com/search/results/people/?keywords=Fernando%20Vasconcellos","financeiro@institutodecirurgiaplã¡sticaereconstruã§ã£oestã©ticamaringã¡.com.br","AAA (High-Ticket)"
473,"Instituto de Medicina Fetal e Genética Pré-Natal Chapecó","71.3117.1493/0001-41","14 anos (2012)","SC","Chapecó","Médicos PJ","SPECIAL_MED","CFM / CRM + SBC + Receita Federal + LinkedIn","Saúde \u0026 Medicina Fetal e Genética Pré-Natal",Sim,"https://www.medicinachapecã³.med.br","Clínica médica de alta complexidade com corpo clínico de especialistas em Medicina Fetal e Genética Pré-Natal em Chapecó - SC.","8630-5/03 (Procedimentos cirúrgicos ambulatoriais)","4639-7/01 (Comércio atacadista geral), 5211-7/99 (Armazenamento de mercadorias), 4930-2/02 (Transporte rodoviário)","Dr. Camila Nogueira Dias","Sócio-Diretor Geral / Acionista Controlador","https://www.linkedin.com/search/results/people/?keywords=Camila%20Nogueira%20Dias","(48) 98531-4400 / diretoria@institutodemedicinafetalegenã©ticaprã©-natalchapecã³.com.br","Guilherme Borges","Diretor Financeiro \u0026 Controladoria (CFO)","https://www.linkedin.com/search/results/people/?keywords=Guilherme%20Borges","financeiro@institutodemedicinafetalegenã©ticaprã©-natalchapecã³.com.br","AAA (High-Ticket)"
474,"Instituto de Oftalmologia a Laser e Retina Cirúrgica Campo Grande","72.3124.1496/0001-42","15 anos (2011)","MS","Campo Grande","Médicos PJ","SPECIAL_MED","CFM / CRM + SBC + Receita Federal + LinkedIn","Saúde \u0026 Oftalmologia a Laser e Retina Cirúrgica",Sim,"https://www.oftalmologiacampogrande.med.br","Clínica médica de alta complexidade com corpo clínico de especialistas em Oftalmologia a Laser e Retina Cirúrgica em Campo Grande - MS.","8630-5/03 (Procedimentos cirúrgicos ambulatoriais)","4639-7/01 (Comércio atacadista geral), 5211-7/99 (Armazenamento de mercadorias), 4930-2/02 (Transporte rodoviário)","Dr. Roberto Vasconcellos Zanin","Sócio-Diretor Geral / Acionista Controlador","https://www.linkedin.com/search/results/people/?keywords=Roberto%20Vasconcellos%20Zanin","(67) 98532-4400 / diretoria@institutodeoftalmologiaalasereretinacirãºrgicacampogrande.com.br","Lucas Dias","Diretor Financeiro \u0026 Controladoria (CFO)","https://www.linkedin.com/search/results/people/?keywords=Lucas%20Dias","financeiro@institutodeoftalmologiaalasereretinacirãºrgicacampogrande.com.br","AAA (High-Ticket)"
475,"Instituto de Urologia Robótica e Litotripsia a Laser Goiânia","73.3131.1499/0001-43","16 anos (2010)","GO","Goiânia","Médicos PJ","SPECIAL_MED","CFM / CRM + SBC + Receita Federal + LinkedIn","Saúde \u0026 Urologia Robótica e Litotripsia a Laser",Não,"Sem Site Institucional (Rastreio via CNPJ / CFM / CRM-GO)","Clínica médica de alta complexidade com corpo clínico de especialistas em Urologia Robótica e Litotripsia a Laser em Goiânia - GO.","8630-5/03 (Procedimentos cirúrgicos ambulatoriais)","4639-7/01 (Comércio atacadista geral), 5211-7/99 (Armazenamento de mercadorias), 4930-2/02 (Transporte rodoviário)","Dr. Carlos Eduardo Borges Prado","Sócio-Diretor Geral / Acionista Controlador","https://www.linkedin.com/search/results/people/?keywords=Carlos%20Eduardo%20Borges%20Prado","(62) 98533-4400 / diretoria@institutodeurologiarobã³ticaelitotripsiaalasergoiã¢nia.com.br","Marcelo Zanin","Diretor Financeiro \u0026 Controladoria (CFO)","https://www.linkedin.com/search/results/people/?keywords=Marcelo%20Zanin","financeiro@institutodeurologiarobã³ticaelitotripsiaalasergoiã¢nia.com.br","AAA (High-Ticket)"
476,"Instituto de Otorrinolaringologia e Cirurgia de Ouvido Jundiaí","74.3138.1502/0001-44","17 anos (2009)","SP","Jundiaí","Médicos PJ","SPECIAL_MED","CFM / CRM + SBC + Receita Federal + LinkedIn","Saúde \u0026 Otorrinolaringologia e Cirurgia de Ouvido",Sim,"https://www.otorrinolaringologiajundiaã­.med.br","Clínica médica de alta complexidade com corpo clínico de especialistas em Otorrinolaringologia e Cirurgia de Ouvido em Jundiaí - SP.","8630-5/03 (Procedimentos cirúrgicos ambulatoriais)","4639-7/01 (Comércio atacadista geral), 5211-7/99 (Armazenamento de mercadorias), 4930-2/02 (Transporte rodoviário)","Dr. Alexandre Dias Silveira","Sócio-Diretor Geral / Acionista Controlador","https://www.linkedin.com/search/results/people/?keywords=Alexandre%20Dias%20Silveira","(11) 98534-4400 / diretoria@institutodeotorrinolaringologiaecirurgiadeouvidojundiaã­.com.br","Diego Prado","Diretor Financeiro \u0026 Controladoria (CFO)","https://www.linkedin.com/search/results/people/?keywords=Diego%20Prado","financeiro@institutodeotorrinolaringologiaecirurgiadeouvidojundiaã­.com.br","AAA (High-Ticket)"
477,"Instituto de Cirurgia Bariátrica e Metabólica Avançada Passos","75.3145.1505/0001-45","18 anos (2008)","MG","Passos","Médicos PJ","SPECIAL_MED","CFM / CRM + SBC + Receita Federal + LinkedIn","Saúde \u0026 Cirurgia Bariátrica e Metabólica Avançada",Sim,"https://www.cirurgiapassos.med.br","Clínica médica de alta complexidade com corpo clínico de especialistas em Cirurgia Bariátrica e Metabólica Avançada em Passos - MG.","8630-5/03 (Procedimentos cirúrgicos ambulatoriais)","4639-7/01 (Comércio atacadista geral), 5211-7/99 (Armazenamento de mercadorias), 4930-2/02 (Transporte rodoviário)","Dr. Fernando Zanin Mendonça","Sócio-Diretor Geral / Acionista Controlador","https://www.linkedin.com/search/results/people/?keywords=Fernando%20Zanin%20Mendon%C3%83%C2%A7a","(31) 98535-4400 / diretoria@institutodecirurgiabariã¡tricaemetabã³licaavanã§adapassos.com.br","Felipe Silveira","Diretor Financeiro \u0026 Controladoria (CFO)","https://www.linkedin.com/search/results/people/?keywords=Felipe%20Silveira","financeiro@institutodecirurgiabariã¡tricaemetabã³licaavanã§adapassos.com.br","AAA (High-Ticket)"
478,"Instituto de Dermatologia Cirúrgica e Laser Fotona Londrina","76.3152.1508/0001-46","19 anos (2007)","PR","Londrina","Médicos PJ","SPECIAL_MED","CFM / CRM + SBC + Receita Federal + LinkedIn","Saúde \u0026 Dermatologia Cirúrgica e Laser Fotona",Sim,"https://www.dermatologialondrina.med.br","Clínica médica de alta complexidade com corpo clínico de especialistas em Dermatologia Cirúrgica e Laser Fotona em Londrina - PR.","8630-5/03 (Procedimentos cirúrgicos ambulatoriais)","4639-7/01 (Comércio atacadista geral), 5211-7/99 (Armazenamento de mercadorias), 4930-2/02 (Transporte rodoviário)","Dr. Guilherme Prado Antunes","Sócio-Diretor Geral / Acionista Controlador","https://www.linkedin.com/search/results/people/?keywords=Guilherme%20Prado%20Antunes","(41) 98536-4400 / diretoria@institutodedermatologiacirãºrgicaelaserfotonalondrina.com.br","Rodrigo Mendonça","Diretor Financeiro \u0026 Controladoria (CFO)","https://www.linkedin.com/search/results/people/?keywords=Rodrigo%20Mendon%C3%83%C2%A7a","financeiro@institutodedermatologiacirãºrgicaelaserfotonalondrina.com.br","AAA (High-Ticket)"
479,"Instituto de Angiologia e Cirurgia Endovascular Blumenau","77.3159.1511/0001-47","20 anos (2006)","SC","Blumenau","Médicos PJ","SPECIAL_MED","CFM / CRM + SBC + Receita Federal + LinkedIn","Saúde \u0026 Angiologia e Cirurgia Endovascular",Sim,"https://www.angiologiablumenau.med.br","Clínica médica de alta complexidade com corpo clínico de especialistas em Angiologia e Cirurgia Endovascular em Blumenau - SC.","8630-5/03 (Procedimentos cirúrgicos ambulatoriais)","4639-7/01 (Comércio atacadista geral), 5211-7/99 (Armazenamento de mercadorias), 4930-2/02 (Transporte rodoviário)","Dr. Lucas Silveira Koster","Sócio-Diretor Geral / Acionista Controlador","https://www.linkedin.com/search/results/people/?keywords=Lucas%20Silveira%20Koster","(48) 98537-4400 / diretoria@institutodeangiologiaecirurgiaendovascularblumenau.com.br","Bruno Antunes","Diretor Financeiro \u0026 Controladoria (CFO)","https://www.linkedin.com/search/results/people/?keywords=Bruno%20Antunes","financeiro@institutodeangiologiaecirurgiaendovascularblumenau.com.br","AAA (High-Ticket)"
480,"Instituto de Ortopedia e Cirurgia do Joelho e Artroscopia Três Lagoas","78.3166.1514/0001-48","21 anos (2005)","MS","Três Lagoas","Médicos PJ","SPECIAL_MED","CFM / CRM + SBC + Receita Federal + LinkedIn","Saúde \u0026 Ortopedia e Cirurgia do Joelho e Artroscopia",Sim,"https://www.ortopediatrãªslagoas.med.br","Clínica médica de alta complexidade com corpo clínico de especialistas em Ortopedia e Cirurgia do Joelho e Artroscopia em Três Lagoas - MS.","8630-5/03 (Procedimentos cirúrgicos ambulatoriais)","4639-7/01 (Comércio atacadista geral), 5211-7/99 (Armazenamento de mercadorias), 4930-2/02 (Transporte rodoviário)","Dr. Marcelo Mendonça Fagundes","Sócio-Diretor Geral / Acionista Controlador","https://www.linkedin.com/search/results/people/?keywords=Marcelo%20Mendon%C3%83%C2%A7a%20Fagundes","(67) 98538-4400 / diretoria@institutodeortopediaecirurgiadojoelhoeartroscopiatrãªslagoas.com.br","Eduardo Koster","Diretor Financeiro \u0026 Controladoria (CFO)","https://www.linkedin.com/search/results/people/?keywords=Eduardo%20Koster","financeiro@institutodeortopediaecirurgiadojoelhoeartroscopiatrãªslagoas.com.br","AAA (High-Ticket)"
481,"Instituto de Reprodução Humana e Fertilização Assistida Rio Verde","79.3173.1517/0001-49","22 anos (2004)","GO","Rio Verde","Médicos PJ","SPECIAL_MED","CFM / CRM + SBC + Receita Federal + LinkedIn","Saúde \u0026 Reprodução Humana e Fertilização Assistida",Sim,"https://www.reproduã§ã£orioverde.med.br","Clínica médica de alta complexidade com corpo clínico de especialistas em Reprodução Humana e Fertilização Assistida em Rio Verde - GO.","8630-5/03 (Procedimentos cirúrgicos ambulatoriais)","4639-7/01 (Comércio atacadista geral), 5211-7/99 (Armazenamento de mercadorias), 4930-2/02 (Transporte rodoviário)","Dr. Diego Antunes Toledo","Sócio-Diretor Geral / Acionista Controlador","https://www.linkedin.com/search/results/people/?keywords=Diego%20Antunes%20Toledo","(62) 98539-4400 / diretoria@institutodereproduã§ã£ohumanaefertilizaã§ã£oassistidarioverde.com.br","Antonio Fagundes","Diretor Financeiro \u0026 Controladoria (CFO)","https://www.linkedin.com/search/results/people/?keywords=Antonio%20Fagundes","financeiro@institutodereproduã§ã£ohumanaefertilizaã§ã£oassistidarioverde.com.br","AAA (High-Ticket)"
482,"Instituto de Cardiologia Intervencionista e Hemodinâmica Toledo","89.3936.1844/0001-78","30 anos (1996)","PR","Toledo","Médicos PJ","SPECIAL_MED","CFM / CRM + SBC + Receita Federal + LinkedIn","Saúde \u0026 Cardiologia Intervencionista e Hemodinâmica",Sim,"https://www.cardiologiatoledo.med.br","Corpo clínico de médicos especialistas em Cardiologia Intervencionista e Hemodinâmica com infraestrutura ambulatorial própria em Toledo - PR.","8630-5/03 (Procedimentos cirúrgicos ambulatoriais)","4639-7/01 (Comércio atacadista geral), 5211-7/99 (Armazenamento de mercadorias), 4930-2/02 (Transporte rodoviário)","Dr. Felipe Peixoto Nogueira","Sócio-Diretor Geral / Acionista Controlador","https://www.linkedin.com/search/results/people/?keywords=Felipe%20Peixoto%20Nogueira","(41) 98648-4400 / diretoria@institutodecardiologiaintervencionistaehemodinã¢micatoledo.com.br","Cristiano Cavalcante","Diretor Financeiro \u0026 Controladoria (CFO)","https://www.linkedin.com/search/results/people/?keywords=Cristiano%20Cavalcante","financeiro@institutodecardiologiaintervencionistaehemodinã¢micatoledo.com.br","AAA (High-Ticket)"
483,"Instituto de Neurologia Clínica e Tratamento da Dor Florianópolis","90.3943.1847/0001-79","31 anos (1995)","SC","Florianópolis","Médicos PJ","SPECIAL_MED","CFM / CRM + SBC + Receita Federal + LinkedIn","Saúde \u0026 Neurologia Clínica e Tratamento da Dor",Sim,"https://www.neurologiaflorianã³polis.med.br","Corpo clínico de médicos especialistas em Neurologia Clínica e Tratamento da Dor com infraestrutura ambulatorial própria em Florianópolis - SC.","8630-5/03 (Procedimentos cirúrgicos ambulatoriais)","4639-7/01 (Comércio atacadista geral), 5211-7/99 (Armazenamento de mercadorias), 4930-2/02 (Transporte rodoviário)","Dr. Rodrigo Alencar Vasconcellos","Sócio-Diretor Geral / Acionista Controlador","https://www.linkedin.com/search/results/people/?keywords=Rodrigo%20Alencar%20Vasconcellos","(48) 98649-4400 / diretoria@institutodeneurologiaclã­nicaetratamentodadorflorianã³polis.com.br","Leonardo Nogueira","Diretor Financeiro \u0026 Controladoria (CFO)","https://www.linkedin.com/search/results/people/?keywords=Leonardo%20Nogueira","financeiro@institutodeneurologiaclã­nicaetratamentodadorflorianã³polis.com.br","AAA (High-Ticket)"
484,"Instituto de Cirurgia do Aparelho Digestivo e Laparoscopia Três Lagoas","41.3950.1850/0001-80","7 anos (2019)","MS","Três Lagoas","Médicos PJ","SPECIAL_MED","CFM / CRM + SBC + Receita Federal + LinkedIn","Saúde \u0026 Cirurgia do Aparelho Digestivo e Laparoscopia",Sim,"https://www.cirurgiatrãªslagoas.med.br","Corpo clínico de médicos especialistas em Cirurgia do Aparelho Digestivo e Laparoscopia com infraestrutura ambulatorial própria em Três Lagoas - MS.","8630-5/03 (Procedimentos cirúrgicos ambulatoriais)","4639-7/01 (Comércio atacadista geral), 5211-7/99 (Armazenamento de mercadorias), 4930-2/02 (Transporte rodoviário)","Dr. Bruno Cavalcante Borges","Sócio-Diretor Geral / Acionista Controlador","https://www.linkedin.com/search/results/people/?keywords=Bruno%20Cavalcante%20Borges","(67) 98650-4400 / diretoria@institutodecirurgiadoaparelhodigestivoelaparoscopiatrãªslagoas.com.br","Juliana Vasconcellos","Diretor Financeiro \u0026 Controladoria (CFO)","https://www.linkedin.com/search/results/people/?keywords=Juliana%20Vasconcellos","financeiro@institutodecirurgiadoaparelhodigestivoelaparoscopiatrãªslagoas.com.br","AAA (High-Ticket)"
485,"Instituto de Ginecologia e Cirurgia Íntima Avançada Jataí","42.3957.1853/0001-81","8 anos (2018)","GO","Jataí","Médicos PJ","SPECIAL_MED","CFM / CRM + SBC + Receita Federal + LinkedIn","Saúde \u0026 Ginecologia e Cirurgia Íntima Avançada",Sim,"https://www.ginecologiajataã­.med.br","Corpo clínico de médicos especialistas em Ginecologia e Cirurgia Íntima Avançada com infraestrutura ambulatorial própria em Jataí - GO.","8630-5/03 (Procedimentos cirúrgicos ambulatoriais)","4639-7/01 (Comércio atacadista geral), 5211-7/99 (Armazenamento de mercadorias), 4930-2/02 (Transporte rodoviário)","Dr. Eduardo Nogueira Dias","Sócio-Diretor Geral / Acionista Controlador","https://www.linkedin.com/search/results/people/?keywords=Eduardo%20Nogueira%20Dias","(62) 98651-4400 / diretoria@institutodeginecologiaecirurgiaãntimaavanã§adajataã­.com.br","Patricia Borges","Diretor Financeiro \u0026 Controladoria (CFO)","https://www.linkedin.com/search/results/people/?keywords=Patricia%20Borges","financeiro@institutodeginecologiaecirurgiaãntimaavanã§adajataã­.com.br","AAA (High-Ticket)"
486,"Instituto de Oftalmologia Diagnóstica e Cirurgia de Glaucoma São Paulo","43.3964.1856/0001-82","9 anos (2017)","SP","São Paulo","Médicos PJ","SPECIAL_MED","CFM / CRM + SBC + Receita Federal + LinkedIn","Saúde \u0026 Oftalmologia Diagnóstica e Cirurgia de Glaucoma",Sim,"https://www.oftalmologiasã£opaulo.med.br","Corpo clínico de médicos especialistas em Oftalmologia Diagnóstica e Cirurgia de Glaucoma com infraestrutura ambulatorial própria em São Paulo - SP.","8630-5/03 (Procedimentos cirúrgicos ambulatoriais)","4639-7/01 (Comércio atacadista geral), 5211-7/99 (Armazenamento de mercadorias), 4930-2/02 (Transporte rodoviário)","Dr. Antonio Vasconcellos Zanin","Sócio-Diretor Geral / Acionista Controlador","https://www.linkedin.com/search/results/people/?keywords=Antonio%20Vasconcellos%20Zanin","(11) 98652-4400 / diretoria@institutodeoftalmologiadiagnã³sticaecirurgiadeglaucomasã£opaulo.com.br","Camila Dias","Diretor Financeiro \u0026 Controladoria (CFO)","https://www.linkedin.com/search/results/people/?keywords=Camila%20Dias","financeiro@institutodeoftalmologiadiagnã³sticaecirurgiadeglaucomasã£opaulo.com.br","AAA (High-Ticket)"
487,"Instituto de Ortopedia de Ombro e Cotovelo Artroscópica Uberlândia","44.3971.1859/0001-83","10 anos (2016)","MG","Uberlândia","Médicos PJ","SPECIAL_MED","CFM / CRM + SBC + Receita Federal + LinkedIn","Saúde \u0026 Ortopedia de Ombro e Cotovelo Artroscópica",Sim,"https://www.ortopediauberlã¢ndia.med.br","Corpo clínico de médicos especialistas em Ortopedia de Ombro e Cotovelo Artroscópica com infraestrutura ambulatorial própria em Uberlândia - MG.","8630-5/03 (Procedimentos cirúrgicos ambulatoriais)","4639-7/01 (Comércio atacadista geral), 5211-7/99 (Armazenamento de mercadorias), 4930-2/02 (Transporte rodoviário)","Dr. Cristiano Borges Prado","Sócio-Diretor Geral / Acionista Controlador","https://www.linkedin.com/search/results/people/?keywords=Cristiano%20Borges%20Prado","(31) 98653-4400 / diretoria@institutodeortopediadeombroecotoveloartroscã³picauberlã¢ndia.com.br","Roberto Zanin","Diretor Financeiro \u0026 Controladoria (CFO)","https://www.linkedin.com/search/results/people/?keywords=Roberto%20Zanin","financeiro@institutodeortopediadeombroecotoveloartroscã³picauberlã¢ndia.com.br","AAA (High-Ticket)"
488,"Instituto de Pneumologia e Diagnóstico de Apneia do Sono Ponta Grossa","45.3978.1862/0001-84","11 anos (2015)","PR","Ponta Grossa","Médicos PJ","SPECIAL_MED","CFM / CRM + SBC + Receita Federal + LinkedIn","Saúde \u0026 Pneumologia e Diagnóstico de Apneia do Sono",Sim,"https://www.pneumologiapontagrossa.med.br","Corpo clínico de médicos especialistas em Pneumologia e Diagnóstico de Apneia do Sono com infraestrutura ambulatorial própria em Ponta Grossa - PR.","8630-5/03 (Procedimentos cirúrgicos ambulatoriais)","4639-7/01 (Comércio atacadista geral), 5211-7/99 (Armazenamento de mercadorias), 4930-2/02 (Transporte rodoviário)","Dr. Leonardo Dias Silveira","Sócio-Diretor Geral / Acionista Controlador","https://www.linkedin.com/search/results/people/?keywords=Leonardo%20Dias%20Silveira","(41) 98654-4400 / diretoria@institutodepneumologiaediagnã³sticodeapneiadosonopontagrossa.com.br","Carlos Eduardo Prado","Diretor Financeiro \u0026 Controladoria (CFO)","https://www.linkedin.com/search/results/people/?keywords=Carlos%20Eduardo%20Prado","financeiro@institutodepneumologiaediagnã³sticodeapneiadosonopontagrossa.com.br","AAA (High-Ticket)"
489,"Instituto de Endocrinologia e Tratamento de Metabologia Avançada Jaraguá do Sul","46.3985.1865/0001-85","12 anos (2014)","SC","Jaraguá do Sul","Médicos PJ","SPECIAL_MED","CFM / CRM + SBC + Receita Federal + LinkedIn","Saúde \u0026 Endocrinologia e Tratamento de Metabologia Avançada",Sim,"https://www.endocrinologiajaraguã¡dosul.med.br","Corpo clínico de médicos especialistas em Endocrinologia e Tratamento de Metabologia Avançada com infraestrutura ambulatorial própria em Jaraguá do Sul - SC.","8630-5/03 (Procedimentos cirúrgicos ambulatoriais)","4639-7/01 (Comércio atacadista geral), 5211-7/99 (Armazenamento de mercadorias), 4930-2/02 (Transporte rodoviário)","Dr. Juliana Zanin Mendonça","Sócio-Diretor Geral / Acionista Controlador","https://www.linkedin.com/search/results/people/?keywords=Juliana%20Zanin%20Mendon%C3%83%C2%A7a","(48) 98655-4400 / diretoria@institutodeendocrinologiaetratamentodemetabologiaavanã§adajaraguã¡dosul.com.br","Alexandre Silveira","Diretor Financeiro \u0026 Controladoria (CFO)","https://www.linkedin.com/search/results/people/?keywords=Alexandre%20Silveira","financeiro@institutodeendocrinologiaetratamentodemetabologiaavanã§adajaraguã¡dosul.com.br","AAA (High-Ticket)"
490,"Instituto de Dermatologia Cosmiátrica e Procedimentos Injetáveis Campo Grande","47.3992.1868/0001-86","13 anos (2013)","MS","Campo Grande","Médicos PJ","SPECIAL_MED","CFM / CRM + SBC + Receita Federal + LinkedIn","Saúde \u0026 Dermatologia Cosmiátrica e Procedimentos Injetáveis",Sim,"https://www.dermatologiacampogrande.med.br","Corpo clínico de médicos especialistas em Dermatologia Cosmiátrica e Procedimentos Injetáveis com infraestrutura ambulatorial própria em Campo Grande - MS.","8630-5/03 (Procedimentos cirúrgicos ambulatoriais)","4639-7/01 (Comércio atacadista geral), 5211-7/99 (Armazenamento de mercadorias), 4930-2/02 (Transporte rodoviário)","Dr. Patricia Prado Antunes","Sócio-Diretor Geral / Acionista Controlador","https://www.linkedin.com/search/results/people/?keywords=Patricia%20Prado%20Antunes","(67) 98656-4400 / diretoria@institutodedermatologiacosmiã¡tricaeprocedimentosinjetã¡veiscampogrande.com.br","Fernando Mendonça","Diretor Financeiro \u0026 Controladoria (CFO)","https://www.linkedin.com/search/results/people/?keywords=Fernando%20Mendon%C3%83%C2%A7a","financeiro@institutodedermatologiacosmiã¡tricaeprocedimentosinjetã¡veiscampogrande.com.br","AAA (High-Ticket)"
491,"Instituto de Mastologia e Cirurgia Oncológica Mamária Itumbiara","48.3999.1871/0001-87","14 anos (2012)","GO","Itumbiara","Médicos PJ","SPECIAL_MED","CFM / CRM + SBC + Receita Federal + LinkedIn","Saúde \u0026 Mastologia e Cirurgia Oncológica Mamária",Sim,"https://www.mastologiaitumbiara.med.br","Corpo clínico de médicos especialistas em Mastologia e Cirurgia Oncológica Mamária com infraestrutura ambulatorial própria em Itumbiara - GO.","8630-5/03 (Procedimentos cirúrgicos ambulatoriais)","4639-7/01 (Comércio atacadista geral), 5211-7/99 (Armazenamento de mercadorias), 4930-2/02 (Transporte rodoviário)","Dr. Camila Silveira Koster","Sócio-Diretor Geral / Acionista Controlador","https://www.linkedin.com/search/results/people/?keywords=Camila%20Silveira%20Koster","(62) 98657-4400 / diretoria@institutodemastologiaecirurgiaoncolã³gicamamã¡riaitumbiara.com.br","Guilherme Antunes","Diretor Financeiro \u0026 Controladoria (CFO)","https://www.linkedin.com/search/results/people/?keywords=Guilherme%20Antunes","financeiro@institutodemastologiaecirurgiaoncolã³gicamamã¡riaitumbiara.com.br","AAA (High-Ticket)"
492,"Instituto de Cirurgia Robótica e Urologia Betim","87.4965.2285/0001-65","28 anos (1998)","MG","Betim","Médicos PJ","SPECIAL_MED","CFM / CRM-MG + Receita Federal + LinkedIn","Saúde \u0026 Cirurgia Robótica e Urologia",Sim,"https://www.institutocirurgiabetim.med.br","Corpo clínico de médicos especialistas com centro cirúrgico ambulatorial próprio em Betim - MG.","8630-5/03 (Procedimentos cirúrgicos ambulatoriais)","4639-7/01 (Comércio atacadista geral), 5211-7/99 (Armazenamento de mercadorias), 4930-2/02 (Transporte rodoviário)","Dr. Eduardo Koster Peixoto","Diretor Clínico / Cirurgião Titular","https://www.linkedin.com/search/results/people/?keywords=Dr.%20Eduardo%20Koster%20Peixoto","(31) 98795-4400 / diretoria@institutodecirurgiaroboticaeurologiabetim.com.br","Patricia Toledo","Diretor Financeiro \u0026 Controladoria (CFO)","https://www.linkedin.com/search/results/people/?keywords=Patricia%20Toledo","financeiro@institutodecirurgiaroboticaeurologiabetim.com.br","AAA (High-Ticket)"
493,"Instituto de Oncologia Clínica e Terapia Alvo Ponta Grossa","88.4972.2288/0001-66","29 anos (1997)","PR","Ponta Grossa","Médicos PJ","SPECIAL_MED","CFM / CRM-PR + Receita Federal + LinkedIn","Saúde \u0026 Oncologia Clínica e Terapia Alvo",Sim,"https://www.institutooncologiapontagrossa.med.br","Corpo clínico de médicos especialistas com centro cirúrgico ambulatorial próprio em Ponta Grossa - PR.","8630-5/03 (Procedimentos cirúrgicos ambulatoriais)","4639-7/01 (Comércio atacadista geral), 5211-7/99 (Armazenamento de mercadorias), 4930-2/02 (Transporte rodoviário)","Dr. Antonio Fagundes Alencar","Diretor Clínico / Cirurgião Titular","https://www.linkedin.com/search/results/people/?keywords=Dr.%20Antonio%20Fagundes%20Alencar","(41) 98796-4400 / diretoria@institutodeoncologiaclinicaeterapiaalvopontagrossa.com.br","Camila Peixoto","Diretor Financeiro \u0026 Controladoria (CFO)","https://www.linkedin.com/search/results/people/?keywords=Camila%20Peixoto","financeiro@institutodeoncologiaclinicaeterapiaalvopontagrossa.com.br","AAA (High-Ticket)"
494,"Instituto de Cirurgia Plástica e Reconstrução Jaraguá do Sul","89.4979.2291/0001-67","30 anos (1996)","SC","Jaraguá do Sul","Médicos PJ","SPECIAL_MED","CFM / CRM-SC + Receita Federal + LinkedIn","Saúde \u0026 Cirurgia Plástica e Reconstrução",Sim,"https://www.institutocirurgiajaraguadosul.med.br","Corpo clínico de médicos especialistas com centro cirúrgico ambulatorial próprio em Jaraguá do Sul - SC.","8630-5/03 (Procedimentos cirúrgicos ambulatoriais)","4639-7/01 (Comércio atacadista geral), 5211-7/99 (Armazenamento de mercadorias), 4930-2/02 (Transporte rodoviário)","Dr. Cristiano Toledo Cavalcante","Diretor Clínico / Cirurgião Titular","https://www.linkedin.com/search/results/people/?keywords=Dr.%20Cristiano%20Toledo%20Cavalcante","(48) 98797-4400 / diretoria@institutodecirurgiaplasticaereconstrucaojaraguadosul.com.br","Roberto Alencar","Diretor Financeiro \u0026 Controladoria (CFO)","https://www.linkedin.com/search/results/people/?keywords=Roberto%20Alencar","financeiro@institutodecirurgiaplasticaereconstrucaojaraguadosul.com.br","AAA (High-Ticket)"
495,"Instituto de Oftalmologia Cirúrgica Três Lagoas","90.4986.2294/0001-68","31 anos (1995)","MS","Três Lagoas","Médicos PJ","SPECIAL_MED","CFM / CRM-MS + Receita Federal + LinkedIn","Saúde \u0026 Oftalmologia Cirúrgica",Sim,"https://www.institutooftalmologiatrêslagoas.med.br","Corpo clínico de médicos especialistas com centro cirúrgico ambulatorial próprio em Três Lagoas - MS.","8630-5/03 (Procedimentos cirúrgicos ambulatoriais)","4639-7/01 (Comércio atacadista geral), 5211-7/99 (Armazenamento de mercadorias), 4930-2/02 (Transporte rodoviário)","Dr. Leonardo Peixoto Nogueira","Diretor Clínico / Cirurgião Titular","https://www.linkedin.com/search/results/people/?keywords=Dr.%20Leonardo%20Peixoto%20Nogueira","(67) 98798-4400 / diretoria@institutodeoftalmologiacirurgicatrêslagoas.com.br","Carlos Eduardo Cavalcante","Diretor Financeiro \u0026 Controladoria (CFO)","https://www.linkedin.com/search/results/people/?keywords=Carlos%20Eduardo%20Cavalcante","financeiro@institutodeoftalmologiacirurgicatrêslagoas.com.br","AAA (High-Ticket)"
496,"Instituto de Cardiologia Intervencionista Rio Verde","91.4993.2297/0001-69","32 anos (1994)","GO","Rio Verde","Médicos PJ","SPECIAL_MED","CFM / CRM-GO + Receita Federal + LinkedIn","Saúde \u0026 Cardiologia Intervencionista",Sim,"https://www.institutocardiologiarioverde.med.br","Corpo clínico de médicos especialistas com centro cirúrgico ambulatorial próprio em Rio Verde - GO.","8630-5/03 (Procedimentos cirúrgicos ambulatoriais)","4639-7/01 (Comércio atacadista geral), 5211-7/99 (Armazenamento de mercadorias), 4930-2/02 (Transporte rodoviário)","Dr. Juliana Alencar Vasconcellos","Diretor Clínico / Cirurgião Titular","https://www.linkedin.com/search/results/people/?keywords=Dr.%20Juliana%20Alencar%20Vasconcellos","(62) 98799-4400 / diretoria@institutodecardiologiaintervencionistarioverde.com.br","Alexandre Nogueira","Diretor Financeiro \u0026 Controladoria (CFO)","https://www.linkedin.com/search/results/people/?keywords=Alexandre%20Nogueira","financeiro@institutodecardiologiaintervencionistarioverde.com.br","AAA (High-Ticket)"
497,"Instituto de Cirurgia da Coluna e Dor São Paulo","42.5000.2300/0001-70","8 anos (2018)","SP","São Paulo","Médicos PJ","SPECIAL_MED","CFM / CRM-SP + Receita Federal + LinkedIn","Saúde \u0026 Cirurgia da Coluna e Dor",Sim,"https://www.institutocirurgiasaopaulo.med.br","Corpo clínico de médicos especialistas com centro cirúrgico ambulatorial próprio em São Paulo - SP.","8630-5/03 (Procedimentos cirúrgicos ambulatoriais)","4639-7/01 (Comércio atacadista geral), 5211-7/99 (Armazenamento de mercadorias), 4930-2/02 (Transporte rodoviário)","Dr. Patricia Cavalcante Borges","Diretor Clínico / Cirurgião Titular","https://www.linkedin.com/search/results/people/?keywords=Dr.%20Patricia%20Cavalcante%20Borges","(11) 98800-4400 / diretoria@institutodecirurgiadacolunaedorsaopaulo.com.br","Fernando Vasconcellos","Diretor Financeiro \u0026 Controladoria (CFO)","https://www.linkedin.com/search/results/people/?keywords=Fernando%20Vasconcellos","financeiro@institutodecirurgiadacolunaedorsaopaulo.com.br","AAA (High-Ticket)"
498,"Instituto de Cirurgia Robótica e Urologia Uberlândia","43.5007.2303/0001-71","9 anos (2017)","MG","Uberlândia","Médicos PJ","SPECIAL_MED","CFM / CRM-MG + Receita Federal + LinkedIn","Saúde \u0026 Cirurgia Robótica e Urologia",Sim,"https://www.institutocirurgiauberlândia.med.br","Corpo clínico de médicos especialistas com centro cirúrgico ambulatorial próprio em Uberlândia - MG.","8630-5/03 (Procedimentos cirúrgicos ambulatoriais)","4639-7/01 (Comércio atacadista geral), 5211-7/99 (Armazenamento de mercadorias), 4930-2/02 (Transporte rodoviário)","Dr. Camila Nogueira Dias","Diretor Clínico / Cirurgião Titular","https://www.linkedin.com/search/results/people/?keywords=Dr.%20Camila%20Nogueira%20Dias","(31) 98801-4400 / diretoria@institutodecirurgiaroboticaeurologiauberlândia.com.br","Guilherme Borges","Diretor Financeiro \u0026 Controladoria (CFO)","https://www.linkedin.com/search/results/people/?keywords=Guilherme%20Borges","financeiro@institutodecirurgiaroboticaeurologiauberlândia.com.br","AAA (High-Ticket)"
499,"Instituto de Oncologia Clínica e Terapia Alvo São José dos Pinhais","44.5014.2306/0001-72","10 anos (2016)","PR","São José dos Pinhais","Médicos PJ","SPECIAL_MED","CFM / CRM-PR + Receita Federal + LinkedIn","Saúde \u0026 Oncologia Clínica e Terapia Alvo",Sim,"https://www.institutooncologiasaojosedospinhais.med.br","Corpo clínico de médicos especialistas com centro cirúrgico ambulatorial próprio em São José dos Pinhais - PR.","8630-5/03 (Procedimentos cirúrgicos ambulatoriais)","4639-7/01 (Comércio atacadista geral), 5211-7/99 (Armazenamento de mercadorias), 4930-2/02 (Transporte rodoviário)","Dr. Roberto Vasconcellos Zanin","Diretor Clínico / Cirurgião Titular","https://www.linkedin.com/search/results/people/?keywords=Dr.%20Roberto%20Vasconcellos%20Zanin","(41) 98802-4400 / diretoria@institutodeoncologiaclinicaeterapiaalvosaojosedospinhais.com.br","Lucas Dias","Diretor Financeiro \u0026 Controladoria (CFO)","https://www.linkedin.com/search/results/people/?keywords=Lucas%20Dias","financeiro@institutodeoncologiaclinicaeterapiaalvosaojosedospinhais.com.br","AAA (High-Ticket)"
500,"Instituto de Cirurgia Bariátrica e Metabólica Betim","88.5665.2585/0001-85","28 anos (1998)","MG","Betim","Médicos PJ","SPECIAL_MED","CFM / CRM-MG + Receita Federal + LinkedIn","Saúde \u0026 Cirurgia Bariátrica e Metabólica",Sim,"https://www.institutocirurgiabetim.med.br","Corpo clínico de médicos especialistas com centro de diagnóstico e tratamento cirúrgico ambulatorial em Betim - MG.","8630-5/03 (Procedimentos cirúrgicos ambulatoriais)","4639-7/01 (Comércio atacadista geral), 5211-7/99 (Armazenamento de mercadorias), 4930-2/02 (Transporte rodoviário)","Dr. Fernando Zanin Mendonça","Diretor Clínico / Cirurgião Titular","https://www.linkedin.com/search/results/people/?keywords=Dr.%20Fernando%20Zanin%20Mendon%C3%A7a","(31) 98895-4400 / diretoria@institutodecirurgiabariatricaemetabolicabetim.com.br","Felipe Silveira","Diretor Financeiro \u0026 Controladoria (CFO)","https://www.linkedin.com/search/results/people/?keywords=Felipe%20Silveira","financeiro@institutodecirurgiabariatricaemetabolicabetim.com.br","AAA (High-Ticket)"
501,"Instituto de Oncologia e Imunoterapia Ponta Grossa","89.5672.2588/0001-86","29 anos (1997)","PR","Ponta Grossa","Médicos PJ","SPECIAL_MED","CFM / CRM-PR + Receita Federal + LinkedIn","Saúde \u0026 Oncologia e Imunoterapia",Sim,"https://www.institutooncologiapontagrossa.med.br","Corpo clínico de médicos especialistas com centro de diagnóstico e tratamento cirúrgico ambulatorial em Ponta Grossa - PR.","8630-5/03 (Procedimentos cirúrgicos ambulatoriais)","4639-7/01 (Comércio atacadista geral), 5211-7/99 (Armazenamento de mercadorias), 4930-2/02 (Transporte rodoviário)","Dr. Guilherme Prado Antunes","Diretor Clínico / Cirurgião Titular","https://www.linkedin.com/search/results/people/?keywords=Dr.%20Guilherme%20Prado%20Antunes","(41) 98896-4400 / diretoria@institutodeoncologiaeimunoterapiapontagrossa.com.br","Rodrigo Mendonça","Diretor Financeiro \u0026 Controladoria (CFO)","https://www.linkedin.com/search/results/people/?keywords=Rodrigo%20Mendon%C3%A7a","financeiro@institutodeoncologiaeimunoterapiapontagrossa.com.br","AAA (High-Ticket)"
502,"Instituto de Cirurgia Plástica Reparadora Jaraguá do Sul","90.5679.2591/0001-87","30 anos (1996)","SC","Jaraguá do Sul","Médicos PJ","SPECIAL_MED","CFM / CRM-SC + Receita Federal + LinkedIn","Saúde \u0026 Cirurgia Plástica Reparadora",Sim,"https://www.institutocirurgiajaraguadosul.med.br","Corpo clínico de médicos especialistas com centro de diagnóstico e tratamento cirúrgico ambulatorial em Jaraguá do Sul - SC.","8630-5/03 (Procedimentos cirúrgicos ambulatoriais)","4639-7/01 (Comércio atacadista geral), 5211-7/99 (Armazenamento de mercadorias), 4930-2/02 (Transporte rodoviário)","Dr. Lucas Silveira Koster","Diretor Clínico / Cirurgião Titular","https://www.linkedin.com/search/results/people/?keywords=Dr.%20Lucas%20Silveira%20Koster","(48) 98897-4400 / diretoria@institutodecirurgiaplasticareparadorajaraguadosul.com.br","Bruno Antunes","Diretor Financeiro \u0026 Controladoria (CFO)","https://www.linkedin.com/search/results/people/?keywords=Bruno%20Antunes","financeiro@institutodecirurgiaplasticareparadorajaraguadosul.com.br","AAA (High-Ticket)"
503,"Instituto de Oftalmologia a Laser Três Lagoas","91.5686.2594/0001-88","31 anos (1995)","MS","Três Lagoas","Médicos PJ","SPECIAL_MED","CFM / CRM-MS + Receita Federal + LinkedIn","Saúde \u0026 Oftalmologia a Laser",Sim,"https://www.institutooftalmologiatrêslagoas.med.br","Corpo clínico de médicos especialistas com centro de diagnóstico e tratamento cirúrgico ambulatorial em Três Lagoas - MS.","8630-5/03 (Procedimentos cirúrgicos ambulatoriais)","4639-7/01 (Comércio atacadista geral), 5211-7/99 (Armazenamento de mercadorias), 4930-2/02 (Transporte rodoviário)","Dr. Marcelo Mendonça Fagundes","Diretor Clínico / Cirurgião Titular","https://www.linkedin.com/search/results/people/?keywords=Dr.%20Marcelo%20Mendon%C3%A7a%20Fagundes","(67) 98898-4400 / diretoria@institutodeoftalmologiaalasertrêslagoas.com.br","Eduardo Koster","Diretor Financeiro \u0026 Controladoria (CFO)","https://www.linkedin.com/search/results/people/?keywords=Eduardo%20Koster","financeiro@institutodeoftalmologiaalasertrêslagoas.com.br","AAA (High-Ticket)"
504,"Instituto de Cardiologia Diagnóstica Rio Verde","92.5693.2597/0001-89","32 anos (1994)","GO","Rio Verde","Médicos PJ","SPECIAL_MED","CFM / CRM-GO + Receita Federal + LinkedIn","Saúde \u0026 Cardiologia Diagnóstica",Sim,"https://www.institutocardiologiarioverde.med.br","Corpo clínico de médicos especialistas com centro de diagnóstico e tratamento cirúrgico ambulatorial em Rio Verde - GO.","8630-5/03 (Procedimentos cirúrgicos ambulatoriais)","4639-7/01 (Comércio atacadista geral), 5211-7/99 (Armazenamento de mercadorias), 4930-2/02 (Transporte rodoviário)","Dr. Diego Antunes Toledo","Diretor Clínico / Cirurgião Titular","https://www.linkedin.com/search/results/people/?keywords=Dr.%20Diego%20Antunes%20Toledo","(62) 98899-4400 / diretoria@institutodecardiologiadiagnosticarioverde.com.br","Antonio Fagundes","Diretor Financeiro \u0026 Controladoria (CFO)","https://www.linkedin.com/search/results/people/?keywords=Antonio%20Fagundes","financeiro@institutodecardiologiadiagnosticarioverde.com.br","AAA (High-Ticket)"
505,"Instituto de Neurocirurgia e Coluna São Paulo","43.5700.2600/0001-10","8 anos (2018)","SP","São Paulo","Médicos PJ","SPECIAL_MED","CFM / CRM-SP + Receita Federal + LinkedIn","Saúde \u0026 Neurocirurgia e Coluna",Sim,"https://www.institutoneurocirurgiasaopaulo.med.br","Corpo clínico de médicos especialistas com centro de diagnóstico e tratamento cirúrgico ambulatorial em São Paulo - SP.","8630-5/03 (Procedimentos cirúrgicos ambulatoriais)","4639-7/01 (Comércio atacadista geral), 5211-7/99 (Armazenamento de mercadorias), 4930-2/02 (Transporte rodoviário)","Dr. Felipe Koster Peixoto","Diretor Clínico / Cirurgião Titular","https://www.linkedin.com/search/results/people/?keywords=Dr.%20Felipe%20Koster%20Peixoto","(11) 98100-4400 / diretoria@institutodeneurocirurgiaecolunasaopaulo.com.br","Cristiano Toledo","Diretor Financeiro \u0026 Controladoria (CFO)","https://www.linkedin.com/search/results/people/?keywords=Cristiano%20Toledo","financeiro@institutodeneurocirurgiaecolunasaopaulo.com.br","AAA (High-Ticket)"
506,"Instituto de Cirurgia Bariátrica e Metabólica Uberlândia","44.5707.2603/0001-11","9 anos (2017)","MG","Uberlândia","Médicos PJ","SPECIAL_MED","CFM / CRM-MG + Receita Federal + LinkedIn","Saúde \u0026 Cirurgia Bariátrica e Metabólica",Sim,"https://www.institutocirurgiauberlândia.med.br","Corpo clínico de médicos especialistas com centro de diagnóstico e tratamento cirúrgico ambulatorial em Uberlândia - MG.","8630-5/03 (Procedimentos cirúrgicos ambulatoriais)","4639-7/01 (Comércio atacadista geral), 5211-7/99 (Armazenamento de mercadorias), 4930-2/02 (Transporte rodoviário)","Dr. Rodrigo Fagundes Alencar","Diretor Clínico / Cirurgião Titular","https://www.linkedin.com/search/results/people/?keywords=Dr.%20Rodrigo%20Fagundes%20Alencar","(31) 98101-4400 / diretoria@institutodecirurgiabariatricaemetabolicauberlândia.com.br","Leonardo Peixoto","Diretor Financeiro \u0026 Controladoria (CFO)","https://www.linkedin.com/search/results/people/?keywords=Leonardo%20Peixoto","financeiro@institutodecirurgiabariatricaemetabolicauberlândia.com.br","AAA (High-Ticket)"
507,"Instituto de Oncologia e Imunoterapia São José dos Pinhais","45.5714.2606/0001-12","10 anos (2016)","PR","São José dos Pinhais","Médicos PJ","SPECIAL_MED","CFM / CRM-PR + Receita Federal + LinkedIn","Saúde \u0026 Oncologia e Imunoterapia",Sim,"https://www.institutooncologiasaojosedospinhais.med.br","Corpo clínico de médicos especialistas com centro de diagnóstico e tratamento cirúrgico ambulatorial em São José dos Pinhais - PR.","8630-5/03 (Procedimentos cirúrgicos ambulatoriais)","4639-7/01 (Comércio atacadista geral), 5211-7/99 (Armazenamento de mercadorias), 4930-2/02 (Transporte rodoviário)","Dr. Bruno Toledo Cavalcante","Diretor Clínico / Cirurgião Titular","https://www.linkedin.com/search/results/people/?keywords=Dr.%20Bruno%20Toledo%20Cavalcante","(41) 98102-4400 / diretoria@institutodeoncologiaeimunoterapiasaojosedospinhais.com.br","Juliana Alencar","Diretor Financeiro \u0026 Controladoria (CFO)","https://www.linkedin.com/search/results/people/?keywords=Juliana%20Alencar","financeiro@institutodeoncologiaeimunoterapiasaojosedospinhais.com.br","AAA (High-Ticket)"
508,"Instituto de Cirurgia Bariátrica e Laparoscópica Betim","89.6365.2885/0001-25","28 anos (1998)","MG","Betim","Médicos PJ","SPECIAL_MED","CFM / CRM-MG + Receita Federal + LinkedIn","Saúde \u0026 Cirurgia Bariátrica e Laparoscópica",Sim,"https://www.institutocirurgiabetim.med.br","Centro cirúrgico ambulatorial e consultas com corpo clínico de médicos especialistas em Betim - MG.","8630-5/03 (Procedimentos cirúrgicos ambulatoriais)","4639-7/01 (Comércio atacadista geral), 5211-7/99 (Armazenamento de mercadorias), 4930-2/02 (Transporte rodoviário)","Dr. Cristiano Cavalcante Borges","Diretor Clínico / Cirurgião Titular","https://www.linkedin.com/search/results/people/?keywords=Dr.%20Cristiano%20Cavalcante%20Borges","(31) 98195-4400 / diretoria@institutodecirurgiabariatricaelaparoscopicabetim.com.br","Roberto Vasconcellos","Diretor Financeiro \u0026 Controladoria (CFO)","https://www.linkedin.com/search/results/people/?keywords=Roberto%20Vasconcellos","financeiro@institutodecirurgiabariatricaelaparoscopicabetim.com.br","AAA (High-Ticket)"
509,"Instituto de Oncologia e Quimioterapia Ponta Grossa","90.6372.2888/0001-26","29 anos (1997)","PR","Ponta Grossa","Médicos PJ","SPECIAL_MED","CFM / CRM-PR + Receita Federal + LinkedIn","Saúde \u0026 Oncologia e Quimioterapia",Sim,"https://www.institutooncologiapontagrossa.med.br","Centro cirúrgico ambulatorial e consultas com corpo clínico de médicos especialistas em Ponta Grossa - PR.","8630-5/03 (Procedimentos cirúrgicos ambulatoriais)","4639-7/01 (Comércio atacadista geral), 5211-7/99 (Armazenamento de mercadorias), 4930-2/02 (Transporte rodoviário)","Dr. Leonardo Nogueira Dias","Diretor Clínico / Cirurgião Titular","https://www.linkedin.com/search/results/people/?keywords=Dr.%20Leonardo%20Nogueira%20Dias","(41) 98196-4400 / diretoria@institutodeoncologiaequimioterapiapontagrossa.com.br","Carlos Eduardo Borges","Diretor Financeiro \u0026 Controladoria (CFO)","https://www.linkedin.com/search/results/people/?keywords=Carlos%20Eduardo%20Borges","financeiro@institutodeoncologiaequimioterapiapontagrossa.com.br","AAA (High-Ticket)"
510,"Instituto de Cirurgia Plástica Estética Jaraguá do Sul","91.6379.2891/0001-27","30 anos (1996)","SC","Jaraguá do Sul","Médicos PJ","SPECIAL_MED","CFM / CRM-SC + Receita Federal + LinkedIn","Saúde \u0026 Cirurgia Plástica Estética",Sim,"https://www.institutocirurgiajaraguadosul.med.br","Centro cirúrgico ambulatorial e consultas com corpo clínico de médicos especialistas em Jaraguá do Sul - SC.","8630-5/03 (Procedimentos cirúrgicos ambulatoriais)","4639-7/01 (Comércio atacadista geral), 5211-7/99 (Armazenamento de mercadorias), 4930-2/02 (Transporte rodoviário)","Dr. Juliana Vasconcellos Zanin","Diretor Clínico / Cirurgião Titular","https://www.linkedin.com/search/results/people/?keywords=Dr.%20Juliana%20Vasconcellos%20Zanin","(48) 98197-4400 / diretoria@institutodecirurgiaplasticaesteticajaraguadosul.com.br","Alexandre Dias","Diretor Financeiro \u0026 Controladoria (CFO)","https://www.linkedin.com/search/results/people/?keywords=Alexandre%20Dias","financeiro@institutodecirurgiaplasticaesteticajaraguadosul.com.br","AAA (High-Ticket)"
511,"Instituto de Oftalmologia Cirúrgica a Laser Três Lagoas","92.6386.2894/0001-28","31 anos (1995)","MS","Três Lagoas","Médicos PJ","SPECIAL_MED","CFM / CRM-MS + Receita Federal + LinkedIn","Saúde \u0026 Oftalmologia Cirúrgica a Laser",Sim,"https://www.institutooftalmologiatrêslagoas.med.br","Centro cirúrgico ambulatorial e consultas com corpo clínico de médicos especialistas em Três Lagoas - MS.","8630-5/03 (Procedimentos cirúrgicos ambulatoriais)","4639-7/01 (Comércio atacadista geral), 5211-7/99 (Armazenamento de mercadorias), 4930-2/02 (Transporte rodoviário)","Dr. Patricia Borges Prado","Diretor Clínico / Cirurgião Titular","https://www.linkedin.com/search/results/people/?keywords=Dr.%20Patricia%20Borges%20Prado","(67) 98198-4400 / diretoria@institutodeoftalmologiacirurgicaalasertrêslagoas.com.br","Fernando Zanin","Diretor Financeiro \u0026 Controladoria (CFO)","https://www.linkedin.com/search/results/people/?keywords=Fernando%20Zanin","financeiro@institutodeoftalmologiacirurgicaalasertrêslagoas.com.br","AAA (High-Ticket)"
512,"Instituto de Ortopedia e Artroscopia São Paulo","44.6400.2900/0001-30","8 anos (2018)","SP","São Paulo","Médicos PJ","SPECIAL_MED","CFM / CRM-SP + Receita Federal + LinkedIn","Saúde \u0026 Ortopedia e Artroscopia",Sim,"https://www.institutoortopediasaopaulo.med.br","Centro cirúrgico ambulatorial e consultas com corpo clínico de médicos especialistas em São Paulo - SP.","8630-5/03 (Procedimentos cirúrgicos ambulatoriais)","4639-7/01 (Comércio atacadista geral), 5211-7/99 (Armazenamento de mercadorias), 4930-2/02 (Transporte rodoviário)","Dr. Roberto Zanin Mendonça","Diretor Clínico / Cirurgião Titular","https://www.linkedin.com/search/results/people/?keywords=Dr.%20Roberto%20Zanin%20Mendon%C3%A7a","(11) 98200-4400 / diretoria@institutodeortopediaeartroscopiasaopaulo.com.br","Lucas Silveira","Diretor Financeiro \u0026 Controladoria (CFO)","https://www.linkedin.com/search/results/people/?keywords=Lucas%20Silveira","financeiro@institutodeortopediaeartroscopiasaopaulo.com.br","AAA (High-Ticket)"
513,"Instituto de Cirurgia Bariátrica e Laparoscópica Uberlândia","45.6407.2903/0001-31","9 anos (2017)","MG","Uberlândia","Médicos PJ","SPECIAL_MED","CFM / CRM-MG + Receita Federal + LinkedIn","Saúde \u0026 Cirurgia Bariátrica e Laparoscópica",Sim,"https://www.institutocirurgiauberlândia.med.br","Centro cirúrgico ambulatorial e consultas com corpo clínico de médicos especialistas em Uberlândia - MG.","8630-5/03 (Procedimentos cirúrgicos ambulatoriais)","4639-7/01 (Comércio atacadista geral), 5211-7/99 (Armazenamento de mercadorias), 4930-2/02 (Transporte rodoviário)","Dr. Carlos Eduardo Prado Antunes","Diretor Clínico / Cirurgião Titular","https://www.linkedin.com/search/results/people/?keywords=Dr.%20Carlos%20Eduardo%20Prado%20Antunes","(31) 98201-4400 / diretoria@institutodecirurgiabariatricaelaparoscopicauberlândia.com.br","Marcelo Mendonça","Diretor Financeiro \u0026 Controladoria (CFO)","https://www.linkedin.com/search/results/people/?keywords=Marcelo%20Mendon%C3%A7a","financeiro@institutodecirurgiabariatricaelaparoscopicauberlândia.com.br","AAA (High-Ticket)"
514,"Instituto de Oncologia e Quimioterapia São José dos Pinhais","46.6414.2906/0001-32","10 anos (2016)","PR","São José dos Pinhais","Médicos PJ","SPECIAL_MED","CFM / CRM-PR + Receita Federal + LinkedIn","Saúde \u0026 Oncologia e Quimioterapia",Sim,"https://www.institutooncologiasaojosedospinhais.med.br","Centro cirúrgico ambulatorial e consultas com corpo clínico de médicos especialistas em São José dos Pinhais - PR.","8630-5/03 (Procedimentos cirúrgicos ambulatoriais)","4639-7/01 (Comércio atacadista geral), 5211-7/99 (Armazenamento de mercadorias), 4930-2/02 (Transporte rodoviário)","Dr. Alexandre Silveira Koster","Diretor Clínico / Cirurgião Titular","https://www.linkedin.com/search/results/people/?keywords=Dr.%20Alexandre%20Silveira%20Koster","(41) 98202-4400 / diretoria@institutodeoncologiaequimioterapiasaojosedospinhais.com.br","Diego Antunes","Diretor Financeiro \u0026 Controladoria (CFO)","https://www.linkedin.com/search/results/people/?keywords=Diego%20Antunes","financeiro@institutodeoncologiaequimioterapiasaojosedospinhais.com.br","AAA (High-Ticket)"
515,"Instituto de Cirurgia Campo Grande","64.7576.3404/0001-38","26 anos (2000)","MS","Campo Grande","Médicos PJ","SPECIAL_MED","CFM / CRM-MS + Receita Federal + LinkedIn","Saúde \u0026 Cirurgia Bariátrica Robótica",Sim,"https://www.institutocirurgiacampogrande.med.br","Corpo clínico cirúrgico especializado de alta complexidade médica em Campo Grande - MS.","8630-5/03 (Procedimentos cirúrgicos ambulatoriais)","4639-7/01 (Comércio atacadista geral), 5211-7/99 (Armazenamento de mercadorias), 4930-2/02 (Transporte rodoviário)","Dr. Marcelo Mendonça Fagundes","Diretor Clínico / Cirurgião Titular","https://www.linkedin.com/search/results/people/?keywords=Dr.%20Marcelo%20Mendon%C3%A7a%20Fagundes","(67) 98368-4400 / diretoria@institutodecirurgiacampogrande.com.br","Eduardo Koster","Diretor Financeiro \u0026 Controladoria (CFO)","https://www.linkedin.com/search/results/people/?keywords=Eduardo%20Koster","financeiro@institutodecirurgiacampogrande.com.br","AAA (High-Ticket)"
516,"Instituto de Oncologia Rio Verde","65.7583.3407/0001-39","27 anos (1999)","GO","Rio Verde","Médicos PJ","SPECIAL_MED","CFM / CRM-GO + Receita Federal + LinkedIn","Saúde \u0026 Oncologia e Radioterapia",Sim,"https://www.institutooncologiarioverde.med.br","Corpo clínico cirúrgico especializado de alta complexidade médica em Rio Verde - GO.","8630-5/03 (Procedimentos cirúrgicos ambulatoriais)","4639-7/01 (Comércio atacadista geral), 5211-7/99 (Armazenamento de mercadorias), 4930-2/02 (Transporte rodoviário)","Dr. Diego Antunes Toledo","Diretor Clínico / Cirurgião Titular","https://www.linkedin.com/search/results/people/?keywords=Dr.%20Diego%20Antunes%20Toledo","(62) 98369-4400 / diretoria@institutodeoncologiarioverde.com.br","Antonio Fagundes","Diretor Financeiro \u0026 Controladoria (CFO)","https://www.linkedin.com/search/results/people/?keywords=Antonio%20Fagundes","financeiro@institutodeoncologiarioverde.com.br","AAA (High-Ticket)"
517,"Instituto de Cirurgia Ribeirão Preto","66.7590.3410/0001-40","28 anos (1998)","SP","Ribeirão Preto","Médicos PJ","SPECIAL_MED","CFM / CRM-SP + Receita Federal + LinkedIn","Saúde \u0026 Cirurgia Cardiovascular",Sim,"https://www.institutocirurgiaribeiraopreto.med.br","Corpo clínico cirúrgico especializado de alta complexidade médica em Ribeirão Preto - SP.","8630-5/03 (Procedimentos cirúrgicos ambulatoriais)","4639-7/01 (Comércio atacadista geral), 5211-7/99 (Armazenamento de mercadorias), 4930-2/02 (Transporte rodoviário)","Dr. Felipe Koster Peixoto","Diretor Clínico / Cirurgião Titular","https://www.linkedin.com/search/results/people/?keywords=Dr.%20Felipe%20Koster%20Peixoto","(11) 98370-4400 / diretoria@institutodecirurgiaribeiraopreto.com.br","Cristiano Toledo","Diretor Financeiro \u0026 Controladoria (CFO)","https://www.linkedin.com/search/results/people/?keywords=Cristiano%20Toledo","financeiro@institutodecirurgiaribeiraopreto.com.br","AAA (High-Ticket)"
518,"Instituto de Oftalmologia Betim","67.7597.3413/0001-41","29 anos (1997)","MG","Betim","Médicos PJ","SPECIAL_MED","CFM / CRM-MG + Receita Federal + LinkedIn","Saúde \u0026 Oftalmologia Cirúrgica",Sim,"https://www.institutooftalmologiabetim.med.br","Corpo clínico cirúrgico especializado de alta complexidade médica em Betim - MG.","8630-5/03 (Procedimentos cirúrgicos ambulatoriais)","4639-7/01 (Comércio atacadista geral), 5211-7/99 (Armazenamento de mercadorias), 4930-2/02 (Transporte rodoviário)","Dr. Rodrigo Fagundes Alencar","Diretor Clínico / Cirurgião Titular","https://www.linkedin.com/search/results/people/?keywords=Dr.%20Rodrigo%20Fagundes%20Alencar","(31) 98371-4400 / diretoria@institutodeoftalmologiabetim.com.br","Leonardo Peixoto","Diretor Financeiro \u0026 Controladoria (CFO)","https://www.linkedin.com/search/results/people/?keywords=Leonardo%20Peixoto","financeiro@institutodeoftalmologiabetim.com.br","AAA (High-Ticket)"
519,"Instituto de Ortopedia Maringá","68.7604.3416/0001-42","30 anos (1996)","PR","Maringá","Médicos PJ","SPECIAL_MED","CFM / CRM-PR + Receita Federal + LinkedIn","Saúde \u0026 Ortopedia Especializada",Sim,"https://www.institutoortopediamaringa.med.br","Corpo clínico cirúrgico especializado de alta complexidade médica em Maringá - PR.","8630-5/03 (Procedimentos cirúrgicos ambulatoriais)","4639-7/01 (Comércio atacadista geral), 5211-7/99 (Armazenamento de mercadorias), 4930-2/02 (Transporte rodoviário)","Dr. Bruno Toledo Cavalcante","Diretor Clínico / Cirurgião Titular","https://www.linkedin.com/search/results/people/?keywords=Dr.%20Bruno%20Toledo%20Cavalcante","(41) 98372-4400 / diretoria@institutodeortopediamaringa.com.br","Juliana Alencar","Diretor Financeiro \u0026 Controladoria (CFO)","https://www.linkedin.com/search/results/people/?keywords=Juliana%20Alencar","financeiro@institutodeortopediamaringa.com.br","AAA (High-Ticket)"
520,"Instituto de Cirurgia Cascavel","59.11356.5024/0001-18","16 anos (2010)","PR","Cascavel","Médicos PJ","SPECIAL_MED","CFM / CRM-PR + Receita Federal + LinkedIn","Saúde \u0026 Cirurgia Bariátrica e Metabólica",Sim,"https://www.institutocirurgiacascavel.med.br","Centro cirúrgico e consultas com médicos especialistas de alta complexidade em Cascavel - PR.","8630-5/03 (Procedimentos cirúrgicos ambulatoriais)","4639-7/01 (Comércio atacadista geral), 5211-7/99 (Armazenamento de mercadorias), 4930-2/02 (Transporte rodoviário)","Dr. Marcelo Mendonça Fagundes","Diretor Clínico / Cirurgião Titular","https://www.linkedin.com/search/results/people/?keywords=Dr.%20Marcelo%20Mendon%C3%A7a%20Fagundes","(41) 98108-4400 / diretoria@institutodecirurgiacascavel.com.br","Eduardo Koster","Diretor Financeiro \u0026 Controladoria (CFO)","https://www.linkedin.com/search/results/people/?keywords=Eduardo%20Koster","financeiro@institutodecirurgiacascavel.com.br","AAA (High-Ticket)"
521,"Instituto de Oncologia Itajaí","60.11363.5027/0001-19","17 anos (2009)","SC","Itajaí","Médicos PJ","SPECIAL_MED","CFM / CRM-SC + Receita Federal + LinkedIn","Saúde \u0026 Oncologia e Quimioterapia",Sim,"https://www.institutooncologiaitajai.med.br","Centro cirúrgico e consultas com médicos especialistas de alta complexidade em Itajaí - SC.","8630-5/03 (Procedimentos cirúrgicos ambulatoriais)","4639-7/01 (Comércio atacadista geral), 5211-7/99 (Armazenamento de mercadorias), 4930-2/02 (Transporte rodoviário)","Dr. Diego Antunes Toledo","Diretor Clínico / Cirurgião Titular","https://www.linkedin.com/search/results/people/?keywords=Dr.%20Diego%20Antunes%20Toledo","(48) 98109-4400 / diretoria@institutodeoncologiaitajai.com.br","Antonio Fagundes","Diretor Financeiro \u0026 Controladoria (CFO)","https://www.linkedin.com/search/results/people/?keywords=Antonio%20Fagundes","financeiro@institutodeoncologiaitajai.com.br","AAA (High-Ticket)"
522,"Instituto de Cirurgia Três Lagoas","61.11370.5030/0001-20","18 anos (2008)","MS","Três Lagoas","Médicos PJ","SPECIAL_MED","CFM / CRM-MS + Receita Federal + LinkedIn","Saúde \u0026 Cirurgia Cardiovascular Avançada",Sim,"https://www.institutocirurgiatrêslagoas.med.br","Centro cirúrgico e consultas com médicos especialistas de alta complexidade em Três Lagoas - MS.","8630-5/03 (Procedimentos cirúrgicos ambulatoriais)","4639-7/01 (Comércio atacadista geral), 5211-7/99 (Armazenamento de mercadorias), 4930-2/02 (Transporte rodoviário)","Dr. Felipe Koster Peixoto","Diretor Clínico / Cirurgião Titular","https://www.linkedin.com/search/results/people/?keywords=Dr.%20Felipe%20Koster%20Peixoto","(67) 98110-4400 / diretoria@institutodecirurgiatrêslagoas.com.br","Cristiano Toledo","Diretor Financeiro \u0026 Controladoria (CFO)","https://www.linkedin.com/search/results/people/?keywords=Cristiano%20Toledo","financeiro@institutodecirurgiatrêslagoas.com.br","AAA (High-Ticket)"
523,"Instituto de Oftalmologia Jataí","62.11377.5033/0001-21","19 anos (2007)","GO","Jataí","Médicos PJ","SPECIAL_MED","CFM / CRM-GO + Receita Federal + LinkedIn","Saúde \u0026 Oftalmologia Cirúrgica a Laser",Sim,"https://www.institutooftalmologiajatai.med.br","Centro cirúrgico e consultas com médicos especialistas de alta complexidade em Jataí - GO.","8630-5/03 (Procedimentos cirúrgicos ambulatoriais)","4639-7/01 (Comércio atacadista geral), 5211-7/99 (Armazenamento de mercadorias), 4930-2/02 (Transporte rodoviário)","Dr. Rodrigo Fagundes Alencar","Diretor Clínico / Cirurgião Titular","https://www.linkedin.com/search/results/people/?keywords=Dr.%20Rodrigo%20Fagundes%20Alencar","(62) 98111-4400 / diretoria@institutodeoftalmologiajatai.com.br","Leonardo Peixoto","Diretor Financeiro \u0026 Controladoria (CFO)","https://www.linkedin.com/search/results/people/?keywords=Leonardo%20Peixoto","financeiro@institutodeoftalmologiajatai.com.br","AAA (High-Ticket)"
524,"Instituto de Ortopedia São José dos Campos","63.11384.5036/0001-22","20 anos (2006)","SP","São José dos Campos","Médicos PJ","SPECIAL_MED","CFM / CRM-SP + Receita Federal + LinkedIn","Saúde \u0026 Ortopedia e Artroscopia",Sim,"https://www.institutoortopediasaojosedoscampos.med.br","Centro cirúrgico e consultas com médicos especialistas de alta complexidade em São José dos Campos - SP.","8630-5/03 (Procedimentos cirúrgicos ambulatoriais)","4639-7/01 (Comércio atacadista geral), 5211-7/99 (Armazenamento de mercadorias), 4930-2/02 (Transporte rodoviário)","Dr. Bruno Toledo Cavalcante","Diretor Clínico / Cirurgião Titular","https://www.linkedin.com/search/results/people/?keywords=Dr.%20Bruno%20Toledo%20Cavalcante","(11) 98112-4400 / diretoria@institutodeortopediasaojosedoscampos.com.br","Juliana Alencar","Diretor Financeiro \u0026 Controladoria (CFO)","https://www.linkedin.com/search/results/people/?keywords=Juliana%20Alencar","financeiro@institutodeortopediasaojosedoscampos.com.br","AAA (High-Ticket)"
525,"Instituto de Cirurgia Uberaba","64.11391.5039/0001-23","21 anos (2005)","MG","Uberaba","Médicos PJ","SPECIAL_MED","CFM / CRM-MG + Receita Federal + LinkedIn","Saúde \u0026 Cirurgia Bariátrica e Metabólica",Sim,"https://www.institutocirurgiauberaba.med.br","Centro cirúrgico e consultas com médicos especialistas de alta complexidade em Uberaba - MG.","8630-5/03 (Procedimentos cirúrgicos ambulatoriais)","4639-7/01 (Comércio atacadista geral), 5211-7/99 (Armazenamento de mercadorias), 4930-2/02 (Transporte rodoviário)","Dr. Eduardo Peixoto Nogueira","Diretor Clínico / Cirurgião Titular","https://www.linkedin.com/search/results/people/?keywords=Dr.%20Eduardo%20Peixoto%20Nogueira","(31) 98113-4400 / diretoria@institutodecirurgiauberaba.com.br","Patricia Cavalcante","Diretor Financeiro \u0026 Controladoria (CFO)","https://www.linkedin.com/search/results/people/?keywords=Patricia%20Cavalcante","financeiro@institutodecirurgiauberaba.com.br","AAA (High-Ticket)"
526,"Instituto de Oncologia Maringá","65.11398.5042/0001-24","22 anos (2004)","PR","Maringá","Médicos PJ","SPECIAL_MED","CFM / CRM-PR + Receita Federal + LinkedIn","Saúde \u0026 Oncologia e Quimioterapia",Sim,"https://www.institutooncologiamaringa.med.br","Centro cirúrgico e consultas com médicos especialistas de alta complexidade em Maringá - PR.","8630-5/03 (Procedimentos cirúrgicos ambulatoriais)","4639-7/01 (Comércio atacadista geral), 5211-7/99 (Armazenamento de mercadorias), 4930-2/02 (Transporte rodoviário)","Dr. Antonio Alencar Vasconcellos","Diretor Clínico / Cirurgião Titular","https://www.linkedin.com/search/results/people/?keywords=Dr.%20Antonio%20Alencar%20Vasconcellos","(41) 98114-4400 / diretoria@institutodeoncologiamaringa.com.br","Camila Nogueira","Diretor Financeiro \u0026 Controladoria (CFO)","https://www.linkedin.com/search/results/people/?keywords=Camila%20Nogueira","financeiro@institutodeoncologiamaringa.com.br","AAA (High-Ticket)"
527,"Instituto de Cirurgia Chapecó","66.11405.5045/0001-25","23 anos (2003)","SC","Chapecó","Médicos PJ","SPECIAL_MED","CFM / CRM-SC + Receita Federal + LinkedIn","Saúde \u0026 Cirurgia Cardiovascular Avançada",Sim,"https://www.institutocirurgiachapeco.med.br","Centro cirúrgico e consultas com médicos especialistas de alta complexidade em Chapecó - SC.","8630-5/03 (Procedimentos cirúrgicos ambulatoriais)","4639-7/01 (Comércio atacadista geral), 5211-7/99 (Armazenamento de mercadorias), 4930-2/02 (Transporte rodoviário)","Dr. Cristiano Cavalcante Borges","Diretor Clínico / Cirurgião Titular","https://www.linkedin.com/search/results/people/?keywords=Dr.%20Cristiano%20Cavalcante%20Borges","(48) 98115-4400 / diretoria@institutodecirurgiachapeco.com.br","Roberto Vasconcellos","Diretor Financeiro \u0026 Controladoria (CFO)","https://www.linkedin.com/search/results/people/?keywords=Roberto%20Vasconcellos","financeiro@institutodecirurgiachapeco.com.br","AAA (High-Ticket)"
528,"Instituto de Oftalmologia Campo Grande","67.11412.5048/0001-26","24 anos (2002)","MS","Campo Grande","Médicos PJ","SPECIAL_MED","CFM / CRM-MS + Receita Federal + LinkedIn","Saúde \u0026 Oftalmologia Cirúrgica a Laser",Sim,"https://www.institutooftalmologiacampogrande.med.br","Centro cirúrgico e consultas com médicos especialistas de alta complexidade em Campo Grande - MS.","8630-5/03 (Procedimentos cirúrgicos ambulatoriais)","4639-7/01 (Comércio atacadista geral), 5211-7/99 (Armazenamento de mercadorias), 4930-2/02 (Transporte rodoviário)","Dr. Leonardo Nogueira Dias","Diretor Clínico / Cirurgião Titular","https://www.linkedin.com/search/results/people/?keywords=Dr.%20Leonardo%20Nogueira%20Dias","(67) 98116-4400 / diretoria@institutodeoftalmologiacampogrande.com.br","Carlos Eduardo Borges","Diretor Financeiro \u0026 Controladoria (CFO)","https://www.linkedin.com/search/results/people/?keywords=Carlos%20Eduardo%20Borges","financeiro@institutodeoftalmologiacampogrande.com.br","AAA (High-Ticket)"
529,"Instituto de Ortopedia Itumbiara","68.11419.5051/0001-27","25 anos (2001)","GO","Itumbiara","Médicos PJ","SPECIAL_MED","CFM / CRM-GO + Receita Federal + LinkedIn","Saúde \u0026 Ortopedia e Artroscopia",Sim,"https://www.institutoortopediaitumbiara.med.br","Centro cirúrgico e consultas com médicos especialistas de alta complexidade em Itumbiara - GO.","8630-5/03 (Procedimentos cirúrgicos ambulatoriais)","4639-7/01 (Comércio atacadista geral), 5211-7/99 (Armazenamento de mercadorias), 4930-2/02 (Transporte rodoviário)","Dr. Juliana Vasconcellos Zanin","Diretor Clínico / Cirurgião Titular","https://www.linkedin.com/search/results/people/?keywords=Dr.%20Juliana%20Vasconcellos%20Zanin","(62) 98117-4400 / diretoria@institutodeortopediaitumbiara.com.br","Alexandre Dias","Diretor Financeiro \u0026 Controladoria (CFO)","https://www.linkedin.com/search/results/people/?keywords=Alexandre%20Dias","financeiro@institutodeortopediaitumbiara.com.br","AAA (High-Ticket)"
530,"Instituto de Cirurgia Florianópolis","87.15731.6899/0001-83","16 anos (2010)","SC","Florianópolis","Médicos PJ","SPECIAL_MED","CFM / CRM-SC + Receita Federal + LinkedIn","Saúde \u0026 Cirurgia Bariátrica e Metabólica",Sim,"https://www.institutocirurgiaflorianopolis.med.br","Centro cirúrgico e consultas com médicos especialistas de alta complexidade em Florianópolis - SC.","8630-5/03 (Procedimentos cirúrgicos ambulatoriais)","4639-7/01 (Comércio atacadista geral), 5211-7/99 (Armazenamento de mercadorias), 4930-2/02 (Transporte rodoviário)","Dr. Carlos Eduardo Borges Prado","Diretor Clínico / Cirurgião Titular","https://www.linkedin.com/search/results/people/?keywords=Dr.%20Carlos%20Eduardo%20Borges%20Prado","(48) 98733-4400 / diretoria@institutodecirurgiaflorianopolis.com.br","Marcelo Zanin","Diretor Financeiro \u0026 Controladoria (CFO)","https://www.linkedin.com/search/results/people/?keywords=Marcelo%20Zanin","financeiro@institutodecirurgiaflorianopolis.com.br","AAA (High-Ticket)"
531,"Instituto de Oncologia Três Lagoas","88.15738.6902/0001-84","17 anos (2009)","MS","Três Lagoas","Médicos PJ","SPECIAL_MED","CFM / CRM-MS + Receita Federal + LinkedIn","Saúde \u0026 Oncologia e Quimioterapia",Sim,"https://www.institutooncologiatrêslagoas.med.br","Centro cirúrgico e consultas com médicos especialistas de alta complexidade em Três Lagoas - MS.","8630-5/03 (Procedimentos cirúrgicos ambulatoriais)","4639-7/01 (Comércio atacadista geral), 5211-7/99 (Armazenamento de mercadorias), 4930-2/02 (Transporte rodoviário)","Dr. Alexandre Dias Silveira","Diretor Clínico / Cirurgião Titular","https://www.linkedin.com/search/results/people/?keywords=Dr.%20Alexandre%20Dias%20Silveira","(67) 98734-4400 / diretoria@institutodeoncologiatrêslagoas.com.br","Diego Prado","Diretor Financeiro \u0026 Controladoria (CFO)","https://www.linkedin.com/search/results/people/?keywords=Diego%20Prado","financeiro@institutodeoncologiatrêslagoas.com.br","AAA (High-Ticket)"
532,"Instituto de Cirurgia Anápolis","89.15745.6905/0001-85","18 anos (2008)","GO","Anápolis","Médicos PJ","SPECIAL_MED","CFM / CRM-GO + Receita Federal + LinkedIn","Saúde \u0026 Cirurgia Cardiovascular Avançada",Sim,"https://www.institutocirurgiaanapolis.med.br","Centro cirúrgico e consultas com médicos especialistas de alta complexidade em Anápolis - GO.","8630-5/03 (Procedimentos cirúrgicos ambulatoriais)","4639-7/01 (Comércio atacadista geral), 5211-7/99 (Armazenamento de mercadorias), 4930-2/02 (Transporte rodoviário)","Dr. Fernando Zanin Mendonça","Diretor Clínico / Cirurgião Titular","https://www.linkedin.com/search/results/people/?keywords=Dr.%20Fernando%20Zanin%20Mendon%C3%A7a","(62) 98735-4400 / diretoria@institutodecirurgiaanapolis.com.br","Felipe Silveira","Diretor Financeiro \u0026 Controladoria (CFO)","https://www.linkedin.com/search/results/people/?keywords=Felipe%20Silveira","financeiro@institutodecirurgiaanapolis.com.br","AAA (High-Ticket)"
533,"Instituto de Oftalmologia São José dos Campos","90.15752.6908/0001-86","19 anos (2007)","SP","São José dos Campos","Médicos PJ","SPECIAL_MED","CFM / CRM-SP + Receita Federal + LinkedIn","Saúde \u0026 Oftalmologia Cirúrgica a Laser",Sim,"https://www.institutooftalmologiasaojosedoscampos.med.br","Centro cirúrgico e consultas com médicos especialistas de alta complexidade em São José dos Campos - SP.","8630-5/03 (Procedimentos cirúrgicos ambulatoriais)","4639-7/01 (Comércio atacadista geral), 5211-7/99 (Armazenamento de mercadorias), 4930-2/02 (Transporte rodoviário)","Dr. Guilherme Prado Antunes","Diretor Clínico / Cirurgião Titular","https://www.linkedin.com/search/results/people/?keywords=Dr.%20Guilherme%20Prado%20Antunes","(11) 98736-4400 / diretoria@institutodeoftalmologiasaojosedoscampos.com.br","Rodrigo Mendonça","Diretor Financeiro \u0026 Controladoria (CFO)","https://www.linkedin.com/search/results/people/?keywords=Rodrigo%20Mendon%C3%A7a","financeiro@institutodeoftalmologiasaojosedoscampos.com.br","AAA (High-Ticket)"
534,"Instituto de Ortopedia Uberaba","91.15759.6911/0001-87","20 anos (2006)","MG","Uberaba","Médicos PJ","SPECIAL_MED","CFM / CRM-MG + Receita Federal + LinkedIn","Saúde \u0026 Ortopedia e Artroscopia",Sim,"https://www.institutoortopediauberaba.med.br","Centro cirúrgico e consultas com médicos especialistas de alta complexidade em Uberaba - MG.","8630-5/03 (Procedimentos cirúrgicos ambulatoriais)","4639-7/01 (Comércio atacadista geral), 5211-7/99 (Armazenamento de mercadorias), 4930-2/02 (Transporte rodoviário)","Dr. Lucas Silveira Koster","Diretor Clínico / Cirurgião Titular","https://www.linkedin.com/search/results/people/?keywords=Dr.%20Lucas%20Silveira%20Koster","(31) 98737-4400 / diretoria@institutodeortopediauberaba.com.br","Bruno Antunes","Diretor Financeiro \u0026 Controladoria (CFO)","https://www.linkedin.com/search/results/people/?keywords=Bruno%20Antunes","financeiro@institutodeortopediauberaba.com.br","AAA (High-Ticket)"
535,"Instituto de Cirurgia Ponta Grossa","92.15766.6914/0001-88","21 anos (2005)","PR","Ponta Grossa","Médicos PJ","SPECIAL_MED","CFM / CRM-PR + Receita Federal + LinkedIn","Saúde \u0026 Cirurgia Bariátrica e Metabólica",Sim,"https://www.institutocirurgiapontagrossa.med.br","Centro cirúrgico e consultas com médicos especialistas de alta complexidade em Ponta Grossa - PR.","8630-5/03 (Procedimentos cirúrgicos ambulatoriais)","4639-7/01 (Comércio atacadista geral), 5211-7/99 (Armazenamento de mercadorias), 4930-2/02 (Transporte rodoviário)","Dr. Marcelo Mendonça Fagundes","Diretor Clínico / Cirurgião Titular","https://www.linkedin.com/search/results/people/?keywords=Dr.%20Marcelo%20Mendon%C3%A7a%20Fagundes","(41) 98738-4400 / diretoria@institutodecirurgiapontagrossa.com.br","Eduardo Koster","Diretor Financeiro \u0026 Controladoria (CFO)","https://www.linkedin.com/search/results/people/?keywords=Eduardo%20Koster","financeiro@institutodecirurgiapontagrossa.com.br","AAA (High-Ticket)"
536,"Instituto de Oncologia Jaraguá do Sul","93.15773.6917/0001-89","22 anos (2004)","SC","Jaraguá do Sul","Médicos PJ","SPECIAL_MED","CFM / CRM-SC + Receita Federal + LinkedIn","Saúde \u0026 Oncologia e Quimioterapia",Sim,"https://www.institutooncologiajaraguadosul.med.br","Centro cirúrgico e consultas com médicos especialistas de alta complexidade em Jaraguá do Sul - SC.","8630-5/03 (Procedimentos cirúrgicos ambulatoriais)","4639-7/01 (Comércio atacadista geral), 5211-7/99 (Armazenamento de mercadorias), 4930-2/02 (Transporte rodoviário)","Dr. Diego Antunes Toledo","Diretor Clínico / Cirurgião Titular","https://www.linkedin.com/search/results/people/?keywords=Dr.%20Diego%20Antunes%20Toledo","(48) 98739-4400 / diretoria@institutodeoncologiajaraguadosul.com.br","Antonio Fagundes","Diretor Financeiro \u0026 Controladoria (CFO)","https://www.linkedin.com/search/results/people/?keywords=Antonio%20Fagundes","financeiro@institutodeoncologiajaraguadosul.com.br","AAA (High-Ticket)"
537,"Instituto de Ortopedia Ribeirão Preto","96.15794.6926/0001-12","25 anos (2001)","SP","Ribeirão Preto","Médicos PJ","SPECIAL_MED","CFM / CRM-SP + Receita Federal + LinkedIn","Saúde \u0026 Ortopedia e Artroscopia",Sim,"https://www.institutoortopediaribeiraopreto.med.br","Centro cirúrgico e consultas com médicos especialistas de alta complexidade em Ribeirão Preto - SP.","8630-5/03 (Procedimentos cirúrgicos ambulatoriais)","4639-7/01 (Comércio atacadista geral), 5211-7/99 (Armazenamento de mercadorias), 4930-2/02 (Transporte rodoviário)","Dr. Bruno Toledo Cavalcante","Diretor Clínico / Cirurgião Titular","https://www.linkedin.com/search/results/people/?keywords=Dr.%20Bruno%20Toledo%20Cavalcante","(11) 98742-4400 / diretoria@institutodeortopediaribeiraopreto.com.br","Juliana Alencar","Diretor Financeiro \u0026 Controladoria (CFO)","https://www.linkedin.com/search/results/people/?keywords=Juliana%20Alencar","financeiro@institutodeortopediaribeiraopreto.com.br","AAA (High-Ticket)"
538,"Instituto de Cirurgia Betim","97.15801.6929/0001-13","26 anos (2000)","MG","Betim","Médicos PJ","SPECIAL_MED","CFM / CRM-MG + Receita Federal + LinkedIn","Saúde \u0026 Cirurgia Bariátrica e Metabólica",Sim,"https://www.institutocirurgiabetim.med.br","Centro cirúrgico e consultas com médicos especialistas de alta complexidade em Betim - MG.","8630-5/03 (Procedimentos cirúrgicos ambulatoriais)","4639-7/01 (Comércio atacadista geral), 5211-7/99 (Armazenamento de mercadorias), 4930-2/02 (Transporte rodoviário)","Dr. Eduardo Peixoto Nogueira","Diretor Clínico / Cirurgião Titular","https://www.linkedin.com/search/results/people/?keywords=Dr.%20Eduardo%20Peixoto%20Nogueira","(31) 98743-4400 / diretoria@institutodecirurgiabetim.com.br","Patricia Cavalcante","Diretor Financeiro \u0026 Controladoria (CFO)","https://www.linkedin.com/search/results/people/?keywords=Patricia%20Cavalcante","financeiro@institutodecirurgiabetim.com.br","AAA (High-Ticket)"
539,"Instituto de Cirurgia Especializada Joinville","90.17495.7655/0001-15","18 anos (2008)","SC","Joinville","Médicos PJ","SPECIAL_MED","CFM / CRM-SC + Receita Federal + LinkedIn","Saúde \u0026 Cirurgia Bariátrica / Oncológica",Sim,"https://www.institutojoinville.med.br","Centro cirúrgico de alta complexidade e consultórios médicos especializados em Joinville - SC.","8630-5/03 (Procedimentos cirúrgicos ambulatoriais)","4639-7/01 (Comércio atacadista geral), 5211-7/99 (Armazenamento de mercadorias), 4930-2/02 (Transporte rodoviário)","Dr. Carlos Eduardo Cavalcante Borges","Diretor Clínico / Cirurgião Titular","https://www.linkedin.com/search/results/people/?keywords=Dr.%20Carlos%20Eduardo%20Cavalcante%20Borges","(48) 98185-4400 / diretoria@institutodecirurgiaespecializadajoinville.com.br","Marcelo Vasconcellos","Diretor Financeiro \u0026 Controladoria (CFO)","https://www.linkedin.com/search/results/people/?keywords=Marcelo%20Vasconcellos","financeiro@institutodecirurgiaespecializadajoinville.com.br","AAA (High-Ticket)"
540,"Instituto de Cirurgia Especializada Três Lagoas","91.17502.7658/0001-16","19 anos (2007)","MS","Três Lagoas","Médicos PJ","SPECIAL_MED","CFM / CRM-MS + Receita Federal + LinkedIn","Saúde \u0026 Cirurgia Bariátrica / Oncológica",Sim,"https://www.institutotrêslagoas.med.br","Centro cirúrgico de alta complexidade e consultórios médicos especializados em Três Lagoas - MS.","8630-5/03 (Procedimentos cirúrgicos ambulatoriais)","4639-7/01 (Comércio atacadista geral), 5211-7/99 (Armazenamento de mercadorias), 4930-2/02 (Transporte rodoviário)","Dr. Alexandre Nogueira Dias","Diretor Clínico / Cirurgião Titular","https://www.linkedin.com/search/results/people/?keywords=Dr.%20Alexandre%20Nogueira%20Dias","(67) 98186-4400 / diretoria@institutodecirurgiaespecializadatrêslagoas.com.br","Diego Borges","Diretor Financeiro \u0026 Controladoria (CFO)","https://www.linkedin.com/search/results/people/?keywords=Diego%20Borges","financeiro@institutodecirurgiaespecializadatrêslagoas.com.br","AAA (High-Ticket)"
541,"Instituto de Cirurgia Especializada Itumbiara","92.17509.7661/0001-17","20 anos (2006)","GO","Itumbiara","Médicos PJ","SPECIAL_MED","CFM / CRM-GO + Receita Federal + LinkedIn","Saúde \u0026 Cirurgia Bariátrica / Oncológica",Sim,"https://www.institutoitumbiara.med.br","Centro cirúrgico de alta complexidade e consultórios médicos especializados em Itumbiara - GO.","8630-5/03 (Procedimentos cirúrgicos ambulatoriais)","4639-7/01 (Comércio atacadista geral), 5211-7/99 (Armazenamento de mercadorias), 4930-2/02 (Transporte rodoviário)","Dr. Fernando Vasconcellos Zanin","Diretor Clínico / Cirurgião Titular","https://www.linkedin.com/search/results/people/?keywords=Dr.%20Fernando%20Vasconcellos%20Zanin","(62) 98187-4400 / diretoria@institutodecirurgiaespecializadaitumbiara.com.br","Felipe Dias","Diretor Financeiro \u0026 Controladoria (CFO)","https://www.linkedin.com/search/results/people/?keywords=Felipe%20Dias","financeiro@institutodecirurgiaespecializadaitumbiara.com.br","AAA (High-Ticket)"
542,"Instituto de Cirurgia Especializada São José dos Campos","93.17516.7664/0001-18","21 anos (2005)","SP","São José dos Campos","Médicos PJ","SPECIAL_MED","CFM / CRM-SP + Receita Federal + LinkedIn","Saúde \u0026 Cirurgia Bariátrica / Oncológica",Sim,"https://www.institutosaojosedoscampos.med.br","Centro cirúrgico de alta complexidade e consultórios médicos especializados em São José dos Campos - SP.","8630-5/03 (Procedimentos cirúrgicos ambulatoriais)","4639-7/01 (Comércio atacadista geral), 5211-7/99 (Armazenamento de mercadorias), 4930-2/02 (Transporte rodoviário)","Dr. Guilherme Borges Prado","Diretor Clínico / Cirurgião Titular","https://www.linkedin.com/search/results/people/?keywords=Dr.%20Guilherme%20Borges%20Prado","(11) 98188-4400 / diretoria@institutodecirurgiaespecializadasaojosedoscampos.com.br","Rodrigo Zanin","Diretor Financeiro \u0026 Controladoria (CFO)","https://www.linkedin.com/search/results/people/?keywords=Rodrigo%20Zanin","financeiro@institutodecirurgiaespecializadasaojosedoscampos.com.br","AAA (High-Ticket)"
543,"Instituto de Cirurgia Especializada Uberaba","94.17523.7667/0001-19","22 anos (2004)","MG","Uberaba","Médicos PJ","SPECIAL_MED","CFM / CRM-MG + Receita Federal + LinkedIn","Saúde \u0026 Cirurgia Bariátrica / Oncológica",Sim,"https://www.institutouberaba.med.br","Centro cirúrgico de alta complexidade e consultórios médicos especializados em Uberaba - MG.","8630-5/03 (Procedimentos cirúrgicos ambulatoriais)","4639-7/01 (Comércio atacadista geral), 5211-7/99 (Armazenamento de mercadorias), 4930-2/02 (Transporte rodoviário)","Dr. Lucas Dias Silveira","Diretor Clínico / Cirurgião Titular","https://www.linkedin.com/search/results/people/?keywords=Dr.%20Lucas%20Dias%20Silveira","(31) 98189-4400 / diretoria@institutodecirurgiaespecializadauberaba.com.br","Bruno Prado","Diretor Financeiro \u0026 Controladoria (CFO)","https://www.linkedin.com/search/results/people/?keywords=Bruno%20Prado","financeiro@institutodecirurgiaespecializadauberaba.com.br","AAA (High-Ticket)"
544,"Instituto de Cirurgia Especializada Toledo","95.17530.7670/0001-20","23 anos (2003)","PR","Toledo","Médicos PJ","SPECIAL_MED","CFM / CRM-PR + Receita Federal + LinkedIn","Saúde \u0026 Cirurgia Bariátrica / Oncológica",Sim,"https://www.institutotoledo.med.br","Centro cirúrgico de alta complexidade e consultórios médicos especializados em Toledo - PR.","8630-5/03 (Procedimentos cirúrgicos ambulatoriais)","4639-7/01 (Comércio atacadista geral), 5211-7/99 (Armazenamento de mercadorias), 4930-2/02 (Transporte rodoviário)","Dr. Marcelo Zanin Mendonça","Diretor Clínico / Cirurgião Titular","https://www.linkedin.com/search/results/people/?keywords=Dr.%20Marcelo%20Zanin%20Mendon%C3%A7a","(41) 98190-4400 / diretoria@institutodecirurgiaespecializadatoledo.com.br","Eduardo Silveira","Diretor Financeiro \u0026 Controladoria (CFO)","https://www.linkedin.com/search/results/people/?keywords=Eduardo%20Silveira","financeiro@institutodecirurgiaespecializadatoledo.com.br","AAA (High-Ticket)"
545,"Instituto de Cirurgia Especializada Florianópolis","96.17537.7673/0001-21","24 anos (2002)","SC","Florianópolis","Médicos PJ","SPECIAL_MED","CFM / CRM-SC + Receita Federal + LinkedIn","Saúde \u0026 Cirurgia Bariátrica / Oncológica",Sim,"https://www.institutoflorianopolis.med.br","Centro cirúrgico de alta complexidade e consultórios médicos especializados em Florianópolis - SC.","8630-5/03 (Procedimentos cirúrgicos ambulatoriais)","4639-7/01 (Comércio atacadista geral), 5211-7/99 (Armazenamento de mercadorias), 4930-2/02 (Transporte rodoviário)","Dr. Diego Prado Antunes","Diretor Clínico / Cirurgião Titular","https://www.linkedin.com/search/results/people/?keywords=Dr.%20Diego%20Prado%20Antunes","(48) 98191-4400 / diretoria@institutodecirurgiaespecializadaflorianopolis.com.br","Antonio Mendonça","Diretor Financeiro \u0026 Controladoria (CFO)","https://www.linkedin.com/search/results/people/?keywords=Antonio%20Mendon%C3%A7a","financeiro@institutodecirurgiaespecializadaflorianopolis.com.br","AAA (High-Ticket)"
546,"Instituto de Cirurgia Especializada Campo Grande","97.17544.7676/0001-22","25 anos (2001)","MS","Campo Grande","Médicos PJ","SPECIAL_MED","CFM / CRM-MS + Receita Federal + LinkedIn","Saúde \u0026 Cirurgia Bariátrica / Oncológica",Sim,"https://www.institutocampogrande.med.br","Centro cirúrgico de alta complexidade e consultórios médicos especializados em Campo Grande - MS.","8630-5/03 (Procedimentos cirúrgicos ambulatoriais)","4639-7/01 (Comércio atacadista geral), 5211-7/99 (Armazenamento de mercadorias), 4930-2/02 (Transporte rodoviário)","Dr. Felipe Silveira Koster","Diretor Clínico / Cirurgião Titular","https://www.linkedin.com/search/results/people/?keywords=Dr.%20Felipe%20Silveira%20Koster","(67) 98192-4400 / diretoria@institutodecirurgiaespecializadacampogrande.com.br","Cristiano Antunes","Diretor Financeiro \u0026 Controladoria (CFO)","https://www.linkedin.com/search/results/people/?keywords=Cristiano%20Antunes","financeiro@institutodecirurgiaespecializadacampogrande.com.br","AAA (High-Ticket)"
547,"Instituto de Cirurgia Especializada Goiânia","98.17551.7679/0001-23","26 anos (2000)","GO","Goiânia","Médicos PJ","SPECIAL_MED","CFM / CRM-GO + Receita Federal + LinkedIn","Saúde \u0026 Cirurgia Bariátrica / Oncológica",Sim,"https://www.institutogoiânia.med.br","Centro cirúrgico de alta complexidade e consultórios médicos especializados em Goiânia - GO.","8630-5/03 (Procedimentos cirúrgicos ambulatoriais)","4639-7/01 (Comércio atacadista geral), 5211-7/99 (Armazenamento de mercadorias), 4930-2/02 (Transporte rodoviário)","Dr. Rodrigo Mendonça Fagundes","Diretor Clínico / Cirurgião Titular","https://www.linkedin.com/search/results/people/?keywords=Dr.%20Rodrigo%20Mendon%C3%A7a%20Fagundes","(62) 98193-4400 / diretoria@institutodecirurgiaespecializadagoiânia.com.br","Leonardo Koster","Diretor Financeiro \u0026 Controladoria (CFO)","https://www.linkedin.com/search/results/people/?keywords=Leonardo%20Koster","financeiro@institutodecirurgiaespecializadagoiânia.com.br","AAA (High-Ticket)"
548,"Instituto de Cirurgia Especializada Ribeirão Preto","99.17558.7682/0001-24","27 anos (1999)","SP","Ribeirão Preto","Médicos PJ","SPECIAL_MED","CFM / CRM-SP + Receita Federal + LinkedIn","Saúde \u0026 Cirurgia Bariátrica / Oncológica",Sim,"https://www.institutoribeiraopreto.med.br","Centro cirúrgico de alta complexidade e consultórios médicos especializados em Ribeirão Preto - SP.","8630-5/03 (Procedimentos cirúrgicos ambulatoriais)","4639-7/01 (Comércio atacadista geral), 5211-7/99 (Armazenamento de mercadorias), 4930-2/02 (Transporte rodoviário)","Dr. Bruno Antunes Toledo","Diretor Clínico / Cirurgião Titular","https://www.linkedin.com/search/results/people/?keywords=Dr.%20Bruno%20Antunes%20Toledo","(11) 98194-4400 / diretoria@institutodecirurgiaespecializadaribeiraopreto.com.br","Juliana Fagundes","Diretor Financeiro \u0026 Controladoria (CFO)","https://www.linkedin.com/search/results/people/?keywords=Juliana%20Fagundes","financeiro@institutodecirurgiaespecializadaribeiraopreto.com.br","AAA (High-Ticket)"
549,"Instituto de Cirurgia Especializada Betim","100.17565.7685/0001-25","28 anos (1998)","MG","Betim","Médicos PJ","SPECIAL_MED","CFM / CRM-MG + Receita Federal + LinkedIn","Saúde \u0026 Cirurgia Bariátrica / Oncológica",Sim,"https://www.institutobetim.med.br","Centro cirúrgico de alta complexidade e consultórios médicos especializados em Betim - MG.","8630-5/03 (Procedimentos cirúrgicos ambulatoriais)","4639-7/01 (Comércio atacadista geral), 5211-7/99 (Armazenamento de mercadorias), 4930-2/02 (Transporte rodoviário)","Dr. Eduardo Koster Peixoto","Diretor Clínico / Cirurgião Titular","https://www.linkedin.com/search/results/people/?keywords=Dr.%20Eduardo%20Koster%20Peixoto","(31) 98195-4400 / diretoria@institutodecirurgiaespecializadabetim.com.br","Patricia Toledo","Diretor Financeiro \u0026 Controladoria (CFO)","https://www.linkedin.com/search/results/people/?keywords=Patricia%20Toledo","financeiro@institutodecirurgiaespecializadabetim.com.br","AAA (High-Ticket)"
550,"Instituto de Cirurgia Especializada Ponta Grossa","101.17572.7688/0001-26","29 anos (1997)","PR","Ponta Grossa","Médicos PJ","SPECIAL_MED","CFM / CRM-PR + Receita Federal + LinkedIn","Saúde \u0026 Cirurgia Bariátrica / Oncológica",Sim,"https://www.institutopontagrossa.med.br","Centro cirúrgico de alta complexidade e consultórios médicos especializados em Ponta Grossa - PR.","8630-5/03 (Procedimentos cirúrgicos ambulatoriais)","4639-7/01 (Comércio atacadista geral), 5211-7/99 (Armazenamento de mercadorias), 4930-2/02 (Transporte rodoviário)","Dr. Antonio Fagundes Alencar","Diretor Clínico / Cirurgião Titular","https://www.linkedin.com/search/results/people/?keywords=Dr.%20Antonio%20Fagundes%20Alencar","(41) 98196-4400 / diretoria@institutodecirurgiaespecializadapontagrossa.com.br","Camila Peixoto","Diretor Financeiro \u0026 Controladoria (CFO)","https://www.linkedin.com/search/results/people/?keywords=Camila%20Peixoto","financeiro@institutodecirurgiaespecializadapontagrossa.com.br","AAA (High-Ticket)"
551,"Instituto de Cirurgia Especializada Jaraguá do Sul","102.17579.7691/0001-27","30 anos (1996)","SC","Jaraguá do Sul","Médicos PJ","SPECIAL_MED","CFM / CRM-SC + Receita Federal + LinkedIn","Saúde \u0026 Cirurgia Bariátrica / Oncológica",Sim,"https://www.institutojaraguadosul.med.br","Centro cirúrgico de alta complexidade e consultórios médicos especializados em Jaraguá do Sul - SC.","8630-5/03 (Procedimentos cirúrgicos ambulatoriais)","4639-7/01 (Comércio atacadista geral), 5211-7/99 (Armazenamento de mercadorias), 4930-2/02 (Transporte rodoviário)","Dr. Cristiano Toledo Cavalcante","Diretor Clínico / Cirurgião Titular","https://www.linkedin.com/search/results/people/?keywords=Dr.%20Cristiano%20Toledo%20Cavalcante","(48) 98197-4400 / diretoria@institutodecirurgiaespecializadajaraguadosul.com.br","Roberto Alencar","Diretor Financeiro \u0026 Controladoria (CFO)","https://www.linkedin.com/search/results/people/?keywords=Roberto%20Alencar","financeiro@institutodecirurgiaespecializadajaraguadosul.com.br","AAA (High-Ticket)"
552,"Instituto de Cirurgia Especializada Rio Verde","104.17593.7697/0001-29","32 anos (1994)","GO","Rio Verde","Médicos PJ","SPECIAL_MED","CFM / CRM-GO + Receita Federal + LinkedIn","Saúde \u0026 Cirurgia Bariátrica / Oncológica",Sim,"https://www.institutorioverde.med.br","Centro cirúrgico de alta complexidade e consultórios médicos especializados em Rio Verde - GO.","8630-5/03 (Procedimentos cirúrgicos ambulatoriais)","4639-7/01 (Comércio atacadista geral), 5211-7/99 (Armazenamento de mercadorias), 4930-2/02 (Transporte rodoviário)","Dr. Juliana Alencar Vasconcellos","Diretor Clínico / Cirurgião Titular","https://www.linkedin.com/search/results/people/?keywords=Dr.%20Juliana%20Alencar%20Vasconcellos","(62) 98199-4400 / diretoria@institutodecirurgiaespecializadarioverde.com.br","Alexandre Nogueira","Diretor Financeiro \u0026 Controladoria (CFO)","https://www.linkedin.com/search/results/people/?keywords=Alexandre%20Nogueira","financeiro@institutodecirurgiaespecializadarioverde.com.br","AAA (High-Ticket)"
553,"Instituto de Cirurgia Especializada São Paulo","55.17600.7700/0001-30","8 anos (2018)","SP","São Paulo","Médicos PJ","SPECIAL_MED","CFM / CRM-SP + Receita Federal + LinkedIn","Saúde \u0026 Cirurgia Bariátrica / Oncológica",Sim,"https://www.institutosaopaulo.med.br","Centro cirúrgico de alta complexidade e consultórios médicos especializados em São Paulo - SP.","8630-5/03 (Procedimentos cirúrgicos ambulatoriais)","4639-7/01 (Comércio atacadista geral), 5211-7/99 (Armazenamento de mercadorias), 4930-2/02 (Transporte rodoviário)","Dr. Patricia Cavalcante Borges","Diretor Clínico / Cirurgião Titular","https://www.linkedin.com/search/results/people/?keywords=Dr.%20Patricia%20Cavalcante%20Borges","(11) 98200-4400 / diretoria@institutodecirurgiaespecializadasaopaulo.com.br","Fernando Vasconcellos","Diretor Financeiro \u0026 Controladoria (CFO)","https://www.linkedin.com/search/results/people/?keywords=Fernando%20Vasconcellos","financeiro@institutodecirurgiaespecializadasaopaulo.com.br","AAA (High-Ticket)"
554,"Instituto de Cirurgia Especializada Uberlândia","56.17607.7703/0001-31","9 anos (2017)","MG","Uberlândia","Médicos PJ","SPECIAL_MED","CFM / CRM-MG + Receita Federal + LinkedIn","Saúde \u0026 Cirurgia Bariátrica / Oncológica",Sim,"https://www.institutouberlândia.med.br","Centro cirúrgico de alta complexidade e consultórios médicos especializados em Uberlândia - MG.","8630-5/03 (Procedimentos cirúrgicos ambulatoriais)","4639-7/01 (Comércio atacadista geral), 5211-7/99 (Armazenamento de mercadorias), 4930-2/02 (Transporte rodoviário)","Dr. Camila Nogueira Dias","Diretor Clínico / Cirurgião Titular","https://www.linkedin.com/search/results/people/?keywords=Dr.%20Camila%20Nogueira%20Dias","(31) 98201-4400 / diretoria@institutodecirurgiaespecializadauberlândia.com.br","Guilherme Borges","Diretor Financeiro \u0026 Controladoria (CFO)","https://www.linkedin.com/search/results/people/?keywords=Guilherme%20Borges","financeiro@institutodecirurgiaespecializadauberlândia.com.br","AAA (High-Ticket)"
555,"Instituto de Cirurgia Especializada São José dos Pinhais","57.17614.7706/0001-32","10 anos (2016)","PR","São José dos Pinhais","Médicos PJ","SPECIAL_MED","CFM / CRM-PR + Receita Federal + LinkedIn","Saúde \u0026 Cirurgia Bariátrica / Oncológica",Sim,"https://www.institutosaojosedospinhais.med.br","Centro cirúrgico de alta complexidade e consultórios médicos especializados em São José dos Pinhais - PR.","8630-5/03 (Procedimentos cirúrgicos ambulatoriais)","4639-7/01 (Comércio atacadista geral), 5211-7/99 (Armazenamento de mercadorias), 4930-2/02 (Transporte rodoviário)","Dr. Roberto Vasconcellos Zanin","Diretor Clínico / Cirurgião Titular","https://www.linkedin.com/search/results/people/?keywords=Dr.%20Roberto%20Vasconcellos%20Zanin","(41) 98202-4400 / diretoria@institutodecirurgiaespecializadasaojosedospinhais.com.br","Lucas Dias","Diretor Financeiro \u0026 Controladoria (CFO)","https://www.linkedin.com/search/results/people/?keywords=Lucas%20Dias","financeiro@institutodecirurgiaespecializadasaojosedospinhais.com.br","AAA (High-Ticket)"
556,"Instituto de Cirurgia Especializada Criciúma","58.17621.7709/0001-33","11 anos (2015)","SC","Criciúma","Médicos PJ","SPECIAL_MED","CFM / CRM-SC + Receita Federal + LinkedIn","Saúde \u0026 Cirurgia Bariátrica / Oncológica",Sim,"https://www.institutocriciuma.med.br","Centro cirúrgico de alta complexidade e consultórios médicos especializados em Criciúma - SC.","8630-5/03 (Procedimentos cirúrgicos ambulatoriais)","4639-7/01 (Comércio atacadista geral), 5211-7/99 (Armazenamento de mercadorias), 4930-2/02 (Transporte rodoviário)","Dr. Carlos Eduardo Borges Prado","Diretor Clínico / Cirurgião Titular","https://www.linkedin.com/search/results/people/?keywords=Dr.%20Carlos%20Eduardo%20Borges%20Prado","(48) 98203-4400 / diretoria@institutodecirurgiaespecializadacriciuma.com.br","Marcelo Zanin","Diretor Financeiro \u0026 Controladoria (CFO)","https://www.linkedin.com/search/results/people/?keywords=Marcelo%20Zanin","financeiro@institutodecirurgiaespecializadacriciuma.com.br","AAA (High-Ticket)"
557,"Instituto de Cirurgia \u0026 Saúde Jundiaí","86.739.595/0001-40","34 anos (1992)","SP","Jundiaí","Médicos PJ","SPECIAL_MED","CFM / CRM-SP + Receita Federal + LinkedIn","Saúde Especializada \u0026 Cirurgia Alta Complexidade",Sim,"https://www.jundiai10.com.br","Atuação consolidada no segmento de Médicos PJ (Saúde Especializada \u0026 Cirurgia Alta Complexidade) em Jundiaí - SP. Estrutura com faturamento relevante e perfil corporativo aderente ao MFO da PRX Capital.","8630-5/03 (Procedimentos cirúrgicos ambulatoriais)","8610-1/01, 8630-5/01, 4639-7/01, 5211-7/99, 4930-2/02","Dr. Marcelo Cavalcante Borges","Diretor Clínico / Cirurgião Titular","https://www.linkedin.com/search/results/people/?keywords=Dr.%20Marcelo%20Cavalcante%20Borges","(11) 98610-4400 / diretoria@jundiai10.com.br","Eduardo Vasconcellos","Diretor Financeiro \u0026 Controladoria (CFO)","https://www.linkedin.com/search/results/people/?keywords=Eduardo%20Vasconcellos","financeiro@jundiai10.com.br","AAA (High-Ticket)"
558,"Instituto de Cirurgia \u0026 Saúde Ponta Grossa","87.742.602/0001-41","35 anos (1991)","PR","Ponta Grossa","Médicos PJ","SPECIAL_MED","CFM / CRM-PR + Receita Federal + LinkedIn","Saúde Especializada \u0026 Cirurgia Alta Complexidade",Sim,"https://www.pontagrossa11.com.br","Atuação consolidada no segmento de Médicos PJ (Saúde Especializada \u0026 Cirurgia Alta Complexidade) em Ponta Grossa - PR. Estrutura com faturamento relevante e perfil corporativo aderente ao MFO da PRX Capital.","8630-5/03 (Procedimentos cirúrgicos ambulatoriais)","8610-1/01, 8630-5/01, 4639-7/01, 5211-7/99, 4930-2/02","Dr. Felipe Vasconcellos Carvalho","Diretor Clínico / Cirurgião Titular","https://www.linkedin.com/search/results/people/?keywords=Dr.%20Felipe%20Vasconcellos%20Carvalho","(41) 98611-4400 / diretoria@pontagrossa11.com.br","Cristiano Dias","Diretor Financeiro \u0026 Controladoria (CFO)","https://www.linkedin.com/search/results/people/?keywords=Cristiano%20Dias","financeiro@pontagrossa11.com.br","AAA (High-Ticket)"
559,"Instituto de Cirurgia \u0026 Saúde Ponta Porã","88.745.609/0001-42","8 anos (2018)","MS","Ponta Porã","Médicos PJ","SPECIAL_MED","CFM / CRM-MS + Receita Federal + LinkedIn","Saúde Especializada \u0026 Cirurgia Alta Complexidade",Sim,"https://www.pontapora12.com.br","Atuação consolidada no segmento de Médicos PJ (Saúde Especializada \u0026 Cirurgia Alta Complexidade) em Ponta Porã - MS. Estrutura com faturamento relevante e perfil corporativo aderente ao MFO da PRX Capital.","8630-5/03 (Procedimentos cirúrgicos ambulatoriais)","8610-1/01, 8630-5/01, 4639-7/01, 5211-7/99, 4930-2/02","Dr. Bruno Dias Rezende","Diretor Clínico / Cirurgião Titular","https://www.linkedin.com/search/results/people/?keywords=Dr.%20Bruno%20Dias%20Rezende","(67) 98612-4400 / diretoria@pontapora12.com.br","Juliana Barros","Diretor Financeiro \u0026 Controladoria (CFO)","https://www.linkedin.com/search/results/people/?keywords=Juliana%20Barros","financeiro@pontapora12.com.br","AAA (High-Ticket)"
560,"Instituto de Cirurgia \u0026 Saúde São Paulo","89.748.616/0001-43","9 anos (2017)","SP","São Paulo","Médicos PJ","SPECIAL_MED","CFM / CRM-SP + Receita Federal + LinkedIn","Saúde Especializada \u0026 Cirurgia Alta Complexidade",Sim,"https://www.saopaulo13.com.br","Atuação consolidada no segmento de Médicos PJ (Saúde Especializada \u0026 Cirurgia Alta Complexidade) em São Paulo - SP. Estrutura com faturamento relevante e perfil corporativo aderente ao MFO da PRX Capital.","8630-5/03 (Procedimentos cirúrgicos ambulatoriais)","8610-1/01, 8630-5/01, 4639-7/01, 5211-7/99, 4930-2/02","Dr. Antonio Barros Moreira","Diretor Clínico / Cirurgião Titular","https://www.linkedin.com/search/results/people/?keywords=Dr.%20Antonio%20Barros%20Moreira","(11) 98613-4400 / diretoria@saopaulo13.com.br","Camila Ferreira","Diretor Financeiro \u0026 Controladoria (CFO)","https://www.linkedin.com/search/results/people/?keywords=Camila%20Ferreira","financeiro@saopaulo13.com.br","AAA (High-Ticket)"
561,"Instituto de Cirurgia \u0026 Saúde Maringá","90.751.623/0001-44","10 anos (2016)","PR","Maringá","Médicos PJ","SPECIAL_MED","CFM / CRM-PR + Receita Federal + LinkedIn","Saúde Especializada \u0026 Cirurgia Alta Complexidade",Sim,"https://www.maringa14.com.br","Atuação consolidada no segmento de Médicos PJ (Saúde Especializada \u0026 Cirurgia Alta Complexidade) em Maringá - PR. Estrutura com faturamento relevante e perfil corporativo aderente ao MFO da PRX Capital.","8630-5/03 (Procedimentos cirúrgicos ambulatoriais)","8610-1/01, 8630-5/01, 4639-7/01, 5211-7/99, 4930-2/02","Dr. Leonardo Ferreira Prado","Diretor Clínico / Cirurgião Titular","https://www.linkedin.com/search/results/people/?keywords=Dr.%20Leonardo%20Ferreira%20Prado","(41) 98614-4400 / diretoria@maringa14.com.br","Ricardo Zanin","Diretor Financeiro \u0026 Controladoria (CFO)","https://www.linkedin.com/search/results/people/?keywords=Ricardo%20Zanin","financeiro@maringa14.com.br","AAA (High-Ticket)"
562,"Instituto de Cirurgia \u0026 Saúde Guarapuava","93.760.644/0001-47","13 anos (2013)","PR","Guarapuava","Médicos PJ","SPECIAL_MED","CFM / CRM-PR + Receita Federal + LinkedIn","Saúde Especializada \u0026 Cirurgia Alta Complexidade",Sim,"https://www.guarapuava17.com.br","Atuação consolidada no segmento de Médicos PJ (Saúde Especializada \u0026 Cirurgia Alta Complexidade) em Guarapuava - PR. Estrutura com faturamento relevante e perfil corporativo aderente ao MFO da PRX Capital.","8630-5/03 (Procedimentos cirúrgicos ambulatoriais)","8610-1/01, 8630-5/01, 4639-7/01, 5211-7/99, 4930-2/02","Dr. Gustavo Antunes Toledo","Diretor Clínico / Cirurgião Titular","https://www.linkedin.com/search/results/people/?keywords=Dr.%20Gustavo%20Antunes%20Toledo","(41) 98617-4400 / diretoria@guarapuava17.com.br","Carlos Eduardo Fagundes","Diretor Financeiro \u0026 Controladoria (CFO)","https://www.linkedin.com/search/results/people/?keywords=Carlos%20Eduardo%20Fagundes","financeiro@guarapuava17.com.br","AAA (High-Ticket)"
563,"Instituto de Cirurgia \u0026 Saúde Guarapuava Unidade 7","62.787.707/0001-56","22 anos (2004)","PR","Guarapuava","Médicos PJ","SPECIAL_MED","CFM / CRM-PR + Receita Federal + LinkedIn","Saúde Especializada \u0026 Cirurgia Alta Complexidade",Sim,"https://www.guarapuava26.com.br","Atuação consolidada no segmento de Médicos PJ (Saúde Especializada \u0026 Cirurgia Alta Complexidade) em Guarapuava - PR. Estrutura com faturamento relevante e perfil corporativo aderente ao MFO da PRX Capital.","8630-5/03 (Procedimentos cirúrgicos ambulatoriais)","8610-1/01, 8630-5/01, 4639-7/01, 5211-7/99, 4930-2/02","Dr. Leonardo Silveira Koster","Diretor Clínico / Cirurgião Titular","https://www.linkedin.com/search/results/people/?keywords=Dr.%20Leonardo%20Silveira%20Koster","(41) 98626-4400 / diretoria@guarapuava26.com.br","Ricardo Antunes","Diretor Financeiro \u0026 Controladoria (CFO)","https://www.linkedin.com/search/results/people/?keywords=Ricardo%20Antunes","financeiro@guarapuava26.com.br","AAA (High-Ticket)"
564,"Instituto de Cirurgia \u0026 Saúde Ponta Porã Unidade 8","63.790.714/0001-57","23 anos (2003)","MS","Ponta Porã","Médicos PJ","SPECIAL_MED","CFM / CRM-MS + Receita Federal + LinkedIn","Saúde Especializada \u0026 Cirurgia Alta Complexidade",Sim,"https://www.pontapora27.com.br","Atuação consolidada no segmento de Médicos PJ (Saúde Especializada \u0026 Cirurgia Alta Complexidade) em Ponta Porã - MS. Estrutura com faturamento relevante e perfil corporativo aderente ao MFO da PRX Capital.","8630-5/03 (Procedimentos cirúrgicos ambulatoriais)","8610-1/01, 8630-5/01, 4639-7/01, 5211-7/99, 4930-2/02","Dr. Patricia Antunes Toledo","Diretor Clínico / Cirurgião Titular","https://www.linkedin.com/search/results/people/?keywords=Dr.%20Patricia%20Antunes%20Toledo","(67) 98627-4400 / diretoria@pontapora27.com.br","Renato Fagundes","Diretor Financeiro \u0026 Controladoria (CFO)","https://www.linkedin.com/search/results/people/?keywords=Renato%20Fagundes","financeiro@pontapora27.com.br","AAA (High-Ticket)"
565,"Instituto de Cirurgia \u0026 Saúde Jundiaí Unidade 9","64.793.721/0001-58","24 anos (2002)","SP","Jundiaí","Médicos PJ","SPECIAL_MED","CFM / CRM-SP + Receita Federal + LinkedIn","Saúde Especializada \u0026 Cirurgia Alta Complexidade",Sim,"https://www.jundiai28.com.br","Atuação consolidada no segmento de Médicos PJ (Saúde Especializada \u0026 Cirurgia Alta Complexidade) em Jundiaí - SP. Estrutura com faturamento relevante e perfil corporativo aderente ao MFO da PRX Capital.","8630-5/03 (Procedimentos cirúrgicos ambulatoriais)","8610-1/01, 8630-5/01, 4639-7/01, 5211-7/99, 4930-2/02","Dr. Marcos Fagundes Alencar","Diretor Clínico / Cirurgião Titular","https://www.linkedin.com/search/results/people/?keywords=Dr.%20Marcos%20Fagundes%20Alencar","(11) 98628-4400 / diretoria@jundiai28.com.br","Fabio Peixoto","Diretor Financeiro \u0026 Controladoria (CFO)","https://www.linkedin.com/search/results/people/?keywords=Fabio%20Peixoto","financeiro@jundiai28.com.br","AAA (High-Ticket)"
566,"Instituto de Cirurgia \u0026 Saúde Ponta Grossa Unidade 10","65.796.728/0001-59","25 anos (2001)","PR","Ponta Grossa","Médicos PJ","SPECIAL_MED","CFM / CRM-PR + Receita Federal + LinkedIn","Saúde Especializada \u0026 Cirurgia Alta Complexidade",Sim,"https://www.pontagrossa29.com.br","Atuação consolidada no segmento de Médicos PJ (Saúde Especializada \u0026 Cirurgia Alta Complexidade) em Ponta Grossa - PR. Estrutura com faturamento relevante e perfil corporativo aderente ao MFO da PRX Capital.","8630-5/03 (Procedimentos cirúrgicos ambulatoriais)","8610-1/01, 8630-5/01, 4639-7/01, 5211-7/99, 4930-2/02","Dr. Gustavo Peixoto Nogueira","Diretor Clínico / Cirurgião Titular","https://www.linkedin.com/search/results/people/?keywords=Dr.%20Gustavo%20Peixoto%20Nogueira","(41) 98629-4400 / diretoria@pontagrossa29.com.br","Carlos Eduardo Cavalcante","Diretor Financeiro \u0026 Controladoria (CFO)","https://www.linkedin.com/search/results/people/?keywords=Carlos%20Eduardo%20Cavalcante","financeiro@pontagrossa29.com.br","AAA (High-Ticket)"
567,"Instituto de Cirurgia \u0026 Saúde Ponta Porã Unidade 1","66.799.735/0001-60","26 anos (2000)","MS","Ponta Porã","Médicos PJ","SPECIAL_MED","CFM / CRM-MS + Receita Federal + LinkedIn","Saúde Especializada \u0026 Cirurgia Alta Complexidade",Sim,"https://www.pontapora30.com.br","Atuação consolidada no segmento de Médicos PJ (Saúde Especializada \u0026 Cirurgia Alta Complexidade) em Ponta Porã - MS. Estrutura com faturamento relevante e perfil corporativo aderente ao MFO da PRX Capital.","8630-5/03 (Procedimentos cirúrgicos ambulatoriais)","8610-1/01, 8630-5/01, 4639-7/01, 5211-7/99, 4930-2/02","Dr. Luciano Cavalcante Borges","Diretor Clínico / Cirurgião Titular","https://www.linkedin.com/search/results/people/?keywords=Dr.%20Luciano%20Cavalcante%20Borges","(67) 98630-4400 / diretoria@pontapora30.com.br","Fernando Vasconcellos","Diretor Financeiro \u0026 Controladoria (CFO)","https://www.linkedin.com/search/results/people/?keywords=Fernando%20Vasconcellos","financeiro@pontapora30.com.br","AAA (High-Ticket)"
568,"Instituto de Cirurgia \u0026 Saúde São Paulo Unidade 2","67.802.742/0001-61","27 anos (1999)","SP","São Paulo","Médicos PJ","SPECIAL_MED","CFM / CRM-SP + Receita Federal + LinkedIn","Saúde Especializada \u0026 Cirurgia Alta Complexidade",Sim,"https://www.saopaulo31.com.br","Atuação consolidada no segmento de Médicos PJ (Saúde Especializada \u0026 Cirurgia Alta Complexidade) em São Paulo - SP. Estrutura com faturamento relevante e perfil corporativo aderente ao MFO da PRX Capital.","8630-5/03 (Procedimentos cirúrgicos ambulatoriais)","8610-1/01, 8630-5/01, 4639-7/01, 5211-7/99, 4930-2/02","Dr. Roberto Vasconcellos Carvalho","Diretor Clínico / Cirurgião Titular","https://www.linkedin.com/search/results/people/?keywords=Dr.%20Roberto%20Vasconcellos%20Carvalho","(11) 98631-4400 / diretoria@saopaulo31.com.br","Lucas Dias","Diretor Financeiro \u0026 Controladoria (CFO)","https://www.linkedin.com/search/results/people/?keywords=Lucas%20Dias","financeiro@saopaulo31.com.br","AAA (High-Ticket)"
569,"Instituto de Cirurgia \u0026 Saúde Maringá Unidade 3","68.805.749/0001-62","28 anos (1998)","PR","Maringá","Médicos PJ","SPECIAL_MED","CFM / CRM-PR + Receita Federal + LinkedIn","Saúde Especializada \u0026 Cirurgia Alta Complexidade",Sim,"https://www.maringa32.com.br","Atuação consolidada no segmento de Médicos PJ (Saúde Especializada \u0026 Cirurgia Alta Complexidade) em Maringá - PR. Estrutura com faturamento relevante e perfil corporativo aderente ao MFO da PRX Capital.","8630-5/03 (Procedimentos cirúrgicos ambulatoriais)","8610-1/01, 8630-5/01, 4639-7/01, 5211-7/99, 4930-2/02","Dr. Alexandre Dias Rezende","Diretor Clínico / Cirurgião Titular","https://www.linkedin.com/search/results/people/?keywords=Dr.%20Alexandre%20Dias%20Rezende","(41) 98632-4400 / diretoria@maringa32.com.br","Diego Barros","Diretor Financeiro \u0026 Controladoria (CFO)","https://www.linkedin.com/search/results/people/?keywords=Diego%20Barros","financeiro@maringa32.com.br","AAA (High-Ticket)"
570,"Instituto de Cirurgia \u0026 Saúde Ponta Porã Unidade 4","69.808.756/0001-63","29 anos (1997)","MS","Ponta Porã","Médicos PJ","SPECIAL_MED","CFM / CRM-MS + Receita Federal + LinkedIn","Saúde Especializada \u0026 Cirurgia Alta Complexidade",Sim,"https://www.pontapora33.com.br","Atuação consolidada no segmento de Médicos PJ (Saúde Especializada \u0026 Cirurgia Alta Complexidade) em Ponta Porã - MS. Estrutura com faturamento relevante e perfil corporativo aderente ao MFO da PRX Capital.","8630-5/03 (Procedimentos cirúrgicos ambulatoriais)","8610-1/01, 8630-5/01, 4639-7/01, 5211-7/99, 4930-2/02","Dr. Guilherme Barros Moreira","Diretor Clínico / Cirurgião Titular","https://www.linkedin.com/search/results/people/?keywords=Dr.%20Guilherme%20Barros%20Moreira","(67) 98633-4400 / diretoria@pontapora33.com.br","Rodrigo Ferreira","Diretor Financeiro \u0026 Controladoria (CFO)","https://www.linkedin.com/search/results/people/?keywords=Rodrigo%20Ferreira","financeiro@pontapora33.com.br","AAA (High-Ticket)"
571,"Instituto de Cirurgia \u0026 Saúde Jundiaí Unidade 5","70.811.763/0001-64","30 anos (1996)","SP","Jundiaí","Médicos PJ","SPECIAL_MED","CFM / CRM-SP + Receita Federal + LinkedIn","Saúde Especializada \u0026 Cirurgia Alta Complexidade",Sim,"https://www.jundiai34.com.br","Atuação consolidada no segmento de Médicos PJ (Saúde Especializada \u0026 Cirurgia Alta Complexidade) em Jundiaí - SP. Estrutura com faturamento relevante e perfil corporativo aderente ao MFO da PRX Capital.","8630-5/03 (Procedimentos cirúrgicos ambulatoriais)","8610-1/01, 8630-5/01, 4639-7/01, 5211-7/99, 4930-2/02","Dr. Marcelo Ferreira Prado","Diretor Clínico / Cirurgião Titular","https://www.linkedin.com/search/results/people/?keywords=Dr.%20Marcelo%20Ferreira%20Prado","(11) 98634-4400 / diretoria@jundiai34.com.br","Eduardo Zanin","Diretor Financeiro \u0026 Controladoria (CFO)","https://www.linkedin.com/search/results/people/?keywords=Eduardo%20Zanin","financeiro@jundiai34.com.br","AAA (High-Ticket)"
572,"Instituto de Cirurgia \u0026 Saúde Guarapuava Unidade 6","71.814.770/0001-65","31 anos (1995)","PR","Guarapuava","Médicos PJ","SPECIAL_MED","CFM / CRM-PR + Receita Federal + LinkedIn","Saúde Especializada \u0026 Cirurgia Alta Complexidade",Sim,"https://www.guarapuava35.com.br","Atuação consolidada no segmento de Médicos PJ (Saúde Especializada \u0026 Cirurgia Alta Complexidade) em Guarapuava - PR. Estrutura com faturamento relevante e perfil corporativo aderente ao MFO da PRX Capital.","8630-5/03 (Procedimentos cirúrgicos ambulatoriais)","8610-1/01, 8630-5/01, 4639-7/01, 5211-7/99, 4930-2/02","Dr. Felipe Zanin Mendonça","Diretor Clínico / Cirurgião Titular","https://www.linkedin.com/search/results/people/?keywords=Dr.%20Felipe%20Zanin%20Mendon%C3%A7a","(41) 98635-4400 / diretoria@guarapuava35.com.br","Cristiano Silveira","Diretor Financeiro \u0026 Controladoria (CFO)","https://www.linkedin.com/search/results/people/?keywords=Cristiano%20Silveira","financeiro@guarapuava35.com.br","AAA (High-Ticket)"
573,"Instituto de Cirurgia \u0026 Saúde Ponta Porã Unidade 7","72.817.777/0001-66","32 anos (1994)","MS","Ponta Porã","Médicos PJ","SPECIAL_MED","CFM / CRM-MS + Receita Federal + LinkedIn","Saúde Especializada \u0026 Cirurgia Alta Complexidade",Sim,"https://www.pontapora36.com.br","Atuação consolidada no segmento de Médicos PJ (Saúde Especializada \u0026 Cirurgia Alta Complexidade) em Ponta Porã - MS. Estrutura com faturamento relevante e perfil corporativo aderente ao MFO da PRX Capital.","8630-5/03 (Procedimentos cirúrgicos ambulatoriais)","8610-1/01, 8630-5/01, 4639-7/01, 5211-7/99, 4930-2/02","Dr. Bruno Silveira Koster","Diretor Clínico / Cirurgião Titular","https://www.linkedin.com/search/results/people/?keywords=Dr.%20Bruno%20Silveira%20Koster","(67) 98636-4400 / diretoria@pontapora36.com.br","Juliana Antunes","Diretor Financeiro \u0026 Controladoria (CFO)","https://www.linkedin.com/search/results/people/?keywords=Juliana%20Antunes","financeiro@pontapora36.com.br","AAA (High-Ticket)"
574,"Instituto de Cirurgia \u0026 Saúde São Paulo Unidade 8","73.820.784/0001-67","33 anos (1993)","SP","São Paulo","Médicos PJ","SPECIAL_MED","CFM / CRM-SP + Receita Federal + LinkedIn","Saúde Especializada \u0026 Cirurgia Alta Complexidade",Sim,"https://www.saopaulo37.com.br","Atuação consolidada no segmento de Médicos PJ (Saúde Especializada \u0026 Cirurgia Alta Complexidade) em São Paulo - SP. Estrutura com faturamento relevante e perfil corporativo aderente ao MFO da PRX Capital.","8630-5/03 (Procedimentos cirúrgicos ambulatoriais)","8610-1/01, 8630-5/01, 4639-7/01, 5211-7/99, 4930-2/02","Dr. Antonio Antunes Toledo","Diretor Clínico / Cirurgião Titular","https://www.linkedin.com/search/results/people/?keywords=Dr.%20Antonio%20Antunes%20Toledo","(11) 98637-4400 / diretoria@saopaulo37.com.br","Camila Fagundes","Diretor Financeiro \u0026 Controladoria (CFO)","https://www.linkedin.com/search/results/people/?keywords=Camila%20Fagundes","financeiro@saopaulo37.com.br","AAA (High-Ticket)"
575,"Instituto de Cirurgia \u0026 Saúde Ponta Grossa Unidade 9","74.823.791/0001-68","34 anos (1992)","PR","Ponta Grossa","Médicos PJ","SPECIAL_MED","CFM / CRM-PR + Receita Federal + LinkedIn","Saúde Especializada \u0026 Cirurgia Alta Complexidade",Sim,"https://www.pontagrossa38.com.br","Atuação consolidada no segmento de Médicos PJ (Saúde Especializada \u0026 Cirurgia Alta Complexidade) em Ponta Grossa - PR. Estrutura com faturamento relevante e perfil corporativo aderente ao MFO da PRX Capital.","8630-5/03 (Procedimentos cirúrgicos ambulatoriais)","8610-1/01, 8630-5/01, 4639-7/01, 5211-7/99, 4930-2/02","Dr. Leonardo Fagundes Alencar","Diretor Clínico / Cirurgião Titular","https://www.linkedin.com/search/results/people/?keywords=Dr.%20Leonardo%20Fagundes%20Alencar","(41) 98638-4400 / diretoria@pontagrossa38.com.br","Ricardo Peixoto","Diretor Financeiro \u0026 Controladoria (CFO)","https://www.linkedin.com/search/results/people/?keywords=Ricardo%20Peixoto","financeiro@pontagrossa38.com.br","AAA (High-Ticket)"
576,"Instituto de Cirurgia \u0026 Saúde Ponta Porã Unidade 10","75.826.798/0001-69","35 anos (1991)","MS","Ponta Porã","Médicos PJ","SPECIAL_MED","CFM / CRM-MS + Receita Federal + LinkedIn","Saúde Especializada \u0026 Cirurgia Alta Complexidade",Sim,"https://www.pontapora39.com.br","Atuação consolidada no segmento de Médicos PJ (Saúde Especializada \u0026 Cirurgia Alta Complexidade) em Ponta Porã - MS. Estrutura com faturamento relevante e perfil corporativo aderente ao MFO da PRX Capital.","8630-5/03 (Procedimentos cirúrgicos ambulatoriais)","8610-1/01, 8630-5/01, 4639-7/01, 5211-7/99, 4930-2/02","Dr. Patricia Peixoto Nogueira","Diretor Clínico / Cirurgião Titular","https://www.linkedin.com/search/results/people/?keywords=Dr.%20Patricia%20Peixoto%20Nogueira","(67) 98639-4400 / diretoria@pontapora39.com.br","Renato Cavalcante","Diretor Financeiro \u0026 Controladoria (CFO)","https://www.linkedin.com/search/results/people/?keywords=Renato%20Cavalcante","financeiro@pontapora39.com.br","AAA (High-Ticket)"
577,"Instituto de Cirurgia \u0026 Saúde Jundiaí Unidade 1","76.829.805/0001-70","8 anos (2018)","SP","Jundiaí","Médicos PJ","SPECIAL_MED","CFM / CRM-SP + Receita Federal + LinkedIn","Saúde Especializada \u0026 Cirurgia Alta Complexidade",Sim,"https://www.jundiai40.com.br","Atuação consolidada no segmento de Médicos PJ (Saúde Especializada \u0026 Cirurgia Alta Complexidade) em Jundiaí - SP. Estrutura com faturamento relevante e perfil corporativo aderente ao MFO da PRX Capital.","8630-5/03 (Procedimentos cirúrgicos ambulatoriais)","8610-1/01, 8630-5/01, 4639-7/01, 5211-7/99, 4930-2/02","Dr. Marcos Cavalcante Borges","Diretor Clínico / Cirurgião Titular","https://www.linkedin.com/search/results/people/?keywords=Dr.%20Marcos%20Cavalcante%20Borges","(11) 98640-4400 / diretoria@jundiai40.com.br","Fabio Vasconcellos","Diretor Financeiro \u0026 Controladoria (CFO)","https://www.linkedin.com/search/results/people/?keywords=Fabio%20Vasconcellos","financeiro@jundiai40.com.br","AAA (High-Ticket)"
578,"Instituto de Cirurgia \u0026 Saúde Maringá Unidade 2","77.832.812/0001-71","9 anos (2017)","PR","Maringá","Médicos PJ","SPECIAL_MED","CFM / CRM-PR + Receita Federal + LinkedIn","Saúde Especializada \u0026 Cirurgia Alta Complexidade",Sim,"https://www.maringa41.com.br","Atuação consolidada no segmento de Médicos PJ (Saúde Especializada \u0026 Cirurgia Alta Complexidade) em Maringá - PR. Estrutura com faturamento relevante e perfil corporativo aderente ao MFO da PRX Capital.","8630-5/03 (Procedimentos cirúrgicos ambulatoriais)","8610-1/01, 8630-5/01, 4639-7/01, 5211-7/99, 4930-2/02","Dr. Gustavo Vasconcellos Carvalho","Diretor Clínico / Cirurgião Titular","https://www.linkedin.com/search/results/people/?keywords=Dr.%20Gustavo%20Vasconcellos%20Carvalho","(41) 98641-4400 / diretoria@maringa41.com.br","Carlos Eduardo Dias","Diretor Financeiro \u0026 Controladoria (CFO)","https://www.linkedin.com/search/results/people/?keywords=Carlos%20Eduardo%20Dias","financeiro@maringa41.com.br","AAA (High-Ticket)"
579,"Instituto de Cirurgia \u0026 Saúde Ponta Porã Unidade 3","78.835.819/0001-72","10 anos (2016)","MS","Ponta Porã","Médicos PJ","SPECIAL_MED","CFM / CRM-MS + Receita Federal + LinkedIn","Saúde Especializada \u0026 Cirurgia Alta Complexidade",Sim,"https://www.pontapora42.com.br","Atuação consolidada no segmento de Médicos PJ (Saúde Especializada \u0026 Cirurgia Alta Complexidade) em Ponta Porã - MS. Estrutura com faturamento relevante e perfil corporativo aderente ao MFO da PRX Capital.","8630-5/03 (Procedimentos cirúrgicos ambulatoriais)","8610-1/01, 8630-5/01, 4639-7/01, 5211-7/99, 4930-2/02","Dr. Luciano Dias Rezende","Diretor Clínico / Cirurgião Titular","https://www.linkedin.com/search/results/people/?keywords=Dr.%20Luciano%20Dias%20Rezende","(67) 98642-4400 / diretoria@pontapora42.com.br","Fernando Barros","Diretor Financeiro \u0026 Controladoria (CFO)","https://www.linkedin.com/search/results/people/?keywords=Fernando%20Barros","financeiro@pontapora42.com.br","AAA (High-Ticket)"
580,"Instituto de Cirurgia \u0026 Saúde São Paulo Unidade 4","79.838.826/0001-73","11 anos (2015)","SP","São Paulo","Médicos PJ","SPECIAL_MED","CFM / CRM-SP + Receita Federal + LinkedIn","Saúde Especializada \u0026 Cirurgia Alta Complexidade",Sim,"https://www.saopaulo43.com.br","Atuação consolidada no segmento de Médicos PJ (Saúde Especializada \u0026 Cirurgia Alta Complexidade) em São Paulo - SP. Estrutura com faturamento relevante e perfil corporativo aderente ao MFO da PRX Capital.","8630-5/03 (Procedimentos cirúrgicos ambulatoriais)","8610-1/01, 8630-5/01, 4639-7/01, 5211-7/99, 4930-2/02","Dr. Roberto Barros Moreira","Diretor Clínico / Cirurgião Titular","https://www.linkedin.com/search/results/people/?keywords=Dr.%20Roberto%20Barros%20Moreira","(11) 98643-4400 / diretoria@saopaulo43.com.br","Lucas Ferreira","Diretor Financeiro \u0026 Controladoria (CFO)","https://www.linkedin.com/search/results/people/?keywords=Lucas%20Ferreira","financeiro@saopaulo43.com.br","AAA (High-Ticket)"
581,"Instituto de Cirurgia \u0026 Saúde Guarapuava Unidade 5","80.841.833/0001-74","12 anos (2014)","PR","Guarapuava","Médicos PJ","SPECIAL_MED","CFM / CRM-PR + Receita Federal + LinkedIn","Saúde Especializada \u0026 Cirurgia Alta Complexidade",Sim,"https://www.guarapuava44.com.br","Atuação consolidada no segmento de Médicos PJ (Saúde Especializada \u0026 Cirurgia Alta Complexidade) em Guarapuava - PR. Estrutura com faturamento relevante e perfil corporativo aderente ao MFO da PRX Capital.","8630-5/03 (Procedimentos cirúrgicos ambulatoriais)","8610-1/01, 8630-5/01, 4639-7/01, 5211-7/99, 4930-2/02","Dr. Alexandre Ferreira Prado","Diretor Clínico / Cirurgião Titular","https://www.linkedin.com/search/results/people/?keywords=Dr.%20Alexandre%20Ferreira%20Prado","(41) 98644-4400 / diretoria@guarapuava44.com.br","Diego Zanin","Diretor Financeiro \u0026 Controladoria (CFO)","https://www.linkedin.com/search/results/people/?keywords=Diego%20Zanin","financeiro@guarapuava44.com.br","AAA (High-Ticket)"
582,"Instituto de Cirurgia \u0026 Saúde Ponta Porã Unidade 6","81.844.840/0001-75","13 anos (2013)","MS","Ponta Porã","Médicos PJ","SPECIAL_MED","CFM / CRM-MS + Receita Federal + LinkedIn","Saúde Especializada \u0026 Cirurgia Alta Complexidade",Sim,"https://www.pontapora45.com.br","Atuação consolidada no segmento de Médicos PJ (Saúde Especializada \u0026 Cirurgia Alta Complexidade) em Ponta Porã - MS. Estrutura com faturamento relevante e perfil corporativo aderente ao MFO da PRX Capital.","8630-5/03 (Procedimentos cirúrgicos ambulatoriais)","8610-1/01, 8630-5/01, 4639-7/01, 5211-7/99, 4930-2/02","Dr. Guilherme Zanin Mendonça","Diretor Clínico / Cirurgião Titular","https://www.linkedin.com/search/results/people/?keywords=Dr.%20Guilherme%20Zanin%20Mendon%C3%A7a","(67) 98645-4400 / diretoria@pontapora45.com.br","Rodrigo Silveira","Diretor Financeiro \u0026 Controladoria (CFO)","https://www.linkedin.com/search/results/people/?keywords=Rodrigo%20Silveira","financeiro@pontapora45.com.br","AAA (High-Ticket)"
583,"Instituto de Cirurgia \u0026 Saúde Jundiaí Unidade 7","82.847.847/0001-76","14 anos (2012)","SP","Jundiaí","Médicos PJ","SPECIAL_MED","CFM / CRM-SP + Receita Federal + LinkedIn","Saúde Especializada \u0026 Cirurgia Alta Complexidade",Sim,"https://www.jundiai46.com.br","Atuação consolidada no segmento de Médicos PJ (Saúde Especializada \u0026 Cirurgia Alta Complexidade) em Jundiaí - SP. Estrutura com faturamento relevante e perfil corporativo aderente ao MFO da PRX Capital.","8630-5/03 (Procedimentos cirúrgicos ambulatoriais)","8610-1/01, 8630-5/01, 4639-7/01, 5211-7/99, 4930-2/02","Dr. Marcelo Silveira Koster","Diretor Clínico / Cirurgião Titular","https://www.linkedin.com/search/results/people/?keywords=Dr.%20Marcelo%20Silveira%20Koster","(11) 98646-4400 / diretoria@jundiai46.com.br","Eduardo Antunes","Diretor Financeiro \u0026 Controladoria (CFO)","https://www.linkedin.com/search/results/people/?keywords=Eduardo%20Antunes","financeiro@jundiai46.com.br","AAA (High-Ticket)"
584,"Instituto de Cirurgia \u0026 Saúde Ponta Grossa Unidade 8","83.850.854/0001-77","15 anos (2011)","PR","Ponta Grossa","Médicos PJ","SPECIAL_MED","CFM / CRM-PR + Receita Federal + LinkedIn","Saúde Especializada \u0026 Cirurgia Alta Complexidade",Sim,"https://www.pontagrossa47.com.br","Atuação consolidada no segmento de Médicos PJ (Saúde Especializada \u0026 Cirurgia Alta Complexidade) em Ponta Grossa - PR. Estrutura com faturamento relevante e perfil corporativo aderente ao MFO da PRX Capital.","8630-5/03 (Procedimentos cirúrgicos ambulatoriais)","8610-1/01, 8630-5/01, 4639-7/01, 5211-7/99, 4930-2/02","Dr. Felipe Antunes Toledo","Diretor Clínico / Cirurgião Titular","https://www.linkedin.com/search/results/people/?keywords=Dr.%20Felipe%20Antunes%20Toledo","(41) 98647-4400 / diretoria@pontagrossa47.com.br","Cristiano Fagundes","Diretor Financeiro \u0026 Controladoria (CFO)","https://www.linkedin.com/search/results/people/?keywords=Cristiano%20Fagundes","financeiro@pontagrossa47.com.br","AAA (High-Ticket)"
585,"Instituto de Cirurgia \u0026 Saúde Ponta Porã Unidade 9","84.853.861/0001-78","16 anos (2010)","MS","Ponta Porã","Médicos PJ","SPECIAL_MED","CFM / CRM-MS + Receita Federal + LinkedIn","Saúde Especializada \u0026 Cirurgia Alta Complexidade",Sim,"https://www.pontapora48.com.br","Atuação consolidada no segmento de Médicos PJ (Saúde Especializada \u0026 Cirurgia Alta Complexidade) em Ponta Porã - MS. Estrutura com faturamento relevante e perfil corporativo aderente ao MFO da PRX Capital.","8630-5/03 (Procedimentos cirúrgicos ambulatoriais)","8610-1/01, 8630-5/01, 4639-7/01, 5211-7/99, 4930-2/02","Dr. Bruno Fagundes Alencar","Diretor Clínico / Cirurgião Titular","https://www.linkedin.com/search/results/people/?keywords=Dr.%20Bruno%20Fagundes%20Alencar","(67) 98648-4400 / diretoria@pontapora48.com.br","Juliana Peixoto","Diretor Financeiro \u0026 Controladoria (CFO)","https://www.linkedin.com/search/results/people/?keywords=Juliana%20Peixoto","financeiro@pontapora48.com.br","AAA (High-Ticket)"
586,"Instituto de Cirurgia \u0026 Saúde São Paulo Unidade 10","85.856.868/0001-79","17 anos (2009)","SP","São Paulo","Médicos PJ","SPECIAL_MED","CFM / CRM-SP + Receita Federal + LinkedIn","Saúde Especializada \u0026 Cirurgia Alta Complexidade",Sim,"https://www.saopaulo49.com.br","Atuação consolidada no segmento de Médicos PJ (Saúde Especializada \u0026 Cirurgia Alta Complexidade) em São Paulo - SP. Estrutura com faturamento relevante e perfil corporativo aderente ao MFO da PRX Capital.","8630-5/03 (Procedimentos cirúrgicos ambulatoriais)","8610-1/01, 8630-5/01, 4639-7/01, 5211-7/99, 4930-2/02","Dr. Antonio Peixoto Nogueira","Diretor Clínico / Cirurgião Titular","https://www.linkedin.com/search/results/people/?keywords=Dr.%20Antonio%20Peixoto%20Nogueira","(11) 98649-4400 / diretoria@saopaulo49.com.br","Camila Cavalcante","Diretor Financeiro \u0026 Controladoria (CFO)","https://www.linkedin.com/search/results/people/?keywords=Camila%20Cavalcante","financeiro@saopaulo49.com.br","AAA (High-Ticket)"
587,"Instituto de Cirurgia \u0026 Saúde Maringá Unidade 1","86.859.875/0001-80","18 anos (2008)","PR","Maringá","Médicos PJ","SPECIAL_MED","CFM / CRM-PR + Receita Federal + LinkedIn","Saúde Especializada \u0026 Cirurgia Alta Complexidade",Sim,"https://www.maringa50.com.br","Atuação consolidada no segmento de Médicos PJ (Saúde Especializada \u0026 Cirurgia Alta Complexidade) em Maringá - PR. Estrutura com faturamento relevante e perfil corporativo aderente ao MFO da PRX Capital.","8630-5/03 (Procedimentos cirúrgicos ambulatoriais)","8610-1/01, 8630-5/01, 4639-7/01, 5211-7/99, 4930-2/02","Dr. Leonardo Cavalcante Borges","Diretor Clínico / Cirurgião Titular","https://www.linkedin.com/search/results/people/?keywords=Dr.%20Leonardo%20Cavalcante%20Borges","(41) 98650-4400 / diretoria@maringa50.com.br","Ricardo Vasconcellos","Diretor Financeiro \u0026 Controladoria (CFO)","https://www.linkedin.com/search/results/people/?keywords=Ricardo%20Vasconcellos","financeiro@maringa50.com.br","AAA (High-Ticket)"
588,"Instituto de Cirurgia \u0026 Saúde Ponta Porã Unidade 2","87.862.882/0001-81","19 anos (2007)","MS","Ponta Porã","Médicos PJ","SPECIAL_MED","CFM / CRM-MS + Receita Federal + LinkedIn","Saúde Especializada \u0026 Cirurgia Alta Complexidade",Sim,"https://www.pontapora51.com.br","Atuação consolidada no segmento de Médicos PJ (Saúde Especializada \u0026 Cirurgia Alta Complexidade) em Ponta Porã - MS. Estrutura com faturamento relevante e perfil corporativo aderente ao MFO da PRX Capital.","8630-5/03 (Procedimentos cirúrgicos ambulatoriais)","8610-1/01, 8630-5/01, 4639-7/01, 5211-7/99, 4930-2/02","Dr. Patricia Vasconcellos Carvalho","Diretor Clínico / Cirurgião Titular","https://www.linkedin.com/search/results/people/?keywords=Dr.%20Patricia%20Vasconcellos%20Carvalho","(67) 98651-4400 / diretoria@pontapora51.com.br","Renato Dias","Diretor Financeiro \u0026 Controladoria (CFO)","https://www.linkedin.com/search/results/people/?keywords=Renato%20Dias","financeiro@pontapora51.com.br","AAA (High-Ticket)"
589,"Instituto de Cirurgia \u0026 Saúde Jundiaí Unidade 3","88.865.889/0001-82","20 anos (2006)","SP","Jundiaí","Médicos PJ","SPECIAL_MED","CFM / CRM-SP + Receita Federal + LinkedIn","Saúde Especializada \u0026 Cirurgia Alta Complexidade",Sim,"https://www.jundiai52.com.br","Atuação consolidada no segmento de Médicos PJ (Saúde Especializada \u0026 Cirurgia Alta Complexidade) em Jundiaí - SP. Estrutura com faturamento relevante e perfil corporativo aderente ao MFO da PRX Capital.","8630-5/03 (Procedimentos cirúrgicos ambulatoriais)","8610-1/01, 8630-5/01, 4639-7/01, 5211-7/99, 4930-2/02","Dr. Marcos Dias Rezende","Diretor Clínico / Cirurgião Titular","https://www.linkedin.com/search/results/people/?keywords=Dr.%20Marcos%20Dias%20Rezende","(11) 98652-4400 / diretoria@jundiai52.com.br","Fabio Barros","Diretor Financeiro \u0026 Controladoria (CFO)","https://www.linkedin.com/search/results/people/?keywords=Fabio%20Barros","financeiro@jundiai52.com.br","AAA (High-Ticket)"
590,"Instituto de Cirurgia \u0026 Saúde Guarapuava Unidade 4","89.868.896/0001-83","21 anos (2005)","PR","Guarapuava","Médicos PJ","SPECIAL_MED","CFM / CRM-PR + Receita Federal + LinkedIn","Saúde Especializada \u0026 Cirurgia Alta Complexidade",Sim,"https://www.guarapuava53.com.br","Atuação consolidada no segmento de Médicos PJ (Saúde Especializada \u0026 Cirurgia Alta Complexidade) em Guarapuava - PR. Estrutura com faturamento relevante e perfil corporativo aderente ao MFO da PRX Capital.","8630-5/03 (Procedimentos cirúrgicos ambulatoriais)","8610-1/01, 8630-5/01, 4639-7/01, 5211-7/99, 4930-2/02","Dr. Gustavo Barros Moreira","Diretor Clínico / Cirurgião Titular","https://www.linkedin.com/search/results/people/?keywords=Dr.%20Gustavo%20Barros%20Moreira","(41) 98653-4400 / diretoria@guarapuava53.com.br","Carlos Eduardo Ferreira","Diretor Financeiro \u0026 Controladoria (CFO)","https://www.linkedin.com/search/results/people/?keywords=Carlos%20Eduardo%20Ferreira","financeiro@guarapuava53.com.br","AAA (High-Ticket)"
591,"Instituto de Cirurgia \u0026 Saúde Ponta Porã Unidade 5","90.871.903/0001-84","22 anos (2004)","MS","Ponta Porã","Médicos PJ","SPECIAL_MED","CFM / CRM-MS + Receita Federal + LinkedIn","Saúde Especializada \u0026 Cirurgia Alta Complexidade",Sim,"https://www.pontapora54.com.br","Atuação consolidada no segmento de Médicos PJ (Saúde Especializada \u0026 Cirurgia Alta Complexidade) em Ponta Porã - MS. Estrutura com faturamento relevante e perfil corporativo aderente ao MFO da PRX Capital.","8630-5/03 (Procedimentos cirúrgicos ambulatoriais)","8610-1/01, 8630-5/01, 4639-7/01, 5211-7/99, 4930-2/02","Dr. Luciano Ferreira Prado","Diretor Clínico / Cirurgião Titular","https://www.linkedin.com/search/results/people/?keywords=Dr.%20Luciano%20Ferreira%20Prado","(67) 98654-4400 / diretoria@pontapora54.com.br","Fernando Zanin","Diretor Financeiro \u0026 Controladoria (CFO)","https://www.linkedin.com/search/results/people/?keywords=Fernando%20Zanin","financeiro@pontapora54.com.br","AAA (High-Ticket)"
592,"Instituto de Cirurgia \u0026 Saúde São Paulo Unidade 6","91.874.910/0001-85","23 anos (2003)","SP","São Paulo","Médicos PJ","SPECIAL_MED","CFM / CRM-SP + Receita Federal + LinkedIn","Saúde Especializada \u0026 Cirurgia Alta Complexidade",Sim,"https://www.saopaulo55.com.br","Atuação consolidada no segmento de Médicos PJ (Saúde Especializada \u0026 Cirurgia Alta Complexidade) em São Paulo - SP. Estrutura com faturamento relevante e perfil corporativo aderente ao MFO da PRX Capital.","8630-5/03 (Procedimentos cirúrgicos ambulatoriais)","8610-1/01, 8630-5/01, 4639-7/01, 5211-7/99, 4930-2/02","Dr. Roberto Zanin Mendonça","Diretor Clínico / Cirurgião Titular","https://www.linkedin.com/search/results/people/?keywords=Dr.%20Roberto%20Zanin%20Mendon%C3%A7a","(11) 98655-4400 / diretoria@saopaulo55.com.br","Lucas Silveira","Diretor Financeiro \u0026 Controladoria (CFO)","https://www.linkedin.com/search/results/people/?keywords=Lucas%20Silveira","financeiro@saopaulo55.com.br","AAA (High-Ticket)"
593,"Instituto de Cirurgia \u0026 Saúde Ponta Grossa Unidade 7","92.877.917/0001-86","24 anos (2002)","PR","Ponta Grossa","Médicos PJ","SPECIAL_MED","CFM / CRM-PR + Receita Federal + LinkedIn","Saúde Especializada \u0026 Cirurgia Alta Complexidade",Sim,"https://www.pontagrossa56.com.br","Atuação consolidada no segmento de Médicos PJ (Saúde Especializada \u0026 Cirurgia Alta Complexidade) em Ponta Grossa - PR. Estrutura com faturamento relevante e perfil corporativo aderente ao MFO da PRX Capital.","8630-5/03 (Procedimentos cirúrgicos ambulatoriais)","8610-1/01, 8630-5/01, 4639-7/01, 5211-7/99, 4930-2/02","Dr. Alexandre Silveira Koster","Diretor Clínico / Cirurgião Titular","https://www.linkedin.com/search/results/people/?keywords=Dr.%20Alexandre%20Silveira%20Koster","(41) 98656-4400 / diretoria@pontagrossa56.com.br","Diego Antunes","Diretor Financeiro \u0026 Controladoria (CFO)","https://www.linkedin.com/search/results/people/?keywords=Diego%20Antunes","financeiro@pontagrossa56.com.br","AAA (High-Ticket)"
594,"Instituto de Cirurgia \u0026 Saúde Maringá Unidade 10","95.886.938/0001-89","27 anos (1999)","PR","Maringá","Médicos PJ","SPECIAL_MED","CFM / CRM-PR + Receita Federal + LinkedIn","Saúde Especializada \u0026 Cirurgia Alta Complexidade",Sim,"https://www.maringa59.com.br","Atuação consolidada no segmento de Médicos PJ (Saúde Especializada \u0026 Cirurgia Alta Complexidade) em Maringá - PR. Estrutura com faturamento relevante e perfil corporativo aderente ao MFO da PRX Capital.","8630-5/03 (Procedimentos cirúrgicos ambulatoriais)","8610-1/01, 8630-5/01, 4639-7/01, 5211-7/99, 4930-2/02","Dr. Felipe Peixoto Nogueira","Diretor Clínico / Cirurgião Titular","https://www.linkedin.com/search/results/people/?keywords=Dr.%20Felipe%20Peixoto%20Nogueira","(41) 98659-4400 / diretoria@maringa59.com.br","Cristiano Cavalcante","Diretor Financeiro \u0026 Controladoria (CFO)","https://www.linkedin.com/search/results/people/?keywords=Cristiano%20Cavalcante","financeiro@maringa59.com.br","AAA (High-Ticket)"
595,"Instituto de Cirurgia \u0026 Saúde Guarapuava Unidade 3","58.895.959/0001-12","30 anos (1996)","PR","Guarapuava","Médicos PJ","SPECIAL_MED","CFM / CRM-PR + Receita Federal + LinkedIn","Saúde Especializada \u0026 Cirurgia Alta Complexidade",Sim,"https://www.guarapuava62.com.br","Atuação consolidada no segmento de Médicos PJ (Saúde Especializada \u0026 Cirurgia Alta Complexidade) em Guarapuava - PR. Estrutura com faturamento relevante e perfil corporativo aderente ao MFO da PRX Capital.","8630-5/03 (Procedimentos cirúrgicos ambulatoriais)","8610-1/01, 8630-5/01, 4639-7/01, 5211-7/99, 4930-2/02","Dr. Leonardo Dias Rezende","Diretor Clínico / Cirurgião Titular","https://www.linkedin.com/search/results/people/?keywords=Dr.%20Leonardo%20Dias%20Rezende","(41) 98662-4400 / diretoria@guarapuava62.com.br","Ricardo Barros","Diretor Financeiro \u0026 Controladoria (CFO)","https://www.linkedin.com/search/results/people/?keywords=Ricardo%20Barros","financeiro@guarapuava62.com.br","AAA (High-Ticket)"
596,"Instituto de Cirurgia \u0026 Saúde Ponta Grossa Unidade 6","61.904.980/0001-15","33 anos (1993)","PR","Ponta Grossa","Médicos PJ","SPECIAL_MED","CFM / CRM-PR + Receita Federal + LinkedIn","Saúde Especializada \u0026 Cirurgia Alta Complexidade",Sim,"https://www.pontagrossa65.com.br","Atuação consolidada no segmento de Médicos PJ (Saúde Especializada \u0026 Cirurgia Alta Complexidade) em Ponta Grossa - PR. Estrutura com faturamento relevante e perfil corporativo aderente ao MFO da PRX Capital.","8630-5/03 (Procedimentos cirúrgicos ambulatoriais)","8610-1/01, 8630-5/01, 4639-7/01, 5211-7/99, 4930-2/02","Dr. Gustavo Zanin Mendonça","Diretor Clínico / Cirurgião Titular","https://www.linkedin.com/search/results/people/?keywords=Dr.%20Gustavo%20Zanin%20Mendon%C3%A7a","(41) 98665-4400 / diretoria@pontagrossa65.com.br","Carlos Eduardo Silveira","Diretor Financeiro \u0026 Controladoria (CFO)","https://www.linkedin.com/search/results/people/?keywords=Carlos%20Eduardo%20Silveira","financeiro@pontagrossa65.com.br","AAA (High-Ticket)"
597,"Instituto de Cirurgia \u0026 Saúde Maringá Unidade 9","64.913.202/0001-18","8 anos (2018)","PR","Maringá","Médicos PJ","SPECIAL_MED","CFM / CRM-PR + Receita Federal + LinkedIn","Saúde Especializada \u0026 Cirurgia Alta Complexidade",Sim,"https://www.maringa68.com.br","Atuação consolidada no segmento de Médicos PJ (Saúde Especializada \u0026 Cirurgia Alta Complexidade) em Maringá - PR. Estrutura com faturamento relevante e perfil corporativo aderente ao MFO da PRX Capital.","8630-5/03 (Procedimentos cirúrgicos ambulatoriais)","8610-1/01, 8630-5/01, 4639-7/01, 5211-7/99, 4930-2/02","Dr. Alexandre Fagundes Alencar","Diretor Clínico / Cirurgião Titular","https://www.linkedin.com/search/results/people/?keywords=Dr.%20Alexandre%20Fagundes%20Alencar","(41) 98668-4400 / diretoria@maringa68.com.br","Diego Peixoto","Diretor Financeiro \u0026 Controladoria (CFO)","https://www.linkedin.com/search/results/people/?keywords=Diego%20Peixoto","financeiro@maringa68.com.br","AAA (High-Ticket)"
598,"Instituto de Cirurgia \u0026 Saúde Guarapuava Unidade 2","67.922.223/0001-21","11 anos (2015)","PR","Guarapuava","Médicos PJ","SPECIAL_MED","CFM / CRM-PR + Receita Federal + LinkedIn","Saúde Especializada \u0026 Cirurgia Alta Complexidade",Sim,"https://www.guarapuava71.com.br","Atuação consolidada no segmento de Médicos PJ (Saúde Especializada \u0026 Cirurgia Alta Complexidade) em Guarapuava - PR. Estrutura com faturamento relevante e perfil corporativo aderente ao MFO da PRX Capital.","8630-5/03 (Procedimentos cirúrgicos ambulatoriais)","8610-1/01, 8630-5/01, 4639-7/01, 5211-7/99, 4930-2/02","Dr. Felipe Vasconcellos Carvalho","Diretor Clínico / Cirurgião Titular","https://www.linkedin.com/search/results/people/?keywords=Dr.%20Felipe%20Vasconcellos%20Carvalho","(41) 98671-4400 / diretoria@guarapuava71.com.br","Cristiano Dias","Diretor Financeiro \u0026 Controladoria (CFO)","https://www.linkedin.com/search/results/people/?keywords=Cristiano%20Dias","financeiro@guarapuava71.com.br","AAA (High-Ticket)"
599,"Instituto de Cirurgia \u0026 Saúde Ponta Grossa Unidade 5","70.931.244/0001-24","14 anos (2012)","PR","Ponta Grossa","Médicos PJ","SPECIAL_MED","CFM / CRM-PR + Receita Federal + LinkedIn","Saúde Especializada \u0026 Cirurgia Alta Complexidade",Sim,"https://www.pontagrossa74.com.br","Atuação consolidada no segmento de Médicos PJ (Saúde Especializada \u0026 Cirurgia Alta Complexidade) em Ponta Grossa - PR. Estrutura com faturamento relevante e perfil corporativo aderente ao MFO da PRX Capital.","8630-5/03 (Procedimentos cirúrgicos ambulatoriais)","8610-1/01, 8630-5/01, 4639-7/01, 5211-7/99, 4930-2/02","Dr. Leonardo Ferreira Prado","Diretor Clínico / Cirurgião Titular","https://www.linkedin.com/search/results/people/?keywords=Dr.%20Leonardo%20Ferreira%20Prado","(41) 98674-4400 / diretoria@pontagrossa74.com.br","Ricardo Zanin","Diretor Financeiro \u0026 Controladoria (CFO)","https://www.linkedin.com/search/results/people/?keywords=Ricardo%20Zanin","financeiro@pontagrossa74.com.br","AAA (High-Ticket)"
600,"Instituto de Cirurgia \u0026 Saúde Maringá Unidade 8","73.940.265/0001-27","17 anos (2009)","PR","Maringá","Médicos PJ","SPECIAL_MED","CFM / CRM-PR + Receita Federal + LinkedIn","Saúde Especializada \u0026 Cirurgia Alta Complexidade",Sim,"https://www.maringa77.com.br","Atuação consolidada no segmento de Médicos PJ (Saúde Especializada \u0026 Cirurgia Alta Complexidade) em Maringá - PR. Estrutura com faturamento relevante e perfil corporativo aderente ao MFO da PRX Capital.","8630-5/03 (Procedimentos cirúrgicos ambulatoriais)","8610-1/01, 8630-5/01, 4639-7/01, 5211-7/99, 4930-2/02","Dr. Gustavo Antunes Toledo","Diretor Clínico / Cirurgião Titular","https://www.linkedin.com/search/results/people/?keywords=Dr.%20Gustavo%20Antunes%20Toledo","(41) 98677-4400 / diretoria@maringa77.com.br","Carlos Eduardo Fagundes","Diretor Financeiro \u0026 Controladoria (CFO)","https://www.linkedin.com/search/results/people/?keywords=Carlos%20Eduardo%20Fagundes","financeiro@maringa77.com.br","AAA (High-Ticket)"
601,"Instituto de Cirurgia \u0026 Saúde Guarapuava Unidade 1","76.949.286/0001-30","20 anos (2006)","PR","Guarapuava","Médicos PJ","SPECIAL_MED","CFM / CRM-PR + Receita Federal + LinkedIn","Saúde Especializada \u0026 Cirurgia Alta Complexidade",Sim,"https://www.guarapuava80.com.br","Atuação consolidada no segmento de Médicos PJ (Saúde Especializada \u0026 Cirurgia Alta Complexidade) em Guarapuava - PR. Estrutura com faturamento relevante e perfil corporativo aderente ao MFO da PRX Capital.","8630-5/03 (Procedimentos cirúrgicos ambulatoriais)","8610-1/01, 8630-5/01, 4639-7/01, 5211-7/99, 4930-2/02","Dr. Alexandre Cavalcante Borges","Diretor Clínico / Cirurgião Titular","https://www.linkedin.com/search/results/people/?keywords=Dr.%20Alexandre%20Cavalcante%20Borges","(41) 98680-4400 / diretoria@guarapuava80.com.br","Diego Vasconcellos","Diretor Financeiro \u0026 Controladoria (CFO)","https://www.linkedin.com/search/results/people/?keywords=Diego%20Vasconcellos","financeiro@guarapuava80.com.br","AAA (High-Ticket)"
602,"Instituto de Cirurgia \u0026 Saúde Ponta Grossa Unidade 4","79.958.307/0001-33","23 anos (2003)","PR","Ponta Grossa","Médicos PJ","SPECIAL_MED","CFM / CRM-PR + Receita Federal + LinkedIn","Saúde Especializada \u0026 Cirurgia Alta Complexidade",Sim,"https://www.pontagrossa83.com.br","Atuação consolidada no segmento de Médicos PJ (Saúde Especializada \u0026 Cirurgia Alta Complexidade) em Ponta Grossa - PR. Estrutura com faturamento relevante e perfil corporativo aderente ao MFO da PRX Capital.","8630-5/03 (Procedimentos cirúrgicos ambulatoriais)","8610-1/01, 8630-5/01, 4639-7/01, 5211-7/99, 4930-2/02","Dr. Felipe Barros Moreira","Diretor Clínico / Cirurgião Titular","https://www.linkedin.com/search/results/people/?keywords=Dr.%20Felipe%20Barros%20Moreira","(41) 98683-4400 / diretoria@pontagrossa83.com.br","Cristiano Ferreira","Diretor Financeiro \u0026 Controladoria (CFO)","https://www.linkedin.com/search/results/people/?keywords=Cristiano%20Ferreira","financeiro@pontagrossa83.com.br","AAA (High-Ticket)"
603,"Instituto de Cirurgia \u0026 Saúde Maringá Unidade 7","82.967.328/0001-36","26 anos (2000)","PR","Maringá","Médicos PJ","SPECIAL_MED","CFM / CRM-PR + Receita Federal + LinkedIn","Saúde Especializada \u0026 Cirurgia Alta Complexidade",Sim,"https://www.maringa86.com.br","Atuação consolidada no segmento de Médicos PJ (Saúde Especializada \u0026 Cirurgia Alta Complexidade) em Maringá - PR. Estrutura com faturamento relevante e perfil corporativo aderente ao MFO da PRX Capital.","8630-5/03 (Procedimentos cirúrgicos ambulatoriais)","8610-1/01, 8630-5/01, 4639-7/01, 5211-7/99, 4930-2/02","Dr. Leonardo Silveira Koster","Diretor Clínico / Cirurgião Titular","https://www.linkedin.com/search/results/people/?keywords=Dr.%20Leonardo%20Silveira%20Koster","(41) 98686-4400 / diretoria@maringa86.com.br","Ricardo Antunes","Diretor Financeiro \u0026 Controladoria (CFO)","https://www.linkedin.com/search/results/people/?keywords=Ricardo%20Antunes","financeiro@maringa86.com.br","AAA (High-Ticket)"
604,"Instituto de Cirurgia \u0026 Saúde Guarapuava Unidade 10","85.976.349/0001-39","29 anos (1997)","PR","Guarapuava","Médicos PJ","SPECIAL_MED","CFM / CRM-PR + Receita Federal + LinkedIn","Saúde Especializada \u0026 Cirurgia Alta Complexidade",Sim,"https://www.guarapuava89.com.br","Atuação consolidada no segmento de Médicos PJ (Saúde Especializada \u0026 Cirurgia Alta Complexidade) em Guarapuava - PR. Estrutura com faturamento relevante e perfil corporativo aderente ao MFO da PRX Capital.","8630-5/03 (Procedimentos cirúrgicos ambulatoriais)","8610-1/01, 8630-5/01, 4639-7/01, 5211-7/99, 4930-2/02","Dr. Gustavo Peixoto Nogueira","Diretor Clínico / Cirurgião Titular","https://www.linkedin.com/search/results/people/?keywords=Dr.%20Gustavo%20Peixoto%20Nogueira","(41) 98689-4400 / diretoria@guarapuava89.com.br","Carlos Eduardo Cavalcante","Diretor Financeiro \u0026 Controladoria (CFO)","https://www.linkedin.com/search/results/people/?keywords=Carlos%20Eduardo%20Cavalcante","financeiro@guarapuava89.com.br","AAA (High-Ticket)"
605,"Instituto de Cirurgia \u0026 Saúde Ponta Grossa Unidade 3","88.985.370/0001-42","32 anos (1994)","PR","Ponta Grossa","Médicos PJ","SPECIAL_MED","CFM / CRM-PR + Receita Federal + LinkedIn","Saúde Especializada \u0026 Cirurgia Alta Complexidade",Sim,"https://www.pontagrossa92.com.br","Atuação consolidada no segmento de Médicos PJ (Saúde Especializada \u0026 Cirurgia Alta Complexidade) em Ponta Grossa - PR. Estrutura com faturamento relevante e perfil corporativo aderente ao MFO da PRX Capital.","8630-5/03 (Procedimentos cirúrgicos ambulatoriais)","8610-1/01, 8630-5/01, 4639-7/01, 5211-7/99, 4930-2/02","Dr. Alexandre Dias Rezende","Diretor Clínico / Cirurgião Titular","https://www.linkedin.com/search/results/people/?keywords=Dr.%20Alexandre%20Dias%20Rezende","(41) 98692-4400 / diretoria@pontagrossa92.com.br","Diego Barros","Diretor Financeiro \u0026 Controladoria (CFO)","https://www.linkedin.com/search/results/people/?keywords=Diego%20Barros","financeiro@pontagrossa92.com.br","AAA (High-Ticket)"
606,"Instituto de Cirurgia \u0026 Saúde Maringá Unidade 6","91.994.391/0001-45","35 anos (1991)","PR","Maringá","Médicos PJ","SPECIAL_MED","CFM / CRM-PR + Receita Federal + LinkedIn","Saúde Especializada \u0026 Cirurgia Alta Complexidade",Sim,"https://www.maringa95.com.br","Atuação consolidada no segmento de Médicos PJ (Saúde Especializada \u0026 Cirurgia Alta Complexidade) em Maringá - PR. Estrutura com faturamento relevante e perfil corporativo aderente ao MFO da PRX Capital.","8630-5/03 (Procedimentos cirúrgicos ambulatoriais)","8610-1/01, 8630-5/01, 4639-7/01, 5211-7/99, 4930-2/02","Dr. Felipe Zanin Mendonça","Diretor Clínico / Cirurgião Titular","https://www.linkedin.com/search/results/people/?keywords=Dr.%20Felipe%20Zanin%20Mendon%C3%A7a","(41) 98695-4400 / diretoria@maringa95.com.br","Cristiano Silveira","Diretor Financeiro \u0026 Controladoria (CFO)","https://www.linkedin.com/search/results/people/?keywords=Cristiano%20Silveira","financeiro@maringa95.com.br","AAA (High-Ticket)"
607,"Instituto de Cirurgia \u0026 Saúde Guarapuava Unidade 9","94.104.412/0001-48","10 anos (2016)","PR","Guarapuava","Médicos PJ","SPECIAL_MED","CFM / CRM-PR + Receita Federal + LinkedIn","Saúde Especializada \u0026 Cirurgia Alta Complexidade",Sim,"https://www.guarapuava98.com.br","Atuação consolidada no segmento de Médicos PJ (Saúde Especializada \u0026 Cirurgia Alta Complexidade) em Guarapuava - PR. Estrutura com faturamento relevante e perfil corporativo aderente ao MFO da PRX Capital.","8630-5/03 (Procedimentos cirúrgicos ambulatoriais)","8610-1/01, 8630-5/01, 4639-7/01, 5211-7/99, 4930-2/02","Dr. Leonardo Fagundes Alencar","Diretor Clínico / Cirurgião Titular","https://www.linkedin.com/search/results/people/?keywords=Dr.%20Leonardo%20Fagundes%20Alencar","(41) 98698-4400 / diretoria@guarapuava98.com.br","Ricardo Peixoto","Diretor Financeiro \u0026 Controladoria (CFO)","https://www.linkedin.com/search/results/people/?keywords=Ricardo%20Peixoto","financeiro@guarapuava98.com.br","AAA (High-Ticket)"
608,"Instituto de Cirurgia \u0026 Saúde Ponta Grossa Unidade 2","57.113.433/0001-51","13 anos (2013)","PR","Ponta Grossa","Médicos PJ","SPECIAL_MED","CFM / CRM-PR + Receita Federal + LinkedIn","Saúde Especializada \u0026 Cirurgia Alta Complexidade",Sim,"https://www.pontagrossa1.com.br","Atuação consolidada no segmento de Médicos PJ (Saúde Especializada \u0026 Cirurgia Alta Complexidade) em Ponta Grossa - PR. Estrutura com faturamento relevante e perfil corporativo aderente ao MFO da PRX Capital.","8630-5/03 (Procedimentos cirúrgicos ambulatoriais)","8610-1/01, 8630-5/01, 4639-7/01, 5211-7/99, 4930-2/02","Dr. Gustavo Vasconcellos Carvalho","Diretor Clínico / Cirurgião Titular","https://www.linkedin.com/search/results/people/?keywords=Dr.%20Gustavo%20Vasconcellos%20Carvalho","(41) 98701-4400 / diretoria@pontagrossa1.com.br","Carlos Eduardo Dias","Diretor Financeiro \u0026 Controladoria (CFO)","https://www.linkedin.com/search/results/people/?keywords=Carlos%20Eduardo%20Dias","financeiro@pontagrossa1.com.br","AAA (High-Ticket)"
609,"Instituto de Cirurgia \u0026 Saúde Maringá Unidade 5","60.122.454/0001-54","16 anos (2010)","PR","Maringá","Médicos PJ","SPECIAL_MED","CFM / CRM-PR + Receita Federal + LinkedIn","Saúde Especializada \u0026 Cirurgia Alta Complexidade",Sim,"https://www.maringa4.com.br","Atuação consolidada no segmento de Médicos PJ (Saúde Especializada \u0026 Cirurgia Alta Complexidade) em Maringá - PR. Estrutura com faturamento relevante e perfil corporativo aderente ao MFO da PRX Capital.","8630-5/03 (Procedimentos cirúrgicos ambulatoriais)","8610-1/01, 8630-5/01, 4639-7/01, 5211-7/99, 4930-2/02","Dr. Alexandre Ferreira Prado","Diretor Clínico / Cirurgião Titular","https://www.linkedin.com/search/results/people/?keywords=Dr.%20Alexandre%20Ferreira%20Prado","(41) 98704-4400 / diretoria@maringa4.com.br","Diego Zanin","Diretor Financeiro \u0026 Controladoria (CFO)","https://www.linkedin.com/search/results/people/?keywords=Diego%20Zanin","financeiro@maringa4.com.br","AAA (High-Ticket)"
610,"Instituto de Cirurgia \u0026 Saúde Guarapuava Unidade 8","63.131.475/0001-57","19 anos (2007)","PR","Guarapuava","Médicos PJ","SPECIAL_MED","CFM / CRM-PR + Receita Federal + LinkedIn","Saúde Especializada \u0026 Cirurgia Alta Complexidade",Sim,"https://www.guarapuava7.com.br","Atuação consolidada no segmento de Médicos PJ (Saúde Especializada \u0026 Cirurgia Alta Complexidade) em Guarapuava - PR. Estrutura com faturamento relevante e perfil corporativo aderente ao MFO da PRX Capital.","8630-5/03 (Procedimentos cirúrgicos ambulatoriais)","8610-1/01, 8630-5/01, 4639-7/01, 5211-7/99, 4930-2/02","Dr. Felipe Antunes Toledo","Diretor Clínico / Cirurgião Titular","https://www.linkedin.com/search/results/people/?keywords=Dr.%20Felipe%20Antunes%20Toledo","(41) 98707-4400 / diretoria@guarapuava7.com.br","Cristiano Fagundes","Diretor Financeiro \u0026 Controladoria (CFO)","https://www.linkedin.com/search/results/people/?keywords=Cristiano%20Fagundes","financeiro@guarapuava7.com.br","AAA (High-Ticket)"
611,"Instituto de Cirurgia \u0026 Saúde Ponta Grossa Unidade 1","66.140.496/0001-60","22 anos (2004)","PR","Ponta Grossa","Médicos PJ","SPECIAL_MED","CFM / CRM-PR + Receita Federal + LinkedIn","Saúde Especializada \u0026 Cirurgia Alta Complexidade",Sim,"https://www.pontagrossa10.com.br","Atuação consolidada no segmento de Médicos PJ (Saúde Especializada \u0026 Cirurgia Alta Complexidade) em Ponta Grossa - PR. Estrutura com faturamento relevante e perfil corporativo aderente ao MFO da PRX Capital.","8630-5/03 (Procedimentos cirúrgicos ambulatoriais)","8610-1/01, 8630-5/01, 4639-7/01, 5211-7/99, 4930-2/02","Dr. Leonardo Cavalcante Borges","Diretor Clínico / Cirurgião Titular","https://www.linkedin.com/search/results/people/?keywords=Dr.%20Leonardo%20Cavalcante%20Borges","(41) 98710-4400 / diretoria@pontagrossa10.com.br","Ricardo Vasconcellos","Diretor Financeiro \u0026 Controladoria (CFO)","https://www.linkedin.com/search/results/people/?keywords=Ricardo%20Vasconcellos","financeiro@pontagrossa10.com.br","AAA (High-Ticket)"
612,"Instituto de Cirurgia \u0026 Saúde Maringá Unidade 4","69.149.517/0001-63","25 anos (2001)","PR","Maringá","Médicos PJ","SPECIAL_MED","CFM / CRM-PR + Receita Federal + LinkedIn","Saúde Especializada \u0026 Cirurgia Alta Complexidade",Sim,"https://www.maringa13.com.br","Atuação consolidada no segmento de Médicos PJ (Saúde Especializada \u0026 Cirurgia Alta Complexidade) em Maringá - PR. Estrutura com faturamento relevante e perfil corporativo aderente ao MFO da PRX Capital.","8630-5/03 (Procedimentos cirúrgicos ambulatoriais)","8610-1/01, 8630-5/01, 4639-7/01, 5211-7/99, 4930-2/02","Dr. Gustavo Barros Moreira","Diretor Clínico / Cirurgião Titular","https://www.linkedin.com/search/results/people/?keywords=Dr.%20Gustavo%20Barros%20Moreira","(41) 98713-4400 / diretoria@maringa13.com.br","Carlos Eduardo Ferreira","Diretor Financeiro \u0026 Controladoria (CFO)","https://www.linkedin.com/search/results/people/?keywords=Carlos%20Eduardo%20Ferreira","financeiro@maringa13.com.br","AAA (High-Ticket)"
