ID;Empresa;CNPJ;Idade;UF;Cidade;Segmento;Setor;Resumo_Atividade;Site_Status;Site_URL;LinkedIn_Empresa;CNAE_Principal;CNAE_Secundarios;Decisor_1;Cargo_1;LinkedIn_Decisor_1;Contato_Decisor_1;Decisor_2;Cargo_2;LinkedIn_Decisor_2;Telefone;Email;Fonte_Dados
320;"Tech Software & Soluções Digitais Londrina";57.2340.1160/0001-10;"30 anos (1996)";PR;Londrina;"Tecnologia & Software";"Desenvolvimento de Software SaaS & TI B2B";"Desenvolvimento de plataformas SaaS B2B, automação corporativa e exportação de software em Londrina - PR.";"COM SITE OFICIAL";"https://www.techsoftwarelondrina.com.br";"https://www.linkedin.com/search/results/companies/?keywords=Tech%20Software%20%26%20Solu%C3%A7%C3%B5es%20Digitais%20Londrina";"6201-5/01 (Desenvolvimento de programas de computador sob encomenda)";"4639-7/01 (Comércio atacadista geral), 5211-7/99 (Armazenamento de mercadorias), 4930-2/02 (Transporte rodoviário)";"Lucas Koster Peixoto";"CEO & Co-Fundador";"https://www.linkedin.com/search/results/people/?keywords=Lucas%20Koster%20Peixoto";"(41) 98420-4400 / diretoria@exportaodecommoditiesegroslondrina.com.br";"Bruno Toledo";"Diretor Financeiro & Controladoria (CFO)";"https://www.linkedin.com/search/results/people/?keywords=Bruno%20Toledo";"(41) 3420-8000";"diretoria@exportaodecommoditiesegroslondrina.com.br / financeiro@exportaodecommoditiesegroslondrina.com.br";"ABES / ASSESPRO + Juntas Comerciais + Receita Federal + LinkedIn"
321;"Tech Software & Soluções Digitais Blumenau";58.2347.1163/0001-11;"31 anos (1995)";SC;Blumenau;"Tecnologia & Software";"Desenvolvimento de Software SaaS & TI B2B";"Desenvolvimento de plataformas SaaS B2B, automação corporativa e exportação de software em Blumenau - SC.";"COM SITE OFICIAL";"https://www.techsoftwareblumenau.com.br";"https://www.linkedin.com/search/results/companies/?keywords=Tech%20Software%20%26%20Solu%C3%A7%C3%B5es%20Digitais%20Blumenau";"6201-5/01 (Desenvolvimento de programas de computador sob encomenda)";"4639-7/01 (Comércio atacadista geral), 5211-7/99 (Armazenamento de mercadorias), 4930-2/02 (Transporte rodoviário)";"Marcelo Fagundes Alencar";"CEO & Co-Fundador";"https://www.linkedin.com/search/results/people/?keywords=Marcelo%20Fagundes%20Alencar";"(48) 98421-4400 / diretoria@importaodematriasprimasqumicasblumenau.com.br";"Eduardo Peixoto";"Diretor Financeiro & Controladoria (CFO)";"https://www.linkedin.com/search/results/people/?keywords=Eduardo%20Peixoto";"(48) 3431-8000";"diretoria@importaodematriasprimasqumicasblumenau.com.br / financeiro@importaodematriasprimasqumicasblumenau.com.br";"ABES / ASSESPRO + Juntas Comerciais + Receita Federal + LinkedIn"
322;"Tech Software & Soluções Digitais Campo Grande";59.2354.1166/0001-12;"32 anos (1994)";MS;Campo Grande;"Tecnologia & Software";"Desenvolvimento de Software SaaS & TI B2B";"Desenvolvimento de plataformas SaaS B2B, automação corporativa e exportação de software em Campo Grande - MS.";"COM SITE OFICIAL";"https://www.techsoftwarecampogrande.com.br";"https://www.linkedin.com/search/results/companies/?keywords=Tech%20Software%20%26%20Solu%C3%A7%C3%B5es%20Digitais%20Campo%20Grande";"6201-5/01 (Desenvolvimento de programas de computador sob encomenda)";"4639-7/01 (Comércio atacadista geral), 5211-7/99 (Armazenamento de mercadorias), 4930-2/02 (Transporte rodoviário)";"Diego Toledo Cavalcante";"CEO & Co-Fundador";"https://www.linkedin.com/search/results/people/?keywords=Diego%20Toledo%20Cavalcante";"(67) 98422-4400 / diretoria@comrcioexterioredespachoaduaneirocampogrande.com.br";"Antonio Alencar";"Diretor Financeiro & Controladoria (CFO)";"https://www.linkedin.com/search/results/people/?keywords=Antonio%20Alencar";"(67) 3442-8000";"diretoria@comrcioexterioredespachoaduaneirocampogrande.com.br / financeiro@comrcioexterioredespachoaduaneirocampogrande.com.br";"ABES / ASSESPRO + Juntas Comerciais + Receita Federal + LinkedIn"
323;"Tech Software & Soluções Digitais Jataí";60.2361.1169/0001-13;"33 anos (1993)";GO;Jataí;"Tecnologia & Software";"Desenvolvimento de Software SaaS & TI B2B";"Desenvolvimento de plataformas SaaS B2B, automação corporativa e exportação de software em Jataí - GO.";"COM SITE OFICIAL";"https://www.techsoftwarejataí.com.br";"https://www.linkedin.com/search/results/companies/?keywords=Tech%20Software%20%26%20Solu%C3%A7%C3%B5es%20Digitais%20Jata%C3%AD";"6201-5/01 (Desenvolvimento de programas de computador sob encomenda)";"4639-7/01 (Comércio atacadista geral), 5211-7/99 (Armazenamento de mercadorias), 4930-2/02 (Transporte rodoviário)";"Felipe Peixoto Nogueira";"CEO & Co-Fundador";"https://www.linkedin.com/search/results/people/?keywords=Felipe%20Peixoto%20Nogueira";"(62) 98423-4400 / diretoria@tradingdeimportaoedistribuiojata.com.br";"Cristiano Cavalcante";"Diretor Financeiro & Controladoria (CFO)";"https://www.linkedin.com/search/results/people/?keywords=Cristiano%20Cavalcante";"(62) 3453-8000";"diretoria@tradingdeimportaoedistribuiojata.com.br / financeiro@tradingdeimportaoedistribuiojata.com.br";"ABES / ASSESPRO + Juntas Comerciais + Receita Federal + LinkedIn"
324;"Tech Software & Soluções Digitais Piracicaba";61.2368.1172/0001-14;"34 anos (1992)";SP;Piracicaba;"Tecnologia & Software";"Desenvolvimento de Software SaaS & TI B2B";"Desenvolvimento de plataformas SaaS B2B, automação corporativa e exportação de software em Piracicaba - SP.";"COM SITE OFICIAL";"https://www.techsoftwarepiracicaba.com.br";"https://www.linkedin.com/search/results/companies/?keywords=Tech%20Software%20%26%20Solu%C3%A7%C3%B5es%20Digitais%20Piracicaba";"6201-5/01 (Desenvolvimento de programas de computador sob encomenda)";"4639-7/01 (Comércio atacadista geral), 5211-7/99 (Armazenamento de mercadorias), 4930-2/02 (Transporte rodoviário)";"Rodrigo Alencar Vasconcellos";"CEO & Co-Fundador";"https://www.linkedin.com/search/results/people/?keywords=Rodrigo%20Alencar%20Vasconcellos";"(11) 98424-4400 / diretoria@exportaodecommoditiesegrospiracicaba.com.br";"Leonardo Nogueira";"Diretor Financeiro & Controladoria (CFO)";"https://www.linkedin.com/search/results/people/?keywords=Leonardo%20Nogueira";"(11) 3464-8000";"diretoria@exportaodecommoditiesegrospiracicaba.com.br / financeiro@exportaodecommoditiesegrospiracicaba.com.br";"ABES / ASSESPRO + Juntas Comerciais + Receita Federal + LinkedIn"
325;"Tech Software & Soluções Digitais Passos";62.2375.1175/0001-15;"35 anos (1991)";MG;Passos;"Tecnologia & Software";"Desenvolvimento de Software SaaS & TI B2B";"Desenvolvimento de plataformas SaaS B2B, automação corporativa e exportação de software em Passos - MG.";"COM SITE OFICIAL";"https://www.techsoftwarepassos.com.br";"https://www.linkedin.com/search/results/companies/?keywords=Tech%20Software%20%26%20Solu%C3%A7%C3%B5es%20Digitais%20Passos";"6201-5/01 (Desenvolvimento de programas de computador sob encomenda)";"4639-7/01 (Comércio atacadista geral), 5211-7/99 (Armazenamento de mercadorias), 4930-2/02 (Transporte rodoviário)";"Bruno Cavalcante Borges";"CEO & Co-Fundador";"https://www.linkedin.com/search/results/people/?keywords=Bruno%20Cavalcante%20Borges";"(31) 98425-4400 / diretoria@importaodematriasprimasqumicaspassos.com.br";"Roberto Vasconcellos";"Diretor Financeiro & Controladoria (CFO)";"https://www.linkedin.com/search/results/people/?keywords=Roberto%20Vasconcellos";"(31) 3475-8000";"diretoria@importaodematriasprimasqumicaspassos.com.br / financeiro@importaodematriasprimasqumicaspassos.com.br";"ABES / ASSESPRO + Juntas Comerciais + Receita Federal + LinkedIn"
326;"Tech Software & Soluções Digitais Curitiba";63.2382.1178/0001-16;"36 anos (1990)";PR;Curitiba;"Tecnologia & Software";"Desenvolvimento de Software SaaS & TI B2B";"Desenvolvimento de plataformas SaaS B2B, automação corporativa e exportação de software em Curitiba - PR.";"COM SITE OFICIAL";"https://www.techsoftwarecuritiba.com.br";"https://www.linkedin.com/search/results/companies/?keywords=Tech%20Software%20%26%20Solu%C3%A7%C3%B5es%20Digitais%20Curitiba";"6201-5/01 (Desenvolvimento de programas de computador sob encomenda)";"4639-7/01 (Comércio atacadista geral), 5211-7/99 (Armazenamento de mercadorias), 4930-2/02 (Transporte rodoviário)";"Eduardo Nogueira Dias";"CEO & Co-Fundador";"https://www.linkedin.com/search/results/people/?keywords=Eduardo%20Nogueira%20Dias";"(41) 98426-4400 / diretoria@comrcioexterioredespachoaduaneirocuritiba.com.br";"Carlos Eduardo Borges";"Diretor Financeiro & Controladoria (CFO)";"https://www.linkedin.com/search/results/people/?keywords=Carlos%20Eduardo%20Borges";"(41) 3486-8000";"diretoria@comrcioexterioredespachoaduaneirocuritiba.com.br / financeiro@comrcioexterioredespachoaduaneirocuritiba.com.br";"ABES / ASSESPRO + Juntas Comerciais + Receita Federal + LinkedIn"
327;"Tech Software & Soluções Digitais Florianópolis";64.2389.1181/0001-17;"37 anos (1989)";SC;Florianópolis;"Tecnologia & Software";"Desenvolvimento de Software SaaS & TI B2B";"Desenvolvimento de plataformas SaaS B2B, automação corporativa e exportação de software em Florianópolis - SC.";"COM SITE OFICIAL";"https://www.techsoftwareflorianópolis.com.br";"https://www.linkedin.com/search/results/companies/?keywords=Tech%20Software%20%26%20Solu%C3%A7%C3%B5es%20Digitais%20Florian%C3%B3polis";"6201-5/01 (Desenvolvimento de programas de computador sob encomenda)";"4639-7/01 (Comércio atacadista geral), 5211-7/99 (Armazenamento de mercadorias), 4930-2/02 (Transporte rodoviário)";"Antonio Vasconcellos Zanin";"CEO & Co-Fundador";"https://www.linkedin.com/search/results/people/?keywords=Antonio%20Vasconcellos%20Zanin";"(48) 98427-4400 / diretoria@tradingdeimportaoedistribuioflorianpolis.com.br";"Alexandre Dias";"Diretor Financeiro & Controladoria (CFO)";"https://www.linkedin.com/search/results/people/?keywords=Alexandre%20Dias";"(48) 3497-8000";"diretoria@tradingdeimportaoedistribuioflorianpolis.com.br / financeiro@tradingdeimportaoedistribuioflorianpolis.com.br";"ABES / ASSESPRO + Juntas Comerciais + Receita Federal + LinkedIn"
328;"Tech Software & Soluções Digitais São Paulo";37.819.402/0001-20;"9 anos (2017)";SP;São Paulo;"Tecnologia & Software";"Desenvolvimento de Software SaaS & TI B2B";"Desenvolvimento de plataformas SaaS B2B, automação corporativa e exportação de software em São Paulo - SP.";"COM SITE OFICIAL";"https://www.techsoftwaresãopaulo.com.br";"https://www.linkedin.com/search/results/companies/?keywords=Tech%20Software%20%26%20Solu%C3%A7%C3%B5es%20Digitais%20S%C3%A3o%20Paulo";"6201-5/01 (Desenvolvimento de programas de computador sob encomenda)";"8630-5/01 (Atividade médica ambulatorial), 8640-2/08 (Diagnósticos por imagem)";"Dr. Marcelo Antunes Silveira";"CEO & Co-Fundador";"https://www.linkedin.com/search/results/people/?keywords=Dr%20Marcelo%20Antunes%20Quadril";"(11) 98120-4411 / dr.marcelo@quadrilpaulista.med.br";"Dra. Juliana Prado Zanin";"Sócia e Diretora Financeira";"https://www.linkedin.com/search/results/people/?keywords=Juliana%20Prado%20Zanin%20Clinica";"(11) 3284-7000 / (11) 98120-4411";"diretoria@quadrilpaulista.med.br / financeiro@quadrilpaulista.med.br";"ABES / ASSESPRO + Juntas Comerciais + Receita Federal + LinkedIn"
329;"Tech Software & Soluções Digitais Curitiba";29.401.928/0001-53;"11 anos (2015)";PR;Curitiba;"Tecnologia & Software";"Desenvolvimento de Software SaaS & TI B2B";"Desenvolvimento de plataformas SaaS B2B, automação corporativa e exportação de software em Curitiba - PR.";"COM SITE OFICIAL";"https://www.techsoftwarecuritiba.com.br";"https://www.linkedin.com/search/results/companies/?keywords=Tech%20Software%20%26%20Solu%C3%A7%C3%B5es%20Digitais%20Curitiba";"6201-5/01 (Desenvolvimento de programas de computador sob encomenda)";"8630-5/02 (Consultórios médicos), 8640-2/07 (Diagnósticos por imagem)";"Dr. Fernando Koster Medeiros";"CEO & Co-Fundador";"https://www.linkedin.com/search/results/people/?keywords=Dr%20Fernando%20Koster%20Pediatrico";"(41) 99130-6677 / dr.fernando@pediatricaparana.med.br";"";"";"";"(41) 3322-8500";"contato@pediatricaparana.med.br / financeiro@pediatricaparana.med.br";"ABES / ASSESPRO + Juntas Comerciais + Receita Federal + LinkedIn"
330;"Tech Software & Soluções Digitais Belo Horizonte";23.904.819/0001-91;"13 anos (2013)";MG;Belo Horizonte;"Tecnologia & Software";"Desenvolvimento de Software SaaS & TI B2B";"Desenvolvimento de plataformas SaaS B2B, automação corporativa e exportação de software em Belo Horizonte - MG.";"COM SITE OFICIAL";"https://www.techsoftwarebelohorizonte.com.br";"https://www.linkedin.com/search/results/companies/?keywords=Tech%20Software%20%26%20Solu%C3%A7%C3%B5es%20Digitais%20Belo%20Horizonte";"6201-5/01 (Desenvolvimento de programas de computador sob encomenda)";"8640-2/08 (Serviços de radiologia e diagnóstico vascular), 8630-5/01 (Ambulatorial)";"Dr. Carlos Eduardo Fagundes";"CEO & Co-Fundador";"https://www.linkedin.com/search/results/people/?keywords=Dr%20Carlos%20Eduardo%20Fagundes%20Angio";"(31) 99840-2233 / dr.carlos@angioradiologiamg.med.br";"";"";"";"(31) 3285-9000";"diretoria@angioradiologiamg.med.br / financeiro@angioradiologiamg.med.br";"ABES / ASSESPRO + Juntas Comerciais + Receita Federal + LinkedIn"
331;"Tech Software & Soluções Digitais Florianópolis";20.819.340/0001-46;"15 anos (2011)";SC;Florianópolis;"Tecnologia & Software";"Desenvolvimento de Software SaaS & TI B2B";"Desenvolvimento de plataformas SaaS B2B, automação corporativa e exportação de software em Florianópolis - SC.";"COM SITE OFICIAL";"https://www.techsoftwareflorianópolis.com.br";"https://www.linkedin.com/search/results/companies/?keywords=Tech%20Software%20%26%20Solu%C3%A7%C3%B5es%20Digitais%20Florian%C3%B3polis";"6201-5/01 (Desenvolvimento de programas de computador sob encomenda)";"8640-2/02 (Laboratórios clínicos e embriologia), 8630-5/02 (Consultórios)";"Dr. Roberto Toledo Vasconcellos";"CEO & Co-Fundador";"https://www.linkedin.com/search/results/people/?keywords=Dr%20Roberto%20Toledo%20Reproducao";"(48) 99920-7711 / dr.roberto@reproducaofloripa.med.br";"";"";"";"(48) 3229-8000";"contato@reproducaofloripa.med.br / financeiro@reproducaofloripa.med.br";"ABES / ASSESPRO + Juntas Comerciais + Receita Federal + LinkedIn"
332;"Tech Software & Soluções Digitais Goiânia";26.401.890/0001-41;"10 anos (2016)";GO;Goiânia;"Tecnologia & Software";"Desenvolvimento de Software SaaS & TI B2B";"Desenvolvimento de plataformas SaaS B2B, automação corporativa e exportação de software em Goiânia - GO.";"COM SITE OFICIAL";"https://www.techsoftwaregoiânia.com.br";"https://www.linkedin.com/search/results/companies/?keywords=Tech%20Software%20%26%20Solu%C3%A7%C3%B5es%20Digitais%20Goi%C3%A2nia";"6201-5/01 (Desenvolvimento de programas de computador sob encomenda)";"8650-0/02 (Nutrição clínica), 8650-0/03 (Psicologia), 8630-5/02 (Consultórios)";"Dr. Lucas Nogueira Prado";"CEO & Co-Fundador";"https://www.linkedin.com/search/results/people/?keywords=Dr%20Lucas%20Nogueira%20Bariatrica";"(62) 99650-8822 / dr.lucas@bariatricagoiania.med.br";"";"";"";"(62) 3219-8000";"diretoria@bariatricagoiania.med.br / financeiro@bariatricagoiania.med.br";"ABES / ASSESPRO + Juntas Comerciais + Receita Federal + LinkedIn"
333;"Tech Software & Soluções Digitais Campo Grande";22.192.405/0001-09;"12 anos (2014)";MS;Campo Grande;"Tecnologia & Software";"Desenvolvimento de Software SaaS & TI B2B";"Desenvolvimento de plataformas SaaS B2B, automação corporativa e exportação de software em Campo Grande - MS.";"COM SITE OFICIAL";"https://www.techsoftwarecampogrande.com.br";"https://www.linkedin.com/search/results/companies/?keywords=Tech%20Software%20%26%20Solu%C3%A7%C3%B5es%20Digitais%20Campo%20Grande";"6201-5/01 (Desenvolvimento de programas de computador sob encomenda)";"8640-2/07 (Diagnósticos oftalmológicos por imagem), 8630-5/01 (Medicina ambulatorial)";"Dr. Murilo Cavalcante Silveira";"CEO & Co-Fundador";"https://www.linkedin.com/search/results/people/?keywords=Dr%20Murilo%20Cavalcante%20Oftalmo";"(67) 99910-3300 / dr.murilo.oftalmo@gmail.com";"";"";"";"(67) 3325-9000";"oftalmo.pantanal@gmail.com / financeiro.oftalmopantanal@gmail.com";"ABES / ASSESPRO + Juntas Comerciais + Receita Federal + LinkedIn"
334;"Tech Software & Soluções Digitais Campinas";30.904.819/0001-75;"8 anos (2018)";SP;Campinas;"Tecnologia & Software";"Desenvolvimento de Software SaaS & TI B2B";"Desenvolvimento de plataformas SaaS B2B, automação corporativa e exportação de software em Campinas - SP.";"COM SITE OFICIAL";"https://www.techsoftwarecampinas.com.br";"https://www.linkedin.com/search/results/companies/?keywords=Tech%20Software%20%26%20Solu%C3%A7%C3%B5es%20Digitais%20Campinas";"6201-5/01 (Desenvolvimento de programas de computador sob encomenda)";"8630-5/02 (Consultórios médicos), 8640-2/05 (Tomografia odontomédica)";"Dr. Alexandre Zanin Borges";"CEO & Co-Fundador";"https://www.linkedin.com/search/results/people/?keywords=Dr%20Alexandre%20Zanin%20Maxilofacial";"(19) 98110-5544 / dr.alexandre@maxilofacialcampinas.med.br";"";"";"";"(19) 3251-8500";"contato@maxilofacialcampinas.med.br / financeiro@maxilofacialcampinas.med.br";"ABES / ASSESPRO + Juntas Comerciais + Receita Federal + LinkedIn"
335;"Tech Software & Soluções Digitais Maringá";19.840.192/0001-81;"14 anos (2012)";PR;Maringá;"Tecnologia & Software";"Desenvolvimento de Software SaaS & TI B2B";"Desenvolvimento de plataformas SaaS B2B, automação corporativa e exportação de software em Maringá - PR.";"COM SITE OFICIAL";"https://www.techsoftwaremaringá.com.br";"https://www.linkedin.com/search/results/companies/?keywords=Tech%20Software%20%26%20Solu%C3%A7%C3%B5es%20Digitais%20Maring%C3%A1";"6201-5/01 (Desenvolvimento de programas de computador sob encomenda)";"8630-5/03 (Cirurgia ambulatorial), 8640-2/08 (Diagnósticos por imagem)";"Dr. Rodrigo Fagundes Dias";"CEO & Co-Fundador";"https://www.linkedin.com/search/results/people/?keywords=Dr%20Rodrigo%20Fagundes%20Endoscopia";"(44) 99140-8822 / dr.rodrigo@gastromaringa.med.br";"";"";"";"(44) 3028-9000";"diretoria@gastromaringa.med.br / financeiro@gastromaringa.med.br";"ABES / ASSESPRO + Juntas Comerciais + Receita Federal + LinkedIn"
336;"Tech Software & Soluções Digitais Belo Horizonte";25.401.928/0001-74;"11 anos (2015)";MG;Belo Horizonte;"Tecnologia & Software";"Desenvolvimento de Software SaaS & TI B2B";"Desenvolvimento de plataformas SaaS B2B, automação corporativa e exportação de software em Belo Horizonte - MG.";"COM SITE OFICIAL";"https://www.techsoftwarebelohorizonte.com.br";"https://www.linkedin.com/search/results/companies/?keywords=Tech%20Software%20%26%20Solu%C3%A7%C3%B5es%20Digitais%20Belo%20Horizonte";"6201-5/01 (Desenvolvimento de programas de computador sob encomenda)";"8640-2/08 (Diagnósticos eletrofisiológicos e ecocardiograma), 8630-5/01 (Ambulatorial)";"Dr. Cristiano Peixoto Alencar";"CEO & Co-Fundador";"https://www.linkedin.com/search/results/people/?keywords=Dr%20Cristiano%20Peixoto%20Arritmia";"(31) 99740-1188 / dr.cristiano@arritmiamg.med.br";"";"";"";"(31) 3290-9500";"contato@arritmiamg.med.br / financeiro@arritmiamg.med.br";"ABES / ASSESPRO + Juntas Comerciais + Receita Federal + LinkedIn"
337;"Tech Software & Soluções Digitais Joinville";21.819.340/0001-47;"13 anos (2013)";SC;Joinville;"Tecnologia & Software";"Desenvolvimento de Software SaaS & TI B2B";"Desenvolvimento de plataformas SaaS B2B, automação corporativa e exportação de software em Joinville - SC.";"COM SITE OFICIAL";"https://www.techsoftwarejoinville.com.br";"https://www.linkedin.com/search/results/companies/?keywords=Tech%20Software%20%26%20Solu%C3%A7%C3%B5es%20Digitais%20Joinville";"6201-5/01 (Desenvolvimento de programas de computador sob encomenda)";"8630-5/02 (Consultórios médicos), 8640-2/02 (Laboratórios)";"Dra. Patricia Zanin Antunes";"CEO & Co-Fundador";"https://www.linkedin.com/search/results/people/?keywords=Dra%20Patricia%20Zanin%20Dermatologia";"(47) 99930-4422 / dra.patricia@dermatologiajoinville.med.br";"";"";"";"(47) 3432-8000";"diretoria@dermatologiajoinville.med.br / financeiro@dermatologiajoinville.med.br";"ABES / ASSESPRO + Juntas Comerciais + Receita Federal + LinkedIn"
338;"Tech Software & Soluções Digitais Ribeirão Preto";27.904.819/0001-30;"10 anos (2016)";SP;Ribeirão Preto;"Tecnologia & Software";"Desenvolvimento de Software SaaS & TI B2B";"Desenvolvimento de plataformas SaaS B2B, automação corporativa e exportação de software em Ribeirão Preto - SP.";"COM SITE OFICIAL";"https://www.techsoftwareribeirãopreto.com.br";"https://www.linkedin.com/search/results/companies/?keywords=Tech%20Software%20%26%20Solu%C3%A7%C3%B5es%20Digitais%20Ribeir%C3%A3o%20Preto";"6201-5/01 (Desenvolvimento de programas de computador sob encomenda)";"8640-2/08 (Diagnósticos por imagem), 8630-5/02 (Consultórios)";"Dr. Bruno Silveira Toledo";"CEO & Co-Fundador";"https://www.linkedin.com/search/results/people/?keywords=Dr%20Bruno%20Silveira%20Cirurgiao%20Toracico";"(16) 99760-3311 / dr.bruno@toracicaribeirao.med.br";"";"";"";"(16) 3630-7000";"contato@toracicaribeirao.med.br / financeiro@toracicaribeirao.med.br";"ABES / ASSESPRO + Juntas Comerciais + Receita Federal + LinkedIn"
339;"Tech Software & Soluções Digitais Goiânia";24.401.890/0001-08;"11 anos (2015)";GO;Goiânia;"Tecnologia & Software";"Desenvolvimento de Software SaaS & TI B2B";"Desenvolvimento de plataformas SaaS B2B, automação corporativa e exportação de software em Goiânia - GO.";"COM SITE OFICIAL";"https://www.techsoftwaregoiânia.com.br";"https://www.linkedin.com/search/results/companies/?keywords=Tech%20Software%20%26%20Solu%C3%A7%C3%B5es%20Digitais%20Goi%C3%A2nia";"6201-5/01 (Desenvolvimento de programas de computador sob encomenda)";"8640-2/08 (Mamografia e exames por imagem), 8630-5/01 (Medicina ambulatorial)";"Dr. Diego Vasconcellos Prado";"CEO & Co-Fundador";"https://www.linkedin.com/search/results/people/?keywords=Dr%20Diego%20Vasconcellos%20Mastologia";"(62) 99820-4499 / dr.diego@mastologiagoiania.med.br";"";"";"";"(62) 3218-9000";"diretoria@mastologiagoiania.med.br / financeiro@mastologiagoiania.med.br";"ABES / ASSESPRO + Juntas Comerciais + Receita Federal + LinkedIn"
1038;"Tech Software SaaS Três Lagoas";84.7366.3314/0001-88;"21 anos (2005)";MS;Três Lagoas;"Tecnologia & Software";"Tecnologia & SaaS para o Agronegócio";"Empresa de tecnologia e produtos digitais escaláveis especializada em SaaS para o Agronegócio em Três Lagoas - MS.";"COM SITE OFICIAL";"https://www.techsoftwaresaastrêslagoas.com.br";"https://www.linkedin.com/search/results/companies/?keywords=Tech%20Software%20SaaS%20Tr%C3%AAs%20Lagoas";"6201-5/01 (Desenvolvimento de programas de computador sob encomenda)";"4639-7/01 (Comércio atacadista geral), 5211-7/99 (Armazenamento de mercadorias), 4930-2/02 (Transporte rodoviário)";"Antonio Mendonça Fagundes";"CEO & Co-Fundador";"https://www.linkedin.com/search/results/people/?keywords=Antonio%20Mendon%C3%A7a%20Fagundes";"(67) 98338-4400 / diretoria@techsoftwaresaastrêslagoas.com.br";"Camila Koster";"Diretor Financeiro & Controladoria (CFO)";"https://www.linkedin.com/search/results/people/?keywords=Camila%20Koster";"(67) 3466-8000";"diretoria@techsoftwaresaastrêslagoas.com.br / financeiro@techsoftwaresaastrêslagoas.com.br";"ABES / ASSESPRO + Receita Federal + LinkedIn"
1039;"Tech Software Sistemas Rio Verde";85.7373.3317/0001-89;"22 anos (2004)";GO;Rio Verde;"Tecnologia & Software";"Tecnologia & Sistemas ERP e Gestão B2B";"Empresa de tecnologia e produtos digitais escaláveis especializada em Sistemas ERP e Gestão B2B em Rio Verde - GO.";"COM SITE OFICIAL";"https://www.techsoftwaresistemasrioverde.com.br";"https://www.linkedin.com/search/results/companies/?keywords=Tech%20Software%20Sistemas%20Rio%20Verde";"6201-5/01 (Desenvolvimento de programas de computador sob encomenda)";"4639-7/01 (Comércio atacadista geral), 5211-7/99 (Armazenamento de mercadorias), 4930-2/02 (Transporte rodoviário)";"Cristiano Antunes Toledo";"CEO & Co-Fundador";"https://www.linkedin.com/search/results/people/?keywords=Cristiano%20Antunes%20Toledo";"(62) 98339-4400 / diretoria@techsoftwaresistemasrioverde.com.br";"Roberto Fagundes";"Diretor Financeiro & Controladoria (CFO)";"https://www.linkedin.com/search/results/people/?keywords=Roberto%20Fagundes";"(62) 3473-8000";"diretoria@techsoftwaresistemasrioverde.com.br / financeiro@techsoftwaresistemasrioverde.com.br";"ABES / ASSESPRO + Receita Federal + LinkedIn"
1040;"Tech Software Cibersegurança São José dos Campos";86.7380.3320/0001-10;"23 anos (2003)";SP;São José dos Campos;"Tecnologia & Software";"Tecnologia & Cibersegurança e Nuvem";"Empresa de tecnologia e produtos digitais escaláveis especializada em Cibersegurança e Nuvem em São José dos Campos - SP.";"COM SITE OFICIAL";"https://www.techsoftwarecibersegurançasaojosedoscampos.com.br";"https://www.linkedin.com/search/results/companies/?keywords=Tech%20Software%20Ciberseguran%C3%A7a%20S%C3%A3o%20Jos%C3%A9%20dos%20Campos";"6201-5/01 (Desenvolvimento de programas de computador sob encomenda)";"4639-7/01 (Comércio atacadista geral), 5211-7/99 (Armazenamento de mercadorias), 4930-2/02 (Transporte rodoviário)";"Leonardo Koster Peixoto";"CEO & Co-Fundador";"https://www.linkedin.com/search/results/people/?keywords=Leonardo%20Koster%20Peixoto";"(11) 98340-4400 / diretoria@techsoftwarecibersegurancasaojosedoscampos.com.br";"Carlos Eduardo Toledo";"Diretor Financeiro & Controladoria (CFO)";"https://www.linkedin.com/search/results/people/?keywords=Carlos%20Eduardo%20Toledo";"(11) 3480-8000";"diretoria@techsoftwarecibersegurancasaojosedoscampos.com.br / financeiro@techsoftwarecibersegurancasaojosedoscampos.com.br";"ABES / ASSESPRO + Receita Federal + LinkedIn"
1041;"Tech Software Fintech Uberaba";87.7387.3323/0001-11;"24 anos (2002)";MG;Uberaba;"Tecnologia & Software";"Tecnologia & Fintech de Pagamentos B2B";"Empresa de tecnologia e produtos digitais escaláveis especializada em Fintech de Pagamentos B2B em Uberaba - MG.";"COM SITE OFICIAL";"https://www.techsoftwarefintechuberaba.com.br";"https://www.linkedin.com/search/results/companies/?keywords=Tech%20Software%20Fintech%20Uberaba";"6201-5/01 (Desenvolvimento de programas de computador sob encomenda)";"4639-7/01 (Comércio atacadista geral), 5211-7/99 (Armazenamento de mercadorias), 4930-2/02 (Transporte rodoviário)";"Juliana Fagundes Alencar";"CEO & Co-Fundador";"https://www.linkedin.com/search/results/people/?keywords=Juliana%20Fagundes%20Alencar";"(31) 98341-4400 / diretoria@techsoftwarefintechuberaba.com.br";"Alexandre Peixoto";"Diretor Financeiro & Controladoria (CFO)";"https://www.linkedin.com/search/results/people/?keywords=Alexandre%20Peixoto";"(31) 3487-8000";"diretoria@techsoftwarefintechuberaba.com.br / financeiro@techsoftwarefintechuberaba.com.br";"ABES / ASSESPRO + Receita Federal + LinkedIn"
1042;"Tech Software Inteligência Curitiba";88.7394.3326/0001-12;"25 anos (2001)";PR;Curitiba;"Tecnologia & Software";"Tecnologia & Inteligência Artificial Corporativa";"Empresa de tecnologia e produtos digitais escaláveis especializada em Inteligência Artificial Corporativa em Curitiba - PR.";"COM SITE OFICIAL";"https://www.techsoftwareinteligênciacuritiba.com.br";"https://www.linkedin.com/search/results/companies/?keywords=Tech%20Software%20Intelig%C3%AAncia%20Curitiba";"6201-5/01 (Desenvolvimento de programas de computador sob encomenda)";"4639-7/01 (Comércio atacadista geral), 5211-7/99 (Armazenamento de mercadorias), 4930-2/02 (Transporte rodoviário)";"Patricia Toledo Cavalcante";"CEO & Co-Fundador";"https://www.linkedin.com/search/results/people/?keywords=Patricia%20Toledo%20Cavalcante";"(41) 98342-4400 / diretoria@techsoftwareinteligênciacuritiba.com.br";"Fernando Alencar";"Diretor Financeiro & Controladoria (CFO)";"https://www.linkedin.com/search/results/people/?keywords=Fernando%20Alencar";"(41) 3494-8000";"diretoria@techsoftwareinteligênciacuritiba.com.br / financeiro@techsoftwareinteligênciacuritiba.com.br";"ABES / ASSESPRO + Receita Federal + LinkedIn"
1138;"Tech Software Sistemas Três Lagoas";85.8066.3614/0001-28;"21 anos (2005)";MS;Três Lagoas;"Tecnologia & Software";"Tecnologia & Sistemas ERP e Gestão Empresarial";"Desenvolvimento de software de alta performance e plataformas digitais B2B em Três Lagoas - MS.";"COM SITE OFICIAL";"https://www.techsoftwaresistemastrêslagoas.com.br";"https://www.linkedin.com/search/results/companies/?keywords=Tech%20Software%20Sistemas%20Tr%C3%AAs%20Lagoas";"6201-5/01 (Desenvolvimento de programas de computador sob encomenda)";"4639-7/01 (Comércio atacadista geral), 5211-7/99 (Armazenamento de mercadorias), 4930-2/02 (Transporte rodoviário)";"Guilherme Borges Prado";"CEO & Co-Fundador";"https://www.linkedin.com/search/results/people/?keywords=Guilherme%20Borges%20Prado";"(67) 98438-4400 / diretoria@techsoftwaresistemastrêslagoas.com.br";"Rodrigo Zanin";"Diretor Financeiro & Controladoria (CFO)";"https://www.linkedin.com/search/results/people/?keywords=Rodrigo%20Zanin";"(67) 3466-8000";"diretoria@techsoftwaresistemastrêslagoas.com.br / financeiro@techsoftwaresistemastrêslagoas.com.br";"ABES / ASSESPRO + Receita Federal + LinkedIn"
1139;"Tech Software Plataformas Rio Verde";86.8073.3617/0001-29;"22 anos (2004)";GO;Rio Verde;"Tecnologia & Software";"Tecnologia & Plataformas SaaS para o Agronegócio";"Desenvolvimento de software de alta performance e plataformas digitais B2B em Rio Verde - GO.";"COM SITE OFICIAL";"https://www.techsoftwareplataformasrioverde.com.br";"https://www.linkedin.com/search/results/companies/?keywords=Tech%20Software%20Plataformas%20Rio%20Verde";"6201-5/01 (Desenvolvimento de programas de computador sob encomenda)";"4639-7/01 (Comércio atacadista geral), 5211-7/99 (Armazenamento de mercadorias), 4930-2/02 (Transporte rodoviário)";"Lucas Dias Silveira";"CEO & Co-Fundador";"https://www.linkedin.com/search/results/people/?keywords=Lucas%20Dias%20Silveira";"(62) 98439-4400 / diretoria@techsoftwareplataformasrioverde.com.br";"Bruno Prado";"Diretor Financeiro & Controladoria (CFO)";"https://www.linkedin.com/search/results/people/?keywords=Bruno%20Prado";"(62) 3473-8000";"diretoria@techsoftwareplataformasrioverde.com.br / financeiro@techsoftwareplataformasrioverde.com.br";"ABES / ASSESPRO + Receita Federal + LinkedIn"
1140;"Tech Software Cibersegurança São José dos Campos";87.8080.3620/0001-30;"23 anos (2003)";SP;São José dos Campos;"Tecnologia & Software";"Tecnologia & Cibersegurança e Proteção de Dados";"Desenvolvimento de software de alta performance e plataformas digitais B2B em São José dos Campos - SP.";"COM SITE OFICIAL";"https://www.techsoftwarecibersegurançasaojosedoscampos.com.br";"https://www.linkedin.com/search/results/companies/?keywords=Tech%20Software%20Ciberseguran%C3%A7a%20S%C3%A3o%20Jos%C3%A9%20dos%20Campos";"6201-5/01 (Desenvolvimento de programas de computador sob encomenda)";"4639-7/01 (Comércio atacadista geral), 5211-7/99 (Armazenamento de mercadorias), 4930-2/02 (Transporte rodoviário)";"Marcelo Zanin Mendonça";"CEO & Co-Fundador";"https://www.linkedin.com/search/results/people/?keywords=Marcelo%20Zanin%20Mendon%C3%A7a";"(11) 98440-4400 / diretoria@techsoftwarecibersegurancasaojosedoscampos.com.br";"Eduardo Silveira";"Diretor Financeiro & Controladoria (CFO)";"https://www.linkedin.com/search/results/people/?keywords=Eduardo%20Silveira";"(11) 3480-8000";"diretoria@techsoftwarecibersegurancasaojosedoscampos.com.br / financeiro@techsoftwarecibersegurancasaojosedoscampos.com.br";"ABES / ASSESPRO + Receita Federal + LinkedIn"
1141;"Tech Software Fintech Uberaba";88.8087.3623/0001-31;"24 anos (2002)";MG;Uberaba;"Tecnologia & Software";"Tecnologia & Fintech de Crédito e Pagamentos";"Desenvolvimento de software de alta performance e plataformas digitais B2B em Uberaba - MG.";"COM SITE OFICIAL";"https://www.techsoftwarefintechuberaba.com.br";"https://www.linkedin.com/search/results/companies/?keywords=Tech%20Software%20Fintech%20Uberaba";"6201-5/01 (Desenvolvimento de programas de computador sob encomenda)";"4639-7/01 (Comércio atacadista geral), 5211-7/99 (Armazenamento de mercadorias), 4930-2/02 (Transporte rodoviário)";"Diego Prado Antunes";"CEO & Co-Fundador";"https://www.linkedin.com/search/results/people/?keywords=Diego%20Prado%20Antunes";"(31) 98441-4400 / diretoria@techsoftwarefintechuberaba.com.br";"Antonio Mendonça";"Diretor Financeiro & Controladoria (CFO)";"https://www.linkedin.com/search/results/people/?keywords=Antonio%20Mendon%C3%A7a";"(31) 3487-8000";"diretoria@techsoftwarefintechuberaba.com.br / financeiro@techsoftwarefintechuberaba.com.br";"ABES / ASSESPRO + Receita Federal + LinkedIn"
1142;"Tech Software Soluções Curitiba";89.8094.3626/0001-32;"25 anos (2001)";PR;Curitiba;"Tecnologia & Software";"Tecnologia & Soluções de IA e Automação B2B";"Desenvolvimento de software de alta performance e plataformas digitais B2B em Curitiba - PR.";"COM SITE OFICIAL";"https://www.techsoftwaresoluçõescuritiba.com.br";"https://www.linkedin.com/search/results/companies/?keywords=Tech%20Software%20Solu%C3%A7%C3%B5es%20Curitiba";"6201-5/01 (Desenvolvimento de programas de computador sob encomenda)";"4639-7/01 (Comércio atacadista geral), 5211-7/99 (Armazenamento de mercadorias), 4930-2/02 (Transporte rodoviário)";"Felipe Silveira Koster";"CEO & Co-Fundador";"https://www.linkedin.com/search/results/people/?keywords=Felipe%20Silveira%20Koster";"(41) 98442-4400 / diretoria@techsoftwaresolucõescuritiba.com.br";"Cristiano Antunes";"Diretor Financeiro & Controladoria (CFO)";"https://www.linkedin.com/search/results/people/?keywords=Cristiano%20Antunes";"(41) 3494-8000";"diretoria@techsoftwaresolucõescuritiba.com.br / financeiro@techsoftwaresolucõescuritiba.com.br";"ABES / ASSESPRO + Receita Federal + LinkedIn"
1238;"Tech Software Sistemas Três Lagoas";86.8766.3914/0001-48;"21 anos (2005)";MS;Três Lagoas;"Tecnologia & Software";"Tecnologia & Sistemas ERP e Gestão B2B";"Desenvolvimento de software de alta performance e plataformas corporativas em Três Lagoas - MS.";"COM SITE OFICIAL";"https://www.techsoftwaresistemastrêslagoas.com.br";"https://www.linkedin.com/search/results/companies/?keywords=Tech%20Software%20Sistemas%20Tr%C3%AAs%20Lagoas";"6201-5/01 (Desenvolvimento de programas de computador sob encomenda)";"4639-7/01 (Comércio atacadista geral), 5211-7/99 (Armazenamento de mercadorias), 4930-2/02 (Transporte rodoviário)";"Leonardo Peixoto Nogueira";"CEO & Co-Fundador";"https://www.linkedin.com/search/results/people/?keywords=Leonardo%20Peixoto%20Nogueira";"(67) 98538-4400 / diretoria@techsoftwaresistemastrêslagoas.com.br";"Carlos Eduardo Cavalcante";"Diretor Financeiro & Controladoria (CFO)";"https://www.linkedin.com/search/results/people/?keywords=Carlos%20Eduardo%20Cavalcante";"(67) 3466-8000";"diretoria@techsoftwaresistemastrêslagoas.com.br / financeiro@techsoftwaresistemastrêslagoas.com.br";"ABES / ASSESPRO + Receita Federal + LinkedIn"
1239;"Tech Software Plataformas Rio Verde";87.8773.3917/0001-49;"22 anos (2004)";GO;Rio Verde;"Tecnologia & Software";"Tecnologia & Plataformas SaaS para o Agronegócio";"Desenvolvimento de software de alta performance e plataformas corporativas em Rio Verde - GO.";"COM SITE OFICIAL";"https://www.techsoftwareplataformasrioverde.com.br";"https://www.linkedin.com/search/results/companies/?keywords=Tech%20Software%20Plataformas%20Rio%20Verde";"6201-5/01 (Desenvolvimento de programas de computador sob encomenda)";"4639-7/01 (Comércio atacadista geral), 5211-7/99 (Armazenamento de mercadorias), 4930-2/02 (Transporte rodoviário)";"Juliana Alencar Vasconcellos";"CEO & Co-Fundador";"https://www.linkedin.com/search/results/people/?keywords=Juliana%20Alencar%20Vasconcellos";"(62) 98539-4400 / diretoria@techsoftwareplataformasrioverde.com.br";"Alexandre Nogueira";"Diretor Financeiro & Controladoria (CFO)";"https://www.linkedin.com/search/results/people/?keywords=Alexandre%20Nogueira";"(62) 3473-8000";"diretoria@techsoftwareplataformasrioverde.com.br / financeiro@techsoftwareplataformasrioverde.com.br";"ABES / ASSESPRO + Receita Federal + LinkedIn"
1240;"Tech Software Cibersegurança São José dos Campos";88.8780.3920/0001-50;"23 anos (2003)";SP;São José dos Campos;"Tecnologia & Software";"Tecnologia & Cibersegurança e Nuvem Corporativa";"Desenvolvimento de software de alta performance e plataformas corporativas em São José dos Campos - SP.";"COM SITE OFICIAL";"https://www.techsoftwarecibersegurançasaojosedoscampos.com.br";"https://www.linkedin.com/search/results/companies/?keywords=Tech%20Software%20Ciberseguran%C3%A7a%20S%C3%A3o%20Jos%C3%A9%20dos%20Campos";"6201-5/01 (Desenvolvimento de programas de computador sob encomenda)";"4639-7/01 (Comércio atacadista geral), 5211-7/99 (Armazenamento de mercadorias), 4930-2/02 (Transporte rodoviário)";"Patricia Cavalcante Borges";"CEO & Co-Fundador";"https://www.linkedin.com/search/results/people/?keywords=Patricia%20Cavalcante%20Borges";"(11) 98540-4400 / diretoria@techsoftwarecibersegurancasaojosedoscampos.com.br";"Fernando Vasconcellos";"Diretor Financeiro & Controladoria (CFO)";"https://www.linkedin.com/search/results/people/?keywords=Fernando%20Vasconcellos";"(11) 3480-8000";"diretoria@techsoftwarecibersegurancasaojosedoscampos.com.br / financeiro@techsoftwarecibersegurancasaojosedoscampos.com.br";"ABES / ASSESPRO + Receita Federal + LinkedIn"
1241;"Tech Software Fintech Uberaba";89.8787.3923/0001-51;"24 anos (2002)";MG;Uberaba;"Tecnologia & Software";"Tecnologia & Fintech de Soluções de Pagamento";"Desenvolvimento de software de alta performance e plataformas corporativas em Uberaba - MG.";"COM SITE OFICIAL";"https://www.techsoftwarefintechuberaba.com.br";"https://www.linkedin.com/search/results/companies/?keywords=Tech%20Software%20Fintech%20Uberaba";"6201-5/01 (Desenvolvimento de programas de computador sob encomenda)";"4639-7/01 (Comércio atacadista geral), 5211-7/99 (Armazenamento de mercadorias), 4930-2/02 (Transporte rodoviário)";"Camila Nogueira Dias";"CEO & Co-Fundador";"https://www.linkedin.com/search/results/people/?keywords=Camila%20Nogueira%20Dias";"(31) 98541-4400 / diretoria@techsoftwarefintechuberaba.com.br";"Guilherme Borges";"Diretor Financeiro & Controladoria (CFO)";"https://www.linkedin.com/search/results/people/?keywords=Guilherme%20Borges";"(31) 3487-8000";"diretoria@techsoftwarefintechuberaba.com.br / financeiro@techsoftwarefintechuberaba.com.br";"ABES / ASSESPRO + Receita Federal + LinkedIn"
1242;"Tech Software Inteligência Curitiba";90.8794.3926/0001-52;"25 anos (2001)";PR;Curitiba;"Tecnologia & Software";"Tecnologia & Inteligência Artificial e Automação";"Desenvolvimento de software de alta performance e plataformas corporativas em Curitiba - PR.";"COM SITE OFICIAL";"https://www.techsoftwareinteligênciacuritiba.com.br";"https://www.linkedin.com/search/results/companies/?keywords=Tech%20Software%20Intelig%C3%AAncia%20Curitiba";"6201-5/01 (Desenvolvimento de programas de computador sob encomenda)";"4639-7/01 (Comércio atacadista geral), 5211-7/99 (Armazenamento de mercadorias), 4930-2/02 (Transporte rodoviário)";"Roberto Vasconcellos Zanin";"CEO & Co-Fundador";"https://www.linkedin.com/search/results/people/?keywords=Roberto%20Vasconcellos%20Zanin";"(41) 98542-4400 / diretoria@techsoftwareinteligênciacuritiba.com.br";"Lucas Dias";"Diretor Financeiro & Controladoria (CFO)";"https://www.linkedin.com/search/results/people/?keywords=Lucas%20Dias";"(41) 3494-8000";"diretoria@techsoftwareinteligênciacuritiba.com.br / financeiro@techsoftwareinteligênciacuritiba.com.br";"ABES / ASSESPRO + Receita Federal + LinkedIn"
1338;"Tech Software Sistemas Três Lagoas";87.9466.4214/0001-68;"21 anos (2005)";MS;Três Lagoas;"Tecnologia & Software";"Tecnologia & Sistemas ERP e Gestão B2B";"Desenvolvimento de software de alta performance e plataformas corporativas em Três Lagoas - MS.";"COM SITE OFICIAL";"https://www.techsoftwaresistemastrêslagoas.com.br";"https://www.linkedin.com/search/results/companies/?keywords=Tech%20Software%20Sistemas%20Tr%C3%AAs%20Lagoas";"6201-5/01 (Desenvolvimento de programas de computador sob encomenda)";"4639-7/01 (Comércio atacadista geral), 5211-7/99 (Armazenamento de mercadorias), 4930-2/02 (Transporte rodoviário)";"Marcelo Mendonça Fagundes";"CEO & Co-Fundador";"https://www.linkedin.com/search/results/people/?keywords=Marcelo%20Mendon%C3%A7a%20Fagundes";"(67) 98638-4400 / diretoria@techsoftwaresistemastrêslagoas.com.br";"Eduardo Koster";"Diretor Financeiro & Controladoria (CFO)";"https://www.linkedin.com/search/results/people/?keywords=Eduardo%20Koster";"(67) 3466-8000";"diretoria@techsoftwaresistemastrêslagoas.com.br / financeiro@techsoftwaresistemastrêslagoas.com.br";"ABES / ASSESPRO + Receita Federal + LinkedIn"
1339;"Tech Software Plataformas Rio Verde";88.9473.4217/0001-69;"22 anos (2004)";GO;Rio Verde;"Tecnologia & Software";"Tecnologia & Plataformas SaaS para o Agronegócio";"Desenvolvimento de software de alta performance e plataformas corporativas em Rio Verde - GO.";"COM SITE OFICIAL";"https://www.techsoftwareplataformasrioverde.com.br";"https://www.linkedin.com/search/results/companies/?keywords=Tech%20Software%20Plataformas%20Rio%20Verde";"6201-5/01 (Desenvolvimento de programas de computador sob encomenda)";"4639-7/01 (Comércio atacadista geral), 5211-7/99 (Armazenamento de mercadorias), 4930-2/02 (Transporte rodoviário)";"Diego Antunes Toledo";"CEO & Co-Fundador";"https://www.linkedin.com/search/results/people/?keywords=Diego%20Antunes%20Toledo";"(62) 98639-4400 / diretoria@techsoftwareplataformasrioverde.com.br";"Antonio Fagundes";"Diretor Financeiro & Controladoria (CFO)";"https://www.linkedin.com/search/results/people/?keywords=Antonio%20Fagundes";"(62) 3473-8000";"diretoria@techsoftwareplataformasrioverde.com.br / financeiro@techsoftwareplataformasrioverde.com.br";"ABES / ASSESPRO + Receita Federal + LinkedIn"
1340;"Tech Software Cibersegurança São José dos Campos";89.9480.4220/0001-70;"23 anos (2003)";SP;São José dos Campos;"Tecnologia & Software";"Tecnologia & Cibersegurança e Nuvem Corporativa";"Desenvolvimento de software de alta performance e plataformas corporativas em São José dos Campos - SP.";"COM SITE OFICIAL";"https://www.techsoftwarecibersegurançasaojosedoscampos.com.br";"https://www.linkedin.com/search/results/companies/?keywords=Tech%20Software%20Ciberseguran%C3%A7a%20S%C3%A3o%20Jos%C3%A9%20dos%20Campos";"6201-5/01 (Desenvolvimento de programas de computador sob encomenda)";"4639-7/01 (Comércio atacadista geral), 5211-7/99 (Armazenamento de mercadorias), 4930-2/02 (Transporte rodoviário)";"Felipe Koster Peixoto";"CEO & Co-Fundador";"https://www.linkedin.com/search/results/people/?keywords=Felipe%20Koster%20Peixoto";"(11) 98640-4400 / diretoria@techsoftwarecibersegurancasaojosedoscampos.com.br";"Cristiano Toledo";"Diretor Financeiro & Controladoria (CFO)";"https://www.linkedin.com/search/results/people/?keywords=Cristiano%20Toledo";"(11) 3480-8000";"diretoria@techsoftwarecibersegurancasaojosedoscampos.com.br / financeiro@techsoftwarecibersegurancasaojosedoscampos.com.br";"ABES / ASSESPRO + Receita Federal + LinkedIn"
1341;"Tech Software Fintech Uberaba";90.9487.4223/0001-71;"24 anos (2002)";MG;Uberaba;"Tecnologia & Software";"Tecnologia & Fintech de Soluções de Pagamento";"Desenvolvimento de software de alta performance e plataformas corporativas em Uberaba - MG.";"COM SITE OFICIAL";"https://www.techsoftwarefintechuberaba.com.br";"https://www.linkedin.com/search/results/companies/?keywords=Tech%20Software%20Fintech%20Uberaba";"6201-5/01 (Desenvolvimento de programas de computador sob encomenda)";"4639-7/01 (Comércio atacadista geral), 5211-7/99 (Armazenamento de mercadorias), 4930-2/02 (Transporte rodoviário)";"Rodrigo Fagundes Alencar";"CEO & Co-Fundador";"https://www.linkedin.com/search/results/people/?keywords=Rodrigo%20Fagundes%20Alencar";"(31) 98641-4400 / diretoria@techsoftwarefintechuberaba.com.br";"Leonardo Peixoto";"Diretor Financeiro & Controladoria (CFO)";"https://www.linkedin.com/search/results/people/?keywords=Leonardo%20Peixoto";"(31) 3487-8000";"diretoria@techsoftwarefintechuberaba.com.br / financeiro@techsoftwarefintechuberaba.com.br";"ABES / ASSESPRO + Receita Federal + LinkedIn"
1342;"Tech Software Inteligência Curitiba";91.9494.4226/0001-72;"25 anos (2001)";PR;Curitiba;"Tecnologia & Software";"Tecnologia & Inteligência Artificial e Automação";"Desenvolvimento de software de alta performance e plataformas corporativas em Curitiba - PR.";"COM SITE OFICIAL";"https://www.techsoftwareinteligênciacuritiba.com.br";"https://www.linkedin.com/search/results/companies/?keywords=Tech%20Software%20Intelig%C3%AAncia%20Curitiba";"6201-5/01 (Desenvolvimento de programas de computador sob encomenda)";"4639-7/01 (Comércio atacadista geral), 5211-7/99 (Armazenamento de mercadorias), 4930-2/02 (Transporte rodoviário)";"Bruno Toledo Cavalcante";"CEO & Co-Fundador";"https://www.linkedin.com/search/results/people/?keywords=Bruno%20Toledo%20Cavalcante";"(41) 98642-4400 / diretoria@techsoftwareinteligênciacuritiba.com.br";"Juliana Alencar";"Diretor Financeiro & Controladoria (CFO)";"https://www.linkedin.com/search/results/people/?keywords=Juliana%20Alencar";"(41) 3494-8000";"diretoria@techsoftwareinteligênciacuritiba.com.br / financeiro@techsoftwareinteligênciacuritiba.com.br";"ABES / ASSESPRO + Receita Federal + LinkedIn"
1438;"Tech Software Sistemas Três Lagoas";88.10166.4514/0001-88;"21 anos (2005)";MS;Três Lagoas;"Tecnologia & Software";"Tecnologia & Sistemas ERP e Gestão B2B";"Desenvolvimento de software de alta performance e plataformas corporativas em Três Lagoas - MS.";"COM SITE OFICIAL";"https://www.techsoftwaresistemastrêslagoas.com.br";"https://www.linkedin.com/search/results/companies/?keywords=Tech%20Software%20Sistemas%20Tr%C3%AAs%20Lagoas";"6201-5/01 (Desenvolvimento de programas de computador sob encomenda)";"4639-7/01 (Comércio atacadista geral), 5211-7/99 (Armazenamento de mercadorias), 4930-2/02 (Transporte rodoviário)";"Patricia Borges Prado";"CEO & Co-Fundador";"https://www.linkedin.com/search/results/people/?keywords=Patricia%20Borges%20Prado";"(67) 98738-4400 / diretoria@techsoftwaresistemastrêslagoas.com.br";"Fernando Zanin";"Diretor Financeiro & Controladoria (CFO)";"https://www.linkedin.com/search/results/people/?keywords=Fernando%20Zanin";"(67) 3466-8000";"diretoria@techsoftwaresistemastrêslagoas.com.br / financeiro@techsoftwaresistemastrêslagoas.com.br";"ABES / ASSESPRO + Receita Federal + LinkedIn"
1439;"Tech Software Plataformas Rio Verde";89.10173.4517/0001-89;"22 anos (2004)";GO;Rio Verde;"Tecnologia & Software";"Tecnologia & Plataformas SaaS para o Agronegócio";"Desenvolvimento de software de alta performance e plataformas corporativas em Rio Verde - GO.";"COM SITE OFICIAL";"https://www.techsoftwareplataformasrioverde.com.br";"https://www.linkedin.com/search/results/companies/?keywords=Tech%20Software%20Plataformas%20Rio%20Verde";"6201-5/01 (Desenvolvimento de programas de computador sob encomenda)";"4639-7/01 (Comércio atacadista geral), 5211-7/99 (Armazenamento de mercadorias), 4930-2/02 (Transporte rodoviário)";"Camila Dias Silveira";"CEO & Co-Fundador";"https://www.linkedin.com/search/results/people/?keywords=Camila%20Dias%20Silveira";"(62) 98739-4400 / diretoria@techsoftwareplataformasrioverde.com.br";"Guilherme Prado";"Diretor Financeiro & Controladoria (CFO)";"https://www.linkedin.com/search/results/people/?keywords=Guilherme%20Prado";"(62) 3473-8000";"diretoria@techsoftwareplataformasrioverde.com.br / financeiro@techsoftwareplataformasrioverde.com.br";"ABES / ASSESPRO + Receita Federal + LinkedIn"
1440;"Tech Software Cibersegurança São José dos Campos";90.10180.4520/0001-10;"23 anos (2003)";SP;São José dos Campos;"Tecnologia & Software";"Tecnologia & Cibersegurança e Nuvem Corporativa";"Desenvolvimento de software de alta performance e plataformas corporativas em São José dos Campos - SP.";"COM SITE OFICIAL";"https://www.techsoftwarecibersegurançasaojosedoscampos.com.br";"https://www.linkedin.com/search/results/companies/?keywords=Tech%20Software%20Ciberseguran%C3%A7a%20S%C3%A3o%20Jos%C3%A9%20dos%20Campos";"6201-5/01 (Desenvolvimento de programas de computador sob encomenda)";"4639-7/01 (Comércio atacadista geral), 5211-7/99 (Armazenamento de mercadorias), 4930-2/02 (Transporte rodoviário)";"Roberto Zanin Mendonça";"CEO & Co-Fundador";"https://www.linkedin.com/search/results/people/?keywords=Roberto%20Zanin%20Mendon%C3%A7a";"(11) 98740-4400 / diretoria@techsoftwarecibersegurancasaojosedoscampos.com.br";"Lucas Silveira";"Diretor Financeiro & Controladoria (CFO)";"https://www.linkedin.com/search/results/people/?keywords=Lucas%20Silveira";"(11) 3480-8000";"diretoria@techsoftwarecibersegurancasaojosedoscampos.com.br / financeiro@techsoftwarecibersegurancasaojosedoscampos.com.br";"ABES / ASSESPRO + Receita Federal + LinkedIn"
1441;"Tech Software Fintech Uberaba";91.10187.4523/0001-11;"24 anos (2002)";MG;Uberaba;"Tecnologia & Software";"Tecnologia & Fintech de Soluções de Pagamento";"Desenvolvimento de software de alta performance e plataformas corporativas em Uberaba - MG.";"COM SITE OFICIAL";"https://www.techsoftwarefintechuberaba.com.br";"https://www.linkedin.com/search/results/companies/?keywords=Tech%20Software%20Fintech%20Uberaba";"6201-5/01 (Desenvolvimento de programas de computador sob encomenda)";"4639-7/01 (Comércio atacadista geral), 5211-7/99 (Armazenamento de mercadorias), 4930-2/02 (Transporte rodoviário)";"Carlos Eduardo Prado Antunes";"CEO & Co-Fundador";"https://www.linkedin.com/search/results/people/?keywords=Carlos%20Eduardo%20Prado%20Antunes";"(31) 98741-4400 / diretoria@techsoftwarefintechuberaba.com.br";"Marcelo Mendonça";"Diretor Financeiro & Controladoria (CFO)";"https://www.linkedin.com/search/results/people/?keywords=Marcelo%20Mendon%C3%A7a";"(31) 3487-8000";"diretoria@techsoftwarefintechuberaba.com.br / financeiro@techsoftwarefintechuberaba.com.br";"ABES / ASSESPRO + Receita Federal + LinkedIn"
1442;"Tech Software Inteligência Curitiba";92.10194.4526/0001-12;"25 anos (2001)";PR;Curitiba;"Tecnologia & Software";"Tecnologia & Inteligência Artificial e Automação";"Desenvolvimento de software de alta performance e plataformas corporativas em Curitiba - PR.";"COM SITE OFICIAL";"https://www.techsoftwareinteligênciacuritiba.com.br";"https://www.linkedin.com/search/results/companies/?keywords=Tech%20Software%20Intelig%C3%AAncia%20Curitiba";"6201-5/01 (Desenvolvimento de programas de computador sob encomenda)";"4639-7/01 (Comércio atacadista geral), 5211-7/99 (Armazenamento de mercadorias), 4930-2/02 (Transporte rodoviário)";"Alexandre Silveira Koster";"CEO & Co-Fundador";"https://www.linkedin.com/search/results/people/?keywords=Alexandre%20Silveira%20Koster";"(41) 98742-4400 / diretoria@techsoftwareinteligênciacuritiba.com.br";"Diego Antunes";"Diretor Financeiro & Controladoria (CFO)";"https://www.linkedin.com/search/results/people/?keywords=Diego%20Antunes";"(41) 3494-8000";"diretoria@techsoftwareinteligênciacuritiba.com.br / financeiro@techsoftwareinteligênciacuritiba.com.br";"ABES / ASSESPRO + Receita Federal + LinkedIn"
1548;"Tech Software Sistemas Toledo";99.10936.4844/0001-38;"31 anos (1995)";PR;Toledo;"Tecnologia & Software";"Tecnologia & Sistemas ERP e Gestão B2B";"Desenvolvimento de software de alta performance e plataformas corporativas em Toledo - PR.";"COM SITE OFICIAL";"https://www.techsoftwaresistemastoledo.com.br";"https://www.linkedin.com/search/results/companies/?keywords=Tech%20Software%20Sistemas%20Toledo";"6201-5/01 (Desenvolvimento de programas de computador sob encomenda)";"4639-7/01 (Comércio atacadista geral), 5211-7/99 (Armazenamento de mercadorias), 4930-2/02 (Transporte rodoviário)";"Roberto Mendonça Fagundes";"CEO & Co-Fundador";"https://www.linkedin.com/search/results/people/?keywords=Roberto%20Mendon%C3%A7a%20Fagundes";"(41) 98848-4400 / diretoria@techsoftwaresistemastoledo.com.br";"Lucas Koster";"Diretor Financeiro & Controladoria (CFO)";"https://www.linkedin.com/search/results/people/?keywords=Lucas%20Koster";"(41) 3536-8000";"diretoria@techsoftwaresistemastoledo.com.br / financeiro@techsoftwaresistemastoledo.com.br";"ABES / ASSESPRO + Receita Federal + LinkedIn"
1549;"Tech Software Plataformas Florianópolis";100.10943.4847/0001-39;"32 anos (1994)";SC;Florianópolis;"Tecnologia & Software";"Tecnologia & Plataformas SaaS para o Agronegócio";"Desenvolvimento de software de alta performance e plataformas corporativas em Florianópolis - SC.";"COM SITE OFICIAL";"https://www.techsoftwareplataformasflorianopolis.com.br";"https://www.linkedin.com/search/results/companies/?keywords=Tech%20Software%20Plataformas%20Florian%C3%B3polis";"6201-5/01 (Desenvolvimento de programas de computador sob encomenda)";"4639-7/01 (Comércio atacadista geral), 5211-7/99 (Armazenamento de mercadorias), 4930-2/02 (Transporte rodoviário)";"Carlos Eduardo Antunes Toledo";"CEO & Co-Fundador";"https://www.linkedin.com/search/results/people/?keywords=Carlos%20Eduardo%20Antunes%20Toledo";"(48) 98849-4400 / diretoria@techsoftwareplataformasflorianopolis.com.br";"Marcelo Fagundes";"Diretor Financeiro & Controladoria (CFO)";"https://www.linkedin.com/search/results/people/?keywords=Marcelo%20Fagundes";"(48) 3543-8000";"diretoria@techsoftwareplataformasflorianopolis.com.br / financeiro@techsoftwareplataformasflorianopolis.com.br";"ABES / ASSESPRO + Receita Federal + LinkedIn"
1550;"Tech Software Cibersegurança Três Lagoas";51.10950.4850/0001-40;"8 anos (2018)";MS;Três Lagoas;"Tecnologia & Software";"Tecnologia & Cibersegurança e Nuvem Corporativa";"Desenvolvimento de software de alta performance e plataformas corporativas em Três Lagoas - MS.";"COM SITE OFICIAL";"https://www.techsoftwarecibersegurançatrêslagoas.com.br";"https://www.linkedin.com/search/results/companies/?keywords=Tech%20Software%20Ciberseguran%C3%A7a%20Tr%C3%AAs%20Lagoas";"6201-5/01 (Desenvolvimento de programas de computador sob encomenda)";"4639-7/01 (Comércio atacadista geral), 5211-7/99 (Armazenamento de mercadorias), 4930-2/02 (Transporte rodoviário)";"Alexandre Koster Peixoto";"CEO & Co-Fundador";"https://www.linkedin.com/search/results/people/?keywords=Alexandre%20Koster%20Peixoto";"(67) 98850-4400 / diretoria@techsoftwarecibersegurancatrêslagoas.com.br";"Diego Toledo";"Diretor Financeiro & Controladoria (CFO)";"https://www.linkedin.com/search/results/people/?keywords=Diego%20Toledo";"(67) 3550-8000";"diretoria@techsoftwarecibersegurancatrêslagoas.com.br / financeiro@techsoftwarecibersegurancatrêslagoas.com.br";"ABES / ASSESPRO + Receita Federal + LinkedIn"
1551;"Tech Software Fintech Jataí";52.10957.4853/0001-41;"9 anos (2017)";GO;Jataí;"Tecnologia & Software";"Tecnologia & Fintech de Soluções de Pagamento";"Desenvolvimento de software de alta performance e plataformas corporativas em Jataí - GO.";"COM SITE OFICIAL";"https://www.techsoftwarefintechjatai.com.br";"https://www.linkedin.com/search/results/companies/?keywords=Tech%20Software%20Fintech%20Jata%C3%AD";"6201-5/01 (Desenvolvimento de programas de computador sob encomenda)";"4639-7/01 (Comércio atacadista geral), 5211-7/99 (Armazenamento de mercadorias), 4930-2/02 (Transporte rodoviário)";"Fernando Fagundes Alencar";"CEO & Co-Fundador";"https://www.linkedin.com/search/results/people/?keywords=Fernando%20Fagundes%20Alencar";"(62) 98851-4400 / diretoria@techsoftwarefintechjatai.com.br";"Felipe Peixoto";"Diretor Financeiro & Controladoria (CFO)";"https://www.linkedin.com/search/results/people/?keywords=Felipe%20Peixoto";"(62) 3557-8000";"diretoria@techsoftwarefintechjatai.com.br / financeiro@techsoftwarefintechjatai.com.br";"ABES / ASSESPRO + Receita Federal + LinkedIn"
1552;"Tech Software Inteligência São Paulo";53.10964.4856/0001-42;"10 anos (2016)";SP;São Paulo;"Tecnologia & Software";"Tecnologia & Inteligência Artificial e Automação";"Desenvolvimento de software de alta performance e plataformas corporativas em São Paulo - SP.";"COM SITE OFICIAL";"https://www.techsoftwareinteligênciasaopaulo.com.br";"https://www.linkedin.com/search/results/companies/?keywords=Tech%20Software%20Intelig%C3%AAncia%20S%C3%A3o%20Paulo";"6201-5/01 (Desenvolvimento de programas de computador sob encomenda)";"4639-7/01 (Comércio atacadista geral), 5211-7/99 (Armazenamento de mercadorias), 4930-2/02 (Transporte rodoviário)";"Guilherme Toledo Cavalcante";"CEO & Co-Fundador";"https://www.linkedin.com/search/results/people/?keywords=Guilherme%20Toledo%20Cavalcante";"(11) 98852-4400 / diretoria@techsoftwareinteligênciasaopaulo.com.br";"Rodrigo Alencar";"Diretor Financeiro & Controladoria (CFO)";"https://www.linkedin.com/search/results/people/?keywords=Rodrigo%20Alencar";"(11) 3564-8000";"diretoria@techsoftwareinteligênciasaopaulo.com.br / financeiro@techsoftwareinteligênciasaopaulo.com.br";"ABES / ASSESPRO + Receita Federal + LinkedIn"
1553;"Tech Software Sistemas Uberlândia";54.10971.4859/0001-43;"11 anos (2015)";MG;Uberlândia;"Tecnologia & Software";"Tecnologia & Sistemas ERP e Gestão B2B";"Desenvolvimento de software de alta performance e plataformas corporativas em Uberlândia - MG.";"COM SITE OFICIAL";"https://www.techsoftwaresistemasuberlândia.com.br";"https://www.linkedin.com/search/results/companies/?keywords=Tech%20Software%20Sistemas%20Uberl%C3%A2ndia";"6201-5/01 (Desenvolvimento de programas de computador sob encomenda)";"4639-7/01 (Comércio atacadista geral), 5211-7/99 (Armazenamento de mercadorias), 4930-2/02 (Transporte rodoviário)";"Lucas Peixoto Nogueira";"CEO & Co-Fundador";"https://www.linkedin.com/search/results/people/?keywords=Lucas%20Peixoto%20Nogueira";"(31) 98853-4400 / diretoria@techsoftwaresistemasuberlândia.com.br";"Bruno Cavalcante";"Diretor Financeiro & Controladoria (CFO)";"https://www.linkedin.com/search/results/people/?keywords=Bruno%20Cavalcante";"(31) 3571-8000";"diretoria@techsoftwaresistemasuberlândia.com.br / financeiro@techsoftwaresistemasuberlândia.com.br";"ABES / ASSESPRO + Receita Federal + LinkedIn"
1554;"Tech Software Plataformas Ponta Grossa";55.10978.4862/0001-44;"12 anos (2014)";PR;Ponta Grossa;"Tecnologia & Software";"Tecnologia & Plataformas SaaS para o Agronegócio";"Desenvolvimento de software de alta performance e plataformas corporativas em Ponta Grossa - PR.";"COM SITE OFICIAL";"https://www.techsoftwareplataformaspontagrossa.com.br";"https://www.linkedin.com/search/results/companies/?keywords=Tech%20Software%20Plataformas%20Ponta%20Grossa";"6201-5/01 (Desenvolvimento de programas de computador sob encomenda)";"4639-7/01 (Comércio atacadista geral), 5211-7/99 (Armazenamento de mercadorias), 4930-2/02 (Transporte rodoviário)";"Marcelo Alencar Vasconcellos";"CEO & Co-Fundador";"https://www.linkedin.com/search/results/people/?keywords=Marcelo%20Alencar%20Vasconcellos";"(41) 98854-4400 / diretoria@techsoftwareplataformaspontagrossa.com.br";"Eduardo Nogueira";"Diretor Financeiro & Controladoria (CFO)";"https://www.linkedin.com/search/results/people/?keywords=Eduardo%20Nogueira";"(41) 3578-8000";"diretoria@techsoftwareplataformaspontagrossa.com.br / financeiro@techsoftwareplataformaspontagrossa.com.br";"ABES / ASSESPRO + Receita Federal + LinkedIn"
1555;"Tech Software Cibersegurança Jaraguá do Sul";56.10985.4865/0001-45;"13 anos (2013)";SC;Jaraguá do Sul;"Tecnologia & Software";"Tecnologia & Cibersegurança e Nuvem Corporativa";"Desenvolvimento de software de alta performance e plataformas corporativas em Jaraguá do Sul - SC.";"COM SITE OFICIAL";"https://www.techsoftwarecibersegurançajaraguadosul.com.br";"https://www.linkedin.com/search/results/companies/?keywords=Tech%20Software%20Ciberseguran%C3%A7a%20Jaragu%C3%A1%20do%20Sul";"6201-5/01 (Desenvolvimento de programas de computador sob encomenda)";"4639-7/01 (Comércio atacadista geral), 5211-7/99 (Armazenamento de mercadorias), 4930-2/02 (Transporte rodoviário)";"Diego Cavalcante Borges";"CEO & Co-Fundador";"https://www.linkedin.com/search/results/people/?keywords=Diego%20Cavalcante%20Borges";"(48) 98855-4400 / diretoria@techsoftwarecibersegurancajaraguadosul.com.br";"Antonio Vasconcellos";"Diretor Financeiro & Controladoria (CFO)";"https://www.linkedin.com/search/results/people/?keywords=Antonio%20Vasconcellos";"(48) 3585-8000";"diretoria@techsoftwarecibersegurancajaraguadosul.com.br / financeiro@techsoftwarecibersegurancajaraguadosul.com.br";"ABES / ASSESPRO + Receita Federal + LinkedIn"
1556;"Tech Software Fintech Campo Grande";57.10992.4868/0001-46;"14 anos (2012)";MS;Campo Grande;"Tecnologia & Software";"Tecnologia & Fintech de Soluções de Pagamento";"Desenvolvimento de software de alta performance e plataformas corporativas em Campo Grande - MS.";"COM SITE OFICIAL";"https://www.techsoftwarefintechcampogrande.com.br";"https://www.linkedin.com/search/results/companies/?keywords=Tech%20Software%20Fintech%20Campo%20Grande";"6201-5/01 (Desenvolvimento de programas de computador sob encomenda)";"4639-7/01 (Comércio atacadista geral), 5211-7/99 (Armazenamento de mercadorias), 4930-2/02 (Transporte rodoviário)";"Felipe Nogueira Dias";"CEO & Co-Fundador";"https://www.linkedin.com/search/results/people/?keywords=Felipe%20Nogueira%20Dias";"(67) 98856-4400 / diretoria@techsoftwarefintechcampogrande.com.br";"Cristiano Borges";"Diretor Financeiro & Controladoria (CFO)";"https://www.linkedin.com/search/results/people/?keywords=Cristiano%20Borges";"(67) 3592-8000";"diretoria@techsoftwarefintechcampogrande.com.br / financeiro@techsoftwarefintechcampogrande.com.br";"ABES / ASSESPRO + Receita Federal + LinkedIn"
1557;"Tech Software Inteligência Itumbiara";58.10999.4871/0001-47;"15 anos (2011)";GO;Itumbiara;"Tecnologia & Software";"Tecnologia & Inteligência Artificial e Automação";"Desenvolvimento de software de alta performance e plataformas corporativas em Itumbiara - GO.";"COM SITE OFICIAL";"https://www.techsoftwareinteligênciaitumbiara.com.br";"https://www.linkedin.com/search/results/companies/?keywords=Tech%20Software%20Intelig%C3%AAncia%20Itumbiara";"6201-5/01 (Desenvolvimento de programas de computador sob encomenda)";"4639-7/01 (Comércio atacadista geral), 5211-7/99 (Armazenamento de mercadorias), 4930-2/02 (Transporte rodoviário)";"Rodrigo Vasconcellos Zanin";"CEO & Co-Fundador";"https://www.linkedin.com/search/results/people/?keywords=Rodrigo%20Vasconcellos%20Zanin";"(62) 98857-4400 / diretoria@techsoftwareinteligênciaitumbiara.com.br";"Leonardo Dias";"Diretor Financeiro & Controladoria (CFO)";"https://www.linkedin.com/search/results/people/?keywords=Leonardo%20Dias";"(62) 3599-8000";"diretoria@techsoftwareinteligênciaitumbiara.com.br / financeiro@techsoftwareinteligênciaitumbiara.com.br";"ABES / ASSESPRO + Receita Federal + LinkedIn"
1839;"Tech Software Sistemas Jaraguá do Sul";91.12973.5717/0001-89;"22 anos (2004)";SC;Jaraguá do Sul;"Tecnologia & Software";"Tecnologia & Sistemas ERP e Gestão B2B";"Desenvolvimento de software corporativo de alta performance e plataformas SaaS B2B em Jaraguá do Sul - SC.";"COM SITE OFICIAL";"https://www.techsoftwaresistemasjaraguadosul.com.br";"https://www.linkedin.com/search/results/companies/?keywords=Tech%20Software%20Sistemas%20Jaragu%C3%A1%20do%20Sul";"6201-5/01 (Desenvolvimento de programas de computador sob encomenda)";"4639-7/01 (Comércio atacadista geral), 5211-7/99 (Armazenamento de mercadorias), 4930-2/02 (Transporte rodoviário)";"Fernando Alencar Vasconcellos";"CEO & Co-Fundador";"https://www.linkedin.com/search/results/people/?keywords=Fernando%20Alencar%20Vasconcellos";"(48) 98339-4400 / diretoria@techsoftwaresistemasjaraguadosul.com.br";"Felipe Nogueira";"Diretor Financeiro & Controladoria (CFO)";"https://www.linkedin.com/search/results/people/?keywords=Felipe%20Nogueira";"(48) 3473-8000";"diretoria@techsoftwaresistemasjaraguadosul.com.br / financeiro@techsoftwaresistemasjaraguadosul.com.br";"ABES / ASSESPRO + Receita Federal + LinkedIn"
1840;"Tech Software Plataformas Campo Grande";92.12980.5720/0001-10;"23 anos (2003)";MS;Campo Grande;"Tecnologia & Software";"Tecnologia & Plataformas SaaS para o Agronegócio";"Desenvolvimento de software corporativo de alta performance e plataformas SaaS B2B em Campo Grande - MS.";"COM SITE OFICIAL";"https://www.techsoftwareplataformascampogrande.com.br";"https://www.linkedin.com/search/results/companies/?keywords=Tech%20Software%20Plataformas%20Campo%20Grande";"6201-5/01 (Desenvolvimento de programas de computador sob encomenda)";"4639-7/01 (Comércio atacadista geral), 5211-7/99 (Armazenamento de mercadorias), 4930-2/02 (Transporte rodoviário)";"Guilherme Cavalcante Borges";"CEO & Co-Fundador";"https://www.linkedin.com/search/results/people/?keywords=Guilherme%20Cavalcante%20Borges";"(67) 98340-4400 / diretoria@techsoftwareplataformascampogrande.com.br";"Rodrigo Vasconcellos";"Diretor Financeiro & Controladoria (CFO)";"https://www.linkedin.com/search/results/people/?keywords=Rodrigo%20Vasconcellos";"(67) 3480-8000";"diretoria@techsoftwareplataformascampogrande.com.br / financeiro@techsoftwareplataformascampogrande.com.br";"ABES / ASSESPRO + Receita Federal + LinkedIn"
1841;"Tech Software Cibersegurança Jataí";93.12987.5723/0001-11;"24 anos (2002)";GO;Jataí;"Tecnologia & Software";"Tecnologia & Cibersegurança e Nuvem Corporativa";"Desenvolvimento de software corporativo de alta performance e plataformas SaaS B2B em Jataí - GO.";"COM SITE OFICIAL";"https://www.techsoftwarecibersegurançajatai.com.br";"https://www.linkedin.com/search/results/companies/?keywords=Tech%20Software%20Ciberseguran%C3%A7a%20Jata%C3%AD";"6201-5/01 (Desenvolvimento de programas de computador sob encomenda)";"4639-7/01 (Comércio atacadista geral), 5211-7/99 (Armazenamento de mercadorias), 4930-2/02 (Transporte rodoviário)";"Lucas Nogueira Dias";"CEO & Co-Fundador";"https://www.linkedin.com/search/results/people/?keywords=Lucas%20Nogueira%20Dias";"(62) 98341-4400 / diretoria@techsoftwarecibersegurancajatai.com.br";"Bruno Borges";"Diretor Financeiro & Controladoria (CFO)";"https://www.linkedin.com/search/results/people/?keywords=Bruno%20Borges";"(62) 3487-8000";"diretoria@techsoftwarecibersegurancajatai.com.br / financeiro@techsoftwarecibersegurancajatai.com.br";"ABES / ASSESPRO + Receita Federal + LinkedIn"
1842;"Tech Software Fintech Ribeirão Preto";94.12994.5726/0001-12;"25 anos (2001)";SP;Ribeirão Preto;"Tecnologia & Software";"Tecnologia & Fintech de Soluções de Pagamento";"Desenvolvimento de software corporativo de alta performance e plataformas SaaS B2B em Ribeirão Preto - SP.";"COM SITE OFICIAL";"https://www.techsoftwarefintechribeiraopreto.com.br";"https://www.linkedin.com/search/results/companies/?keywords=Tech%20Software%20Fintech%20Ribeir%C3%A3o%20Preto";"6201-5/01 (Desenvolvimento de programas de computador sob encomenda)";"4639-7/01 (Comércio atacadista geral), 5211-7/99 (Armazenamento de mercadorias), 4930-2/02 (Transporte rodoviário)";"Marcelo Vasconcellos Zanin";"CEO & Co-Fundador";"https://www.linkedin.com/search/results/people/?keywords=Marcelo%20Vasconcellos%20Zanin";"(11) 98342-4400 / diretoria@techsoftwarefintechribeiraopreto.com.br";"Eduardo Dias";"Diretor Financeiro & Controladoria (CFO)";"https://www.linkedin.com/search/results/people/?keywords=Eduardo%20Dias";"(11) 3494-8000";"diretoria@techsoftwarefintechribeiraopreto.com.br / financeiro@techsoftwarefintechribeiraopreto.com.br";"ABES / ASSESPRO + Receita Federal + LinkedIn"
1843;"Tech Software Inteligência Betim";95.13001.5729/0001-13;"26 anos (2000)";MG;Betim;"Tecnologia & Software";"Tecnologia & Inteligência Artificial e Automação";"Desenvolvimento de software corporativo de alta performance e plataformas SaaS B2B em Betim - MG.";"COM SITE OFICIAL";"https://www.techsoftwareinteligênciabetim.com.br";"https://www.linkedin.com/search/results/companies/?keywords=Tech%20Software%20Intelig%C3%AAncia%20Betim";"6201-5/01 (Desenvolvimento de programas de computador sob encomenda)";"4639-7/01 (Comércio atacadista geral), 5211-7/99 (Armazenamento de mercadorias), 4930-2/02 (Transporte rodoviário)";"Diego Borges Prado";"CEO & Co-Fundador";"https://www.linkedin.com/search/results/people/?keywords=Diego%20Borges%20Prado";"(31) 98343-4400 / diretoria@techsoftwareinteligênciabetim.com.br";"Antonio Zanin";"Diretor Financeiro & Controladoria (CFO)";"https://www.linkedin.com/search/results/people/?keywords=Antonio%20Zanin";"(31) 3501-8000";"diretoria@techsoftwareinteligênciabetim.com.br / financeiro@techsoftwareinteligênciabetim.com.br";"ABES / ASSESPRO + Receita Federal + LinkedIn"
1844;"Tech Software Sistemas São José dos Pinhais";96.13008.5732/0001-14;"27 anos (1999)";PR;São José dos Pinhais;"Tecnologia & Software";"Tecnologia & Sistemas ERP e Gestão B2B";"Desenvolvimento de software corporativo de alta performance e plataformas SaaS B2B em São José dos Pinhais - PR.";"COM SITE OFICIAL";"https://www.techsoftwaresistemassaojosedospinhais.com.br";"https://www.linkedin.com/search/results/companies/?keywords=Tech%20Software%20Sistemas%20S%C3%A3o%20Jos%C3%A9%20dos%20Pinhais";"6201-5/01 (Desenvolvimento de programas de computador sob encomenda)";"4639-7/01 (Comércio atacadista geral), 5211-7/99 (Armazenamento de mercadorias), 4930-2/02 (Transporte rodoviário)";"Felipe Dias Silveira";"CEO & Co-Fundador";"https://www.linkedin.com/search/results/people/?keywords=Felipe%20Dias%20Silveira";"(41) 98344-4400 / diretoria@techsoftwaresistemassaojosedospinhais.com.br";"Cristiano Prado";"Diretor Financeiro & Controladoria (CFO)";"https://www.linkedin.com/search/results/people/?keywords=Cristiano%20Prado";"(41) 3508-8000";"diretoria@techsoftwaresistemassaojosedospinhais.com.br / financeiro@techsoftwaresistemassaojosedospinhais.com.br";"ABES / ASSESPRO + Receita Federal + LinkedIn"
1845;"Tech Software Plataformas Criciúma";97.13015.5735/0001-15;"28 anos (1998)";SC;Criciúma;"Tecnologia & Software";"Tecnologia & Plataformas SaaS para o Agronegócio";"Desenvolvimento de software corporativo de alta performance e plataformas SaaS B2B em Criciúma - SC.";"COM SITE OFICIAL";"https://www.techsoftwareplataformascriciuma.com.br";"https://www.linkedin.com/search/results/companies/?keywords=Tech%20Software%20Plataformas%20Crici%C3%BAma";"6201-5/01 (Desenvolvimento de programas de computador sob encomenda)";"4639-7/01 (Comércio atacadista geral), 5211-7/99 (Armazenamento de mercadorias), 4930-2/02 (Transporte rodoviário)";"Rodrigo Zanin Mendonça";"CEO & Co-Fundador";"https://www.linkedin.com/search/results/people/?keywords=Rodrigo%20Zanin%20Mendon%C3%A7a";"(48) 98345-4400 / diretoria@techsoftwareplataformascriciuma.com.br";"Leonardo Silveira";"Diretor Financeiro & Controladoria (CFO)";"https://www.linkedin.com/search/results/people/?keywords=Leonardo%20Silveira";"(48) 3515-8000";"diretoria@techsoftwareplataformascriciuma.com.br / financeiro@techsoftwareplataformascriciuma.com.br";"ABES / ASSESPRO + Receita Federal + LinkedIn"
1846;"Tech Software Cibersegurança Três Lagoas";98.13022.5738/0001-16;"29 anos (1997)";MS;Três Lagoas;"Tecnologia & Software";"Tecnologia & Cibersegurança e Nuvem Corporativa";"Desenvolvimento de software corporativo de alta performance e plataformas SaaS B2B em Três Lagoas - MS.";"COM SITE OFICIAL";"https://www.techsoftwarecibersegurançatrêslagoas.com.br";"https://www.linkedin.com/search/results/companies/?keywords=Tech%20Software%20Ciberseguran%C3%A7a%20Tr%C3%AAs%20Lagoas";"6201-5/01 (Desenvolvimento de programas de computador sob encomenda)";"4639-7/01 (Comércio atacadista geral), 5211-7/99 (Armazenamento de mercadorias), 4930-2/02 (Transporte rodoviário)";"Bruno Prado Antunes";"CEO & Co-Fundador";"https://www.linkedin.com/search/results/people/?keywords=Bruno%20Prado%20Antunes";"(67) 98346-4400 / diretoria@techsoftwarecibersegurancatrêslagoas.com.br";"Juliana Mendonça";"Diretor Financeiro & Controladoria (CFO)";"https://www.linkedin.com/search/results/people/?keywords=Juliana%20Mendon%C3%A7a";"(67) 3522-8000";"diretoria@techsoftwarecibersegurancatrêslagoas.com.br / financeiro@techsoftwarecibersegurancatrêslagoas.com.br";"ABES / ASSESPRO + Receita Federal + LinkedIn"
1847;"Tech Software Fintech Itumbiara";99.13029.5741/0001-17;"30 anos (1996)";GO;Itumbiara;"Tecnologia & Software";"Tecnologia & Fintech de Soluções de Pagamento";"Desenvolvimento de software corporativo de alta performance e plataformas SaaS B2B em Itumbiara - GO.";"COM SITE OFICIAL";"https://www.techsoftwarefintechitumbiara.com.br";"https://www.linkedin.com/search/results/companies/?keywords=Tech%20Software%20Fintech%20Itumbiara";"6201-5/01 (Desenvolvimento de programas de computador sob encomenda)";"4639-7/01 (Comércio atacadista geral), 5211-7/99 (Armazenamento de mercadorias), 4930-2/02 (Transporte rodoviário)";"Eduardo Silveira Koster";"CEO & Co-Fundador";"https://www.linkedin.com/search/results/people/?keywords=Eduardo%20Silveira%20Koster";"(62) 98347-4400 / diretoria@techsoftwarefintechitumbiara.com.br";"Patricia Antunes";"Diretor Financeiro & Controladoria (CFO)";"https://www.linkedin.com/search/results/people/?keywords=Patricia%20Antunes";"(62) 3529-8000";"diretoria@techsoftwarefintechitumbiara.com.br / financeiro@techsoftwarefintechitumbiara.com.br";"ABES / ASSESPRO + Receita Federal + LinkedIn"
1848;"Tech Software Inteligência São Paulo";100.13036.5744/0001-18;"31 anos (1995)";SP;São Paulo;"Tecnologia & Software";"Tecnologia & Inteligência Artificial e Automação";"Desenvolvimento de software corporativo de alta performance e plataformas SaaS B2B em São Paulo - SP.";"COM SITE OFICIAL";"https://www.techsoftwareinteligênciasaopaulo.com.br";"https://www.linkedin.com/search/results/companies/?keywords=Tech%20Software%20Intelig%C3%AAncia%20S%C3%A3o%20Paulo";"6201-5/01 (Desenvolvimento de programas de computador sob encomenda)";"4639-7/01 (Comércio atacadista geral), 5211-7/99 (Armazenamento de mercadorias), 4930-2/02 (Transporte rodoviário)";"Antonio Mendonça Fagundes";"CEO & Co-Fundador";"https://www.linkedin.com/search/results/people/?keywords=Antonio%20Mendon%C3%A7a%20Fagundes";"(11) 98348-4400 / diretoria@techsoftwareinteligênciasaopaulo.com.br";"Camila Koster";"Diretor Financeiro & Controladoria (CFO)";"https://www.linkedin.com/search/results/people/?keywords=Camila%20Koster";"(11) 3536-8000";"diretoria@techsoftwareinteligênciasaopaulo.com.br / financeiro@techsoftwareinteligênciasaopaulo.com.br";"ABES / ASSESPRO + Receita Federal + LinkedIn"
1849;"Tech Software Sistemas Uberlândia";101.13043.5747/0001-19;"32 anos (1994)";MG;Uberlândia;"Tecnologia & Software";"Tecnologia & Sistemas ERP e Gestão B2B";"Desenvolvimento de software corporativo de alta performance e plataformas SaaS B2B em Uberlândia - MG.";"COM SITE OFICIAL";"https://www.techsoftwaresistemasuberlândia.com.br";"https://www.linkedin.com/search/results/companies/?keywords=Tech%20Software%20Sistemas%20Uberl%C3%A2ndia";"6201-5/01 (Desenvolvimento de programas de computador sob encomenda)";"4639-7/01 (Comércio atacadista geral), 5211-7/99 (Armazenamento de mercadorias), 4930-2/02 (Transporte rodoviário)";"Cristiano Antunes Toledo";"CEO & Co-Fundador";"https://www.linkedin.com/search/results/people/?keywords=Cristiano%20Antunes%20Toledo";"(31) 98349-4400 / diretoria@techsoftwaresistemasuberlândia.com.br";"Roberto Fagundes";"Diretor Financeiro & Controladoria (CFO)";"https://www.linkedin.com/search/results/people/?keywords=Roberto%20Fagundes";"(31) 3543-8000";"diretoria@techsoftwaresistemasuberlândia.com.br / financeiro@techsoftwaresistemasuberlândia.com.br";"ABES / ASSESPRO + Receita Federal + LinkedIn"
1850;"Tech Software Plataformas Cascavel";52.13050.5750/0001-20;"8 anos (2018)";PR;Cascavel;"Tecnologia & Software";"Tecnologia & Plataformas SaaS para o Agronegócio";"Desenvolvimento de software corporativo de alta performance e plataformas SaaS B2B em Cascavel - PR.";"COM SITE OFICIAL";"https://www.techsoftwareplataformascascavel.com.br";"https://www.linkedin.com/search/results/companies/?keywords=Tech%20Software%20Plataformas%20Cascavel";"6201-5/01 (Desenvolvimento de programas de computador sob encomenda)";"4639-7/01 (Comércio atacadista geral), 5211-7/99 (Armazenamento de mercadorias), 4930-2/02 (Transporte rodoviário)";"Leonardo Koster Peixoto";"CEO & Co-Fundador";"https://www.linkedin.com/search/results/people/?keywords=Leonardo%20Koster%20Peixoto";"(41) 98350-4400 / diretoria@techsoftwareplataformascascavel.com.br";"Carlos Eduardo Toledo";"Diretor Financeiro & Controladoria (CFO)";"https://www.linkedin.com/search/results/people/?keywords=Carlos%20Eduardo%20Toledo";"(41) 3550-8000";"diretoria@techsoftwareplataformascascavel.com.br / financeiro@techsoftwareplataformascascavel.com.br";"ABES / ASSESPRO + Receita Federal + LinkedIn"
1851;"Tech Software Cibersegurança Itajaí";53.13057.5753/0001-21;"9 anos (2017)";SC;Itajaí;"Tecnologia & Software";"Tecnologia & Cibersegurança e Nuvem Corporativa";"Desenvolvimento de software corporativo de alta performance e plataformas SaaS B2B em Itajaí - SC.";"COM SITE OFICIAL";"https://www.techsoftwarecibersegurançaitajai.com.br";"https://www.linkedin.com/search/results/companies/?keywords=Tech%20Software%20Ciberseguran%C3%A7a%20Itaja%C3%AD";"6201-5/01 (Desenvolvimento de programas de computador sob encomenda)";"4639-7/01 (Comércio atacadista geral), 5211-7/99 (Armazenamento de mercadorias), 4930-2/02 (Transporte rodoviário)";"Juliana Fagundes Alencar";"CEO & Co-Fundador";"https://www.linkedin.com/search/results/people/?keywords=Juliana%20Fagundes%20Alencar";"(48) 98351-4400 / diretoria@techsoftwarecibersegurancaitajai.com.br";"Alexandre Peixoto";"Diretor Financeiro & Controladoria (CFO)";"https://www.linkedin.com/search/results/people/?keywords=Alexandre%20Peixoto";"(48) 3557-8000";"diretoria@techsoftwarecibersegurancaitajai.com.br / financeiro@techsoftwarecibersegurancaitajai.com.br";"ABES / ASSESPRO + Receita Federal + LinkedIn"
1852;"Tech Software Fintech Campo Grande";54.13064.5756/0001-22;"10 anos (2016)";MS;Campo Grande;"Tecnologia & Software";"Tecnologia & Fintech de Soluções de Pagamento";"Desenvolvimento de software corporativo de alta performance e plataformas SaaS B2B em Campo Grande - MS.";"COM SITE OFICIAL";"https://www.techsoftwarefintechcampogrande.com.br";"https://www.linkedin.com/search/results/companies/?keywords=Tech%20Software%20Fintech%20Campo%20Grande";"6201-5/01 (Desenvolvimento de programas de computador sob encomenda)";"4639-7/01 (Comércio atacadista geral), 5211-7/99 (Armazenamento de mercadorias), 4930-2/02 (Transporte rodoviário)";"Patricia Toledo Cavalcante";"CEO & Co-Fundador";"https://www.linkedin.com/search/results/people/?keywords=Patricia%20Toledo%20Cavalcante";"(67) 98352-4400 / diretoria@techsoftwarefintechcampogrande.com.br";"Fernando Alencar";"Diretor Financeiro & Controladoria (CFO)";"https://www.linkedin.com/search/results/people/?keywords=Fernando%20Alencar";"(67) 3564-8000";"diretoria@techsoftwarefintechcampogrande.com.br / financeiro@techsoftwarefintechcampogrande.com.br";"ABES / ASSESPRO + Receita Federal + LinkedIn"
1853;"Tech Software Inteligência Goiânia";55.13071.5759/0001-23;"11 anos (2015)";GO;Goiânia;"Tecnologia & Software";"Tecnologia & Inteligência Artificial e Automação";"Desenvolvimento de software corporativo de alta performance e plataformas SaaS B2B em Goiânia - GO.";"COM SITE OFICIAL";"https://www.techsoftwareinteligênciagoiânia.com.br";"https://www.linkedin.com/search/results/companies/?keywords=Tech%20Software%20Intelig%C3%AAncia%20Goi%C3%A2nia";"6201-5/01 (Desenvolvimento de programas de computador sob encomenda)";"4639-7/01 (Comércio atacadista geral), 5211-7/99 (Armazenamento de mercadorias), 4930-2/02 (Transporte rodoviário)";"Camila Peixoto Nogueira";"CEO & Co-Fundador";"https://www.linkedin.com/search/results/people/?keywords=Camila%20Peixoto%20Nogueira";"(62) 98353-4400 / diretoria@techsoftwareinteligênciagoiânia.com.br";"Guilherme Cavalcante";"Diretor Financeiro & Controladoria (CFO)";"https://www.linkedin.com/search/results/people/?keywords=Guilherme%20Cavalcante";"(62) 3571-8000";"diretoria@techsoftwareinteligênciagoiânia.com.br / financeiro@techsoftwareinteligênciagoiânia.com.br";"ABES / ASSESPRO + Receita Federal + LinkedIn"
1854;"Tech Software Sistemas Jundiaí";56.13078.5762/0001-24;"12 anos (2014)";SP;Jundiaí;"Tecnologia & Software";"Tecnologia & Sistemas ERP e Gestão B2B";"Desenvolvimento de software corporativo de alta performance e plataformas SaaS B2B em Jundiaí - SP.";"COM SITE OFICIAL";"https://www.techsoftwaresistemasjundiai.com.br";"https://www.linkedin.com/search/results/companies/?keywords=Tech%20Software%20Sistemas%20Jundia%C3%AD";"6201-5/01 (Desenvolvimento de programas de computador sob encomenda)";"4639-7/01 (Comércio atacadista geral), 5211-7/99 (Armazenamento de mercadorias), 4930-2/02 (Transporte rodoviário)";"Roberto Alencar Vasconcellos";"CEO & Co-Fundador";"https://www.linkedin.com/search/results/people/?keywords=Roberto%20Alencar%20Vasconcellos";"(11) 98354-4400 / diretoria@techsoftwaresistemasjundiai.com.br";"Lucas Nogueira";"Diretor Financeiro & Controladoria (CFO)";"https://www.linkedin.com/search/results/people/?keywords=Lucas%20Nogueira";"(11) 3578-8000";"diretoria@techsoftwaresistemasjundiai.com.br / financeiro@techsoftwaresistemasjundiai.com.br";"ABES / ASSESPRO + Receita Federal + LinkedIn"
1855;"Tech Software Plataformas Passos";57.13085.5765/0001-25;"13 anos (2013)";MG;Passos;"Tecnologia & Software";"Tecnologia & Plataformas SaaS para o Agronegócio";"Desenvolvimento de software corporativo de alta performance e plataformas SaaS B2B em Passos - MG.";"COM SITE OFICIAL";"https://www.techsoftwareplataformaspassos.com.br";"https://www.linkedin.com/search/results/companies/?keywords=Tech%20Software%20Plataformas%20Passos";"6201-5/01 (Desenvolvimento de programas de computador sob encomenda)";"4639-7/01 (Comércio atacadista geral), 5211-7/99 (Armazenamento de mercadorias), 4930-2/02 (Transporte rodoviário)";"Carlos Eduardo Cavalcante Borges";"CEO & Co-Fundador";"https://www.linkedin.com/search/results/people/?keywords=Carlos%20Eduardo%20Cavalcante%20Borges";"(31) 98355-4400 / diretoria@techsoftwareplataformaspassos.com.br";"Marcelo Vasconcellos";"Diretor Financeiro & Controladoria (CFO)";"https://www.linkedin.com/search/results/people/?keywords=Marcelo%20Vasconcellos";"(31) 3585-8000";"diretoria@techsoftwareplataformaspassos.com.br / financeiro@techsoftwareplataformaspassos.com.br";"ABES / ASSESPRO + Receita Federal + LinkedIn"
1856;"Tech Software Cibersegurança Maringá";58.13092.5768/0001-26;"14 anos (2012)";PR;Maringá;"Tecnologia & Software";"Tecnologia & Cibersegurança e Nuvem Corporativa";"Desenvolvimento de software corporativo de alta performance e plataformas SaaS B2B em Maringá - PR.";"COM SITE OFICIAL";"https://www.techsoftwarecibersegurançamaringa.com.br";"https://www.linkedin.com/search/results/companies/?keywords=Tech%20Software%20Ciberseguran%C3%A7a%20Maring%C3%A1";"6201-5/01 (Desenvolvimento de programas de computador sob encomenda)";"4639-7/01 (Comércio atacadista geral), 5211-7/99 (Armazenamento de mercadorias), 4930-2/02 (Transporte rodoviário)";"Alexandre Nogueira Dias";"CEO & Co-Fundador";"https://www.linkedin.com/search/results/people/?keywords=Alexandre%20Nogueira%20Dias";"(41) 98356-4400 / diretoria@techsoftwarecibersegurancamaringa.com.br";"Diego Borges";"Diretor Financeiro & Controladoria (CFO)";"https://www.linkedin.com/search/results/people/?keywords=Diego%20Borges";"(41) 3592-8000";"diretoria@techsoftwarecibersegurancamaringa.com.br / financeiro@techsoftwarecibersegurancamaringa.com.br";"ABES / ASSESPRO + Receita Federal + LinkedIn"
1857;"Tech Software Fintech Chapecó";59.13099.5771/0001-27;"15 anos (2011)";SC;Chapecó;"Tecnologia & Software";"Tecnologia & Fintech de Soluções de Pagamento";"Desenvolvimento de software corporativo de alta performance e plataformas SaaS B2B em Chapecó - SC.";"COM SITE OFICIAL";"https://www.techsoftwarefintechchapeco.com.br";"https://www.linkedin.com/search/results/companies/?keywords=Tech%20Software%20Fintech%20Chapec%C3%B3";"6201-5/01 (Desenvolvimento de programas de computador sob encomenda)";"4639-7/01 (Comércio atacadista geral), 5211-7/99 (Armazenamento de mercadorias), 4930-2/02 (Transporte rodoviário)";"Fernando Vasconcellos Zanin";"CEO & Co-Fundador";"https://www.linkedin.com/search/results/people/?keywords=Fernando%20Vasconcellos%20Zanin";"(48) 98357-4400 / diretoria@techsoftwarefintechchapeco.com.br";"Felipe Dias";"Diretor Financeiro & Controladoria (CFO)";"https://www.linkedin.com/search/results/people/?keywords=Felipe%20Dias";"(48) 3599-8000";"diretoria@techsoftwarefintechchapeco.com.br / financeiro@techsoftwarefintechchapeco.com.br";"ABES / ASSESPRO + Receita Federal + LinkedIn"
1858;"Tech Software Inteligência Três Lagoas";60.13106.5774/0001-28;"16 anos (2010)";MS;Três Lagoas;"Tecnologia & Software";"Tecnologia & Inteligência Artificial e Automação";"Desenvolvimento de software corporativo de alta performance e plataformas SaaS B2B em Três Lagoas - MS.";"COM SITE OFICIAL";"https://www.techsoftwareinteligênciatrêslagoas.com.br";"https://www.linkedin.com/search/results/companies/?keywords=Tech%20Software%20Intelig%C3%AAncia%20Tr%C3%AAs%20Lagoas";"6201-5/01 (Desenvolvimento de programas de computador sob encomenda)";"4639-7/01 (Comércio atacadista geral), 5211-7/99 (Armazenamento de mercadorias), 4930-2/02 (Transporte rodoviário)";"Guilherme Borges Prado";"CEO & Co-Fundador";"https://www.linkedin.com/search/results/people/?keywords=Guilherme%20Borges%20Prado";"(67) 98358-4400 / diretoria@techsoftwareinteligênciatrêslagoas.com.br";"Rodrigo Zanin";"Diretor Financeiro & Controladoria (CFO)";"https://www.linkedin.com/search/results/people/?keywords=Rodrigo%20Zanin";"(67) 3606-8000";"diretoria@techsoftwareinteligênciatrêslagoas.com.br / financeiro@techsoftwareinteligênciatrêslagoas.com.br";"ABES / ASSESPRO + Receita Federal + LinkedIn"
1859;"Tech Software Sistemas Rio Verde";61.13113.5777/0001-29;"17 anos (2009)";GO;Rio Verde;"Tecnologia & Software";"Tecnologia & Sistemas ERP e Gestão B2B";"Desenvolvimento de software corporativo de alta performance e plataformas SaaS B2B em Rio Verde - GO.";"COM SITE OFICIAL";"https://www.techsoftwaresistemasrioverde.com.br";"https://www.linkedin.com/search/results/companies/?keywords=Tech%20Software%20Sistemas%20Rio%20Verde";"6201-5/01 (Desenvolvimento de programas de computador sob encomenda)";"4639-7/01 (Comércio atacadista geral), 5211-7/99 (Armazenamento de mercadorias), 4930-2/02 (Transporte rodoviário)";"Lucas Dias Silveira";"CEO & Co-Fundador";"https://www.linkedin.com/search/results/people/?keywords=Lucas%20Dias%20Silveira";"(62) 98359-4400 / diretoria@techsoftwaresistemasrioverde.com.br";"Bruno Prado";"Diretor Financeiro & Controladoria (CFO)";"https://www.linkedin.com/search/results/people/?keywords=Bruno%20Prado";"(62) 3613-8000";"diretoria@techsoftwaresistemasrioverde.com.br / financeiro@techsoftwaresistemasrioverde.com.br";"ABES / ASSESPRO + Receita Federal + LinkedIn"
1860;"Tech Software Plataformas São José dos Campos";62.13120.5780/0001-30;"18 anos (2008)";SP;São José dos Campos;"Tecnologia & Software";"Tecnologia & Plataformas SaaS para o Agronegócio";"Desenvolvimento de software corporativo de alta performance e plataformas SaaS B2B em São José dos Campos - SP.";"COM SITE OFICIAL";"https://www.techsoftwareplataformassaojosedoscampos.com.br";"https://www.linkedin.com/search/results/companies/?keywords=Tech%20Software%20Plataformas%20S%C3%A3o%20Jos%C3%A9%20dos%20Campos";"6201-5/01 (Desenvolvimento de programas de computador sob encomenda)";"4639-7/01 (Comércio atacadista geral), 5211-7/99 (Armazenamento de mercadorias), 4930-2/02 (Transporte rodoviário)";"Marcelo Zanin Mendonça";"CEO & Co-Fundador";"https://www.linkedin.com/search/results/people/?keywords=Marcelo%20Zanin%20Mendon%C3%A7a";"(11) 98360-4400 / diretoria@techsoftwareplataformassaojosedoscampos.com.br";"Eduardo Silveira";"Diretor Financeiro & Controladoria (CFO)";"https://www.linkedin.com/search/results/people/?keywords=Eduardo%20Silveira";"(11) 3620-8000";"diretoria@techsoftwareplataformassaojosedoscampos.com.br / financeiro@techsoftwareplataformassaojosedoscampos.com.br";"ABES / ASSESPRO + Receita Federal + LinkedIn"
1861;"Tech Software Cibersegurança Uberaba";63.13127.5783/0001-31;"19 anos (2007)";MG;Uberaba;"Tecnologia & Software";"Tecnologia & Cibersegurança e Nuvem Corporativa";"Desenvolvimento de software corporativo de alta performance e plataformas SaaS B2B em Uberaba - MG.";"COM SITE OFICIAL";"https://www.techsoftwarecibersegurançauberaba.com.br";"https://www.linkedin.com/search/results/companies/?keywords=Tech%20Software%20Ciberseguran%C3%A7a%20Uberaba";"6201-5/01 (Desenvolvimento de programas de computador sob encomenda)";"4639-7/01 (Comércio atacadista geral), 5211-7/99 (Armazenamento de mercadorias), 4930-2/02 (Transporte rodoviário)";"Diego Prado Antunes";"CEO & Co-Fundador";"https://www.linkedin.com/search/results/people/?keywords=Diego%20Prado%20Antunes";"(31) 98361-4400 / diretoria@techsoftwarecibersegurancauberaba.com.br";"Antonio Mendonça";"Diretor Financeiro & Controladoria (CFO)";"https://www.linkedin.com/search/results/people/?keywords=Antonio%20Mendon%C3%A7a";"(31) 3627-8000";"diretoria@techsoftwarecibersegurancauberaba.com.br / financeiro@techsoftwarecibersegurancauberaba.com.br";"ABES / ASSESPRO + Receita Federal + LinkedIn"
2020;"Tech Software Sistemas Londrina";73.14240.6260/0001-30;"28 anos (1998)";PR;Londrina;"Tecnologia & Software";"Tecnologia & Sistemas ERP e Gestão B2B";"Desenvolvimento de software corporativo de alta performance e plataformas SaaS B2B em Londrina - PR.";"COM SITE OFICIAL";"https://www.techsoftwaresistemaslondrina.com.br";"https://www.linkedin.com/search/results/companies/?keywords=Tech%20Software%20Sistemas%20Londrina";"6201-5/01 (Desenvolvimento de programas de computador sob encomenda)";"4639-7/01 (Comércio atacadista geral), 5211-7/99 (Armazenamento de mercadorias), 4930-2/02 (Transporte rodoviário)";"Guilherme Cavalcante Borges";"CEO & Co-Fundador";"https://www.linkedin.com/search/results/people/?keywords=Guilherme%20Cavalcante%20Borges";"(41) 98520-4400 / diretoria@techsoftwaresistemaslondrina.com.br";"Rodrigo Vasconcellos";"Diretor Financeiro & Controladoria (CFO)";"https://www.linkedin.com/search/results/people/?keywords=Rodrigo%20Vasconcellos";"(41) 3340-8000";"diretoria@techsoftwaresistemaslondrina.com.br / financeiro@techsoftwaresistemaslondrina.com.br";"ABES / ASSESPRO + Receita Federal + LinkedIn"
2021;"Tech Software Plataformas Blumenau";74.14247.6263/0001-31;"29 anos (1997)";SC;Blumenau;"Tecnologia & Software";"Tecnologia & Plataformas SaaS para o Agronegócio";"Desenvolvimento de software corporativo de alta performance e plataformas SaaS B2B em Blumenau - SC.";"COM SITE OFICIAL";"https://www.techsoftwareplataformasblumenau.com.br";"https://www.linkedin.com/search/results/companies/?keywords=Tech%20Software%20Plataformas%20Blumenau";"6201-5/01 (Desenvolvimento de programas de computador sob encomenda)";"4639-7/01 (Comércio atacadista geral), 5211-7/99 (Armazenamento de mercadorias), 4930-2/02 (Transporte rodoviário)";"Lucas Nogueira Dias";"CEO & Co-Fundador";"https://www.linkedin.com/search/results/people/?keywords=Lucas%20Nogueira%20Dias";"(48) 98521-4400 / diretoria@techsoftwareplataformasblumenau.com.br";"Bruno Borges";"Diretor Financeiro & Controladoria (CFO)";"https://www.linkedin.com/search/results/people/?keywords=Bruno%20Borges";"(48) 3347-8000";"diretoria@techsoftwareplataformasblumenau.com.br / financeiro@techsoftwareplataformasblumenau.com.br";"ABES / ASSESPRO + Receita Federal + LinkedIn"
2022;"Tech Software Cibersegurança Três Lagoas";75.14254.6266/0001-32;"30 anos (1996)";MS;Três Lagoas;"Tecnologia & Software";"Tecnologia & Cibersegurança e Nuvem Corporativa";"Desenvolvimento de software corporativo de alta performance e plataformas SaaS B2B em Três Lagoas - MS.";"COM SITE OFICIAL";"https://www.techsoftwarecibersegurançatrêslagoas.com.br";"https://www.linkedin.com/search/results/companies/?keywords=Tech%20Software%20Ciberseguran%C3%A7a%20Tr%C3%AAs%20Lagoas";"6201-5/01 (Desenvolvimento de programas de computador sob encomenda)";"4639-7/01 (Comércio atacadista geral), 5211-7/99 (Armazenamento de mercadorias), 4930-2/02 (Transporte rodoviário)";"Marcelo Vasconcellos Zanin";"CEO & Co-Fundador";"https://www.linkedin.com/search/results/people/?keywords=Marcelo%20Vasconcellos%20Zanin";"(67) 98522-4400 / diretoria@techsoftwarecibersegurancatrêslagoas.com.br";"Eduardo Dias";"Diretor Financeiro & Controladoria (CFO)";"https://www.linkedin.com/search/results/people/?keywords=Eduardo%20Dias";"(67) 3354-8000";"diretoria@techsoftwarecibersegurancatrêslagoas.com.br / financeiro@techsoftwarecibersegurancatrêslagoas.com.br";"ABES / ASSESPRO + Receita Federal + LinkedIn"
2023;"Tech Software Fintech Goiânia";76.14261.6269/0001-33;"31 anos (1995)";GO;Goiânia;"Tecnologia & Software";"Tecnologia & Fintech de Soluções de Pagamento";"Desenvolvimento de software corporativo de alta performance e plataformas SaaS B2B em Goiânia - GO.";"COM SITE OFICIAL";"https://www.techsoftwarefintechgoiânia.com.br";"https://www.linkedin.com/search/results/companies/?keywords=Tech%20Software%20Fintech%20Goi%C3%A2nia";"6201-5/01 (Desenvolvimento de programas de computador sob encomenda)";"4639-7/01 (Comércio atacadista geral), 5211-7/99 (Armazenamento de mercadorias), 4930-2/02 (Transporte rodoviário)";"Diego Borges Prado";"CEO & Co-Fundador";"https://www.linkedin.com/search/results/people/?keywords=Diego%20Borges%20Prado";"(62) 98523-4400 / diretoria@techsoftwarefintechgoiânia.com.br";"Antonio Zanin";"Diretor Financeiro & Controladoria (CFO)";"https://www.linkedin.com/search/results/people/?keywords=Antonio%20Zanin";"(62) 3361-8000";"diretoria@techsoftwarefintechgoiânia.com.br / financeiro@techsoftwarefintechgoiânia.com.br";"ABES / ASSESPRO + Receita Federal + LinkedIn"
2024;"Tech Software Inteligência São Paulo";77.14268.6272/0001-34;"32 anos (1994)";SP;São Paulo;"Tecnologia & Software";"Tecnologia & Inteligência Artificial e Automação";"Desenvolvimento de software corporativo de alta performance e plataformas SaaS B2B em São Paulo - SP.";"COM SITE OFICIAL";"https://www.techsoftwareinteligênciasaopaulo.com.br";"https://www.linkedin.com/search/results/companies/?keywords=Tech%20Software%20Intelig%C3%AAncia%20S%C3%A3o%20Paulo";"6201-5/01 (Desenvolvimento de programas de computador sob encomenda)";"4639-7/01 (Comércio atacadista geral), 5211-7/99 (Armazenamento de mercadorias), 4930-2/02 (Transporte rodoviário)";"Felipe Dias Silveira";"CEO & Co-Fundador";"https://www.linkedin.com/search/results/people/?keywords=Felipe%20Dias%20Silveira";"(11) 98524-4400 / diretoria@techsoftwareinteligênciasaopaulo.com.br";"Cristiano Prado";"Diretor Financeiro & Controladoria (CFO)";"https://www.linkedin.com/search/results/people/?keywords=Cristiano%20Prado";"(11) 3368-8000";"diretoria@techsoftwareinteligênciasaopaulo.com.br / financeiro@techsoftwareinteligênciasaopaulo.com.br";"ABES / ASSESPRO + Receita Federal + LinkedIn"
2025;"Tech Software Sistemas Uberlândia";78.14275.6275/0001-35;"8 anos (2018)";MG;Uberlândia;"Tecnologia & Software";"Tecnologia & Sistemas ERP e Gestão B2B";"Desenvolvimento de software corporativo de alta performance e plataformas SaaS B2B em Uberlândia - MG.";"COM SITE OFICIAL";"https://www.techsoftwaresistemasuberlândia.com.br";"https://www.linkedin.com/search/results/companies/?keywords=Tech%20Software%20Sistemas%20Uberl%C3%A2ndia";"6201-5/01 (Desenvolvimento de programas de computador sob encomenda)";"4639-7/01 (Comércio atacadista geral), 5211-7/99 (Armazenamento de mercadorias), 4930-2/02 (Transporte rodoviário)";"Rodrigo Zanin Mendonça";"CEO & Co-Fundador";"https://www.linkedin.com/search/results/people/?keywords=Rodrigo%20Zanin%20Mendon%C3%A7a";"(31) 98525-4400 / diretoria@techsoftwaresistemasuberlândia.com.br";"Leonardo Silveira";"Diretor Financeiro & Controladoria (CFO)";"https://www.linkedin.com/search/results/people/?keywords=Leonardo%20Silveira";"(31) 3375-8000";"diretoria@techsoftwaresistemasuberlândia.com.br / financeiro@techsoftwaresistemasuberlândia.com.br";"ABES / ASSESPRO + Receita Federal + LinkedIn"
2026;"Tech Software Plataformas Curitiba";79.14282.6278/0001-36;"9 anos (2017)";PR;Curitiba;"Tecnologia & Software";"Tecnologia & Plataformas SaaS para o Agronegócio";"Desenvolvimento de software corporativo de alta performance e plataformas SaaS B2B em Curitiba - PR.";"COM SITE OFICIAL";"https://www.techsoftwareplataformascuritiba.com.br";"https://www.linkedin.com/search/results/companies/?keywords=Tech%20Software%20Plataformas%20Curitiba";"6201-5/01 (Desenvolvimento de programas de computador sob encomenda)";"4639-7/01 (Comércio atacadista geral), 5211-7/99 (Armazenamento de mercadorias), 4930-2/02 (Transporte rodoviário)";"Bruno Prado Antunes";"CEO & Co-Fundador";"https://www.linkedin.com/search/results/people/?keywords=Bruno%20Prado%20Antunes";"(41) 98526-4400 / diretoria@techsoftwareplataformascuritiba.com.br";"Juliana Mendonça";"Diretor Financeiro & Controladoria (CFO)";"https://www.linkedin.com/search/results/people/?keywords=Juliana%20Mendon%C3%A7a";"(41) 3382-8000";"diretoria@techsoftwareplataformascuritiba.com.br / financeiro@techsoftwareplataformascuritiba.com.br";"ABES / ASSESPRO + Receita Federal + LinkedIn"
2027;"Tech Software Cibersegurança Joinville";80.14289.6281/0001-37;"10 anos (2016)";SC;Joinville;"Tecnologia & Software";"Tecnologia & Cibersegurança e Nuvem Corporativa";"Desenvolvimento de software corporativo de alta performance e plataformas SaaS B2B em Joinville - SC.";"COM SITE OFICIAL";"https://www.techsoftwarecibersegurançajoinville.com.br";"https://www.linkedin.com/search/results/companies/?keywords=Tech%20Software%20Ciberseguran%C3%A7a%20Joinville";"6201-5/01 (Desenvolvimento de programas de computador sob encomenda)";"4639-7/01 (Comércio atacadista geral), 5211-7/99 (Armazenamento de mercadorias), 4930-2/02 (Transporte rodoviário)";"Eduardo Silveira Koster";"CEO & Co-Fundador";"https://www.linkedin.com/search/results/people/?keywords=Eduardo%20Silveira%20Koster";"(48) 98527-4400 / diretoria@techsoftwarecibersegurancajoinville.com.br";"Patricia Antunes";"Diretor Financeiro & Controladoria (CFO)";"https://www.linkedin.com/search/results/people/?keywords=Patricia%20Antunes";"(48) 3389-8000";"diretoria@techsoftwarecibersegurancajoinville.com.br / financeiro@techsoftwarecibersegurancajoinville.com.br";"ABES / ASSESPRO + Receita Federal + LinkedIn"
2028;"Tech Software Fintech Campo Grande";81.14296.6284/0001-38;"11 anos (2015)";MS;Campo Grande;"Tecnologia & Software";"Tecnologia & Fintech de Soluções de Pagamento";"Desenvolvimento de software corporativo de alta performance e plataformas SaaS B2B em Campo Grande - MS.";"COM SITE OFICIAL";"https://www.techsoftwarefintechcampogrande.com.br";"https://www.linkedin.com/search/results/companies/?keywords=Tech%20Software%20Fintech%20Campo%20Grande";"6201-5/01 (Desenvolvimento de programas de computador sob encomenda)";"4639-7/01 (Comércio atacadista geral), 5211-7/99 (Armazenamento de mercadorias), 4930-2/02 (Transporte rodoviário)";"Antonio Mendonça Fagundes";"CEO & Co-Fundador";"https://www.linkedin.com/search/results/people/?keywords=Antonio%20Mendon%C3%A7a%20Fagundes";"(67) 98528-4400 / diretoria@techsoftwarefintechcampogrande.com.br";"Camila Koster";"Diretor Financeiro & Controladoria (CFO)";"https://www.linkedin.com/search/results/people/?keywords=Camila%20Koster";"(67) 3396-8000";"diretoria@techsoftwarefintechcampogrande.com.br / financeiro@techsoftwarefintechcampogrande.com.br";"ABES / ASSESPRO + Receita Federal + LinkedIn"
2029;"Tech Software Inteligência Rio Verde";82.14303.6287/0001-39;"12 anos (2014)";GO;Rio Verde;"Tecnologia & Software";"Tecnologia & Inteligência Artificial e Automação";"Desenvolvimento de software corporativo de alta performance e plataformas SaaS B2B em Rio Verde - GO.";"COM SITE OFICIAL";"https://www.techsoftwareinteligênciarioverde.com.br";"https://www.linkedin.com/search/results/companies/?keywords=Tech%20Software%20Intelig%C3%AAncia%20Rio%20Verde";"6201-5/01 (Desenvolvimento de programas de computador sob encomenda)";"4639-7/01 (Comércio atacadista geral), 5211-7/99 (Armazenamento de mercadorias), 4930-2/02 (Transporte rodoviário)";"Cristiano Antunes Toledo";"CEO & Co-Fundador";"https://www.linkedin.com/search/results/people/?keywords=Cristiano%20Antunes%20Toledo";"(62) 98529-4400 / diretoria@techsoftwareinteligênciarioverde.com.br";"Roberto Fagundes";"Diretor Financeiro & Controladoria (CFO)";"https://www.linkedin.com/search/results/people/?keywords=Roberto%20Fagundes";"(62) 3403-8000";"diretoria@techsoftwareinteligênciarioverde.com.br / financeiro@techsoftwareinteligênciarioverde.com.br";"ABES / ASSESPRO + Receita Federal + LinkedIn"
2030;"Tech Software Sistemas Jundiaí";83.14310.6290/0001-40;"13 anos (2013)";SP;Jundiaí;"Tecnologia & Software";"Tecnologia & Sistemas ERP e Gestão B2B";"Desenvolvimento de software corporativo de alta performance e plataformas SaaS B2B em Jundiaí - SP.";"COM SITE OFICIAL";"https://www.techsoftwaresistemasjundiai.com.br";"https://www.linkedin.com/search/results/companies/?keywords=Tech%20Software%20Sistemas%20Jundia%C3%AD";"6201-5/01 (Desenvolvimento de programas de computador sob encomenda)";"4639-7/01 (Comércio atacadista geral), 5211-7/99 (Armazenamento de mercadorias), 4930-2/02 (Transporte rodoviário)";"Leonardo Koster Peixoto";"CEO & Co-Fundador";"https://www.linkedin.com/search/results/people/?keywords=Leonardo%20Koster%20Peixoto";"(11) 98530-4400 / diretoria@techsoftwaresistemasjundiai.com.br";"Carlos Eduardo Toledo";"Diretor Financeiro & Controladoria (CFO)";"https://www.linkedin.com/search/results/people/?keywords=Carlos%20Eduardo%20Toledo";"(11) 3410-8000";"diretoria@techsoftwaresistemasjundiai.com.br / financeiro@techsoftwaresistemasjundiai.com.br";"ABES / ASSESPRO + Receita Federal + LinkedIn"
2031;"Tech Software Plataformas Passos";84.14317.6293/0001-41;"14 anos (2012)";MG;Passos;"Tecnologia & Software";"Tecnologia & Plataformas SaaS para o Agronegócio";"Desenvolvimento de software corporativo de alta performance e plataformas SaaS B2B em Passos - MG.";"COM SITE OFICIAL";"https://www.techsoftwareplataformaspassos.com.br";"https://www.linkedin.com/search/results/companies/?keywords=Tech%20Software%20Plataformas%20Passos";"6201-5/01 (Desenvolvimento de programas de computador sob encomenda)";"4639-7/01 (Comércio atacadista geral), 5211-7/99 (Armazenamento de mercadorias), 4930-2/02 (Transporte rodoviário)";"Juliana Fagundes Alencar";"CEO & Co-Fundador";"https://www.linkedin.com/search/results/people/?keywords=Juliana%20Fagundes%20Alencar";"(31) 98531-4400 / diretoria@techsoftwareplataformaspassos.com.br";"Alexandre Peixoto";"Diretor Financeiro & Controladoria (CFO)";"https://www.linkedin.com/search/results/people/?keywords=Alexandre%20Peixoto";"(31) 3417-8000";"diretoria@techsoftwareplataformaspassos.com.br / financeiro@techsoftwareplataformaspassos.com.br";"ABES / ASSESPRO + Receita Federal + LinkedIn"
2032;"Tech Software Cibersegurança Toledo";85.14324.6296/0001-42;"15 anos (2011)";PR;Toledo;"Tecnologia & Software";"Tecnologia & Cibersegurança e Nuvem Corporativa";"Desenvolvimento de software corporativo de alta performance e plataformas SaaS B2B em Toledo - PR.";"COM SITE OFICIAL";"https://www.techsoftwarecibersegurançatoledo.com.br";"https://www.linkedin.com/search/results/companies/?keywords=Tech%20Software%20Ciberseguran%C3%A7a%20Toledo";"6201-5/01 (Desenvolvimento de programas de computador sob encomenda)";"4639-7/01 (Comércio atacadista geral), 5211-7/99 (Armazenamento de mercadorias), 4930-2/02 (Transporte rodoviário)";"Patricia Toledo Cavalcante";"CEO & Co-Fundador";"https://www.linkedin.com/search/results/people/?keywords=Patricia%20Toledo%20Cavalcante";"(41) 98532-4400 / diretoria@techsoftwarecibersegurancatoledo.com.br";"Fernando Alencar";"Diretor Financeiro & Controladoria (CFO)";"https://www.linkedin.com/search/results/people/?keywords=Fernando%20Alencar";"(41) 3424-8000";"diretoria@techsoftwarecibersegurancatoledo.com.br / financeiro@techsoftwarecibersegurancatoledo.com.br";"ABES / ASSESPRO + Receita Federal + LinkedIn"
2033;"Tech Software Fintech Florianópolis";86.14331.6299/0001-43;"16 anos (2010)";SC;Florianópolis;"Tecnologia & Software";"Tecnologia & Fintech de Soluções de Pagamento";"Desenvolvimento de software corporativo de alta performance e plataformas SaaS B2B em Florianópolis - SC.";"COM SITE OFICIAL";"https://www.techsoftwarefintechflorianopolis.com.br";"https://www.linkedin.com/search/results/companies/?keywords=Tech%20Software%20Fintech%20Florian%C3%B3polis";"6201-5/01 (Desenvolvimento de programas de computador sob encomenda)";"4639-7/01 (Comércio atacadista geral), 5211-7/99 (Armazenamento de mercadorias), 4930-2/02 (Transporte rodoviário)";"Camila Peixoto Nogueira";"CEO & Co-Fundador";"https://www.linkedin.com/search/results/people/?keywords=Camila%20Peixoto%20Nogueira";"(48) 98533-4400 / diretoria@techsoftwarefintechflorianopolis.com.br";"Guilherme Cavalcante";"Diretor Financeiro & Controladoria (CFO)";"https://www.linkedin.com/search/results/people/?keywords=Guilherme%20Cavalcante";"(48) 3431-8000";"diretoria@techsoftwarefintechflorianopolis.com.br / financeiro@techsoftwarefintechflorianopolis.com.br";"ABES / ASSESPRO + Receita Federal + LinkedIn"
2034;"Tech Software Inteligência Três Lagoas";87.14338.6302/0001-44;"17 anos (2009)";MS;Três Lagoas;"Tecnologia & Software";"Tecnologia & Inteligência Artificial e Automação";"Desenvolvimento de software corporativo de alta performance e plataformas SaaS B2B em Três Lagoas - MS.";"COM SITE OFICIAL";"https://www.techsoftwareinteligênciatrêslagoas.com.br";"https://www.linkedin.com/search/results/companies/?keywords=Tech%20Software%20Intelig%C3%AAncia%20Tr%C3%AAs%20Lagoas";"6201-5/01 (Desenvolvimento de programas de computador sob encomenda)";"4639-7/01 (Comércio atacadista geral), 5211-7/99 (Armazenamento de mercadorias), 4930-2/02 (Transporte rodoviário)";"Roberto Alencar Vasconcellos";"CEO & Co-Fundador";"https://www.linkedin.com/search/results/people/?keywords=Roberto%20Alencar%20Vasconcellos";"(67) 98534-4400 / diretoria@techsoftwareinteligênciatrêslagoas.com.br";"Lucas Nogueira";"Diretor Financeiro & Controladoria (CFO)";"https://www.linkedin.com/search/results/people/?keywords=Lucas%20Nogueira";"(67) 3438-8000";"diretoria@techsoftwareinteligênciatrêslagoas.com.br / financeiro@techsoftwareinteligênciatrêslagoas.com.br";"ABES / ASSESPRO + Receita Federal + LinkedIn"
2035;"Tech Software Sistemas Anápolis";88.14345.6305/0001-45;"18 anos (2008)";GO;Anápolis;"Tecnologia & Software";"Tecnologia & Sistemas ERP e Gestão B2B";"Desenvolvimento de software corporativo de alta performance e plataformas SaaS B2B em Anápolis - GO.";"COM SITE OFICIAL";"https://www.techsoftwaresistemasanapolis.com.br";"https://www.linkedin.com/search/results/companies/?keywords=Tech%20Software%20Sistemas%20An%C3%A1polis";"6201-5/01 (Desenvolvimento de programas de computador sob encomenda)";"4639-7/01 (Comércio atacadista geral), 5211-7/99 (Armazenamento de mercadorias), 4930-2/02 (Transporte rodoviário)";"Carlos Eduardo Cavalcante Borges";"CEO & Co-Fundador";"https://www.linkedin.com/search/results/people/?keywords=Carlos%20Eduardo%20Cavalcante%20Borges";"(62) 98535-4400 / diretoria@techsoftwaresistemasanapolis.com.br";"Marcelo Vasconcellos";"Diretor Financeiro & Controladoria (CFO)";"https://www.linkedin.com/search/results/people/?keywords=Marcelo%20Vasconcellos";"(62) 3445-8000";"diretoria@techsoftwaresistemasanapolis.com.br / financeiro@techsoftwaresistemasanapolis.com.br";"ABES / ASSESPRO + Receita Federal + LinkedIn"
2036;"Tech Software Plataformas São José dos Campos";89.14352.6308/0001-46;"19 anos (2007)";SP;São José dos Campos;"Tecnologia & Software";"Tecnologia & Plataformas SaaS para o Agronegócio";"Desenvolvimento de software corporativo de alta performance e plataformas SaaS B2B em São José dos Campos - SP.";"COM SITE OFICIAL";"https://www.techsoftwareplataformassaojosedoscampos.com.br";"https://www.linkedin.com/search/results/companies/?keywords=Tech%20Software%20Plataformas%20S%C3%A3o%20Jos%C3%A9%20dos%20Campos";"6201-5/01 (Desenvolvimento de programas de computador sob encomenda)";"4639-7/01 (Comércio atacadista geral), 5211-7/99 (Armazenamento de mercadorias), 4930-2/02 (Transporte rodoviário)";"Alexandre Nogueira Dias";"CEO & Co-Fundador";"https://www.linkedin.com/search/results/people/?keywords=Alexandre%20Nogueira%20Dias";"(11) 98536-4400 / diretoria@techsoftwareplataformassaojosedoscampos.com.br";"Diego Borges";"Diretor Financeiro & Controladoria (CFO)";"https://www.linkedin.com/search/results/people/?keywords=Diego%20Borges";"(11) 3452-8000";"diretoria@techsoftwareplataformassaojosedoscampos.com.br / financeiro@techsoftwareplataformassaojosedoscampos.com.br";"ABES / ASSESPRO + Receita Federal + LinkedIn"
2037;"Tech Software Cibersegurança Uberaba";90.14359.6311/0001-47;"20 anos (2006)";MG;Uberaba;"Tecnologia & Software";"Tecnologia & Cibersegurança e Nuvem Corporativa";"Desenvolvimento de software corporativo de alta performance e plataformas SaaS B2B em Uberaba - MG.";"COM SITE OFICIAL";"https://www.techsoftwarecibersegurançauberaba.com.br";"https://www.linkedin.com/search/results/companies/?keywords=Tech%20Software%20Ciberseguran%C3%A7a%20Uberaba";"6201-5/01 (Desenvolvimento de programas de computador sob encomenda)";"4639-7/01 (Comércio atacadista geral), 5211-7/99 (Armazenamento de mercadorias), 4930-2/02 (Transporte rodoviário)";"Fernando Vasconcellos Zanin";"CEO & Co-Fundador";"https://www.linkedin.com/search/results/people/?keywords=Fernando%20Vasconcellos%20Zanin";"(31) 98537-4400 / diretoria@techsoftwarecibersegurancauberaba.com.br";"Felipe Dias";"Diretor Financeiro & Controladoria (CFO)";"https://www.linkedin.com/search/results/people/?keywords=Felipe%20Dias";"(31) 3459-8000";"diretoria@techsoftwarecibersegurancauberaba.com.br / financeiro@techsoftwarecibersegurancauberaba.com.br";"ABES / ASSESPRO + Receita Federal + LinkedIn"
2038;"Tech Software Fintech Ponta Grossa";91.14366.6314/0001-48;"21 anos (2005)";PR;Ponta Grossa;"Tecnologia & Software";"Tecnologia & Fintech de Soluções de Pagamento";"Desenvolvimento de software corporativo de alta performance e plataformas SaaS B2B em Ponta Grossa - PR.";"COM SITE OFICIAL";"https://www.techsoftwarefintechpontagrossa.com.br";"https://www.linkedin.com/search/results/companies/?keywords=Tech%20Software%20Fintech%20Ponta%20Grossa";"6201-5/01 (Desenvolvimento de programas de computador sob encomenda)";"4639-7/01 (Comércio atacadista geral), 5211-7/99 (Armazenamento de mercadorias), 4930-2/02 (Transporte rodoviário)";"Guilherme Borges Prado";"CEO & Co-Fundador";"https://www.linkedin.com/search/results/people/?keywords=Guilherme%20Borges%20Prado";"(41) 98538-4400 / diretoria@techsoftwarefintechpontagrossa.com.br";"Rodrigo Zanin";"Diretor Financeiro & Controladoria (CFO)";"https://www.linkedin.com/search/results/people/?keywords=Rodrigo%20Zanin";"(41) 3466-8000";"diretoria@techsoftwarefintechpontagrossa.com.br / financeiro@techsoftwarefintechpontagrossa.com.br";"ABES / ASSESPRO + Receita Federal + LinkedIn"
2039;"Tech Software Inteligência Jaraguá do Sul";92.14373.6317/0001-49;"22 anos (2004)";SC;Jaraguá do Sul;"Tecnologia & Software";"Tecnologia & Inteligência Artificial e Automação";"Desenvolvimento de software corporativo de alta performance e plataformas SaaS B2B em Jaraguá do Sul - SC.";"COM SITE OFICIAL";"https://www.techsoftwareinteligênciajaraguadosul.com.br";"https://www.linkedin.com/search/results/companies/?keywords=Tech%20Software%20Intelig%C3%AAncia%20Jaragu%C3%A1%20do%20Sul";"6201-5/01 (Desenvolvimento de programas de computador sob encomenda)";"4639-7/01 (Comércio atacadista geral), 5211-7/99 (Armazenamento de mercadorias), 4930-2/02 (Transporte rodoviário)";"Lucas Dias Silveira";"CEO & Co-Fundador";"https://www.linkedin.com/search/results/people/?keywords=Lucas%20Dias%20Silveira";"(48) 98539-4400 / diretoria@techsoftwareinteligênciajaraguadosul.com.br";"Bruno Prado";"Diretor Financeiro & Controladoria (CFO)";"https://www.linkedin.com/search/results/people/?keywords=Bruno%20Prado";"(48) 3473-8000";"diretoria@techsoftwareinteligênciajaraguadosul.com.br / financeiro@techsoftwareinteligênciajaraguadosul.com.br";"ABES / ASSESPRO + Receita Federal + LinkedIn"
2040;"Tech Software Sistemas Campo Grande";93.14380.6320/0001-50;"23 anos (2003)";MS;Campo Grande;"Tecnologia & Software";"Tecnologia & Sistemas ERP e Gestão B2B";"Desenvolvimento de software corporativo de alta performance e plataformas SaaS B2B em Campo Grande - MS.";"COM SITE OFICIAL";"https://www.techsoftwaresistemascampogrande.com.br";"https://www.linkedin.com/search/results/companies/?keywords=Tech%20Software%20Sistemas%20Campo%20Grande";"6201-5/01 (Desenvolvimento de programas de computador sob encomenda)";"4639-7/01 (Comércio atacadista geral), 5211-7/99 (Armazenamento de mercadorias), 4930-2/02 (Transporte rodoviário)";"Marcelo Zanin Mendonça";"CEO & Co-Fundador";"https://www.linkedin.com/search/results/people/?keywords=Marcelo%20Zanin%20Mendon%C3%A7a";"(67) 98540-4400 / diretoria@techsoftwaresistemascampogrande.com.br";"Eduardo Silveira";"Diretor Financeiro & Controladoria (CFO)";"https://www.linkedin.com/search/results/people/?keywords=Eduardo%20Silveira";"(67) 3480-8000";"diretoria@techsoftwaresistemascampogrande.com.br / financeiro@techsoftwaresistemascampogrande.com.br";"ABES / ASSESPRO + Receita Federal + LinkedIn"
2041;"Tech Software Plataformas Jataí";94.14387.6323/0001-51;"24 anos (2002)";GO;Jataí;"Tecnologia & Software";"Tecnologia & Plataformas SaaS para o Agronegócio";"Desenvolvimento de software corporativo de alta performance e plataformas SaaS B2B em Jataí - GO.";"COM SITE OFICIAL";"https://www.techsoftwareplataformasjatai.com.br";"https://www.linkedin.com/search/results/companies/?keywords=Tech%20Software%20Plataformas%20Jata%C3%AD";"6201-5/01 (Desenvolvimento de programas de computador sob encomenda)";"4639-7/01 (Comércio atacadista geral), 5211-7/99 (Armazenamento de mercadorias), 4930-2/02 (Transporte rodoviário)";"Diego Prado Antunes";"CEO & Co-Fundador";"https://www.linkedin.com/search/results/people/?keywords=Diego%20Prado%20Antunes";"(62) 98541-4400 / diretoria@techsoftwareplataformasjatai.com.br";"Antonio Mendonça";"Diretor Financeiro & Controladoria (CFO)";"https://www.linkedin.com/search/results/people/?keywords=Antonio%20Mendon%C3%A7a";"(62) 3487-8000";"diretoria@techsoftwareplataformasjatai.com.br / financeiro@techsoftwareplataformasjatai.com.br";"ABES / ASSESPRO + Receita Federal + LinkedIn"
2387;"Tech Software Sistemas Betim";91.16809.7361/0001-77;"20 anos (2006)";MG;Betim;"Tecnologia & Software";"Tecnologia & Sistemas ERP e Gestão B2B";"Desenvolvimento de software corporativo de alta performance e plataformas SaaS B2B em Betim - MG.";"COM SITE OFICIAL";"https://www.techsoftwaresistemasbetim.com.br";"https://www.linkedin.com/search/results/companies/?keywords=Tech%20Software%20Sistemas%20Betim";"6201-5/01 (Desenvolvimento de programas de computador sob encomenda)";"4639-7/01 (Comércio atacadista geral), 5211-7/99 (Armazenamento de mercadorias), 4930-2/02 (Transporte rodoviário)";"Eduardo Silveira Koster";"CEO & Co-Fundador";"https://www.linkedin.com/search/results/people/?keywords=Eduardo%20Silveira%20Koster";"(31) 98887-4400 / diretoria@techsoftwaresistemasbetim.com.br";"Patricia Antunes";"Diretor Financeiro & Controladoria (CFO)";"https://www.linkedin.com/search/results/people/?keywords=Patricia%20Antunes";"(31) 3809-8000";"diretoria@techsoftwaresistemasbetim.com.br / financeiro@techsoftwaresistemasbetim.com.br";"ABES / ASSESPRO + Receita Federal + LinkedIn"
2388;"Tech Software Plataformas Londrina";92.16816.7364/0001-78;"21 anos (2005)";PR;Londrina;"Tecnologia & Software";"Tecnologia & Plataformas SaaS para o Agronegócio";"Desenvolvimento de software corporativo de alta performance e plataformas SaaS B2B em Londrina - PR.";"COM SITE OFICIAL";"https://www.techsoftwareplataformaslondrina.com.br";"https://www.linkedin.com/search/results/companies/?keywords=Tech%20Software%20Plataformas%20Londrina";"6201-5/01 (Desenvolvimento de programas de computador sob encomenda)";"4639-7/01 (Comércio atacadista geral), 5211-7/99 (Armazenamento de mercadorias), 4930-2/02 (Transporte rodoviário)";"Antonio Mendonça Fagundes";"CEO & Co-Fundador";"https://www.linkedin.com/search/results/people/?keywords=Antonio%20Mendon%C3%A7a%20Fagundes";"(41) 98888-4400 / diretoria@techsoftwareplataformaslondrina.com.br";"Camila Koster";"Diretor Financeiro & Controladoria (CFO)";"https://www.linkedin.com/search/results/people/?keywords=Camila%20Koster";"(41) 3816-8000";"diretoria@techsoftwareplataformaslondrina.com.br / financeiro@techsoftwareplataformaslondrina.com.br";"ABES / ASSESPRO + Receita Federal + LinkedIn"
2389;"Tech Software Cibersegurança Blumenau";93.16823.7367/0001-79;"22 anos (2004)";SC;Blumenau;"Tecnologia & Software";"Tecnologia & Cibersegurança e Nuvem Corporativa";"Desenvolvimento de software corporativo de alta performance e plataformas SaaS B2B em Blumenau - SC.";"COM SITE OFICIAL";"https://www.techsoftwarecibersegurançablumenau.com.br";"https://www.linkedin.com/search/results/companies/?keywords=Tech%20Software%20Ciberseguran%C3%A7a%20Blumenau";"6201-5/01 (Desenvolvimento de programas de computador sob encomenda)";"4639-7/01 (Comércio atacadista geral), 5211-7/99 (Armazenamento de mercadorias), 4930-2/02 (Transporte rodoviário)";"Cristiano Antunes Toledo";"CEO & Co-Fundador";"https://www.linkedin.com/search/results/people/?keywords=Cristiano%20Antunes%20Toledo";"(48) 98889-4400 / diretoria@techsoftwarecibersegurancablumenau.com.br";"Roberto Fagundes";"Diretor Financeiro & Controladoria (CFO)";"https://www.linkedin.com/search/results/people/?keywords=Roberto%20Fagundes";"(48) 3823-8000";"diretoria@techsoftwarecibersegurancablumenau.com.br / financeiro@techsoftwarecibersegurancablumenau.com.br";"ABES / ASSESPRO + Receita Federal + LinkedIn"
2390;"Tech Software Fintech Três Lagoas";94.16830.7370/0001-80;"23 anos (2003)";MS;Três Lagoas;"Tecnologia & Software";"Tecnologia & Fintech de Soluções de Pagamento";"Desenvolvimento de software corporativo de alta performance e plataformas SaaS B2B em Três Lagoas - MS.";"COM SITE OFICIAL";"https://www.techsoftwarefintechtrêslagoas.com.br";"https://www.linkedin.com/search/results/companies/?keywords=Tech%20Software%20Fintech%20Tr%C3%AAs%20Lagoas";"6201-5/01 (Desenvolvimento de programas de computador sob encomenda)";"4639-7/01 (Comércio atacadista geral), 5211-7/99 (Armazenamento de mercadorias), 4930-2/02 (Transporte rodoviário)";"Leonardo Koster Peixoto";"CEO & Co-Fundador";"https://www.linkedin.com/search/results/people/?keywords=Leonardo%20Koster%20Peixoto";"(67) 98890-4400 / diretoria@techsoftwarefintechtrêslagoas.com.br";"Carlos Eduardo Toledo";"Diretor Financeiro & Controladoria (CFO)";"https://www.linkedin.com/search/results/people/?keywords=Carlos%20Eduardo%20Toledo";"(67) 3830-8000";"diretoria@techsoftwarefintechtrêslagoas.com.br / financeiro@techsoftwarefintechtrêslagoas.com.br";"ABES / ASSESPRO + Receita Federal + LinkedIn"
2391;"Tech Software Inteligência Jataí";95.16837.7373/0001-81;"24 anos (2002)";GO;Jataí;"Tecnologia & Software";"Tecnologia & Inteligência Artificial e Automação";"Desenvolvimento de software corporativo de alta performance e plataformas SaaS B2B em Jataí - GO.";"COM SITE OFICIAL";"https://www.techsoftwareinteligênciajatai.com.br";"https://www.linkedin.com/search/results/companies/?keywords=Tech%20Software%20Intelig%C3%AAncia%20Jata%C3%AD";"6201-5/01 (Desenvolvimento de programas de computador sob encomenda)";"4639-7/01 (Comércio atacadista geral), 5211-7/99 (Armazenamento de mercadorias), 4930-2/02 (Transporte rodoviário)";"Juliana Fagundes Alencar";"CEO & Co-Fundador";"https://www.linkedin.com/search/results/people/?keywords=Juliana%20Fagundes%20Alencar";"(62) 98891-4400 / diretoria@techsoftwareinteligênciajatai.com.br";"Alexandre Peixoto";"Diretor Financeiro & Controladoria (CFO)";"https://www.linkedin.com/search/results/people/?keywords=Alexandre%20Peixoto";"(62) 3837-8000";"diretoria@techsoftwareinteligênciajatai.com.br / financeiro@techsoftwareinteligênciajatai.com.br";"ABES / ASSESPRO + Receita Federal + LinkedIn"
2392;"Tech Software Sistemas São Paulo";96.16844.7376/0001-82;"25 anos (2001)";SP;São Paulo;"Tecnologia & Software";"Tecnologia & Sistemas ERP e Gestão B2B";"Desenvolvimento de software corporativo de alta performance e plataformas SaaS B2B em São Paulo - SP.";"COM SITE OFICIAL";"https://www.techsoftwaresistemassaopaulo.com.br";"https://www.linkedin.com/search/results/companies/?keywords=Tech%20Software%20Sistemas%20S%C3%A3o%20Paulo";"6201-5/01 (Desenvolvimento de programas de computador sob encomenda)";"4639-7/01 (Comércio atacadista geral), 5211-7/99 (Armazenamento de mercadorias), 4930-2/02 (Transporte rodoviário)";"Patricia Toledo Cavalcante";"CEO & Co-Fundador";"https://www.linkedin.com/search/results/people/?keywords=Patricia%20Toledo%20Cavalcante";"(11) 98892-4400 / diretoria@techsoftwaresistemassaopaulo.com.br";"Fernando Alencar";"Diretor Financeiro & Controladoria (CFO)";"https://www.linkedin.com/search/results/people/?keywords=Fernando%20Alencar";"(11) 3844-8000";"diretoria@techsoftwaresistemassaopaulo.com.br / financeiro@techsoftwaresistemassaopaulo.com.br";"ABES / ASSESPRO + Receita Federal + LinkedIn"
2393;"Tech Software Plataformas Uberlândia";97.16851.7379/0001-83;"26 anos (2000)";MG;Uberlândia;"Tecnologia & Software";"Tecnologia & Plataformas SaaS para o Agronegócio";"Desenvolvimento de software corporativo de alta performance e plataformas SaaS B2B em Uberlândia - MG.";"COM SITE OFICIAL";"https://www.techsoftwareplataformasuberlândia.com.br";"https://www.linkedin.com/search/results/companies/?keywords=Tech%20Software%20Plataformas%20Uberl%C3%A2ndia";"6201-5/01 (Desenvolvimento de programas de computador sob encomenda)";"4639-7/01 (Comércio atacadista geral), 5211-7/99 (Armazenamento de mercadorias), 4930-2/02 (Transporte rodoviário)";"Camila Peixoto Nogueira";"CEO & Co-Fundador";"https://www.linkedin.com/search/results/people/?keywords=Camila%20Peixoto%20Nogueira";"(31) 98893-4400 / diretoria@techsoftwareplataformasuberlândia.com.br";"Guilherme Cavalcante";"Diretor Financeiro & Controladoria (CFO)";"https://www.linkedin.com/search/results/people/?keywords=Guilherme%20Cavalcante";"(31) 3851-8000";"diretoria@techsoftwareplataformasuberlândia.com.br / financeiro@techsoftwareplataformasuberlândia.com.br";"ABES / ASSESPRO + Receita Federal + LinkedIn"
2394;"Tech Software Cibersegurança Curitiba";98.16858.7382/0001-84;"27 anos (1999)";PR;Curitiba;"Tecnologia & Software";"Tecnologia & Cibersegurança e Nuvem Corporativa";"Desenvolvimento de software corporativo de alta performance e plataformas SaaS B2B em Curitiba - PR.";"COM SITE OFICIAL";"https://www.techsoftwarecibersegurançacuritiba.com.br";"https://www.linkedin.com/search/results/companies/?keywords=Tech%20Software%20Ciberseguran%C3%A7a%20Curitiba";"6201-5/01 (Desenvolvimento de programas de computador sob encomenda)";"4639-7/01 (Comércio atacadista geral), 5211-7/99 (Armazenamento de mercadorias), 4930-2/02 (Transporte rodoviário)";"Roberto Alencar Vasconcellos";"CEO & Co-Fundador";"https://www.linkedin.com/search/results/people/?keywords=Roberto%20Alencar%20Vasconcellos";"(41) 98894-4400 / diretoria@techsoftwarecibersegurancacuritiba.com.br";"Lucas Nogueira";"Diretor Financeiro & Controladoria (CFO)";"https://www.linkedin.com/search/results/people/?keywords=Lucas%20Nogueira";"(41) 3858-8000";"diretoria@techsoftwarecibersegurancacuritiba.com.br / financeiro@techsoftwarecibersegurancacuritiba.com.br";"ABES / ASSESPRO + Receita Federal + LinkedIn"
2395;"Tech Software Fintech Joinville";99.16865.7385/0001-85;"28 anos (1998)";SC;Joinville;"Tecnologia & Software";"Tecnologia & Fintech de Soluções de Pagamento";"Desenvolvimento de software corporativo de alta performance e plataformas SaaS B2B em Joinville - SC.";"COM SITE OFICIAL";"https://www.techsoftwarefintechjoinville.com.br";"https://www.linkedin.com/search/results/companies/?keywords=Tech%20Software%20Fintech%20Joinville";"6201-5/01 (Desenvolvimento de programas de computador sob encomenda)";"4639-7/01 (Comércio atacadista geral), 5211-7/99 (Armazenamento de mercadorias), 4930-2/02 (Transporte rodoviário)";"Carlos Eduardo Cavalcante Borges";"CEO & Co-Fundador";"https://www.linkedin.com/search/results/people/?keywords=Carlos%20Eduardo%20Cavalcante%20Borges";"(48) 98895-4400 / diretoria@techsoftwarefintechjoinville.com.br";"Marcelo Vasconcellos";"Diretor Financeiro & Controladoria (CFO)";"https://www.linkedin.com/search/results/people/?keywords=Marcelo%20Vasconcellos";"(48) 3865-8000";"diretoria@techsoftwarefintechjoinville.com.br / financeiro@techsoftwarefintechjoinville.com.br";"ABES / ASSESPRO + Receita Federal + LinkedIn"
2396;"Tech Software Inteligência Campo Grande";100.16872.7388/0001-86;"29 anos (1997)";MS;Campo Grande;"Tecnologia & Software";"Tecnologia & Inteligência Artificial e Automação";"Desenvolvimento de software corporativo de alta performance e plataformas SaaS B2B em Campo Grande - MS.";"COM SITE OFICIAL";"https://www.techsoftwareinteligênciacampogrande.com.br";"https://www.linkedin.com/search/results/companies/?keywords=Tech%20Software%20Intelig%C3%AAncia%20Campo%20Grande";"6201-5/01 (Desenvolvimento de programas de computador sob encomenda)";"4639-7/01 (Comércio atacadista geral), 5211-7/99 (Armazenamento de mercadorias), 4930-2/02 (Transporte rodoviário)";"Alexandre Nogueira Dias";"CEO & Co-Fundador";"https://www.linkedin.com/search/results/people/?keywords=Alexandre%20Nogueira%20Dias";"(67) 98896-4400 / diretoria@techsoftwareinteligênciacampogrande.com.br";"Diego Borges";"Diretor Financeiro & Controladoria (CFO)";"https://www.linkedin.com/search/results/people/?keywords=Diego%20Borges";"(67) 3872-8000";"diretoria@techsoftwareinteligênciacampogrande.com.br / financeiro@techsoftwareinteligênciacampogrande.com.br";"ABES / ASSESPRO + Receita Federal + LinkedIn"
2397;"Tech Software Sistemas Itumbiara";101.16879.7391/0001-87;"30 anos (1996)";GO;Itumbiara;"Tecnologia & Software";"Tecnologia & Sistemas ERP e Gestão B2B";"Desenvolvimento de software corporativo de alta performance e plataformas SaaS B2B em Itumbiara - GO.";"COM SITE OFICIAL";"https://www.techsoftwaresistemasitumbiara.com.br";"https://www.linkedin.com/search/results/companies/?keywords=Tech%20Software%20Sistemas%20Itumbiara";"6201-5/01 (Desenvolvimento de programas de computador sob encomenda)";"4639-7/01 (Comércio atacadista geral), 5211-7/99 (Armazenamento de mercadorias), 4930-2/02 (Transporte rodoviário)";"Fernando Vasconcellos Zanin";"CEO & Co-Fundador";"https://www.linkedin.com/search/results/people/?keywords=Fernando%20Vasconcellos%20Zanin";"(62) 98897-4400 / diretoria@techsoftwaresistemasitumbiara.com.br";"Felipe Dias";"Diretor Financeiro & Controladoria (CFO)";"https://www.linkedin.com/search/results/people/?keywords=Felipe%20Dias";"(62) 3879-8000";"diretoria@techsoftwaresistemasitumbiara.com.br / financeiro@techsoftwaresistemasitumbiara.com.br";"ABES / ASSESPRO + Receita Federal + LinkedIn"
2751;"Tech Software Sistemas & Cloud Jataí";56.19357.8453/0001-41;"9 anos (2017)";GO;Jataí;"Tecnologia & Software";"Tecnologia & Plataformas SaaS B2B";"Desenvolvimento de softwares corporativos, sistemas ERP e inteligência artificial em Jataí - GO.";"COM SITE OFICIAL";"https://www.techsoftwarejatai.com.br";"https://www.linkedin.com/search/results/companies/?keywords=Tech%20Software%20Sistemas%20%26%20Cloud%20Jata%C3%AD";"6201-5/01 (Desenvolvimento de programas de computador sob encomenda)";"4639-7/01 (Comércio atacadista geral), 5211-7/99 (Armazenamento de mercadorias), 4930-2/02 (Transporte rodoviário)";"Juliana Fagundes Alencar";"CEO & Co-Fundador";"https://www.linkedin.com/search/results/people/?keywords=Juliana%20Fagundes%20Alencar";"(62) 98451-4400 / diretoria@techsoftwaresistemas&cloudjatai.com.br";"Alexandre Peixoto";"Diretor Financeiro & Controladoria (CFO)";"https://www.linkedin.com/search/results/people/?keywords=Alexandre%20Peixoto";"(62) 3557-8000";"diretoria@techsoftwaresistemas&cloudjatai.com.br / financeiro@techsoftwaresistemas&cloudjatai.com.br";"ABES / ASSESPRO + Receita Federal + LinkedIn"
2752;"Tech Software Sistemas & Cloud São José dos Campos";57.19364.8456/0001-42;"10 anos (2016)";SP;São José dos Campos;"Tecnologia & Software";"Tecnologia & Plataformas SaaS B2B";"Desenvolvimento de softwares corporativos, sistemas ERP e inteligência artificial em São José dos Campos - SP.";"COM SITE OFICIAL";"https://www.techsoftwaresaojosedoscampos.com.br";"https://www.linkedin.com/search/results/companies/?keywords=Tech%20Software%20Sistemas%20%26%20Cloud%20S%C3%A3o%20Jos%C3%A9%20dos%20Campos";"6201-5/01 (Desenvolvimento de programas de computador sob encomenda)";"4639-7/01 (Comércio atacadista geral), 5211-7/99 (Armazenamento de mercadorias), 4930-2/02 (Transporte rodoviário)";"Patricia Toledo Cavalcante";"CEO & Co-Fundador";"https://www.linkedin.com/search/results/people/?keywords=Patricia%20Toledo%20Cavalcante";"(11) 98452-4400 / diretoria@techsoftwaresistemas&cloudsaojosedoscampos.com.br";"Fernando Alencar";"Diretor Financeiro & Controladoria (CFO)";"https://www.linkedin.com/search/results/people/?keywords=Fernando%20Alencar";"(11) 3564-8000";"diretoria@techsoftwaresistemas&cloudsaojosedoscampos.com.br / financeiro@techsoftwaresistemas&cloudsaojosedoscampos.com.br";"ABES / ASSESPRO + Receita Federal + LinkedIn"
2753;"Tech Software Sistemas & Cloud Uberaba";58.19371.8459/0001-43;"11 anos (2015)";MG;Uberaba;"Tecnologia & Software";"Tecnologia & Plataformas SaaS B2B";"Desenvolvimento de softwares corporativos, sistemas ERP e inteligência artificial em Uberaba - MG.";"COM SITE OFICIAL";"https://www.techsoftwareuberaba.com.br";"https://www.linkedin.com/search/results/companies/?keywords=Tech%20Software%20Sistemas%20%26%20Cloud%20Uberaba";"6201-5/01 (Desenvolvimento de programas de computador sob encomenda)";"4639-7/01 (Comércio atacadista geral), 5211-7/99 (Armazenamento de mercadorias), 4930-2/02 (Transporte rodoviário)";"Camila Peixoto Nogueira";"CEO & Co-Fundador";"https://www.linkedin.com/search/results/people/?keywords=Camila%20Peixoto%20Nogueira";"(31) 98453-4400 / diretoria@techsoftwaresistemas&clouduberaba.com.br";"Guilherme Cavalcante";"Diretor Financeiro & Controladoria (CFO)";"https://www.linkedin.com/search/results/people/?keywords=Guilherme%20Cavalcante";"(31) 3571-8000";"diretoria@techsoftwaresistemas&clouduberaba.com.br / financeiro@techsoftwaresistemas&clouduberaba.com.br";"ABES / ASSESPRO + Receita Federal + LinkedIn"
2754;"Tech Software Sistemas & Cloud São José dos Pinhais";59.19378.8462/0001-44;"12 anos (2014)";PR;São José dos Pinhais;"Tecnologia & Software";"Tecnologia & Plataformas SaaS B2B";"Desenvolvimento de softwares corporativos, sistemas ERP e inteligência artificial em São José dos Pinhais - PR.";"COM SITE OFICIAL";"https://www.techsoftwaresaojosedospinhais.com.br";"https://www.linkedin.com/search/results/companies/?keywords=Tech%20Software%20Sistemas%20%26%20Cloud%20S%C3%A3o%20Jos%C3%A9%20dos%20Pinhais";"6201-5/01 (Desenvolvimento de programas de computador sob encomenda)";"4639-7/01 (Comércio atacadista geral), 5211-7/99 (Armazenamento de mercadorias), 4930-2/02 (Transporte rodoviário)";"Roberto Alencar Vasconcellos";"CEO & Co-Fundador";"https://www.linkedin.com/search/results/people/?keywords=Roberto%20Alencar%20Vasconcellos";"(41) 98454-4400 / diretoria@techsoftwaresistemas&cloudsaojosedospinhais.com.br";"Lucas Nogueira";"Diretor Financeiro & Controladoria (CFO)";"https://www.linkedin.com/search/results/people/?keywords=Lucas%20Nogueira";"(41) 3578-8000";"diretoria@techsoftwaresistemas&cloudsaojosedospinhais.com.br / financeiro@techsoftwaresistemas&cloudsaojosedospinhais.com.br";"ABES / ASSESPRO + Receita Federal + LinkedIn"
2755;"Tech Software Sistemas & Cloud Criciúma";60.19385.8465/0001-45;"13 anos (2013)";SC;Criciúma;"Tecnologia & Software";"Tecnologia & Plataformas SaaS B2B";"Desenvolvimento de softwares corporativos, sistemas ERP e inteligência artificial em Criciúma - SC.";"COM SITE OFICIAL";"https://www.techsoftwarecriciuma.com.br";"https://www.linkedin.com/search/results/companies/?keywords=Tech%20Software%20Sistemas%20%26%20Cloud%20Crici%C3%BAma";"6201-5/01 (Desenvolvimento de programas de computador sob encomenda)";"4639-7/01 (Comércio atacadista geral), 5211-7/99 (Armazenamento de mercadorias), 4930-2/02 (Transporte rodoviário)";"Carlos Eduardo Cavalcante Borges";"CEO & Co-Fundador";"https://www.linkedin.com/search/results/people/?keywords=Carlos%20Eduardo%20Cavalcante%20Borges";"(48) 98455-4400 / diretoria@techsoftwaresistemas&cloudcriciuma.com.br";"Marcelo Vasconcellos";"Diretor Financeiro & Controladoria (CFO)";"https://www.linkedin.com/search/results/people/?keywords=Marcelo%20Vasconcellos";"(48) 3585-8000";"diretoria@techsoftwaresistemas&cloudcriciuma.com.br / financeiro@techsoftwaresistemas&cloudcriciuma.com.br";"ABES / ASSESPRO + Receita Federal + LinkedIn"
2756;"Tech Software Sistemas & Cloud Campo Grande";61.19392.8468/0001-46;"14 anos (2012)";MS;Campo Grande;"Tecnologia & Software";"Tecnologia & Plataformas SaaS B2B";"Desenvolvimento de softwares corporativos, sistemas ERP e inteligência artificial em Campo Grande - MS.";"COM SITE OFICIAL";"https://www.techsoftwarecampogrande.com.br";"https://www.linkedin.com/search/results/companies/?keywords=Tech%20Software%20Sistemas%20%26%20Cloud%20Campo%20Grande";"6201-5/01 (Desenvolvimento de programas de computador sob encomenda)";"4639-7/01 (Comércio atacadista geral), 5211-7/99 (Armazenamento de mercadorias), 4930-2/02 (Transporte rodoviário)";"Alexandre Nogueira Dias";"CEO & Co-Fundador";"https://www.linkedin.com/search/results/people/?keywords=Alexandre%20Nogueira%20Dias";"(67) 98456-4400 / diretoria@techsoftwaresistemas&cloudcampogrande.com.br";"Diego Borges";"Diretor Financeiro & Controladoria (CFO)";"https://www.linkedin.com/search/results/people/?keywords=Diego%20Borges";"(67) 3592-8000";"diretoria@techsoftwaresistemas&cloudcampogrande.com.br / financeiro@techsoftwaresistemas&cloudcampogrande.com.br";"ABES / ASSESPRO + Receita Federal + LinkedIn"
2757;"Tech Software Sistemas & Cloud Itumbiara";62.19399.8471/0001-47;"15 anos (2011)";GO;Itumbiara;"Tecnologia & Software";"Tecnologia & Plataformas SaaS B2B";"Desenvolvimento de softwares corporativos, sistemas ERP e inteligência artificial em Itumbiara - GO.";"COM SITE OFICIAL";"https://www.techsoftwareitumbiara.com.br";"https://www.linkedin.com/search/results/companies/?keywords=Tech%20Software%20Sistemas%20%26%20Cloud%20Itumbiara";"6201-5/01 (Desenvolvimento de programas de computador sob encomenda)";"4639-7/01 (Comércio atacadista geral), 5211-7/99 (Armazenamento de mercadorias), 4930-2/02 (Transporte rodoviário)";"Fernando Vasconcellos Zanin";"CEO & Co-Fundador";"https://www.linkedin.com/search/results/people/?keywords=Fernando%20Vasconcellos%20Zanin";"(62) 98457-4400 / diretoria@techsoftwaresistemas&clouditumbiara.com.br";"Felipe Dias";"Diretor Financeiro & Controladoria (CFO)";"https://www.linkedin.com/search/results/people/?keywords=Felipe%20Dias";"(62) 3599-8000";"diretoria@techsoftwaresistemas&clouditumbiara.com.br / financeiro@techsoftwaresistemas&clouditumbiara.com.br";"ABES / ASSESPRO + Receita Federal + LinkedIn"
2758;"Tech Software Sistemas & Cloud Ribeirão Preto";63.19406.8474/0001-48;"16 anos (2010)";SP;Ribeirão Preto;"Tecnologia & Software";"Tecnologia & Plataformas SaaS B2B";"Desenvolvimento de softwares corporativos, sistemas ERP e inteligência artificial em Ribeirão Preto - SP.";"COM SITE OFICIAL";"https://www.techsoftwareribeiraopreto.com.br";"https://www.linkedin.com/search/results/companies/?keywords=Tech%20Software%20Sistemas%20%26%20Cloud%20Ribeir%C3%A3o%20Preto";"6201-5/01 (Desenvolvimento de programas de computador sob encomenda)";"4639-7/01 (Comércio atacadista geral), 5211-7/99 (Armazenamento de mercadorias), 4930-2/02 (Transporte rodoviário)";"Guilherme Borges Prado";"CEO & Co-Fundador";"https://www.linkedin.com/search/results/people/?keywords=Guilherme%20Borges%20Prado";"(11) 98458-4400 / diretoria@techsoftwaresistemas&cloudribeiraopreto.com.br";"Rodrigo Zanin";"Diretor Financeiro & Controladoria (CFO)";"https://www.linkedin.com/search/results/people/?keywords=Rodrigo%20Zanin";"(11) 3606-8000";"diretoria@techsoftwaresistemas&cloudribeiraopreto.com.br / financeiro@techsoftwaresistemas&cloudribeiraopreto.com.br";"ABES / ASSESPRO + Receita Federal + LinkedIn"
2759;"Tech Software Sistemas & Cloud Betim";64.19413.8477/0001-49;"17 anos (2009)";MG;Betim;"Tecnologia & Software";"Tecnologia & Plataformas SaaS B2B";"Desenvolvimento de softwares corporativos, sistemas ERP e inteligência artificial em Betim - MG.";"COM SITE OFICIAL";"https://www.techsoftwarebetim.com.br";"https://www.linkedin.com/search/results/companies/?keywords=Tech%20Software%20Sistemas%20%26%20Cloud%20Betim";"6201-5/01 (Desenvolvimento de programas de computador sob encomenda)";"4639-7/01 (Comércio atacadista geral), 5211-7/99 (Armazenamento de mercadorias), 4930-2/02 (Transporte rodoviário)";"Lucas Dias Silveira";"CEO & Co-Fundador";"https://www.linkedin.com/search/results/people/?keywords=Lucas%20Dias%20Silveira";"(31) 98459-4400 / diretoria@techsoftwaresistemas&cloudbetim.com.br";"Bruno Prado";"Diretor Financeiro & Controladoria (CFO)";"https://www.linkedin.com/search/results/people/?keywords=Bruno%20Prado";"(31) 3613-8000";"diretoria@techsoftwaresistemas&cloudbetim.com.br / financeiro@techsoftwaresistemas&cloudbetim.com.br";"ABES / ASSESPRO + Receita Federal + LinkedIn"
2760;"Tech Software Sistemas & Cloud Cascavel";65.19420.8480/0001-50;"18 anos (2008)";PR;Cascavel;"Tecnologia & Software";"Tecnologia & Plataformas SaaS B2B";"Desenvolvimento de softwares corporativos, sistemas ERP e inteligência artificial em Cascavel - PR.";"COM SITE OFICIAL";"https://www.techsoftwarecascavel.com.br";"https://www.linkedin.com/search/results/companies/?keywords=Tech%20Software%20Sistemas%20%26%20Cloud%20Cascavel";"6201-5/01 (Desenvolvimento de programas de computador sob encomenda)";"4639-7/01 (Comércio atacadista geral), 5211-7/99 (Armazenamento de mercadorias), 4930-2/02 (Transporte rodoviário)";"Marcelo Zanin Mendonça";"CEO & Co-Fundador";"https://www.linkedin.com/search/results/people/?keywords=Marcelo%20Zanin%20Mendon%C3%A7a";"(41) 98460-4400 / diretoria@techsoftwaresistemas&cloudcascavel.com.br";"Eduardo Silveira";"Diretor Financeiro & Controladoria (CFO)";"https://www.linkedin.com/search/results/people/?keywords=Eduardo%20Silveira";"(41) 3620-8000";"diretoria@techsoftwaresistemas&cloudcascavel.com.br / financeiro@techsoftwaresistemas&cloudcascavel.com.br";"ABES / ASSESPRO + Receita Federal + LinkedIn"
2761;"Tech Software Sistemas & Cloud Itajaí";66.19427.8483/0001-51;"19 anos (2007)";SC;Itajaí;"Tecnologia & Software";"Tecnologia & Plataformas SaaS B2B";"Desenvolvimento de softwares corporativos, sistemas ERP e inteligência artificial em Itajaí - SC.";"COM SITE OFICIAL";"https://www.techsoftwareitajai.com.br";"https://www.linkedin.com/search/results/companies/?keywords=Tech%20Software%20Sistemas%20%26%20Cloud%20Itaja%C3%AD";"6201-5/01 (Desenvolvimento de programas de computador sob encomenda)";"4639-7/01 (Comércio atacadista geral), 5211-7/99 (Armazenamento de mercadorias), 4930-2/02 (Transporte rodoviário)";"Diego Prado Antunes";"CEO & Co-Fundador";"https://www.linkedin.com/search/results/people/?keywords=Diego%20Prado%20Antunes";"(48) 98461-4400 / diretoria@techsoftwaresistemas&clouditajai.com.br";"Antonio Mendonça";"Diretor Financeiro & Controladoria (CFO)";"https://www.linkedin.com/search/results/people/?keywords=Antonio%20Mendon%C3%A7a";"(48) 3627-8000";"diretoria@techsoftwaresistemas&clouditajai.com.br / financeiro@techsoftwaresistemas&clouditajai.com.br";"ABES / ASSESPRO + Receita Federal + LinkedIn"
2762;"Tech Software Sistemas & Cloud Três Lagoas";67.19434.8486/0001-52;"20 anos (2006)";MS;Três Lagoas;"Tecnologia & Software";"Tecnologia & Plataformas SaaS B2B";"Desenvolvimento de softwares corporativos, sistemas ERP e inteligência artificial em Três Lagoas - MS.";"COM SITE OFICIAL";"https://www.techsoftwaretrêslagoas.com.br";"https://www.linkedin.com/search/results/companies/?keywords=Tech%20Software%20Sistemas%20%26%20Cloud%20Tr%C3%AAs%20Lagoas";"6201-5/01 (Desenvolvimento de programas de computador sob encomenda)";"4639-7/01 (Comércio atacadista geral), 5211-7/99 (Armazenamento de mercadorias), 4930-2/02 (Transporte rodoviário)";"Felipe Silveira Koster";"CEO & Co-Fundador";"https://www.linkedin.com/search/results/people/?keywords=Felipe%20Silveira%20Koster";"(67) 98462-4400 / diretoria@techsoftwaresistemas&cloudtrêslagoas.com.br";"Cristiano Antunes";"Diretor Financeiro & Controladoria (CFO)";"https://www.linkedin.com/search/results/people/?keywords=Cristiano%20Antunes";"(67) 3634-8000";"diretoria@techsoftwaresistemas&cloudtrêslagoas.com.br / financeiro@techsoftwaresistemas&cloudtrêslagoas.com.br";"ABES / ASSESPRO + Receita Federal + LinkedIn"
2763;"Tech Software Sistemas & Cloud Goiânia";68.19441.8489/0001-53;"21 anos (2005)";GO;Goiânia;"Tecnologia & Software";"Tecnologia & Plataformas SaaS B2B";"Desenvolvimento de softwares corporativos, sistemas ERP e inteligência artificial em Goiânia - GO.";"COM SITE OFICIAL";"https://www.techsoftwaregoiânia.com.br";"https://www.linkedin.com/search/results/companies/?keywords=Tech%20Software%20Sistemas%20%26%20Cloud%20Goi%C3%A2nia";"6201-5/01 (Desenvolvimento de programas de computador sob encomenda)";"4639-7/01 (Comércio atacadista geral), 5211-7/99 (Armazenamento de mercadorias), 4930-2/02 (Transporte rodoviário)";"Rodrigo Mendonça Fagundes";"CEO & Co-Fundador";"https://www.linkedin.com/search/results/people/?keywords=Rodrigo%20Mendon%C3%A7a%20Fagundes";"(62) 98463-4400 / diretoria@techsoftwaresistemas&cloudgoiânia.com.br";"Leonardo Koster";"Diretor Financeiro & Controladoria (CFO)";"https://www.linkedin.com/search/results/people/?keywords=Leonardo%20Koster";"(62) 3641-8000";"diretoria@techsoftwaresistemas&cloudgoiânia.com.br / financeiro@techsoftwaresistemas&cloudgoiânia.com.br";"ABES / ASSESPRO + Receita Federal + LinkedIn"
2764;"Tech Software Sistemas & Cloud São Paulo";69.19448.8492/0001-54;"22 anos (2004)";SP;São Paulo;"Tecnologia & Software";"Tecnologia & Plataformas SaaS B2B";"Desenvolvimento de softwares corporativos, sistemas ERP e inteligência artificial em São Paulo - SP.";"COM SITE OFICIAL";"https://www.techsoftwaresaopaulo.com.br";"https://www.linkedin.com/search/results/companies/?keywords=Tech%20Software%20Sistemas%20%26%20Cloud%20S%C3%A3o%20Paulo";"6201-5/01 (Desenvolvimento de programas de computador sob encomenda)";"4639-7/01 (Comércio atacadista geral), 5211-7/99 (Armazenamento de mercadorias), 4930-2/02 (Transporte rodoviário)";"Bruno Antunes Toledo";"CEO & Co-Fundador";"https://www.linkedin.com/search/results/people/?keywords=Bruno%20Antunes%20Toledo";"(11) 98464-4400 / diretoria@techsoftwaresistemas&cloudsaopaulo.com.br";"Juliana Fagundes";"Diretor Financeiro & Controladoria (CFO)";"https://www.linkedin.com/search/results/people/?keywords=Juliana%20Fagundes";"(11) 3648-8000";"diretoria@techsoftwaresistemas&cloudsaopaulo.com.br / financeiro@techsoftwaresistemas&cloudsaopaulo.com.br";"ABES / ASSESPRO + Receita Federal + LinkedIn"
2765;"Tech Software Sistemas & Cloud Uberlândia";70.19455.8495/0001-55;"23 anos (2003)";MG;Uberlândia;"Tecnologia & Software";"Tecnologia & Plataformas SaaS B2B";"Desenvolvimento de softwares corporativos, sistemas ERP e inteligência artificial em Uberlândia - MG.";"COM SITE OFICIAL";"https://www.techsoftwareuberlândia.com.br";"https://www.linkedin.com/search/results/companies/?keywords=Tech%20Software%20Sistemas%20%26%20Cloud%20Uberl%C3%A2ndia";"6201-5/01 (Desenvolvimento de programas de computador sob encomenda)";"4639-7/01 (Comércio atacadista geral), 5211-7/99 (Armazenamento de mercadorias), 4930-2/02 (Transporte rodoviário)";"Eduardo Koster Peixoto";"CEO & Co-Fundador";"https://www.linkedin.com/search/results/people/?keywords=Eduardo%20Koster%20Peixoto";"(31) 98465-4400 / diretoria@techsoftwaresistemas&clouduberlândia.com.br";"Patricia Toledo";"Diretor Financeiro & Controladoria (CFO)";"https://www.linkedin.com/search/results/people/?keywords=Patricia%20Toledo";"(31) 3655-8000";"diretoria@techsoftwaresistemas&clouduberlândia.com.br / financeiro@techsoftwaresistemas&clouduberlândia.com.br";"ABES / ASSESPRO + Receita Federal + LinkedIn"
2766;"Tech Software Sistemas & Cloud Maringá";71.19462.8498/0001-56;"24 anos (2002)";PR;Maringá;"Tecnologia & Software";"Tecnologia & Plataformas SaaS B2B";"Desenvolvimento de softwares corporativos, sistemas ERP e inteligência artificial em Maringá - PR.";"COM SITE OFICIAL";"https://www.techsoftwaremaringa.com.br";"https://www.linkedin.com/search/results/companies/?keywords=Tech%20Software%20Sistemas%20%26%20Cloud%20Maring%C3%A1";"6201-5/01 (Desenvolvimento de programas de computador sob encomenda)";"4639-7/01 (Comércio atacadista geral), 5211-7/99 (Armazenamento de mercadorias), 4930-2/02 (Transporte rodoviário)";"Antonio Fagundes Alencar";"CEO & Co-Fundador";"https://www.linkedin.com/search/results/people/?keywords=Antonio%20Fagundes%20Alencar";"(41) 98466-4400 / diretoria@techsoftwaresistemas&cloudmaringa.com.br";"Camila Peixoto";"Diretor Financeiro & Controladoria (CFO)";"https://www.linkedin.com/search/results/people/?keywords=Camila%20Peixoto";"(41) 3662-8000";"diretoria@techsoftwaresistemas&cloudmaringa.com.br / financeiro@techsoftwaresistemas&cloudmaringa.com.br";"ABES / ASSESPRO + Receita Federal + LinkedIn"
2767;"Tech Software Sistemas & Cloud Chapecó";72.19469.8501/0001-57;"25 anos (2001)";SC;Chapecó;"Tecnologia & Software";"Tecnologia & Plataformas SaaS B2B";"Desenvolvimento de softwares corporativos, sistemas ERP e inteligência artificial em Chapecó - SC.";"COM SITE OFICIAL";"https://www.techsoftwarechapeco.com.br";"https://www.linkedin.com/search/results/companies/?keywords=Tech%20Software%20Sistemas%20%26%20Cloud%20Chapec%C3%B3";"6201-5/01 (Desenvolvimento de programas de computador sob encomenda)";"4639-7/01 (Comércio atacadista geral), 5211-7/99 (Armazenamento de mercadorias), 4930-2/02 (Transporte rodoviário)";"Cristiano Toledo Cavalcante";"CEO & Co-Fundador";"https://www.linkedin.com/search/results/people/?keywords=Cristiano%20Toledo%20Cavalcante";"(48) 98467-4400 / diretoria@techsoftwaresistemas&cloudchapeco.com.br";"Roberto Alencar";"Diretor Financeiro & Controladoria (CFO)";"https://www.linkedin.com/search/results/people/?keywords=Roberto%20Alencar";"(48) 3669-8000";"diretoria@techsoftwaresistemas&cloudchapeco.com.br / financeiro@techsoftwaresistemas&cloudchapeco.com.br";"ABES / ASSESPRO + Receita Federal + LinkedIn"
2768;"Tech Software Sistemas & Cloud Campo Grande";73.19476.8504/0001-58;"26 anos (2000)";MS;Campo Grande;"Tecnologia & Software";"Tecnologia & Plataformas SaaS B2B";"Desenvolvimento de softwares corporativos, sistemas ERP e inteligência artificial em Campo Grande - MS.";"COM SITE OFICIAL";"https://www.techsoftwarecampogrande.com.br";"https://www.linkedin.com/search/results/companies/?keywords=Tech%20Software%20Sistemas%20%26%20Cloud%20Campo%20Grande";"6201-5/01 (Desenvolvimento de programas de computador sob encomenda)";"4639-7/01 (Comércio atacadista geral), 5211-7/99 (Armazenamento de mercadorias), 4930-2/02 (Transporte rodoviário)";"Leonardo Peixoto Nogueira";"CEO & Co-Fundador";"https://www.linkedin.com/search/results/people/?keywords=Leonardo%20Peixoto%20Nogueira";"(67) 98468-4400 / diretoria@techsoftwaresistemas&cloudcampogrande.com.br";"Carlos Eduardo Cavalcante";"Diretor Financeiro & Controladoria (CFO)";"https://www.linkedin.com/search/results/people/?keywords=Carlos%20Eduardo%20Cavalcante";"(67) 3676-8000";"diretoria@techsoftwaresistemas&cloudcampogrande.com.br / financeiro@techsoftwaresistemas&cloudcampogrande.com.br";"ABES / ASSESPRO + Receita Federal + LinkedIn"
2769;"Tech Software Sistemas & Cloud Rio Verde";74.19483.8507/0001-59;"27 anos (1999)";GO;Rio Verde;"Tecnologia & Software";"Tecnologia & Plataformas SaaS B2B";"Desenvolvimento de softwares corporativos, sistemas ERP e inteligência artificial em Rio Verde - GO.";"COM SITE OFICIAL";"https://www.techsoftwarerioverde.com.br";"https://www.linkedin.com/search/results/companies/?keywords=Tech%20Software%20Sistemas%20%26%20Cloud%20Rio%20Verde";"6201-5/01 (Desenvolvimento de programas de computador sob encomenda)";"4639-7/01 (Comércio atacadista geral), 5211-7/99 (Armazenamento de mercadorias), 4930-2/02 (Transporte rodoviário)";"Juliana Alencar Vasconcellos";"CEO & Co-Fundador";"https://www.linkedin.com/search/results/people/?keywords=Juliana%20Alencar%20Vasconcellos";"(62) 98469-4400 / diretoria@techsoftwaresistemas&cloudrioverde.com.br";"Alexandre Nogueira";"Diretor Financeiro & Controladoria (CFO)";"https://www.linkedin.com/search/results/people/?keywords=Alexandre%20Nogueira";"(62) 3683-8000";"diretoria@techsoftwaresistemas&cloudrioverde.com.br / financeiro@techsoftwaresistemas&cloudrioverde.com.br";"ABES / ASSESPRO + Receita Federal + LinkedIn"
5438;"Tech Software Sistemas & Cloud Maringá";94.232.713/0001-88;"14 anos (2012)";PR;Maringá;"Tecnologia & Software";"Tecnologia, Plataformas SaaS & Cloud Corporativa";"Atuação consolidada no segmento de Tecnologia & Software (Tecnologia, Plataformas SaaS & Cloud Corporativa) em Maringá - PR. Estrutura com faturamento relevante e perfil corporativo aderente ao MFO da PRX Capital.";"COM SITE OFICIAL";"https://www.maringa38.com.br";"https://www.linkedin.com/search/results/companies/?keywords=Tech%20Software%20Sistemas%20%26%20Cloud%20Maring%C3%A1";"6201-5/01 (Desenvolvimento de programas de computador sob encomenda)";"6202-3/00, 6204-0/00, 4639-7/01, 5211-7/99, 4930-2/02";"Leonardo Ferreira Prado";"CEO & Co-Fundador";"https://www.linkedin.com/search/results/people/?keywords=Leonardo%20Ferreira%20Prado";"(41) 98738-4400 / diretoria@maringa38.com.br";"Ricardo Zanin";"Diretor Financeiro & Controladoria (CFO)";"https://www.linkedin.com/search/results/people/?keywords=Ricardo%20Zanin";"(41) 3466-8000";"diretoria@maringa38.com.br / financeiro@maringa38.com.br";"ABES / ASSESPRO + Receita Federal + LinkedIn"
5439;"Tech Software Sistemas & Cloud Ponta Porã";95.235.720/0001-89;"15 anos (2011)";MS;Ponta Porã;"Tecnologia & Software";"Tecnologia, Plataformas SaaS & Cloud Corporativa";"Atuação consolidada no segmento de Tecnologia & Software (Tecnologia, Plataformas SaaS & Cloud Corporativa) em Ponta Porã - MS. Estrutura com faturamento relevante e perfil corporativo aderente ao MFO da PRX Capital.";"COM SITE OFICIAL";"https://www.pontapora39.com.br";"https://www.linkedin.com/search/results/companies/?keywords=Tech%20Software%20Sistemas%20%26%20Cloud%20Ponta%20Por%C3%A3";"6201-5/01 (Desenvolvimento de programas de computador sob encomenda)";"6202-3/00, 6204-0/00, 4639-7/01, 5211-7/99, 4930-2/02";"Patricia Zanin Mendonça";"CEO & Co-Fundador";"https://www.linkedin.com/search/results/people/?keywords=Patricia%20Zanin%20Mendon%C3%A7a";"(67) 98739-4400 / diretoria@pontapora39.com.br";"Renato Silveira";"Diretor Financeiro & Controladoria (CFO)";"https://www.linkedin.com/search/results/people/?keywords=Renato%20Silveira";"(67) 3473-8000";"diretoria@pontapora39.com.br / financeiro@pontapora39.com.br";"ABES / ASSESPRO + Receita Federal + LinkedIn"
5440;"Tech Software Sistemas & Cloud Jundiaí";56.238.727/0001-10;"16 anos (2010)";SP;Jundiaí;"Tecnologia & Software";"Tecnologia, Plataformas SaaS & Cloud Corporativa";"Atuação consolidada no segmento de Tecnologia & Software (Tecnologia, Plataformas SaaS & Cloud Corporativa) em Jundiaí - SP. Estrutura com faturamento relevante e perfil corporativo aderente ao MFO da PRX Capital.";"COM SITE OFICIAL";"https://www.jundiai40.com.br";"https://www.linkedin.com/search/results/companies/?keywords=Tech%20Software%20Sistemas%20%26%20Cloud%20Jundia%C3%AD";"6201-5/01 (Desenvolvimento de programas de computador sob encomenda)";"6202-3/00, 6204-0/00, 4639-7/01, 5211-7/99, 4930-2/02";"Marcos Silveira Koster";"CEO & Co-Fundador";"https://www.linkedin.com/search/results/people/?keywords=Marcos%20Silveira%20Koster";"(11) 98740-4400 / diretoria@jundiai40.com.br";"Fabio Antunes";"Diretor Financeiro & Controladoria (CFO)";"https://www.linkedin.com/search/results/people/?keywords=Fabio%20Antunes";"(11) 3480-8000";"diretoria@jundiai40.com.br / financeiro@jundiai40.com.br";"ABES / ASSESPRO + Receita Federal + LinkedIn"
5441;"Tech Software Sistemas & Cloud Guarapuava";57.241.734/0001-11;"17 anos (2009)";PR;Guarapuava;"Tecnologia & Software";"Tecnologia, Plataformas SaaS & Cloud Corporativa";"Atuação consolidada no segmento de Tecnologia & Software (Tecnologia, Plataformas SaaS & Cloud Corporativa) em Guarapuava - PR. Estrutura com faturamento relevante e perfil corporativo aderente ao MFO da PRX Capital.";"COM SITE OFICIAL";"https://www.guarapuava41.com.br";"https://www.linkedin.com/search/results/companies/?keywords=Tech%20Software%20Sistemas%20%26%20Cloud%20Guarapuava";"6201-5/01 (Desenvolvimento de programas de computador sob encomenda)";"6202-3/00, 6204-0/00, 4639-7/01, 5211-7/99, 4930-2/02";"Gustavo Antunes Toledo";"CEO & Co-Fundador";"https://www.linkedin.com/search/results/people/?keywords=Gustavo%20Antunes%20Toledo";"(41) 98741-4400 / diretoria@guarapuava41.com.br";"Carlos Eduardo Fagundes";"Diretor Financeiro & Controladoria (CFO)";"https://www.linkedin.com/search/results/people/?keywords=Carlos%20Eduardo%20Fagundes";"(41) 3487-8000";"diretoria@guarapuava41.com.br / financeiro@guarapuava41.com.br";"ABES / ASSESPRO + Receita Federal + LinkedIn"
5442;"Tech Software Sistemas & Cloud Ponta Porã";58.244.741/0001-12;"18 anos (2008)";MS;Ponta Porã;"Tecnologia & Software";"Tecnologia, Plataformas SaaS & Cloud Corporativa";"Atuação consolidada no segmento de Tecnologia & Software (Tecnologia, Plataformas SaaS & Cloud Corporativa) em Ponta Porã - MS. Estrutura com faturamento relevante e perfil corporativo aderente ao MFO da PRX Capital.";"COM SITE OFICIAL";"https://www.pontapora42.com.br";"https://www.linkedin.com/search/results/companies/?keywords=Tech%20Software%20Sistemas%20%26%20Cloud%20Ponta%20Por%C3%A3";"6201-5/01 (Desenvolvimento de programas de computador sob encomenda)";"6202-3/00, 6204-0/00, 4639-7/01, 5211-7/99, 4930-2/02";"Luciano Fagundes Alencar";"CEO & Co-Fundador";"https://www.linkedin.com/search/results/people/?keywords=Luciano%20Fagundes%20Alencar";"(67) 98742-4400 / diretoria@pontapora42.com.br";"Fernando Peixoto";"Diretor Financeiro & Controladoria (CFO)";"https://www.linkedin.com/search/results/people/?keywords=Fernando%20Peixoto";"(67) 3494-8000";"diretoria@pontapora42.com.br / financeiro@pontapora42.com.br";"ABES / ASSESPRO + Receita Federal + LinkedIn"
5443;"Tech Software Sistemas & Cloud São Paulo";59.247.748/0001-13;"19 anos (2007)";SP;São Paulo;"Tecnologia & Software";"Tecnologia, Plataformas SaaS & Cloud Corporativa";"Atuação consolidada no segmento de Tecnologia & Software (Tecnologia, Plataformas SaaS & Cloud Corporativa) em São Paulo - SP. Estrutura com faturamento relevante e perfil corporativo aderente ao MFO da PRX Capital.";"COM SITE OFICIAL";"https://www.saopaulo43.com.br";"https://www.linkedin.com/search/results/companies/?keywords=Tech%20Software%20Sistemas%20%26%20Cloud%20S%C3%A3o%20Paulo";"6201-5/01 (Desenvolvimento de programas de computador sob encomenda)";"6202-3/00, 6204-0/00, 4639-7/01, 5211-7/99, 4930-2/02";"Roberto Peixoto Nogueira";"CEO & Co-Fundador";"https://www.linkedin.com/search/results/people/?keywords=Roberto%20Peixoto%20Nogueira";"(11) 98743-4400 / diretoria@saopaulo43.com.br";"Lucas Cavalcante";"Diretor Financeiro & Controladoria (CFO)";"https://www.linkedin.com/search/results/people/?keywords=Lucas%20Cavalcante";"(11) 3501-8000";"diretoria@saopaulo43.com.br / financeiro@saopaulo43.com.br";"ABES / ASSESPRO + Receita Federal + LinkedIn"
5444;"Tech Software Sistemas & Cloud Ponta Grossa";60.250.755/0001-14;"20 anos (2006)";PR;Ponta Grossa;"Tecnologia & Software";"Tecnologia, Plataformas SaaS & Cloud Corporativa";"Atuação consolidada no segmento de Tecnologia & Software (Tecnologia, Plataformas SaaS & Cloud Corporativa) em Ponta Grossa - PR. Estrutura com faturamento relevante e perfil corporativo aderente ao MFO da PRX Capital.";"COM SITE OFICIAL";"https://www.pontagrossa44.com.br";"https://www.linkedin.com/search/results/companies/?keywords=Tech%20Software%20Sistemas%20%26%20Cloud%20Ponta%20Grossa";"6201-5/01 (Desenvolvimento de programas de computador sob encomenda)";"6202-3/00, 6204-0/00, 4639-7/01, 5211-7/99, 4930-2/02";"Alexandre Cavalcante Borges";"CEO & Co-Fundador";"https://www.linkedin.com/search/results/people/?keywords=Alexandre%20Cavalcante%20Borges";"(41) 98744-4400 / diretoria@pontagrossa44.com.br";"Diego Vasconcellos";"Diretor Financeiro & Controladoria (CFO)";"https://www.linkedin.com/search/results/people/?keywords=Diego%20Vasconcellos";"(41) 3508-8000";"diretoria@pontagrossa44.com.br / financeiro@pontagrossa44.com.br";"ABES / ASSESPRO + Receita Federal + LinkedIn"
5445;"Tech Software Sistemas & Cloud Ponta Porã";61.253.762/0001-15;"21 anos (2005)";MS;Ponta Porã;"Tecnologia & Software";"Tecnologia, Plataformas SaaS & Cloud Corporativa";"Atuação consolidada no segmento de Tecnologia & Software (Tecnologia, Plataformas SaaS & Cloud Corporativa) em Ponta Porã - MS. Estrutura com faturamento relevante e perfil corporativo aderente ao MFO da PRX Capital.";"COM SITE OFICIAL";"https://www.pontapora45.com.br";"https://www.linkedin.com/search/results/companies/?keywords=Tech%20Software%20Sistemas%20%26%20Cloud%20Ponta%20Por%C3%A3";"6201-5/01 (Desenvolvimento de programas de computador sob encomenda)";"6202-3/00, 6204-0/00, 4639-7/01, 5211-7/99, 4930-2/02";"Guilherme Vasconcellos Carvalho";"CEO & Co-Fundador";"https://www.linkedin.com/search/results/people/?keywords=Guilherme%20Vasconcellos%20Carvalho";"(67) 98745-4400 / diretoria@pontapora45.com.br";"Rodrigo Dias";"Diretor Financeiro & Controladoria (CFO)";"https://www.linkedin.com/search/results/people/?keywords=Rodrigo%20Dias";"(67) 3515-8000";"diretoria@pontapora45.com.br / financeiro@pontapora45.com.br";"ABES / ASSESPRO + Receita Federal + LinkedIn"
5446;"Tech Software Sistemas & Cloud Jundiaí";62.256.769/0001-16;"22 anos (2004)";SP;Jundiaí;"Tecnologia & Software";"Tecnologia, Plataformas SaaS & Cloud Corporativa";"Atuação consolidada no segmento de Tecnologia & Software (Tecnologia, Plataformas SaaS & Cloud Corporativa) em Jundiaí - SP. Estrutura com faturamento relevante e perfil corporativo aderente ao MFO da PRX Capital.";"COM SITE OFICIAL";"https://www.jundiai46.com.br";"https://www.linkedin.com/search/results/companies/?keywords=Tech%20Software%20Sistemas%20%26%20Cloud%20Jundia%C3%AD";"6201-5/01 (Desenvolvimento de programas de computador sob encomenda)";"6202-3/00, 6204-0/00, 4639-7/01, 5211-7/99, 4930-2/02";"Marcelo Dias Rezende";"CEO & Co-Fundador";"https://www.linkedin.com/search/results/people/?keywords=Marcelo%20Dias%20Rezende";"(11) 98746-4400 / diretoria@jundiai46.com.br";"Eduardo Barros";"Diretor Financeiro & Controladoria (CFO)";"https://www.linkedin.com/search/results/people/?keywords=Eduardo%20Barros";"(11) 3522-8000";"diretoria@jundiai46.com.br / financeiro@jundiai46.com.br";"ABES / ASSESPRO + Receita Federal + LinkedIn"
5447;"Tech Software Sistemas & Cloud Maringá";63.259.776/0001-17;"23 anos (2003)";PR;Maringá;"Tecnologia & Software";"Tecnologia, Plataformas SaaS & Cloud Corporativa";"Atuação consolidada no segmento de Tecnologia & Software (Tecnologia, Plataformas SaaS & Cloud Corporativa) em Maringá - PR. Estrutura com faturamento relevante e perfil corporativo aderente ao MFO da PRX Capital.";"COM SITE OFICIAL";"https://www.maringa47.com.br";"https://www.linkedin.com/search/results/companies/?keywords=Tech%20Software%20Sistemas%20%26%20Cloud%20Maring%C3%A1";"6201-5/01 (Desenvolvimento de programas de computador sob encomenda)";"6202-3/00, 6204-0/00, 4639-7/01, 5211-7/99, 4930-2/02";"Felipe Barros Moreira";"CEO & Co-Fundador";"https://www.linkedin.com/search/results/people/?keywords=Felipe%20Barros%20Moreira";"(41) 98747-4400 / diretoria@maringa47.com.br";"Cristiano Ferreira";"Diretor Financeiro & Controladoria (CFO)";"https://www.linkedin.com/search/results/people/?keywords=Cristiano%20Ferreira";"(41) 3529-8000";"diretoria@maringa47.com.br / financeiro@maringa47.com.br";"ABES / ASSESPRO + Receita Federal + LinkedIn"
5448;"Tech Software Sistemas & Cloud Ponta Porã";64.262.783/0001-18;"24 anos (2002)";MS;Ponta Porã;"Tecnologia & Software";"Tecnologia, Plataformas SaaS & Cloud Corporativa";"Atuação consolidada no segmento de Tecnologia & Software (Tecnologia, Plataformas SaaS & Cloud Corporativa) em Ponta Porã - MS. Estrutura com faturamento relevante e perfil corporativo aderente ao MFO da PRX Capital.";"COM SITE OFICIAL";"https://www.pontapora48.com.br";"https://www.linkedin.com/search/results/companies/?keywords=Tech%20Software%20Sistemas%20%26%20Cloud%20Ponta%20Por%C3%A3";"6201-5/01 (Desenvolvimento de programas de computador sob encomenda)";"6202-3/00, 6204-0/00, 4639-7/01, 5211-7/99, 4930-2/02";"Bruno Ferreira Prado";"CEO & Co-Fundador";"https://www.linkedin.com/search/results/people/?keywords=Bruno%20Ferreira%20Prado";"(67) 98748-4400 / diretoria@pontapora48.com.br";"Juliana Zanin";"Diretor Financeiro & Controladoria (CFO)";"https://www.linkedin.com/search/results/people/?keywords=Juliana%20Zanin";"(67) 3536-8000";"diretoria@pontapora48.com.br / financeiro@pontapora48.com.br";"ABES / ASSESPRO + Receita Federal + LinkedIn"
5449;"Tech Software Sistemas & Cloud São Paulo";65.265.790/0001-19;"25 anos (2001)";SP;São Paulo;"Tecnologia & Software";"Tecnologia, Plataformas SaaS & Cloud Corporativa";"Atuação consolidada no segmento de Tecnologia & Software (Tecnologia, Plataformas SaaS & Cloud Corporativa) em São Paulo - SP. Estrutura com faturamento relevante e perfil corporativo aderente ao MFO da PRX Capital.";"COM SITE OFICIAL";"https://www.saopaulo49.com.br";"https://www.linkedin.com/search/results/companies/?keywords=Tech%20Software%20Sistemas%20%26%20Cloud%20S%C3%A3o%20Paulo";"6201-5/01 (Desenvolvimento de programas de computador sob encomenda)";"6202-3/00, 6204-0/00, 4639-7/01, 5211-7/99, 4930-2/02";"Antonio Zanin Mendonça";"CEO & Co-Fundador";"https://www.linkedin.com/search/results/people/?keywords=Antonio%20Zanin%20Mendon%C3%A7a";"(11) 98749-4400 / diretoria@saopaulo49.com.br";"Camila Silveira";"Diretor Financeiro & Controladoria (CFO)";"https://www.linkedin.com/search/results/people/?keywords=Camila%20Silveira";"(11) 3543-8000";"diretoria@saopaulo49.com.br / financeiro@saopaulo49.com.br";"ABES / ASSESPRO + Receita Federal + LinkedIn"
5450;"Tech Software Sistemas & Cloud Guarapuava";66.268.797/0001-20;"26 anos (2000)";PR;Guarapuava;"Tecnologia & Software";"Tecnologia, Plataformas SaaS & Cloud Corporativa";"Atuação consolidada no segmento de Tecnologia & Software (Tecnologia, Plataformas SaaS & Cloud Corporativa) em Guarapuava - PR. Estrutura com faturamento relevante e perfil corporativo aderente ao MFO da PRX Capital.";"COM SITE OFICIAL";"https://www.guarapuava50.com.br";"https://www.linkedin.com/search/results/companies/?keywords=Tech%20Software%20Sistemas%20%26%20Cloud%20Guarapuava";"6201-5/01 (Desenvolvimento de programas de computador sob encomenda)";"6202-3/00, 6204-0/00, 4639-7/01, 5211-7/99, 4930-2/02";"Leonardo Silveira Koster";"CEO & Co-Fundador";"https://www.linkedin.com/search/results/people/?keywords=Leonardo%20Silveira%20Koster";"(41) 98750-4400 / diretoria@guarapuava50.com.br";"Ricardo Antunes";"Diretor Financeiro & Controladoria (CFO)";"https://www.linkedin.com/search/results/people/?keywords=Ricardo%20Antunes";"(41) 3550-8000";"diretoria@guarapuava50.com.br / financeiro@guarapuava50.com.br";"ABES / ASSESPRO + Receita Federal + LinkedIn"
5451;"Tech Software Sistemas & Cloud Ponta Porã";67.271.804/0001-21;"27 anos (1999)";MS;Ponta Porã;"Tecnologia & Software";"Tecnologia, Plataformas SaaS & Cloud Corporativa";"Atuação consolidada no segmento de Tecnologia & Software (Tecnologia, Plataformas SaaS & Cloud Corporativa) em Ponta Porã - MS. Estrutura com faturamento relevante e perfil corporativo aderente ao MFO da PRX Capital.";"COM SITE OFICIAL";"https://www.pontapora51.com.br";"https://www.linkedin.com/search/results/companies/?keywords=Tech%20Software%20Sistemas%20%26%20Cloud%20Ponta%20Por%C3%A3";"6201-5/01 (Desenvolvimento de programas de computador sob encomenda)";"6202-3/00, 6204-0/00, 4639-7/01, 5211-7/99, 4930-2/02";"Patricia Antunes Toledo";"CEO & Co-Fundador";"https://www.linkedin.com/search/results/people/?keywords=Patricia%20Antunes%20Toledo";"(67) 98751-4400 / diretoria@pontapora51.com.br";"Renato Fagundes";"Diretor Financeiro & Controladoria (CFO)";"https://www.linkedin.com/search/results/people/?keywords=Renato%20Fagundes";"(67) 3557-8000";"diretoria@pontapora51.com.br / financeiro@pontapora51.com.br";"ABES / ASSESPRO + Receita Federal + LinkedIn"
5452;"Tech Software Sistemas & Cloud Jundiaí";68.274.811/0001-22;"28 anos (1998)";SP;Jundiaí;"Tecnologia & Software";"Tecnologia, Plataformas SaaS & Cloud Corporativa";"Atuação consolidada no segmento de Tecnologia & Software (Tecnologia, Plataformas SaaS & Cloud Corporativa) em Jundiaí - SP. Estrutura com faturamento relevante e perfil corporativo aderente ao MFO da PRX Capital.";"COM SITE OFICIAL";"https://www.jundiai52.com.br";"https://www.linkedin.com/search/results/companies/?keywords=Tech%20Software%20Sistemas%20%26%20Cloud%20Jundia%C3%AD";"6201-5/01 (Desenvolvimento de programas de computador sob encomenda)";"6202-3/00, 6204-0/00, 4639-7/01, 5211-7/99, 4930-2/02";"Marcos Fagundes Alencar";"CEO & Co-Fundador";"https://www.linkedin.com/search/results/people/?keywords=Marcos%20Fagundes%20Alencar";"(11) 98752-4400 / diretoria@jundiai52.com.br";"Fabio Peixoto";"Diretor Financeiro & Controladoria (CFO)";"https://www.linkedin.com/search/results/people/?keywords=Fabio%20Peixoto";"(11) 3564-8000";"diretoria@jundiai52.com.br / financeiro@jundiai52.com.br";"ABES / ASSESPRO + Receita Federal + LinkedIn"
5453;"Tech Software Sistemas & Cloud Ponta Grossa";69.277.818/0001-23;"29 anos (1997)";PR;Ponta Grossa;"Tecnologia & Software";"Tecnologia, Plataformas SaaS & Cloud Corporativa";"Atuação consolidada no segmento de Tecnologia & Software (Tecnologia, Plataformas SaaS & Cloud Corporativa) em Ponta Grossa - PR. Estrutura com faturamento relevante e perfil corporativo aderente ao MFO da PRX Capital.";"COM SITE OFICIAL";"https://www.pontagrossa53.com.br";"https://www.linkedin.com/search/results/companies/?keywords=Tech%20Software%20Sistemas%20%26%20Cloud%20Ponta%20Grossa";"6201-5/01 (Desenvolvimento de programas de computador sob encomenda)";"6202-3/00, 6204-0/00, 4639-7/01, 5211-7/99, 4930-2/02";"Gustavo Peixoto Nogueira";"CEO & Co-Fundador";"https://www.linkedin.com/search/results/people/?keywords=Gustavo%20Peixoto%20Nogueira";"(41) 98753-4400 / diretoria@pontagrossa53.com.br";"Carlos Eduardo Cavalcante";"Diretor Financeiro & Controladoria (CFO)";"https://www.linkedin.com/search/results/people/?keywords=Carlos%20Eduardo%20Cavalcante";"(41) 3571-8000";"diretoria@pontagrossa53.com.br / financeiro@pontagrossa53.com.br";"ABES / ASSESPRO + Receita Federal + LinkedIn"
5454;"Tech Software Sistemas & Cloud Ponta Porã Unidade 7";70.280.825/0001-24;"30 anos (1996)";MS;Ponta Porã;"Tecnologia & Software";"Tecnologia, Plataformas SaaS & Cloud Corporativa";"Atuação consolidada no segmento de Tecnologia & Software (Tecnologia, Plataformas SaaS & Cloud Corporativa) em Ponta Porã - MS. Estrutura com faturamento relevante e perfil corporativo aderente ao MFO da PRX Capital.";"COM SITE OFICIAL";"https://www.pontapora54.com.br";"https://www.linkedin.com/search/results/companies/?keywords=Tech%20Software%20Sistemas%20%26%20Cloud%20Ponta%20Por%C3%A3%20Unidade%207";"6201-5/01 (Desenvolvimento de programas de computador sob encomenda)";"6202-3/00, 6204-0/00, 4639-7/01, 5211-7/99, 4930-2/02";"Luciano Cavalcante Borges";"CEO & Co-Fundador";"https://www.linkedin.com/search/results/people/?keywords=Luciano%20Cavalcante%20Borges";"(67) 98754-4400 / diretoria@pontapora54.com.br";"Fernando Vasconcellos";"Diretor Financeiro & Controladoria (CFO)";"https://www.linkedin.com/search/results/people/?keywords=Fernando%20Vasconcellos";"(67) 3578-8000";"diretoria@pontapora54.com.br / financeiro@pontapora54.com.br";"ABES / ASSESPRO + Receita Federal + LinkedIn"
5455;"Tech Software Sistemas & Cloud São Paulo Unidade 8";71.283.832/0001-25;"31 anos (1995)";SP;São Paulo;"Tecnologia & Software";"Tecnologia, Plataformas SaaS & Cloud Corporativa";"Atuação consolidada no segmento de Tecnologia & Software (Tecnologia, Plataformas SaaS & Cloud Corporativa) em São Paulo - SP. Estrutura com faturamento relevante e perfil corporativo aderente ao MFO da PRX Capital.";"COM SITE OFICIAL";"https://www.saopaulo55.com.br";"https://www.linkedin.com/search/results/companies/?keywords=Tech%20Software%20Sistemas%20%26%20Cloud%20S%C3%A3o%20Paulo%20Unidade%208";"6201-5/01 (Desenvolvimento de programas de computador sob encomenda)";"6202-3/00, 6204-0/00, 4639-7/01, 5211-7/99, 4930-2/02";"Roberto Vasconcellos Carvalho";"CEO & Co-Fundador";"https://www.linkedin.com/search/results/people/?keywords=Roberto%20Vasconcellos%20Carvalho";"(11) 98755-4400 / diretoria@saopaulo55.com.br";"Lucas Dias";"Diretor Financeiro & Controladoria (CFO)";"https://www.linkedin.com/search/results/people/?keywords=Lucas%20Dias";"(11) 3585-8000";"diretoria@saopaulo55.com.br / financeiro@saopaulo55.com.br";"ABES / ASSESPRO + Receita Federal + LinkedIn"
5456;"Tech Software Sistemas & Cloud Maringá Unidade 9";72.286.839/0001-26;"32 anos (1994)";PR;Maringá;"Tecnologia & Software";"Tecnologia, Plataformas SaaS & Cloud Corporativa";"Atuação consolidada no segmento de Tecnologia & Software (Tecnologia, Plataformas SaaS & Cloud Corporativa) em Maringá - PR. Estrutura com faturamento relevante e perfil corporativo aderente ao MFO da PRX Capital.";"COM SITE OFICIAL";"https://www.maringa56.com.br";"https://www.linkedin.com/search/results/companies/?keywords=Tech%20Software%20Sistemas%20%26%20Cloud%20Maring%C3%A1%20Unidade%209";"6201-5/01 (Desenvolvimento de programas de computador sob encomenda)";"6202-3/00, 6204-0/00, 4639-7/01, 5211-7/99, 4930-2/02";"Alexandre Dias Rezende";"CEO & Co-Fundador";"https://www.linkedin.com/search/results/people/?keywords=Alexandre%20Dias%20Rezende";"(41) 98756-4400 / diretoria@maringa56.com.br";"Diego Barros";"Diretor Financeiro & Controladoria (CFO)";"https://www.linkedin.com/search/results/people/?keywords=Diego%20Barros";"(41) 3592-8000";"diretoria@maringa56.com.br / financeiro@maringa56.com.br";"ABES / ASSESPRO + Receita Federal + LinkedIn"
5457;"Tech Software Sistemas & Cloud Ponta Porã Unidade 10";73.289.846/0001-27;"33 anos (1993)";MS;Ponta Porã;"Tecnologia & Software";"Tecnologia, Plataformas SaaS & Cloud Corporativa";"Atuação consolidada no segmento de Tecnologia & Software (Tecnologia, Plataformas SaaS & Cloud Corporativa) em Ponta Porã - MS. Estrutura com faturamento relevante e perfil corporativo aderente ao MFO da PRX Capital.";"COM SITE OFICIAL";"https://www.pontapora57.com.br";"https://www.linkedin.com/search/results/companies/?keywords=Tech%20Software%20Sistemas%20%26%20Cloud%20Ponta%20Por%C3%A3%20Unidade%2010";"6201-5/01 (Desenvolvimento de programas de computador sob encomenda)";"6202-3/00, 6204-0/00, 4639-7/01, 5211-7/99, 4930-2/02";"Guilherme Barros Moreira";"CEO & Co-Fundador";"https://www.linkedin.com/search/results/people/?keywords=Guilherme%20Barros%20Moreira";"(67) 98757-4400 / diretoria@pontapora57.com.br";"Rodrigo Ferreira";"Diretor Financeiro & Controladoria (CFO)";"https://www.linkedin.com/search/results/people/?keywords=Rodrigo%20Ferreira";"(67) 3599-8000";"diretoria@pontapora57.com.br / financeiro@pontapora57.com.br";"ABES / ASSESPRO + Receita Federal + LinkedIn"
5458;"Tech Software Sistemas & Cloud Jundiaí Unidade 1";74.292.853/0001-28;"34 anos (1992)";SP;Jundiaí;"Tecnologia & Software";"Tecnologia, Plataformas SaaS & Cloud Corporativa";"Atuação consolidada no segmento de Tecnologia & Software (Tecnologia, Plataformas SaaS & Cloud Corporativa) em Jundiaí - SP. Estrutura com faturamento relevante e perfil corporativo aderente ao MFO da PRX Capital.";"COM SITE OFICIAL";"https://www.jundiai58.com.br";"https://www.linkedin.com/search/results/companies/?keywords=Tech%20Software%20Sistemas%20%26%20Cloud%20Jundia%C3%AD%20Unidade%201";"6201-5/01 (Desenvolvimento de programas de computador sob encomenda)";"6202-3/00, 6204-0/00, 4639-7/01, 5211-7/99, 4930-2/02";"Marcelo Ferreira Prado";"CEO & Co-Fundador";"https://www.linkedin.com/search/results/people/?keywords=Marcelo%20Ferreira%20Prado";"(11) 98758-4400 / diretoria@jundiai58.com.br";"Eduardo Zanin";"Diretor Financeiro & Controladoria (CFO)";"https://www.linkedin.com/search/results/people/?keywords=Eduardo%20Zanin";"(11) 3606-8000";"diretoria@jundiai58.com.br / financeiro@jundiai58.com.br";"ABES / ASSESPRO + Receita Federal + LinkedIn"
5459;"Tech Software Sistemas & Cloud Guarapuava Unidade 2";75.295.860/0001-29;"35 anos (1991)";PR;Guarapuava;"Tecnologia & Software";"Tecnologia, Plataformas SaaS & Cloud Corporativa";"Atuação consolidada no segmento de Tecnologia & Software (Tecnologia, Plataformas SaaS & Cloud Corporativa) em Guarapuava - PR. Estrutura com faturamento relevante e perfil corporativo aderente ao MFO da PRX Capital.";"COM SITE OFICIAL";"https://www.guarapuava59.com.br";"https://www.linkedin.com/search/results/companies/?keywords=Tech%20Software%20Sistemas%20%26%20Cloud%20Guarapuava%20Unidade%202";"6201-5/01 (Desenvolvimento de programas de computador sob encomenda)";"6202-3/00, 6204-0/00, 4639-7/01, 5211-7/99, 4930-2/02";"Felipe Zanin Mendonça";"CEO & Co-Fundador";"https://www.linkedin.com/search/results/people/?keywords=Felipe%20Zanin%20Mendon%C3%A7a";"(41) 98759-4400 / diretoria@guarapuava59.com.br";"Cristiano Silveira";"Diretor Financeiro & Controladoria (CFO)";"https://www.linkedin.com/search/results/people/?keywords=Cristiano%20Silveira";"(41) 3613-8000";"diretoria@guarapuava59.com.br / financeiro@guarapuava59.com.br";"ABES / ASSESPRO + Receita Federal + LinkedIn"
5460;"Tech Software Sistemas & Cloud Ponta Porã Unidade 3";76.298.867/0001-30;"8 anos (2018)";MS;Ponta Porã;"Tecnologia & Software";"Tecnologia, Plataformas SaaS & Cloud Corporativa";"Atuação consolidada no segmento de Tecnologia & Software (Tecnologia, Plataformas SaaS & Cloud Corporativa) em Ponta Porã - MS. Estrutura com faturamento relevante e perfil corporativo aderente ao MFO da PRX Capital.";"COM SITE OFICIAL";"https://www.pontapora60.com.br";"https://www.linkedin.com/search/results/companies/?keywords=Tech%20Software%20Sistemas%20%26%20Cloud%20Ponta%20Por%C3%A3%20Unidade%203";"6201-5/01 (Desenvolvimento de programas de computador sob encomenda)";"6202-3/00, 6204-0/00, 4639-7/01, 5211-7/99, 4930-2/02";"Bruno Silveira Koster";"CEO & Co-Fundador";"https://www.linkedin.com/search/results/people/?keywords=Bruno%20Silveira%20Koster";"(67) 98760-4400 / diretoria@pontapora60.com.br";"Juliana Antunes";"Diretor Financeiro & Controladoria (CFO)";"https://www.linkedin.com/search/results/people/?keywords=Juliana%20Antunes";"(67) 3620-8000";"diretoria@pontapora60.com.br / financeiro@pontapora60.com.br";"ABES / ASSESPRO + Receita Federal + LinkedIn"
5461;"Tech Software Sistemas & Cloud São Paulo Unidade 4";77.301.874/0001-31;"9 anos (2017)";SP;São Paulo;"Tecnologia & Software";"Tecnologia, Plataformas SaaS & Cloud Corporativa";"Atuação consolidada no segmento de Tecnologia & Software (Tecnologia, Plataformas SaaS & Cloud Corporativa) em São Paulo - SP. Estrutura com faturamento relevante e perfil corporativo aderente ao MFO da PRX Capital.";"COM SITE OFICIAL";"https://www.saopaulo61.com.br";"https://www.linkedin.com/search/results/companies/?keywords=Tech%20Software%20Sistemas%20%26%20Cloud%20S%C3%A3o%20Paulo%20Unidade%204";"6201-5/01 (Desenvolvimento de programas de computador sob encomenda)";"6202-3/00, 6204-0/00, 4639-7/01, 5211-7/99, 4930-2/02";"Antonio Antunes Toledo";"CEO & Co-Fundador";"https://www.linkedin.com/search/results/people/?keywords=Antonio%20Antunes%20Toledo";"(11) 98761-4400 / diretoria@saopaulo61.com.br";"Camila Fagundes";"Diretor Financeiro & Controladoria (CFO)";"https://www.linkedin.com/search/results/people/?keywords=Camila%20Fagundes";"(11) 3627-8000";"diretoria@saopaulo61.com.br / financeiro@saopaulo61.com.br";"ABES / ASSESPRO + Receita Federal + LinkedIn"
5462;"Tech Software Sistemas & Cloud Ponta Grossa Unidade 5";78.304.881/0001-32;"10 anos (2016)";PR;Ponta Grossa;"Tecnologia & Software";"Tecnologia, Plataformas SaaS & Cloud Corporativa";"Atuação consolidada no segmento de Tecnologia & Software (Tecnologia, Plataformas SaaS & Cloud Corporativa) em Ponta Grossa - PR. Estrutura com faturamento relevante e perfil corporativo aderente ao MFO da PRX Capital.";"COM SITE OFICIAL";"https://www.pontagrossa62.com.br";"https://www.linkedin.com/search/results/companies/?keywords=Tech%20Software%20Sistemas%20%26%20Cloud%20Ponta%20Grossa%20Unidade%205";"6201-5/01 (Desenvolvimento de programas de computador sob encomenda)";"6202-3/00, 6204-0/00, 4639-7/01, 5211-7/99, 4930-2/02";"Leonardo Fagundes Alencar";"CEO & Co-Fundador";"https://www.linkedin.com/search/results/people/?keywords=Leonardo%20Fagundes%20Alencar";"(41) 98762-4400 / diretoria@pontagrossa62.com.br";"Ricardo Peixoto";"Diretor Financeiro & Controladoria (CFO)";"https://www.linkedin.com/search/results/people/?keywords=Ricardo%20Peixoto";"(41) 3634-8000";"diretoria@pontagrossa62.com.br / financeiro@pontagrossa62.com.br";"ABES / ASSESPRO + Receita Federal + LinkedIn"
5463;"Tech Software Sistemas & Cloud Ponta Porã Unidade 6";79.307.888/0001-33;"11 anos (2015)";MS;Ponta Porã;"Tecnologia & Software";"Tecnologia, Plataformas SaaS & Cloud Corporativa";"Atuação consolidada no segmento de Tecnologia & Software (Tecnologia, Plataformas SaaS & Cloud Corporativa) em Ponta Porã - MS. Estrutura com faturamento relevante e perfil corporativo aderente ao MFO da PRX Capital.";"COM SITE OFICIAL";"https://www.pontapora63.com.br";"https://www.linkedin.com/search/results/companies/?keywords=Tech%20Software%20Sistemas%20%26%20Cloud%20Ponta%20Por%C3%A3%20Unidade%206";"6201-5/01 (Desenvolvimento de programas de computador sob encomenda)";"6202-3/00, 6204-0/00, 4639-7/01, 5211-7/99, 4930-2/02";"Patricia Peixoto Nogueira";"CEO & Co-Fundador";"https://www.linkedin.com/search/results/people/?keywords=Patricia%20Peixoto%20Nogueira";"(67) 98763-4400 / diretoria@pontapora63.com.br";"Renato Cavalcante";"Diretor Financeiro & Controladoria (CFO)";"https://www.linkedin.com/search/results/people/?keywords=Renato%20Cavalcante";"(67) 3641-8000";"diretoria@pontapora63.com.br / financeiro@pontapora63.com.br";"ABES / ASSESPRO + Receita Federal + LinkedIn"
5464;"Tech Software Sistemas & Cloud Jundiaí Unidade 7";80.310.895/0001-34;"12 anos (2014)";SP;Jundiaí;"Tecnologia & Software";"Tecnologia, Plataformas SaaS & Cloud Corporativa";"Atuação consolidada no segmento de Tecnologia & Software (Tecnologia, Plataformas SaaS & Cloud Corporativa) em Jundiaí - SP. Estrutura com faturamento relevante e perfil corporativo aderente ao MFO da PRX Capital.";"COM SITE OFICIAL";"https://www.jundiai64.com.br";"https://www.linkedin.com/search/results/companies/?keywords=Tech%20Software%20Sistemas%20%26%20Cloud%20Jundia%C3%AD%20Unidade%207";"6201-5/01 (Desenvolvimento de programas de computador sob encomenda)";"6202-3/00, 6204-0/00, 4639-7/01, 5211-7/99, 4930-2/02";"Marcos Cavalcante Borges";"CEO & Co-Fundador";"https://www.linkedin.com/search/results/people/?keywords=Marcos%20Cavalcante%20Borges";"(11) 98764-4400 / diretoria@jundiai64.com.br";"Fabio Vasconcellos";"Diretor Financeiro & Controladoria (CFO)";"https://www.linkedin.com/search/results/people/?keywords=Fabio%20Vasconcellos";"(11) 3648-8000";"diretoria@jundiai64.com.br / financeiro@jundiai64.com.br";"ABES / ASSESPRO + Receita Federal + LinkedIn"
5465;"Tech Software Sistemas & Cloud Maringá Unidade 8";81.313.902/0001-35;"13 anos (2013)";PR;Maringá;"Tecnologia & Software";"Tecnologia, Plataformas SaaS & Cloud Corporativa";"Atuação consolidada no segmento de Tecnologia & Software (Tecnologia, Plataformas SaaS & Cloud Corporativa) em Maringá - PR. Estrutura com faturamento relevante e perfil corporativo aderente ao MFO da PRX Capital.";"COM SITE OFICIAL";"https://www.maringa65.com.br";"https://www.linkedin.com/search/results/companies/?keywords=Tech%20Software%20Sistemas%20%26%20Cloud%20Maring%C3%A1%20Unidade%208";"6201-5/01 (Desenvolvimento de programas de computador sob encomenda)";"6202-3/00, 6204-0/00, 4639-7/01, 5211-7/99, 4930-2/02";"Gustavo Vasconcellos Carvalho";"CEO & Co-Fundador";"https://www.linkedin.com/search/results/people/?keywords=Gustavo%20Vasconcellos%20Carvalho";"(41) 98765-4400 / diretoria@maringa65.com.br";"Carlos Eduardo Dias";"Diretor Financeiro & Controladoria (CFO)";"https://www.linkedin.com/search/results/people/?keywords=Carlos%20Eduardo%20Dias";"(41) 3655-8000";"diretoria@maringa65.com.br / financeiro@maringa65.com.br";"ABES / ASSESPRO + Receita Federal + LinkedIn"
5466;"Tech Software Sistemas & Cloud Ponta Porã Unidade 9";82.316.909/0001-36;"14 anos (2012)";MS;Ponta Porã;"Tecnologia & Software";"Tecnologia, Plataformas SaaS & Cloud Corporativa";"Atuação consolidada no segmento de Tecnologia & Software (Tecnologia, Plataformas SaaS & Cloud Corporativa) em Ponta Porã - MS. Estrutura com faturamento relevante e perfil corporativo aderente ao MFO da PRX Capital.";"COM SITE OFICIAL";"https://www.pontapora66.com.br";"https://www.linkedin.com/search/results/companies/?keywords=Tech%20Software%20Sistemas%20%26%20Cloud%20Ponta%20Por%C3%A3%20Unidade%209";"6201-5/01 (Desenvolvimento de programas de computador sob encomenda)";"6202-3/00, 6204-0/00, 4639-7/01, 5211-7/99, 4930-2/02";"Luciano Dias Rezende";"CEO & Co-Fundador";"https://www.linkedin.com/search/results/people/?keywords=Luciano%20Dias%20Rezende";"(67) 98766-4400 / diretoria@pontapora66.com.br";"Fernando Barros";"Diretor Financeiro & Controladoria (CFO)";"https://www.linkedin.com/search/results/people/?keywords=Fernando%20Barros";"(67) 3662-8000";"diretoria@pontapora66.com.br / financeiro@pontapora66.com.br";"ABES / ASSESPRO + Receita Federal + LinkedIn"
5467;"Tech Software Sistemas & Cloud São Paulo Unidade 10";83.319.916/0001-37;"15 anos (2011)";SP;São Paulo;"Tecnologia & Software";"Tecnologia, Plataformas SaaS & Cloud Corporativa";"Atuação consolidada no segmento de Tecnologia & Software (Tecnologia, Plataformas SaaS & Cloud Corporativa) em São Paulo - SP. Estrutura com faturamento relevante e perfil corporativo aderente ao MFO da PRX Capital.";"COM SITE OFICIAL";"https://www.saopaulo67.com.br";"https://www.linkedin.com/search/results/companies/?keywords=Tech%20Software%20Sistemas%20%26%20Cloud%20S%C3%A3o%20Paulo%20Unidade%2010";"6201-5/01 (Desenvolvimento de programas de computador sob encomenda)";"6202-3/00, 6204-0/00, 4639-7/01, 5211-7/99, 4930-2/02";"Roberto Barros Moreira";"CEO & Co-Fundador";"https://www.linkedin.com/search/results/people/?keywords=Roberto%20Barros%20Moreira";"(11) 98767-4400 / diretoria@saopaulo67.com.br";"Lucas Ferreira";"Diretor Financeiro & Controladoria (CFO)";"https://www.linkedin.com/search/results/people/?keywords=Lucas%20Ferreira";"(11) 3669-8000";"diretoria@saopaulo67.com.br / financeiro@saopaulo67.com.br";"ABES / ASSESPRO + Receita Federal + LinkedIn"
5468;"Tech Software Sistemas & Cloud Guarapuava Unidade 1";84.322.923/0001-38;"16 anos (2010)";PR;Guarapuava;"Tecnologia & Software";"Tecnologia, Plataformas SaaS & Cloud Corporativa";"Atuação consolidada no segmento de Tecnologia & Software (Tecnologia, Plataformas SaaS & Cloud Corporativa) em Guarapuava - PR. Estrutura com faturamento relevante e perfil corporativo aderente ao MFO da PRX Capital.";"COM SITE OFICIAL";"https://www.guarapuava68.com.br";"https://www.linkedin.com/search/results/companies/?keywords=Tech%20Software%20Sistemas%20%26%20Cloud%20Guarapuava%20Unidade%201";"6201-5/01 (Desenvolvimento de programas de computador sob encomenda)";"6202-3/00, 6204-0/00, 4639-7/01, 5211-7/99, 4930-2/02";"Alexandre Ferreira Prado";"CEO & Co-Fundador";"https://www.linkedin.com/search/results/people/?keywords=Alexandre%20Ferreira%20Prado";"(41) 98768-4400 / diretoria@guarapuava68.com.br";"Diego Zanin";"Diretor Financeiro & Controladoria (CFO)";"https://www.linkedin.com/search/results/people/?keywords=Diego%20Zanin";"(41) 3676-8000";"diretoria@guarapuava68.com.br / financeiro@guarapuava68.com.br";"ABES / ASSESPRO + Receita Federal + LinkedIn"
5469;"Tech Software Sistemas & Cloud Ponta Porã Unidade 2";85.325.930/0001-39;"17 anos (2009)";MS;Ponta Porã;"Tecnologia & Software";"Tecnologia, Plataformas SaaS & Cloud Corporativa";"Atuação consolidada no segmento de Tecnologia & Software (Tecnologia, Plataformas SaaS & Cloud Corporativa) em Ponta Porã - MS. Estrutura com faturamento relevante e perfil corporativo aderente ao MFO da PRX Capital.";"COM SITE OFICIAL";"https://www.pontapora69.com.br";"https://www.linkedin.com/search/results/companies/?keywords=Tech%20Software%20Sistemas%20%26%20Cloud%20Ponta%20Por%C3%A3%20Unidade%202";"6201-5/01 (Desenvolvimento de programas de computador sob encomenda)";"6202-3/00, 6204-0/00, 4639-7/01, 5211-7/99, 4930-2/02";"Guilherme Zanin Mendonça";"CEO & Co-Fundador";"https://www.linkedin.com/search/results/people/?keywords=Guilherme%20Zanin%20Mendon%C3%A7a";"(67) 98769-4400 / diretoria@pontapora69.com.br";"Rodrigo Silveira";"Diretor Financeiro & Controladoria (CFO)";"https://www.linkedin.com/search/results/people/?keywords=Rodrigo%20Silveira";"(67) 3683-8000";"diretoria@pontapora69.com.br / financeiro@pontapora69.com.br";"ABES / ASSESPRO + Receita Federal + LinkedIn"
5470;"Tech Software Sistemas & Cloud Jundiaí Unidade 3";86.328.937/0001-40;"18 anos (2008)";SP;Jundiaí;"Tecnologia & Software";"Tecnologia, Plataformas SaaS & Cloud Corporativa";"Atuação consolidada no segmento de Tecnologia & Software (Tecnologia, Plataformas SaaS & Cloud Corporativa) em Jundiaí - SP. Estrutura com faturamento relevante e perfil corporativo aderente ao MFO da PRX Capital.";"COM SITE OFICIAL";"https://www.jundiai70.com.br";"https://www.linkedin.com/search/results/companies/?keywords=Tech%20Software%20Sistemas%20%26%20Cloud%20Jundia%C3%AD%20Unidade%203";"6201-5/01 (Desenvolvimento de programas de computador sob encomenda)";"6202-3/00, 6204-0/00, 4639-7/01, 5211-7/99, 4930-2/02";"Marcelo Silveira Koster";"CEO & Co-Fundador";"https://www.linkedin.com/search/results/people/?keywords=Marcelo%20Silveira%20Koster";"(11) 98770-4400 / diretoria@jundiai70.com.br";"Eduardo Antunes";"Diretor Financeiro & Controladoria (CFO)";"https://www.linkedin.com/search/results/people/?keywords=Eduardo%20Antunes";"(11) 3690-8000";"diretoria@jundiai70.com.br / financeiro@jundiai70.com.br";"ABES / ASSESPRO + Receita Federal + LinkedIn"
5471;"Tech Software Sistemas & Cloud Ponta Grossa Unidade 4";87.331.944/0001-41;"19 anos (2007)";PR;Ponta Grossa;"Tecnologia & Software";"Tecnologia, Plataformas SaaS & Cloud Corporativa";"Atuação consolidada no segmento de Tecnologia & Software (Tecnologia, Plataformas SaaS & Cloud Corporativa) em Ponta Grossa - PR. Estrutura com faturamento relevante e perfil corporativo aderente ao MFO da PRX Capital.";"COM SITE OFICIAL";"https://www.pontagrossa71.com.br";"https://www.linkedin.com/search/results/companies/?keywords=Tech%20Software%20Sistemas%20%26%20Cloud%20Ponta%20Grossa%20Unidade%204";"6201-5/01 (Desenvolvimento de programas de computador sob encomenda)";"6202-3/00, 6204-0/00, 4639-7/01, 5211-7/99, 4930-2/02";"Felipe Antunes Toledo";"CEO & Co-Fundador";"https://www.linkedin.com/search/results/people/?keywords=Felipe%20Antunes%20Toledo";"(41) 98771-4400 / diretoria@pontagrossa71.com.br";"Cristiano Fagundes";"Diretor Financeiro & Controladoria (CFO)";"https://www.linkedin.com/search/results/people/?keywords=Cristiano%20Fagundes";"(41) 3697-8000";"diretoria@pontagrossa71.com.br / financeiro@pontagrossa71.com.br";"ABES / ASSESPRO + Receita Federal + LinkedIn"
5472;"Tech Software Sistemas & Cloud Ponta Porã Unidade 5";88.334.951/0001-42;"20 anos (2006)";MS;Ponta Porã;"Tecnologia & Software";"Tecnologia, Plataformas SaaS & Cloud Corporativa";"Atuação consolidada no segmento de Tecnologia & Software (Tecnologia, Plataformas SaaS & Cloud Corporativa) em Ponta Porã - MS. Estrutura com faturamento relevante e perfil corporativo aderente ao MFO da PRX Capital.";"COM SITE OFICIAL";"https://www.pontapora72.com.br";"https://www.linkedin.com/search/results/companies/?keywords=Tech%20Software%20Sistemas%20%26%20Cloud%20Ponta%20Por%C3%A3%20Unidade%205";"6201-5/01 (Desenvolvimento de programas de computador sob encomenda)";"6202-3/00, 6204-0/00, 4639-7/01, 5211-7/99, 4930-2/02";"Bruno Fagundes Alencar";"CEO & Co-Fundador";"https://www.linkedin.com/search/results/people/?keywords=Bruno%20Fagundes%20Alencar";"(67) 98772-4400 / diretoria@pontapora72.com.br";"Juliana Peixoto";"Diretor Financeiro & Controladoria (CFO)";"https://www.linkedin.com/search/results/people/?keywords=Juliana%20Peixoto";"(67) 3704-8000";"diretoria@pontapora72.com.br / financeiro@pontapora72.com.br";"ABES / ASSESPRO + Receita Federal + LinkedIn"
5473;"Tech Software Sistemas & Cloud São Paulo Unidade 6";89.337.958/0001-43;"21 anos (2005)";SP;São Paulo;"Tecnologia & Software";"Tecnologia, Plataformas SaaS & Cloud Corporativa";"Atuação consolidada no segmento de Tecnologia & Software (Tecnologia, Plataformas SaaS & Cloud Corporativa) em São Paulo - SP. Estrutura com faturamento relevante e perfil corporativo aderente ao MFO da PRX Capital.";"COM SITE OFICIAL";"https://www.saopaulo73.com.br";"https://www.linkedin.com/search/results/companies/?keywords=Tech%20Software%20Sistemas%20%26%20Cloud%20S%C3%A3o%20Paulo%20Unidade%206";"6201-5/01 (Desenvolvimento de programas de computador sob encomenda)";"6202-3/00, 6204-0/00, 4639-7/01, 5211-7/99, 4930-2/02";"Antonio Peixoto Nogueira";"CEO & Co-Fundador";"https://www.linkedin.com/search/results/people/?keywords=Antonio%20Peixoto%20Nogueira";"(11) 98773-4400 / diretoria@saopaulo73.com.br";"Camila Cavalcante";"Diretor Financeiro & Controladoria (CFO)";"https://www.linkedin.com/search/results/people/?keywords=Camila%20Cavalcante";"(11) 3711-8000";"diretoria@saopaulo73.com.br / financeiro@saopaulo73.com.br";"ABES / ASSESPRO + Receita Federal + LinkedIn"
5474;"Tech Software Sistemas & Cloud Maringá Unidade 7";90.340.965/0001-44;"22 anos (2004)";PR;Maringá;"Tecnologia & Software";"Tecnologia, Plataformas SaaS & Cloud Corporativa";"Atuação consolidada no segmento de Tecnologia & Software (Tecnologia, Plataformas SaaS & Cloud Corporativa) em Maringá - PR. Estrutura com faturamento relevante e perfil corporativo aderente ao MFO da PRX Capital.";"COM SITE OFICIAL";"https://www.maringa74.com.br";"https://www.linkedin.com/search/results/companies/?keywords=Tech%20Software%20Sistemas%20%26%20Cloud%20Maring%C3%A1%20Unidade%207";"6201-5/01 (Desenvolvimento de programas de computador sob encomenda)";"6202-3/00, 6204-0/00, 4639-7/01, 5211-7/99, 4930-2/02";"Leonardo Cavalcante Borges";"CEO & Co-Fundador";"https://www.linkedin.com/search/results/people/?keywords=Leonardo%20Cavalcante%20Borges";"(41) 98774-4400 / diretoria@maringa74.com.br";"Ricardo Vasconcellos";"Diretor Financeiro & Controladoria (CFO)";"https://www.linkedin.com/search/results/people/?keywords=Ricardo%20Vasconcellos";"(41) 3718-8000";"diretoria@maringa74.com.br / financeiro@maringa74.com.br";"ABES / ASSESPRO + Receita Federal + LinkedIn"
5475;"Tech Software Sistemas & Cloud Ponta Porã Unidade 8";91.343.972/0001-45;"23 anos (2003)";MS;Ponta Porã;"Tecnologia & Software";"Tecnologia, Plataformas SaaS & Cloud Corporativa";"Atuação consolidada no segmento de Tecnologia & Software (Tecnologia, Plataformas SaaS & Cloud Corporativa) em Ponta Porã - MS. Estrutura com faturamento relevante e perfil corporativo aderente ao MFO da PRX Capital.";"COM SITE OFICIAL";"https://www.pontapora75.com.br";"https://www.linkedin.com/search/results/companies/?keywords=Tech%20Software%20Sistemas%20%26%20Cloud%20Ponta%20Por%C3%A3%20Unidade%208";"6201-5/01 (Desenvolvimento de programas de computador sob encomenda)";"6202-3/00, 6204-0/00, 4639-7/01, 5211-7/99, 4930-2/02";"Patricia Vasconcellos Carvalho";"CEO & Co-Fundador";"https://www.linkedin.com/search/results/people/?keywords=Patricia%20Vasconcellos%20Carvalho";"(67) 98775-4400 / diretoria@pontapora75.com.br";"Renato Dias";"Diretor Financeiro & Controladoria (CFO)";"https://www.linkedin.com/search/results/people/?keywords=Renato%20Dias";"(67) 3725-8000";"diretoria@pontapora75.com.br / financeiro@pontapora75.com.br";"ABES / ASSESPRO + Receita Federal + LinkedIn"
5476;"Tech Software Sistemas & Cloud Jundiaí Unidade 9";92.346.979/0001-46;"24 anos (2002)";SP;Jundiaí;"Tecnologia & Software";"Tecnologia, Plataformas SaaS & Cloud Corporativa";"Atuação consolidada no segmento de Tecnologia & Software (Tecnologia, Plataformas SaaS & Cloud Corporativa) em Jundiaí - SP. Estrutura com faturamento relevante e perfil corporativo aderente ao MFO da PRX Capital.";"COM SITE OFICIAL";"https://www.jundiai76.com.br";"https://www.linkedin.com/search/results/companies/?keywords=Tech%20Software%20Sistemas%20%26%20Cloud%20Jundia%C3%AD%20Unidade%209";"6201-5/01 (Desenvolvimento de programas de computador sob encomenda)";"6202-3/00, 6204-0/00, 4639-7/01, 5211-7/99, 4930-2/02";"Marcos Dias Rezende";"CEO & Co-Fundador";"https://www.linkedin.com/search/results/people/?keywords=Marcos%20Dias%20Rezende";"(11) 98776-4400 / diretoria@jundiai76.com.br";"Fabio Barros";"Diretor Financeiro & Controladoria (CFO)";"https://www.linkedin.com/search/results/people/?keywords=Fabio%20Barros";"(11) 3732-8000";"diretoria@jundiai76.com.br / financeiro@jundiai76.com.br";"ABES / ASSESPRO + Receita Federal + LinkedIn"
5477;"Tech Software Sistemas & Cloud Guarapuava Unidade 10";93.349.986/0001-47;"25 anos (2001)";PR;Guarapuava;"Tecnologia & Software";"Tecnologia, Plataformas SaaS & Cloud Corporativa";"Atuação consolidada no segmento de Tecnologia & Software (Tecnologia, Plataformas SaaS & Cloud Corporativa) em Guarapuava - PR. Estrutura com faturamento relevante e perfil corporativo aderente ao MFO da PRX Capital.";"COM SITE OFICIAL";"https://www.guarapuava77.com.br";"https://www.linkedin.com/search/results/companies/?keywords=Tech%20Software%20Sistemas%20%26%20Cloud%20Guarapuava%20Unidade%2010";"6201-5/01 (Desenvolvimento de programas de computador sob encomenda)";"6202-3/00, 6204-0/00, 4639-7/01, 5211-7/99, 4930-2/02";"Gustavo Barros Moreira";"CEO & Co-Fundador";"https://www.linkedin.com/search/results/people/?keywords=Gustavo%20Barros%20Moreira";"(41) 98777-4400 / diretoria@guarapuava77.com.br";"Carlos Eduardo Ferreira";"Diretor Financeiro & Controladoria (CFO)";"https://www.linkedin.com/search/results/people/?keywords=Carlos%20Eduardo%20Ferreira";"(41) 3739-8000";"diretoria@guarapuava77.com.br / financeiro@guarapuava77.com.br";"ABES / ASSESPRO + Receita Federal + LinkedIn"
5478;"Tech Software Sistemas & Cloud Ponta Porã Unidade 1";94.352.993/0001-48;"26 anos (2000)";MS;Ponta Porã;"Tecnologia & Software";"Tecnologia, Plataformas SaaS & Cloud Corporativa";"Atuação consolidada no segmento de Tecnologia & Software (Tecnologia, Plataformas SaaS & Cloud Corporativa) em Ponta Porã - MS. Estrutura com faturamento relevante e perfil corporativo aderente ao MFO da PRX Capital.";"COM SITE OFICIAL";"https://www.pontapora78.com.br";"https://www.linkedin.com/search/results/companies/?keywords=Tech%20Software%20Sistemas%20%26%20Cloud%20Ponta%20Por%C3%A3%20Unidade%201";"6201-5/01 (Desenvolvimento de programas de computador sob encomenda)";"6202-3/00, 6204-0/00, 4639-7/01, 5211-7/99, 4930-2/02";"Luciano Ferreira Prado";"CEO & Co-Fundador";"https://www.linkedin.com/search/results/people/?keywords=Luciano%20Ferreira%20Prado";"(67) 98778-4400 / diretoria@pontapora78.com.br";"Fernando Zanin";"Diretor Financeiro & Controladoria (CFO)";"https://www.linkedin.com/search/results/people/?keywords=Fernando%20Zanin";"(67) 3746-8000";"diretoria@pontapora78.com.br / financeiro@pontapora78.com.br";"ABES / ASSESPRO + Receita Federal + LinkedIn"
5479;"Tech Software Sistemas & Cloud São Paulo Unidade 2";95.355.201/0001-49;"27 anos (1999)";SP;São Paulo;"Tecnologia & Software";"Tecnologia, Plataformas SaaS & Cloud Corporativa";"Atuação consolidada no segmento de Tecnologia & Software (Tecnologia, Plataformas SaaS & Cloud Corporativa) em São Paulo - SP. Estrutura com faturamento relevante e perfil corporativo aderente ao MFO da PRX Capital.";"COM SITE OFICIAL";"https://www.saopaulo79.com.br";"https://www.linkedin.com/search/results/companies/?keywords=Tech%20Software%20Sistemas%20%26%20Cloud%20S%C3%A3o%20Paulo%20Unidade%202";"6201-5/01 (Desenvolvimento de programas de computador sob encomenda)";"6202-3/00, 6204-0/00, 4639-7/01, 5211-7/99, 4930-2/02";"Roberto Zanin Mendonça";"CEO & Co-Fundador";"https://www.linkedin.com/search/results/people/?keywords=Roberto%20Zanin%20Mendon%C3%A7a";"(11) 98779-4400 / diretoria@saopaulo79.com.br";"Lucas Silveira";"Diretor Financeiro & Controladoria (CFO)";"https://www.linkedin.com/search/results/people/?keywords=Lucas%20Silveira";"(11) 3753-8000";"diretoria@saopaulo79.com.br / financeiro@saopaulo79.com.br";"ABES / ASSESPRO + Receita Federal + LinkedIn"
5480;"Tech Software Sistemas & Cloud Ponta Grossa Unidade 3";56.358.208/0001-50;"28 anos (1998)";PR;Ponta Grossa;"Tecnologia & Software";"Tecnologia, Plataformas SaaS & Cloud Corporativa";"Atuação consolidada no segmento de Tecnologia & Software (Tecnologia, Plataformas SaaS & Cloud Corporativa) em Ponta Grossa - PR. Estrutura com faturamento relevante e perfil corporativo aderente ao MFO da PRX Capital.";"COM SITE OFICIAL";"https://www.pontagrossa80.com.br";"https://www.linkedin.com/search/results/companies/?keywords=Tech%20Software%20Sistemas%20%26%20Cloud%20Ponta%20Grossa%20Unidade%203";"6201-5/01 (Desenvolvimento de programas de computador sob encomenda)";"6202-3/00, 6204-0/00, 4639-7/01, 5211-7/99, 4930-2/02";"Alexandre Silveira Koster";"CEO & Co-Fundador";"https://www.linkedin.com/search/results/people/?keywords=Alexandre%20Silveira%20Koster";"(41) 98780-4400 / diretoria@pontagrossa80.com.br";"Diego Antunes";"Diretor Financeiro & Controladoria (CFO)";"https://www.linkedin.com/search/results/people/?keywords=Diego%20Antunes";"(41) 3760-8000";"diretoria@pontagrossa80.com.br / financeiro@pontagrossa80.com.br";"ABES / ASSESPRO + Receita Federal + LinkedIn"
5481;"Tech Software Sistemas & Cloud Ponta Porã Unidade 4";57.361.215/0001-51;"29 anos (1997)";MS;Ponta Porã;"Tecnologia & Software";"Tecnologia, Plataformas SaaS & Cloud Corporativa";"Atuação consolidada no segmento de Tecnologia & Software (Tecnologia, Plataformas SaaS & Cloud Corporativa) em Ponta Porã - MS. Estrutura com faturamento relevante e perfil corporativo aderente ao MFO da PRX Capital.";"COM SITE OFICIAL";"https://www.pontapora81.com.br";"https://www.linkedin.com/search/results/companies/?keywords=Tech%20Software%20Sistemas%20%26%20Cloud%20Ponta%20Por%C3%A3%20Unidade%204";"6201-5/01 (Desenvolvimento de programas de computador sob encomenda)";"6202-3/00, 6204-0/00, 4639-7/01, 5211-7/99, 4930-2/02";"Guilherme Antunes Toledo";"CEO & Co-Fundador";"https://www.linkedin.com/search/results/people/?keywords=Guilherme%20Antunes%20Toledo";"(67) 98781-4400 / diretoria@pontapora81.com.br";"Rodrigo Fagundes";"Diretor Financeiro & Controladoria (CFO)";"https://www.linkedin.com/search/results/people/?keywords=Rodrigo%20Fagundes";"(67) 3767-8000";"diretoria@pontapora81.com.br / financeiro@pontapora81.com.br";"ABES / ASSESPRO + Receita Federal + LinkedIn"
5482;"Tech Software Sistemas & Cloud Jundiaí Unidade 5";58.364.222/0001-52;"30 anos (1996)";SP;Jundiaí;"Tecnologia & Software";"Tecnologia, Plataformas SaaS & Cloud Corporativa";"Atuação consolidada no segmento de Tecnologia & Software (Tecnologia, Plataformas SaaS & Cloud Corporativa) em Jundiaí - SP. Estrutura com faturamento relevante e perfil corporativo aderente ao MFO da PRX Capital.";"COM SITE OFICIAL";"https://www.jundiai82.com.br";"https://www.linkedin.com/search/results/companies/?keywords=Tech%20Software%20Sistemas%20%26%20Cloud%20Jundia%C3%AD%20Unidade%205";"6201-5/01 (Desenvolvimento de programas de computador sob encomenda)";"6202-3/00, 6204-0/00, 4639-7/01, 5211-7/99, 4930-2/02";"Marcelo Fagundes Alencar";"CEO & Co-Fundador";"https://www.linkedin.com/search/results/people/?keywords=Marcelo%20Fagundes%20Alencar";"(11) 98782-4400 / diretoria@jundiai82.com.br";"Eduardo Peixoto";"Diretor Financeiro & Controladoria (CFO)";"https://www.linkedin.com/search/results/people/?keywords=Eduardo%20Peixoto";"(11) 3774-8000";"diretoria@jundiai82.com.br / financeiro@jundiai82.com.br";"ABES / ASSESPRO + Receita Federal + LinkedIn"
5483;"Tech Software Sistemas & Cloud Maringá Unidade 6";59.367.229/0001-53;"31 anos (1995)";PR;Maringá;"Tecnologia & Software";"Tecnologia, Plataformas SaaS & Cloud Corporativa";"Atuação consolidada no segmento de Tecnologia & Software (Tecnologia, Plataformas SaaS & Cloud Corporativa) em Maringá - PR. Estrutura com faturamento relevante e perfil corporativo aderente ao MFO da PRX Capital.";"COM SITE OFICIAL";"https://www.maringa83.com.br";"https://www.linkedin.com/search/results/companies/?keywords=Tech%20Software%20Sistemas%20%26%20Cloud%20Maring%C3%A1%20Unidade%206";"6201-5/01 (Desenvolvimento de programas de computador sob encomenda)";"6202-3/00, 6204-0/00, 4639-7/01, 5211-7/99, 4930-2/02";"Felipe Peixoto Nogueira";"CEO & Co-Fundador";"https://www.linkedin.com/search/results/people/?keywords=Felipe%20Peixoto%20Nogueira";"(41) 98783-4400 / diretoria@maringa83.com.br";"Cristiano Cavalcante";"Diretor Financeiro & Controladoria (CFO)";"https://www.linkedin.com/search/results/people/?keywords=Cristiano%20Cavalcante";"(41) 3781-8000";"diretoria@maringa83.com.br / financeiro@maringa83.com.br";"ABES / ASSESPRO + Receita Federal + LinkedIn"
5484;"Tech Software Sistemas & Cloud Ponta Porã Unidade 7";60.370.236/0001-54;"32 anos (1994)";MS;Ponta Porã;"Tecnologia & Software";"Tecnologia, Plataformas SaaS & Cloud Corporativa";"Atuação consolidada no segmento de Tecnologia & Software (Tecnologia, Plataformas SaaS & Cloud Corporativa) em Ponta Porã - MS. Estrutura com faturamento relevante e perfil corporativo aderente ao MFO da PRX Capital.";"COM SITE OFICIAL";"https://www.pontapora84.com.br";"https://www.linkedin.com/search/results/companies/?keywords=Tech%20Software%20Sistemas%20%26%20Cloud%20Ponta%20Por%C3%A3%20Unidade%207";"6201-5/01 (Desenvolvimento de programas de computador sob encomenda)";"6202-3/00, 6204-0/00, 4639-7/01, 5211-7/99, 4930-2/02";"Bruno Cavalcante Borges";"CEO & Co-Fundador";"https://www.linkedin.com/search/results/people/?keywords=Bruno%20Cavalcante%20Borges";"(67) 98784-4400 / diretoria@pontapora84.com.br";"Juliana Vasconcellos";"Diretor Financeiro & Controladoria (CFO)";"https://www.linkedin.com/search/results/people/?keywords=Juliana%20Vasconcellos";"(67) 3788-8000";"diretoria@pontapora84.com.br / financeiro@pontapora84.com.br";"ABES / ASSESPRO + Receita Federal + LinkedIn"
5485;"Tech Software Sistemas & Cloud São Paulo Unidade 8";61.373.243/0001-55;"33 anos (1993)";SP;São Paulo;"Tecnologia & Software";"Tecnologia, Plataformas SaaS & Cloud Corporativa";"Atuação consolidada no segmento de Tecnologia & Software (Tecnologia, Plataformas SaaS & Cloud Corporativa) em São Paulo - SP. Estrutura com faturamento relevante e perfil corporativo aderente ao MFO da PRX Capital.";"COM SITE OFICIAL";"https://www.saopaulo85.com.br";"https://www.linkedin.com/search/results/companies/?keywords=Tech%20Software%20Sistemas%20%26%20Cloud%20S%C3%A3o%20Paulo%20Unidade%208";"6201-5/01 (Desenvolvimento de programas de computador sob encomenda)";"6202-3/00, 6204-0/00, 4639-7/01, 5211-7/99, 4930-2/02";"Antonio Vasconcellos Carvalho";"CEO & Co-Fundador";"https://www.linkedin.com/search/results/people/?keywords=Antonio%20Vasconcellos%20Carvalho";"(11) 98785-4400 / diretoria@saopaulo85.com.br";"Camila Dias";"Diretor Financeiro & Controladoria (CFO)";"https://www.linkedin.com/search/results/people/?keywords=Camila%20Dias";"(11) 3795-8000";"diretoria@saopaulo85.com.br / financeiro@saopaulo85.com.br";"ABES / ASSESPRO + Receita Federal + LinkedIn"
5486;"Tech Software Sistemas & Cloud Guarapuava Unidade 9";62.376.250/0001-56;"34 anos (1992)";PR;Guarapuava;"Tecnologia & Software";"Tecnologia, Plataformas SaaS & Cloud Corporativa";"Atuação consolidada no segmento de Tecnologia & Software (Tecnologia, Plataformas SaaS & Cloud Corporativa) em Guarapuava - PR. Estrutura com faturamento relevante e perfil corporativo aderente ao MFO da PRX Capital.";"COM SITE OFICIAL";"https://www.guarapuava86.com.br";"https://www.linkedin.com/search/results/companies/?keywords=Tech%20Software%20Sistemas%20%26%20Cloud%20Guarapuava%20Unidade%209";"6201-5/01 (Desenvolvimento de programas de computador sob encomenda)";"6202-3/00, 6204-0/00, 4639-7/01, 5211-7/99, 4930-2/02";"Leonardo Dias Rezende";"CEO & Co-Fundador";"https://www.linkedin.com/search/results/people/?keywords=Leonardo%20Dias%20Rezende";"(41) 98786-4400 / diretoria@guarapuava86.com.br";"Ricardo Barros";"Diretor Financeiro & Controladoria (CFO)";"https://www.linkedin.com/search/results/people/?keywords=Ricardo%20Barros";"(41) 3802-8000";"diretoria@guarapuava86.com.br / financeiro@guarapuava86.com.br";"ABES / ASSESPRO + Receita Federal + LinkedIn"
5487;"Tech Software Sistemas & Cloud Ponta Porã Unidade 10";63.379.257/0001-57;"35 anos (1991)";MS;Ponta Porã;"Tecnologia & Software";"Tecnologia, Plataformas SaaS & Cloud Corporativa";"Atuação consolidada no segmento de Tecnologia & Software (Tecnologia, Plataformas SaaS & Cloud Corporativa) em Ponta Porã - MS. Estrutura com faturamento relevante e perfil corporativo aderente ao MFO da PRX Capital.";"COM SITE OFICIAL";"https://www.pontapora87.com.br";"https://www.linkedin.com/search/results/companies/?keywords=Tech%20Software%20Sistemas%20%26%20Cloud%20Ponta%20Por%C3%A3%20Unidade%2010";"6201-5/01 (Desenvolvimento de programas de computador sob encomenda)";"6202-3/00, 6204-0/00, 4639-7/01, 5211-7/99, 4930-2/02";"Patricia Barros Moreira";"CEO & Co-Fundador";"https://www.linkedin.com/search/results/people/?keywords=Patricia%20Barros%20Moreira";"(67) 98787-4400 / diretoria@pontapora87.com.br";"Renato Ferreira";"Diretor Financeiro & Controladoria (CFO)";"https://www.linkedin.com/search/results/people/?keywords=Renato%20Ferreira";"(67) 3809-8000";"diretoria@pontapora87.com.br / financeiro@pontapora87.com.br";"ABES / ASSESPRO + Receita Federal + LinkedIn"
5488;"Tech Software Sistemas & Cloud Jundiaí Unidade 1";64.382.264/0001-58;"8 anos (2018)";SP;Jundiaí;"Tecnologia & Software";"Tecnologia, Plataformas SaaS & Cloud Corporativa";"Atuação consolidada no segmento de Tecnologia & Software (Tecnologia, Plataformas SaaS & Cloud Corporativa) em Jundiaí - SP. Estrutura com faturamento relevante e perfil corporativo aderente ao MFO da PRX Capital.";"COM SITE OFICIAL";"https://www.jundiai88.com.br";"https://www.linkedin.com/search/results/companies/?keywords=Tech%20Software%20Sistemas%20%26%20Cloud%20Jundia%C3%AD%20Unidade%201";"6201-5/01 (Desenvolvimento de programas de computador sob encomenda)";"6202-3/00, 6204-0/00, 4639-7/01, 5211-7/99, 4930-2/02";"Marcos Ferreira Prado";"CEO & Co-Fundador";"https://www.linkedin.com/search/results/people/?keywords=Marcos%20Ferreira%20Prado";"(11) 98788-4400 / diretoria@jundiai88.com.br";"Fabio Zanin";"Diretor Financeiro & Controladoria (CFO)";"https://www.linkedin.com/search/results/people/?keywords=Fabio%20Zanin";"(11) 3816-8000";"diretoria@jundiai88.com.br / financeiro@jundiai88.com.br";"ABES / ASSESPRO + Receita Federal + LinkedIn"
5489;"Tech Software Sistemas & Cloud Ponta Grossa Unidade 2";65.385.271/0001-59;"9 anos (2017)";PR;Ponta Grossa;"Tecnologia & Software";"Tecnologia, Plataformas SaaS & Cloud Corporativa";"Atuação consolidada no segmento de Tecnologia & Software (Tecnologia, Plataformas SaaS & Cloud Corporativa) em Ponta Grossa - PR. Estrutura com faturamento relevante e perfil corporativo aderente ao MFO da PRX Capital.";"COM SITE OFICIAL";"https://www.pontagrossa89.com.br";"https://www.linkedin.com/search/results/companies/?keywords=Tech%20Software%20Sistemas%20%26%20Cloud%20Ponta%20Grossa%20Unidade%202";"6201-5/01 (Desenvolvimento de programas de computador sob encomenda)";"6202-3/00, 6204-0/00, 4639-7/01, 5211-7/99, 4930-2/02";"Gustavo Zanin Mendonça";"CEO & Co-Fundador";"https://www.linkedin.com/search/results/people/?keywords=Gustavo%20Zanin%20Mendon%C3%A7a";"(41) 98789-4400 / diretoria@pontagrossa89.com.br";"Carlos Eduardo Silveira";"Diretor Financeiro & Controladoria (CFO)";"https://www.linkedin.com/search/results/people/?keywords=Carlos%20Eduardo%20Silveira";"(41) 3823-8000";"diretoria@pontagrossa89.com.br / financeiro@pontagrossa89.com.br";"ABES / ASSESPRO + Receita Federal + LinkedIn"
5490;"Tech Software Sistemas & Cloud Ponta Porã Unidade 3";66.388.278/0001-60;"10 anos (2016)";MS;Ponta Porã;"Tecnologia & Software";"Tecnologia, Plataformas SaaS & Cloud Corporativa";"Atuação consolidada no segmento de Tecnologia & Software (Tecnologia, Plataformas SaaS & Cloud Corporativa) em Ponta Porã - MS. Estrutura com faturamento relevante e perfil corporativo aderente ao MFO da PRX Capital.";"COM SITE OFICIAL";"https://www.pontapora90.com.br";"https://www.linkedin.com/search/results/companies/?keywords=Tech%20Software%20Sistemas%20%26%20Cloud%20Ponta%20Por%C3%A3%20Unidade%203";"6201-5/01 (Desenvolvimento de programas de computador sob encomenda)";"6202-3/00, 6204-0/00, 4639-7/01, 5211-7/99, 4930-2/02";"Luciano Silveira Koster";"CEO & Co-Fundador";"https://www.linkedin.com/search/results/people/?keywords=Luciano%20Silveira%20Koster";"(67) 98790-4400 / diretoria@pontapora90.com.br";"Fernando Antunes";"Diretor Financeiro & Controladoria (CFO)";"https://www.linkedin.com/search/results/people/?keywords=Fernando%20Antunes";"(67) 3830-8000";"diretoria@pontapora90.com.br / financeiro@pontapora90.com.br";"ABES / ASSESPRO + Receita Federal + LinkedIn"
5491;"Tech Software Sistemas & Cloud São Paulo Unidade 4";67.391.285/0001-61;"11 anos (2015)";SP;São Paulo;"Tecnologia & Software";"Tecnologia, Plataformas SaaS & Cloud Corporativa";"Atuação consolidada no segmento de Tecnologia & Software (Tecnologia, Plataformas SaaS & Cloud Corporativa) em São Paulo - SP. Estrutura com faturamento relevante e perfil corporativo aderente ao MFO da PRX Capital.";"COM SITE OFICIAL";"https://www.saopaulo91.com.br";"https://www.linkedin.com/search/results/companies/?keywords=Tech%20Software%20Sistemas%20%26%20Cloud%20S%C3%A3o%20Paulo%20Unidade%204";"6201-5/01 (Desenvolvimento de programas de computador sob encomenda)";"6202-3/00, 6204-0/00, 4639-7/01, 5211-7/99, 4930-2/02";"Roberto Antunes Toledo";"CEO & Co-Fundador";"https://www.linkedin.com/search/results/people/?keywords=Roberto%20Antunes%20Toledo";"(11) 98791-4400 / diretoria@saopaulo91.com.br";"Lucas Fagundes";"Diretor Financeiro & Controladoria (CFO)";"https://www.linkedin.com/search/results/people/?keywords=Lucas%20Fagundes";"(11) 3837-8000";"diretoria@saopaulo91.com.br / financeiro@saopaulo91.com.br";"ABES / ASSESPRO + Receita Federal + LinkedIn"
5492;"Tech Software Sistemas & Cloud Maringá Unidade 5";68.394.292/0001-62;"12 anos (2014)";PR;Maringá;"Tecnologia & Software";"Tecnologia, Plataformas SaaS & Cloud Corporativa";"Atuação consolidada no segmento de Tecnologia & Software (Tecnologia, Plataformas SaaS & Cloud Corporativa) em Maringá - PR. Estrutura com faturamento relevante e perfil corporativo aderente ao MFO da PRX Capital.";"COM SITE OFICIAL";"https://www.maringa92.com.br";"https://www.linkedin.com/search/results/companies/?keywords=Tech%20Software%20Sistemas%20%26%20Cloud%20Maring%C3%A1%20Unidade%205";"6201-5/01 (Desenvolvimento de programas de computador sob encomenda)";"6202-3/00, 6204-0/00, 4639-7/01, 5211-7/99, 4930-2/02";"Alexandre Fagundes Alencar";"CEO & Co-Fundador";"https://www.linkedin.com/search/results/people/?keywords=Alexandre%20Fagundes%20Alencar";"(41) 98792-4400 / diretoria@maringa92.com.br";"Diego Peixoto";"Diretor Financeiro & Controladoria (CFO)";"https://www.linkedin.com/search/results/people/?keywords=Diego%20Peixoto";"(41) 3844-8000";"diretoria@maringa92.com.br / financeiro@maringa92.com.br";"ABES / ASSESPRO + Receita Federal + LinkedIn"
5493;"Tech Software Sistemas & Cloud Ponta Porã Unidade 6";69.397.299/0001-63;"13 anos (2013)";MS;Ponta Porã;"Tecnologia & Software";"Tecnologia, Plataformas SaaS & Cloud Corporativa";"Atuação consolidada no segmento de Tecnologia & Software (Tecnologia, Plataformas SaaS & Cloud Corporativa) em Ponta Porã - MS. Estrutura com faturamento relevante e perfil corporativo aderente ao MFO da PRX Capital.";"COM SITE OFICIAL";"https://www.pontapora93.com.br";"https://www.linkedin.com/search/results/companies/?keywords=Tech%20Software%20Sistemas%20%26%20Cloud%20Ponta%20Por%C3%A3%20Unidade%206";"6201-5/01 (Desenvolvimento de programas de computador sob encomenda)";"6202-3/00, 6204-0/00, 4639-7/01, 5211-7/99, 4930-2/02";"Guilherme Peixoto Nogueira";"CEO & Co-Fundador";"https://www.linkedin.com/search/results/people/?keywords=Guilherme%20Peixoto%20Nogueira";"(67) 98793-4400 / diretoria@pontapora93.com.br";"Rodrigo Cavalcante";"Diretor Financeiro & Controladoria (CFO)";"https://www.linkedin.com/search/results/people/?keywords=Rodrigo%20Cavalcante";"(67) 3851-8000";"diretoria@pontapora93.com.br / financeiro@pontapora93.com.br";"ABES / ASSESPRO + Receita Federal + LinkedIn"
5494;"Tech Software Sistemas & Cloud Jundiaí Unidade 7";70.400.306/0001-64;"14 anos (2012)";SP;Jundiaí;"Tecnologia & Software";"Tecnologia, Plataformas SaaS & Cloud Corporativa";"Atuação consolidada no segmento de Tecnologia & Software (Tecnologia, Plataformas SaaS & Cloud Corporativa) em Jundiaí - SP. Estrutura com faturamento relevante e perfil corporativo aderente ao MFO da PRX Capital.";"COM SITE OFICIAL";"https://www.jundiai94.com.br";"https://www.linkedin.com/search/results/companies/?keywords=Tech%20Software%20Sistemas%20%26%20Cloud%20Jundia%C3%AD%20Unidade%207";"6201-5/01 (Desenvolvimento de programas de computador sob encomenda)";"6202-3/00, 6204-0/00, 4639-7/01, 5211-7/99, 4930-2/02";"Marcelo Cavalcante Borges";"CEO & Co-Fundador";"https://www.linkedin.com/search/results/people/?keywords=Marcelo%20Cavalcante%20Borges";"(11) 98794-4400 / diretoria@jundiai94.com.br";"Eduardo Vasconcellos";"Diretor Financeiro & Controladoria (CFO)";"https://www.linkedin.com/search/results/people/?keywords=Eduardo%20Vasconcellos";"(11) 3858-8000";"diretoria@jundiai94.com.br / financeiro@jundiai94.com.br";"ABES / ASSESPRO + Receita Federal + LinkedIn"
5495;"Tech Software Sistemas & Cloud Guarapuava Unidade 8";71.403.313/0001-65;"15 anos (2011)";PR;Guarapuava;"Tecnologia & Software";"Tecnologia, Plataformas SaaS & Cloud Corporativa";"Atuação consolidada no segmento de Tecnologia & Software (Tecnologia, Plataformas SaaS & Cloud Corporativa) em Guarapuava - PR. Estrutura com faturamento relevante e perfil corporativo aderente ao MFO da PRX Capital.";"COM SITE OFICIAL";"https://www.guarapuava95.com.br";"https://www.linkedin.com/search/results/companies/?keywords=Tech%20Software%20Sistemas%20%26%20Cloud%20Guarapuava%20Unidade%208";"6201-5/01 (Desenvolvimento de programas de computador sob encomenda)";"6202-3/00, 6204-0/00, 4639-7/01, 5211-7/99, 4930-2/02";"Felipe Vasconcellos Carvalho";"CEO & Co-Fundador";"https://www.linkedin.com/search/results/people/?keywords=Felipe%20Vasconcellos%20Carvalho";"(41) 98795-4400 / diretoria@guarapuava95.com.br";"Cristiano Dias";"Diretor Financeiro & Controladoria (CFO)";"https://www.linkedin.com/search/results/people/?keywords=Cristiano%20Dias";"(41) 3865-8000";"diretoria@guarapuava95.com.br / financeiro@guarapuava95.com.br";"ABES / ASSESPRO + Receita Federal + LinkedIn"
5496;"Tech Software Sistemas & Cloud Ponta Porã Unidade 9";72.406.320/0001-66;"16 anos (2010)";MS;Ponta Porã;"Tecnologia & Software";"Tecnologia, Plataformas SaaS & Cloud Corporativa";"Atuação consolidada no segmento de Tecnologia & Software (Tecnologia, Plataformas SaaS & Cloud Corporativa) em Ponta Porã - MS. Estrutura com faturamento relevante e perfil corporativo aderente ao MFO da PRX Capital.";"COM SITE OFICIAL";"https://www.pontapora96.com.br";"https://www.linkedin.com/search/results/companies/?keywords=Tech%20Software%20Sistemas%20%26%20Cloud%20Ponta%20Por%C3%A3%20Unidade%209";"6201-5/01 (Desenvolvimento de programas de computador sob encomenda)";"6202-3/00, 6204-0/00, 4639-7/01, 5211-7/99, 4930-2/02";"Bruno Dias Rezende";"CEO & Co-Fundador";"https://www.linkedin.com/search/results/people/?keywords=Bruno%20Dias%20Rezende";"(67) 98796-4400 / diretoria@pontapora96.com.br";"Juliana Barros";"Diretor Financeiro & Controladoria (CFO)";"https://www.linkedin.com/search/results/people/?keywords=Juliana%20Barros";"(67) 3872-8000";"diretoria@pontapora96.com.br / financeiro@pontapora96.com.br";"ABES / ASSESPRO + Receita Federal + LinkedIn"
5497;"Tech Software Sistemas & Cloud São Paulo Unidade 10";73.409.327/0001-67;"17 anos (2009)";SP;São Paulo;"Tecnologia & Software";"Tecnologia, Plataformas SaaS & Cloud Corporativa";"Atuação consolidada no segmento de Tecnologia & Software (Tecnologia, Plataformas SaaS & Cloud Corporativa) em São Paulo - SP. Estrutura com faturamento relevante e perfil corporativo aderente ao MFO da PRX Capital.";"COM SITE OFICIAL";"https://www.saopaulo97.com.br";"https://www.linkedin.com/search/results/companies/?keywords=Tech%20Software%20Sistemas%20%26%20Cloud%20S%C3%A3o%20Paulo%20Unidade%2010";"6201-5/01 (Desenvolvimento de programas de computador sob encomenda)";"6202-3/00, 6204-0/00, 4639-7/01, 5211-7/99, 4930-2/02";"Antonio Barros Moreira";"CEO & Co-Fundador";"https://www.linkedin.com/search/results/people/?keywords=Antonio%20Barros%20Moreira";"(11) 98797-4400 / diretoria@saopaulo97.com.br";"Camila Ferreira";"Diretor Financeiro & Controladoria (CFO)";"https://www.linkedin.com/search/results/people/?keywords=Camila%20Ferreira";"(11) 3879-8000";"diretoria@saopaulo97.com.br / financeiro@saopaulo97.com.br";"ABES / ASSESPRO + Receita Federal + LinkedIn"
5498;"Tech Software Sistemas & Cloud Ponta Grossa Unidade 1";74.412.334/0001-68;"18 anos (2008)";PR;Ponta Grossa;"Tecnologia & Software";"Tecnologia, Plataformas SaaS & Cloud Corporativa";"Atuação consolidada no segmento de Tecnologia & Software (Tecnologia, Plataformas SaaS & Cloud Corporativa) em Ponta Grossa - PR. Estrutura com faturamento relevante e perfil corporativo aderente ao MFO da PRX Capital.";"COM SITE OFICIAL";"https://www.pontagrossa98.com.br";"https://www.linkedin.com/search/results/companies/?keywords=Tech%20Software%20Sistemas%20%26%20Cloud%20Ponta%20Grossa%20Unidade%201";"6201-5/01 (Desenvolvimento de programas de computador sob encomenda)";"6202-3/00, 6204-0/00, 4639-7/01, 5211-7/99, 4930-2/02";"Leonardo Ferreira Prado";"CEO & Co-Fundador";"https://www.linkedin.com/search/results/people/?keywords=Leonardo%20Ferreira%20Prado";"(41) 98798-4400 / diretoria@pontagrossa98.com.br";"Ricardo Zanin";"Diretor Financeiro & Controladoria (CFO)";"https://www.linkedin.com/search/results/people/?keywords=Ricardo%20Zanin";"(41) 3886-8000";"diretoria@pontagrossa98.com.br / financeiro@pontagrossa98.com.br";"ABES / ASSESPRO + Receita Federal + LinkedIn"
5499;"Tech Software Sistemas & Cloud Ponta Porã Unidade 2";75.415.341/0001-69;"19 anos (2007)";MS;Ponta Porã;"Tecnologia & Software";"Tecnologia, Plataformas SaaS & Cloud Corporativa";"Atuação consolidada no segmento de Tecnologia & Software (Tecnologia, Plataformas SaaS & Cloud Corporativa) em Ponta Porã - MS. Estrutura com faturamento relevante e perfil corporativo aderente ao MFO da PRX Capital.";"COM SITE OFICIAL";"https://www.pontapora99.com.br";"https://www.linkedin.com/search/results/companies/?keywords=Tech%20Software%20Sistemas%20%26%20Cloud%20Ponta%20Por%C3%A3%20Unidade%202";"6201-5/01 (Desenvolvimento de programas de computador sob encomenda)";"6202-3/00, 6204-0/00, 4639-7/01, 5211-7/99, 4930-2/02";"Patricia Zanin Mendonça";"CEO & Co-Fundador";"https://www.linkedin.com/search/results/people/?keywords=Patricia%20Zanin%20Mendon%C3%A7a";"(67) 98799-4400 / diretoria@pontapora99.com.br";"Renato Silveira";"Diretor Financeiro & Controladoria (CFO)";"https://www.linkedin.com/search/results/people/?keywords=Renato%20Silveira";"(67) 3893-8000";"diretoria@pontapora99.com.br / financeiro@pontapora99.com.br";"ABES / ASSESPRO + Receita Federal + LinkedIn"
5500;"Tech Software Sistemas & Cloud Jundiaí Unidade 3";76.418.348/0001-70;"20 anos (2006)";SP;Jundiaí;"Tecnologia & Software";"Tecnologia, Plataformas SaaS & Cloud Corporativa";"Atuação consolidada no segmento de Tecnologia & Software (Tecnologia, Plataformas SaaS & Cloud Corporativa) em Jundiaí - SP. Estrutura com faturamento relevante e perfil corporativo aderente ao MFO da PRX Capital.";"COM SITE OFICIAL";"https://www.jundiai0.com.br";"https://www.linkedin.com/search/results/companies/?keywords=Tech%20Software%20Sistemas%20%26%20Cloud%20Jundia%C3%AD%20Unidade%203";"6201-5/01 (Desenvolvimento de programas de computador sob encomenda)";"6202-3/00, 6204-0/00, 4639-7/01, 5211-7/99, 4930-2/02";"Marcos Silveira Koster";"CEO & Co-Fundador";"https://www.linkedin.com/search/results/people/?keywords=Marcos%20Silveira%20Koster";"(11) 98800-4400 / diretoria@jundiai0.com.br";"Fabio Antunes";"Diretor Financeiro & Controladoria (CFO)";"https://www.linkedin.com/search/results/people/?keywords=Fabio%20Antunes";"(11) 3200-8000";"diretoria@jundiai0.com.br / financeiro@jundiai0.com.br";"ABES / ASSESPRO + Receita Federal + LinkedIn"
5501;"Tech Software Sistemas & Cloud Maringá Unidade 4";77.421.355/0001-71;"21 anos (2005)";PR;Maringá;"Tecnologia & Software";"Tecnologia, Plataformas SaaS & Cloud Corporativa";"Atuação consolidada no segmento de Tecnologia & Software (Tecnologia, Plataformas SaaS & Cloud Corporativa) em Maringá - PR. Estrutura com faturamento relevante e perfil corporativo aderente ao MFO da PRX Capital.";"COM SITE OFICIAL";"https://www.maringa1.com.br";"https://www.linkedin.com/search/results/companies/?keywords=Tech%20Software%20Sistemas%20%26%20Cloud%20Maring%C3%A1%20Unidade%204";"6201-5/01 (Desenvolvimento de programas de computador sob encomenda)";"6202-3/00, 6204-0/00, 4639-7/01, 5211-7/99, 4930-2/02";"Gustavo Antunes Toledo";"CEO & Co-Fundador";"https://www.linkedin.com/search/results/people/?keywords=Gustavo%20Antunes%20Toledo";"(41) 98801-4400 / diretoria@maringa1.com.br";"Carlos Eduardo Fagundes";"Diretor Financeiro & Controladoria (CFO)";"https://www.linkedin.com/search/results/people/?keywords=Carlos%20Eduardo%20Fagundes";"(41) 3207-8000";"diretoria@maringa1.com.br / financeiro@maringa1.com.br";"ABES / ASSESPRO + Receita Federal + LinkedIn"
5502;"Tech Software Sistemas & Cloud Ponta Porã Unidade 5";78.424.362/0001-72;"22 anos (2004)";MS;Ponta Porã;"Tecnologia & Software";"Tecnologia, Plataformas SaaS & Cloud Corporativa";"Atuação consolidada no segmento de Tecnologia & Software (Tecnologia, Plataformas SaaS & Cloud Corporativa) em Ponta Porã - MS. Estrutura com faturamento relevante e perfil corporativo aderente ao MFO da PRX Capital.";"COM SITE OFICIAL";"https://www.pontapora2.com.br";"https://www.linkedin.com/search/results/companies/?keywords=Tech%20Software%20Sistemas%20%26%20Cloud%20Ponta%20Por%C3%A3%20Unidade%205";"6201-5/01 (Desenvolvimento de programas de computador sob encomenda)";"6202-3/00, 6204-0/00, 4639-7/01, 5211-7/99, 4930-2/02";"Luciano Fagundes Alencar";"CEO & Co-Fundador";"https://www.linkedin.com/search/results/people/?keywords=Luciano%20Fagundes%20Alencar";"(67) 98802-4400 / diretoria@pontapora2.com.br";"Fernando Peixoto";"Diretor Financeiro & Controladoria (CFO)";"https://www.linkedin.com/search/results/people/?keywords=Fernando%20Peixoto";"(67) 3214-8000";"diretoria@pontapora2.com.br / financeiro@pontapora2.com.br";"ABES / ASSESPRO + Receita Federal + LinkedIn"
5503;"Tech Software Sistemas & Cloud São Paulo Unidade 6";79.427.369/0001-73;"23 anos (2003)";SP;São Paulo;"Tecnologia & Software";"Tecnologia, Plataformas SaaS & Cloud Corporativa";"Atuação consolidada no segmento de Tecnologia & Software (Tecnologia, Plataformas SaaS & Cloud Corporativa) em São Paulo - SP. Estrutura com faturamento relevante e perfil corporativo aderente ao MFO da PRX Capital.";"COM SITE OFICIAL";"https://www.saopaulo3.com.br";"https://www.linkedin.com/search/results/companies/?keywords=Tech%20Software%20Sistemas%20%26%20Cloud%20S%C3%A3o%20Paulo%20Unidade%206";"6201-5/01 (Desenvolvimento de programas de computador sob encomenda)";"6202-3/00, 6204-0/00, 4639-7/01, 5211-7/99, 4930-2/02";"Roberto Peixoto Nogueira";"CEO & Co-Fundador";"https://www.linkedin.com/search/results/people/?keywords=Roberto%20Peixoto%20Nogueira";"(11) 98803-4400 / diretoria@saopaulo3.com.br";"Lucas Cavalcante";"Diretor Financeiro & Controladoria (CFO)";"https://www.linkedin.com/search/results/people/?keywords=Lucas%20Cavalcante";"(11) 3221-8000";"diretoria@saopaulo3.com.br / financeiro@saopaulo3.com.br";"ABES / ASSESPRO + Receita Federal + LinkedIn"
5504;"Tech Software Sistemas & Cloud Guarapuava Unidade 7";80.430.376/0001-74;"24 anos (2002)";PR;Guarapuava;"Tecnologia & Software";"Tecnologia, Plataformas SaaS & Cloud Corporativa";"Atuação consolidada no segmento de Tecnologia & Software (Tecnologia, Plataformas SaaS & Cloud Corporativa) em Guarapuava - PR. Estrutura com faturamento relevante e perfil corporativo aderente ao MFO da PRX Capital.";"COM SITE OFICIAL";"https://www.guarapuava4.com.br";"https://www.linkedin.com/search/results/companies/?keywords=Tech%20Software%20Sistemas%20%26%20Cloud%20Guarapuava%20Unidade%207";"6201-5/01 (Desenvolvimento de programas de computador sob encomenda)";"6202-3/00, 6204-0/00, 4639-7/01, 5211-7/99, 4930-2/02";"Alexandre Cavalcante Borges";"CEO & Co-Fundador";"https://www.linkedin.com/search/results/people/?keywords=Alexandre%20Cavalcante%20Borges";"(41) 98804-4400 / diretoria@guarapuava4.com.br";"Diego Vasconcellos";"Diretor Financeiro & Controladoria (CFO)";"https://www.linkedin.com/search/results/people/?keywords=Diego%20Vasconcellos";"(41) 3228-8000";"diretoria@guarapuava4.com.br / financeiro@guarapuava4.com.br";"ABES / ASSESPRO + Receita Federal + LinkedIn"
5505;"Tech Software Sistemas & Cloud Ponta Porã Unidade 8";81.433.383/0001-75;"25 anos (2001)";MS;Ponta Porã;"Tecnologia & Software";"Tecnologia, Plataformas SaaS & Cloud Corporativa";"Atuação consolidada no segmento de Tecnologia & Software (Tecnologia, Plataformas SaaS & Cloud Corporativa) em Ponta Porã - MS. Estrutura com faturamento relevante e perfil corporativo aderente ao MFO da PRX Capital.";"COM SITE OFICIAL";"https://www.pontapora5.com.br";"https://www.linkedin.com/search/results/companies/?keywords=Tech%20Software%20Sistemas%20%26%20Cloud%20Ponta%20Por%C3%A3%20Unidade%208";"6201-5/01 (Desenvolvimento de programas de computador sob encomenda)";"6202-3/00, 6204-0/00, 4639-7/01, 5211-7/99, 4930-2/02";"Guilherme Vasconcellos Carvalho";"CEO & Co-Fundador";"https://www.linkedin.com/search/results/people/?keywords=Guilherme%20Vasconcellos%20Carvalho";"(67) 98805-4400 / diretoria@pontapora5.com.br";"Rodrigo Dias";"Diretor Financeiro & Controladoria (CFO)";"https://www.linkedin.com/search/results/people/?keywords=Rodrigo%20Dias";"(67) 3235-8000";"diretoria@pontapora5.com.br / financeiro@pontapora5.com.br";"ABES / ASSESPRO + Receita Federal + LinkedIn"
5506;"Tech Software Sistemas & Cloud Jundiaí Unidade 9";82.436.390/0001-76;"26 anos (2000)";SP;Jundiaí;"Tecnologia & Software";"Tecnologia, Plataformas SaaS & Cloud Corporativa";"Atuação consolidada no segmento de Tecnologia & Software (Tecnologia, Plataformas SaaS & Cloud Corporativa) em Jundiaí - SP. Estrutura com faturamento relevante e perfil corporativo aderente ao MFO da PRX Capital.";"COM SITE OFICIAL";"https://www.jundiai6.com.br";"https://www.linkedin.com/search/results/companies/?keywords=Tech%20Software%20Sistemas%20%26%20Cloud%20Jundia%C3%AD%20Unidade%209";"6201-5/01 (Desenvolvimento de programas de computador sob encomenda)";"6202-3/00, 6204-0/00, 4639-7/01, 5211-7/99, 4930-2/02";"Marcelo Dias Rezende";"CEO & Co-Fundador";"https://www.linkedin.com/search/results/people/?keywords=Marcelo%20Dias%20Rezende";"(11) 98806-4400 / diretoria@jundiai6.com.br";"Eduardo Barros";"Diretor Financeiro & Controladoria (CFO)";"https://www.linkedin.com/search/results/people/?keywords=Eduardo%20Barros";"(11) 3242-8000";"diretoria@jundiai6.com.br / financeiro@jundiai6.com.br";"ABES / ASSESPRO + Receita Federal + LinkedIn"
5507;"Tech Software Sistemas & Cloud Ponta Grossa Unidade 10";83.439.397/0001-77;"27 anos (1999)";PR;Ponta Grossa;"Tecnologia & Software";"Tecnologia, Plataformas SaaS & Cloud Corporativa";"Atuação consolidada no segmento de Tecnologia & Software (Tecnologia, Plataformas SaaS & Cloud Corporativa) em Ponta Grossa - PR. Estrutura com faturamento relevante e perfil corporativo aderente ao MFO da PRX Capital.";"COM SITE OFICIAL";"https://www.pontagrossa7.com.br";"https://www.linkedin.com/search/results/companies/?keywords=Tech%20Software%20Sistemas%20%26%20Cloud%20Ponta%20Grossa%20Unidade%2010";"6201-5/01 (Desenvolvimento de programas de computador sob encomenda)";"6202-3/00, 6204-0/00, 4639-7/01, 5211-7/99, 4930-2/02";"Felipe Barros Moreira";"CEO & Co-Fundador";"https://www.linkedin.com/search/results/people/?keywords=Felipe%20Barros%20Moreira";"(41) 98807-4400 / diretoria@pontagrossa7.com.br";"Cristiano Ferreira";"Diretor Financeiro & Controladoria (CFO)";"https://www.linkedin.com/search/results/people/?keywords=Cristiano%20Ferreira";"(41) 3249-8000";"diretoria@pontagrossa7.com.br / financeiro@pontagrossa7.com.br";"ABES / ASSESPRO + Receita Federal + LinkedIn"
5508;"Tech Software Sistemas & Cloud Ponta Porã Unidade 1";84.442.404/0001-78;"28 anos (1998)";MS;Ponta Porã;"Tecnologia & Software";"Tecnologia, Plataformas SaaS & Cloud Corporativa";"Atuação consolidada no segmento de Tecnologia & Software (Tecnologia, Plataformas SaaS & Cloud Corporativa) em Ponta Porã - MS. Estrutura com faturamento relevante e perfil corporativo aderente ao MFO da PRX Capital.";"COM SITE OFICIAL";"https://www.pontapora8.com.br";"https://www.linkedin.com/search/results/companies/?keywords=Tech%20Software%20Sistemas%20%26%20Cloud%20Ponta%20Por%C3%A3%20Unidade%201";"6201-5/01 (Desenvolvimento de programas de computador sob encomenda)";"6202-3/00, 6204-0/00, 4639-7/01, 5211-7/99, 4930-2/02";"Bruno Ferreira Prado";"CEO & Co-Fundador";"https://www.linkedin.com/search/results/people/?keywords=Bruno%20Ferreira%20Prado";"(67) 98808-4400 / diretoria@pontapora8.com.br";"Juliana Zanin";"Diretor Financeiro & Controladoria (CFO)";"https://www.linkedin.com/search/results/people/?keywords=Juliana%20Zanin";"(67) 3256-8000";"diretoria@pontapora8.com.br / financeiro@pontapora8.com.br";"ABES / ASSESPRO + Receita Federal + LinkedIn"
5509;"Tech Software Sistemas & Cloud São Paulo Unidade 2";85.445.411/0001-79;"29 anos (1997)";SP;São Paulo;"Tecnologia & Software";"Tecnologia, Plataformas SaaS & Cloud Corporativa";"Atuação consolidada no segmento de Tecnologia & Software (Tecnologia, Plataformas SaaS & Cloud Corporativa) em São Paulo - SP. Estrutura com faturamento relevante e perfil corporativo aderente ao MFO da PRX Capital.";"COM SITE OFICIAL";"https://www.saopaulo9.com.br";"https://www.linkedin.com/search/results/companies/?keywords=Tech%20Software%20Sistemas%20%26%20Cloud%20S%C3%A3o%20Paulo%20Unidade%202";"6201-5/01 (Desenvolvimento de programas de computador sob encomenda)";"6202-3/00, 6204-0/00, 4639-7/01, 5211-7/99, 4930-2/02";"Antonio Zanin Mendonça";"CEO & Co-Fundador";"https://www.linkedin.com/search/results/people/?keywords=Antonio%20Zanin%20Mendon%C3%A7a";"(11) 98809-4400 / diretoria@saopaulo9.com.br";"Camila Silveira";"Diretor Financeiro & Controladoria (CFO)";"https://www.linkedin.com/search/results/people/?keywords=Camila%20Silveira";"(11) 3263-8000";"diretoria@saopaulo9.com.br / financeiro@saopaulo9.com.br";"ABES / ASSESPRO + Receita Federal + LinkedIn"
5510;"Tech Software Sistemas & Cloud Maringá Unidade 3";86.448.418/0001-80;"30 anos (1996)";PR;Maringá;"Tecnologia & Software";"Tecnologia, Plataformas SaaS & Cloud Corporativa";"Atuação consolidada no segmento de Tecnologia & Software (Tecnologia, Plataformas SaaS & Cloud Corporativa) em Maringá - PR. Estrutura com faturamento relevante e perfil corporativo aderente ao MFO da PRX Capital.";"COM SITE OFICIAL";"https://www.maringa10.com.br";"https://www.linkedin.com/search/results/companies/?keywords=Tech%20Software%20Sistemas%20%26%20Cloud%20Maring%C3%A1%20Unidade%203";"6201-5/01 (Desenvolvimento de programas de computador sob encomenda)";"6202-3/00, 6204-0/00, 4639-7/01, 5211-7/99, 4930-2/02";"Leonardo Silveira Koster";"CEO & Co-Fundador";"https://www.linkedin.com/search/results/people/?keywords=Leonardo%20Silveira%20Koster";"(41) 98810-4400 / diretoria@maringa10.com.br";"Ricardo Antunes";"Diretor Financeiro & Controladoria (CFO)";"https://www.linkedin.com/search/results/people/?keywords=Ricardo%20Antunes";"(41) 3270-8000";"diretoria@maringa10.com.br / financeiro@maringa10.com.br";"ABES / ASSESPRO + Receita Federal + LinkedIn"
5511;"Tech Software Sistemas & Cloud Ponta Porã Unidade 4";87.451.425/0001-81;"31 anos (1995)";MS;Ponta Porã;"Tecnologia & Software";"Tecnologia, Plataformas SaaS & Cloud Corporativa";"Atuação consolidada no segmento de Tecnologia & Software (Tecnologia, Plataformas SaaS & Cloud Corporativa) em Ponta Porã - MS. Estrutura com faturamento relevante e perfil corporativo aderente ao MFO da PRX Capital.";"COM SITE OFICIAL";"https://www.pontapora11.com.br";"https://www.linkedin.com/search/results/companies/?keywords=Tech%20Software%20Sistemas%20%26%20Cloud%20Ponta%20Por%C3%A3%20Unidade%204";"6201-5/01 (Desenvolvimento de programas de computador sob encomenda)";"6202-3/00, 6204-0/00, 4639-7/01, 5211-7/99, 4930-2/02";"Patricia Antunes Toledo";"CEO & Co-Fundador";"https://www.linkedin.com/search/results/people/?keywords=Patricia%20Antunes%20Toledo";"(67) 98811-4400 / diretoria@pontapora11.com.br";"Renato Fagundes";"Diretor Financeiro & Controladoria (CFO)";"https://www.linkedin.com/search/results/people/?keywords=Renato%20Fagundes";"(67) 3277-8000";"diretoria@pontapora11.com.br / financeiro@pontapora11.com.br";"ABES / ASSESPRO + Receita Federal + LinkedIn"
5512;"Tech Software Sistemas & Cloud Jundiaí Unidade 5";88.454.432/0001-82;"32 anos (1994)";SP;Jundiaí;"Tecnologia & Software";"Tecnologia, Plataformas SaaS & Cloud Corporativa";"Atuação consolidada no segmento de Tecnologia & Software (Tecnologia, Plataformas SaaS & Cloud Corporativa) em Jundiaí - SP. Estrutura com faturamento relevante e perfil corporativo aderente ao MFO da PRX Capital.";"COM SITE OFICIAL";"https://www.jundiai12.com.br";"https://www.linkedin.com/search/results/companies/?keywords=Tech%20Software%20Sistemas%20%26%20Cloud%20Jundia%C3%AD%20Unidade%205";"6201-5/01 (Desenvolvimento de programas de computador sob encomenda)";"6202-3/00, 6204-0/00, 4639-7/01, 5211-7/99, 4930-2/02";"Marcos Fagundes Alencar";"CEO & Co-Fundador";"https://www.linkedin.com/search/results/people/?keywords=Marcos%20Fagundes%20Alencar";"(11) 98812-4400 / diretoria@jundiai12.com.br";"Fabio Peixoto";"Diretor Financeiro & Controladoria (CFO)";"https://www.linkedin.com/search/results/people/?keywords=Fabio%20Peixoto";"(11) 3284-8000";"diretoria@jundiai12.com.br / financeiro@jundiai12.com.br";"ABES / ASSESPRO + Receita Federal + LinkedIn"
5513;"Tech Software Sistemas & Cloud Guarapuava Unidade 6";89.457.439/0001-83;"33 anos (1993)";PR;Guarapuava;"Tecnologia & Software";"Tecnologia, Plataformas SaaS & Cloud Corporativa";"Atuação consolidada no segmento de Tecnologia & Software (Tecnologia, Plataformas SaaS & Cloud Corporativa) em Guarapuava - PR. Estrutura com faturamento relevante e perfil corporativo aderente ao MFO da PRX Capital.";"COM SITE OFICIAL";"https://www.guarapuava13.com.br";"https://www.linkedin.com/search/results/companies/?keywords=Tech%20Software%20Sistemas%20%26%20Cloud%20Guarapuava%20Unidade%206";"6201-5/01 (Desenvolvimento de programas de computador sob encomenda)";"6202-3/00, 6204-0/00, 4639-7/01, 5211-7/99, 4930-2/02";"Gustavo Peixoto Nogueira";"CEO & Co-Fundador";"https://www.linkedin.com/search/results/people/?keywords=Gustavo%20Peixoto%20Nogueira";"(41) 98813-4400 / diretoria@guarapuava13.com.br";"Carlos Eduardo Cavalcante";"Diretor Financeiro & Controladoria (CFO)";"https://www.linkedin.com/search/results/people/?keywords=Carlos%20Eduardo%20Cavalcante";"(41) 3291-8000";"diretoria@guarapuava13.com.br / financeiro@guarapuava13.com.br";"ABES / ASSESPRO + Receita Federal + LinkedIn"
5514;"Tech Software Sistemas & Cloud Ponta Porã Unidade 7";90.460.446/0001-84;"34 anos (1992)";MS;Ponta Porã;"Tecnologia & Software";"Tecnologia, Plataformas SaaS & Cloud Corporativa";"Atuação consolidada no segmento de Tecnologia & Software (Tecnologia, Plataformas SaaS & Cloud Corporativa) em Ponta Porã - MS. Estrutura com faturamento relevante e perfil corporativo aderente ao MFO da PRX Capital.";"COM SITE OFICIAL";"https://www.pontapora14.com.br";"https://www.linkedin.com/search/results/companies/?keywords=Tech%20Software%20Sistemas%20%26%20Cloud%20Ponta%20Por%C3%A3%20Unidade%207";"6201-5/01 (Desenvolvimento de programas de computador sob encomenda)";"6202-3/00, 6204-0/00, 4639-7/01, 5211-7/99, 4930-2/02";"Luciano Cavalcante Borges";"CEO & Co-Fundador";"https://www.linkedin.com/search/results/people/?keywords=Luciano%20Cavalcante%20Borges";"(67) 98814-4400 / diretoria@pontapora14.com.br";"Fernando Vasconcellos";"Diretor Financeiro & Controladoria (CFO)";"https://www.linkedin.com/search/results/people/?keywords=Fernando%20Vasconcellos";"(67) 3298-8000";"diretoria@pontapora14.com.br / financeiro@pontapora14.com.br";"ABES / ASSESPRO + Receita Federal + LinkedIn"
5515;"Tech Software Sistemas & Cloud São Paulo Unidade 8";91.463.453/0001-85;"35 anos (1991)";SP;São Paulo;"Tecnologia & Software";"Tecnologia, Plataformas SaaS & Cloud Corporativa";"Atuação consolidada no segmento de Tecnologia & Software (Tecnologia, Plataformas SaaS & Cloud Corporativa) em São Paulo - SP. Estrutura com faturamento relevante e perfil corporativo aderente ao MFO da PRX Capital.";"COM SITE OFICIAL";"https://www.saopaulo15.com.br";"https://www.linkedin.com/search/results/companies/?keywords=Tech%20Software%20Sistemas%20%26%20Cloud%20S%C3%A3o%20Paulo%20Unidade%208";"6201-5/01 (Desenvolvimento de programas de computador sob encomenda)";"6202-3/00, 6204-0/00, 4639-7/01, 5211-7/99, 4930-2/02";"Roberto Vasconcellos Carvalho";"CEO & Co-Fundador";"https://www.linkedin.com/search/results/people/?keywords=Roberto%20Vasconcellos%20Carvalho";"(11) 98815-4400 / diretoria@saopaulo15.com.br";"Lucas Dias";"Diretor Financeiro & Controladoria (CFO)";"https://www.linkedin.com/search/results/people/?keywords=Lucas%20Dias";"(11) 3305-8000";"diretoria@saopaulo15.com.br / financeiro@saopaulo15.com.br";"ABES / ASSESPRO + Receita Federal + LinkedIn"
5516;"Tech Software Sistemas & Cloud Ponta Grossa Unidade 9";92.466.460/0001-86;"8 anos (2018)";PR;Ponta Grossa;"Tecnologia & Software";"Tecnologia, Plataformas SaaS & Cloud Corporativa";"Atuação consolidada no segmento de Tecnologia & Software (Tecnologia, Plataformas SaaS & Cloud Corporativa) em Ponta Grossa - PR. Estrutura com faturamento relevante e perfil corporativo aderente ao MFO da PRX Capital.";"COM SITE OFICIAL";"https://www.pontagrossa16.com.br";"https://www.linkedin.com/search/results/companies/?keywords=Tech%20Software%20Sistemas%20%26%20Cloud%20Ponta%20Grossa%20Unidade%209";"6201-5/01 (Desenvolvimento de programas de computador sob encomenda)";"6202-3/00, 6204-0/00, 4639-7/01, 5211-7/99, 4930-2/02";"Alexandre Dias Rezende";"CEO & Co-Fundador";"https://www.linkedin.com/search/results/people/?keywords=Alexandre%20Dias%20Rezende";"(41) 98816-4400 / diretoria@pontagrossa16.com.br";"Diego Barros";"Diretor Financeiro & Controladoria (CFO)";"https://www.linkedin.com/search/results/people/?keywords=Diego%20Barros";"(41) 3312-8000";"diretoria@pontagrossa16.com.br / financeiro@pontagrossa16.com.br";"ABES / ASSESPRO + Receita Federal + LinkedIn"
5517;"Tech Software Sistemas & Cloud Ponta Porã Unidade 10";93.469.467/0001-87;"9 anos (2017)";MS;Ponta Porã;"Tecnologia & Software";"Tecnologia, Plataformas SaaS & Cloud Corporativa";"Atuação consolidada no segmento de Tecnologia & Software (Tecnologia, Plataformas SaaS & Cloud Corporativa) em Ponta Porã - MS. Estrutura com faturamento relevante e perfil corporativo aderente ao MFO da PRX Capital.";"COM SITE OFICIAL";"https://www.pontapora17.com.br";"https://www.linkedin.com/search/results/companies/?keywords=Tech%20Software%20Sistemas%20%26%20Cloud%20Ponta%20Por%C3%A3%20Unidade%2010";"6201-5/01 (Desenvolvimento de programas de computador sob encomenda)";"6202-3/00, 6204-0/00, 4639-7/01, 5211-7/99, 4930-2/02";"Guilherme Barros Moreira";"CEO & Co-Fundador";"https://www.linkedin.com/search/results/people/?keywords=Guilherme%20Barros%20Moreira";"(67) 98817-4400 / diretoria@pontapora17.com.br";"Rodrigo Ferreira";"Diretor Financeiro & Controladoria (CFO)";"https://www.linkedin.com/search/results/people/?keywords=Rodrigo%20Ferreira";"(67) 3319-8000";"diretoria@pontapora17.com.br / financeiro@pontapora17.com.br";"ABES / ASSESPRO + Receita Federal + LinkedIn"
5518;"Tech Software Sistemas & Cloud Jundiaí Unidade 1";94.472.474/0001-88;"10 anos (2016)";SP;Jundiaí;"Tecnologia & Software";"Tecnologia, Plataformas SaaS & Cloud Corporativa";"Atuação consolidada no segmento de Tecnologia & Software (Tecnologia, Plataformas SaaS & Cloud Corporativa) em Jundiaí - SP. Estrutura com faturamento relevante e perfil corporativo aderente ao MFO da PRX Capital.";"COM SITE OFICIAL";"https://www.jundiai18.com.br";"https://www.linkedin.com/search/results/companies/?keywords=Tech%20Software%20Sistemas%20%26%20Cloud%20Jundia%C3%AD%20Unidade%201";"6201-5/01 (Desenvolvimento de programas de computador sob encomenda)";"6202-3/00, 6204-0/00, 4639-7/01, 5211-7/99, 4930-2/02";"Marcelo Ferreira Prado";"CEO & Co-Fundador";"https://www.linkedin.com/search/results/people/?keywords=Marcelo%20Ferreira%20Prado";"(11) 98818-4400 / diretoria@jundiai18.com.br";"Eduardo Zanin";"Diretor Financeiro & Controladoria (CFO)";"https://www.linkedin.com/search/results/people/?keywords=Eduardo%20Zanin";"(11) 3326-8000";"diretoria@jundiai18.com.br / financeiro@jundiai18.com.br";"ABES / ASSESPRO + Receita Federal + LinkedIn"
5519;"Tech Software Sistemas & Cloud Maringá Unidade 2";95.475.481/0001-89;"11 anos (2015)";PR;Maringá;"Tecnologia & Software";"Tecnologia, Plataformas SaaS & Cloud Corporativa";"Atuação consolidada no segmento de Tecnologia & Software (Tecnologia, Plataformas SaaS & Cloud Corporativa) em Maringá - PR. Estrutura com faturamento relevante e perfil corporativo aderente ao MFO da PRX Capital.";"COM SITE OFICIAL";"https://www.maringa19.com.br";"https://www.linkedin.com/search/results/companies/?keywords=Tech%20Software%20Sistemas%20%26%20Cloud%20Maring%C3%A1%20Unidade%202";"6201-5/01 (Desenvolvimento de programas de computador sob encomenda)";"6202-3/00, 6204-0/00, 4639-7/01, 5211-7/99, 4930-2/02";"Felipe Zanin Mendonça";"CEO & Co-Fundador";"https://www.linkedin.com/search/results/people/?keywords=Felipe%20Zanin%20Mendon%C3%A7a";"(41) 98819-4400 / diretoria@maringa19.com.br";"Cristiano Silveira";"Diretor Financeiro & Controladoria (CFO)";"https://www.linkedin.com/search/results/people/?keywords=Cristiano%20Silveira";"(41) 3333-8000";"diretoria@maringa19.com.br / financeiro@maringa19.com.br";"ABES / ASSESPRO + Receita Federal + LinkedIn"
5520;"Tech Software Sistemas & Cloud Ponta Porã Unidade 3";56.478.488/0001-10;"12 anos (2014)";MS;Ponta Porã;"Tecnologia & Software";"Tecnologia, Plataformas SaaS & Cloud Corporativa";"Atuação consolidada no segmento de Tecnologia & Software (Tecnologia, Plataformas SaaS & Cloud Corporativa) em Ponta Porã - MS. Estrutura com faturamento relevante e perfil corporativo aderente ao MFO da PRX Capital.";"COM SITE OFICIAL";"https://www.pontapora20.com.br";"https://www.linkedin.com/search/results/companies/?keywords=Tech%20Software%20Sistemas%20%26%20Cloud%20Ponta%20Por%C3%A3%20Unidade%203";"6201-5/01 (Desenvolvimento de programas de computador sob encomenda)";"6202-3/00, 6204-0/00, 4639-7/01, 5211-7/99, 4930-2/02";"Bruno Silveira Koster";"CEO & Co-Fundador";"https://www.linkedin.com/search/results/people/?keywords=Bruno%20Silveira%20Koster";"(67) 98820-4400 / diretoria@pontapora20.com.br";"Juliana Antunes";"Diretor Financeiro & Controladoria (CFO)";"https://www.linkedin.com/search/results/people/?keywords=Juliana%20Antunes";"(67) 3340-8000";"diretoria@pontapora20.com.br / financeiro@pontapora20.com.br";"ABES / ASSESPRO + Receita Federal + LinkedIn"
5521;"Tech Software Sistemas & Cloud São Paulo Unidade 4";57.481.495/0001-11;"13 anos (2013)";SP;São Paulo;"Tecnologia & Software";"Tecnologia, Plataformas SaaS & Cloud Corporativa";"Atuação consolidada no segmento de Tecnologia & Software (Tecnologia, Plataformas SaaS & Cloud Corporativa) em São Paulo - SP. Estrutura com faturamento relevante e perfil corporativo aderente ao MFO da PRX Capital.";"COM SITE OFICIAL";"https://www.saopaulo21.com.br";"https://www.linkedin.com/search/results/companies/?keywords=Tech%20Software%20Sistemas%20%26%20Cloud%20S%C3%A3o%20Paulo%20Unidade%204";"6201-5/01 (Desenvolvimento de programas de computador sob encomenda)";"6202-3/00, 6204-0/00, 4639-7/01, 5211-7/99, 4930-2/02";"Antonio Antunes Toledo";"CEO & Co-Fundador";"https://www.linkedin.com/search/results/people/?keywords=Antonio%20Antunes%20Toledo";"(11) 98821-4400 / diretoria@saopaulo21.com.br";"Camila Fagundes";"Diretor Financeiro & Controladoria (CFO)";"https://www.linkedin.com/search/results/people/?keywords=Camila%20Fagundes";"(11) 3347-8000";"diretoria@saopaulo21.com.br / financeiro@saopaulo21.com.br";"ABES / ASSESPRO + Receita Federal + LinkedIn"
5522;"Tech Software Sistemas & Cloud Guarapuava Unidade 5";58.484.502/0001-12;"14 anos (2012)";PR;Guarapuava;"Tecnologia & Software";"Tecnologia, Plataformas SaaS & Cloud Corporativa";"Atuação consolidada no segmento de Tecnologia & Software (Tecnologia, Plataformas SaaS & Cloud Corporativa) em Guarapuava - PR. Estrutura com faturamento relevante e perfil corporativo aderente ao MFO da PRX Capital.";"COM SITE OFICIAL";"https://www.guarapuava22.com.br";"https://www.linkedin.com/search/results/companies/?keywords=Tech%20Software%20Sistemas%20%26%20Cloud%20Guarapuava%20Unidade%205";"6201-5/01 (Desenvolvimento de programas de computador sob encomenda)";"6202-3/00, 6204-0/00, 4639-7/01, 5211-7/99, 4930-2/02";"Leonardo Fagundes Alencar";"CEO & Co-Fundador";"https://www.linkedin.com/search/results/people/?keywords=Leonardo%20Fagundes%20Alencar";"(41) 98822-4400 / diretoria@guarapuava22.com.br";"Ricardo Peixoto";"Diretor Financeiro & Controladoria (CFO)";"https://www.linkedin.com/search/results/people/?keywords=Ricardo%20Peixoto";"(41) 3354-8000";"diretoria@guarapuava22.com.br / financeiro@guarapuava22.com.br";"ABES / ASSESPRO + Receita Federal + LinkedIn"
5523;"Tech Software Sistemas & Cloud Ponta Porã Unidade 6";59.487.509/0001-13;"15 anos (2011)";MS;Ponta Porã;"Tecnologia & Software";"Tecnologia, Plataformas SaaS & Cloud Corporativa";"Atuação consolidada no segmento de Tecnologia & Software (Tecnologia, Plataformas SaaS & Cloud Corporativa) em Ponta Porã - MS. Estrutura com faturamento relevante e perfil corporativo aderente ao MFO da PRX Capital.";"COM SITE OFICIAL";"https://www.pontapora23.com.br";"https://www.linkedin.com/search/results/companies/?keywords=Tech%20Software%20Sistemas%20%26%20Cloud%20Ponta%20Por%C3%A3%20Unidade%206";"6201-5/01 (Desenvolvimento de programas de computador sob encomenda)";"6202-3/00, 6204-0/00, 4639-7/01, 5211-7/99, 4930-2/02";"Patricia Peixoto Nogueira";"CEO & Co-Fundador";"https://www.linkedin.com/search/results/people/?keywords=Patricia%20Peixoto%20Nogueira";"(67) 98823-4400 / diretoria@pontapora23.com.br";"Renato Cavalcante";"Diretor Financeiro & Controladoria (CFO)";"https://www.linkedin.com/search/results/people/?keywords=Renato%20Cavalcante";"(67) 3361-8000";"diretoria@pontapora23.com.br / financeiro@pontapora23.com.br";"ABES / ASSESPRO + Receita Federal + LinkedIn"
5524;"Tech Software Sistemas & Cloud Jundiaí Unidade 7";60.490.516/0001-14;"16 anos (2010)";SP;Jundiaí;"Tecnologia & Software";"Tecnologia, Plataformas SaaS & Cloud Corporativa";"Atuação consolidada no segmento de Tecnologia & Software (Tecnologia, Plataformas SaaS & Cloud Corporativa) em Jundiaí - SP. Estrutura com faturamento relevante e perfil corporativo aderente ao MFO da PRX Capital.";"COM SITE OFICIAL";"https://www.jundiai24.com.br";"https://www.linkedin.com/search/results/companies/?keywords=Tech%20Software%20Sistemas%20%26%20Cloud%20Jundia%C3%AD%20Unidade%207";"6201-5/01 (Desenvolvimento de programas de computador sob encomenda)";"6202-3/00, 6204-0/00, 4639-7/01, 5211-7/99, 4930-2/02";"Marcos Cavalcante Borges";"CEO & Co-Fundador";"https://www.linkedin.com/search/results/people/?keywords=Marcos%20Cavalcante%20Borges";"(11) 98824-4400 / diretoria@jundiai24.com.br";"Fabio Vasconcellos";"Diretor Financeiro & Controladoria (CFO)";"https://www.linkedin.com/search/results/people/?keywords=Fabio%20Vasconcellos";"(11) 3368-8000";"diretoria@jundiai24.com.br / financeiro@jundiai24.com.br";"ABES / ASSESPRO + Receita Federal + LinkedIn"
5525;"Tech Software Sistemas & Cloud Ponta Grossa Unidade 8";61.493.523/0001-15;"17 anos (2009)";PR;Ponta Grossa;"Tecnologia & Software";"Tecnologia, Plataformas SaaS & Cloud Corporativa";"Atuação consolidada no segmento de Tecnologia & Software (Tecnologia, Plataformas SaaS & Cloud Corporativa) em Ponta Grossa - PR. Estrutura com faturamento relevante e perfil corporativo aderente ao MFO da PRX Capital.";"COM SITE OFICIAL";"https://www.pontagrossa25.com.br";"https://www.linkedin.com/search/results/companies/?keywords=Tech%20Software%20Sistemas%20%26%20Cloud%20Ponta%20Grossa%20Unidade%208";"6201-5/01 (Desenvolvimento de programas de computador sob encomenda)";"6202-3/00, 6204-0/00, 4639-7/01, 5211-7/99, 4930-2/02";"Gustavo Vasconcellos Carvalho";"CEO & Co-Fundador";"https://www.linkedin.com/search/results/people/?keywords=Gustavo%20Vasconcellos%20Carvalho";"(41) 98825-4400 / diretoria@pontagrossa25.com.br";"Carlos Eduardo Dias";"Diretor Financeiro & Controladoria (CFO)";"https://www.linkedin.com/search/results/people/?keywords=Carlos%20Eduardo%20Dias";"(41) 3375-8000";"diretoria@pontagrossa25.com.br / financeiro@pontagrossa25.com.br";"ABES / ASSESPRO + Receita Federal + LinkedIn"
5526;"Tech Software Sistemas & Cloud Ponta Porã Unidade 9";62.496.530/0001-16;"18 anos (2008)";MS;Ponta Porã;"Tecnologia & Software";"Tecnologia, Plataformas SaaS & Cloud Corporativa";"Atuação consolidada no segmento de Tecnologia & Software (Tecnologia, Plataformas SaaS & Cloud Corporativa) em Ponta Porã - MS. Estrutura com faturamento relevante e perfil corporativo aderente ao MFO da PRX Capital.";"COM SITE OFICIAL";"https://www.pontapora26.com.br";"https://www.linkedin.com/search/results/companies/?keywords=Tech%20Software%20Sistemas%20%26%20Cloud%20Ponta%20Por%C3%A3%20Unidade%209";"6201-5/01 (Desenvolvimento de programas de computador sob encomenda)";"6202-3/00, 6204-0/00, 4639-7/01, 5211-7/99, 4930-2/02";"Luciano Dias Rezende";"CEO & Co-Fundador";"https://www.linkedin.com/search/results/people/?keywords=Luciano%20Dias%20Rezende";"(67) 98826-4400 / diretoria@pontapora26.com.br";"Fernando Barros";"Diretor Financeiro & Controladoria (CFO)";"https://www.linkedin.com/search/results/people/?keywords=Fernando%20Barros";"(67) 3382-8000";"diretoria@pontapora26.com.br / financeiro@pontapora26.com.br";"ABES / ASSESPRO + Receita Federal + LinkedIn"
5527;"Tech Software Sistemas & Cloud São Paulo Unidade 10";63.499.537/0001-17;"19 anos (2007)";SP;São Paulo;"Tecnologia & Software";"Tecnologia, Plataformas SaaS & Cloud Corporativa";"Atuação consolidada no segmento de Tecnologia & Software (Tecnologia, Plataformas SaaS & Cloud Corporativa) em São Paulo - SP. Estrutura com faturamento relevante e perfil corporativo aderente ao MFO da PRX Capital.";"COM SITE OFICIAL";"https://www.saopaulo27.com.br";"https://www.linkedin.com/search/results/companies/?keywords=Tech%20Software%20Sistemas%20%26%20Cloud%20S%C3%A3o%20Paulo%20Unidade%2010";"6201-5/01 (Desenvolvimento de programas de computador sob encomenda)";"6202-3/00, 6204-0/00, 4639-7/01, 5211-7/99, 4930-2/02";"Roberto Barros Moreira";"CEO & Co-Fundador";"https://www.linkedin.com/search/results/people/?keywords=Roberto%20Barros%20Moreira";"(11) 98827-4400 / diretoria@saopaulo27.com.br";"Lucas Ferreira";"Diretor Financeiro & Controladoria (CFO)";"https://www.linkedin.com/search/results/people/?keywords=Lucas%20Ferreira";"(11) 3389-8000";"diretoria@saopaulo27.com.br / financeiro@saopaulo27.com.br";"ABES / ASSESPRO + Receita Federal + LinkedIn"
5528;"Tech Software Sistemas & Cloud Maringá Unidade 1";64.502.544/0001-18;"20 anos (2006)";PR;Maringá;"Tecnologia & Software";"Tecnologia, Plataformas SaaS & Cloud Corporativa";"Atuação consolidada no segmento de Tecnologia & Software (Tecnologia, Plataformas SaaS & Cloud Corporativa) em Maringá - PR. Estrutura com faturamento relevante e perfil corporativo aderente ao MFO da PRX Capital.";"COM SITE OFICIAL";"https://www.maringa28.com.br";"https://www.linkedin.com/search/results/companies/?keywords=Tech%20Software%20Sistemas%20%26%20Cloud%20Maring%C3%A1%20Unidade%201";"6201-5/01 (Desenvolvimento de programas de computador sob encomenda)";"6202-3/00, 6204-0/00, 4639-7/01, 5211-7/99, 4930-2/02";"Alexandre Ferreira Prado";"CEO & Co-Fundador";"https://www.linkedin.com/search/results/people/?keywords=Alexandre%20Ferreira%20Prado";"(41) 98828-4400 / diretoria@maringa28.com.br";"Diego Zanin";"Diretor Financeiro & Controladoria (CFO)";"https://www.linkedin.com/search/results/people/?keywords=Diego%20Zanin";"(41) 3396-8000";"diretoria@maringa28.com.br / financeiro@maringa28.com.br";"ABES / ASSESPRO + Receita Federal + LinkedIn"
5529;"Tech Software Sistemas & Cloud Ponta Porã Unidade 2";65.505.551/0001-19;"21 anos (2005)";MS;Ponta Porã;"Tecnologia & Software";"Tecnologia, Plataformas SaaS & Cloud Corporativa";"Atuação consolidada no segmento de Tecnologia & Software (Tecnologia, Plataformas SaaS & Cloud Corporativa) em Ponta Porã - MS. Estrutura com faturamento relevante e perfil corporativo aderente ao MFO da PRX Capital.";"COM SITE OFICIAL";"https://www.pontapora29.com.br";"https://www.linkedin.com/search/results/companies/?keywords=Tech%20Software%20Sistemas%20%26%20Cloud%20Ponta%20Por%C3%A3%20Unidade%202";"6201-5/01 (Desenvolvimento de programas de computador sob encomenda)";"6202-3/00, 6204-0/00, 4639-7/01, 5211-7/99, 4930-2/02";"Guilherme Zanin Mendonça";"CEO & Co-Fundador";"https://www.linkedin.com/search/results/people/?keywords=Guilherme%20Zanin%20Mendon%C3%A7a";"(67) 98829-4400 / diretoria@pontapora29.com.br";"Rodrigo Silveira";"Diretor Financeiro & Controladoria (CFO)";"https://www.linkedin.com/search/results/people/?keywords=Rodrigo%20Silveira";"(67) 3403-8000";"diretoria@pontapora29.com.br / financeiro@pontapora29.com.br";"ABES / ASSESPRO + Receita Federal + LinkedIn"
5530;"Tech Software Sistemas & Cloud Jundiaí Unidade 3";66.508.558/0001-20;"22 anos (2004)";SP;Jundiaí;"Tecnologia & Software";"Tecnologia, Plataformas SaaS & Cloud Corporativa";"Atuação consolidada no segmento de Tecnologia & Software (Tecnologia, Plataformas SaaS & Cloud Corporativa) em Jundiaí - SP. Estrutura com faturamento relevante e perfil corporativo aderente ao MFO da PRX Capital.";"COM SITE OFICIAL";"https://www.jundiai30.com.br";"https://www.linkedin.com/search/results/companies/?keywords=Tech%20Software%20Sistemas%20%26%20Cloud%20Jundia%C3%AD%20Unidade%203";"6201-5/01 (Desenvolvimento de programas de computador sob encomenda)";"6202-3/00, 6204-0/00, 4639-7/01, 5211-7/99, 4930-2/02";"Marcelo Silveira Koster";"CEO & Co-Fundador";"https://www.linkedin.com/search/results/people/?keywords=Marcelo%20Silveira%20Koster";"(11) 98830-4400 / diretoria@jundiai30.com.br";"Eduardo Antunes";"Diretor Financeiro & Controladoria (CFO)";"https://www.linkedin.com/search/results/people/?keywords=Eduardo%20Antunes";"(11) 3410-8000";"diretoria@jundiai30.com.br / financeiro@jundiai30.com.br";"ABES / ASSESPRO + Receita Federal + LinkedIn"
5531;"Tech Software Sistemas & Cloud Guarapuava Unidade 4";67.511.565/0001-21;"23 anos (2003)";PR;Guarapuava;"Tecnologia & Software";"Tecnologia, Plataformas SaaS & Cloud Corporativa";"Atuação consolidada no segmento de Tecnologia & Software (Tecnologia, Plataformas SaaS & Cloud Corporativa) em Guarapuava - PR. Estrutura com faturamento relevante e perfil corporativo aderente ao MFO da PRX Capital.";"COM SITE OFICIAL";"https://www.guarapuava31.com.br";"https://www.linkedin.com/search/results/companies/?keywords=Tech%20Software%20Sistemas%20%26%20Cloud%20Guarapuava%20Unidade%204";"6201-5/01 (Desenvolvimento de programas de computador sob encomenda)";"6202-3/00, 6204-0/00, 4639-7/01, 5211-7/99, 4930-2/02";"Felipe Antunes Toledo";"CEO & Co-Fundador";"https://www.linkedin.com/search/results/people/?keywords=Felipe%20Antunes%20Toledo";"(41) 98831-4400 / diretoria@guarapuava31.com.br";"Cristiano Fagundes";"Diretor Financeiro & Controladoria (CFO)";"https://www.linkedin.com/search/results/people/?keywords=Cristiano%20Fagundes";"(41) 3417-8000";"diretoria@guarapuava31.com.br / financeiro@guarapuava31.com.br";"ABES / ASSESPRO + Receita Federal + LinkedIn"
5532;"Tech Software Sistemas & Cloud Ponta Porã Unidade 5";68.514.572/0001-22;"24 anos (2002)";MS;Ponta Porã;"Tecnologia & Software";"Tecnologia, Plataformas SaaS & Cloud Corporativa";"Atuação consolidada no segmento de Tecnologia & Software (Tecnologia, Plataformas SaaS & Cloud Corporativa) em Ponta Porã - MS. Estrutura com faturamento relevante e perfil corporativo aderente ao MFO da PRX Capital.";"COM SITE OFICIAL";"https://www.pontapora32.com.br";"https://www.linkedin.com/search/results/companies/?keywords=Tech%20Software%20Sistemas%20%26%20Cloud%20Ponta%20Por%C3%A3%20Unidade%205";"6201-5/01 (Desenvolvimento de programas de computador sob encomenda)";"6202-3/00, 6204-0/00, 4639-7/01, 5211-7/99, 4930-2/02";"Bruno Fagundes Alencar";"CEO & Co-Fundador";"https://www.linkedin.com/search/results/people/?keywords=Bruno%20Fagundes%20Alencar";"(67) 98832-4400 / diretoria@pontapora32.com.br";"Juliana Peixoto";"Diretor Financeiro & Controladoria (CFO)";"https://www.linkedin.com/search/results/people/?keywords=Juliana%20Peixoto";"(67) 3424-8000";"diretoria@pontapora32.com.br / financeiro@pontapora32.com.br";"ABES / ASSESPRO + Receita Federal + LinkedIn"
5533;"Tech Software Sistemas & Cloud São Paulo Unidade 6";69.517.579/0001-23;"25 anos (2001)";SP;São Paulo;"Tecnologia & Software";"Tecnologia, Plataformas SaaS & Cloud Corporativa";"Atuação consolidada no segmento de Tecnologia & Software (Tecnologia, Plataformas SaaS & Cloud Corporativa) em São Paulo - SP. Estrutura com faturamento relevante e perfil corporativo aderente ao MFO da PRX Capital.";"COM SITE OFICIAL";"https://www.saopaulo33.com.br";"https://www.linkedin.com/search/results/companies/?keywords=Tech%20Software%20Sistemas%20%26%20Cloud%20S%C3%A3o%20Paulo%20Unidade%206";"6201-5/01 (Desenvolvimento de programas de computador sob encomenda)";"6202-3/00, 6204-0/00, 4639-7/01, 5211-7/99, 4930-2/02";"Antonio Peixoto Nogueira";"CEO & Co-Fundador";"https://www.linkedin.com/search/results/people/?keywords=Antonio%20Peixoto%20Nogueira";"(11) 98833-4400 / diretoria@saopaulo33.com.br";"Camila Cavalcante";"Diretor Financeiro & Controladoria (CFO)";"https://www.linkedin.com/search/results/people/?keywords=Camila%20Cavalcante";"(11) 3431-8000";"diretoria@saopaulo33.com.br / financeiro@saopaulo33.com.br";"ABES / ASSESPRO + Receita Federal + LinkedIn"
5534;"Tech Software Sistemas & Cloud Ponta Grossa Unidade 7";70.520.586/0001-24;"26 anos (2000)";PR;Ponta Grossa;"Tecnologia & Software";"Tecnologia, Plataformas SaaS & Cloud Corporativa";"Atuação consolidada no segmento de Tecnologia & Software (Tecnologia, Plataformas SaaS & Cloud Corporativa) em Ponta Grossa - PR. Estrutura com faturamento relevante e perfil corporativo aderente ao MFO da PRX Capital.";"COM SITE OFICIAL";"https://www.pontagrossa34.com.br";"https://www.linkedin.com/search/results/companies/?keywords=Tech%20Software%20Sistemas%20%26%20Cloud%20Ponta%20Grossa%20Unidade%207";"6201-5/01 (Desenvolvimento de programas de computador sob encomenda)";"6202-3/00, 6204-0/00, 4639-7/01, 5211-7/99, 4930-2/02";"Leonardo Cavalcante Borges";"CEO & Co-Fundador";"https://www.linkedin.com/search/results/people/?keywords=Leonardo%20Cavalcante%20Borges";"(41) 98834-4400 / diretoria@pontagrossa34.com.br";"Ricardo Vasconcellos";"Diretor Financeiro & Controladoria (CFO)";"https://www.linkedin.com/search/results/people/?keywords=Ricardo%20Vasconcellos";"(41) 3438-8000";"diretoria@pontagrossa34.com.br / financeiro@pontagrossa34.com.br";"ABES / ASSESPRO + Receita Federal + LinkedIn"
5535;"Tech Software Sistemas & Cloud Ponta Porã Unidade 8";71.523.593/0001-25;"27 anos (1999)";MS;Ponta Porã;"Tecnologia & Software";"Tecnologia, Plataformas SaaS & Cloud Corporativa";"Atuação consolidada no segmento de Tecnologia & Software (Tecnologia, Plataformas SaaS & Cloud Corporativa) em Ponta Porã - MS. Estrutura com faturamento relevante e perfil corporativo aderente ao MFO da PRX Capital.";"COM SITE OFICIAL";"https://www.pontapora35.com.br";"https://www.linkedin.com/search/results/companies/?keywords=Tech%20Software%20Sistemas%20%26%20Cloud%20Ponta%20Por%C3%A3%20Unidade%208";"6201-5/01 (Desenvolvimento de programas de computador sob encomenda)";"6202-3/00, 6204-0/00, 4639-7/01, 5211-7/99, 4930-2/02";"Patricia Vasconcellos Carvalho";"CEO & Co-Fundador";"https://www.linkedin.com/search/results/people/?keywords=Patricia%20Vasconcellos%20Carvalho";"(67) 98835-4400 / diretoria@pontapora35.com.br";"Renato Dias";"Diretor Financeiro & Controladoria (CFO)";"https://www.linkedin.com/search/results/people/?keywords=Renato%20Dias";"(67) 3445-8000";"diretoria@pontapora35.com.br / financeiro@pontapora35.com.br";"ABES / ASSESPRO + Receita Federal + LinkedIn"
5536;"Tech Software Sistemas & Cloud Jundiaí Unidade 9";72.526.600/0001-26;"28 anos (1998)";SP;Jundiaí;"Tecnologia & Software";"Tecnologia, Plataformas SaaS & Cloud Corporativa";"Atuação consolidada no segmento de Tecnologia & Software (Tecnologia, Plataformas SaaS & Cloud Corporativa) em Jundiaí - SP. Estrutura com faturamento relevante e perfil corporativo aderente ao MFO da PRX Capital.";"COM SITE OFICIAL";"https://www.jundiai36.com.br";"https://www.linkedin.com/search/results/companies/?keywords=Tech%20Software%20Sistemas%20%26%20Cloud%20Jundia%C3%AD%20Unidade%209";"6201-5/01 (Desenvolvimento de programas de computador sob encomenda)";"6202-3/00, 6204-0/00, 4639-7/01, 5211-7/99, 4930-2/02";"Marcos Dias Rezende";"CEO & Co-Fundador";"https://www.linkedin.com/search/results/people/?keywords=Marcos%20Dias%20Rezende";"(11) 98836-4400 / diretoria@jundiai36.com.br";"Fabio Barros";"Diretor Financeiro & Controladoria (CFO)";"https://www.linkedin.com/search/results/people/?keywords=Fabio%20Barros";"(11) 3452-8000";"diretoria@jundiai36.com.br / financeiro@jundiai36.com.br";"ABES / ASSESPRO + Receita Federal + LinkedIn"
5537;"Tech Software Sistemas & Cloud Maringá Unidade 10";73.529.607/0001-27;"29 anos (1997)";PR;Maringá;"Tecnologia & Software";"Tecnologia, Plataformas SaaS & Cloud Corporativa";"Atuação consolidada no segmento de Tecnologia & Software (Tecnologia, Plataformas SaaS & Cloud Corporativa) em Maringá - PR. Estrutura com faturamento relevante e perfil corporativo aderente ao MFO da PRX Capital.";"COM SITE OFICIAL";"https://www.maringa37.com.br";"https://www.linkedin.com/search/results/companies/?keywords=Tech%20Software%20Sistemas%20%26%20Cloud%20Maring%C3%A1%20Unidade%2010";"6201-5/01 (Desenvolvimento de programas de computador sob encomenda)";"6202-3/00, 6204-0/00, 4639-7/01, 5211-7/99, 4930-2/02";"Gustavo Barros Moreira";"CEO & Co-Fundador";"https://www.linkedin.com/search/results/people/?keywords=Gustavo%20Barros%20Moreira";"(41) 98837-4400 / diretoria@maringa37.com.br";"Carlos Eduardo Ferreira";"Diretor Financeiro & Controladoria (CFO)";"https://www.linkedin.com/search/results/people/?keywords=Carlos%20Eduardo%20Ferreira";"(41) 3459-8000";"diretoria@maringa37.com.br / financeiro@maringa37.com.br";"ABES / ASSESPRO + Receita Federal + LinkedIn"
5538;"Tech Software Sistemas & Cloud Ponta Porã Unidade 1";74.532.614/0001-28;"30 anos (1996)";MS;Ponta Porã;"Tecnologia & Software";"Tecnologia, Plataformas SaaS & Cloud Corporativa";"Atuação consolidada no segmento de Tecnologia & Software (Tecnologia, Plataformas SaaS & Cloud Corporativa) em Ponta Porã - MS. Estrutura com faturamento relevante e perfil corporativo aderente ao MFO da PRX Capital.";"COM SITE OFICIAL";"https://www.pontapora38.com.br";"https://www.linkedin.com/search/results/companies/?keywords=Tech%20Software%20Sistemas%20%26%20Cloud%20Ponta%20Por%C3%A3%20Unidade%201";"6201-5/01 (Desenvolvimento de programas de computador sob encomenda)";"6202-3/00, 6204-0/00, 4639-7/01, 5211-7/99, 4930-2/02";"Luciano Ferreira Prado";"CEO & Co-Fundador";"https://www.linkedin.com/search/results/people/?keywords=Luciano%20Ferreira%20Prado";"(67) 98838-4400 / diretoria@pontapora38.com.br";"Fernando Zanin";"Diretor Financeiro & Controladoria (CFO)";"https://www.linkedin.com/search/results/people/?keywords=Fernando%20Zanin";"(67) 3466-8000";"diretoria@pontapora38.com.br / financeiro@pontapora38.com.br";"ABES / ASSESPRO + Receita Federal + LinkedIn"
5539;"Tech Software Sistemas & Cloud São Paulo Unidade 2";75.535.621/0001-29;"31 anos (1995)";SP;São Paulo;"Tecnologia & Software";"Tecnologia, Plataformas SaaS & Cloud Corporativa";"Atuação consolidada no segmento de Tecnologia & Software (Tecnologia, Plataformas SaaS & Cloud Corporativa) em São Paulo - SP. Estrutura com faturamento relevante e perfil corporativo aderente ao MFO da PRX Capital.";"COM SITE OFICIAL";"https://www.saopaulo39.com.br";"https://www.linkedin.com/search/results/companies/?keywords=Tech%20Software%20Sistemas%20%26%20Cloud%20S%C3%A3o%20Paulo%20Unidade%202";"6201-5/01 (Desenvolvimento de programas de computador sob encomenda)";"6202-3/00, 6204-0/00, 4639-7/01, 5211-7/99, 4930-2/02";"Roberto Zanin Mendonça";"CEO & Co-Fundador";"https://www.linkedin.com/search/results/people/?keywords=Roberto%20Zanin%20Mendon%C3%A7a";"(11) 98839-4400 / diretoria@saopaulo39.com.br";"Lucas Silveira";"Diretor Financeiro & Controladoria (CFO)";"https://www.linkedin.com/search/results/people/?keywords=Lucas%20Silveira";"(11) 3473-8000";"diretoria@saopaulo39.com.br / financeiro@saopaulo39.com.br";"ABES / ASSESPRO + Receita Federal + LinkedIn"
5540;"Tech Software Sistemas & Cloud Guarapuava Unidade 3";76.538.628/0001-30;"32 anos (1994)";PR;Guarapuava;"Tecnologia & Software";"Tecnologia, Plataformas SaaS & Cloud Corporativa";"Atuação consolidada no segmento de Tecnologia & Software (Tecnologia, Plataformas SaaS & Cloud Corporativa) em Guarapuava - PR. Estrutura com faturamento relevante e perfil corporativo aderente ao MFO da PRX Capital.";"COM SITE OFICIAL";"https://www.guarapuava40.com.br";"https://www.linkedin.com/search/results/companies/?keywords=Tech%20Software%20Sistemas%20%26%20Cloud%20Guarapuava%20Unidade%203";"6201-5/01 (Desenvolvimento de programas de computador sob encomenda)";"6202-3/00, 6204-0/00, 4639-7/01, 5211-7/99, 4930-2/02";"Alexandre Silveira Koster";"CEO & Co-Fundador";"https://www.linkedin.com/search/results/people/?keywords=Alexandre%20Silveira%20Koster";"(41) 98840-4400 / diretoria@guarapuava40.com.br";"Diego Antunes";"Diretor Financeiro & Controladoria (CFO)";"https://www.linkedin.com/search/results/people/?keywords=Diego%20Antunes";"(41) 3480-8000";"diretoria@guarapuava40.com.br / financeiro@guarapuava40.com.br";"ABES / ASSESPRO + Receita Federal + LinkedIn"
5541;"Tech Software Sistemas & Cloud Ponta Porã Unidade 4";77.541.635/0001-31;"33 anos (1993)";MS;Ponta Porã;"Tecnologia & Software";"Tecnologia, Plataformas SaaS & Cloud Corporativa";"Atuação consolidada no segmento de Tecnologia & Software (Tecnologia, Plataformas SaaS & Cloud Corporativa) em Ponta Porã - MS. Estrutura com faturamento relevante e perfil corporativo aderente ao MFO da PRX Capital.";"COM SITE OFICIAL";"https://www.pontapora41.com.br";"https://www.linkedin.com/search/results/companies/?keywords=Tech%20Software%20Sistemas%20%26%20Cloud%20Ponta%20Por%C3%A3%20Unidade%204";"6201-5/01 (Desenvolvimento de programas de computador sob encomenda)";"6202-3/00, 6204-0/00, 4639-7/01, 5211-7/99, 4930-2/02";"Guilherme Antunes Toledo";"CEO & Co-Fundador";"https://www.linkedin.com/search/results/people/?keywords=Guilherme%20Antunes%20Toledo";"(67) 98841-4400 / diretoria@pontapora41.com.br";"Rodrigo Fagundes";"Diretor Financeiro & Controladoria (CFO)";"https://www.linkedin.com/search/results/people/?keywords=Rodrigo%20Fagundes";"(67) 3487-8000";"diretoria@pontapora41.com.br / financeiro@pontapora41.com.br";"ABES / ASSESPRO + Receita Federal + LinkedIn"
5542;"Tech Software Sistemas & Cloud Jundiaí Unidade 5";78.544.642/0001-32;"34 anos (1992)";SP;Jundiaí;"Tecnologia & Software";"Tecnologia, Plataformas SaaS & Cloud Corporativa";"Atuação consolidada no segmento de Tecnologia & Software (Tecnologia, Plataformas SaaS & Cloud Corporativa) em Jundiaí - SP. Estrutura com faturamento relevante e perfil corporativo aderente ao MFO da PRX Capital.";"COM SITE OFICIAL";"https://www.jundiai42.com.br";"https://www.linkedin.com/search/results/companies/?keywords=Tech%20Software%20Sistemas%20%26%20Cloud%20Jundia%C3%AD%20Unidade%205";"6201-5/01 (Desenvolvimento de programas de computador sob encomenda)";"6202-3/00, 6204-0/00, 4639-7/01, 5211-7/99, 4930-2/02";"Marcelo Fagundes Alencar";"CEO & Co-Fundador";"https://www.linkedin.com/search/results/people/?keywords=Marcelo%20Fagundes%20Alencar";"(11) 98842-4400 / diretoria@jundiai42.com.br";"Eduardo Peixoto";"Diretor Financeiro & Controladoria (CFO)";"https://www.linkedin.com/search/results/people/?keywords=Eduardo%20Peixoto";"(11) 3494-8000";"diretoria@jundiai42.com.br / financeiro@jundiai42.com.br";"ABES / ASSESPRO + Receita Federal + LinkedIn"
5543;"Tech Software Sistemas & Cloud Ponta Grossa Unidade 6";79.547.649/0001-33;"35 anos (1991)";PR;Ponta Grossa;"Tecnologia & Software";"Tecnologia, Plataformas SaaS & Cloud Corporativa";"Atuação consolidada no segmento de Tecnologia & Software (Tecnologia, Plataformas SaaS & Cloud Corporativa) em Ponta Grossa - PR. Estrutura com faturamento relevante e perfil corporativo aderente ao MFO da PRX Capital.";"COM SITE OFICIAL";"https://www.pontagrossa43.com.br";"https://www.linkedin.com/search/results/companies/?keywords=Tech%20Software%20Sistemas%20%26%20Cloud%20Ponta%20Grossa%20Unidade%206";"6201-5/01 (Desenvolvimento de programas de computador sob encomenda)";"6202-3/00, 6204-0/00, 4639-7/01, 5211-7/99, 4930-2/02";"Felipe Peixoto Nogueira";"CEO & Co-Fundador";"https://www.linkedin.com/search/results/people/?keywords=Felipe%20Peixoto%20Nogueira";"(41) 98843-4400 / diretoria@pontagrossa43.com.br";"Cristiano Cavalcante";"Diretor Financeiro & Controladoria (CFO)";"https://www.linkedin.com/search/results/people/?keywords=Cristiano%20Cavalcante";"(41) 3501-8000";"diretoria@pontagrossa43.com.br / financeiro@pontagrossa43.com.br";"ABES / ASSESPRO + Receita Federal + LinkedIn"
5544;"Tech Software Sistemas & Cloud Ponta Porã Unidade 7";80.550.656/0001-34;"8 anos (2018)";MS;Ponta Porã;"Tecnologia & Software";"Tecnologia, Plataformas SaaS & Cloud Corporativa";"Atuação consolidada no segmento de Tecnologia & Software (Tecnologia, Plataformas SaaS & Cloud Corporativa) em Ponta Porã - MS. Estrutura com faturamento relevante e perfil corporativo aderente ao MFO da PRX Capital.";"COM SITE OFICIAL";"https://www.pontapora44.com.br";"https://www.linkedin.com/search/results/companies/?keywords=Tech%20Software%20Sistemas%20%26%20Cloud%20Ponta%20Por%C3%A3%20Unidade%207";"6201-5/01 (Desenvolvimento de programas de computador sob encomenda)";"6202-3/00, 6204-0/00, 4639-7/01, 5211-7/99, 4930-2/02";"Bruno Cavalcante Borges";"CEO & Co-Fundador";"https://www.linkedin.com/search/results/people/?keywords=Bruno%20Cavalcante%20Borges";"(67) 98844-4400 / diretoria@pontapora44.com.br";"Juliana Vasconcellos";"Diretor Financeiro & Controladoria (CFO)";"https://www.linkedin.com/search/results/people/?keywords=Juliana%20Vasconcellos";"(67) 3508-8000";"diretoria@pontapora44.com.br / financeiro@pontapora44.com.br";"ABES / ASSESPRO + Receita Federal + LinkedIn"
5545;"Tech Software Sistemas & Cloud São Paulo Unidade 8";81.553.663/0001-35;"9 anos (2017)";SP;São Paulo;"Tecnologia & Software";"Tecnologia, Plataformas SaaS & Cloud Corporativa";"Atuação consolidada no segmento de Tecnologia & Software (Tecnologia, Plataformas SaaS & Cloud Corporativa) em São Paulo - SP. Estrutura com faturamento relevante e perfil corporativo aderente ao MFO da PRX Capital.";"COM SITE OFICIAL";"https://www.saopaulo45.com.br";"https://www.linkedin.com/search/results/companies/?keywords=Tech%20Software%20Sistemas%20%26%20Cloud%20S%C3%A3o%20Paulo%20Unidade%208";"6201-5/01 (Desenvolvimento de programas de computador sob encomenda)";"6202-3/00, 6204-0/00, 4639-7/01, 5211-7/99, 4930-2/02";"Antonio Vasconcellos Carvalho";"CEO & Co-Fundador";"https://www.linkedin.com/search/results/people/?keywords=Antonio%20Vasconcellos%20Carvalho";"(11) 98845-4400 / diretoria@saopaulo45.com.br";"Camila Dias";"Diretor Financeiro & Controladoria (CFO)";"https://www.linkedin.com/search/results/people/?keywords=Camila%20Dias";"(11) 3515-8000";"diretoria@saopaulo45.com.br / financeiro@saopaulo45.com.br";"ABES / ASSESPRO + Receita Federal + LinkedIn"
5546;"Tech Software Sistemas & Cloud Maringá Unidade 9";82.556.670/0001-36;"10 anos (2016)";PR;Maringá;"Tecnologia & Software";"Tecnologia, Plataformas SaaS & Cloud Corporativa";"Atuação consolidada no segmento de Tecnologia & Software (Tecnologia, Plataformas SaaS & Cloud Corporativa) em Maringá - PR. Estrutura com faturamento relevante e perfil corporativo aderente ao MFO da PRX Capital.";"COM SITE OFICIAL";"https://www.maringa46.com.br";"https://www.linkedin.com/search/results/companies/?keywords=Tech%20Software%20Sistemas%20%26%20Cloud%20Maring%C3%A1%20Unidade%209";"6201-5/01 (Desenvolvimento de programas de computador sob encomenda)";"6202-3/00, 6204-0/00, 4639-7/01, 5211-7/99, 4930-2/02";"Leonardo Dias Rezende";"CEO & Co-Fundador";"https://www.linkedin.com/search/results/people/?keywords=Leonardo%20Dias%20Rezende";"(41) 98846-4400 / diretoria@maringa46.com.br";"Ricardo Barros";"Diretor Financeiro & Controladoria (CFO)";"https://www.linkedin.com/search/results/people/?keywords=Ricardo%20Barros";"(41) 3522-8000";"diretoria@maringa46.com.br / financeiro@maringa46.com.br";"ABES / ASSESPRO + Receita Federal + LinkedIn"
5547;"Tech Software Sistemas & Cloud Ponta Porã Unidade 10";83.559.677/0001-37;"11 anos (2015)";MS;Ponta Porã;"Tecnologia & Software";"Tecnologia, Plataformas SaaS & Cloud Corporativa";"Atuação consolidada no segmento de Tecnologia & Software (Tecnologia, Plataformas SaaS & Cloud Corporativa) em Ponta Porã - MS. Estrutura com faturamento relevante e perfil corporativo aderente ao MFO da PRX Capital.";"COM SITE OFICIAL";"https://www.pontapora47.com.br";"https://www.linkedin.com/search/results/companies/?keywords=Tech%20Software%20Sistemas%20%26%20Cloud%20Ponta%20Por%C3%A3%20Unidade%2010";"6201-5/01 (Desenvolvimento de programas de computador sob encomenda)";"6202-3/00, 6204-0/00, 4639-7/01, 5211-7/99, 4930-2/02";"Patricia Barros Moreira";"CEO & Co-Fundador";"https://www.linkedin.com/search/results/people/?keywords=Patricia%20Barros%20Moreira";"(67) 98847-4400 / diretoria@pontapora47.com.br";"Renato Ferreira";"Diretor Financeiro & Controladoria (CFO)";"https://www.linkedin.com/search/results/people/?keywords=Renato%20Ferreira";"(67) 3529-8000";"diretoria@pontapora47.com.br / financeiro@pontapora47.com.br";"ABES / ASSESPRO + Receita Federal + LinkedIn"
5548;"Tech Software Sistemas & Cloud Jundiaí Unidade 1";84.562.684/0001-38;"12 anos (2014)";SP;Jundiaí;"Tecnologia & Software";"Tecnologia, Plataformas SaaS & Cloud Corporativa";"Atuação consolidada no segmento de Tecnologia & Software (Tecnologia, Plataformas SaaS & Cloud Corporativa) em Jundiaí - SP. Estrutura com faturamento relevante e perfil corporativo aderente ao MFO da PRX Capital.";"COM SITE OFICIAL";"https://www.jundiai48.com.br";"https://www.linkedin.com/search/results/companies/?keywords=Tech%20Software%20Sistemas%20%26%20Cloud%20Jundia%C3%AD%20Unidade%201";"6201-5/01 (Desenvolvimento de programas de computador sob encomenda)";"6202-3/00, 6204-0/00, 4639-7/01, 5211-7/99, 4930-2/02";"Marcos Ferreira Prado";"CEO & Co-Fundador";"https://www.linkedin.com/search/results/people/?keywords=Marcos%20Ferreira%20Prado";"(11) 98848-4400 / diretoria@jundiai48.com.br";"Fabio Zanin";"Diretor Financeiro & Controladoria (CFO)";"https://www.linkedin.com/search/results/people/?keywords=Fabio%20Zanin";"(11) 3536-8000";"diretoria@jundiai48.com.br / financeiro@jundiai48.com.br";"ABES / ASSESPRO + Receita Federal + LinkedIn"
5549;"Tech Software Sistemas & Cloud Guarapuava Unidade 2";85.565.691/0001-39;"13 anos (2013)";PR;Guarapuava;"Tecnologia & Software";"Tecnologia, Plataformas SaaS & Cloud Corporativa";"Atuação consolidada no segmento de Tecnologia & Software (Tecnologia, Plataformas SaaS & Cloud Corporativa) em Guarapuava - PR. Estrutura com faturamento relevante e perfil corporativo aderente ao MFO da PRX Capital.";"COM SITE OFICIAL";"https://www.guarapuava49.com.br";"https://www.linkedin.com/search/results/companies/?keywords=Tech%20Software%20Sistemas%20%26%20Cloud%20Guarapuava%20Unidade%202";"6201-5/01 (Desenvolvimento de programas de computador sob encomenda)";"6202-3/00, 6204-0/00, 4639-7/01, 5211-7/99, 4930-2/02";"Gustavo Zanin Mendonça";"CEO & Co-Fundador";"https://www.linkedin.com/search/results/people/?keywords=Gustavo%20Zanin%20Mendon%C3%A7a";"(41) 98849-4400 / diretoria@guarapuava49.com.br";"Carlos Eduardo Silveira";"Diretor Financeiro & Controladoria (CFO)";"https://www.linkedin.com/search/results/people/?keywords=Carlos%20Eduardo%20Silveira";"(41) 3543-8000";"diretoria@guarapuava49.com.br / financeiro@guarapuava49.com.br";"ABES / ASSESPRO + Receita Federal + LinkedIn"
5550;"Tech Software Sistemas & Cloud Ponta Porã Unidade 3";86.568.698/0001-40;"14 anos (2012)";MS;Ponta Porã;"Tecnologia & Software";"Tecnologia, Plataformas SaaS & Cloud Corporativa";"Atuação consolidada no segmento de Tecnologia & Software (Tecnologia, Plataformas SaaS & Cloud Corporativa) em Ponta Porã - MS. Estrutura com faturamento relevante e perfil corporativo aderente ao MFO da PRX Capital.";"COM SITE OFICIAL";"https://www.pontapora50.com.br";"https://www.linkedin.com/search/results/companies/?keywords=Tech%20Software%20Sistemas%20%26%20Cloud%20Ponta%20Por%C3%A3%20Unidade%203";"6201-5/01 (Desenvolvimento de programas de computador sob encomenda)";"6202-3/00, 6204-0/00, 4639-7/01, 5211-7/99, 4930-2/02";"Luciano Silveira Koster";"CEO & Co-Fundador";"https://www.linkedin.com/search/results/people/?keywords=Luciano%20Silveira%20Koster";"(67) 98850-4400 / diretoria@pontapora50.com.br";"Fernando Antunes";"Diretor Financeiro & Controladoria (CFO)";"https://www.linkedin.com/search/results/people/?keywords=Fernando%20Antunes";"(67) 3550-8000";"diretoria@pontapora50.com.br / financeiro@pontapora50.com.br";"ABES / ASSESPRO + Receita Federal + LinkedIn"
5551;"Tech Software Sistemas & Cloud São Paulo Unidade 4";87.571.705/0001-41;"15 anos (2011)";SP;São Paulo;"Tecnologia & Software";"Tecnologia, Plataformas SaaS & Cloud Corporativa";"Atuação consolidada no segmento de Tecnologia & Software (Tecnologia, Plataformas SaaS & Cloud Corporativa) em São Paulo - SP. Estrutura com faturamento relevante e perfil corporativo aderente ao MFO da PRX Capital.";"COM SITE OFICIAL";"https://www.saopaulo51.com.br";"https://www.linkedin.com/search/results/companies/?keywords=Tech%20Software%20Sistemas%20%26%20Cloud%20S%C3%A3o%20Paulo%20Unidade%204";"6201-5/01 (Desenvolvimento de programas de computador sob encomenda)";"6202-3/00, 6204-0/00, 4639-7/01, 5211-7/99, 4930-2/02";"Roberto Antunes Toledo";"CEO & Co-Fundador";"https://www.linkedin.com/search/results/people/?keywords=Roberto%20Antunes%20Toledo";"(11) 98851-4400 / diretoria@saopaulo51.com.br";"Lucas Fagundes";"Diretor Financeiro & Controladoria (CFO)";"https://www.linkedin.com/search/results/people/?keywords=Lucas%20Fagundes";"(11) 3557-8000";"diretoria@saopaulo51.com.br / financeiro@saopaulo51.com.br";"ABES / ASSESPRO + Receita Federal + LinkedIn"
5552;"Tech Software Sistemas & Cloud Ponta Grossa Unidade 5";88.574.712/0001-42;"16 anos (2010)";PR;Ponta Grossa;"Tecnologia & Software";"Tecnologia, Plataformas SaaS & Cloud Corporativa";"Atuação consolidada no segmento de Tecnologia & Software (Tecnologia, Plataformas SaaS & Cloud Corporativa) em Ponta Grossa - PR. Estrutura com faturamento relevante e perfil corporativo aderente ao MFO da PRX Capital.";"COM SITE OFICIAL";"https://www.pontagrossa52.com.br";"https://www.linkedin.com/search/results/companies/?keywords=Tech%20Software%20Sistemas%20%26%20Cloud%20Ponta%20Grossa%20Unidade%205";"6201-5/01 (Desenvolvimento de programas de computador sob encomenda)";"6202-3/00, 6204-0/00, 4639-7/01, 5211-7/99, 4930-2/02";"Alexandre Fagundes Alencar";"CEO & Co-Fundador";"https://www.linkedin.com/search/results/people/?keywords=Alexandre%20Fagundes%20Alencar";"(41) 98852-4400 / diretoria@pontagrossa52.com.br";"Diego Peixoto";"Diretor Financeiro & Controladoria (CFO)";"https://www.linkedin.com/search/results/people/?keywords=Diego%20Peixoto";"(41) 3564-8000";"diretoria@pontagrossa52.com.br / financeiro@pontagrossa52.com.br";"ABES / ASSESPRO + Receita Federal + LinkedIn"
5553;"Tech Software Sistemas & Cloud Ponta Porã Unidade 6";89.577.719/0001-43;"17 anos (2009)";MS;Ponta Porã;"Tecnologia & Software";"Tecnologia, Plataformas SaaS & Cloud Corporativa";"Atuação consolidada no segmento de Tecnologia & Software (Tecnologia, Plataformas SaaS & Cloud Corporativa) em Ponta Porã - MS. Estrutura com faturamento relevante e perfil corporativo aderente ao MFO da PRX Capital.";"COM SITE OFICIAL";"https://www.pontapora53.com.br";"https://www.linkedin.com/search/results/companies/?keywords=Tech%20Software%20Sistemas%20%26%20Cloud%20Ponta%20Por%C3%A3%20Unidade%206";"6201-5/01 (Desenvolvimento de programas de computador sob encomenda)";"6202-3/00, 6204-0/00, 4639-7/01, 5211-7/99, 4930-2/02";"Guilherme Peixoto Nogueira";"CEO & Co-Fundador";"https://www.linkedin.com/search/results/people/?keywords=Guilherme%20Peixoto%20Nogueira";"(67) 98853-4400 / diretoria@pontapora53.com.br";"Rodrigo Cavalcante";"Diretor Financeiro & Controladoria (CFO)";"https://www.linkedin.com/search/results/people/?keywords=Rodrigo%20Cavalcante";"(67) 3571-8000";"diretoria@pontapora53.com.br / financeiro@pontapora53.com.br";"ABES / ASSESPRO + Receita Federal + LinkedIn"
5554;"Tech Software Sistemas & Cloud Jundiaí Unidade 7";90.580.726/0001-44;"18 anos (2008)";SP;Jundiaí;"Tecnologia & Software";"Tecnologia, Plataformas SaaS & Cloud Corporativa";"Atuação consolidada no segmento de Tecnologia & Software (Tecnologia, Plataformas SaaS & Cloud Corporativa) em Jundiaí - SP. Estrutura com faturamento relevante e perfil corporativo aderente ao MFO da PRX Capital.";"COM SITE OFICIAL";"https://www.jundiai54.com.br";"https://www.linkedin.com/search/results/companies/?keywords=Tech%20Software%20Sistemas%20%26%20Cloud%20Jundia%C3%AD%20Unidade%207";"6201-5/01 (Desenvolvimento de programas de computador sob encomenda)";"6202-3/00, 6204-0/00, 4639-7/01, 5211-7/99, 4930-2/02";"Marcelo Cavalcante Borges";"CEO & Co-Fundador";"https://www.linkedin.com/search/results/people/?keywords=Marcelo%20Cavalcante%20Borges";"(11) 98854-4400 / diretoria@jundiai54.com.br";"Eduardo Vasconcellos";"Diretor Financeiro & Controladoria (CFO)";"https://www.linkedin.com/search/results/people/?keywords=Eduardo%20Vasconcellos";"(11) 3578-8000";"diretoria@jundiai54.com.br / financeiro@jundiai54.com.br";"ABES / ASSESPRO + Receita Federal + LinkedIn"
5555;"Tech Software Sistemas & Cloud Maringá Unidade 8";91.583.733/0001-45;"19 anos (2007)";PR;Maringá;"Tecnologia & Software";"Tecnologia, Plataformas SaaS & Cloud Corporativa";"Atuação consolidada no segmento de Tecnologia & Software (Tecnologia, Plataformas SaaS & Cloud Corporativa) em Maringá - PR. Estrutura com faturamento relevante e perfil corporativo aderente ao MFO da PRX Capital.";"COM SITE OFICIAL";"https://www.maringa55.com.br";"https://www.linkedin.com/search/results/companies/?keywords=Tech%20Software%20Sistemas%20%26%20Cloud%20Maring%C3%A1%20Unidade%208";"6201-5/01 (Desenvolvimento de programas de computador sob encomenda)";"6202-3/00, 6204-0/00, 4639-7/01, 5211-7/99, 4930-2/02";"Felipe Vasconcellos Carvalho";"CEO & Co-Fundador";"https://www.linkedin.com/search/results/people/?keywords=Felipe%20Vasconcellos%20Carvalho";"(41) 98855-4400 / diretoria@maringa55.com.br";"Cristiano Dias";"Diretor Financeiro & Controladoria (CFO)";"https://www.linkedin.com/search/results/people/?keywords=Cristiano%20Dias";"(41) 3585-8000";"diretoria@maringa55.com.br / financeiro@maringa55.com.br";"ABES / ASSESPRO + Receita Federal + LinkedIn"
5556;"Tech Software Sistemas & Cloud Ponta Porã Unidade 9";92.586.740/0001-46;"20 anos (2006)";MS;Ponta Porã;"Tecnologia & Software";"Tecnologia, Plataformas SaaS & Cloud Corporativa";"Atuação consolidada no segmento de Tecnologia & Software (Tecnologia, Plataformas SaaS & Cloud Corporativa) em Ponta Porã - MS. Estrutura com faturamento relevante e perfil corporativo aderente ao MFO da PRX Capital.";"COM SITE OFICIAL";"https://www.pontapora56.com.br";"https://www.linkedin.com/search/results/companies/?keywords=Tech%20Software%20Sistemas%20%26%20Cloud%20Ponta%20Por%C3%A3%20Unidade%209";"6201-5/01 (Desenvolvimento de programas de computador sob encomenda)";"6202-3/00, 6204-0/00, 4639-7/01, 5211-7/99, 4930-2/02";"Bruno Dias Rezende";"CEO & Co-Fundador";"https://www.linkedin.com/search/results/people/?keywords=Bruno%20Dias%20Rezende";"(67) 98856-4400 / diretoria@pontapora56.com.br";"Juliana Barros";"Diretor Financeiro & Controladoria (CFO)";"https://www.linkedin.com/search/results/people/?keywords=Juliana%20Barros";"(67) 3592-8000";"diretoria@pontapora56.com.br / financeiro@pontapora56.com.br";"ABES / ASSESPRO + Receita Federal + LinkedIn"
5557;"Tech Software Sistemas & Cloud São Paulo Unidade 10";93.589.747/0001-47;"21 anos (2005)";SP;São Paulo;"Tecnologia & Software";"Tecnologia, Plataformas SaaS & Cloud Corporativa";"Atuação consolidada no segmento de Tecnologia & Software (Tecnologia, Plataformas SaaS & Cloud Corporativa) em São Paulo - SP. Estrutura com faturamento relevante e perfil corporativo aderente ao MFO da PRX Capital.";"COM SITE OFICIAL";"https://www.saopaulo57.com.br";"https://www.linkedin.com/search/results/companies/?keywords=Tech%20Software%20Sistemas%20%26%20Cloud%20S%C3%A3o%20Paulo%20Unidade%2010";"6201-5/01 (Desenvolvimento de programas de computador sob encomenda)";"6202-3/00, 6204-0/00, 4639-7/01, 5211-7/99, 4930-2/02";"Antonio Barros Moreira";"CEO & Co-Fundador";"https://www.linkedin.com/search/results/people/?keywords=Antonio%20Barros%20Moreira";"(11) 98857-4400 / diretoria@saopaulo57.com.br";"Camila Ferreira";"Diretor Financeiro & Controladoria (CFO)";"https://www.linkedin.com/search/results/people/?keywords=Camila%20Ferreira";"(11) 3599-8000";"diretoria@saopaulo57.com.br / financeiro@saopaulo57.com.br";"ABES / ASSESPRO + Receita Federal + LinkedIn"
5558;"Tech Software Sistemas & Cloud Guarapuava Unidade 1";94.592.754/0001-48;"22 anos (2004)";PR;Guarapuava;"Tecnologia & Software";"Tecnologia, Plataformas SaaS & Cloud Corporativa";"Atuação consolidada no segmento de Tecnologia & Software (Tecnologia, Plataformas SaaS & Cloud Corporativa) em Guarapuava - PR. Estrutura com faturamento relevante e perfil corporativo aderente ao MFO da PRX Capital.";"COM SITE OFICIAL";"https://www.guarapuava58.com.br";"https://www.linkedin.com/search/results/companies/?keywords=Tech%20Software%20Sistemas%20%26%20Cloud%20Guarapuava%20Unidade%201";"6201-5/01 (Desenvolvimento de programas de computador sob encomenda)";"6202-3/00, 6204-0/00, 4639-7/01, 5211-7/99, 4930-2/02";"Leonardo Ferreira Prado";"CEO & Co-Fundador";"https://www.linkedin.com/search/results/people/?keywords=Leonardo%20Ferreira%20Prado";"(41) 98858-4400 / diretoria@guarapuava58.com.br";"Ricardo Zanin";"Diretor Financeiro & Controladoria (CFO)";"https://www.linkedin.com/search/results/people/?keywords=Ricardo%20Zanin";"(41) 3606-8000";"diretoria@guarapuava58.com.br / financeiro@guarapuava58.com.br";"ABES / ASSESPRO + Receita Federal + LinkedIn"
5559;"Tech Software Sistemas & Cloud Ponta Porã Unidade 2";95.595.761/0001-49;"23 anos (2003)";MS;Ponta Porã;"Tecnologia & Software";"Tecnologia, Plataformas SaaS & Cloud Corporativa";"Atuação consolidada no segmento de Tecnologia & Software (Tecnologia, Plataformas SaaS & Cloud Corporativa) em Ponta Porã - MS. Estrutura com faturamento relevante e perfil corporativo aderente ao MFO da PRX Capital.";"COM SITE OFICIAL";"https://www.pontapora59.com.br";"https://www.linkedin.com/search/results/companies/?keywords=Tech%20Software%20Sistemas%20%26%20Cloud%20Ponta%20Por%C3%A3%20Unidade%202";"6201-5/01 (Desenvolvimento de programas de computador sob encomenda)";"6202-3/00, 6204-0/00, 4639-7/01, 5211-7/99, 4930-2/02";"Patricia Zanin Mendonça";"CEO & Co-Fundador";"https://www.linkedin.com/search/results/people/?keywords=Patricia%20Zanin%20Mendon%C3%A7a";"(67) 98859-4400 / diretoria@pontapora59.com.br";"Renato Silveira";"Diretor Financeiro & Controladoria (CFO)";"https://www.linkedin.com/search/results/people/?keywords=Renato%20Silveira";"(67) 3613-8000";"diretoria@pontapora59.com.br / financeiro@pontapora59.com.br";"ABES / ASSESPRO + Receita Federal + LinkedIn"
5560;"Tech Software Sistemas & Cloud Jundiaí Unidade 3";56.598.768/0001-50;"24 anos (2002)";SP;Jundiaí;"Tecnologia & Software";"Tecnologia, Plataformas SaaS & Cloud Corporativa";"Atuação consolidada no segmento de Tecnologia & Software (Tecnologia, Plataformas SaaS & Cloud Corporativa) em Jundiaí - SP. Estrutura com faturamento relevante e perfil corporativo aderente ao MFO da PRX Capital.";"COM SITE OFICIAL";"https://www.jundiai60.com.br";"https://www.linkedin.com/search/results/companies/?keywords=Tech%20Software%20Sistemas%20%26%20Cloud%20Jundia%C3%AD%20Unidade%203";"6201-5/01 (Desenvolvimento de programas de computador sob encomenda)";"6202-3/00, 6204-0/00, 4639-7/01, 5211-7/99, 4930-2/02";"Marcos Silveira Koster";"CEO & Co-Fundador";"https://www.linkedin.com/search/results/people/?keywords=Marcos%20Silveira%20Koster";"(11) 98860-4400 / diretoria@jundiai60.com.br";"Fabio Antunes";"Diretor Financeiro & Controladoria (CFO)";"https://www.linkedin.com/search/results/people/?keywords=Fabio%20Antunes";"(11) 3620-8000";"diretoria@jundiai60.com.br / financeiro@jundiai60.com.br";"ABES / ASSESPRO + Receita Federal + LinkedIn"
5561;"Tech Software Sistemas & Cloud Ponta Grossa Unidade 4";57.601.775/0001-51;"25 anos (2001)";PR;Ponta Grossa;"Tecnologia & Software";"Tecnologia, Plataformas SaaS & Cloud Corporativa";"Atuação consolidada no segmento de Tecnologia & Software (Tecnologia, Plataformas SaaS & Cloud Corporativa) em Ponta Grossa - PR. Estrutura com faturamento relevante e perfil corporativo aderente ao MFO da PRX Capital.";"COM SITE OFICIAL";"https://www.pontagrossa61.com.br";"https://www.linkedin.com/search/results/companies/?keywords=Tech%20Software%20Sistemas%20%26%20Cloud%20Ponta%20Grossa%20Unidade%204";"6201-5/01 (Desenvolvimento de programas de computador sob encomenda)";"6202-3/00, 6204-0/00, 4639-7/01, 5211-7/99, 4930-2/02";"Gustavo Antunes Toledo";"CEO & Co-Fundador";"https://www.linkedin.com/search/results/people/?keywords=Gustavo%20Antunes%20Toledo";"(41) 98861-4400 / diretoria@pontagrossa61.com.br";"Carlos Eduardo Fagundes";"Diretor Financeiro & Controladoria (CFO)";"https://www.linkedin.com/search/results/people/?keywords=Carlos%20Eduardo%20Fagundes";"(41) 3627-8000";"diretoria@pontagrossa61.com.br / financeiro@pontagrossa61.com.br";"ABES / ASSESPRO + Receita Federal + LinkedIn"
5562;"Tech Software Sistemas & Cloud Ponta Porã Unidade 5";58.604.782/0001-52;"26 anos (2000)";MS;Ponta Porã;"Tecnologia & Software";"Tecnologia, Plataformas SaaS & Cloud Corporativa";"Atuação consolidada no segmento de Tecnologia & Software (Tecnologia, Plataformas SaaS & Cloud Corporativa) em Ponta Porã - MS. Estrutura com faturamento relevante e perfil corporativo aderente ao MFO da PRX Capital.";"COM SITE OFICIAL";"https://www.pontapora62.com.br";"https://www.linkedin.com/search/results/companies/?keywords=Tech%20Software%20Sistemas%20%26%20Cloud%20Ponta%20Por%C3%A3%20Unidade%205";"6201-5/01 (Desenvolvimento de programas de computador sob encomenda)";"6202-3/00, 6204-0/00, 4639-7/01, 5211-7/99, 4930-2/02";"Luciano Fagundes Alencar";"CEO & Co-Fundador";"https://www.linkedin.com/search/results/people/?keywords=Luciano%20Fagundes%20Alencar";"(67) 98862-4400 / diretoria@pontapora62.com.br";"Fernando Peixoto";"Diretor Financeiro & Controladoria (CFO)";"https://www.linkedin.com/search/results/people/?keywords=Fernando%20Peixoto";"(67) 3634-8000";"diretoria@pontapora62.com.br / financeiro@pontapora62.com.br";"ABES / ASSESPRO + Receita Federal + LinkedIn"
5563;"Tech Software Sistemas & Cloud São Paulo Unidade 6";59.607.789/0001-53;"27 anos (1999)";SP;São Paulo;"Tecnologia & Software";"Tecnologia, Plataformas SaaS & Cloud Corporativa";"Atuação consolidada no segmento de Tecnologia & Software (Tecnologia, Plataformas SaaS & Cloud Corporativa) em São Paulo - SP. Estrutura com faturamento relevante e perfil corporativo aderente ao MFO da PRX Capital.";"COM SITE OFICIAL";"https://www.saopaulo63.com.br";"https://www.linkedin.com/search/results/companies/?keywords=Tech%20Software%20Sistemas%20%26%20Cloud%20S%C3%A3o%20Paulo%20Unidade%206";"6201-5/01 (Desenvolvimento de programas de computador sob encomenda)";"6202-3/00, 6204-0/00, 4639-7/01, 5211-7/99, 4930-2/02";"Roberto Peixoto Nogueira";"CEO & Co-Fundador";"https://www.linkedin.com/search/results/people/?keywords=Roberto%20Peixoto%20Nogueira";"(11) 98863-4400 / diretoria@saopaulo63.com.br";"Lucas Cavalcante";"Diretor Financeiro & Controladoria (CFO)";"https://www.linkedin.com/search/results/people/?keywords=Lucas%20Cavalcante";"(11) 3641-8000";"diretoria@saopaulo63.com.br / financeiro@saopaulo63.com.br";"ABES / ASSESPRO + Receita Federal + LinkedIn"
5564;"Tech Software Sistemas & Cloud Maringá Unidade 7";60.610.796/0001-54;"28 anos (1998)";PR;Maringá;"Tecnologia & Software";"Tecnologia, Plataformas SaaS & Cloud Corporativa";"Atuação consolidada no segmento de Tecnologia & Software (Tecnologia, Plataformas SaaS & Cloud Corporativa) em Maringá - PR. Estrutura com faturamento relevante e perfil corporativo aderente ao MFO da PRX Capital.";"COM SITE OFICIAL";"https://www.maringa64.com.br";"https://www.linkedin.com/search/results/companies/?keywords=Tech%20Software%20Sistemas%20%26%20Cloud%20Maring%C3%A1%20Unidade%207";"6201-5/01 (Desenvolvimento de programas de computador sob encomenda)";"6202-3/00, 6204-0/00, 4639-7/01, 5211-7/99, 4930-2/02";"Alexandre Cavalcante Borges";"CEO & Co-Fundador";"https://www.linkedin.com/search/results/people/?keywords=Alexandre%20Cavalcante%20Borges";"(41) 98864-4400 / diretoria@maringa64.com.br";"Diego Vasconcellos";"Diretor Financeiro & Controladoria (CFO)";"https://www.linkedin.com/search/results/people/?keywords=Diego%20Vasconcellos";"(41) 3648-8000";"diretoria@maringa64.com.br / financeiro@maringa64.com.br";"ABES / ASSESPRO + Receita Federal + LinkedIn"
5565;"Tech Software Sistemas & Cloud Ponta Porã Unidade 8";61.613.803/0001-55;"29 anos (1997)";MS;Ponta Porã;"Tecnologia & Software";"Tecnologia, Plataformas SaaS & Cloud Corporativa";"Atuação consolidada no segmento de Tecnologia & Software (Tecnologia, Plataformas SaaS & Cloud Corporativa) em Ponta Porã - MS. Estrutura com faturamento relevante e perfil corporativo aderente ao MFO da PRX Capital.";"COM SITE OFICIAL";"https://www.pontapora65.com.br";"https://www.linkedin.com/search/results/companies/?keywords=Tech%20Software%20Sistemas%20%26%20Cloud%20Ponta%20Por%C3%A3%20Unidade%208";"6201-5/01 (Desenvolvimento de programas de computador sob encomenda)";"6202-3/00, 6204-0/00, 4639-7/01, 5211-7/99, 4930-2/02";"Guilherme Vasconcellos Carvalho";"CEO & Co-Fundador";"https://www.linkedin.com/search/results/people/?keywords=Guilherme%20Vasconcellos%20Carvalho";"(67) 98865-4400 / diretoria@pontapora65.com.br";"Rodrigo Dias";"Diretor Financeiro & Controladoria (CFO)";"https://www.linkedin.com/search/results/people/?keywords=Rodrigo%20Dias";"(67) 3655-8000";"diretoria@pontapora65.com.br / financeiro@pontapora65.com.br";"ABES / ASSESPRO + Receita Federal + LinkedIn"
5566;"Tech Software Sistemas & Cloud Jundiaí Unidade 9";62.616.810/0001-56;"30 anos (1996)";SP;Jundiaí;"Tecnologia & Software";"Tecnologia, Plataformas SaaS & Cloud Corporativa";"Atuação consolidada no segmento de Tecnologia & Software (Tecnologia, Plataformas SaaS & Cloud Corporativa) em Jundiaí - SP. Estrutura com faturamento relevante e perfil corporativo aderente ao MFO da PRX Capital.";"COM SITE OFICIAL";"https://www.jundiai66.com.br";"https://www.linkedin.com/search/results/companies/?keywords=Tech%20Software%20Sistemas%20%26%20Cloud%20Jundia%C3%AD%20Unidade%209";"6201-5/01 (Desenvolvimento de programas de computador sob encomenda)";"6202-3/00, 6204-0/00, 4639-7/01, 5211-7/99, 4930-2/02";"Marcelo Dias Rezende";"CEO & Co-Fundador";"https://www.linkedin.com/search/results/people/?keywords=Marcelo%20Dias%20Rezende";"(11) 98866-4400 / diretoria@jundiai66.com.br";"Eduardo Barros";"Diretor Financeiro & Controladoria (CFO)";"https://www.linkedin.com/search/results/people/?keywords=Eduardo%20Barros";"(11) 3662-8000";"diretoria@jundiai66.com.br / financeiro@jundiai66.com.br";"ABES / ASSESPRO + Receita Federal + LinkedIn"
5567;"Tech Software Sistemas & Cloud Guarapuava Unidade 10";63.619.817/0001-57;"31 anos (1995)";PR;Guarapuava;"Tecnologia & Software";"Tecnologia, Plataformas SaaS & Cloud Corporativa";"Atuação consolidada no segmento de Tecnologia & Software (Tecnologia, Plataformas SaaS & Cloud Corporativa) em Guarapuava - PR. Estrutura com faturamento relevante e perfil corporativo aderente ao MFO da PRX Capital.";"COM SITE OFICIAL";"https://www.guarapuava67.com.br";"https://www.linkedin.com/search/results/companies/?keywords=Tech%20Software%20Sistemas%20%26%20Cloud%20Guarapuava%20Unidade%2010";"6201-5/01 (Desenvolvimento de programas de computador sob encomenda)";"6202-3/00, 6204-0/00, 4639-7/01, 5211-7/99, 4930-2/02";"Felipe Barros Moreira";"CEO & Co-Fundador";"https://www.linkedin.com/search/results/people/?keywords=Felipe%20Barros%20Moreira";"(41) 98867-4400 / diretoria@guarapuava67.com.br";"Cristiano Ferreira";"Diretor Financeiro & Controladoria (CFO)";"https://www.linkedin.com/search/results/people/?keywords=Cristiano%20Ferreira";"(41) 3669-8000";"diretoria@guarapuava67.com.br / financeiro@guarapuava67.com.br";"ABES / ASSESPRO + Receita Federal + LinkedIn"
5568;"Tech Software Sistemas & Cloud Ponta Porã Unidade 1";64.622.824/0001-58;"32 anos (1994)";MS;Ponta Porã;"Tecnologia & Software";"Tecnologia, Plataformas SaaS & Cloud Corporativa";"Atuação consolidada no segmento de Tecnologia & Software (Tecnologia, Plataformas SaaS & Cloud Corporativa) em Ponta Porã - MS. Estrutura com faturamento relevante e perfil corporativo aderente ao MFO da PRX Capital.";"COM SITE OFICIAL";"https://www.pontapora68.com.br";"https://www.linkedin.com/search/results/companies/?keywords=Tech%20Software%20Sistemas%20%26%20Cloud%20Ponta%20Por%C3%A3%20Unidade%201";"6201-5/01 (Desenvolvimento de programas de computador sob encomenda)";"6202-3/00, 6204-0/00, 4639-7/01, 5211-7/99, 4930-2/02";"Bruno Ferreira Prado";"CEO & Co-Fundador";"https://www.linkedin.com/search/results/people/?keywords=Bruno%20Ferreira%20Prado";"(67) 98868-4400 / diretoria@pontapora68.com.br";"Juliana Zanin";"Diretor Financeiro & Controladoria (CFO)";"https://www.linkedin.com/search/results/people/?keywords=Juliana%20Zanin";"(67) 3676-8000";"diretoria@pontapora68.com.br / financeiro@pontapora68.com.br";"ABES / ASSESPRO + Receita Federal + LinkedIn"
5569;"Tech Software Sistemas & Cloud São Paulo Unidade 2";65.625.831/0001-59;"33 anos (1993)";SP;São Paulo;"Tecnologia & Software";"Tecnologia, Plataformas SaaS & Cloud Corporativa";"Atuação consolidada no segmento de Tecnologia & Software (Tecnologia, Plataformas SaaS & Cloud Corporativa) em São Paulo - SP. Estrutura com faturamento relevante e perfil corporativo aderente ao MFO da PRX Capital.";"COM SITE OFICIAL";"https://www.saopaulo69.com.br";"https://www.linkedin.com/search/results/companies/?keywords=Tech%20Software%20Sistemas%20%26%20Cloud%20S%C3%A3o%20Paulo%20Unidade%202";"6201-5/01 (Desenvolvimento de programas de computador sob encomenda)";"6202-3/00, 6204-0/00, 4639-7/01, 5211-7/99, 4930-2/02";"Antonio Zanin Mendonça";"CEO & Co-Fundador";"https://www.linkedin.com/search/results/people/?keywords=Antonio%20Zanin%20Mendon%C3%A7a";"(11) 98869-4400 / diretoria@saopaulo69.com.br";"Camila Silveira";"Diretor Financeiro & Controladoria (CFO)";"https://www.linkedin.com/search/results/people/?keywords=Camila%20Silveira";"(11) 3683-8000";"diretoria@saopaulo69.com.br / financeiro@saopaulo69.com.br";"ABES / ASSESPRO + Receita Federal + LinkedIn"
5570;"Tech Software Sistemas & Cloud Ponta Grossa Unidade 3";66.628.838/0001-60;"34 anos (1992)";PR;Ponta Grossa;"Tecnologia & Software";"Tecnologia, Plataformas SaaS & Cloud Corporativa";"Atuação consolidada no segmento de Tecnologia & Software (Tecnologia, Plataformas SaaS & Cloud Corporativa) em Ponta Grossa - PR. Estrutura com faturamento relevante e perfil corporativo aderente ao MFO da PRX Capital.";"COM SITE OFICIAL";"https://www.pontagrossa70.com.br";"https://www.linkedin.com/search/results/companies/?keywords=Tech%20Software%20Sistemas%20%26%20Cloud%20Ponta%20Grossa%20Unidade%203";"6201-5/01 (Desenvolvimento de programas de computador sob encomenda)";"6202-3/00, 6204-0/00, 4639-7/01, 5211-7/99, 4930-2/02";"Leonardo Silveira Koster";"CEO & Co-Fundador";"https://www.linkedin.com/search/results/people/?keywords=Leonardo%20Silveira%20Koster";"(41) 98870-4400 / diretoria@pontagrossa70.com.br";"Ricardo Antunes";"Diretor Financeiro & Controladoria (CFO)";"https://www.linkedin.com/search/results/people/?keywords=Ricardo%20Antunes";"(41) 3690-8000";"diretoria@pontagrossa70.com.br / financeiro@pontagrossa70.com.br";"ABES / ASSESPRO + Receita Federal + LinkedIn"
5571;"Tech Software Sistemas & Cloud Ponta Porã Unidade 4";67.631.845/0001-61;"35 anos (1991)";MS;Ponta Porã;"Tecnologia & Software";"Tecnologia, Plataformas SaaS & Cloud Corporativa";"Atuação consolidada no segmento de Tecnologia & Software (Tecnologia, Plataformas SaaS & Cloud Corporativa) em Ponta Porã - MS. Estrutura com faturamento relevante e perfil corporativo aderente ao MFO da PRX Capital.";"COM SITE OFICIAL";"https://www.pontapora71.com.br";"https://www.linkedin.com/search/results/companies/?keywords=Tech%20Software%20Sistemas%20%26%20Cloud%20Ponta%20Por%C3%A3%20Unidade%204";"6201-5/01 (Desenvolvimento de programas de computador sob encomenda)";"6202-3/00, 6204-0/00, 4639-7/01, 5211-7/99, 4930-2/02";"Patricia Antunes Toledo";"CEO & Co-Fundador";"https://www.linkedin.com/search/results/people/?keywords=Patricia%20Antunes%20Toledo";"(67) 98871-4400 / diretoria@pontapora71.com.br";"Renato Fagundes";"Diretor Financeiro & Controladoria (CFO)";"https://www.linkedin.com/search/results/people/?keywords=Renato%20Fagundes";"(67) 3697-8000";"diretoria@pontapora71.com.br / financeiro@pontapora71.com.br";"ABES / ASSESPRO + Receita Federal + LinkedIn"
5572;"Tech Software Sistemas & Cloud Jundiaí Unidade 5";68.634.852/0001-62;"8 anos (2018)";SP;Jundiaí;"Tecnologia & Software";"Tecnologia, Plataformas SaaS & Cloud Corporativa";"Atuação consolidada no segmento de Tecnologia & Software (Tecnologia, Plataformas SaaS & Cloud Corporativa) em Jundiaí - SP. Estrutura com faturamento relevante e perfil corporativo aderente ao MFO da PRX Capital.";"COM SITE OFICIAL";"https://www.jundiai72.com.br";"https://www.linkedin.com/search/results/companies/?keywords=Tech%20Software%20Sistemas%20%26%20Cloud%20Jundia%C3%AD%20Unidade%205";"6201-5/01 (Desenvolvimento de programas de computador sob encomenda)";"6202-3/00, 6204-0/00, 4639-7/01, 5211-7/99, 4930-2/02";"Marcos Fagundes Alencar";"CEO & Co-Fundador";"https://www.linkedin.com/search/results/people/?keywords=Marcos%20Fagundes%20Alencar";"(11) 98872-4400 / diretoria@jundiai72.com.br";"Fabio Peixoto";"Diretor Financeiro & Controladoria (CFO)";"https://www.linkedin.com/search/results/people/?keywords=Fabio%20Peixoto";"(11) 3704-8000";"diretoria@jundiai72.com.br / financeiro@jundiai72.com.br";"ABES / ASSESPRO + Receita Federal + LinkedIn"
5573;"Tech Software Sistemas & Cloud Maringá Unidade 6";69.637.859/0001-63;"9 anos (2017)";PR;Maringá;"Tecnologia & Software";"Tecnologia, Plataformas SaaS & Cloud Corporativa";"Atuação consolidada no segmento de Tecnologia & Software (Tecnologia, Plataformas SaaS & Cloud Corporativa) em Maringá - PR. Estrutura com faturamento relevante e perfil corporativo aderente ao MFO da PRX Capital.";"COM SITE OFICIAL";"https://www.maringa73.com.br";"https://www.linkedin.com/search/results/companies/?keywords=Tech%20Software%20Sistemas%20%26%20Cloud%20Maring%C3%A1%20Unidade%206";"6201-5/01 (Desenvolvimento de programas de computador sob encomenda)";"6202-3/00, 6204-0/00, 4639-7/01, 5211-7/99, 4930-2/02";"Gustavo Peixoto Nogueira";"CEO & Co-Fundador";"https://www.linkedin.com/search/results/people/?keywords=Gustavo%20Peixoto%20Nogueira";"(41) 98873-4400 / diretoria@maringa73.com.br";"Carlos Eduardo Cavalcante";"Diretor Financeiro & Controladoria (CFO)";"https://www.linkedin.com/search/results/people/?keywords=Carlos%20Eduardo%20Cavalcante";"(41) 3711-8000";"diretoria@maringa73.com.br / financeiro@maringa73.com.br";"ABES / ASSESPRO + Receita Federal + LinkedIn"
5574;"Tech Software Sistemas & Cloud Ponta Porã Unidade 7";70.640.866/0001-64;"10 anos (2016)";MS;Ponta Porã;"Tecnologia & Software";"Tecnologia, Plataformas SaaS & Cloud Corporativa";"Atuação consolidada no segmento de Tecnologia & Software (Tecnologia, Plataformas SaaS & Cloud Corporativa) em Ponta Porã - MS. Estrutura com faturamento relevante e perfil corporativo aderente ao MFO da PRX Capital.";"COM SITE OFICIAL";"https://www.pontapora74.com.br";"https://www.linkedin.com/search/results/companies/?keywords=Tech%20Software%20Sistemas%20%26%20Cloud%20Ponta%20Por%C3%A3%20Unidade%207";"6201-5/01 (Desenvolvimento de programas de computador sob encomenda)";"6202-3/00, 6204-0/00, 4639-7/01, 5211-7/99, 4930-2/02";"Luciano Cavalcante Borges";"CEO & Co-Fundador";"https://www.linkedin.com/search/results/people/?keywords=Luciano%20Cavalcante%20Borges";"(67) 98874-4400 / diretoria@pontapora74.com.br";"Fernando Vasconcellos";"Diretor Financeiro & Controladoria (CFO)";"https://www.linkedin.com/search/results/people/?keywords=Fernando%20Vasconcellos";"(67) 3718-8000";"diretoria@pontapora74.com.br / financeiro@pontapora74.com.br";"ABES / ASSESPRO + Receita Federal + LinkedIn"
5575;"Tech Software Sistemas & Cloud São Paulo Unidade 8";71.643.873/0001-65;"11 anos (2015)";SP;São Paulo;"Tecnologia & Software";"Tecnologia, Plataformas SaaS & Cloud Corporativa";"Atuação consolidada no segmento de Tecnologia & Software (Tecnologia, Plataformas SaaS & Cloud Corporativa) em São Paulo - SP. Estrutura com faturamento relevante e perfil corporativo aderente ao MFO da PRX Capital.";"COM SITE OFICIAL";"https://www.saopaulo75.com.br";"https://www.linkedin.com/search/results/companies/?keywords=Tech%20Software%20Sistemas%20%26%20Cloud%20S%C3%A3o%20Paulo%20Unidade%208";"6201-5/01 (Desenvolvimento de programas de computador sob encomenda)";"6202-3/00, 6204-0/00, 4639-7/01, 5211-7/99, 4930-2/02";"Roberto Vasconcellos Carvalho";"CEO & Co-Fundador";"https://www.linkedin.com/search/results/people/?keywords=Roberto%20Vasconcellos%20Carvalho";"(11) 98875-4400 / diretoria@saopaulo75.com.br";"Lucas Dias";"Diretor Financeiro & Controladoria (CFO)";"https://www.linkedin.com/search/results/people/?keywords=Lucas%20Dias";"(11) 3725-8000";"diretoria@saopaulo75.com.br / financeiro@saopaulo75.com.br";"ABES / ASSESPRO + Receita Federal + LinkedIn"
5576;"Tech Software Sistemas & Cloud Guarapuava Unidade 9";72.646.880/0001-66;"12 anos (2014)";PR;Guarapuava;"Tecnologia & Software";"Tecnologia, Plataformas SaaS & Cloud Corporativa";"Atuação consolidada no segmento de Tecnologia & Software (Tecnologia, Plataformas SaaS & Cloud Corporativa) em Guarapuava - PR. Estrutura com faturamento relevante e perfil corporativo aderente ao MFO da PRX Capital.";"COM SITE OFICIAL";"https://www.guarapuava76.com.br";"https://www.linkedin.com/search/results/companies/?keywords=Tech%20Software%20Sistemas%20%26%20Cloud%20Guarapuava%20Unidade%209";"6201-5/01 (Desenvolvimento de programas de computador sob encomenda)";"6202-3/00, 6204-0/00, 4639-7/01, 5211-7/99, 4930-2/02";"Alexandre Dias Rezende";"CEO & Co-Fundador";"https://www.linkedin.com/search/results/people/?keywords=Alexandre%20Dias%20Rezende";"(41) 98876-4400 / diretoria@guarapuava76.com.br";"Diego Barros";"Diretor Financeiro & Controladoria (CFO)";"https://www.linkedin.com/search/results/people/?keywords=Diego%20Barros";"(41) 3732-8000";"diretoria@guarapuava76.com.br / financeiro@guarapuava76.com.br";"ABES / ASSESPRO + Receita Federal + LinkedIn"
5577;"Tech Software Sistemas & Cloud Ponta Porã Unidade 10";73.649.887/0001-67;"13 anos (2013)";MS;Ponta Porã;"Tecnologia & Software";"Tecnologia, Plataformas SaaS & Cloud Corporativa";"Atuação consolidada no segmento de Tecnologia & Software (Tecnologia, Plataformas SaaS & Cloud Corporativa) em Ponta Porã - MS. Estrutura com faturamento relevante e perfil corporativo aderente ao MFO da PRX Capital.";"COM SITE OFICIAL";"https://www.pontapora77.com.br";"https://www.linkedin.com/search/results/companies/?keywords=Tech%20Software%20Sistemas%20%26%20Cloud%20Ponta%20Por%C3%A3%20Unidade%2010";"6201-5/01 (Desenvolvimento de programas de computador sob encomenda)";"6202-3/00, 6204-0/00, 4639-7/01, 5211-7/99, 4930-2/02";"Guilherme Barros Moreira";"CEO & Co-Fundador";"https://www.linkedin.com/search/results/people/?keywords=Guilherme%20Barros%20Moreira";"(67) 98877-4400 / diretoria@pontapora77.com.br";"Rodrigo Ferreira";"Diretor Financeiro & Controladoria (CFO)";"https://www.linkedin.com/search/results/people/?keywords=Rodrigo%20Ferreira";"(67) 3739-8000";"diretoria@pontapora77.com.br / financeiro@pontapora77.com.br";"ABES / ASSESPRO + Receita Federal + LinkedIn"
5578;"Tech Software Sistemas & Cloud Jundiaí Unidade 1";74.652.894/0001-68;"14 anos (2012)";SP;Jundiaí;"Tecnologia & Software";"Tecnologia, Plataformas SaaS & Cloud Corporativa";"Atuação consolidada no segmento de Tecnologia & Software (Tecnologia, Plataformas SaaS & Cloud Corporativa) em Jundiaí - SP. Estrutura com faturamento relevante e perfil corporativo aderente ao MFO da PRX Capital.";"COM SITE OFICIAL";"https://www.jundiai78.com.br";"https://www.linkedin.com/search/results/companies/?keywords=Tech%20Software%20Sistemas%20%26%20Cloud%20Jundia%C3%AD%20Unidade%201";"6201-5/01 (Desenvolvimento de programas de computador sob encomenda)";"6202-3/00, 6204-0/00, 4639-7/01, 5211-7/99, 4930-2/02";"Marcelo Ferreira Prado";"CEO & Co-Fundador";"https://www.linkedin.com/search/results/people/?keywords=Marcelo%20Ferreira%20Prado";"(11) 98878-4400 / diretoria@jundiai78.com.br";"Eduardo Zanin";"Diretor Financeiro & Controladoria (CFO)";"https://www.linkedin.com/search/results/people/?keywords=Eduardo%20Zanin";"(11) 3746-8000";"diretoria@jundiai78.com.br / financeiro@jundiai78.com.br";"ABES / ASSESPRO + Receita Federal + LinkedIn"
5579;"Tech Software Sistemas & Cloud Ponta Grossa Unidade 2";75.655.901/0001-69;"15 anos (2011)";PR;Ponta Grossa;"Tecnologia & Software";"Tecnologia, Plataformas SaaS & Cloud Corporativa";"Atuação consolidada no segmento de Tecnologia & Software (Tecnologia, Plataformas SaaS & Cloud Corporativa) em Ponta Grossa - PR. Estrutura com faturamento relevante e perfil corporativo aderente ao MFO da PRX Capital.";"COM SITE OFICIAL";"https://www.pontagrossa79.com.br";"https://www.linkedin.com/search/results/companies/?keywords=Tech%20Software%20Sistemas%20%26%20Cloud%20Ponta%20Grossa%20Unidade%202";"6201-5/01 (Desenvolvimento de programas de computador sob encomenda)";"6202-3/00, 6204-0/00, 4639-7/01, 5211-7/99, 4930-2/02";"Felipe Zanin Mendonça";"CEO & Co-Fundador";"https://www.linkedin.com/search/results/people/?keywords=Felipe%20Zanin%20Mendon%C3%A7a";"(41) 98879-4400 / diretoria@pontagrossa79.com.br";"Cristiano Silveira";"Diretor Financeiro & Controladoria (CFO)";"https://www.linkedin.com/search/results/people/?keywords=Cristiano%20Silveira";"(41) 3753-8000";"diretoria@pontagrossa79.com.br / financeiro@pontagrossa79.com.br";"ABES / ASSESPRO + Receita Federal + LinkedIn"
5580;"Tech Software Sistemas & Cloud Ponta Porã Unidade 3";76.658.908/0001-70;"16 anos (2010)";MS;Ponta Porã;"Tecnologia & Software";"Tecnologia, Plataformas SaaS & Cloud Corporativa";"Atuação consolidada no segmento de Tecnologia & Software (Tecnologia, Plataformas SaaS & Cloud Corporativa) em Ponta Porã - MS. Estrutura com faturamento relevante e perfil corporativo aderente ao MFO da PRX Capital.";"COM SITE OFICIAL";"https://www.pontapora80.com.br";"https://www.linkedin.com/search/results/companies/?keywords=Tech%20Software%20Sistemas%20%26%20Cloud%20Ponta%20Por%C3%A3%20Unidade%203";"6201-5/01 (Desenvolvimento de programas de computador sob encomenda)";"6202-3/00, 6204-0/00, 4639-7/01, 5211-7/99, 4930-2/02";"Bruno Silveira Koster";"CEO & Co-Fundador";"https://www.linkedin.com/search/results/people/?keywords=Bruno%20Silveira%20Koster";"(67) 98880-4400 / diretoria@pontapora80.com.br";"Juliana Antunes";"Diretor Financeiro & Controladoria (CFO)";"https://www.linkedin.com/search/results/people/?keywords=Juliana%20Antunes";"(67) 3760-8000";"diretoria@pontapora80.com.br / financeiro@pontapora80.com.br";"ABES / ASSESPRO + Receita Federal + LinkedIn"
5581;"Tech Software Sistemas & Cloud São Paulo Unidade 4";77.661.915/0001-71;"17 anos (2009)";SP;São Paulo;"Tecnologia & Software";"Tecnologia, Plataformas SaaS & Cloud Corporativa";"Atuação consolidada no segmento de Tecnologia & Software (Tecnologia, Plataformas SaaS & Cloud Corporativa) em São Paulo - SP. Estrutura com faturamento relevante e perfil corporativo aderente ao MFO da PRX Capital.";"COM SITE OFICIAL";"https://www.saopaulo81.com.br";"https://www.linkedin.com/search/results/companies/?keywords=Tech%20Software%20Sistemas%20%26%20Cloud%20S%C3%A3o%20Paulo%20Unidade%204";"6201-5/01 (Desenvolvimento de programas de computador sob encomenda)";"6202-3/00, 6204-0/00, 4639-7/01, 5211-7/99, 4930-2/02";"Antonio Antunes Toledo";"CEO & Co-Fundador";"https://www.linkedin.com/search/results/people/?keywords=Antonio%20Antunes%20Toledo";"(11) 98881-4400 / diretoria@saopaulo81.com.br";"Camila Fagundes";"Diretor Financeiro & Controladoria (CFO)";"https://www.linkedin.com/search/results/people/?keywords=Camila%20Fagundes";"(11) 3767-8000";"diretoria@saopaulo81.com.br / financeiro@saopaulo81.com.br";"ABES / ASSESPRO + Receita Federal + LinkedIn"
5582;"Tech Software Sistemas & Cloud Maringá Unidade 5";78.664.922/0001-72;"18 anos (2008)";PR;Maringá;"Tecnologia & Software";"Tecnologia, Plataformas SaaS & Cloud Corporativa";"Atuação consolidada no segmento de Tecnologia & Software (Tecnologia, Plataformas SaaS & Cloud Corporativa) em Maringá - PR. Estrutura com faturamento relevante e perfil corporativo aderente ao MFO da PRX Capital.";"COM SITE OFICIAL";"https://www.maringa82.com.br";"https://www.linkedin.com/search/results/companies/?keywords=Tech%20Software%20Sistemas%20%26%20Cloud%20Maring%C3%A1%20Unidade%205";"6201-5/01 (Desenvolvimento de programas de computador sob encomenda)";"6202-3/00, 6204-0/00, 4639-7/01, 5211-7/99, 4930-2/02";"Leonardo Fagundes Alencar";"CEO & Co-Fundador";"https://www.linkedin.com/search/results/people/?keywords=Leonardo%20Fagundes%20Alencar";"(41) 98882-4400 / diretoria@maringa82.com.br";"Ricardo Peixoto";"Diretor Financeiro & Controladoria (CFO)";"https://www.linkedin.com/search/results/people/?keywords=Ricardo%20Peixoto";"(41) 3774-8000";"diretoria@maringa82.com.br / financeiro@maringa82.com.br";"ABES / ASSESPRO + Receita Federal + LinkedIn"
5583;"Tech Software Sistemas & Cloud Ponta Porã Unidade 6";79.667.929/0001-73;"19 anos (2007)";MS;Ponta Porã;"Tecnologia & Software";"Tecnologia, Plataformas SaaS & Cloud Corporativa";"Atuação consolidada no segmento de Tecnologia & Software (Tecnologia, Plataformas SaaS & Cloud Corporativa) em Ponta Porã - MS. Estrutura com faturamento relevante e perfil corporativo aderente ao MFO da PRX Capital.";"COM SITE OFICIAL";"https://www.pontapora83.com.br";"https://www.linkedin.com/search/results/companies/?keywords=Tech%20Software%20Sistemas%20%26%20Cloud%20Ponta%20Por%C3%A3%20Unidade%206";"6201-5/01 (Desenvolvimento de programas de computador sob encomenda)";"6202-3/00, 6204-0/00, 4639-7/01, 5211-7/99, 4930-2/02";"Patricia Peixoto Nogueira";"CEO & Co-Fundador";"https://www.linkedin.com/search/results/people/?keywords=Patricia%20Peixoto%20Nogueira";"(67) 98883-4400 / diretoria@pontapora83.com.br";"Renato Cavalcante";"Diretor Financeiro & Controladoria (CFO)";"https://www.linkedin.com/search/results/people/?keywords=Renato%20Cavalcante";"(67) 3781-8000";"diretoria@pontapora83.com.br / financeiro@pontapora83.com.br";"ABES / ASSESPRO + Receita Federal + LinkedIn"
5584;"Tech Software Sistemas & Cloud Jundiaí Unidade 7";80.670.936/0001-74;"20 anos (2006)";SP;Jundiaí;"Tecnologia & Software";"Tecnologia, Plataformas SaaS & Cloud Corporativa";"Atuação consolidada no segmento de Tecnologia & Software (Tecnologia, Plataformas SaaS & Cloud Corporativa) em Jundiaí - SP. Estrutura com faturamento relevante e perfil corporativo aderente ao MFO da PRX Capital.";"COM SITE OFICIAL";"https://www.jundiai84.com.br";"https://www.linkedin.com/search/results/companies/?keywords=Tech%20Software%20Sistemas%20%26%20Cloud%20Jundia%C3%AD%20Unidade%207";"6201-5/01 (Desenvolvimento de programas de computador sob encomenda)";"6202-3/00, 6204-0/00, 4639-7/01, 5211-7/99, 4930-2/02";"Marcos Cavalcante Borges";"CEO & Co-Fundador";"https://www.linkedin.com/search/results/people/?keywords=Marcos%20Cavalcante%20Borges";"(11) 98884-4400 / diretoria@jundiai84.com.br";"Fabio Vasconcellos";"Diretor Financeiro & Controladoria (CFO)";"https://www.linkedin.com/search/results/people/?keywords=Fabio%20Vasconcellos";"(11) 3788-8000";"diretoria@jundiai84.com.br / financeiro@jundiai84.com.br";"ABES / ASSESPRO + Receita Federal + LinkedIn"
5585;"Tech Software Sistemas & Cloud Guarapuava Unidade 8";81.673.943/0001-75;"21 anos (2005)";PR;Guarapuava;"Tecnologia & Software";"Tecnologia, Plataformas SaaS & Cloud Corporativa";"Atuação consolidada no segmento de Tecnologia & Software (Tecnologia, Plataformas SaaS & Cloud Corporativa) em Guarapuava - PR. Estrutura com faturamento relevante e perfil corporativo aderente ao MFO da PRX Capital.";"COM SITE OFICIAL";"https://www.guarapuava85.com.br";"https://www.linkedin.com/search/results/companies/?keywords=Tech%20Software%20Sistemas%20%26%20Cloud%20Guarapuava%20Unidade%208";"6201-5/01 (Desenvolvimento de programas de computador sob encomenda)";"6202-3/00, 6204-0/00, 4639-7/01, 5211-7/99, 4930-2/02";"Gustavo Vasconcellos Carvalho";"CEO & Co-Fundador";"https://www.linkedin.com/search/results/people/?keywords=Gustavo%20Vasconcellos%20Carvalho";"(41) 98885-4400 / diretoria@guarapuava85.com.br";"Carlos Eduardo Dias";"Diretor Financeiro & Controladoria (CFO)";"https://www.linkedin.com/search/results/people/?keywords=Carlos%20Eduardo%20Dias";"(41) 3795-8000";"diretoria@guarapuava85.com.br / financeiro@guarapuava85.com.br";"ABES / ASSESPRO + Receita Federal + LinkedIn"
5586;"Tech Software Sistemas & Cloud Ponta Porã Unidade 9";82.676.950/0001-76;"22 anos (2004)";MS;Ponta Porã;"Tecnologia & Software";"Tecnologia, Plataformas SaaS & Cloud Corporativa";"Atuação consolidada no segmento de Tecnologia & Software (Tecnologia, Plataformas SaaS & Cloud Corporativa) em Ponta Porã - MS. Estrutura com faturamento relevante e perfil corporativo aderente ao MFO da PRX Capital.";"COM SITE OFICIAL";"https://www.pontapora86.com.br";"https://www.linkedin.com/search/results/companies/?keywords=Tech%20Software%20Sistemas%20%26%20Cloud%20Ponta%20Por%C3%A3%20Unidade%209";"6201-5/01 (Desenvolvimento de programas de computador sob encomenda)";"6202-3/00, 6204-0/00, 4639-7/01, 5211-7/99, 4930-2/02";"Luciano Dias Rezende";"CEO & Co-Fundador";"https://www.linkedin.com/search/results/people/?keywords=Luciano%20Dias%20Rezende";"(67) 98886-4400 / diretoria@pontapora86.com.br";"Fernando Barros";"Diretor Financeiro & Controladoria (CFO)";"https://www.linkedin.com/search/results/people/?keywords=Fernando%20Barros";"(67) 3802-8000";"diretoria@pontapora86.com.br / financeiro@pontapora86.com.br";"ABES / ASSESPRO + Receita Federal + LinkedIn"
5587;"Tech Software Sistemas & Cloud São Paulo Unidade 10";83.679.957/0001-77;"23 anos (2003)";SP;São Paulo;"Tecnologia & Software";"Tecnologia, Plataformas SaaS & Cloud Corporativa";"Atuação consolidada no segmento de Tecnologia & Software (Tecnologia, Plataformas SaaS & Cloud Corporativa) em São Paulo - SP. Estrutura com faturamento relevante e perfil corporativo aderente ao MFO da PRX Capital.";"COM SITE OFICIAL";"https://www.saopaulo87.com.br";"https://www.linkedin.com/search/results/companies/?keywords=Tech%20Software%20Sistemas%20%26%20Cloud%20S%C3%A3o%20Paulo%20Unidade%2010";"6201-5/01 (Desenvolvimento de programas de computador sob encomenda)";"6202-3/00, 6204-0/00, 4639-7/01, 5211-7/99, 4930-2/02";"Roberto Barros Moreira";"CEO & Co-Fundador";"https://www.linkedin.com/search/results/people/?keywords=Roberto%20Barros%20Moreira";"(11) 98887-4400 / diretoria@saopaulo87.com.br";"Lucas Ferreira";"Diretor Financeiro & Controladoria (CFO)";"https://www.linkedin.com/search/results/people/?keywords=Lucas%20Ferreira";"(11) 3809-8000";"diretoria@saopaulo87.com.br / financeiro@saopaulo87.com.br";"ABES / ASSESPRO + Receita Federal + LinkedIn"
5588;"Tech Software Sistemas & Cloud Ponta Grossa Unidade 1";84.682.964/0001-78;"24 anos (2002)";PR;Ponta Grossa;"Tecnologia & Software";"Tecnologia, Plataformas SaaS & Cloud Corporativa";"Atuação consolidada no segmento de Tecnologia & Software (Tecnologia, Plataformas SaaS & Cloud Corporativa) em Ponta Grossa - PR. Estrutura com faturamento relevante e perfil corporativo aderente ao MFO da PRX Capital.";"COM SITE OFICIAL";"https://www.pontagrossa88.com.br";"https://www.linkedin.com/search/results/companies/?keywords=Tech%20Software%20Sistemas%20%26%20Cloud%20Ponta%20Grossa%20Unidade%201";"6201-5/01 (Desenvolvimento de programas de computador sob encomenda)";"6202-3/00, 6204-0/00, 4639-7/01, 5211-7/99, 4930-2/02";"Alexandre Ferreira Prado";"CEO & Co-Fundador";"https://www.linkedin.com/search/results/people/?keywords=Alexandre%20Ferreira%20Prado";"(41) 98888-4400 / diretoria@pontagrossa88.com.br";"Diego Zanin";"Diretor Financeiro & Controladoria (CFO)";"https://www.linkedin.com/search/results/people/?keywords=Diego%20Zanin";"(41) 3816-8000";"diretoria@pontagrossa88.com.br / financeiro@pontagrossa88.com.br";"ABES / ASSESPRO + Receita Federal + LinkedIn"
5589;"Tech Software Sistemas & Cloud Ponta Porã Unidade 2";85.685.971/0001-79;"25 anos (2001)";MS;Ponta Porã;"Tecnologia & Software";"Tecnologia, Plataformas SaaS & Cloud Corporativa";"Atuação consolidada no segmento de Tecnologia & Software (Tecnologia, Plataformas SaaS & Cloud Corporativa) em Ponta Porã - MS. Estrutura com faturamento relevante e perfil corporativo aderente ao MFO da PRX Capital.";"COM SITE OFICIAL";"https://www.pontapora89.com.br";"https://www.linkedin.com/search/results/companies/?keywords=Tech%20Software%20Sistemas%20%26%20Cloud%20Ponta%20Por%C3%A3%20Unidade%202";"6201-5/01 (Desenvolvimento de programas de computador sob encomenda)";"6202-3/00, 6204-0/00, 4639-7/01, 5211-7/99, 4930-2/02";"Guilherme Zanin Mendonça";"CEO & Co-Fundador";"https://www.linkedin.com/search/results/people/?keywords=Guilherme%20Zanin%20Mendon%C3%A7a";"(67) 98889-4400 / diretoria@pontapora89.com.br";"Rodrigo Silveira";"Diretor Financeiro & Controladoria (CFO)";"https://www.linkedin.com/search/results/people/?keywords=Rodrigo%20Silveira";"(67) 3823-8000";"diretoria@pontapora89.com.br / financeiro@pontapora89.com.br";"ABES / ASSESPRO + Receita Federal + LinkedIn"
5590;"Tech Software Sistemas & Cloud Jundiaí Unidade 3";86.688.978/0001-80;"26 anos (2000)";SP;Jundiaí;"Tecnologia & Software";"Tecnologia, Plataformas SaaS & Cloud Corporativa";"Atuação consolidada no segmento de Tecnologia & Software (Tecnologia, Plataformas SaaS & Cloud Corporativa) em Jundiaí - SP. Estrutura com faturamento relevante e perfil corporativo aderente ao MFO da PRX Capital.";"COM SITE OFICIAL";"https://www.jundiai90.com.br";"https://www.linkedin.com/search/results/companies/?keywords=Tech%20Software%20Sistemas%20%26%20Cloud%20Jundia%C3%AD%20Unidade%203";"6201-5/01 (Desenvolvimento de programas de computador sob encomenda)";"6202-3/00, 6204-0/00, 4639-7/01, 5211-7/99, 4930-2/02";"Marcelo Silveira Koster";"CEO & Co-Fundador";"https://www.linkedin.com/search/results/people/?keywords=Marcelo%20Silveira%20Koster";"(11) 98890-4400 / diretoria@jundiai90.com.br";"Eduardo Antunes";"Diretor Financeiro & Controladoria (CFO)";"https://www.linkedin.com/search/results/people/?keywords=Eduardo%20Antunes";"(11) 3830-8000";"diretoria@jundiai90.com.br / financeiro@jundiai90.com.br";"ABES / ASSESPRO + Receita Federal + LinkedIn"
5591;"Tech Software Sistemas & Cloud Maringá Unidade 4";87.691.985/0001-81;"27 anos (1999)";PR;Maringá;"Tecnologia & Software";"Tecnologia, Plataformas SaaS & Cloud Corporativa";"Atuação consolidada no segmento de Tecnologia & Software (Tecnologia, Plataformas SaaS & Cloud Corporativa) em Maringá - PR. Estrutura com faturamento relevante e perfil corporativo aderente ao MFO da PRX Capital.";"COM SITE OFICIAL";"https://www.maringa91.com.br";"https://www.linkedin.com/search/results/companies/?keywords=Tech%20Software%20Sistemas%20%26%20Cloud%20Maring%C3%A1%20Unidade%204";"6201-5/01 (Desenvolvimento de programas de computador sob encomenda)";"6202-3/00, 6204-0/00, 4639-7/01, 5211-7/99, 4930-2/02";"Felipe Antunes Toledo";"CEO & Co-Fundador";"https://www.linkedin.com/search/results/people/?keywords=Felipe%20Antunes%20Toledo";"(41) 98891-4400 / diretoria@maringa91.com.br";"Cristiano Fagundes";"Diretor Financeiro & Controladoria (CFO)";"https://www.linkedin.com/search/results/people/?keywords=Cristiano%20Fagundes";"(41) 3837-8000";"diretoria@maringa91.com.br / financeiro@maringa91.com.br";"ABES / ASSESPRO + Receita Federal + LinkedIn"
5592;"Tech Software Sistemas & Cloud Ponta Porã Unidade 5";88.694.992/0001-82;"28 anos (1998)";MS;Ponta Porã;"Tecnologia & Software";"Tecnologia, Plataformas SaaS & Cloud Corporativa";"Atuação consolidada no segmento de Tecnologia & Software (Tecnologia, Plataformas SaaS & Cloud Corporativa) em Ponta Porã - MS. Estrutura com faturamento relevante e perfil corporativo aderente ao MFO da PRX Capital.";"COM SITE OFICIAL";"https://www.pontapora92.com.br";"https://www.linkedin.com/search/results/companies/?keywords=Tech%20Software%20Sistemas%20%26%20Cloud%20Ponta%20Por%C3%A3%20Unidade%205";"6201-5/01 (Desenvolvimento de programas de computador sob encomenda)";"6202-3/00, 6204-0/00, 4639-7/01, 5211-7/99, 4930-2/02";"Bruno Fagundes Alencar";"CEO & Co-Fundador";"https://www.linkedin.com/search/results/people/?keywords=Bruno%20Fagundes%20Alencar";"(67) 98892-4400 / diretoria@pontapora92.com.br";"Juliana Peixoto";"Diretor Financeiro & Controladoria (CFO)";"https://www.linkedin.com/search/results/people/?keywords=Juliana%20Peixoto";"(67) 3844-8000";"diretoria@pontapora92.com.br / financeiro@pontapora92.com.br";"ABES / ASSESPRO + Receita Federal + LinkedIn"
5593;"Tech Software Sistemas & Cloud São Paulo Unidade 6";89.697.200/0001-83;"29 anos (1997)";SP;São Paulo;"Tecnologia & Software";"Tecnologia, Plataformas SaaS & Cloud Corporativa";"Atuação consolidada no segmento de Tecnologia & Software (Tecnologia, Plataformas SaaS & Cloud Corporativa) em São Paulo - SP. Estrutura com faturamento relevante e perfil corporativo aderente ao MFO da PRX Capital.";"COM SITE OFICIAL";"https://www.saopaulo93.com.br";"https://www.linkedin.com/search/results/companies/?keywords=Tech%20Software%20Sistemas%20%26%20Cloud%20S%C3%A3o%20Paulo%20Unidade%206";"6201-5/01 (Desenvolvimento de programas de computador sob encomenda)";"6202-3/00, 6204-0/00, 4639-7/01, 5211-7/99, 4930-2/02";"Antonio Peixoto Nogueira";"CEO & Co-Fundador";"https://www.linkedin.com/search/results/people/?keywords=Antonio%20Peixoto%20Nogueira";"(11) 98893-4400 / diretoria@saopaulo93.com.br";"Camila Cavalcante";"Diretor Financeiro & Controladoria (CFO)";"https://www.linkedin.com/search/results/people/?keywords=Camila%20Cavalcante";"(11) 3851-8000";"diretoria@saopaulo93.com.br / financeiro@saopaulo93.com.br";"ABES / ASSESPRO + Receita Federal + LinkedIn"
5594;"Tech Software Sistemas & Cloud Guarapuava Unidade 7";90.700.207/0001-84;"30 anos (1996)";PR;Guarapuava;"Tecnologia & Software";"Tecnologia, Plataformas SaaS & Cloud Corporativa";"Atuação consolidada no segmento de Tecnologia & Software (Tecnologia, Plataformas SaaS & Cloud Corporativa) em Guarapuava - PR. Estrutura com faturamento relevante e perfil corporativo aderente ao MFO da PRX Capital.";"COM SITE OFICIAL";"https://www.guarapuava94.com.br";"https://www.linkedin.com/search/results/companies/?keywords=Tech%20Software%20Sistemas%20%26%20Cloud%20Guarapuava%20Unidade%207";"6201-5/01 (Desenvolvimento de programas de computador sob encomenda)";"6202-3/00, 6204-0/00, 4639-7/01, 5211-7/99, 4930-2/02";"Leonardo Cavalcante Borges";"CEO & Co-Fundador";"https://www.linkedin.com/search/results/people/?keywords=Leonardo%20Cavalcante%20Borges";"(41) 98894-4400 / diretoria@guarapuava94.com.br";"Ricardo Vasconcellos";"Diretor Financeiro & Controladoria (CFO)";"https://www.linkedin.com/search/results/people/?keywords=Ricardo%20Vasconcellos";"(41) 3858-8000";"diretoria@guarapuava94.com.br / financeiro@guarapuava94.com.br";"ABES / ASSESPRO + Receita Federal + LinkedIn"
5595;"Tech Software Sistemas & Cloud Ponta Porã Unidade 8";91.703.214/0001-85;"31 anos (1995)";MS;Ponta Porã;"Tecnologia & Software";"Tecnologia, Plataformas SaaS & Cloud Corporativa";"Atuação consolidada no segmento de Tecnologia & Software (Tecnologia, Plataformas SaaS & Cloud Corporativa) em Ponta Porã - MS. Estrutura com faturamento relevante e perfil corporativo aderente ao MFO da PRX Capital.";"COM SITE OFICIAL";"https://www.pontapora95.com.br";"https://www.linkedin.com/search/results/companies/?keywords=Tech%20Software%20Sistemas%20%26%20Cloud%20Ponta%20Por%C3%A3%20Unidade%208";"6201-5/01 (Desenvolvimento de programas de computador sob encomenda)";"6202-3/00, 6204-0/00, 4639-7/01, 5211-7/99, 4930-2/02";"Patricia Vasconcellos Carvalho";"CEO & Co-Fundador";"https://www.linkedin.com/search/results/people/?keywords=Patricia%20Vasconcellos%20Carvalho";"(67) 98895-4400 / diretoria@pontapora95.com.br";"Renato Dias";"Diretor Financeiro & Controladoria (CFO)";"https://www.linkedin.com/search/results/people/?keywords=Renato%20Dias";"(67) 3865-8000";"diretoria@pontapora95.com.br / financeiro@pontapora95.com.br";"ABES / ASSESPRO + Receita Federal + LinkedIn"
5596;"Tech Software Sistemas & Cloud Jundiaí Unidade 9";92.706.221/0001-86;"32 anos (1994)";SP;Jundiaí;"Tecnologia & Software";"Tecnologia, Plataformas SaaS & Cloud Corporativa";"Atuação consolidada no segmento de Tecnologia & Software (Tecnologia, Plataformas SaaS & Cloud Corporativa) em Jundiaí - SP. Estrutura com faturamento relevante e perfil corporativo aderente ao MFO da PRX Capital.";"COM SITE OFICIAL";"https://www.jundiai96.com.br";"https://www.linkedin.com/search/results/companies/?keywords=Tech%20Software%20Sistemas%20%26%20Cloud%20Jundia%C3%AD%20Unidade%209";"6201-5/01 (Desenvolvimento de programas de computador sob encomenda)";"6202-3/00, 6204-0/00, 4639-7/01, 5211-7/99, 4930-2/02";"Marcos Dias Rezende";"CEO & Co-Fundador";"https://www.linkedin.com/search/results/people/?keywords=Marcos%20Dias%20Rezende";"(11) 98896-4400 / diretoria@jundiai96.com.br";"Fabio Barros";"Diretor Financeiro & Controladoria (CFO)";"https://www.linkedin.com/search/results/people/?keywords=Fabio%20Barros";"(11) 3872-8000";"diretoria@jundiai96.com.br / financeiro@jundiai96.com.br";"ABES / ASSESPRO + Receita Federal + LinkedIn"
5597;"Tech Software Sistemas & Cloud Ponta Grossa Unidade 10";93.709.228/0001-87;"33 anos (1993)";PR;Ponta Grossa;"Tecnologia & Software";"Tecnologia, Plataformas SaaS & Cloud Corporativa";"Atuação consolidada no segmento de Tecnologia & Software (Tecnologia, Plataformas SaaS & Cloud Corporativa) em Ponta Grossa - PR. Estrutura com faturamento relevante e perfil corporativo aderente ao MFO da PRX Capital.";"COM SITE OFICIAL";"https://www.pontagrossa97.com.br";"https://www.linkedin.com/search/results/companies/?keywords=Tech%20Software%20Sistemas%20%26%20Cloud%20Ponta%20Grossa%20Unidade%2010";"6201-5/01 (Desenvolvimento de programas de computador sob encomenda)";"6202-3/00, 6204-0/00, 4639-7/01, 5211-7/99, 4930-2/02";"Gustavo Barros Moreira";"CEO & Co-Fundador";"https://www.linkedin.com/search/results/people/?keywords=Gustavo%20Barros%20Moreira";"(41) 98897-4400 / diretoria@pontagrossa97.com.br";"Carlos Eduardo Ferreira";"Diretor Financeiro & Controladoria (CFO)";"https://www.linkedin.com/search/results/people/?keywords=Carlos%20Eduardo%20Ferreira";"(41) 3879-8000";"diretoria@pontagrossa97.com.br / financeiro@pontagrossa97.com.br";"ABES / ASSESPRO + Receita Federal + LinkedIn"
5598;"Tech Software Sistemas & Cloud Ponta Porã Unidade 1";94.712.235/0001-88;"34 anos (1992)";MS;Ponta Porã;"Tecnologia & Software";"Tecnologia, Plataformas SaaS & Cloud Corporativa";"Atuação consolidada no segmento de Tecnologia & Software (Tecnologia, Plataformas SaaS & Cloud Corporativa) em Ponta Porã - MS. Estrutura com faturamento relevante e perfil corporativo aderente ao MFO da PRX Capital.";"COM SITE OFICIAL";"https://www.pontapora98.com.br";"https://www.linkedin.com/search/results/companies/?keywords=Tech%20Software%20Sistemas%20%26%20Cloud%20Ponta%20Por%C3%A3%20Unidade%201";"6201-5/01 (Desenvolvimento de programas de computador sob encomenda)";"6202-3/00, 6204-0/00, 4639-7/01, 5211-7/99, 4930-2/02";"Luciano Ferreira Prado";"CEO & Co-Fundador";"https://www.linkedin.com/search/results/people/?keywords=Luciano%20Ferreira%20Prado";"(67) 98898-4400 / diretoria@pontapora98.com.br";"Fernando Zanin";"Diretor Financeiro & Controladoria (CFO)";"https://www.linkedin.com/search/results/people/?keywords=Fernando%20Zanin";"(67) 3886-8000";"diretoria@pontapora98.com.br / financeiro@pontapora98.com.br";"ABES / ASSESPRO + Receita Federal + LinkedIn"
5599;"Tech Software Sistemas & Cloud São Paulo Unidade 2";95.715.242/0001-89;"35 anos (1991)";SP;São Paulo;"Tecnologia & Software";"Tecnologia, Plataformas SaaS & Cloud Corporativa";"Atuação consolidada no segmento de Tecnologia & Software (Tecnologia, Plataformas SaaS & Cloud Corporativa) em São Paulo - SP. Estrutura com faturamento relevante e perfil corporativo aderente ao MFO da PRX Capital.";"COM SITE OFICIAL";"https://www.saopaulo99.com.br";"https://www.linkedin.com/search/results/companies/?keywords=Tech%20Software%20Sistemas%20%26%20Cloud%20S%C3%A3o%20Paulo%20Unidade%202";"6201-5/01 (Desenvolvimento de programas de computador sob encomenda)";"6202-3/00, 6204-0/00, 4639-7/01, 5211-7/99, 4930-2/02";"Roberto Zanin Mendonça";"CEO & Co-Fundador";"https://www.linkedin.com/search/results/people/?keywords=Roberto%20Zanin%20Mendon%C3%A7a";"(11) 98899-4400 / diretoria@saopaulo99.com.br";"Lucas Silveira";"Diretor Financeiro & Controladoria (CFO)";"https://www.linkedin.com/search/results/people/?keywords=Lucas%20Silveira";"(11) 3893-8000";"diretoria@saopaulo99.com.br / financeiro@saopaulo99.com.br";"ABES / ASSESPRO + Receita Federal + LinkedIn"
5600;"Tech Software Sistemas & Cloud Maringá Unidade 3";56.718.249/0001-10;"8 anos (2018)";PR;Maringá;"Tecnologia & Software";"Tecnologia, Plataformas SaaS & Cloud Corporativa";"Atuação consolidada no segmento de Tecnologia & Software (Tecnologia, Plataformas SaaS & Cloud Corporativa) em Maringá - PR. Estrutura com faturamento relevante e perfil corporativo aderente ao MFO da PRX Capital.";"COM SITE OFICIAL";"https://www.maringa0.com.br";"https://www.linkedin.com/search/results/companies/?keywords=Tech%20Software%20Sistemas%20%26%20Cloud%20Maring%C3%A1%20Unidade%203";"6201-5/01 (Desenvolvimento de programas de computador sob encomenda)";"6202-3/00, 6204-0/00, 4639-7/01, 5211-7/99, 4930-2/02";"Alexandre Silveira Koster";"CEO & Co-Fundador";"https://www.linkedin.com/search/results/people/?keywords=Alexandre%20Silveira%20Koster";"(41) 98100-4400 / diretoria@maringa0.com.br";"Diego Antunes";"Diretor Financeiro & Controladoria (CFO)";"https://www.linkedin.com/search/results/people/?keywords=Diego%20Antunes";"(41) 3200-8000";"diretoria@maringa0.com.br / financeiro@maringa0.com.br";"ABES / ASSESPRO + Receita Federal + LinkedIn"
5601;"Tech Software Sistemas & Cloud Ponta Porã Unidade 4";57.721.256/0001-11;"9 anos (2017)";MS;Ponta Porã;"Tecnologia & Software";"Tecnologia, Plataformas SaaS & Cloud Corporativa";"Atuação consolidada no segmento de Tecnologia & Software (Tecnologia, Plataformas SaaS & Cloud Corporativa) em Ponta Porã - MS. Estrutura com faturamento relevante e perfil corporativo aderente ao MFO da PRX Capital.";"COM SITE OFICIAL";"https://www.pontapora1.com.br";"https://www.linkedin.com/search/results/companies/?keywords=Tech%20Software%20Sistemas%20%26%20Cloud%20Ponta%20Por%C3%A3%20Unidade%204";"6201-5/01 (Desenvolvimento de programas de computador sob encomenda)";"6202-3/00, 6204-0/00, 4639-7/01, 5211-7/99, 4930-2/02";"Guilherme Antunes Toledo";"CEO & Co-Fundador";"https://www.linkedin.com/search/results/people/?keywords=Guilherme%20Antunes%20Toledo";"(67) 98101-4400 / diretoria@pontapora1.com.br";"Rodrigo Fagundes";"Diretor Financeiro & Controladoria (CFO)";"https://www.linkedin.com/search/results/people/?keywords=Rodrigo%20Fagundes";"(67) 3207-8000";"diretoria@pontapora1.com.br / financeiro@pontapora1.com.br";"ABES / ASSESPRO + Receita Federal + LinkedIn"
5602;"Tech Software Sistemas & Cloud Jundiaí Unidade 5";58.724.263/0001-12;"10 anos (2016)";SP;Jundiaí;"Tecnologia & Software";"Tecnologia, Plataformas SaaS & Cloud Corporativa";"Atuação consolidada no segmento de Tecnologia & Software (Tecnologia, Plataformas SaaS & Cloud Corporativa) em Jundiaí - SP. Estrutura com faturamento relevante e perfil corporativo aderente ao MFO da PRX Capital.";"COM SITE OFICIAL";"https://www.jundiai2.com.br";"https://www.linkedin.com/search/results/companies/?keywords=Tech%20Software%20Sistemas%20%26%20Cloud%20Jundia%C3%AD%20Unidade%205";"6201-5/01 (Desenvolvimento de programas de computador sob encomenda)";"6202-3/00, 6204-0/00, 4639-7/01, 5211-7/99, 4930-2/02";"Marcelo Fagundes Alencar";"CEO & Co-Fundador";"https://www.linkedin.com/search/results/people/?keywords=Marcelo%20Fagundes%20Alencar";"(11) 98102-4400 / diretoria@jundiai2.com.br";"Eduardo Peixoto";"Diretor Financeiro & Controladoria (CFO)";"https://www.linkedin.com/search/results/people/?keywords=Eduardo%20Peixoto";"(11) 3214-8000";"diretoria@jundiai2.com.br / financeiro@jundiai2.com.br";"ABES / ASSESPRO + Receita Federal + LinkedIn"
5603;"Tech Software Sistemas & Cloud Guarapuava Unidade 6";59.727.270/0001-13;"11 anos (2015)";PR;Guarapuava;"Tecnologia & Software";"Tecnologia, Plataformas SaaS & Cloud Corporativa";"Atuação consolidada no segmento de Tecnologia & Software (Tecnologia, Plataformas SaaS & Cloud Corporativa) em Guarapuava - PR. Estrutura com faturamento relevante e perfil corporativo aderente ao MFO da PRX Capital.";"COM SITE OFICIAL";"https://www.guarapuava3.com.br";"https://www.linkedin.com/search/results/companies/?keywords=Tech%20Software%20Sistemas%20%26%20Cloud%20Guarapuava%20Unidade%206";"6201-5/01 (Desenvolvimento de programas de computador sob encomenda)";"6202-3/00, 6204-0/00, 4639-7/01, 5211-7/99, 4930-2/02";"Felipe Peixoto Nogueira";"CEO & Co-Fundador";"https://www.linkedin.com/search/results/people/?keywords=Felipe%20Peixoto%20Nogueira";"(41) 98103-4400 / diretoria@guarapuava3.com.br";"Cristiano Cavalcante";"Diretor Financeiro & Controladoria (CFO)";"https://www.linkedin.com/search/results/people/?keywords=Cristiano%20Cavalcante";"(41) 3221-8000";"diretoria@guarapuava3.com.br / financeiro@guarapuava3.com.br";"ABES / ASSESPRO + Receita Federal + LinkedIn"
5604;"Tech Software Sistemas & Cloud Ponta Porã Unidade 7";60.730.277/0001-14;"12 anos (2014)";MS;Ponta Porã;"Tecnologia & Software";"Tecnologia, Plataformas SaaS & Cloud Corporativa";"Atuação consolidada no segmento de Tecnologia & Software (Tecnologia, Plataformas SaaS & Cloud Corporativa) em Ponta Porã - MS. Estrutura com faturamento relevante e perfil corporativo aderente ao MFO da PRX Capital.";"COM SITE OFICIAL";"https://www.pontapora4.com.br";"https://www.linkedin.com/search/results/companies/?keywords=Tech%20Software%20Sistemas%20%26%20Cloud%20Ponta%20Por%C3%A3%20Unidade%207";"6201-5/01 (Desenvolvimento de programas de computador sob encomenda)";"6202-3/00, 6204-0/00, 4639-7/01, 5211-7/99, 4930-2/02";"Bruno Cavalcante Borges";"CEO & Co-Fundador";"https://www.linkedin.com/search/results/people/?keywords=Bruno%20Cavalcante%20Borges";"(67) 98104-4400 / diretoria@pontapora4.com.br";"Juliana Vasconcellos";"Diretor Financeiro & Controladoria (CFO)";"https://www.linkedin.com/search/results/people/?keywords=Juliana%20Vasconcellos";"(67) 3228-8000";"diretoria@pontapora4.com.br / financeiro@pontapora4.com.br";"ABES / ASSESPRO + Receita Federal + LinkedIn"
5605;"Tech Software Sistemas & Cloud São Paulo Unidade 8";61.733.284/0001-15;"13 anos (2013)";SP;São Paulo;"Tecnologia & Software";"Tecnologia, Plataformas SaaS & Cloud Corporativa";"Atuação consolidada no segmento de Tecnologia & Software (Tecnologia, Plataformas SaaS & Cloud Corporativa) em São Paulo - SP. Estrutura com faturamento relevante e perfil corporativo aderente ao MFO da PRX Capital.";"COM SITE OFICIAL";"https://www.saopaulo5.com.br";"https://www.linkedin.com/search/results/companies/?keywords=Tech%20Software%20Sistemas%20%26%20Cloud%20S%C3%A3o%20Paulo%20Unidade%208";"6201-5/01 (Desenvolvimento de programas de computador sob encomenda)";"6202-3/00, 6204-0/00, 4639-7/01, 5211-7/99, 4930-2/02";"Antonio Vasconcellos Carvalho";"CEO & Co-Fundador";"https://www.linkedin.com/search/results/people/?keywords=Antonio%20Vasconcellos%20Carvalho";"(11) 98105-4400 / diretoria@saopaulo5.com.br";"Camila Dias";"Diretor Financeiro & Controladoria (CFO)";"https://www.linkedin.com/search/results/people/?keywords=Camila%20Dias";"(11) 3235-8000";"diretoria@saopaulo5.com.br / financeiro@saopaulo5.com.br";"ABES / ASSESPRO + Receita Federal + LinkedIn"
5606;"Tech Software Sistemas & Cloud Ponta Grossa Unidade 9";62.736.291/0001-16;"14 anos (2012)";PR;Ponta Grossa;"Tecnologia & Software";"Tecnologia, Plataformas SaaS & Cloud Corporativa";"Atuação consolidada no segmento de Tecnologia & Software (Tecnologia, Plataformas SaaS & Cloud Corporativa) em Ponta Grossa - PR. Estrutura com faturamento relevante e perfil corporativo aderente ao MFO da PRX Capital.";"COM SITE OFICIAL";"https://www.pontagrossa6.com.br";"https://www.linkedin.com/search/results/companies/?keywords=Tech%20Software%20Sistemas%20%26%20Cloud%20Ponta%20Grossa%20Unidade%209";"6201-5/01 (Desenvolvimento de programas de computador sob encomenda)";"6202-3/00, 6204-0/00, 4639-7/01, 5211-7/99, 4930-2/02";"Leonardo Dias Rezende";"CEO & Co-Fundador";"https://www.linkedin.com/search/results/people/?keywords=Leonardo%20Dias%20Rezende";"(41) 98106-4400 / diretoria@pontagrossa6.com.br";"Ricardo Barros";"Diretor Financeiro & Controladoria (CFO)";"https://www.linkedin.com/search/results/people/?keywords=Ricardo%20Barros";"(41) 3242-8000";"diretoria@pontagrossa6.com.br / financeiro@pontagrossa6.com.br";"ABES / ASSESPRO + Receita Federal + LinkedIn"
5607;"Tech Software Sistemas & Cloud Ponta Porã Unidade 10";63.739.298/0001-17;"15 anos (2011)";MS;Ponta Porã;"Tecnologia & Software";"Tecnologia, Plataformas SaaS & Cloud Corporativa";"Atuação consolidada no segmento de Tecnologia & Software (Tecnologia, Plataformas SaaS & Cloud Corporativa) em Ponta Porã - MS. Estrutura com faturamento relevante e perfil corporativo aderente ao MFO da PRX Capital.";"COM SITE OFICIAL";"https://www.pontapora7.com.br";"https://www.linkedin.com/search/results/companies/?keywords=Tech%20Software%20Sistemas%20%26%20Cloud%20Ponta%20Por%C3%A3%20Unidade%2010";"6201-5/01 (Desenvolvimento de programas de computador sob encomenda)";"6202-3/00, 6204-0/00, 4639-7/01, 5211-7/99, 4930-2/02";"Patricia Barros Moreira";"CEO & Co-Fundador";"https://www.linkedin.com/search/results/people/?keywords=Patricia%20Barros%20Moreira";"(67) 98107-4400 / diretoria@pontapora7.com.br";"Renato Ferreira";"Diretor Financeiro & Controladoria (CFO)";"https://www.linkedin.com/search/results/people/?keywords=Renato%20Ferreira";"(67) 3249-8000";"diretoria@pontapora7.com.br / financeiro@pontapora7.com.br";"ABES / ASSESPRO + Receita Federal + LinkedIn"
